asof,portfolio_id,event,side,symbol,shares,price,notional,commission,spread_bps_cost,theoretical_weight,theoretical_shares,nav,cash,theoretical_weights,final_weights
2005-01-03,traditional_60_40_ief,FILL,BUY,SPY,731.486062766234,82.02480273253629,60000.0,3.65743031383117,30.0,0.6,731.486062766234,,,,
2005-01-03,traditional_60_40_ief,PARTIAL_FILL,BUY,IEF,840.9130847362736,47.49737891529958,39941.16742055221,4.204565423681368,19.970583710276102,0.4,842.1517337057821,,,,
2005-01-03,traditional_60_40_ief,REBALANCE_SUMMARY,,,"{'SPY': 731.486062766234, 'IEF': 840.9130847362736}",,,,,,,99942.1674205522,1.0,"{'SPY': 0.6, 'IEF': 0.4}","{'IEF': 0.39964279794415053, 'SPY': 0.600347196269245}"
2005-02-01,traditional_60_40_ief,FILL,SELL,IEF,-17.37274199153478,47.923034044436335,832.55450590553,1.0,0.416277252952765,0.4,823.5403427447388,,,,
2005-02-01,traditional_60_40_ief,PARTIAL_FILL,BUY,SPY,10.410535195678777,79.79136758512828,830.6708405563207,1.0,0.4153354202781604,0.6,741.9327380286453,,,,
2005-02-01,traditional_60_40_ief,REBALANCE_SUMMARY,,,"{'SPY': 741.8965979619128, 'IEF': 823.5403427447388}",,,,,,,98663.54809313398,0.05205267597830243,"{'SPY': 0.6, 'IEF': 0.4}","{'IEF': 0.4000114798736837, 'SPY': 0.5999879925487359}"
2005-03-01,traditional_60_40_ief,FILL,SELL,SPY,-10.409361696825727,81.52548188929269,848.6282284936628,1.0,0.42431411424683135,0.6,731.4872362650871,,,,
2005-03-01,traditional_60_40_ief,PARTIAL_FILL,BUY,IEF,17.901357185025986,47.24466305731689,845.7435884752315,1.0,0.42287179423761573,0.4,841.5038591770609,,,,
2005-03-01,traditional_60_40_ief,REBALANCE_SUMMARY,,,"{'SPY': 731.4872362650871, 'IEF': 841.4416999297648}",,,,,,,99388.56853472174,0.08950678592520944,"{'SPY': 0.6, 'IEF': 0.4}","{'IEF': 0.39998191121617394, 'SPY': 0.6000171882095724}"
2005-04-01,traditional_60_40_ief,FILL,SELL,IEF,-7.106757801979711,47.238992840218586,335.71608092488714,1.0,0.16785804046244357,0.4,834.3349421277851,,,,
2005-04-01,traditional_60_40_ief,PARTIAL_FILL,BUY,SPY,4.1493431798052,80.3621786330994,333.4502578255382,1.0,0.1667251289127691,0.6,735.6658883800822,,,,
2005-04-01,traditional_60_40_ief,REBALANCE_SUMMARY,,,"{'SPY': 735.6365794448923, 'IEF': 834.3349421277851}",,,,,,,98530.52131062717,0.020746715898951607,"{'SPY': 0.6, 'IEF': 0.4}","{'IEF': 0.40000947760404937, 'SPY': 0.5999903118346381}"
2005-05-02,traditional_60_40_ief,FILL,SELL,IEF,-21.623486895798806,48.30426307712986,1044.5065996595356,1.0,0.5222532998297679,0.4,812.7114552319863,,,,
2005-05-02,traditional_60_40_ief,PARTIAL_FILL,BUY,SPY,13.244880843782537,78.62797497951495,1041.4181595915902,1.0,0.5207090797957952,0.6,748.9210032984579,,,,
2005-05-02,traditional_60_40_ief,REBALANCE_SUMMARY,,,"{'SPY': 748.8814602886748, 'IEF': 812.7114552319863}",,,,,,,98140.52688592767,0.06622440421870124,"{'SPY': 0.6, 'IEF': 0.4}","{'IEF': 0.40001240247011577, 'SPY': 0.5999869227382735}"
2005-06-01,traditional_60_40_ief,FILL,SELL,SPY,-2.954517767423795,80.96505673504404,239.2126986641632,1.0,0.11960634933208161,0.6,745.926942521251,,,,
2005-06-01,traditional_60_40_ief,PARTIAL_FILL,BUY,IEF,4.812840158045052,49.24675168153961,237.0167441461865,1.0,0.11850837207309325,0.4,817.570230986694,,,,
2005-06-01,traditional_60_40_ief,REBALANCE_SUMMARY,,,"{'SPY': 745.926942521251, 'IEF': 817.5242953900314}",,,,,,,100654.45725433034,0.02406420079023519,"{'SPY': 0.6, 'IEF': 0.4}","{'IEF': 0.3999864195479176, 'SPY': 0.6000133413747335}"
2005-07-01,traditional_60_40_ief,FILL,SELL,SPY,-0.8932909591669613,81.24421631382911,72.5747239177485,1.0,0.03628736195887425,0.6,745.0336515620841,,,,
2005-07-01,traditional_60_40_ief,PARTIAL_FILL,BUY,IEF,1.4312597061178052,49.27134056412606,70.52008441584135,1.0,0.03526004220792067,0.4,818.9977439970173,,,,
2005-07-01,traditional_60_40_ief,REBALANCE_SUMMARY,,,"{'SPY': 745.0336515620841, 'IEF': 818.9555550961492}",,,,,,,100880.72036691575,0.007156298530588856,"{'SPY': 0.6, 'IEF': 0.4}","{'IEF': 0.39998760828891305, 'SPY': 0.6000123207728689}"
2005-08-01,traditional_60_40_ief,FILL,SELL,SPY,-16.402532333356703,84.22329589803947,1381.4753341894614,1.0,0.6907376670947306,0.6,728.6311192287274,,,,
2005-08-01,traditional_60_40_ief,PARTIAL_FILL,BUY,IEF,28.54739915884906,48.26919706904586,1377.9600358071993,1.0,0.6889800179035996,0.4,847.575929462681,,,,
2005-08-01,traditional_60_40_ief,REBALANCE_SUMMARY,,,"{'SPY': 728.6311192287274, 'IEF': 847.5029542549983}",,,,,,,102276.14420784965,0.1427369957943938,"{'SPY': 0.6, 'IEF': 0.4}","{'IEF': 0.3999787773813376, 'SPY': 0.600019827014664}"
2005-09-01,traditional_60_40_ief,FILL,SELL,IEF,-15.342427816267673,49.24868470891621,755.5943901926724,1.0,0.37779719509633625,0.4,832.1605264387306,,,,
2005-09-01,traditional_60_40_ief,PARTIAL_FILL,BUY,SPY,9.03536827598497,83.33226287090726,752.9376843098356,1.0,0.3764688421549178,0.6,737.7000812507861,,,,
2005-09-01,traditional_60_40_ief,REBALANCE_SUMMARY,,,"{'SPY': 737.6664875047123, 'IEF': 832.1605264387306}",,,,,,,102454.27421842967,0.045176841379884536,"{'SPY': 0.6, 'IEF': 0.4}","{'IEF': 0.4000107531523044, 'SPY': 0.5999888059013152}"
2005-10-03,traditional_60_40_ief,FILL,SELL,SPY,-7.275338202546095,83.98758930925148,611.0381170413492,1.0,0.3055190585206746,0.6,730.3911493021662,,,,
2005-10-03,traditional_60_40_ief,PARTIAL_FILL,BUY,IEF,12.567908250270392,48.40986406030681,608.4107299179981,1.0,0.3042053649589991,0.4,844.7836417013857,,,,
2005-10-03,traditional_60_40_ief,REBALANCE_SUMMARY,,,"{'SPY': 730.3911493021662, 'IEF': 844.728434689001}",,,,,,,102237.04341341407,0.06283954125137825,"{'SPY': 0.6, 'IEF': 0.4}","{'IEF': 0.39998406962739774, 'SPY': 0.6000153157270769}"
2005-11-01,traditional_60_40_ief,FILL,SELL,IEF,-3.971321094484665,47.85092908997787,190.031404085719,1.0,0.0950157020428595,0.4,840.7571135945163,,,,
2005-11-01,traditional_60_40_ief,PARTIAL_FILL,BUY,SPY,2.281319674187325,82.36192258162828,187.8938743893619,1.0,0.09394693719468096,0.6,732.6991848320384,,,,
2005-11-01,traditional_60_40_ief,REBALANCE_SUMMARY,,,"{'SPY': 732.6724689763536, 'IEF': 840.7571135945163}",,,,,,,100575.33359862491,0.01140659837091107,"{'SPY': 0.6, 'IEF': 0.4}","{'IEF': 0.4000087057633753, 'SPY': 0.5999911808231468}"
2005-12-01,traditional_60_40_ief,FILL,SELL,SPY,-11.006809875948647,86.07767812786847,947.4406377165516,1.0,0.4737203188582758,0.6,721.6656591004049,,,,
2005-12-01,traditional_60_40_ief,PARTIAL_FILL,BUY,IEF,19.622131711265034,48.12973550629356,944.4080093328414,1.0,0.47220400466642065,0.4,860.4424917572749,,,,
2005-12-01,traditional_60_40_ief,REBALANCE_SUMMARY,,,"{'SPY': 721.6656591004049, 'IEF': 860.3792453057814}",,,,,,,103529.22794231097,0.09811065855649304,"{'SPY': 0.6, 'IEF': 0.4}","{'IEF': 0.39998197933772184, 'SPY': 0.6000170730008255}"
2006-01-03,traditional_60_40_ief,FILL,SELL,IEF,-6.050973685465351,48.63993605074679,294.3189731057863,1.0,0.14715948655289315,0.4,854.3282716203161,,,,
2006-01-03,traditional_60_40_ief,PARTIAL_FILL,BUY,SPY,3.3980126951064764,85.96403456484859,292.10688077392746,1.0,0.14605344038696375,0.6,725.0905458597886,,,,
2006-01-03,traditional_60_40_ief,REBALANCE_SUMMARY,,,"{'SPY': 725.0636717955114, 'IEF': 854.3282716203161}",,,,,,,103883.88803196605,0.016990063475532224,"{'SPY': 0.6, 'IEF': 0.4}","{'IEF': 0.400008829907969, 'SPY': 0.5999910065434404}"
2006-02-01,traditional_60_40_ief,FILL,SELL,SPY,-7.403657425767392,87.76999886581429,649.8190038624815,1.0,0.32490950193124074,0.6,717.660014369744,,,,
2006-02-01,traditional_60_40_ief,PARTIAL_FILL,BUY,IEF,13.372410681479572,48.39222167591991,647.1206620395988,1.0,0.32356033101979936,0.4,867.756793217813,,,,
2006-02-01,traditional_60_40_ief,REBALANCE_SUMMARY,,,"{'SPY': 717.660014369744, 'IEF': 867.7006823017956}",,,,,,,104979.04927562154,0.06686205340724882,"{'SPY': 0.6, 'IEF': 0.4}","{'IEF': 0.39998422595780214, 'SPY': 0.6000151371336542}"
2006-03-01,traditional_60_40_ief,FILL,SELL,SPY,-2.0796187085280735,88.30557758283905,183.64193120864934,1.0,0.09182096560432466,0.6,715.5803956612159,,,,
2006-03-01,traditional_60_40_ief,PARTIAL_FILL,BUY,IEF,3.7549755959315214,48.337849091026264,181.5074436966243,1.0,0.09075372184831215,0.4,871.5011988062869,,,,
2006-03-01,traditional_60_40_ief,REBALANCE_SUMMARY,,,"{'SPY': 715.5803956612159, 'IEF': 871.4556578977272}",,,,,,,105314.05100167949,0.01877487797966637,"{'SPY': 0.6, 'IEF': 0.4}","{'IEF': 0.3999873870611014, 'SPY': 0.6000124346637511}"
2006-04-03,traditional_60_40_ief,FILL,SELL,SPY,-8.77258747789972,89.6701718838799,786.6394270096404,1.0,0.3933197135048202,0.6,706.8078081833162,,,,
2006-04-03,traditional_60_40_ief,PARTIAL_FILL,BUY,IEF,16.4721046906722,47.58290704534782,783.7906263374931,1.0,0.39189531316874654,0.4,887.988027413064,,,,
2006-04-03,traditional_60_40_ief,REBALANCE_SUMMARY,,,"{'SPY': 706.8078081833162, 'IEF': 887.9277625883993}",,,,,,,105629.8441994173,0.08236052345330336,"{'SPY': 0.6, 'IEF': 0.4}","{'IEF': 0.39998339967693086, 'SPY': 0.6000158206142275}"
2006-05-01,traditional_60_40_ief,FILL,SELL,SPY,-4.811990467934606,90.63535232730656,436.13645145689384,1.0,0.21806822572844695,0.6,701.9958177153816,,,,
2006-05-01,traditional_60_40_ief,PARTIAL_FILL,BUY,IEF,9.173892434411085,47.279604419914406,433.73800528980166,1.0,0.21686900264490083,0.4,897.1541259925018,,,,
2006-05-01,traditional_60_40_ief,REBALANCE_SUMMARY,,,"{'SPY': 701.9958177153816, 'IEF': 897.1016550228104}",,,,,,,106040.29551432045,0.04586946217210652,"{'SPY': 0.6, 'IEF': 0.4}","{'IEF': 0.39998579000754503, 'SPY': 0.6000137774261183}"
2006-06-01,traditional_60_40_ief,FILL,SELL,IEF,-17.258032649941015,47.328941704191585,816.8044212180934,1.0,0.4084022106090467,0.4,879.8436223728694,,,,
2006-06-01,traditional_60_40_ief,PARTIAL_FILL,BUY,SPY,9.269283162389222,87.81569550952669,813.9885477799545,1.0,0.4069942738899772,0.6,711.2976889348796,,,,
2006-06-01,traditional_60_40_ief,REBALANCE_SUMMARY,,,"{'SPY': 711.2651008777708, 'IEF': 879.8436223728694}",,,,,,,104102.3533837412,0.04634641581185406,"{'SPY': 0.6, 'IEF': 0.4}","{'IEF': 0.4000108178014925, 'SPY': 0.5999887369980457}"
2006-07-03,traditional_60_40_ief,FILL,SELL,SPY,-0.3876164362657164,88.2384523325701,34.20267443475311,1.0,0.017101337217376555,0.6,710.8774844415051,,,,
2006-07-03,traditional_60_40_ief,PARTIAL_FILL,BUY,IEF,0.678302348276929,47.48976893938094,32.212421790710856,1.0,0.016106210895355428,0.4,880.5648097278612,,,,
2006-07-03,traditional_60_40_ief,REBALANCE_SUMMARY,,,"{'SPY': 710.8774844415051, 'IEF': 880.5219247211463}",,,,,,,104542.51516776705,0.0033915117413769735,"{'SPY': 0.6, 'IEF': 0.4}","{'IEF': 0.3999882983871333, 'SPY': 0.6000116691714075}"
2006-08-01,traditional_60_40_ief,FILL,SELL,IEF,-8.394550200930325,48.22478941848233,404.8254157027435,1.0,0.20241270785137175,0.4,872.127374520216,,,,
2006-08-01,traditional_60_40_ief,PARTIAL_FILL,BUY,SPY,4.56362143298026,88.1761077515746,402.4023752118627,1.0,0.20120118760593136,0.6,715.4686238956873,,,,
2006-08-01,traditional_60_40_ief,REBALANCE_SUMMARY,,,"{'SPY': 715.4411058744854, 'IEF': 872.127374520216}",,,,,,,105142.99384193277,0.02281810716488053,"{'SPY': 0.6, 'IEF': 0.4}","{'IEF': 0.40000914417140937, 'SPY': 0.5999906388088319}"
2006-09-01,traditional_60_40_ief,FILL,SELL,SPY,-3.0911195406611114,90.80743570600198,280.6966389481503,1.0,0.14034831947407514,0.6,712.3499863338243,,,,
2006-09-01,traditional_60_40_ief,PARTIAL_FILL,BUY,IEF,5.667348360924121,49.125543107700025,278.411566210931,1.0,0.13920578310546552,0.4,877.8417023280508,,,,
2006-09-01,traditional_60_40_ief,REBALANCE_SUMMARY,,,"{'SPY': 712.3499863338243, 'IEF': 877.7947228811402}",,,,,,,107808.846419531,0.028336741804594112,"{'SPY': 0.6, 'IEF': 0.4}","{'IEF': 0.39998705051348094, 'SPY': 0.6000126866440647}"
2006-10-02,traditional_60_40_ief,FILL,SELL,SPY,-3.0854645692437543,92.87597345756572,286.5655254373424,1.0,0.14328276271867119,0.6,709.2645217645805,,,,
2006-10-02,traditional_60_40_ief,PARTIAL_FILL,BUY,IEF,5.7195540061625225,49.703148430670986,284.2798417255347,1.0,0.14213992086276736,0.4,883.5608337056667,,,,
2006-10-02,traditional_60_40_ief,REBALANCE_SUMMARY,,,"{'SPY': 709.2645217645805, 'IEF': 883.5142768873027}",,,,,,,109787.1027403168,0.028597770030842184,"{'SPY': 0.6, 'IEF': 0.4}","{'IEF': 0.3999872494004739, 'SPY': 0.6000124901156504}"
2006-11-01,traditional_60_40_ief,FILL,SELL,SPY,-7.805048888940519,96.13088213603434,750.3062348087268,1.0,0.3751531174043634,0.6,701.45947287564,,,,
2006-11-01,traditional_60_40_ief,PARTIAL_FILL,BUY,IEF,14.940564106651477,50.03232914729879,747.5112210303048,1.0,0.37375561051515244,0.4,898.5112767345356,,,,
2006-11-01,traditional_60_40_ief,REBALANCE_SUMMARY,,,"{'SPY': 701.45947287564, 'IEF': 898.4548409939541}",,,,,,,112383.78094162697,0.07470282053338906,"{'SPY': 0.6, 'IEF': 0.4}","{'IEF': 0.3999846592805222, 'SPY': 0.6000146760077204}"
2006-12-01,traditional_60_40_ief,FILL,SELL,SPY,-1.359398000988108,97.73746661535976,132.864116738562,1.0,0.066432058369281,0.6,700.1000748746519,,,,
2006-12-01,traditional_60_40_ief,PARTIAL_FILL,BUY,IEF,2.5835796138917324,50.625137256503564,130.79407256637344,1.0,0.06539703628318672,0.4,901.0807858656792,,,,
2006-12-01,traditional_60_40_ief,REBALANCE_SUMMARY,,,"{'SPY': 700.1000748746519, 'IEF': 901.0384206078459}",,,,,,,114041.21433002561,0.012917898069474631,"{'SPY': 0.6, 'IEF': 0.4}","{'IEF': 0.39998867062787385, 'SPY': 0.6000112160981826}"
2007-01-03,traditional_60_40_ief,FILL,SELL,SPY,-7.46722281713221,99.48493016435067,742.8761404840438,1.0,0.3714380702420219,0.6,692.6328520575197,,,,
2007-01-03,traditional_60_40_ief,PARTIAL_FILL,BUY,IEF,14.754683352085635,50.15856947451897,740.0738099901158,1.0,0.3700369049950579,0.4,915.8492309272971,,,,
2007-01-03,traditional_60_40_ief,REBALANCE_SUMMARY,,,"{'SPY': 692.6328520575197, 'IEF': 915.7931039599315}",,,,,,,114841.47671915374,0.0737734167604458,"{'SPY': 0.6, 'IEF': 0.4}","{'IEF': 0.39998503451495926, 'SPY': 0.600014323091553}"
2007-02-01,traditional_60_40_ief,FILL,SELL,SPY,-4.951203526185509,100.81370836644344,499.1491883517723,1.0,0.24957459417588615,0.6,687.6816485313342,,,,
2007-02-01,traditional_60_40_ief,PARTIAL_FILL,BUY,IEF,9.948799156701655,49.92314124576962,496.6753055258104,1.0,0.2483376527629052,0.4,925.7929346859447,,,,
2007-02-01,traditional_60_40_ief,REBALANCE_SUMMARY,,,"{'SPY': 687.6816485313342, 'IEF': 925.7419031166331}",,,,,,,115543.730694408,0.049743995783501305,"{'SPY': 0.6, 'IEF': 0.4}","{'IEF': 0.3999865982227279, 'SPY': 0.6000129712563301}"
2007-03-01,traditional_60_40_ief,FILL,SELL,IEF,-30.262569162333307,51.040904679238245,1544.6289079635092,1.0,0.7723144539817546,0.4,895.4793339542998,,,,
2007-03-01,traditional_60_40_ief,PARTIAL_FILL,BUY,SPY,15.813853385811923,97.44979305619924,1541.0567398684475,1.0,0.7705283699342237,0.6,703.5326688723264,,,,
2007-03-01,traditional_60_40_ief,REBALANCE_SUMMARY,,,"{'SPY': 703.4955019171462, 'IEF': 895.4793339542998}",,,,,,,114261.645473649,0.079069266929082,"{'SPY': 0.6, 'IEF': 0.4}","{'IEF': 0.40001240256188936, 'SPY': 0.599986905436288}"
2007-04-02,traditional_60_40_ief,FILL,SELL,SPY,-7.634034378987849,99.81634521484375,762.0014109550365,1.0,0.38100070547751824,0.6,695.8614675381583,,,,
2007-04-02,traditional_60_40_ief,PARTIAL_FILL,BUY,IEF,14.928334913458638,50.859336934476616,759.2452152343037,1.0,0.3796226076171519,0.4,910.463416055169,,,,
2007-04-02,traditional_60_40_ief,REBALANCE_SUMMARY,,,"{'SPY': 695.8614675381583, 'IEF': 910.4076688677585}",,,,,,,115761.15348584791,0.07464167456714677,"{'SPY': 0.6, 'IEF': 0.4}","{'IEF': 0.39998504666193885, 'SPY': 0.6000143085477121}"
2007-05-01,traditional_60_40_ief,FILL,SELL,SPY,-10.45617917814593,104.21171002240123,1089.6563124552133,1.0,0.5448281562276066,0.6,685.4052883600124,,,,
2007-05-01,traditional_60_40_ief,PARTIAL_FILL,BUY,IEF,21.259926287212927,51.107258952097006,1086.5365580630853,1.0,0.5432682790315426,0.4,931.7300989192543,,,,
2007-05-01,traditional_60_40_ief,REBALANCE_SUMMARY,,,"{'SPY': 685.4052883600124, 'IEF': 931.6675951549714}",,,,,,,119042.34050088795,0.10629963143605892,"{'SPY': 0.6, 'IEF': 0.4}","{'IEF': 0.3999835423473334, 'SPY': 0.600015564696169}"
2007-06-01,traditional_60_40_ief,FILL,SELL,SPY,-14.20810220869896,108.04544889682066,1535.1207811107884,1.0,0.7675603905553943,0.6,671.1971861513134,,,,
2007-06-01,traditional_60_40_ief,PARTIAL_FILL,BUY,IEF,30.481683306745037,50.24464449197926,1531.5413412645032,1.0,0.7657706706322516,0.4,962.222634329093,,,,
2007-06-01,traditional_60_40_ief,REBALANCE_SUMMARY,,,"{'SPY': 671.1971861513134, 'IEF': 962.1492784617164}",,,,,,,120862.80212894137,0.1524084165334898,"{'SPY': 0.6, 'IEF': 0.4}","{'IEF': 0.3999811984579769, 'SPY': 0.600017540538523}"
2007-07-02,traditional_60_40_ief,FILL,SELL,IEF,-7.145474391499192,50.0980940972897,357.9746484351004,1.0,0.1789873242175502,0.4,955.0038040702173,,,,
2007-07-02,traditional_60_40_ief,PARTIAL_FILL,BUY,SPY,3.343908314644667,106.38852497575786,355.75347324921853,1.0,0.17787673662460926,0.6,674.5634049886668,,,,
2007-07-02,traditional_60_40_ief,REBALANCE_SUMMARY,,,"{'SPY': 674.541094465958, 'IEF': 955.0038040702173}",,,,,,,119607.31923488755,0.01671954157319533,"{'SPY': 0.6, 'IEF': 0.4}","{'IEF': 0.40000788200613785, 'SPY': 0.5999919782069186}"
2007-08-01,traditional_60_40_ief,FILL,SELL,IEF,-33.20221724513874,51.172243346117156,1699.0319404988873,1.0,0.8495159702494437,0.4,921.8015868250785,,,,
2007-08-01,traditional_60_40_ief,PARTIAL_FILL,BUY,SPY,16.55921204443269,102.37617038203952,1695.2687136531622,1.0,0.8476343568265811,0.6,691.1372286415193,,,,
2007-08-01,traditional_60_40_ief,REBALANCE_SUMMARY,,,"{'SPY': 691.1003065103907, 'IEF': 921.8015868250785}",,,,,,,117922.94064429757,0.08279606022210828,"{'SPY': 0.6, 'IEF': 0.4}","{'IEF': 0.40001254090275185, 'SPY': 0.5999867569772046}"
2007-09-04,traditional_60_40_ief,FILL,SELL,IEF,-4.755883797168963,52.420402036271014,249.3053406853842,1.0,0.12465267034269212,0.4,917.0457030279096,,,,
2007-09-04,traditional_60_40_ief,PARTIAL_FILL,BUY,SPY,2.376758997565662,103.97690153493042,247.12803626214475,1.0,0.12356401813107236,0.6,693.4988020710783,,,,
2007-09-04,traditional_60_40_ief,REBALANCE_SUMMARY,,,"{'SPY': 693.4770655079564, 'IEF': 917.0457030279096}",,,,,,,120177.51287920607,0.011883794987795682,"{'SPY': 0.6, 'IEF': 0.4}","{'IEF': 0.4000074829862413, 'SPY': 0.5999924181284124}"
2007-10-01,traditional_60_40_ief,FILL,SELL,SPY,-10.299588038794354,108.11894927262323,1113.5806366953238,1.0,0.5567903183476619,0.6,683.177477469162,,,,
2007-10-01,traditional_60_40_ief,PARTIAL_FILL,BUY,IEF,21.156823391369066,52.48305655983531,1110.3747586756695,1.0,0.5551873793378347,0.4,938.263836907378,,,,
2007-10-01,traditional_60_40_ief,REBALANCE_SUMMARY,,,"{'SPY': 683.177477469162, 'IEF': 938.2025264192786}",,,,,,,123104.27307344734,0.10578411695678369,"{'SPY': 0.6, 'IEF': 0.4}","{'IEF': 0.39998397317423434, 'SPY': 0.6000151675207691}"
2007-11-01,traditional_60_40_ief,FILL,SELL,IEF,-4.148486072166634,53.115354066247576,220.34830656202743,1.0,0.11017415328101372,0.4,934.0540403471119,,,,
2007-11-01,traditional_60_40_ief,PARTIAL_FILL,BUY,SPY,2.0092901447283853,108.60788735199367,218.22475769613152,1.0,0.10911237884806577,0.6,685.2072940511243,,,,
2007-11-01,traditional_60_40_ief,REBALANCE_SUMMARY,,,"{'SPY': 685.1867676138904, 'IEF': 934.0540403471119}",,,,,,,124029.30838858275,0.010046450723621092,"{'SPY': 0.6, 'IEF': 0.4}","{'IEF': 0.40000715729712905, 'SPY': 0.5999927617022521}"
2007-12-03,traditional_60_40_ief,FILL,SELL,IEF,-43.237740697500385,55.639251795148716,2405.715541721573,1.0,1.2028577708607866,0.4,890.8162996496116,,,,
2007-12-03,traditional_60_40_ief,PARTIAL_FILL,BUY,SPY,22.869855859144618,104.9944429917948,2401.2077772335238,1.0,1.2006038886167618,0.6,708.0996525211451,,,,
2007-12-03,traditional_60_40_ief,REBALANCE_SUMMARY,,,"{'SPY': 708.0566234730351, 'IEF': 890.8162996496116}",,,,,,,123906.47753690898,0.11434927929576588,"{'SPY': 0.6, 'IEF': 0.4}","{'IEF': 0.40001421543650345, 'SPY': 0.5999848616958502}"
2008-01-02,traditional_60_40_ief,FILL,SELL,SPY,-0.6834963689269671,104.36929279848162,71.33603265523764,1.0,0.035668016327618825,0.6,707.3731271041081,,,,
2008-01-02,traditional_60_40_ief,PARTIAL_FILL,BUY,IEF,1.2574309443308795,55.1710137294684,69.37373989353738,1.0,0.034686869946768686,0.4,892.111370686096,,,,
2008-01-02,traditional_60_40_ief,REBALANCE_SUMMARY,,,"{'SPY': 707.3731271041081, 'IEF': 892.0737305939424}",,,,,,,123044.65134595743,0.0062871547216474255,"{'SPY': 0.6, 'IEF': 0.4}","{'IEF': 0.39998985327624703, 'SPY': 0.6000100956272229}"
2008-02-01,traditional_60_40_ief,FILL,SELL,IEF,-49.945987615961485,57.28441859896835,2861.126861931627,1.0,1.4305634309658135,0.4,842.1277429779809,,,,
2008-02-01,traditional_60_40_ief,PARTIAL_FILL,BUY,SPY,29.069743334022316,98.25092500936576,2856.129172352537,1.0,1.4280645861762684,0.6,736.4938010195303,,,,
2008-02-01,traditional_60_40_ief,REBALANCE_SUMMARY,,,"{'SPY': 736.4428704381304, 'IEF': 842.1277429779809}",,,,,,,120597.13672837056,0.1453487166695595,"{'SPY': 0.6, 'IEF': 0.4}","{'IEF': 0.40001611523506764, 'SPY': 0.5999826795230783}"
2008-03-03,traditional_60_40_ief,FILL,SELL,IEF,-20.465465331244786,57.621177461278855,1179.2442096793059,1.0,0.5896221048396529,0.4,821.6622776467361,,,,
2008-03-03,traditional_60_40_ief,PARTIAL_FILL,BUY,SPY,12.402460686508164,94.83197558873371,1176.1498490631718,1.0,0.5880749245315859,0.6,748.8794937508275,,,,
2008-03-03,traditional_60_40_ief,REBALANCE_SUMMARY,,,"{'SPY': 748.8453311246385, 'IEF': 821.6622776467361}",,,,,,,118359.69208677352,0.062012303432311455,"{'SPY': 0.6, 'IEF': 0.4}","{'IEF': 0.4000107391189462, 'SPY': 0.5999887369501249}"
2008-04-01,traditional_60_40_ief,FILL,SELL,IEF,-4.285248750956612,58.61778488058926,251.1917894433885,1.0,0.12559589472169425,0.4,817.3770288957795,,,,
2008-04-01,traditional_60_40_ief,PARTIAL_FILL,BUY,SPY,2.6034731165637446,95.63789676022566,248.99069313994636,1.0,0.12449534656997319,0.6,751.472467545013,,,,
2008-04-01,traditional_60_40_ief,REBALANCE_SUMMARY,,,"{'SPY': 751.4488042412022, 'IEF': 817.3770288957795}",,,,,,,119779.8270241287,0.013017365582783214,"{'SPY': 0.6, 'IEF': 0.4}","{'IEF': 0.4000075140908021, 'SPY': 0.5999923772317527}"
2008-05-01,traditional_60_40_ief,FILL,SELL,SPY,-16.562239027124974,99.05223015928348,1640.5267120678502,1.0,0.8202633560339251,0.6,734.8865652140772,,,,
2008-05-01,traditional_60_40_ief,PARTIAL_FILL,BUY,IEF,28.533126202486137,57.36344519771393,1636.758421235769,1.0,0.8183792106178844,0.4,845.9760735274086,,,,
2008-05-01,traditional_60_40_ief,REBALANCE_SUMMARY,,,"{'SPY': 734.8865652140772, 'IEF': 845.9101550982657}",,,,,,,121316.61668835013,0.14266563101227803,"{'SPY': 0.6, 'IEF': 0.4}","{'IEF': 0.3999808282555639, 'SPY': 0.6000179957667761}"
2008-06-02,traditional_60_40_ief,FILL,SELL,SPY,-7.927265273439161,100.09015233094046,793.4411887863,1.0,0.39672059439315,0.6,726.9592999406381,,,,
2008-06-02,traditional_60_40_ief,PARTIAL_FILL,BUY,IEF,14.018498684593798,56.40558937728813,790.7216804892515,1.0,0.39536084024462576,0.4,859.9793965188127,,,,
2008-06-02,traditional_60_40_ief,REBALANCE_SUMMARY,,,"{'SPY': 726.9592999406381, 'IEF': 859.9286537828596}",,,,,,,121266.31970098586,0.07009249342297608,"{'SPY': 0.6, 'IEF': 0.4}","{'IEF': 0.39998560736931327, 'SPY': 0.6000138146260636}"
2008-07-01,traditional_60_40_ief,FILL,SELL,IEF,-51.015583466667636,56.92318345145343,2903.9694165560563,1.0,1.4519847082780282,0.4,808.9130703161919,,,,
2008-07-01,traditional_60_40_ief,PARTIAL_FILL,BUY,SPY,31.851360690860346,91.01585349163832,2898.9787781486734,1.0,1.4494893890743368,0.6,758.8662633721931,,,,
2008-07-01,traditional_60_40_ief,REBALANCE_SUMMARY,,,"{'SPY': 758.8106606314984, 'IEF': 808.9130703161919}",,,,,,,115109.86627062024,0.15925680345389992,"{'SPY': 0.6, 'IEF': 0.4}","{'IEF': 0.400017032333565, 'SPY': 0.5999815841464239}"
2008-08-01,traditional_60_40_ief,FILL,SELL,SPY,-1.3305193401306497,91.44749276867431,121.6726577351789,1.0,0.060836328867589454,0.6,757.4801412913678,,,,
2008-08-01,traditional_60_40_ief,PARTIAL_FILL,BUY,IEF,2.1022970495898186,56.938060389557705,119.70071636633408,1.0,0.05985035818316704,0.4,811.052797481204,,,,
2008-08-01,traditional_60_40_ief,REBALANCE_SUMMARY,,,"{'SPY': 757.4801412913678, 'IEF': 811.0153673657817}",,,,,,,115447.3122185742,0.010511485247960195,"{'SPY': 0.6, 'IEF': 0.4}","{'IEF': 0.3999888873679879, 'SPY': 0.6000110215819475}"
2008-09-02,traditional_60_40_ief,FILL,SELL,SPY,-1.8839881235714984,93.5408910838648,176.22992787029636,1.0,0.08811496393514819,0.6,755.5961531677963,,,,
2008-09-02,traditional_60_40_ief,PARTIAL_FILL,BUY,IEF,3.0069847296893477,57.881991423938494,174.05026433579283,1.0,0.08702513216789641,0.4,814.0601907213695,,,,
2008-09-02,traditional_60_40_ief,REBALANCE_SUMMARY,,,"{'SPY': 755.5961531677963, 'IEF': 814.022352095471}",,,,,,,117796.38730466401,0.015034923648443055,"{'SPY': 0.6, 'IEF': 0.4}","{'IEF': 0.3999887932133445, 'SPY': 0.6000110791518103}"
2008-10-01,traditional_60_40_ief,FILL,SELL,IEF,-55.62402790161741,58.24439273617458,3239.7877266697374,1.0,1.6198938633348687,0.4,758.3983241938536,,,,
2008-10-01,traditional_60_40_ief,PARTIAL_FILL,BUY,SPY,38.78011138685386,83.40284918260707,3234.3717812824757,1.0,1.617185890641238,0.6,794.4413819980485,,,,
2008-10-01,traditional_60_40_ief,REBALANCE_SUMMARY,,,"{'SPY': 794.3762645546501, 'IEF': 758.3983241938536}",,,,,,,110425.88753225464,0.19390055693384056,"{'SPY': 0.6, 'IEF': 0.4}","{'IEF': 0.4000189704782856, 'SPY': 0.5999792735878363}"
2008-11-03,traditional_60_40_ief,FILL,SELL,IEF,-68.16249206861949,57.51293759894586,3920.2251529311548,1.0,1.9601125764655776,0.4,690.2358321252341,,,,
2008-11-03,traditional_60_40_ief,PARTIAL_FILL,BUY,SPY,55.89788194206411,70.02451979108403,3914.222340331747,1.0,1.9571111701658734,0.6,850.36263997264,,,,
2008-11-03,traditional_60_40_ief,REBALANCE_SUMMARY,,,"{'SPY': 850.2741464967143, 'IEF': 690.2358321252341}",,,,,,,99237.80863019102,0.27948940971009506,"{'SPY': 0.6, 'IEF': 0.4}","{'IEF': 0.4000238506828327, 'SPY': 0.5999733329570162}"
2008-12-01,traditional_60_40_ief,FILL,SELL,IEF,-69.80551703944604,62.54045067352623,4365.66849514547,1.0,2.182834247572735,0.4,620.430315085788,,,,
2008-12-01,traditional_60_40_ief,PARTIAL_FILL,BUY,SPY,68.84758555672471,63.31727186194935,4359.241291733956,1.0,2.179620645866978,0.6,919.227654065301,,,,
2008-12-01,traditional_60_40_ief,REBALANCE_SUMMARY,,,"{'SPY': 919.121732053439, 'IEF': 620.430315085788}",,,,,,,96998.61633756422,0.3442379277839791,"{'SPY': 0.6, 'IEF': 0.4}","{'IEF': 0.4000262373016592, 'SPY': 0.5999702138031009}"
2009-01-02,traditional_60_40_ief,FILL,SELL,IEF,-0.4811589802433218,65.23628633242568,31.38902500657129,1.0,0.015694512503285647,0.4,619.9491561055447,,,,
2009-01-02,traditional_60_40_ief,PARTIAL_FILL,BUY,SPY,0.45022228419264293,65.96845185074008,29.700467076892583,1.0,0.014850233538446292,0.6,919.6027690043463,,,,
2009-01-02,traditional_60_40_ief,REBALANCE_SUMMARY,,,"{'SPY': 919.5719543376316, 'IEF': 619.9491561055447}",,,,,,,101105.92110337141,0.0022511114209571303,"{'SPY': 0.6, 'IEF': 0.4}","{'IEF': 0.40000803333661916, 'SPY': 0.5999919443984986}"
2009-02-02,traditional_60_40_ief,FILL,SELL,IEF,-23.38982925078585,62.7841452376806,1468.510436765889,1.0,0.7342552183829444,0.4,596.5593268547589,,,,
2009-02-02,traditional_60_40_ief,PARTIAL_FILL,BUY,SPY,24.62115662934017,59.4985397110614,1464.9228654430588,1.0,0.7324614327215294,0.6,944.2534455979003,,,,
2009-02-02,traditional_60_40_ief,REBALANCE_SUMMARY,,,"{'SPY': 944.1931109669717, 'IEF': 596.5593268547589}",,,,,,,93632.70183370427,0.12310578314668419,"{'SPY': 0.6, 'IEF': 0.4}","{'IEF': 0.4000148098541779, 'SPY': 0.5999838753724498}"
2009-03-02,traditional_60_40_ief,FILL,SELL,IEF,-37.77058488735997,62.3995796438581,2356.8686198739215,1.0,1.1784343099369607,0.4,558.7887419673989,,,,
2009-03-02,traditional_60_40_ief,PARTIAL_FILL,BUY,SPY,44.47134308510705,52.897316880359035,2352.414727268071,1.0,1.1762073636340356,0.6,988.7509801494108,,,,
2009-03-02,traditional_60_40_ief,REBALANCE_SUMMARY,,,"{'SPY': 988.6644540520788, 'IEF': 558.7887419673989}",,,,,,,87166.10187954138,0.2223567154255761,"{'SPY': 0.6, 'IEF': 0.4}","{'IEF': 0.400019983188784, 'SPY': 0.5999774658572254}"
2009-04-01,traditional_60_40_ief,FILL,SELL,SPY,-21.725090175780565,57.69104792147007,1253.3432184292153,1.0,0.6266716092146076,0.6,966.9393638762982,,,,
2009-04-01,traditional_60_40_ief,PARTIAL_FILL,BUY,IEF,19.44052689356329,64.30981009154642,1250.2165926046562,1.0,0.6251082963023281,0.4,578.2813446256896,,,,
2009-04-01,traditional_60_40_ief,REBALANCE_SUMMARY,,,"{'SPY': 966.9393638762982, 'IEF': 578.2292688609622}",,,,,,,92969.65685099999,0.0972026344677488,"{'SPY': 0.6, 'IEF': 0.4}","{'IEF': 0.3999779683969248, 'SPY': 0.6000209860723316}"
2009-05-01,traditional_60_40_ief,FILL,SELL,SPY,-50.70236692769652,64.23666866565551,3256.9511448989315,1.0,1.6284755724494657,0.6,916.2369969486017,,,,
2009-05-01,traditional_60_40_ief,PARTIAL_FILL,BUY,IEF,52.25447830206707,62.22496021023789,3251.5328331528626,1.0,1.6257664165764312,0.4,630.5723854580461,,,,
2009-05-01,traditional_60_40_ief,REBALANCE_SUMMARY,,,"{'SPY': 916.2369969486017, 'IEF': 630.4837471630292}",,,,,,,98088.09974501524,0.2612723915103743,"{'SPY': 0.6, 'IEF': 0.4}","{'IEF': 0.3999651964143072, 'SPY': 0.6000321399354418}"
2009-06-01,traditional_60_40_ief,FILL,SELL,SPY,-34.081099012755544,68.81349711595809,2345.2396086229355,1.0,1.1726198043114677,0.6,882.1558979358462,,,,
2009-06-01,traditional_60_40_ief,PARTIAL_FILL,BUY,IEF,38.71420564019855,60.467835239454715,2340.9642080778945,1.0,1.1704821040389473,0.4,669.2729790203658,,,,
2009-06-01,traditional_60_40_ief,REBALANCE_SUMMARY,,,"{'SPY': 882.1558979358462, 'IEF': 669.1979528032277}",,,,,,,101169.37746214794,0.1935710282009495,"{'SPY': 0.6, 'IEF': 0.4}","{'IEF': 0.3999723292537383, 'SPY': 0.6000257574101014}"
2009-07-01,traditional_60_40_ief,FILL,SELL,IEF,-3.5997917242395943,60.49525508456623,217.77031860918476,1.0,0.10888515930459239,0.4,665.5981610789881,,,,
2009-07-01,traditional_60_40_ief,PARTIAL_FILL,BUY,SPY,3.162306631851951,68.21961068175791,215.73132728128124,1.0,0.10786566364064062,0.6,885.3509306758332,,,,
2009-07-01,traditional_60_40_ief,REBALANCE_SUMMARY,,,"{'SPY': 885.3182045676981, 'IEF': 665.5981610789881}",,,,,,,100661.60959490603,0.01581153315922279,"{'SPY': 0.6, 'IEF': 0.4}","{'IEF': 0.4000088087239291, 'SPY': 0.5999910341999699}"
2009-08-03,traditional_60_40_ief,FILL,SELL,SPY,-24.50443150047738,73.76791654406053,1807.6408578868632,1.0,0.9038204289434316,0.6,860.8137730672207,,,,
2009-08-03,traditional_60_40_ief,PARTIAL_FILL,BUY,IEF,29.624000282343758,60.88653997974471,1803.7028775508918,1.0,0.9018514387754459,0.4,695.2870984044034,,,,
2009-08-03,traditional_60_40_ief,REBALANCE_SUMMARY,,,"{'SPY': 860.8137730672207, 'IEF': 695.2221613613319}",,,,,,,105830.25861413326,0.1481200014118258,"{'SPY': 0.6, 'IEF': 0.4}","{'IEF': 0.399977024310874, 'SPY': 0.6000215760893958}"
2009-09-01,traditional_60_40_ief,FILL,SELL,SPY,-3.3304174099336024,75.31935934094572,250.84490565413074,1.0,0.12542245282706538,0.6,857.4833556572871,,,,
2009-09-01,traditional_60_40_ief,PARTIAL_FILL,BUY,IEF,4.039593262142922,61.57130868730211,248.72304371454752,1.0,0.12436152185727375,0.4,699.2986221513768,,,,
2009-09-01,traditional_60_40_ief,REBALANCE_SUMMARY,,,"{'SPY': 857.4833556572871, 'IEF': 699.2617546234749}",,,,,,,107639.57853874395,0.02019796631071813,"{'SPY': 0.6, 'IEF': 0.4}","{'IEF': 0.39998727170461174, 'SPY': 0.6000125406509681}"
2009-10-01,traditional_60_40_ief,FILL,SELL,IEF,-0.8688079914068112,62.634754527536366,54.41757527332754,1.0,0.027208787636663772,0.4,698.3929466320681,,,,
2009-10-01,traditional_60_40_ief,PARTIAL_FILL,BUY,SPY,0.6850985284705229,76.45754049721394,52.38094848511668,1.0,0.026190474242558343,0.6,858.1953557149089,,,,
2009-10-01,traditional_60_40_ief,REBALANCE_SUMMARY,,,"{'SPY': 858.1684541857577, 'IEF': 698.3929466320681}",,,,,,,109357.1235408941,0.0034254926423500365,"{'SPY': 0.6, 'IEF': 0.4}","{'IEF': 0.4000075108020233, 'SPY': 0.5999924578740672}"
2009-11-02,traditional_60_40_ief,FILL,SELL,SPY,-5.18193711497338,77.29636079434165,400.54488085257225,1.0,0.20027244042628614,0.6,852.9865170707843,,,,
2009-11-02,traditional_60_40_ief,PARTIAL_FILL,BUY,IEF,6.383757670313913,62.36406159956348,398.1170565881427,1.0,0.19905852829407136,0.4,704.8156890909719,,,,
2009-11-02,traditional_60_40_ief,REBALANCE_SUMMARY,,,"{'SPY': 852.9865170707843, 'IEF': 704.776704302382}",,,,,,,109885.52329605166,0.031918788351561034,"{'SPY': 0.6, 'IEF': 0.4}","{'IEF': 0.39998660863300783, 'SPY': 0.6000131008938943}"
2009-12-01,traditional_60_40_ief,FILL,SELL,SPY,-15.509080024048671,82.33661808564804,1276.9651987998486,1.0,0.6384825993999244,0.6,837.4774370467356,,,,
2009-12-01,traditional_60_40_ief,PARTIAL_FILL,BUY,IEF,20.08408108166179,63.41447232277702,1273.6214038814512,1.0,0.6368107019407256,0.4,724.9140179283371,,,,
2009-12-01,traditional_60_40_ief,REBALANCE_SUMMARY,,,"{'SPY': 837.4774370467356, 'IEF': 724.8607853840438}",,,,,,,114921.82452247269,0.1004204054083857,"{'SPY': 0.6, 'IEF': 0.4}","{'IEF': 0.39998202607385674, 'SPY': 0.6000171001112189}"
2010-01-04,traditional_60_40_ief,FILL,SELL,SPY,-19.276538616867583,83.86203369631833,1616.5697310361309,1.0,0.8082848655180654,0.6,818.2008984298681,,,,
2010-01-04,traditional_60_40_ief,PARTIAL_FILL,BUY,IEF,26.494799029050824,60.87696416745008,1612.9229311153183,1.0,0.8064614655576592,0.4,751.4171384077371,,,,
2010-01-04,traditional_60_40_ief,REBALANCE_SUMMARY,,,"{'SPY': 818.2008984298681, 'IEF': 751.3555844130946}",,,,,,,114356.37077780814,0.13247399514511926,"{'SPY': 0.6, 'IEF': 0.4}","{'IEF': 0.39997987587592954, 'SPY': 0.6000189656928065}"
2010-02-01,traditional_60_40_ief,FILL,SELL,IEF,-25.612110718831786,62.12518079119144,1591.1570088514368,1.0,0.7955785044257183,0.4,725.7434736942628,,,,
2010-02-01,traditional_60_40_ief,PARTIAL_FILL,BUY,SPY,19.669811447045014,80.71260666030543,1587.6017544077172,1.0,0.7938008772038585,0.6,837.9163994982928,,,,
2010-02-01,traditional_60_40_ief,REBALANCE_SUMMARY,,,"{'SPY': 837.8707098769131, 'IEF': 725.7434736942628}",,,,,,,112713.77189882677,0.09834905723505472,"{'SPY': 0.6, 'IEF': 0.4}","{'IEF': 0.40001273803305903, 'SPY': 0.5999863894111247}"
2010-03-01,traditional_60_40_ief,FILL,SELL,SPY,-7.2085231305705975,82.98883364554732,598.2269269130032,1.0,0.29911346345650164,0.6,830.6621867463425,,,,
2010-03-01,traditional_60_40_ief,PARTIAL_FILL,BUY,IEF,9.530926057033188,62.49976801605261,595.6806675427252,1.0,0.2978403337713626,0.4,735.3167136431946,,,,
2010-03-01,traditional_60_40_ief,REBALANCE_SUMMARY,,,"{'SPY': 830.6621867463425, 'IEF': 735.274399751296}",,,,,,,114890.21309876739,0.04765463028525119,"{'SPY': 0.6, 'IEF': 0.4}","{'IEF': 0.3999860229442934, 'SPY': 0.6000135622716358}"
2010-04-01,traditional_60_40_ief,FILL,SELL,SPY,-24.04271967349132,88.27649688720703,2122.407068416948,1.0,1.0612035342084738,0.6,806.6194670728512,,,,
2010-04-01,traditional_60_40_ief,PARTIAL_FILL,BUY,IEF,34.344051648001134,61.67480586173404,2118.162717895837,1.0,1.0590813589479184,0.4,769.688042297743,,,,
2010-04-01,traditional_60_40_ief,REBALANCE_SUMMARY,,,"{'SPY': 806.6194670728512, 'IEF': 769.6184513992971}",,,,,,,118671.78117213542,0.17172025823992954,"{'SPY': 0.6, 'IEF': 0.4}","{'IEF': 0.39997772097824763, 'SPY': 0.6000208320032907}"
2010-05-03,traditional_60_40_ief,FILL,SELL,IEF,-0.6566046793500391,62.59683808448104,41.10137679878699,1.0,0.020550688399393495,0.4,768.9618467199471,,,,
2010-05-03,traditional_60_40_ief,PARTIAL_FILL,BUY,SPY,0.4385257120382066,89.46052031599896,39.230738370881895,1.0,0.019615369185440948,0.6,807.0808225055184,,,,
2010-05-03,traditional_60_40_ief,REBALANCE_SUMMARY,,,"{'SPY': 807.0579927848894, 'IEF': 768.9618467199471}",,,,,,,120334.41036462254,0.0021926285601878703,"{'SPY': 0.6, 'IEF': 0.4}","{'IEF': 0.4000067816547284, 'SPY': 0.5999932001241448}"
2010-06-01,traditional_60_40_ief,FILL,SELL,IEF,-57.21154195626741,64.85360448949969,3710.3747142661837,1.0,1.8551873571330917,0.4,711.7503047636797,,,,
2010-06-01,traditional_60_40_ief,PARTIAL_FILL,BUY,SPY,45.62407230203312,81.1948866371093,3704.441378486858,1.0,1.852220689243429,0.6,852.7551673308411,,,,
2010-06-01,traditional_60_40_ief,REBALANCE_SUMMARY,,,"{'SPY': 852.6820650869225, 'IEF': 711.7503047636797}",,,,,,,115393.22449301499,0.22812036150935455,"{'SPY': 0.6, 'IEF': 0.4}","{'IEF': 0.40001978420508294, 'SPY': 0.5999782388992846}"
2010-07-01,traditional_60_40_ief,FILL,SELL,IEF,-29.344119459088915,66.60653262509054,1954.51005010636,1.0,0.97725502505318,0.4,682.4061853045907,,,,
2010-07-01,traditional_60_40_ief,PARTIAL_FILL,BUY,SPY,25.116039483071088,77.66590773826339,1950.6600052427796,1.0,0.9753300026213898,0.6,877.8506136482218,,,,
2010-07-01,traditional_60_40_ief,REBALANCE_SUMMARY,,,"{'SPY': 877.7981045699936, 'IEF': 682.4061853045907}",,,,,,,113627.82202760682,0.1255801974152746,"{'SPY': 0.6, 'IEF': 0.4}","{'IEF': 0.4000139141451703, 'SPY': 0.5999849806660196}"
2010-08-02,traditional_60_40_ief,FILL,SELL,SPY,-25.620127332828815,84.32188912408287,2160.337536303676,1.0,1.0801687681518382,0.6,852.1779772371648,,,,
2010-08-02,traditional_60_40_ief,PARTIAL_FILL,BUY,IEF,32.16496109976326,67.03393932964713,2156.1440509019903,1.0,1.0780720254509952,0.4,714.6355774320139,,,,
2010-08-02,traditional_60_40_ief,REBALANCE_SUMMARY,,,"{'SPY': 852.1779772371648, 'IEF': 714.571146404354}",,,,,,,119757.93661016878,0.16082480549812317,"{'SPY': 0.6, 'IEF': 0.4}","{'IEF': 0.39997782385571407, 'SPY': 0.600020833228651}"
2010-09-01,traditional_60_40_ief,FILL,SELL,IEF,-32.89427911901112,69.20062832082633,2276.3047831962067,1.0,1.1381523915981033,0.4,681.6768672853428,,,,
2010-09-01,traditional_60_40_ief,PARTIAL_FILL,BUY,SPY,28.27289457154978,80.36142391980259,2272.0500661041974,1.0,1.1360250330520987,0.6,880.5058178472755,,,,
2010-09-01,traditional_60_40_ief,REBALANCE_SUMMARY,,,"{'SPY': 880.4508718087145, 'IEF': 681.6768672853428}",,,,,,,117926.89464237099,0.14136447285727627,"{'SPY': 0.6, 'IEF': 0.4}","{'IEF': 0.400014497718905, 'SPY': 0.5999843035344199}"
2010-10-01,traditional_60_40_ief,FILL,SELL,SPY,-26.67996265558338,87.04422386925121,2322.336642215862,1.0,1.161168321107931,0.6,853.7709091531311,,,,
2010-10-01,traditional_60_40_ief,PARTIAL_FILL,BUY,IEF,33.46195414107552,69.27241976238442,2317.9905333302413,1.0,1.1589952666651206,0.4,715.2036015131234,,,,
2010-10-01,traditional_60_40_ief,REBALANCE_SUMMARY,,,"{'SPY': 853.7709091531311, 'IEF': 715.1388214264184}",,,,,,,123855.39008537772,0.16730977070483277,"{'SPY': 0.6, 'IEF': 0.4}","{'IEF': 0.3999777207280082, 'SPY': 0.6000209284242766}"
2010-11-01,traditional_60_40_ief,FILL,SELL,SPY,-9.836940943558488,90.13269611470797,886.6300087640859,1.0,0.4433150043820429,0.6,843.9339682095726,,,,
2010-11-01,traditional_60_40_ief,PARTIAL_FILL,BUY,IEF,12.686170658988717,69.67024739862626,883.8486483529374,1.0,0.4419243241764687,0.4,727.8673153193835,,,,
2010-11-01,traditional_60_40_ief,REBALANCE_SUMMARY,,,"{'SPY': 843.9339682095726, 'IEF': 727.8249920854072}",,,,,,,126773.85458985984,0.06343085329478981,"{'SPY': 0.6, 'IEF': 0.4}","{'IEF': 0.3999858442858252, 'SPY': 0.6000136553676838}"
2010-12-01,traditional_60_40_ief,FILL,SELL,SPY,-10.613136128381598,90.9880449552038,965.6685071648825,1.0,0.4828342535824412,0.6,833.320832081191,,,,
2010-12-01,traditional_60_40_ief,PARTIAL_FILL,BUY,IEF,14.131519928817063,68.12410147425163,962.6970976161429,1.0,0.48134854880807143,0.4,742.0010607177866,,,,
2010-12-01,traditional_60_40_ief,REBALANCE_SUMMARY,,,"{'SPY': 833.320832081191, 'IEF': 741.9565120142242}",,,,,,,126367.4247030497,0.07065759964382323,"{'SPY': 0.6, 'IEF': 0.4}","{'IEF': 0.39998536674079244, 'SPY': 0.60001407411511}"
2011-01-03,traditional_60_40_ief,FILL,SELL,SPY,-28.496573033922573,96.42037294668455,2747.6501996332486,1.0,1.3738250998166242,0.6,804.8242590472685,,,,
2011-01-03,traditional_60_40_ief,PARTIAL_FILL,BUY,IEF,41.542284087296444,66.02352270714458,2742.767936744268,1.0,1.371383968372134,0.4,783.5738136147572,,,,
2011-01-03,traditional_60_40_ief,REBALANCE_SUMMARY,,,"{'SPY': 804.8242590472685, 'IEF': 783.4987961015207}",,,,,,,129331.01348072631,0.20771142043531654,"{'SPY': 0.6, 'IEF': 0.4}","{'IEF': 0.3999763797036835, 'SPY': 0.6000220142513716}"
2011-02-01,traditional_60_40_ief,FILL,SELL,SPY,-5.872871337675406,98.51302592772066,578.5543263585848,1.0,0.2892771631792924,0.6,798.9513877095931,,,,
2011-02-01,traditional_60_40_ief,PARTIAL_FILL,BUY,IEF,8.698841341726823,66.23194666714727,576.1411958112267,1.0,0.28807059790561335,0.4,792.2372081051362,,,,
2011-02-01,traditional_60_40_ief,REBALANCE_SUMMARY,,,"{'SPY': 798.9513877095931, 'IEF': 792.1976374432476}",,,,,,,131175.9539396115,0.04349420670848758,"{'SPY': 0.6, 'IEF': 0.4}","{'IEF': 0.3999878796165333, 'SPY': 0.6000117888119751}"
2011-03-01,traditional_60_40_ief,FILL,SELL,SPY,-10.861656615862103,101.6405426383914,1103.984672388098,1.0,0.5519923361940491,0.6,788.089731093731,,,,
2011-03-01,traditional_60_40_ief,PARTIAL_FILL,BUY,IEF,16.67554751696719,66.01536616493497,1100.8423753333611,1.0,0.5504211876666806,0.4,808.921443289245,,,,
2011-03-01,traditional_60_40_ief,REBALANCE_SUMMARY,,,"{'SPY': 788.089731093731, 'IEF': 808.8731849602148}",,,,,,,133500.0107799941,0.08337773758466938,"{'SPY': 0.6, 'IEF': 0.4}","{'IEF': 0.39998543201726705, 'SPY': 0.6000139434304419}"
2011-04-01,traditional_60_40_ief,FILL,SELL,SPY,-0.8108752360354856,101.95977738928754,82.67665855666411,1.0,0.04133832927833205,0.6,787.2788558576955,,,,
2011-04-01,traditional_60_40_ief,PARTIAL_FILL,BUY,IEF,1.2212669207135325,66.05620289418987,80.67225550261558,1.0,0.04033612775130779,0.4,810.1260580087429,,,,
2011-04-01,traditional_60_40_ief,REBALANCE_SUMMARY,,,"{'SPY': 787.2788558576955, 'IEF': 810.0944518809283}",,,,,,,133782.54646978236,0.006106334603558139,"{'SPY': 0.6, 'IEF': 0.4}","{'IEF': 0.39999061827538845, 'SPY': 0.6000093360808803}"
2011-05-02,traditional_60_40_ief,FILL,SELL,SPY,-2.32407778098343,104.75700100181763,243.46341843078326,1.0,0.12173170921539163,0.6,784.954778076712,,,,
2011-05-02,traditional_60_40_ief,PARTIAL_FILL,BUY,IEF,3.5803572774609163,67.37017228557968,241.20928662647094,1.0,0.12060464331323546,0.4,813.7083586961483,,,,
2011-05-02,traditional_60_40_ief,REBALANCE_SUMMARY,,,"{'SPY': 784.954778076712, 'IEF': 813.6748091583893}",,,,,,,137046.9384525869,0.017901786387255925,"{'SPY': 0.6, 'IEF': 0.4}","{'IEF': 0.3999900522870974, 'SPY': 0.6000098170876833}"
2011-06-01,traditional_60_40_ief,FILL,SELL,IEF,-22.960354806394093,69.37748094911237,1592.9315781654668,1.0,0.7964657890827334,0.4,790.7144543519952,,,,
2011-06-01,traditional_60_40_ief,PARTIAL_FILL,BUY,SPY,15.45986273380438,102.8004647697706,1589.2810743119467,1.0,0.7946405371559733,0.6,800.4503255289476,,,,
2011-06-01,traditional_60_40_ief,REBALANCE_SUMMARY,,,"{'SPY': 800.4146408105164, 'IEF': 790.7144543519952}",,,,,,,137140.85137615708,0.0772993136686182,"{'SPY': 0.6, 'IEF': 0.4}","{'IEF': 0.40001047421330754, 'SPY': 0.59998896213762}"
2011-07-01,traditional_60_40_ief,FILL,SELL,IEF,-2.7895937661493235,68.86902042931104,192.11659007041646,1.0,0.09605829503520823,0.4,787.9248605858459,,,,
2011-07-01,traditional_60_40_ief,PARTIAL_FILL,BUY,SPY,1.8727526335979094,101.45145022467462,189.9934705905866,1.0,0.0949967352952933,0.6,802.309082821532,,,,
2011-07-01,traditional_60_40_ief,REBALANCE_SUMMARY,,,"{'SPY': 802.2873934441143, 'IEF': 787.9248605858459}",,,,,,,135656.84224609134,0.009363763167954176,"{'SPY': 0.6, 'IEF': 0.4}","{'IEF': 0.4000064605809602, 'SPY': 0.5999934703936739}"
2011-08-01,traditional_60_40_ief,FILL,SELL,IEF,-17.732849910815503,70.87392629299752,1256.7966975439256,1.0,0.6283983487719628,0.4,770.1920106750304,,,,
2011-08-01,traditional_60_40_ief,PARTIAL_FILL,BUY,SPY,12.473589006278763,100.4914102995505,1253.4885507379215,1.0,0.6267442753689607,0.6,814.793995327407,,,,
2011-08-01,traditional_60_40_ief,REBALANCE_SUMMARY,,,"{'SPY': 814.760982450393, 'IEF': 770.1920106750304}",,,,,,,136463.07434747,0.062367945031155614,"{'SPY': 0.6, 'IEF': 0.4}","{'IEF': 0.40000954146061773, 'SPY': 0.5999900015077249}"
2011-09-01,traditional_60_40_ief,FILL,SELL,IEF,-50.997134450062504,74.4566180480527,3797.074161293494,1.0,1.8985370806467468,0.4,719.1948762249679,,,,
2011-09-01,traditional_60_40_ief,PARTIAL_FILL,BUY,SPY,40.36366436021808,93.92458944512508,3791.1406035343107,1.0,1.8955703017671552,0.6,855.1884844673912,,,,
2011-09-01,traditional_60_40_ief,REBALANCE_SUMMARY,,,"{'SPY': 855.1246468106111, 'IEF': 719.1948762249679}",,,,,,,133866.251395615,0.20181832180060155,"{'SPY': 0.6, 'IEF': 0.4}","{'IEF': 0.4000173131235753, 'SPY': 0.5999811792647625}"
2011-10-03,traditional_60_40_ief,FILL,SELL,IEF,-41.04903079628377,76.07613051855719,3122.851424518358,1.0,1.5614257122591788,0.4,678.1458454286841,,,,
2011-10-03,traditional_60_40_ief,PARTIAL_FILL,BUY,SPY,35.90034453936139,86.84466621949917,3117.7534386858597,1.0,1.55887671934293,0.6,891.0860175981582,,,,
2011-10-03,traditional_60_40_ief,REBALANCE_SUMMARY,,,"{'SPY': 891.0249913499725, 'IEF': 678.1458454286841}",,,,,,,128971.65931619308,0.17950172269638642,"{'SPY': 0.6, 'IEF': 0.4}","{'IEF': 0.40001588039561176, 'SPY': 0.5999827278123958}"
2011-11-01,traditional_60_40_ief,FILL,SELL,SPY,-29.83817733563137,94.20979758466738,2811.0486470852416,1.0,1.4055243235426207,0.6,861.1868140143412,,,,
2011-11-01,traditional_60_40_ief,PARTIAL_FILL,BUY,IEF,37.112906994964625,75.61342320499641,2806.2339429779317,1.0,1.4031169714889657,0.4,715.3248016199201,,,,
2011-11-01,traditional_60_40_ief,REBALANCE_SUMMARY,,,"{'SPY': 861.1868140143412, 'IEF': 715.2587524236487}",,,,,,,135215.58374349776,0.18556453497467373,"{'SPY': 0.6, 'IEF': 0.4}","{'IEF': 0.39997728997481663, 'SPY': 0.6000213376646178}"
2011-12-01,traditional_60_40_ief,FILL,SELL,SPY,-9.523642156088158,96.3868627654109,917.9539895257512,1.0,0.4589769947628756,0.6,851.663171858253,,,,
2011-12-01,traditional_60_40_ief,PARTIAL_FILL,BUY,IEF,12.165074048637303,75.22865598281571,915.1621706104147,1.0,0.4575810853052073,0.4,727.4634042556638,,,,
2011-12-01,traditional_60_40_ief,REBALANCE_SUMMARY,,,"{'SPY': 851.663171858253, 'IEF': 727.423826472286}",,,,,,,136812.31888901326,0.060825370243151156,"{'SPY': 0.6, 'IEF': 0.4}","{'IEF': 0.3999867646405458, 'SPY': 0.6000127907695904}"
2012-01-03,traditional_60_40_ief,FILL,SELL,SPY,-4.793336206592812,99.25896122807217,475.78157268331046,1.0,0.23789078634165522,0.6,846.8698356516602,,,,
2012-01-03,traditional_60_40_ief,PARTIAL_FILL,BUY,IEF,6.196780738233394,76.38431549072266,473.3368549360528,1.0,0.2366684274680264,0.4,733.6534090115357,,,,
2012-01-03,traditional_60_40_ief,REBALANCE_SUMMARY,,,"{'SPY': 846.8698356516602, 'IEF': 733.6206072105194}",,,,,,,140096.55907773954,0.030983903691094383,"{'SPY': 0.6, 'IEF': 0.4}","{'IEF': 0.399989180894649, 'SPY': 0.6000105979442896}"
2012-02-01,traditional_60_40_ief,FILL,SELL,SPY,-7.464875523004707,102.77845307141395,767.228358625086,1.0,0.383614179312543,0.6,839.4049601286555,,,,
2012-02-01,traditional_60_40_ief,PARTIAL_FILL,BUY,IEF,9.882513925051697,77.35320177947273,764.4440937329729,1.0,0.3822220468664864,0.4,743.5395158643097,,,,
2012-02-01,traditional_60_40_ief,REBALANCE_SUMMARY,,,"{'SPY': 839.4049601286555, 'IEF': 743.5031211355712}",,,,,,,143785.13966793235,0.04941256962524676,"{'SPY': 0.6, 'IEF': 0.4}","{'IEF': 0.39998811480581864, 'SPY': 0.6000115415385731}"
2012-03-01,traditional_60_40_ief,FILL,SELL,SPY,-16.533149256978504,106.67855594819949,1763.732488010514,1.0,0.881866244005257,0.6,822.871810871677,,,,
2012-03-01,traditional_60_40_ief,PARTIAL_FILL,BUY,IEF,23.053897736376953,76.33870994683308,1759.9048124412318,1.0,0.8799524062206159,0.4,766.6078068423188,,,,
2012-03-01,traditional_60_40_ief,REBALANCE_SUMMARY,,,"{'SPY': 822.871810871677, 'IEF': 766.5570188719481}",,,,,,,146300.8657051338,0.11526948868163345,"{'SPY': 0.6, 'IEF': 0.4}","{'IEF': 0.3999837843701923, 'SPY': 0.6000154277363928}"
2012-04-02,traditional_60_40_ief,FILL,SELL,SPY,-11.581292101902022,109.7445995065594,1270.984263491717,1.0,0.6354921317458585,0.6,811.290518769775,,,,
2012-04-02,traditional_60_40_ief,PARTIAL_FILL,BUY,IEF,16.73053722866334,75.77440566182833,1267.746514905057,1.0,0.6338732574525284,0.4,783.331806108857,,,,
2012-04-02,traditional_60_40_ief,REBALANCE_SUMMARY,,,"{'SPY': 811.290518769775, 'IEF': 783.2875561006115}",,,,,,,148387.98574437376,0.0836526861432958,"{'SPY': 0.6, 'IEF': 0.4}","{'IEF': 0.39998621672833284, 'SPY': 0.6000132195286813}"
2012-05-01,traditional_60_40_ief,FILL,SELL,IEF,-12.958814651370517,77.45648448856352,1003.7442260340501,1.0,0.5018721130170251,0.4,770.328741449241,,,,
2012-05-01,traditional_60_40_ief,PARTIAL_FILL,BUY,SPY,9.174624316378322,109.08127778346406,1000.7797436137878,1.0,0.5003898718068939,0.6,820.4930867916942,,,,
2012-05-01,traditional_60_40_ief,REBALANCE_SUMMARY,,,"{'SPY': 820.4651430861533, 'IEF': 770.328741449241}",,,,,,,149164.38827090964,0.04587312158173518,"{'SPY': 0.6, 'IEF': 0.4}","{'IEF': 0.4000080508813656, 'SPY': 0.5999916415846305}"
2012-06-01,traditional_60_40_ief,FILL,SELL,IEF,-48.326508021160976,80.07512474470191,3869.7511582703028,1.0,1.9348755791351513,0.4,722.00223342808,,,,
2012-06-01,traditional_60_40_ief,PARTIAL_FILL,BUY,SPY,38.26183563883791,100.98153715406355,3863.738977145983,1.0,1.9318694885729915,0.6,858.7869704266094,,,,
2012-06-01,traditional_60_40_ief,REBALANCE_SUMMARY,,,"{'SPY': 858.7269787249911, 'IEF': 722.00223342808}",,,,,,,144530.1805241995,0.19130917819347815,"{'SPY': 0.6, 'IEF': 0.4}","{'IEF': 0.40001623673352227, 'SPY': 0.5999824396039909}"
2012-07-02,traditional_60_40_ief,FILL,SELL,SPY,-22.122171713773128,107.05026911060696,2368.1844352704707,1.0,1.1840922176352353,0.6,836.604807011218,,,,
2012-07-02,traditional_60_40_ief,PARTIAL_FILL,BUY,IEF,29.766099218113848,79.4145337609703,2363.8608912892937,1.0,1.1819304456446469,0.4,751.825184370249,,,,
2012-07-02,traditional_60_40_ief,REBALANCE_SUMMARY,,,"{'SPY': 836.604807011218, 'IEF': 751.7683326461938}",,,,,,,149260.2501936339,0.1488304960903406,"{'SPY': 0.6, 'IEF': 0.4}","{'IEF': 0.3999814522346676, 'SPY': 0.6000175506445591}"
2012-08-01,traditional_60_40_ief,FILL,SELL,SPY,-2.3266110712928594,108.79149889641096,253.11550579493462,1.0,0.1265577528974673,0.6,834.2781959399251,,,,
2012-08-01,traditional_60_40_ief,PARTIAL_FILL,BUY,IEF,3.131546865522529,80.15100308922645,250.99662249255363,1.0,0.1254983112462768,0.4,754.9281725300327,,,,
2012-08-01,traditional_60_40_ief,REBALANCE_SUMMARY,,,"{'SPY': 834.2781959399251, 'IEF': 754.8998795117163}",,,,,,,151268.37366543268,0.01565773432758988,"{'SPY': 0.6, 'IEF': 0.4}","{'IEF': 0.39999096379937393, 'SPY': 0.6000089326909898}"
2012-09-04,traditional_60_40_ief,FILL,SELL,SPY,-5.818219567522306,110.62697234673983,643.6520152035507,1.0,0.3218260076017754,0.6,828.4599763724028,,,,
2012-09-04,traditional_60_40_ief,PARTIAL_FILL,BUY,IEF,8.003787741503169,80.08524913774457,640.9853353239072,1.0,0.3204926676619536,0.4,762.9371607822133,,,,
2012-09-04,traditional_60_40_ief,REBALANCE_SUMMARY,,,"{'SPY': 828.4599763724028, 'IEF': 762.9036672532195}",,,,,,,152747.38917554234,0.04001893870747608,"{'SPY': 0.6, 'IEF': 0.4}","{'IEF': 0.39998935883518116, 'SPY': 0.6000103791705619}"
2012-10-01,traditional_60_40_ief,FILL,SELL,SPY,-9.855696986560133,113.96169693073095,1123.1719530234843,1.0,0.5615859765117421,0.6,818.6042793858427,,,,
2012-10-01,traditional_60_40_ief,PARTIAL_FILL,BUY,IEF,13.991654558048184,80.04917594680663,1120.020417504138,1.0,0.5600102087520691,0.4,776.9351917339787,,,,
2012-10-01,traditional_60_40_ief,REBALANCE_SUMMARY,,,"{'SPY': 818.6042793858427, 'IEF': 776.8953218112676}",,,,,,,155479.4330597627,0.06995827279001787,"{'SPY': 0.6, 'IEF': 0.4}","{'IEF': 0.39998750371064695, 'SPY': 0.6000120463374116}"
2012-11-01,traditional_60_40_ief,FILL,SELL,IEF,-6.583516635377919,79.58761964587185,523.9664179087277,1.0,0.2619832089543639,0.4,770.3118051758897,,,,
2012-11-01,traditional_60_40_ief,PARTIAL_FILL,BUY,SPY,4.66873057139091,111.69852194153498,521.4903041676226,1.0,0.2607451520838113,0.6,823.2958040996235,,,,
2012-11-01,traditional_60_40_ief,REBALANCE_SUMMARY,,,"{'SPY': 823.2730099572336, 'IEF': 770.3118051758897}",,,,,,,153265.68466929812,0.02334365285696549,"{'SPY': 0.6, 'IEF': 0.4}","{'IEF': 0.40000658393525323, 'SPY': 0.599993263756336}"
2012-12-03,traditional_60_40_ief,FILL,SELL,IEF,-0.2799555085064185,80.28017165170047,22.474876277734367,1.0,0.011237438138867184,0.4,770.0318496673833,,,,
2012-12-03,traditional_60_40_ief,PARTIAL_FILL,BUY,SPY,0.18183716500534444,112.60533779401565,20.475835388932975,1.0,0.010237917694466487,0.6,823.4728070571877,,,,
2012-12-03,traditional_60_40_ief,REBALANCE_SUMMARY,,,"{'SPY': 823.454847122239, 'IEF': 770.0318496673833}",,,,,,,154543.70119607903,0.0009091858250229734,"{'SPY': 0.6, 'IEF': 0.4}","{'IEF': 0.4000052321132216, 'SPY': 0.5999947620037446}"
2013-01-02,traditional_60_40_ief,FILL,SELL,SPY,-11.34643261988549,115.23846118512465,1307.5454350563064,1.0,0.6537727175281532,0.6,812.1084145023535,,,,
2013-01-02,traditional_60_40_ief,PARTIAL_FILL,BUY,IEF,16.440582201428523,79.32555389404297,1304.1582894688618,1.0,0.6520791447344308,0.4,786.515142629808,,,,
2013-01-02,traditional_60_40_ief,REBALANCE_SUMMARY,,,"{'SPY': 812.1084145023535, 'IEF': 786.4724318688118}",,,,,,,155973.56748604207,0.08220291100701616,"{'SPY': 0.6, 'IEF': 0.4}","{'IEF': 0.3999867559993552, 'SPY': 0.6000127169696078}"
2013-02-01,traditional_60_40_ief,FILL,SELL,SPY,-13.276561247322093,119.63801233772259,1588.3813983096502,1.0,0.7941906991548251,0.6,798.8318532550314,,,,
2013-02-01,traditional_60_40_ief,PARTIAL_FILL,BUY,IEF,20.062407155634016,78.99235110905498,1584.7767101306592,1.0,0.7923883550653296,0.4,806.5815130509591,,,,
2013-02-01,traditional_60_40_ief,REBALANCE_SUMMARY,,,"{'SPY': 798.8318532550314, 'IEF': 806.5348390244458}",,,,,,,159280.83861343117,0.1003120357777334,"{'SPY': 0.6, 'IEF': 0.4}","{'IEF': 0.3999858598216338, 'SPY': 0.6000135103974293}"
2013-03-01,traditional_60_40_ief,FILL,SELL,IEF,-2.6609618647338493,79.66578864538603,211.98762550931914,1.0,0.10599381275465958,0.4,803.8738771597119,,,,
2013-03-01,traditional_60_40_ief,PARTIAL_FILL,BUY,SPY,1.7490854075338058,119.98743072765684,209.86826417321797,1.0,0.10493413208660897,0.6,800.5994378783449,,,,
2013-03-01,traditional_60_40_ief,REBALANCE_SUMMARY,,,"{'SPY': 800.5809386625652, 'IEF': 803.8738771597119}",,,,,,,160100.9050604367,0.008745427037638365,"{'SPY': 0.6, 'IEF': 0.4}","{'IEF': 0.40000552383621824, 'SPY': 0.599994421539312}"
2013-04-01,traditional_60_40_ief,FILL,SELL,SPY,-12.10629249323722,124.90836364185785,1512.1771850999685,1.0,0.7560885925499843,0.6,788.474646169328,,,,
2013-04-01,traditional_60_40_ief,PARTIAL_FILL,BUY,IEF,18.905487652751575,79.79593288960393,1508.5810239842003,1.0,0.7542905119921002,0.4,822.8245413823996,,,,
2013-04-01,traditional_60_40_ief,REBALANCE_SUMMARY,,,"{'SPY': 788.474646169328, 'IEF': 822.7793648124635}",,,,,,,164141.61933106818,0.09452743826363985,"{'SPY': 0.6, 'IEF': 0.4}","{'IEF': 0.3999865923407485, 'SPY': 0.6000128317697321}"
2013-05-01,traditional_60_40_ief,FILL,SELL,SPY,-0.13536693070852834,127.09405708007424,17.204332418224155,1.0,0.008602166209112078,0.6,788.3392792386195,,,,
2013-05-01,traditional_60_40_ief,PARTIAL_FILL,BUY,IEF,0.18828672481702732,81.16172520285488,15.281675418945127,1.0,0.007640837709472563,0.4,822.9925054253971,,,,
2013-05-01,traditional_60_40_ief,REBALANCE_SUMMARY,,,"{'SPY': 788.3392792386195, 'IEF': 822.9676515372805}",,,,,,,166986.7126803589,0.0009414336240816112,"{'SPY': 0.6, 'IEF': 0.4}","{'IEF': 0.3999927497989718, 'SPY': 0.6000072445632526}"
2013-06-03,traditional_60_40_ief,FILL,SELL,SPY,-19.364333031659612,130.68353184753795,2530.59943244922,1.0,1.26529971622461,0.6,768.9749462069599,,,,
2013-06-03,traditional_60_40_ief,PARTIAL_FILL,BUY,IEF,32.24641712067923,78.33152058985995,2525.910886637698,1.0,1.2629554433188488,0.4,855.2739358379894,,,,
2013-06-03,traditional_60_40_ief,REBALANCE_SUMMARY,,,"{'SPY': 768.9749462069599, 'IEF': 855.2140686579597}",,,,,,,167482.74153250048,0.16123208560293278,"{'SPY': 0.6, 'IEF': 0.4}","{'IEF': 0.3999828150342239, 'SPY': 0.6000162222869705}"
2013-07-01,traditional_60_40_ief,FILL,SELL,SPY,-4.554464016669385,129.31412289793735,588.9565195858182,1.0,0.2944782597929091,0.6,764.4204821902905,,,,
2013-07-01,traditional_60_40_ief,PARTIAL_FILL,BUY,IEF,7.679792557414539,76.36816023999103,586.4916286345241,1.0,0.29324581431726204,0.4,862.9282488846418,,,,
2013-07-01,traditional_60_40_ief,REBALANCE_SUMMARY,,,"{'SPY': 764.4204821902905, 'IEF': 862.8938612153743}",,,,,,,164748.0192420188,0.038398962786914126,"{'SPY': 0.6, 'IEF': 0.4}","{'IEF': 0.3999903426249702, 'SPY': 0.6000094242980984}"
2013-08-01,traditional_60_40_ief,FILL,SELL,SPY,-17.358745762262288,136.31470406450202,2366.2522915137124,1.0,1.1831261457568563,0.6,747.0617364280282,,,,
2013-08-01,traditional_60_40_ief,PARTIAL_FILL,BUY,IEF,31.102443759041993,75.93522826778127,2361.7711665286824,1.0,1.1808855832643412,0.4,894.0558231196952,,,,
2013-08-01,traditional_60_40_ief,REBALANCE_SUMMARY,,,"{'SPY': 747.0617364280282, 'IEF': 893.9963049744163}",,,,,,,169721.46852010378,0.15551221879559307,"{'SPY': 0.6, 'IEF': 0.4}","{'IEF': 0.39998365604964176, 'SPY': 0.6000154276713502}"
2013-09-03,traditional_60_40_ief,FILL,SELL,IEF,-7.111096058270732,74.80565806095224,531.9502201735856,1.0,0.26597511008679287,0.4,886.8852089161455,,,,
2013-09-03,traditional_60_40_ief,PARTIAL_FILL,BUY,SPY,3.99671166741866,132.49767316036238,529.5549962258445,1.0,0.2647774981129223,0.6,751.0776992725107,,,,
2013-09-03,traditional_60_40_ief,REBALANCE_SUMMARY,,,"{'SPY': 751.0584480954469, 'IEF': 886.8852089161455}",,,,,,,165857.54844113524,0.01998355833700316,"{'SPY': 0.6, 'IEF': 0.4}","{'IEF': 0.40000610343667076, 'SPY': 0.5999937760770534}"
2013-10-01,traditional_60_40_ief,FILL,SELL,SPY,-0.22957429661789774,135.48843230597524,31.10466154650592,1.0,0.01555233077325296,0.6,750.828873798829,,,,
2013-10-01,traditional_60_40_ief,PARTIAL_FILL,BUY,IEF,0.38062563077464745,76.4337474201211,29.092643324253675,1.0,0.014546321662126837,0.4,887.2924196856734,,,,
2013-10-01,traditional_60_40_ief,REBALANCE_SUMMARY,,,"{'SPY': 750.828873798829, 'IEF': 887.2658345469201}",,,,,,,169545.68163645468,0.0019031281538666178,"{'SPY': 0.6, 'IEF': 0.4}","{'IEF': 0.39999280452142544, 'SPY': 0.600007184253705}"
2013-11-01,traditional_60_40_ief,FILL,SELL,SPY,-11.508023568216004,141.83812093207231,1632.2764385577598,1.0,0.8161382192788799,0.6,739.320850230613,,,,
2013-11-01,traditional_60_40_ief,PARTIAL_FILL,BUY,IEF,21.163060878273143,76.9521066196818,1628.5421171036917,1.0,0.8142710585518458,0.4,908.4774480216896,,,,
2013-11-01,traditional_60_40_ief,REBALANCE_SUMMARY,,,"{'SPY': 739.320850230613, 'IEF': 908.4288954251933}",,,,,,,174769.50319507584,0.1058153043911716,"{'SPY': 0.6, 'IEF': 0.4}","{'IEF': 0.3999869310101057, 'SPY': 0.6000124635335506}"
2013-12-02,traditional_60_40_ief,FILL,SELL,SPY,-10.867153941782362,145.92363168366563,1585.7745692503447,1.0,0.7928872846251723,0.6,728.4536962888307,,,,
2013-12-02,traditional_60_40_ief,PARTIAL_FILL,BUY,IEF,20.746427056785702,76.263380892997,1582.1926688004269,1.0,0.7910963344002134,0.4,929.2236774816014,,,,
2013-12-02,traditional_60_40_ief,REBALANCE_SUMMARY,,,"{'SPY': 728.4536962888307, 'IEF': 929.175322481979}",,,,,,,177160.76414280792,0.10373213528373526,"{'SPY': 0.6, 'IEF': 0.4}","{'IEF': 0.3999872764022125, 'SPY': 0.6000121380723424}"
2014-01-02,traditional_60_40_ief,FILL,SELL,SPY,-11.057698855469312,149.0573079435391,1648.2308234466088,1.0,0.8241154117233044,0.6,717.3959974333613,,,,
2014-01-02,traditional_60_40_ief,PARTIAL_FILL,BUY,IEF,21.942744311635828,74.9486214610771,1644.5784372299963,1.0,0.8222892186149983,0.4,951.1681827034027,,,,
2014-01-02,traditional_60_40_ief,REBALANCE_SUMMARY,,,"{'SPY': 717.3959974333613, 'IEF': 951.1180667936148}",,,,,,,178218.21377351455,0.1097137215579096,"{'SPY': 0.6, 'IEF': 0.4}","{'IEF': 0.39998710818355154, 'SPY': 0.6000122762019204}"
2014-02-03,traditional_60_40_ief,FILL,SELL,IEF,-33.44874701925596,77.018457091705,2576.1708870738607,1.0,1.2880854435369302,0.4,917.6693197743589,,,,
2014-02-03,traditional_60_40_ief,PARTIAL_FILL,BUY,SPY,17.835163714510703,144.18805299082595,2571.6175307679255,1.0,1.2858087653839627,0.6,735.2635013447938,,,,
2014-02-03,traditional_60_40_ief,REBALANCE_SUMMARY,,,"{'SPY': 735.2311611478721, 'IEF': 917.6693197743589}",,,,,,,176689.11392933002,0.08917581857213008,"{'SPY': 0.6, 'IEF': 0.4}","{'IEF': 0.4000103546712238, 'SPY': 0.5999891406241196}"
2014-03-03,traditional_60_40_ief,FILL,SELL,SPY,-8.384299775414092,149.6000853844687,1254.29196229093,1.0,0.627145981145465,0.6,726.846861372458,,,,
2014-03-03,traditional_60_40_ief,PARTIAL_FILL,BUY,IEF,16.116007011015732,77.62765846987418,1251.047888149227,1.0,0.6255239440746135,0.4,933.8282657329869,,,,
2014-03-03,traditional_60_40_ief,REBALANCE_SUMMARY,,,"{'SPY': 726.846861372458, 'IEF': 933.7853267853747}",,,,,,,181224.00153466276,0.08058003505516353,"{'SPY': 0.6, 'IEF': 0.4}","{'IEF': 0.39998878635295004, 'SPY': 0.6000107690037667}"
2014-04-01,traditional_60_40_ief,FILL,SELL,SPY,-8.677288700707663,152.6771786534889,1324.8239571858446,1.0,0.6624119785929223,0.6,718.1695726717503,,,,
2014-04-01,traditional_60_40_ief,PARTIAL_FILL,BUY,IEF,17.192798541034076,76.86331055347479,1321.4954135428304,1.0,0.6607477067714153,0.4,951.022478394908,,,,
2014-04-01,traditional_60_40_ief,REBALANCE_SUMMARY,,,"{'SPY': 718.1695726717503, 'IEF': 950.9781253264088}",,,,,,,182743.51709082234,0.08596399270504662,"{'SPY': 0.6, 'IEF': 0.4}","{'IEF': 0.39998861869445757, 'SPY': 0.6000109108976501}"
2014-05-01,traditional_60_40_ief,FILL,SELL,IEF,-3.5946706532165535,77.60169630250806,278.95254033844924,1.0,0.13947627016922462,0.4,947.3834546731922,,,,
2014-05-01,traditional_60_40_ief,PARTIAL_FILL,BUY,SPY,1.806879529055509,153.1655062798105,276.75161785441264,1.0,0.13837580892720633,0.6,719.9913830199719,,,,
2014-05-01,traditional_60_40_ief,REBALANCE_SUMMARY,,,"{'SPY': 719.9764522008059, 'IEF': 947.3834546731922}",,,,,,,183794.1299768458,0.00903439764522318,"{'SPY': 0.6, 'IEF': 0.4}","{'IEF': 0.40000495739897546, 'SPY': 0.5999949934460399}"
2014-06-02,traditional_60_40_ief,FILL,SELL,SPY,-2.862098035615304,157.01452153887968,449.39095365950436,1.0,0.22469547682975216,0.6,717.1143541651905,,,,
2014-06-02,traditional_60_40_ief,PARTIAL_FILL,BUY,IEF,5.6745290810070905,78.75956785589227,446.923458205812,1.0,0.223461729102906,0.4,953.0894279319514,,,,
2014-06-02,traditional_60_40_ief,REBALANCE_SUMMARY,,,"{'SPY': 717.1143541651905, 'IEF': 953.0579837541993}",,,,,,,187659.83052264422,0.028372645404942887,"{'SPY': 0.6, 'IEF': 0.4}","{'IEF': 0.3999920213773785, 'SPY': 0.6000078274307266}"
2014-07-01,traditional_60_40_ief,FILL,SELL,SPY,-6.644325085067408,160.42433985422568,1065.9114655488108,1.0,0.5329557327744054,0.6,710.4700290801231,,,,
2014-07-01,traditional_60_40_ief,PARTIAL_FILL,BUY,IEF,13.520256031017398,78.60856146543617,1062.8078772426652,1.0,0.5314039386213326,0.4,966.6180822768381,,,,
2014-07-01,traditional_60_40_ief,REBALANCE_SUMMARY,,,"{'SPY': 710.4700290801231, 'IEF': 966.5782397852167}",,,,,,,189958.07797598076,0.06760128015503142,"{'SPY': 0.6, 'IEF': 0.4}","{'IEF': 0.39998996506437995, 'SPY': 0.6000096790608876}"
2014-08-01,traditional_60_40_ief,FILL,SELL,IEF,-12.532707971402033,78.85749451345137,988.297950093524,1.0,0.49414897504676203,0.4,954.0455318138147,,,,
2014-08-01,traditional_60_40_ief,PARTIAL_FILL,BUY,SPY,6.258239873690565,157.4480137175457,985.3474374805236,1.0,0.4926737187402618,0.6,716.7474379088351,,,,
2014-08-01,traditional_60_40_ief,REBALANCE_SUMMARY,,,"{'SPY': 716.7282689538137, 'IEF': 954.0455318138147}",,,,,,,188081.1139037829,0.03129119936852476,"{'SPY': 0.6, 'IEF': 0.4}","{'IEF': 0.40000635220120045, 'SPY': 0.5999934814280314}"
2014-09-02,traditional_60_40_ief,FILL,SELL,SPY,-8.770472862943734,164.32452363670265,1441.2037752718568,1.0,0.7206018876359284,0.6,707.9577960908699,,,,
2014-09-02,traditional_60_40_ief,PARTIAL_FILL,BUY,IEF,18.020505954722058,79.78163947846497,1437.7055092991664,1.0,0.7188527546495832,0.4,972.1102779871527,,,,
2014-09-02,traditional_60_40_ief,REBALANCE_SUMMARY,,,"{'SPY': 707.9577960908699, 'IEF': 972.0660377685367}",,,,,,,193887.93987456115,0.09010252977350319,"{'SPY': 0.6, 'IEF': 0.4}","{'IEF': 0.3999888916488743, 'SPY': 0.6000106436366631}"
2014-10-01,traditional_60_40_ief,FILL,SELL,IEF,-8.207415745842809,79.57493093933911,653.104541165886,1.0,0.326552270582943,0.4,963.8586220226939,,,,
2014-10-01,traditional_60_40_ief,PARTIAL_FILL,BUY,SPY,4.02588827369945,161.58488671510403,650.5227006333913,1.0,0.3252613503166956,0.6,712.0002202121761,,,,
2014-10-01,traditional_60_40_ief,REBALANCE_SUMMARY,,,"{'SPY': 711.9836843645694, 'IEF': 963.8586220226939}",,,,,,,191744.80639323514,0.020129441368453627,"{'SPY': 0.6, 'IEF': 0.4}","{'IEF': 0.4000055319644288, 'SPY': 0.5999943630551978}"
2014-11-03,traditional_60_40_ief,FILL,SELL,SPY,-4.575338950471632,165.8730031870522,758.9252123134252,1.0,0.37946260615671257,0.6,707.4083454140978,,,,
2014-11-03,traditional_60_40_ief,PARTIAL_FILL,BUY,IEF,9.40795884087418,80.37245716730705,756.1407689699477,1.0,0.3780703844849738,0.4,973.3014755636142,,,,
2014-11-03,traditional_60_40_ief,REBALANCE_SUMMARY,,,"{'SPY': 707.4083454140978, 'IEF': 973.266580863568}",,,,,,,195563.82035604268,0.047039794204238206,"{'SPY': 0.6, 'IEF': 0.4}","{'IEF': 0.39999129921073606, 'SPY': 0.6000084602550275}"
2014-12-01,traditional_60_40_ief,FILL,SELL,SPY,-1.4176997440094965,169.55325764617268,240.37560996095522,1.0,0.12018780498047761,0.6,705.9906456700883,,,,
2014-12-01,traditional_60_40_ief,PARTIAL_FILL,BUY,IEF,2.9134881976266898,81.7469623862385,238.1688101041388,1.0,0.11908440505206941,0.4,976.2076399896456,,,,
2014-12-01,traditional_60_40_ief,REBALANCE_SUMMARY,,,"{'SPY': 705.9906456700883, 'IEF': 976.1800690611947}",,,,,,,199502.78379627044,0.014567440988116687,"{'SPY': 0.6, 'IEF': 0.4}","{'IEF': 0.39999319242197445, 'SPY': 0.6000067345592901}"
2015-01-02,traditional_60_40_ief,FILL,SELL,SPY,-1.6962942459608712,170.47257341496748,289.1716453779515,1.0,0.14458582268897577,0.6,704.2943514241274,,,,
2015-01-02,traditional_60_40_ief,PARTIAL_FILL,BUY,IEF,3.51144295070786,81.69878693570472,286.88062946676376,1.0,0.1434403147333819,0.4,979.7197325453847,,,,
2015-01-02,traditional_60_40_ief,REBALANCE_SUMMARY,,,"{'SPY': 704.2943514241274, 'IEF': 979.6915120119025}",,,,,,,200102.49618869007,0.017557214753537664,"{'SPY': 0.6, 'IEF': 0.4}","{'IEF': 0.3999930516963872, 'SPY': 0.6000068605625046}"
2015-02-02,traditional_60_40_ief,FILL,SELL,IEF,-38.92172224560818,84.81094623171579,3300.9880926180517,1.0,1.6504940463090256,0.4,940.7697897662944,,,,
2015-02-02,traditional_60_40_ief,PARTIAL_FILL,BUY,SPY,19.94389664451061,165.24391853956578,3295.6076324870305,1.0,1.6478038162435154,0.6,724.2709150338945,,,,
2015-02-02,traditional_60_40_ief,REBALANCE_SUMMARY,,,"{'SPY': 724.238248068638, 'IEF': 940.7697897662944}",,,,,,,199463.64184286684,0.09971948322208846,"{'SPY': 0.6, 'IEF': 0.4}","{'IEF': 0.4000106250899935, 'SPY': 0.5999888749718608}"
2015-03-02,traditional_60_40_ief,FILL,SELL,SPY,-20.736663070533268,174.1070098663145,3610.3984018157757,1.0,1.805199200907888,0.6,703.5015849981047,,,,
2015-03-02,traditional_60_40_ief,PARTIAL_FILL,BUY,IEF,43.45095544834508,82.95958727399659,3604.673330655521,1.0,1.8023366653277604,0.4,984.2909576015962,,,,
2015-03-02,traditional_60_40_ief,REBALANCE_SUMMARY,,,"{'SPY': 703.5015849981047, 'IEF': 984.2207452146395}",,,,,,,204135.32146452199,0.21725477724112352,"{'SPY': 0.6, 'IEF': 0.4}","{'IEF': 0.3999824539120851, 'SPY': 0.6000164818194891}"
2015-04-01,traditional_60_40_ief,FILL,SELL,IEF,-16.863767482403546,83.99908496423768,1416.541037571564,1.0,0.708270518785782,0.4,967.3569777322359,,,,
2015-04-01,traditional_60_40_ief,PARTIAL_FILL,BUY,SPY,8.253253139349496,171.24182193973758,1413.3021045120665,1.0,0.7066510522560333,0.6,711.7750212200539,,,,
2015-04-01,traditional_60_40_ief,REBALANCE_SUMMARY,,,"{'SPY': 711.7548381374542, 'IEF': 967.3569777322359}",,,,,,,203139.33748662463,0.04126626569654945,"{'SPY': 0.6, 'IEF': 0.4}","{'IEF': 0.4000067242940009, 'SPY': 0.5999930725633374}"
2015-05-01,traditional_60_40_ief,FILL,SELL,SPY,-7.541665281628184,173.7391558878964,1310.2825600191352,1.0,0.6551412800095676,0.6,704.213172855826,,,,
2015-05-01,traditional_60_40_ief,PARTIAL_FILL,BUY,IEF,15.753027475840488,82.96414474271664,1306.9364516416224,1.0,0.6534682258208112,0.4,983.150834588693,,,,
2015-05-01,traditional_60_40_ief,REBALANCE_SUMMARY,,,"{'SPY': 704.213172855826, 'IEF': 983.1100052080764}",,,,,,,203912.36175234162,0.0787651373789231,"{'SPY': 0.6, 'IEF': 0.4}","{'IEF': 0.3999898783437004, 'SPY': 0.6000097353867438}"
2015-06-01,traditional_60_40_ief,FILL,SELL,SPY,-3.780043718055026,175.8466731518273,664.7081121884402,1.0,0.3323540560942201,0.6,700.433129137771,,,,
2015-06-01,traditional_60_40_ief,PARTIAL_FILL,BUY,IEF,7.99163605041216,82.84705649147557,662.083523327809,1.0,0.3310417616639045,0.4,991.1342719168669,,,,
2015-06-01,traditional_60_40_ief,REBALANCE_SUMMARY,,,"{'SPY': 700.433129137771, 'IEF': 991.1016412584885}",,,,,,,205278.72914451765,0.0399581802520288,"{'SPY': 0.6, 'IEF': 0.4}","{'IEF': 0.3999920206264052, 'SPY': 0.6000077847203036}"
2015-07-01,traditional_60_40_ief,FILL,SELL,SPY,-1.4945620862675923,173.19196933387408,258.84615101242775,1.0,0.12942307550621387,0.6,698.9385670515034,,,,
2015-07-01,traditional_60_40_ief,PARTIAL_FILL,BUY,IEF,3.1616666626712018,81.16370221056339,256.6125714981112,1.0,0.12830628574905562,0.4,994.291319675585,,,,
2015-07-01,traditional_60_40_ief,REBALANCE_SUMMARY,,,"{'SPY': 698.9385670515034, 'IEF': 994.2633079211597}",,,,,,,201748.65372238186,0.015808333313316325,"{'SPY': 0.6, 'IEF': 0.4}","{'IEF': 0.39999320716185827, 'SPY': 0.6000067144815678}"
2015-08-03,traditional_60_40_ief,FILL,SELL,IEF,-3.860999745482104,82.76837530758479,319.56867599655214,1.0,0.15978433799827607,0.4,990.4023081756776,,,,
2015-08-03,traditional_60_40_ief,PARTIAL_FILL,BUY,SPY,1.8080613394805425,175.46806861139632,317.25703116958493,1.0,0.15862851558479246,0.6,700.759892645721,,,,
2015-08-03,traditional_60_40_ief,REBALANCE_SUMMARY,,,"{'SPY': 700.7466283909839, 'IEF': 990.4023081756776}",,,,,,,204932.65645860322,0.009040306697443157,"{'SPY': 0.6, 'IEF': 0.4}","{'IEF': 0.4000045252189547, 'SPY': 0.5999954306674967}"
2015-09-01,traditional_60_40_ief,FILL,SELL,IEF,-50.79764140797954,83.04667586535203,4218.575260732861,1.0,2.1092876303664307,0.4,939.6046667676981,,,,
2015-09-01,traditional_60_40_ief,PARTIAL_FILL,BUY,SPY,26.16116663721526,161.01109506866067,4212.23808853174,1.0,2.1061190442658697,0.6,726.9472097809844,,,,
2015-09-01,traditional_60_40_ief,REBALANCE_SUMMARY,,,"{'SPY': 726.9077950281992, 'IEF': 939.6046667676981}",,,,,,,195071.39509989822,0.13080583318605932,"{'SPY': 0.6, 'IEF': 0.4}","{'IEF': 0.4000127448858843, 'SPY': 0.59998658456048}"
2015-10-01,traditional_60_40_ief,FILL,SELL,IEF,-8.361397144509851,84.27437634266919,704.6515297069427,1.0,0.35232576485347133,0.4,931.2432696231882,,,,
2015-10-01,traditional_60_40_ief,PARTIAL_FILL,BUY,SPY,4.361237777510078,160.97658756861168,702.0571749988884,1.0,0.3510285874994442,0.6,731.2859617304828,,,,
2015-10-01,traditional_60_40_ief,REBALANCE_SUMMARY,,,"{'SPY': 731.2690328057092, 'IEF': 931.2432696231882}",,,,,,,196197.16107265343,0.021806188887467215,"{'SPY': 0.6, 'IEF': 0.4}","{'IEF': 0.40000551150554386, 'SPY': 0.599994377350193}"
2015-11-02,traditional_60_40_ief,FILL,SELL,SPY,-25.564671147304466,174.5868559557975,4463.255559151777,1.0,2.2316277795758883,0.6,705.7043616584048,,,,
2015-11-02,traditional_60_40_ief,PARTIAL_FILL,BUY,IEF,53.42977517102709,83.40949029381439,4456.550313528469,1.0,2.2282751567642345,0.4,984.753695710418,,,,
2015-11-02,traditional_60_40_ief,REBALANCE_SUMMARY,,,"{'SPY': 705.7043616584048, 'IEF': 984.6730447942153}",,,,,,,205338.04965745355,0.2671488758542182,"{'SPY': 0.6, 'IEF': 0.4}","{'IEF': 0.39997982307397695, 'SPY': 0.6000188759061862}"
2015-12-01,traditional_60_40_ief,FILL,SELL,SPY,-2.123937631003855,175.5254827993396,372.8051781176373,1.0,0.18640258905881865,0.6,703.5804240274009,,,,
2015-12-01,traditional_60_40_ief,PARTIAL_FILL,BUY,IEF,4.453474740188195,83.23350630616392,370.67831787179585,1.0,0.18533915893589792,0.4,989.1552820992398,,,,
2015-12-01,traditional_60_40_ief,REBALANCE_SUMMARY,,,"{'SPY': 703.5804240274009, 'IEF': 989.1265195344035}",,,,,,,205824.7842842081,0.02226737370091314,"{'SPY': 0.6, 'IEF': 0.4}","{'IEF': 0.39999297794759014, 'SPY': 0.6000069138663437}"
2016-01-04,traditional_60_40_ief,FILL,SELL,IEF,-22.041173366002454,83.24487988065853,1834.8148292816443,1.0,0.9174074146408222,0.4,967.0853461684011,,,,
2016-01-04,traditional_60_40_ief,PARTIAL_FILL,BUY,SPY,10.832436399545902,169.0247682515306,1830.9500520326903,1.0,0.9154750260163451,0.6,714.4358573206143,,,,
2016-01-04,traditional_60_40_ief,REBALANCE_SUMMARY,,,"{'SPY': 714.4128604269468, 'IEF': 967.0853461684011}",,,,,,,201258.4258078934,0.05416218199775358,"{'SPY': 0.6, 'IEF': 0.4}","{'IEF': 0.4000076178324963, 'SPY': 0.5999921130499163}"
2016-02-01,traditional_60_40_ief,FILL,SELL,IEF,-37.77557776234926,85.50374432981997,3229.9533429031435,1.0,1.6149766714515716,0.4,929.3097684060518,,,,
2016-02-01,traditional_60_40_ief,PARTIAL_FILL,BUY,SPY,19.866933161784342,162.31397302549723,3224.68085332122,1.0,1.61234042666061,0.6,734.3126105524505,,,,
2016-02-01,traditional_60_40_ief,REBALANCE_SUMMARY,,,"{'SPY': 734.2797935887312, 'IEF': 929.3097684060518}",,,,,,,198643.43478539007,0.09933466580878303,"{'SPY': 0.6, 'IEF': 0.4}","{'IEF': 0.4000105260304298, 'SPY': 0.599988973904386}"
2016-03-01,traditional_60_40_ief,FILL,SELL,IEF,-2.4701409174207356,86.98667262473828,214.86933932064818,1.0,0.10743466966032408,0.4,926.8396274886311,,,,
2016-03-01,traditional_60_40_ief,PARTIAL_FILL,BUY,SPY,1.2940527293724318,164.40473407826056,212.74839485572193,1.0,0.10637419742786096,0.6,735.5873512767241,,,,
2016-03-01,traditional_60_40_ief,REBALANCE_SUMMARY,,,"{'SPY': 735.5738463181036, 'IEF': 926.8396274886311}",,,,,,,201554.5243211027,0.006470263646832564,"{'SPY': 0.6, 'IEF': 0.4}","{'IEF': 0.40000439346896244, 'SPY': 0.5999955744292345}"
2016-04-01,traditional_60_40_ief,FILL,SELL,SPY,-15.368655375746926,173.16750911313966,2661.3517698363585,1.0,1.3306758849181792,0.6,720.2051909423567,,,,
2016-04-01,traditional_60_40_ief,PARTIAL_FILL,BUY,IEF,30.592802622801326,86.83566392372583,2656.546327038454,1.0,1.3282731635192269,0.4,957.4878441296379,,,,
2016-04-01,traditional_60_40_ief,REBALANCE_SUMMARY,,,"{'SPY': 720.2051909423567, 'IEF': 957.4324301114324}",,,,,,,207855.57266068662,0.15296401311434238,"{'SPY': 0.6, 'IEF': 0.4}","{'IEF': 0.3999858154707885, 'SPY': 0.6000134486143108}"
2016-05-02,traditional_60_40_ief,FILL,SELL,SPY,-4.521741254623066,175.34532812902663,792.8662040064381,1.0,0.3964331020032191,0.6,715.6834496877336,,,,
2016-05-02,traditional_60_40_ief,PARTIAL_FILL,BUY,IEF,9.129513521901847,86.55247560081979,790.1819963517639,1.0,0.39509099817588195,0.4,966.5947234197946,,,,
2016-05-02,traditional_60_40_ief,REBALANCE_SUMMARY,,,"{'SPY': 715.6834496877336, 'IEF': 966.5619436333342}",,,,,,,209150.1240125821,0.04564756760942146,"{'SPY': 0.6, 'IEF': 0.4}","{'IEF': 0.3999917735548289, 'SPY': 0.6000080081925269}"
2016-06-01,traditional_60_40_ief,FILL,SELL,SPY,-2.1083662175931295,177.20961797158864,373.6227719638818,1.0,0.18681138598194091,0.6,713.5750834701405,,,,
2016-06-01,traditional_60_40_ief,PARTIAL_FILL,BUY,IEF,4.2758111120897295,86.8313828794457,371.2745917940518,1.0,0.18563729589702588,0.4,970.8653234384246,,,,
2016-06-01,traditional_60_40_ief,REBALANCE_SUMMARY,,,"{'SPY': 713.5750834701405, 'IEF': 970.8377547454239}",,,,,,,210751.57411096495,0.021379055560430515,"{'SPY': 0.6, 'IEF': 0.4}","{'IEF': 0.39999314430617766, 'SPY': 0.6000067542518489}"
2016-07-01,traditional_60_40_ief,FILL,SELL,IEF,-14.602374273505461,89.68393344900186,1309.5983625424806,1.0,0.6547991812712403,0.4,956.2353804719185,,,,
2016-07-01,traditional_60_40_ief,PARTIAL_FILL,BUY,SPY,7.320617135770328,178.4378526432485,1306.2752017302257,1.0,0.6531376008651129,0.6,720.914444049739,,,,
2016-07-01,traditional_60_40_ief,REBALANCE_SUMMARY,,,"{'SPY': 720.8957006059109, 'IEF': 956.2353804719185}",,,,,,,214394.0676227791,0.036603085678734715,"{'SPY': 0.6, 'IEF': 0.4}","{'IEF': 0.40000617169461605, 'SPY': 0.5999936575773125}"
2016-08-01,traditional_60_40_ief,FILL,SELL,SPY,-11.658821984760039,185.00531169925665,2156.943995336677,1.0,1.0784719976683383,0.6,709.2368786211508,,,,
2016-08-01,traditional_60_40_ief,PARTIAL_FILL,BUY,IEF,24.127275647420564,89.22288487667925,2152.7051374777116,1.0,1.0763525687388558,0.4,980.410575001928,,,,
2016-08-01,traditional_60_40_ief,REBALANCE_SUMMARY,,,"{'SPY': 709.2368786211508, 'IEF': 980.362656119339}",,,,,,,218683.49483862336,0.1206363782371227,"{'SPY': 0.6, 'IEF': 0.4}","{'IEF': 0.3999880487957264, 'SPY': 0.6000113995559733}"
2016-09-01,traditional_60_40_ief,FILL,SELL,SPY,-2.9565291002795675,185.15861927743916,547.4268460613342,1.0,0.27371342303066715,0.6,706.2803495208713,,,,
2016-09-01,traditional_60_40_ief,PARTIAL_FILL,BUY,IEF,6.166888401115893,88.37040885177171,544.9704493498602,1.0,0.27248522467493014,0.4,986.558706240121,,,,
2016-09-01,traditional_60_40_ief,REBALANCE_SUMMARY,,,"{'SPY': 706.2803495208713, 'IEF': 986.5295445204549}",,,,,,,217953.9443681384,0.03083444200547092,"{'SPY': 0.6, 'IEF': 0.4}","{'IEF': 0.3999928491607016, 'SPY': 0.6000070093670158}"
2016-10-03,traditional_60_40_ief,FILL,SELL,IEF,-3.9804631460139035,88.78315062300423,353.39805904186966,1.0,0.17669902952093483,0.4,982.549081374441,,,,
2016-10-03,traditional_60_40_ief,PARTIAL_FILL,BUY,SPY,1.9000537405832054,184.76696374787355,351.06716060534865,1.0,0.17553358030267432,0.6,708.1931854863209,,,,
2016-10-03,traditional_60_40_ief,REBALANCE_SUMMARY,,,"{'SPY': 708.1804032614544, 'IEF': 982.549081374441}",,,,,,,218082.15548279375,0.009500268702879566,"{'SPY': 0.6, 'IEF': 0.4}","{'IEF': 0.40000431439721357, 'SPY': 0.5999956420399893}"
2016-11-01,traditional_60_40_ief,FILL,SELL,SPY,-1.1791723010295527,182.2927891440418,214.95460763607483,1.0,0.10747730381803743,0.6,707.0012309604249,,,,
2016-11-01,traditional_60_40_ief,PARTIAL_FILL,BUY,IEF,2.4388718403932743,87.22806327283237,212.73806720815367,1.0,0.10636903360407682,0.4,985.0134729915333,,,,
2016-11-01,traditional_60_40_ief,REBALANCE_SUMMARY,,,"{'SPY': 707.0012309604249, 'IEF': 984.9879532148343}",,,,,,,214799.83002040716,0.012194359201942007,"{'SPY': 0.6, 'IEF': 0.4}","{'IEF': 0.39999375929598496, 'SPY': 0.6000061839332104}"
2016-12-01,traditional_60_40_ief,FILL,SELL,SPY,-22.002856752501202,188.97051707232507,4157.891217588452,1.0,2.0789456087942257,0.6,684.9983742079237,,,,
2016-12-01,traditional_60_40_ief,PARTIAL_FILL,BUY,IEF,49.78397312867313,83.39028678656963,4151.499796574929,1.0,2.0757498982874645,0.4,1034.8487172458954,,,,
2016-12-01,traditional_60_40_ief,REBALANCE_SUMMARY,,,"{'SPY': 684.9983742079237, 'IEF': 1034.7719263435074}",,,,,,,215734.6735841152,0.24891986564307444,"{'SPY': 0.6, 'IEF': 0.4}","{'IEF': 0.39998172877310634, 'SPY': 0.6000171174027934}"
2017-01-03,traditional_60_40_ief,FILL,SELL,SPY,-7.107677645388776,193.79591197608372,1377.4388713201413,1.0,0.6887194356600707,0.6,677.8906965625349,,,,
2017-01-03,traditional_60_40_ief,PARTIAL_FILL,BUY,IEF,16.495928593697656,83.30719119950012,1374.2294773684719,1.0,0.6871147386842359,0.4,1051.309367725807,,,,
2017-01-03,traditional_60_40_ief,REBALANCE_SUMMARY,,,"{'SPY': 677.8906965625349, 'IEF': 1051.2678549372051}",,,,,,,218950.70043322415,0.08247964296833743,"{'SPY': 0.6, 'IEF': 0.4}","{'IEF': 0.3999903723525735, 'SPY': 0.6000092509432516}"
2017-02-01,traditional_60_40_ief,FILL,SELL,SPY,-2.0307977876213954,195.94022927055596,397.91498410867405,1.0,0.19895749205433705,0.6,675.8598987749135,,,,
2017-02-01,traditional_60_40_ief,PARTIAL_FILL,BUY,IEF,4.73170553690671,83.6013687066642,395.5770592023024,1.0,0.19778852960115118,0.4,1056.0285122076393,,,,
2017-02-01,traditional_60_40_ief,REBALANCE_SUMMARY,,,"{'SPY': 675.8598987749135, 'IEF': 1055.9995604741118}",,,,,,,220711.17578853056,0.023658527684517594,"{'SPY': 0.6, 'IEF': 0.4}","{'IEF': 0.39999337728986567, 'SPY': 0.6000065155178836}"
2017-03-01,traditional_60_40_ief,FILL,SELL,SPY,-11.597449536219074,205.29238065049762,2380.8680247644234,1.0,1.1904340123822117,0.6,664.2624492386944,,,,
2017-03-01,traditional_60_40_ief,PARTIAL_FILL,BUY,IEF,28.345366559344274,83.8363240709318,2376.3713367785394,1.0,1.1881856683892695,0.4,1084.3988457442736,,,,
2017-03-01,traditional_60_40_ief,REBALANCE_SUMMARY,,,"{'SPY': 664.2624492386944, 'IEF': 1084.344927033456}",,,,,,,227275.65401522245,0.14172683279639386,"{'SPY': 0.6, 'IEF': 0.4}","{'IEF': 0.399987817002867, 'SPY': 0.6000115594070989}"
2017-04-03,traditional_60_40_ief,FILL,SELL,IEF,-10.405963549867238,84.64431406331465,880.8056468463672,1.0,0.4404028234231836,0.4,1073.9389634835889,,,,
2017-04-03,traditional_60_40_ief,PARTIAL_FILL,BUY,SPY,4.30530072292952,203.94543323424176,878.0464211415551,1.0,0.43902321057077753,0.6,668.5819741219378,,,,
2017-04-03,traditional_60_40_ief,REBALANCE_SUMMARY,,,"{'SPY': 668.5677499616239, 'IEF': 1073.9389634835889}",,,,,,,227254.1878488047,0.021526503614495596,"{'SPY': 0.6, 'IEF': 0.4}","{'IEF': 0.4000050682032508, 'SPY': 0.5999948370724064}"
2017-05-01,traditional_60_40_ief,FILL,SELL,SPY,-0.9188557126193473,206.43630981445312,189.6851825650677,1.0,0.09484259128253383,0.6,667.6488942490046,,,,
2017-05-01,traditional_60_40_ief,PARTIAL_FILL,BUY,IEF,2.196099476107672,85.38189387766101,187.50713241381223,1.0,0.09375356620690611,0.4,1076.1608245884795,,,,
2017-05-01,traditional_60_40_ief,REBALANCE_SUMMARY,,,"{'SPY': 667.6488942490046, 'IEF': 1076.1350629596966}",,,,,,,229709.4347046168,0.01098049738050122,"{'SPY': 0.6, 'IEF': 0.4}","{'IEF': 0.3999942355950962, 'SPY': 0.6000057166032217}"
2017-06-01,traditional_60_40_ief,FILL,SELL,SPY,-1.695776583164843,209.28192375663733,354.89538558619563,1.0,0.1774476927930978,0.6,665.9531176658397,,,,
2017-06-01,traditional_60_40_ief,PARTIAL_FILL,BUY,IEF,4.098674775578266,86.01125442740184,352.5321589374364,1.0,0.1762660794687182,0.4,1080.2613411827765,,,,
2017-06-01,traditional_60_40_ief,REBALANCE_SUMMARY,,,"{'SPY': 665.9531176658397, 'IEF': 1080.2337377352749}",,,,,,,232284.22894762308,0.020493373877854992,"{'SPY': 0.6, 'IEF': 0.4}","{'IEF': 0.3999938320322317, 'SPY': 0.6000060797423473}"
2017-07-03,traditional_60_40_ief,FILL,SELL,SPY,-3.1101215876560673,211.09345208932288,656.5263023558449,1.0,0.3282631511779225,0.6,662.8429960781837,,,,
2017-07-03,traditional_60_40_ief,PARTIAL_FILL,BUY,IEF,7.625556259201648,85.74502053790822,653.8534780582199,1.0,0.32692673902910996,0.4,1087.8907047709226,,,,
2017-07-03,traditional_60_40_ief,REBALANCE_SUMMARY,,,"{'SPY': 662.8429960781837, 'IEF': 1087.8592939944765}",,,,,,,233200.37186906533,0.03812778129588423,"{'SPY': 0.6, 'IEF': 0.4}","{'IEF': 0.3999930049780696, 'SPY': 0.6000068315239865}"
2017-08-01,traditional_60_40_ief,FILL,SELL,SPY,-4.3405821796958435,215.07402396682556,933.5464757458798,1.0,0.4667732378729399,0.6,658.5024138984878,,,,
2017-08-01,traditional_60_40_ief,PARTIAL_FILL,BUY,IEF,10.829204012789694,85.93414474209084,930.5983850767004,1.0,0.4652991925383502,0.4,1098.7232480878008,,,,
2017-08-01,traditional_60_40_ief,REBALANCE_SUMMARY,,,"{'SPY': 658.5024138984878, 'IEF': 1098.6884980072662}",,,,,,,236041.6745092627,0.05414602006385394,"{'SPY': 0.6, 'IEF': 0.4}","{'IEF': 0.3999923175029068, 'SPY': 0.6000074531053123}"
2017-09-01,traditional_60_40_ief,FILL,SELL,IEF,-8.538102882074327,87.22639181628675,744.7479073595823,1.0,0.37237395367979115,0.4,1090.1503951251918,,,,
2017-09-01,traditional_60_40_ief,PARTIAL_FILL,BUY,SPY,3.4437662212652045,215.4738133189262,742.0414398749226,1.0,0.37102071993746133,0.6,661.9589919480778,,,,
2017-09-01,traditional_60_40_ief,REBALANCE_SUMMARY,,,"{'SPY': 661.946180119753, 'IEF': 1090.1503951251918}",,,,,,,237721.97036500086,0.01721883110633371,"{'SPY': 0.6, 'IEF': 0.4}","{'IEF': 0.40000461613988714, 'SPY': 0.5999953114274678}"
2017-10-02,traditional_60_40_ief,FILL,SELL,SPY,-8.364813732194648,219.66131981077575,1837.4260243851772,1.0,0.9187130121925886,0.6,653.5813663875583,,,,
2017-10-02,traditional_60_40_ief,PARTIAL_FILL,BUY,IEF,21.292381033000897,86.11067568246017,1833.5013176401064,1.0,0.9167506588200532,0.4,1111.48855358991,,,,
2017-10-02,traditional_60_40_ief,REBALANCE_SUMMARY,,,"{'SPY': 653.5813663875583, 'IEF': 1111.4427761581928}",,,,,,,239273.74044369772,0.10646190516467868,"{'SPY': 0.6, 'IEF': 0.4}","{'IEF': 0.3999899372989978, 'SPY': 0.6000096177633131}"
2017-11-01,traditional_60_40_ief,FILL,SELL,SPY,-7.451136186993608,225.38240065372474,1679.3549614224603,1.0,0.8396774807112303,0.6,646.1302302005647,,,,
2017-11-01,traditional_60_40_ief,PARTIAL_FILL,BUY,IEF,19.521340176378104,85.83869144525772,1675.686295998033,1.0,0.8378431479990166,0.4,1131.008095655155,,,,
2017-11-01,traditional_60_40_ief,REBALANCE_SUMMARY,,,"{'SPY': 646.1302302005647, 'IEF': 1130.964116334571}",,,,,,,242706.95984194975,0.0976067008816699,"{'SPY': 0.6, 'IEF': 0.4}","{'IEF': 0.3999905065801178, 'SPY': 0.6000090912612422}"
2017-12-01,traditional_60_40_ief,FILL,SELL,SPY,-6.711557668941737,231.25193135757561,1552.0606733605248,1.0,0.7760303366802623,0.6,639.418672531623,,,,
2017-12-01,traditional_60_40_ief,PARTIAL_FILL,BUY,IEF,18.050040464319792,85.7902642220162,1548.517740652079,1.0,0.7742588703260395,0.4,1149.0565921433013,,,,
2017-12-01,traditional_60_40_ief,REBALANCE_SUMMARY,,,"{'SPY': 639.418672531623, 'IEF': 1149.0141567988908}",,,,,,,246441.1213258513,0.09025020232115821,"{'SPY': 0.6, 'IEF': 0.4}","{'IEF': 0.399990990043729, 'SPY': 0.6000086437422162}"
2018-01-02,traditional_60_40_ief,FILL,SELL,SPY,-4.462275279935511,235.13779463458457,1049.2495683764596,1.0,0.5246247841882298,0.6,634.9563972516875,,,,
2018-01-02,traditional_60_40_ief,PARTIAL_FILL,BUY,IEF,12.206206889616206,85.71303572828613,1046.2310472365261,1.0,0.5231155236182631,0.4,1161.2566332164247,,,,
2018-01-02,traditional_60_40_ief,REBALANCE_SUMMARY,,,"{'SPY': 634.9563972516875, 'IEF': 1161.220363688507}",,,,,,,248834.03049116384,0.06103103444797853,"{'SPY': 0.6, 'IEF': 0.4}","{'IEF': 0.3999924058810791, 'SPY': 0.6000073488508829}"
2018-02-01,traditional_60_40_ief,FILL,SELL,SPY,-16.94816506828738,246.75248249293085,4182.0018042998845,1.0,2.0910009021499425,0.6,618.0082321834001,,,,
2018-02-01,traditional_60_40_ief,PARTIAL_FILL,BUY,IEF,49.741150868769395,83.94729993358584,4175.635311022328,1.0,2.087817655511164,0.4,1211.038080740073,,,,
2018-02-01,traditional_60_40_ief,REBALANCE_SUMMARY,,,"{'SPY': 618.0082321834001, 'IEF': 1210.9615145572764}",,,,,,,254152.26366864497,0.24870575434306375,"{'SPY': 0.6, 'IEF': 0.4}","{'IEF': 0.39998443454002014, 'SPY': 0.6000145868900834}"
2018-03-01,traditional_60_40_ief,FILL,SELL,IEF,-19.571666124447574,83.31156779058443,1630.546189101599,1.0,0.8152730945507995,0.4,1191.3898484328288,,,,
2018-03-01,traditional_60_40_ief,PARTIAL_FILL,BUY,SPY,6.828885108585117,238.2719705350681,1627.1319113801585,1.0,0.8135659556900793,0.6,624.852490411482,,,,
2018-03-01,traditional_60_40_ief,REBALANCE_SUMMARY,,,"{'SPY': 624.8371172919852, 'IEF': 1191.3898484328288}",,,,,,,248137.76146776404,0.0341444255427632,"{'SPY': 0.6, 'IEF': 0.4}","{'IEF': 0.4000058497167522, 'SPY': 0.5999940126805495}"
2018-04-02,traditional_60_40_ief,FILL,SELL,IEF,-27.01190218869874,84.09028777480154,2271.4386283924687,1.0,1.1357193141962343,0.4,1164.37794624413,,,,
2018-04-02,traditional_60_40_ief,PARTIAL_FILL,BUY,SPY,9.796842447608627,231.41685743848606,2267.1544920455544,1.0,1.1335772460227773,0.6,634.6526199220034,,,,
2018-04-02,traditional_60_40_ief,REBALANCE_SUMMARY,,,"{'SPY': 634.6339597395938, 'IEF': 1164.37794624413}",,,,,,,244777.922149193,0.048984212237883185,"{'SPY': 0.6, 'IEF': 0.4}","{'IEF': 0.40000697660397266, 'SPY': 0.5999928232790731}"
2018-05-01,traditional_60_40_ief,FILL,SELL,SPY,-4.327066168793067,232.5803102933891,1006.3903921979179,1.0,0.503195196098959,0.6,630.3068935708008,,,,
2018-05-01,traditional_60_40_ief,PARTIAL_FILL,BUY,IEF,12.078657783166497,83.06999990289177,1003.3741008747038,1.0,0.5016870504373518,0.4,1176.4935039374811,,,,
2018-05-01,traditional_60_40_ief,REBALANCE_SUMMARY,,,"{'SPY': 630.3068935708008, 'IEF': 1176.4566040272966}",,,,,,,244325.28326235182,0.060393288915634,"{'SPY': 0.6, 'IEF': 0.4}","{'IEF': 0.39999237359878625, 'SPY': 0.6000073792172624}"
2018-06-01,traditional_60_40_ief,FILL,SELL,SPY,-6.585600535607682,240.10764786706392,1581.253054396837,1.0,0.7906265271984184,0.6,623.7212930351931,,,,
2018-06-01,traditional_60_40_ief,PARTIAL_FILL,BUY,IEF,18.889131926714,83.52101948580705,1577.63955572106,1.0,0.78881977786053,0.4,1195.3897235871514,,,,
2018-06-01,traditional_60_40_ief,REBALANCE_SUMMARY,,,"{'SPY': 623.7212930351931, 'IEF': 1195.3457359540107}",,,,,,,249596.84154583485,0.09444565963349305,"{'SPY': 0.6, 'IEF': 0.4}","{'IEF': 0.39999101706003665, 'SPY': 0.6000086045471158}"
2018-07-02,traditional_60_40_ief,FILL,SELL,IEF,-9.7026104453289,84.14436371811189,816.4199823269066,1.0,0.4082099911634533,0.4,1185.6431255086818,,,,
2018-07-02,traditional_60_40_ief,PARTIAL_FILL,BUY,SPY,3.409975669683558,238.6182207068534,813.6823269535515,1.0,0.4068411634767758,0.6,627.1431374591764,,,,
2018-07-02,traditional_60_40_ief,REBALANCE_SUMMARY,,,"{'SPY': 627.1312687048767, 'IEF': 1185.6431255086818}",,,,,,,249410.15093054908,0.017049878348416314,"{'SPY': 0.6, 'IEF': 0.4}","{'IEF': 0.40000451473389387, 'SPY': 0.5999954169053026}"
2018-08-01,traditional_60_40_ief,FILL,SELL,SPY,-12.983383121976544,249.287134071185,3236.5903690257273,1.0,1.6182951845128637,0.6,614.1478855829001,,,,
2018-08-01,traditional_60_40_ief,PARTIAL_FILL,BUY,IEF,38.763991334689486,83.35518615737558,3231.1797139059363,1.0,1.615589856952968,0.4,1224.4722322278878,,,,
2018-08-01,traditional_60_40_ief,REBALANCE_SUMMARY,,,"{'SPY': 614.1478855829001, 'IEF': 1224.4071168433713}",,,,,,,255160.04326969065,0.19381995667299634,"{'SPY': 0.6, 'IEF': 0.4}","{'IEF': 0.39998693309916866, 'SPY': 0.6000123072993114}"
2018-09-04,traditional_60_40_ief,FILL,SELL,SPY,-4.188715930817807,256.61799092686505,1074.899866729819,1.0,0.5374499333649095,0.6,609.9591696520823,,,,
2018-09-04,traditional_60_40_ief,PARTIAL_FILL,BUY,IEF,12.708786640153974,84.34768359992765,1071.956714462695,1.0,0.5359783572313473,0.4,1237.153094454159,,,,
2018-09-04,traditional_60_40_ief,REBALANCE_SUMMARY,,,"{'SPY': 609.9591696520823, 'IEF': 1237.1159034835252}",,,,,,,260874.42101093644,0.06354393320066265,"{'SPY': 0.6, 'IEF': 0.4}","{'IEF': 0.39999268766596524, 'SPY': 0.6000070687534914}"
2018-10-01,traditional_60_40_ief,FILL,SELL,SPY,-5.88398305791884,259.7985762633335,1528.6504212048899,1.0,0.7643252106024448,0.6,604.0751865941635,,,,
2018-10-01,traditional_60_40_ief,PARTIAL_FILL,BUY,IEF,18.300518134119567,83.33619727949952,1525.0955895420466,1.0,0.7625477947710233,0.4,1255.459840632601,,,,
2018-10-01,traditional_60_40_ief,REBALANCE_SUMMARY,,,"{'SPY': 604.0751865941635, 'IEF': 1255.4164216176448}",,,,,,,261559.59551561324,0.09150259067041588,"{'SPY': 0.6, 'IEF': 0.4}","{'IEF': 0.39999155975757816, 'SPY': 0.6000080904078441}"
2018-11-01,traditional_60_40_ief,FILL,SELL,IEF,-51.093359204695616,83.12610840778208,4247.192116167278,1.0,2.1235960580836393,0.4,1204.3230624129492,,,,
2018-11-01,traditional_60_40_ief,PARTIAL_FILL,BUY,SPY,17.556713706159734,241.55726602534855,4240.95176324971,1.0,2.120475881624855,0.6,621.6581129480006,,,,
2018-11-01,traditional_60_40_ief,REBALANCE_SUMMARY,,,"{'SPY': 621.6319003003232, 'IEF': 1204.3230624129492}",,,,,,,250270.4795383876,0.08778356853053992,"{'SPY': 0.6, 'IEF': 0.4}","{'IEF': 0.4000099797178656, 'SPY': 0.5999896695273482}"
2018-12-03,traditional_60_40_ief,FILL,SELL,SPY,-4.588568813158304,249.2770797576099,1143.825034010944,1.0,0.571912517005472,0.6,617.0433314871649,,,,
2018-12-03,traditional_60_40_ief,PARTIAL_FILL,BUY,IEF,13.548172836878964,84.19606293232584,1140.7028127918888,1.0,0.5703514063959445,0.4,1217.9093606048127,,,,
2018-12-03,traditional_60_40_ief,REBALANCE_SUMMARY,,,"{'SPY': 617.0433314871649, 'IEF': 1217.8712352498283}",,,,,,,256354.79066445545,0.06774086418408842,"{'SPY': 0.6, 'IEF': 0.4}","{'IEF': 0.3999923812649915, 'SPY': 0.6000073544884773}"
2019-01-02,traditional_60_40_ief,FILL,SELL,IEF,-104.70585551114027,86.75782857200394,9084.052662920521,1.0,4.542026331460261,0.4,1113.165379738688,,,,
2019-01-02,traditional_60_40_ief,PARTIAL_FILL,BUY,SPY,41.231031613951586,220.0487217817502,9072.83580439298,1.0,4.53641790219649,0.6,658.3256453776067,,,,
2019-01-02,traditional_60_40_ief,REBALANCE_SUMMARY,,,"{'SPY': 658.2743631011165, 'IEF': 1113.165379738688}",,,,,,,241428.44952491322,0.2061551580682135,"{'SPY': 0.6, 'IEF': 0.4}","{'IEF': 0.40001835482811654, 'SPY': 0.5999807912743479}"
2019-02-01,traditional_60_40_ief,FILL,SELL,SPY,-22.666198514123266,241.67070360013417,5477.756142848486,1.0,2.7388780714242427,0.6,635.6081645869932,,,,
2019-02-01,traditional_60_40_ief,PARTIAL_FILL,BUY,IEF,62.822439572023974,87.0735720849486,5470.174220626956,1.0,2.735087110313478,0.4,1176.0772618039175,,,,
2019-02-01,traditional_60_40_ief,REBALANCE_SUMMARY,,,"{'SPY': 635.6081645869932, 'IEF': 1175.987819310712}",,,,,,,256005.64661769918,0.3141121978596857,"{'SPY': 0.6, 'IEF': 0.4}","{'IEF': 0.399981256306764, 'SPY': 0.6000175167195266}"
2019-03-01,traditional_60_40_ief,FILL,SELL,SPY,-10.592284758001028,250.8759750305505,2657.3497664647466,1.0,1.3286748832323734,0.6,625.0158798289922,,,,
2019-03-01,traditional_60_40_ief,PARTIAL_FILL,BUY,IEF,30.622581310961674,86.63070026992405,2652.8556630412986,1.0,1.3264278315206492,0.4,1206.6659030660308,,,,
2019-03-01,traditional_60_40_ief,REBALANCE_SUMMARY,,,"{'SPY': 625.0158798289922, 'IEF': 1206.6104006216738}",,,,,,,261331.12533341156,0.15311290655472476,"{'SPY': 0.6, 'IEF': 0.4}","{'IEF': 0.3999887262776997, 'SPY': 0.6000106878261259}"
2019-04-01,traditional_60_40_ief,FILL,SELL,IEF,-3.626626559684155,88.78291904781025,321.9824922650769,1.0,0.16099124613253846,0.4,1202.9837740619896,,,,
2019-04-01,traditional_60_40_ief,PARTIAL_FILL,BUY,SPY,1.2501861597826511,255.80866998313059,319.80845876531754,1.0,0.15990422938265877,0.6,626.275163203527,,,,
2019-04-01,traditional_60_40_ief,REBALANCE_SUMMARY,,,"{'SPY': 626.2660659887748, 'IEF': 1202.9837740619896}",,,,,,,267008.70667546167,0.006250930798898935,"{'SPY': 0.6, 'IEF': 0.4}","{'IEF': 0.4000034768835885, 'SPY': 0.5999964997054491}"
2019-05-01,traditional_60_40_ief,FILL,SELL,SPY,-8.942038070936292,264.8118402899683,2367.9575575075974,1.0,1.1839787787537988,0.6,617.3240279178385,,,,
2019-05-01,traditional_60_40_ief,PARTIAL_FILL,BUY,IEF,26.667964372290644,88.62561553122556,2363.4647574590517,1.0,1.181732378729526,0.4,1229.7025031139096,,,,
2019-05-01,traditional_60_40_ief,REBALANCE_SUMMARY,,,"{'SPY': 617.3240279178385, 'IEF': 1229.6517384342803}",,,,,,,272453.4874357401,0.1333398218612274,"{'SPY': 0.6, 'IEF': 0.4}","{'IEF': 0.39998989637995724, 'SPY': 0.60000961421606}"
2019-06-03,traditional_60_40_ief,FILL,SELL,IEF,-69.99973135095706,91.47082246350742,6402.932998896607,1.0,3.2014664994483035,0.4,1159.6520070833233,,,,
2019-06-03,traditional_60_40_ief,PARTIAL_FILL,BUY,SPY,25.849931693155753,247.3715764238145,6394.538353383863,1.0,3.1972691766919312,0.6,643.2084340055786,,,,
2019-06-03,traditional_60_40_ief,REBALANCE_SUMMARY,,,"{'SPY': 643.1739596109943, 'IEF': 1159.6520070833233}",,,,,,,265177.40841274563,0.12924965846468695,"{'SPY': 0.6, 'IEF': 0.4}","{'IEF': 0.40001266885550535, 'SPY': 0.5999868437362376}"
2019-07-01,traditional_60_40_ief,FILL,SELL,SPY,-17.203494294183997,267.8695161656501,4608.29169294159,1.0,2.3041458464707945,0.6,625.9704653168103,,,,
2019-07-01,traditional_60_40_ief,PARTIAL_FILL,BUY,IEF,49.78873624374514,92.42184913090021,4601.567069537597,1.0,2.300783534768798,0.4,1209.514901906743,,,,
2019-07-01,traditional_60_40_ief,REBALANCE_SUMMARY,,,"{'SPY': 625.9704653168103, 'IEF': 1209.4407433270685}",,,,,,,279457.4045346202,0.2489436812184067,"{'SPY': 0.6, 'IEF': 0.4}","{'IEF': 0.39998492828874244, 'SPY': 0.6000141809004321}"
2019-08-01,traditional_60_40_ief,FILL,SELL,SPY,-0.3017290876740617,268.70014633011544,81.07465001007262,1.0,0.04053732500503631,0.6,625.6687362291362,,,,
2019-08-01,traditional_60_40_ief,PARTIAL_FILL,BUY,IEF,0.8556941984489397,92.60219183414738,79.23915831613569,1.0,0.03961957915806784,0.4,1210.3189470939608,,,,
2019-08-01,traditional_60_40_ief,REBALANCE_SUMMARY,,,"{'SPY': 625.6687362291362, 'IEF': 1210.2964375255174}",,,,,,,280193.38814134145,0.004278470992232997,"{'SPY': 0.6, 'IEF': 0.4}","{'IEF': 0.39999553032774343, 'SPY': 0.6000044544025493}"
2019-09-03,traditional_60_40_ief,FILL,SELL,IEF,-43.43401346781229,96.1683981690265,4176.979501251432,1.0,2.0884897506257163,0.4,1166.862424057705,,,,
2019-09-03,traditional_60_40_ief,PARTIAL_FILL,BUY,SPY,15.897410918839544,262.35281071811187,4170.730437698356,1.0,2.085365218849178,0.6,641.5899827684401,,,,
2019-09-03,traditional_60_40_ief,REBALANCE_SUMMARY,,,"{'SPY': 641.5661471479758, 'IEF': 1166.862424057705}",,,,,,,280532.0516581726,0.07948705459421035,"{'SPY': 0.6, 'IEF': 0.4}","{'IEF': 0.40000880306536524, 'SPY': 0.5999909135907028}"
2019-10-01,traditional_60_40_ief,FILL,SELL,SPY,-11.39283139113445,270.06794415591315,3076.838551918633,1.0,1.5384192759593167,0.6,630.1733157568414,,,,
2019-10-01,traditional_60_40_ief,PARTIAL_FILL,BUY,IEF,32.47090017466706,94.5979756631631,3071.6814244841526,1.0,1.535840712242076,0.4,1199.3886807498068,,,,
2019-10-01,traditional_60_40_ief,REBALANCE_SUMMARY,,,"{'SPY': 630.1733157568414, 'IEF': 1199.3333242323722}",,,,,,,283644.27882062056,0.16235450087333447,"{'SPY': 0.6, 'IEF': 0.4}","{'IEF': 0.3999886939003067, 'SPY': 0.6000107337119774}"
2019-11-01,traditional_60_40_ief,FILL,SELL,SPY,-4.8512368504655115,276.5807027657832,1341.758497385016,1.0,0.670879248692508,0.6,625.3220789063759,,,,
2019-11-01,traditional_60_40_ief,PARTIAL_FILL,BUY,IEF,14.086767954235212,95.01897724191393,1338.510283655598,1.0,0.669255141827799,0.4,1213.45598573471,,,,
2019-11-01,traditional_60_40_ief,REBALANCE_SUMMARY,,,"{'SPY': 625.3220789063759, 'IEF': 1213.4200921866075}",,,,,,,288250.0265970861,0.07043383977111262,"{'SPY': 0.6, 'IEF': 0.4}","{'IEF': 0.3999928030727401, 'SPY': 0.600006952577448}"
2019-12-02,traditional_60_40_ief,FILL,SELL,SPY,-10.182521558354551,285.3518958206147,2905.6018309107512,1.0,1.4528009154553756,0.6,615.1395573480213,,,,
2019-12-02,traditional_60_40_ief,PARTIAL_FILL,BUY,IEF,30.843094332038977,94.0442262266753,2900.6149408929605,1.0,1.4503074704464802,0.4,1244.316962535107,,,,
2019-12-02,traditional_60_40_ief,REBALANCE_SUMMARY,,,"{'SPY': 615.1395573480213, 'IEF': 1244.2631865186465}",,,,,,,292547.16169746674,0.15421547165942684,"{'SPY': 0.6, 'IEF': 0.4}","{'IEF': 0.3999894168157871, 'SPY': 0.6000100560368267}"
2020-01-02,traditional_60_40_ief,FILL,SELL,SPY,-8.037191786409721,294.9129966046256,2370.272314016175,1.0,1.1851361570080876,0.6,607.1023655616116,,,,
2020-01-02,traditional_60_40_ief,PARTIAL_FILL,BUY,IEF,25.162951486662475,94.02444755025313,2365.93261226726,1.0,1.1829663061336302,0.4,1269.4739332047245,,,,
2020-01-02,traditional_60_40_ief,REBALANCE_SUMMARY,,,"{'SPY': 607.1023655616116, 'IEF': 1269.426138005309}",,,,,,,298399.59502008976,0.12581475743309056,"{'SPY': 0.6, 'IEF': 0.4}","{'IEF': 0.3999907953084348, 'SPY': 0.6000087830597682}"
2020-02-03,traditional_60_40_ief,FILL,SELL,IEF,-20.978711887325062,96.6345080752309,2027.2675032836562,1.0,1.0136337516418281,0.4,1248.447426117984,,,,
2020-02-03,traditional_60_40_ief,PARTIAL_FILL,BUY,SPY,6.864812083785494,294.73985138812446,2023.3336933823375,1.0,1.0116668466911687,0.6,613.9809512312886,,,,
2020-02-03,traditional_60_40_ief,REBALANCE_SUMMARY,,,"{'SPY': 613.9671776453971, 'IEF': 1248.447426117984}",,,,,,,301603.73190115055,0.034324060418612135,"{'SPY': 0.6, 'IEF': 0.4}","{'IEF': 0.40000533852890074, 'SPY': 0.599994547665941}"
2020-03-02,traditional_60_40_ief,FILL,SELL,IEF,-82.2060888299286,100.10529894941288,8229.265097781994,1.0,4.114632548890997,0.4,1166.2413372880553,,,,
2020-03-02,traditional_60_40_ief,PARTIAL_FILL,BUY,SPY,30.23618062991164,271.8241515658398,8218.924146317211,1.0,4.109462073158605,0.6,644.2415273469878,,,,
2020-03-02,traditional_60_40_ief,REBALANCE_SUMMARY,,,"{'SPY': 644.2033582753087, 'IEF': 1166.2413372880553}",,,,,,,291857.1201963375,0.15118090315081645,"{'SPY': 0.6, 'IEF': 0.4}","{'IEF': 0.40001401246557244, 'SPY': 0.5999854695381455}"
2020-04-01,traditional_60_40_ief,FILL,SELL,IEF,-137.092174962954,104.12903905987088,14275.276441520089,1.0,7.137638220760044,0.4,1029.1491623251013,,,,
2020-04-01,traditional_60_40_ief,PARTIAL_FILL,BUY,SPY,62.71271763087298,227.36771002403904,14258.846997115768,1.0,7.129423498557883,0.6,706.9890001807224,,,,
2020-04-01,traditional_60_40_ief,REBALANCE_SUMMARY,,,"{'SPY': 706.9160759061816, 'IEF': 1029.1491623251013}",,,,,,,267894.5162437403,0.31356358815355634,"{'SPY': 0.6, 'IEF': 0.4}","{'IEF': 0.4000242887565561, 'SPY': 0.5999745407693613}"
2020-05-01,traditional_60_40_ief,FILL,SELL,SPY,-37.397227267566336,261.5948274910563,9782.921215702843,1.0,4.891460607851422,0.6,669.5188486386153,,,,
2020-05-01,traditional_60_40_ief,PARTIAL_FILL,BUY,IEF,93.99832523634467,103.94853108896051,9770.987833140394,1.0,4.885493916570197,0.4,1123.2653049661012,,,,
2020-05-01,traditional_60_40_ief,REBALANCE_SUMMARY,,,"{'SPY': 669.5188486386153, 'IEF': 1123.147487561446}",,,,,,,291892.6692315242,0.4699916261815815,"{'SPY': 0.6, 'IEF': 0.4}","{'IEF': 0.3999741817279595, 'SPY': 0.6000242081198315}"
2020-06-01,traditional_60_40_ief,FILL,SELL,SPY,-16.27542920979306,278.38292576798335,4530.80160155189,1.0,2.2654008007759447,0.6,653.2434194288222,,,,
2020-06-01,traditional_60_40_ief,PARTIAL_FILL,BUY,IEF,43.54385432880628,103.90734306235879,4524.526210000651,1.0,2.2622631050003257,0.4,1166.7562591807791,,,,
2020-06-01,traditional_60_40_ief,REBALANCE_SUMMARY,,,"{'SPY': 653.2434194288222, 'IEF': 1166.6913418902523}",,,,,,,303079.8295682232,0.21771927164445515,"{'SPY': 0.6, 'IEF': 0.4}","{'IEF': 0.3999863589813251, 'SPY': 0.600012922662485}"
2020-07-01,traditional_60_40_ief,FILL,SELL,SPY,-6.117105308889563,285.087337333443,1743.909264699594,1.0,0.8719546323497969,0.6,647.1263141199327,,,,
2020-07-01,traditional_60_40_ief,PARTIAL_FILL,BUY,IEF,16.745858017802757,103.92427474447258,1740.3011494740626,1.0,0.8701505747370313,0.4,1183.474013583268,,,,
2020-07-01,traditional_60_40_ief,REBALANCE_SUMMARY,,,"{'SPY': 647.1263141199327, 'IEF': 1183.437199908055}",,,,,,,307475.45424622094,0.0837292900889679,"{'SPY': 0.6, 'IEF': 0.4}","{'IEF': 0.3999924254363001, 'SPY': 0.6000073022515887}"
2020-08-03,traditional_60_40_ief,FILL,SELL,SPY,-12.601560549435021,302.35464466212443,3810.1403621126715,1.0,1.9050701810563357,0.6,634.5247535704976,,,,
2020-08-03,traditional_60_40_ief,PARTIAL_FILL,BUY,IEF,36.280485970853775,104.85624432091382,3804.2355010413294,1.0,1.9021177505206648,0.4,1219.7747982654932,,,,
2020-08-03,traditional_60_40_ief,REBALANCE_SUMMARY,,,"{'SPY': 634.5247535704976, 'IEF': 1219.7176858789087}",,,,,,,319746.70347061823,0.18140242985418809,"{'SPY': 0.6, 'IEF': 0.4}","{'IEF': 0.3999885355653427, 'SPY': 0.6000108971029916}"
2020-09-01,traditional_60_40_ief,FILL,SELL,SPY,-17.879300491787603,322.51332671022755,5766.312680858227,1.0,2.883156340429114,0.6,616.64545307871,,,,
2020-09-01,traditional_60_40_ief,PARTIAL_FILL,BUY,IEF,55.38411425198479,103.97304094793816,5758.4547789869,1.0,2.87922738949345,0.4,1275.179121177079,,,,
2020-09-01,traditional_60_40_ief,REBALANCE_SUMMARY,,,"{'SPY': 616.64545307871, 'IEF': 1275.1018001308935}",,,,,,,331452.8650715206,0.2769205712593248,"{'SPY': 0.6, 'IEF': 0.4}","{'IEF': 0.39998511296377504, 'SPY': 0.6000140515612588}"
2020-10-01,traditional_60_40_ief,FILL,SELL,IEF,-25.623827001730433,104.15188519125188,2668.769888044728,1.0,1.3343849440223639,0.4,1249.477973129163,,,,
2020-10-01,traditional_60_40_ief,PARTIAL_FILL,BUY,SPY,8.53329853142661,312.22833451482296,2664.337588385115,1.0,1.3321687941925575,0.6,625.1938342266396,,,,
2020-10-01,traditional_60_40_ief,REBALANCE_SUMMARY,,,"{'SPY': 625.1787516101366, 'IEF': 1249.477973129163}",,,,,,,325334.04946212855,0.04266649265719025,"{'SPY': 0.6, 'IEF': 0.4}","{'IEF': 0.40000573755344193, 'SPY': 0.5999941312998405}"
2020-11-02,traditional_60_40_ief,FILL,SELL,IEF,-9.865563380586764,103.19738314419898,1018.1003241197913,1.0,0.5090501620598956,0.4,1239.6124097485763,,,,
2020-11-02,traditional_60_40_ief,PARTIAL_FILL,BUY,SPY,3.3249248385168,305.3030700683594,1015.1097609457231,1.0,0.5075548804728616,0.6,628.5136115916771,,,,
2020-11-02,traditional_60_40_ief,REBALANCE_SUMMARY,,,"{'SPY': 628.5036764486534, 'IEF': 1239.6124097485763}",,,,,,,319808.8753927765,0.016624624192559168,"{'SPY': 0.6, 'IEF': 0.4}","{'IEF': 0.4000037730097875, 'SPY': 0.5999961750072142}"
2020-12-01,traditional_60_40_ief,FILL,SELL,SPY,-24.867905339874028,338.00621842500254,8405.506644081748,1.0,4.2027533220408735,0.6,603.6357711087794,,,,
2020-12-01,traditional_60_40_ief,PARTIAL_FILL,BUY,IEF,81.54286219958416,102.94850115518803,8394.715443351228,1.0,4.197357721675614,0.4,1321.260254781649,,,,
2020-12-01,traditional_60_40_ief,REBALANCE_SUMMARY,,,"{'SPY': 603.6357711087794, 'IEF': 1321.1552719481604}",,,,,,,340044.0070531879,0.40771431099710753,"{'SPY': 0.6, 'IEF': 0.4}","{'IEF': 0.39998045023350115, 'SPY': 0.6000183507619508}"
2021-01-04,traditional_60_40_ief,FILL,SELL,SPY,-7.70600875217167,348.4909400649353,2685.474234192924,1.0,1.342737117096462,0.6,595.9297623566077,,,,
2021-01-04,traditional_60_40_ief,PARTIAL_FILL,BUY,IEF,26.09001508831249,102.76223367915257,2681.068227197785,1.0,1.3405341135988924,0.4,1347.2921303283497,,,,
2021-01-04,traditional_60_40_ief,REBALANCE_SUMMARY,,,"{'SPY': 595.9297623566077, 'IEF': 1347.2452870364727}",,,,,,,346122.18855598214,0.1304500754408764,"{'SPY': 0.6, 'IEF': 0.4}","{'IEF': 0.399991504697153, 'SPY': 0.6000081184126049}"
2021-02-01,traditional_60_40_ief,FILL,SELL,SPY,-1.0582062535811474,347.0146573120808,367.2130804519627,1.0,0.18360654022598136,0.6,594.8715561030266,,,,
2021-02-01,traditional_60_40_ief,PARTIAL_FILL,BUY,IEF,3.5823863409787546,101.87609530400799,364.9595322893281,1.0,0.18247976614466405,0.4,1350.8510743355562,,,,
2021-02-01,traditional_60_40_ief,REBALANCE_SUMMARY,,,"{'SPY': 594.8715561030266, 'IEF': 1350.8276733774514}",,,,,,,344046.21589002036,0.01791193170487304,"{'SPY': 0.6, 'IEF': 0.4}","{'IEF': 0.3999958215970729, 'SPY': 0.6000041263403526}"
2021-03-01,traditional_60_40_ief,FILL,SELL,SPY,-13.222467620335692,358.03639956573255,4734.124700159471,1.0,2.3670623500797356,0.6,581.6490884826909,,,,
2021-03-01,traditional_60_40_ief,PARTIAL_FILL,BUY,IEF,47.61809663650571,99.27263385613223,4727.173872321753,1.0,2.3635869361608766,0.4,1398.5159680080947,,,,
2021-03-01,traditional_60_40_ief,REBALANCE_SUMMARY,,,"{'SPY': 581.6490884826909, 'IEF': 1398.4457700139571}",,,,,,,347079.17843576847,0.2380904831825319,"{'SPY': 0.6, 'IEF': 0.4}","{'IEF': 0.399987678661468, 'SPY': 0.6000116353553387}"
2021-04-01,traditional_60_40_ief,FILL,SELL,SPY,-12.483060408352458,371.14265609357545,4632.996196132483,1.0,2.316498098066242,0.6,569.1660280743384,,,,
2021-04-01,traditional_60_40_ief,PARTIAL_FILL,BUY,IEF,47.50351495235892,97.38999507802535,4626.367087399139,1.0,2.3131835436995694,0.4,1446.0197973347688,,,,
2021-04-01,traditional_60_40_ief,REBALANCE_SUMMARY,,,"{'SPY': 569.1660280743384, 'IEF': 1445.949284966316}",,,,,,,352063.0226812591,0.2375175747611138,"{'SPY': 0.6, 'IEF': 0.4}","{'IEF': 0.39998802678416, 'SPY': 0.6000112985707922}"
2021-05-03,traditional_60_40_ief,FILL,SELL,SPY,-9.85133963714759,390.7338109557142,3849.2514794417602,1.0,1.92462573972088,0.6,559.3146884371909,,,,
2021-05-03,traditional_60_40_ief,PARTIAL_FILL,BUY,IEF,39.179328344405505,98.09884226379961,3843.446751259449,1.0,1.9217233756297243,0.4,1485.1902067568585,,,,
2021-05-03,traditional_60_40_ief,REBALANCE_SUMMARY,,,"{'SPY': 559.3146884371909, 'IEF': 1485.1286133107217}",,,,,,,364232.75321183715,0.1958966417219017,"{'SPY': 0.6, 'IEF': 0.4}","{'IEF': 0.39998983148528444, 'SPY': 0.6000096306810365}"
2021-06-01,traditional_60_40_ief,FILL,SELL,SPY,-1.0693907682242525,393.65898211112926,420.9752812981978,1.0,0.2104876406490989,0.6,558.2452976689666,,,,
2021-06-01,traditional_60_40_ief,PARTIAL_FILL,BUY,IEF,4.256910354187679,98.36477771142539,418.73004072713616,1.0,0.20936502036356805,0.4,1489.4103408532324,,,,
2021-06-01,traditional_60_40_ief,REBALANCE_SUMMARY,,,"{'SPY': 558.2452976689666, 'IEF': 1489.3855236649094}",,,,,,,366261.3728951552,0.021284551770861526,"{'SPY': 0.6, 'IEF': 0.4}","{'IEF': 0.399995977746338, 'SPY': 0.6000039641406494}"
2021-07-01,traditional_60_40_ief,FILL,SELL,SPY,-1.56809171320117,400.83506919032,628.5461503577584,1.0,0.3142730751788792,0.6,556.6772059557654,,,,
2021-07-01,traditional_60_40_ief,PARTIAL_FILL,BUY,IEF,6.293311608440873,99.45618139523843,625.9087409058552,1.0,0.3129543704529276,0.4,1495.7055675886907,,,,
2021-07-01,traditional_60_40_ief,REBALANCE_SUMMARY,,,"{'SPY': 556.6772059557654, 'IEF': 1495.6788352733504}",,,,,,,371890.28338247654,0.031466558042211545,"{'SPY': 0.6, 'IEF': 0.4}","{'IEF': 0.39999567667374714, 'SPY': 0.600004238713776}"
2021-08-02,traditional_60_40_ief,FILL,SELL,SPY,-1.0747136782017606,411.5553422417352,442.3041556441997,1.0,0.2211520778220998,0.6,555.6024922775637,,,,
2021-08-02,traditional_60_40_ief,PARTIAL_FILL,BUY,IEF,4.328390109016012,101.62505704182207,439.8728917280107,1.0,0.21993644586400532,0.4,1500.031458878966,,,,
2021-08-02,traditional_60_40_ief,REBALANCE_SUMMARY,,,"{'SPY': 555.6024922775637, 'IEF': 1500.0072253823664}",,,,,,,381099.51534423255,0.02164195054507445,"{'SPY': 0.6, 'IEF': 0.4}","{'IEF': 0.3999960999817504, 'SPY': 0.6000038432300626}"
2021-09-01,traditional_60_40_ief,FILL,SELL,SPY,-6.903492322409079,422.97638055966155,2920.0141957540045,1.0,1.4600070978770021,0.6,548.6989999551546,,,,
2021-09-01,traditional_60_40_ief,PARTIAL_FILL,BUY,IEF,28.803389999147644,101.20247396503295,2914.97432649343,1.0,1.457487163246715,0.4,1528.8606290917803,,,,
2021-09-01,traditional_60_40_ief,REBALANCE_SUMMARY,,,"{'SPY': 548.6989999551546, 'IEF': 1528.810615381514}",,,,,,,386806.2775353008,0.14401694999560277,"{'SPY': 0.6, 'IEF': 0.4}","{'IEF': 0.39999199983638745, 'SPY': 0.6000076278404154}"
2021-10-01,traditional_60_40_ief,FILL,SELL,IEF,-27.17265521231161,99.64035160207403,2707.4929193166586,1.0,1.3537464596583293,0.4,1501.6379601692024,,,,
2021-10-01,traditional_60_40_ief,PARTIAL_FILL,BUY,SPY,6.688725959798645,404.0976283486504,2702.898297028683,1.0,1.3514491485143416,0.6,555.3994523862451,,,,
2021-10-01,traditional_60_40_ief,REBALANCE_SUMMARY,,,"{'SPY': 555.3877259149532, 'IEF': 1501.6379601692024}",,,,,,,374054.6306300933,0.03344362979851212,"{'SPY': 0.6, 'IEF': 0.4}","{'IEF': 0.40000503155980205, 'SPY': 0.5999948790317878}"
2021-11-01,traditional_60_40_ief,FILL,SELL,SPY,-16.05625631092994,431.5887947913139,6929.70031009468,1.0,3.4648501550473405,0.6,539.3314696040233,,,,
2021-11-01,traditional_60_40_ief,PARTIAL_FILL,BUY,IEF,70.09801822122513,98.72544702398835,6920.458184386132,1.0,3.460229092193066,0.4,1571.8299315668169,,,,
2021-11-01,traditional_60_40_ief,REBALANCE_SUMMARY,,,"{'SPY': 539.3314696040233, 'IEF': 1571.7359783904276}",,,,,,,387940.10651980026,0.35049009110571205,"{'SPY': 0.6, 'IEF': 0.4}","{'IEF': 0.39998529273580236, 'SPY': 0.6000138037997577}"
2021-12-01,traditional_60_40_ief,FILL,SELL,IEF,-6.768353213901719,99.73472948106307,675.0398768207717,1.0,0.33751993841038586,0.4,1564.9676251765259,,,,
2021-12-01,traditional_60_40_ief,PARTIAL_FILL,BUY,SPY,1.5541553996027235,432.84521097923056,672.7087218355513,1.0,0.33635436091777565,0.6,540.8918203940526,,,,
2021-12-01,traditional_60_40_ief,REBALANCE_SUMMARY,,,"{'SPY': 540.8856250036259, 'IEF': 1564.9676251765259}",,,,,,,390201.382984707,0.007770776997972462,"{'SPY': 0.6, 'IEF': 0.4}","{'IEF': 0.4000027410198076, 'SPY': 0.5999972390654064}"
2022-01-03,traditional_60_40_ief,FILL,SELL,SPY,-8.885938503173406,448.15968997839184,3982.319444749249,1.0,1.9911597223746245,0.6,531.9996865004525,,,,
2022-01-03,traditional_60_40_ief,PARTIAL_FILL,BUY,IEF,40.15452762963677,99.02114267747675,3976.1472095609447,1.0,1.9880736047804723,0.4,1605.1845637802053,,,,
2022-01-03,traditional_60_40_ief,REBALANCE_SUMMARY,,,"{'SPY': 531.9996865004525, 'IEF': 1605.1221528061626}",,,,,,,397362.0450510803,0.20077263814755497,"{'SPY': 0.6, 'IEF': 0.4}","{'IEF': 0.3999904663450331, 'SPY': 0.600009028391214}"
2022-02-01,traditional_60_40_ief,FILL,SELL,IEF,-37.50796906620917,97.49563981213932,3656.8634421639927,1.0,1.8284317210819965,0.4,1567.6141837399534,,,,
2022-02-01,traditional_60_40_ief,PARTIAL_FILL,BUY,SPY,8.61063098009833,424.05336552481776,3651.367046402957,1.0,1.8256835232014785,0.6,540.6237525075128,,,,
2022-02-01,traditional_60_40_ief,REBALANCE_SUMMARY,,,"{'SPY': 540.6103174805509, 'IEF': 1567.6141837399534}",,,,,,,382083.215440534,0.04305315490000794,"{'SPY': 0.6, 'IEF': 0.4}","{'IEF': 0.4000059192500646, 'SPY': 0.5999939680698878}"
2022-03-01,traditional_60_40_ief,FILL,SELL,IEF,-34.28636624222827,97.67028268741035,3348.7590832025185,1.0,1.6743795416012592,0.4,1533.3278174977252,,,,
2022-03-01,traditional_60_40_ief,PARTIAL_FILL,BUY,SPY,8.16787064966677,409.3374336179091,3343.4152098576396,1.0,1.6717076049288195,0.6,548.7913482422849,,,,
2022-03-01,traditional_60_40_ief,REBALANCE_SUMMARY,,,"{'SPY': 548.7781881302176, 'IEF': 1533.3278174977252}",,,,,,,374396.0573815354,0.04083935324842969,"{'SPY': 0.6, 'IEF': 0.4}","{'IEF': 0.40000571169171373, 'SPY': 0.5999941792276684}"
2022-04-01,traditional_60_40_ief,FILL,SELL,SPY,-21.002769291932623,427.85312988784034,8986.100577865593,1.0,4.493050288932797,0.6,527.775418838285,,,,
2022-04-01,traditional_60_40_ief,PARTIAL_FILL,BUY,IEF,97.21455322714272,92.31822457401022,8974.67495668543,1.0,4.487337478342715,0.4,1630.6665765421515,,,,
2022-04-01,traditional_60_40_ief,REBALANCE_SUMMARY,,,"{'SPY': 527.775418838285, 'IEF': 1630.5423707248679}",,,,,,,376339.62765860953,0.4860727661362034,"{'SPY': 0.6, 'IEF': 0.4}","{'IEF': 0.3999812023371802, 'SPY': 0.6000175060827405}"
2022-05-02,traditional_60_40_ief,FILL,SELL,IEF,-53.83886916484994,88.81369113083942,4781.628696840657,1.0,2.3908143484203284,0.4,1576.703501560018,,,,
2022-05-02,traditional_60_40_ief,PARTIAL_FILL,BUY,SPY,12.278011634746052,388.92901145512707,4775.274927736331,1.0,2.3876374638681654,0.6,540.0710168234164,,,,
2022-05-02,traditional_60_40_ief,REBALANCE_SUMMARY,,,"{'SPY': 540.053430473031, 'IEF': 1576.703501560018}",,,,,,,350075.3660293487,0.06139005817294674,"{'SPY': 0.6, 'IEF': 0.4}","{'IEF': 0.40000774513429976, 'SPY': 0.5999920795032951}"
2022-06-01,traditional_60_40_ief,FILL,SELL,IEF,-4.427766705601471,89.89972701898053,398.0550181373029,1.0,0.19902750906865144,0.4,1572.2757348544164,,,,
2022-06-01,traditional_60_40_ief,PARTIAL_FILL,BUY,SPY,1.0098493092104635,391.8549734040455,395.71447420275985,1.0,0.19785723710137992,0.6,541.0694094326369,,,,
2022-06-01,traditional_60_40_ief,REBALANCE_SUMMARY,,,"{'SPY': 541.0632797822415, 'IEF': 1572.2757348544164}",,,,,,,353365.50152020145,0.005049246545979713,"{'SPY': 0.6, 'IEF': 0.4}","{'IEF': 0.4000027132074137, 'SPY': 0.5999972725035668}"
2022-07-01,traditional_60_40_ief,FILL,SELL,IEF,-84.098831227054,89.90538414923056,7560.937727969597,1.0,3.7804688639847983,0.4,1488.1769036273624,,,,
2022-07-01,traditional_60_40_ief,PARTIAL_FILL,BUY,SPY,21.1550985118191,356.94850998659183,7551.280892413394,1.0,3.7756404462066975,0.6,562.2454463011609,,,,
2022-07-01,traditional_60_40_ief,REBALANCE_SUMMARY,,,"{'SPY': 562.2183782940606, 'IEF': 1488.1769036273624}",,,,,,,334478.23439726594,0.1057754925577683,"{'SPY': 0.6, 'IEF': 0.4}","{'IEF': 0.4000114280791125, 'SPY': 0.5999882556806014}"
2022-08-01,traditional_60_40_ief,FILL,SELL,SPY,-13.176766535615116,387.8411758992656,5110.492627723058,1.0,2.555246313861529,0.6,549.0416117584455,,,,
2022-08-01,traditional_60_40_ief,PARTIAL_FILL,BUY,IEF,55.49494769812999,91.9581743348082,5103.214075125701,1.0,2.551607037562851,0.4,1543.7521522682127,,,,
2022-08-01,traditional_60_40_ief,REBALANCE_SUMMARY,,,"{'SPY': 549.0416117584455, 'IEF': 1543.6718513254925}",,,,,,,354894.4670166878,0.2774747384901275,"{'SPY': 0.6, 'IEF': 0.4}","{'IEF': 0.39998720299364615, 'SPY': 0.6000120151549465}"
2022-09-01,traditional_60_40_ief,FILL,SELL,SPY,-1.8308299103092622,372.4280160542996,681.8523512293498,1.0,0.34092617561467486,0.6,547.2107818481362,,,,
2022-09-01,traditional_60_40_ief,PARTIAL_FILL,BUY,IEF,7.758314604412741,87.57190674264,679.4104030176944,1.0,0.3397052015088472,0.4,1551.461219529756,,,,
2022-09-01,traditional_60_40_ief,REBALANCE_SUMMARY,,,"{'SPY': 547.2107818481362, 'IEF': 1551.4301659299053}",,,,,,,339658.3624473287,0.03879157302196745,"{'SPY': 0.6, 'IEF': 0.4}","{'IEF': 0.39999515050833007, 'SPY': 0.6000047352840504}"
2022-10-03,traditional_60_40_ief,FILL,SELL,IEF,-43.63550567831635,84.78856069335309,3699.7917215910793,1.0,1.8498958607955396,0.4,1507.794660251589,,,,
2022-10-03,traditional_60_40_ief,PARTIAL_FILL,BUY,SPY,10.748581347675215,343.6806881754969,3694.079834479328,1.0,1.8470399172396639,0.6,557.9760958167665,,,,
2022-10-03,traditional_60_40_ief,REBALANCE_SUMMARY,,,"{'SPY': 557.9593631958114, 'IEF': 1507.794660251589}",,,,,,,319603.65072386083,0.05374290673807991,"{'SPY': 0.6, 'IEF': 0.4}","{'IEF': 0.40000713000088095, 'SPY': 0.5999927018442602}"
2022-11-01,traditional_60_40_ief,FILL,SELL,SPY,-19.939688768668702,371.3404256632253,7404.412514949669,1.0,3.7022062574748342,0.6,538.0196744271427,,,,
2022-11-01,traditional_60_40_ief,PARTIAL_FILL,BUY,IEF,88.6379332662723,83.42504475982922,7394.623550157522,1.0,3.697311775078761,0.4,1596.5505761659645,,,,
2022-11-01,traditional_60_40_ief,REBALANCE_SUMMARY,,,"{'SPY': 538.0196744271427, 'IEF': 1596.4325935178613}",,,,,,,332971.35867690924,0.44318966633090895,"{'SPY': 0.6, 'IEF': 0.4}","{'IEF': 0.39998173146029725, 'SPY': 0.6000169375253234}"
2022-12-01,traditional_60_40_ief,FILL,SELL,SPY,-3.6924894836639623,389.07270016589297,1436.6468537433018,1.0,0.718323426871651,0.6,534.3271849434788,,,,
2022-12-01,traditional_60_40_ief,PARTIAL_FILL,BUY,IEF,16.68590966543445,85.91509443754184,1433.571504682093,1.0,0.7167857523410466,0.4,1613.1594568568098,,,,
2022-12-01,traditional_60_40_ief,REBALANCE_SUMMARY,,,"{'SPY': 534.3271849434788, 'IEF': 1613.1185031832956}",,,,,,,346483.43258748704,0.0834295483268761,"{'SPY': 0.6, 'IEF': 0.4}","{'IEF': 0.3999938106851464, 'SPY': 0.6000059485254234}"
2023-01-03,traditional_60_40_ief,FILL,SELL,IEF,-48.84955967853534,85.47373351073196,4175.354246079727,1.0,2.0876771230398634,0.4,1564.2689435047603,,,,
2023-01-03,traditional_60_40_ief,PARTIAL_FILL,BUY,SPY,11.343908448927696,367.52841345608357,4169.208674625458,1.0,2.084604337312729,0.6,545.6880417446278,,,,
2023-01-03,traditional_60_40_ief,REBALANCE_SUMMARY,,,"{'SPY': 545.6710933924064, 'IEF': 1564.2689435047603}",,,,,,,334253.59475913993,0.056719542243627075,"{'SPY': 0.6, 'IEF': 0.4}","{'IEF': 0.4000073863456455, 'SPY': 0.5999924439642056}"
2023-02-01,traditional_60_40_ief,FILL,SELL,SPY,-5.872615017396242,387.45528923844535,2275.3757501512987,1.0,1.1376878750756494,0.6,539.7984783750102,,,,
2023-02-01,traditional_60_40_ief,PARTIAL_FILL,BUY,IEF,25.901094383872696,87.68084189059864,2271.0297614658143,1.0,1.1355148807329072,0.4,1590.2202507758816,,,,
2023-02-01,traditional_60_40_ief,REBALANCE_SUMMARY,,,"{'SPY': 539.7984783750102, 'IEF': 1590.170037888633}",,,,,,,348575.3527460146,0.12950547191940132,"{'SPY': 0.6, 'IEF': 0.4}","{'IEF': 0.3999922730419574, 'SPY': 0.6000073554301338}"
2023-03-01,traditional_60_40_ief,FILL,SELL,SPY,-3.2758142358929945,378.0846868266854,1238.5351994800005,1.0,0.6192675997400002,0.6,536.5226641391172,,,,
2023-03-01,traditional_60_40_ief,PARTIAL_FILL,BUY,IEF,14.660388046828178,84.26478577762664,1235.3544581828546,1.0,0.6176772290914273,0.4,1604.8697098040254,,,,
2023-03-01,traditional_60_40_ief,REBALANCE_SUMMARY,,,"{'SPY': 536.5226641391172, 'IEF': 1604.830425935461}",,,,,,,338081.7687992662,0.07330194023393233,"{'SPY': 0.6, 'IEF': 0.4}","{'IEF': 0.39999403851664433, 'SPY': 0.6000057446661623}"
2023-04-03,traditional_60_40_ief,FILL,SELL,IEF,-2.4710572933563526,87.68867852306713,216.68374860920557,1.0,0.10834187430460279,0.4,1602.3593686421048,,,,
2023-04-03,traditional_60_40_ief,PARTIAL_FILL,BUY,SPY,0.5466959994798086,392.42779542260035,214.53870584221636,1.0,0.10726935292110817,0.6,537.0750130121527,,,,
2023-04-03,traditional_60_40_ief,REBALANCE_SUMMARY,,,"{'SPY': 537.069360138597, 'IEF': 1602.3593686421048}",,,,,,,351269.72327697853,0.00273347999740281,"{'SPY': 0.6, 'IEF': 0.4}","{'IEF': 0.40000252297431915, 'SPY': 0.5999974692439684}"
2023-05-01,traditional_60_40_ief,FILL,SELL,SPY,-2.2695671209942248,398.781880454679,905.062244328189,1.0,0.45253112216409447,0.6,534.7997930176027,,,,
2023-05-01,traditional_60_40_ief,PARTIAL_FILL,BUY,IEF,10.231929942909233,88.1661853583657,902.1102319203475,1.0,0.4510551159601738,0.4,1612.6248119538395,,,,
2023-05-01,traditional_60_40_ief,REBALANCE_SUMMARY,,,"{'SPY': 534.7997930176027, 'IEF': 1612.591298585014}",,,,,,,355444.5416243165,0.05115964971446374,"{'SPY': 0.6, 'IEF': 0.4}","{'IEF': 0.3999949547364424, 'SPY': 0.6000049013321035}"
2023-06-01,traditional_60_40_ief,FILL,SELL,SPY,-2.969155855152394,401.29664281865877,1191.5122766780196,1.0,0.5957561383390098,0.6,531.8306371624503,,,,
2023-06-01,traditional_60_40_ief,PARTIAL_FILL,BUY,IEF,13.58179736722356,87.4925156269122,1188.3056183933622,1.0,0.5941528091966811,0.4,1626.210331342157,,,,
2023-06-01,traditional_60_40_ief,REBALANCE_SUMMARY,,,"{'SPY': 531.8306371624503, 'IEF': 1626.1730959522376}",,,,,,,355699.89216005174,0.06790898683607338,"{'SPY': 0.6, 'IEF': 0.4}","{'IEF': 0.3999944282964402, 'SPY': 0.6000053807870361}"
2023-07-03,traditional_60_40_ief,FILL,SELL,SPY,-15.870624923072455,426.70853977944085,6772.131186311448,1.0,3.386065593155724,0.6,515.9600122393779,,,,
2023-07-03,traditional_60_40_ief,PARTIAL_FILL,BUY,IEF,78.55389009730659,86.09425621705891,6763.038740884201,1.0,3.3815193704421005,0.4,1704.8333851848254,,,,
2023-07-03,traditional_60_40_ief,REBALANCE_SUMMARY,,,"{'SPY': 515.9600122393779, 'IEF': 1704.7269860495442}",,,,,,,366932.13809378195,0.3927694504855026,"{'SPY': 0.6, 'IEF': 0.4}","{'IEF': 0.39998459300823835, 'SPY': 0.6000143365773452}"
2023-08-01,traditional_60_40_ief,FILL,SELL,SPY,-8.21192319586089,439.5698514127993,3609.713859017892,1.0,1.8048569295089458,0.6,507.748089043517,,,,
2023-08-01,traditional_60_40_ief,PARTIAL_FILL,BUY,IEF,42.321044779344184,85.16538382017877,3604.2880223038205,1.0,1.8021440111519103,0.4,1747.1163520869347,,,,
2023-08-01,traditional_60_40_ief,REBALANCE_SUMMARY,,,"{'SPY': 507.748089043517, 'IEF': 1747.0480308288884}",,,,,,,371978.97975904524,0.21160522389618563,"{'SPY': 0.6, 'IEF': 0.4}","{'IEF': 0.39999038707566054, 'SPY': 0.6000090440609482}"
2023-09-01,traditional_60_40_ief,FILL,SELL,IEF,-4.576755244507467,84.96110221876373,388.84617015886187,1.0,0.19442308507943093,0.4,1742.471275584381,,,,
2023-09-01,traditional_60_40_ief,PARTIAL_FILL,BUY,SPY,0.8856627029146302,436.5833515582069,386.66559118856975,1.0,0.19333279559428487,0.6,508.6392310762907,,,,
2023-09-01,traditional_60_40_ief,REBALANCE_SUMMARY,,,"{'SPY': 508.63375174643164, 'IEF': 1742.471275584381}",,,,,,,370103.3126395799,0.004428313514551974,"{'SPY': 0.6, 'IEF': 0.4}","{'IEF': 0.4000025806371347, 'SPY': 0.5999974073977913}"
2023-10-02,traditional_60_40_ief,FILL,SELL,IEF,-20.48275391964603,81.86866242431724,1676.8956661678615,1.0,0.8384478330839307,0.4,1721.988521664735,,,,
2023-10-02,traditional_60_40_ief,PARTIAL_FILL,BUY,SPY,4.0566982294868525,412.4548256054054,1673.2047607767565,1.0,0.8366023803883783,0.6,512.6994093418301,,,,
2023-10-02,traditional_60_40_ief,REBALANCE_SUMMARY,,,"{'SPY': 512.6904499759185, 'IEF': 1721.988521664735}",,,,,,,352438.56739658467,0.020283491147438326,"{'SPY': 0.6, 'IEF': 0.4}","{'IEF': 0.40000417099665414, 'SPY': 0.5999957714514971}"
2023-11-01,traditional_60_40_ief,FILL,SELL,IEF,-6.233012704453131,80.9316110680988,504.44775997931947,1.0,0.2522238799896597,0.4,1715.7555089602818,,,,
2023-11-01,traditional_60_40_ief,PARTIAL_FILL,BUY,SPY,1.238544016702513,405.28123407598383,501.9586475466204,1.0,0.2509793237733102,0.6,513.9351857323633,,,,
2023-11-01,traditional_60_40_ief,REBALANCE_SUMMARY,,,"{'SPY': 513.9289939926209, 'IEF': 1715.7555089602818}",,,,,,,347144.6406445998,0.006192720083504355,"{'SPY': 0.6, 'IEF': 0.4}","{'IEF': 0.4000028843345519, 'SPY': 0.5999970978264284}"
2023-12-01,traditional_60_40_ief,FILL,SELL,SPY,-8.49666027941538,440.6369649429203,3743.9425976726584,1.0,1.871971298836329,0.6,505.43233371320554,,,,
2023-12-01,traditional_60_40_ief,PARTIAL_FILL,BUY,IEF,44.31309127237034,84.35399456859743,3737.98626050729,1.0,1.8689931302536449,0.4,1760.1392848506828,,,,
2023-12-01,traditional_60_40_ief,REBALANCE_SUMMARY,,,"{'SPY': 505.43233371320554, 'IEF': 1760.068600232652}",,,,,,,371181.2082212445,0.22156545636198643,"{'SPY': 0.6, 'IEF': 0.4}","{'IEF': 0.39999012303416065, 'SPY': 0.6000092800459214}"
2024-01-02,traditional_60_40_ief,FILL,SELL,SPY,-1.378114947644974,458.3335624378489,631.6363334029706,1.0,0.3158181667014853,0.6,504.05421876556056,,,,
2024-01-02,traditional_60_40_ief,PARTIAL_FILL,BUY,IEF,7.21988164977609,87.14704978731884,629.1913855915866,1.0,0.3145956927957933,0.4,1767.3190797428745,,,,
2024-01-02,traditional_60_40_ief,REBALANCE_SUMMARY,,,"{'SPY': 504.05421876556056, 'IEF': 1767.2884818824282}",,,,,,,385038.97916721756,0.03609940824878777,"{'SPY': 0.6, 'IEF': 0.4}","{'IEF': 0.3999958073135156, 'SPY': 0.6000040989312798}"
2024-02-01,traditional_60_40_ief,FILL,SELL,SPY,-3.354877024796906,470.43839078044346,1578.2629488117384,1.0,0.7891314744058692,0.6,500.69934174076366,,,,
2024-02-01,traditional_60_40_ief,PARTIAL_FILL,BUY,IEF,17.901334055695006,87.96177361025202,1574.633093528539,1.0,0.7873165467642694,0.4,1785.2314926181284,,,,
2024-02-01,traditional_60_40_ief,REBALANCE_SUMMARY,,,"{'SPY': 500.69934174076366, 'IEF': 1785.1898159381233}",,,,,,,392576.7445408991,0.08950667027829695,"{'SPY': 0.6, 'IEF': 0.4}","{'IEF': 0.39999430588919477, 'SPY': 0.600005466112913}"
2024-03-01,traditional_60_40_ief,FILL,SELL,SPY,-14.523626217065612,494.0753617325155,7175.765876864538,1.0,3.5878829384322684,0.6,486.17571552369805,,,,
2024-03-01,traditional_60_40_ief,PARTIAL_FILL,BUY,IEF,83.63586151491126,85.68413188303268,7166.266188194713,1.0,3.5831330940973567,0.4,1868.9375907691804,,,,
2024-03-01,traditional_60_40_ief,REBALANCE_SUMMARY,,,"{'SPY': 486.17571552369805, 'IEF': 1868.8256774530346}",,,,,,,400336.56650552695,0.4181793075740643,"{'SPY': 0.6, 'IEF': 0.4}","{'IEF': 0.3999852104718319, 'SPY': 0.6000137449588169}"
2024-04-01,traditional_60_40_ief,FILL,SELL,SPY,-5.2765375076265855,510.07039018205234,2691.4055453253263,1.0,1.3457027726626631,0.6,480.89917801607146,,,,
2024-04-01,traditional_60_40_ief,PARTIAL_FILL,BUY,IEF,31.221118388807046,86.06284994640244,2686.9784270547666,1.0,1.3434892135273833,0.4,1900.1030953669108,,,,
2024-04-01,traditional_60_40_ief,REBALANCE_SUMMARY,,,"{'SPY': 480.89917801607146, 'IEF': 1900.0467958418417}",,,,,,,408816.02975615696,0.15610559194374218,"{'SPY': 0.6, 'IEF': 0.4}","{'IEF': 0.39999273604612473, 'SPY': 0.6000068821058542}"
2024-05-01,traditional_60_40_ief,FILL,SELL,IEF,-21.597420595724543,83.96765721992858,1813.4848094164242,1.0,0.9067424047082121,0.4,1878.4493752461171,,,,
2024-05-01,traditional_60_40_ief,PARTIAL_FILL,BUY,SPY,3.707032342424083,488.2101273744075,1809.8107320759098,1.0,0.9049053660379548,0.6,484.6140557158892,,,,
2024-05-01,traditional_60_40_ief,REBALANCE_SUMMARY,,,"{'SPY': 484.60621035849556, 'IEF': 1878.4493752461171}",,,,,,,394318.67146636674,0.01853516171195224,"{'SPY': 0.6, 'IEF': 0.4}","{'IEF': 0.4000038665658479, 'SPY': 0.599996086428613}"
2024-06-03,traditional_60_40_ief,FILL,SELL,SPY,-7.118034518330717,515.1242033171059,3666.6718604387697,1.0,1.833335930219385,0.6,477.48817584016484,,,,
2024-06-03,traditional_60_40_ief,PARTIAL_FILL,BUY,IEF,42.89583232019015,85.34190797595004,3660.8121744214513,1.0,1.8304060872107257,0.4,1921.4140860495568,,,,
2024-06-03,traditional_60_40_ief,REBALANCE_SUMMARY,,,"{'SPY': 477.48817584016484, 'IEF': 1921.3452075663072}",,,,,,,409937.1965463211,0.21447916160059322,"{'SPY': 0.6, 'IEF': 0.4}","{'IEF': 0.399991187127193, 'SPY': 0.6000082896727573}"
2024-07-01,traditional_60_40_ief,FILL,SELL,SPY,-5.47294996572424,533.0117876323043,2917.146844852836,1.0,1.458573422426418,0.6,472.0152258744406,,,,
2024-07-01,traditional_60_40_ief,PARTIAL_FILL,BUY,IEF,33.95133803753991,85.77796999499661,2912.2768554740856,1.0,1.4561384277370428,0.4,1955.3558203633297,,,,
2024-07-01,traditional_60_40_ief,REBALANCE_SUMMARY,,,"{'SPY': 472.0152258744406, 'IEF': 1955.296545603847}",,,,,,,419311.21750981896,0.16975669018711415,"{'SPY': 0.6, 'IEF': 0.4}","{'IEF': 0.3999925626034553, 'SPY': 0.6000070325500176}"
2024-08-01,traditional_60_40_ief,FILL,SELL,IEF,-27.60733391612075,88.96523236062455,2456.0928767050336,1.0,1.228046438352517,0.4,1927.6892116877264,,,,
2024-08-01,traditional_60_40_ief,PARTIAL_FILL,BUY,SPY,4.542099799120333,539.7913062018092,2451.78598346614,1.0,1.2258929917330699,0.6,476.565618971133,,,,
2024-08-01,traditional_60_40_ief,REBALANCE_SUMMARY,,,"{'SPY': 476.5573256735609, 'IEF': 1927.6892116877264}",,,,,,,428738.84265273914,0.022710498995365924,"{'SPY': 0.6, 'IEF': 0.4}","{'IEF': 0.4000041553869042, 'SPY': 0.5999957916426235}"
2024-09-03,traditional_60_40_ief,FILL,SELL,IEF,-2.7110325641820054,90.44758433520148,245.20634648432946,1.0,0.12260317324216473,0.4,1924.9781791235444,,,,
2024-09-03,traditional_60_40_ief,PARTIAL_FILL,BUY,SPY,0.4437971673182202,547.508549729637,242.98274345251983,1.0,0.12149137172625993,0.6,477.0052256325742,,,,
2024-09-03,traditional_60_40_ief,REBALANCE_SUMMARY,,,"{'SPY': 477.00112284087913, 'IEF': 1924.9781791235444}",,,,,,,435271.82140470337,0.002218985836577758,"{'SPY': 0.6, 'IEF': 0.4}","{'IEF': 0.4000020622465638, 'SPY': 0.5999979326555049}"
2024-10-01,traditional_60_40_ief,FILL,SELL,SPY,-2.6796979048617686,561.8576982708267,1505.6088968867903,1.0,0.7528044484433951,0.6,474.32142493601737,,,,
2024-10-01,traditional_60_40_ief,PARTIAL_FILL,BUY,IEF,16.41312417771115,91.51367021437858,1502.0252331867018,1.0,0.7510126165933508,0.4,1941.4304874218085,,,,
2024-10-01,traditional_60_40_ief,REBALANCE_SUMMARY,,,"{'SPY': 474.32142493601737, 'IEF': 1941.3913033012554}",,,,,,,444165.06960808404,0.08206562088844294,"{'SPY': 0.6, 'IEF': 0.4}","{'IEF': 0.3999950821079608, 'SPY': 0.6000047331282509}"
2024-11-01,traditional_60_40_ief,FILL,SELL,SPY,-6.116427081404709,559.8196194970722,3424.0958813935717,1.0,1.7120479406967857,0.6,468.20499785461266,,,,
2024-11-01,traditional_60_40_ief,PARTIAL_FILL,BUY,IEF,38.73990949352643,88.2439572719837,3418.562918067262,1.0,1.7092814590336312,0.4,1980.1948435420961,,,,
2024-11-01,traditional_60_40_ief,REBALANCE_SUMMARY,,,"{'SPY': 468.20499785461266, 'IEF': 1980.131212794782}",,,,,,,436845.15157992824,0.19369954746753137,"{'SPY': 0.6, 'IEF': 0.4}","{'IEF': 0.399992110483143, 'SPY': 0.6000074461113464}"
2024-12-02,traditional_60_40_ief,FILL,SELL,SPY,-8.837282865220061,590.8323780737772,5221.352850968613,1.0,2.6106764254843067,0.6,459.3677149893926,,,,
2024-12-02,traditional_60_40_ief,PARTIAL_FILL,BUY,IEF,58.75592491865706,88.74058376488769,5214.035076927538,1.0,2.607017538463769,0.4,2038.9717830162958,,,,
2024-12-02,traditional_60_40_ief,REBALANCE_SUMMARY,,,"{'SPY': 459.3677149893926, 'IEF': 2038.887137713439}",,,,,,,452341.6480685361,0.29377962459329865,"{'SPY': 0.6, 'IEF': 0.4}","{'IEF': 0.3999897767627132, 'SPY': 0.600009573773268}"
2025-01-02,traditional_60_40_ief,FILL,SELL,IEF,-2.119886955414586,87.18872128951716,184.83023292092543,1.0,0.09241511646046272,0.4,2036.7672507580244,,,,
2025-01-02,traditional_60_40_ief,PARTIAL_FILL,BUY,SPY,0.31570005618314917,579.4694871635404,182.93854965395033,1.0,0.09146927482697516,0.6,459.6871865347395,,,,
2025-01-02,traditional_60_40_ief,REBALANCE_SUMMARY,,,"{'SPY': 459.68341504557577, 'IEF': 2036.7672507580244}",,,,,,,443955.64651050244,0.0015785002809423077,"{'SPY': 0.6, 'IEF': 0.4}","{'IEF': 0.4000019676599755, 'SPY': 0.5999980287844886}"
2025-02-03,traditional_60_40_ief,FILL,SELL,IEF,-1.5976679479974791,87.78800622456507,140.2560837635908,1.0,0.0701280418817954,0.4,2035.169582810027,,,,
2025-02-03,traditional_60_40_ief,PARTIAL_FILL,BUY,SPY,0.23703211312535757,582.694423110387,138.1172904162162,1.0,0.0690586452081081,0.6,459.92412039078073,,,,
2025-02-03,traditional_60_40_ief,REBALANCE_SUMMARY,,,"{'SPY': 459.9204471587011, 'IEF': 2035.169582810027}",,,,,,,446656.5608227432,0.00118516056562612,"{'SPY': 0.6, 'IEF': 0.4}","{'IEF': 0.40000191573291405, 'SPY': 0.5999980816136814}"
2025-03-03,traditional_60_40_ief,FILL,SELL,IEF,-18.691835329670084,89.67996052536442,1676.2830545114252,1.0,0.8381415272557126,0.4,2016.4777474803568,,,,
2025-03-03,traditional_60_40_ief,PARTIAL_FILL,BUY,SPY,2.853551313957794,586.1452445030724,1672.5955326218545,1.0,0.8362977663109272,0.6,462.78029163477987,,,,
2025-03-03,traditional_60_40_ief,REBALANCE_SUMMARY,,,"{'SPY': 462.7739984726589, 'IEF': 2016.4777474803568}",,,,,,,452090.4375464918,0.014267756569779522,"{'SPY': 0.6, 'IEF': 0.4}","{'IEF': 0.40000325106570583, 'SPY': 0.5999967173747756}"
2025-04-01,traditional_60_40_ief,FILL,SELL,IEF,-85.35735014773263,90.48914416272115,7723.913562866045,1.0,3.861956781433023,0.4,1931.1203973326242,,,,
2025-04-01,traditional_60_40_ief,PARTIAL_FILL,BUY,SPY,14.0329555446754,549.715889513425,7714.138639743587,1.0,3.8570693198717936,0.6,476.8247617450456,,,,
2025-04-01,traditional_60_40_ief,REBALANCE_SUMMARY,,,"{'SPY': 476.8069540173343, 'IEF': 1931.1203973326242}",,,,,,,436853.8610484066,0.07016477772322105,"{'SPY': 0.6, 'IEF': 0.4}","{'IEF': 0.40000889910971876, 'SPY': 0.5999909402764376}"
2025-05-01,traditional_60_40_ief,FILL,SELL,IEF,-5.154028995513272,91.36618718900421,470.9039779816209,1.0,0.23545198899081046,0.4,1925.966368337111,,,,
2025-05-01,traditional_60_40_ief,PARTIAL_FILL,BUY,SPY,0.8478177669817321,552.5954041380958,468.5002015807281,1.0,0.23425010079036407,0.6,477.65924873283944,,,,
2025-05-01,traditional_60_40_ief,REBALANCE_SUMMARY,,,"{'SPY': 477.65477178431604, 'IEF': 1925.966368337111}",,,,,,,439918.039620948,0.004239088834879112,"{'SPY': 0.6, 'IEF': 0.4}","{'IEF': 0.4000022456020143, 'SPY': 0.5999977447618978}"
2025-06-02,traditional_60_40_ief,FILL,SELL,SPY,-11.88626088032504,579.6053591727813,6889.340506762174,1.0,3.444670253381087,0.6,465.768510903991,,,,
2025-06-02,traditional_60_40_ief,PARTIAL_FILL,BUY,IEF,76.55646984957514,89.86931173994371,6880.07725462107,1.0,3.4400386273105354,0.4,2002.6259600538795,,,,
2025-06-02,traditional_60_40_ief,REBALANCE_SUMMARY,,,"{'SPY': 465.768510903991, 'IEF': 2002.522838186686}",,,,,,,449927.6570475846,0.3827823492465541,"{'SPY': 0.6, 'IEF': 0.4}","{'IEF': 0.3999873010525399, 'SPY': 0.6000118481832467}"
2025-07-01,traditional_60_40_ief,FILL,SELL,SPY,-5.930871296055898,609.6053849111585,3615.4910792906967,1.0,1.8077455396453483,0.6,459.8376396079351,,,,
2025-07-01,traditional_60_40_ief,PARTIAL_FILL,BUY,IEF,39.44715515903724,91.51645622721787,3610.063848400303,1.0,1.8050319242001516,0.4,2042.0334793402556,,,,
2025-07-01,traditional_60_40_ief,REBALANCE_SUMMARY,,,"{'SPY': 459.8376396079351, 'IEF': 2041.9699933457232}",,,,,,,467193.5560389259,0.19723577579452467,"{'SPY': 0.6, 'IEF': 0.4}","{'IEF': 0.399992369538903, 'SPY': 0.6000072082896581}"
2025-08-01,traditional_60_40_ief,FILL,SELL,SPY,-2.4475511577821294,619.4364414435403,1516.1023794275793,1.0,0.7580511897137896,0.6,457.390088450153,,,,
2025-08-01,traditional_60_40_ief,PARTIAL_FILL,BUY,IEF,16.485844102389894,91.75767852749235,1512.7027834014475,1.0,0.7563513917007239,0.4,2058.4950366939925,,,,
2025-08-01,traditional_60_40_ief,REBALANCE_SUMMARY,,,"{'SPY': 457.390088450153, 'IEF': 2058.455837448113}",,,,,,,472203.3001659334,0.08242922051181267,"{'SPY': 0.6, 'IEF': 0.4}","{'IEF': 0.3999953598994997, 'SPY': 0.6000044655375092}"
2025-09-02,traditional_60_40_ief,FILL,SELL,SPY,-2.439649964990906,630.5136938017484,1538.2327110097224,1.0,0.7691163555048611,0.6,454.95043848516207,,,,
2025-09-02,traditional_60_40_ief,PARTIAL_FILL,BUY,IEF,16.653443002306222,92.15484201931761,1534.6954089552403,1.0,0.7673477044776201,0.4,2075.148559246797,,,,
2025-09-02,traditional_60_40_ief,REBALANCE_SUMMARY,,,"{'SPY': 454.95043848516207, 'IEF': 2075.109280450419}",,,,,,,478083.9326459479,0.08326721501157408,"{'SPY': 0.6, 'IEF': 0.4}","{'IEF': 0.3999953875344885, 'SPY': 0.6000044382968994}"
2025-10-01,traditional_60_40_ief,FILL,SELL,SPY,-4.981247827953041,657.7208144097488,3276.270378178066,1.0,1.638135189089033,0.6,449.969190657209,,,,
2025-10-01,traditional_60_40_ief,PARTIAL_FILL,BUY,IEF,34.982282183032744,93.50176552536163,3270.9051462199636,1.0,1.6354525731099818,0.4,2110.1498342515597,,,,
2025-10-01,traditional_60_40_ief,REBALANCE_SUMMARY,,,"{'SPY': 449.969190657209, 'IEF': 2110.0915626334518}",,,,,,,493251.56397616287,0.17491141091522877,"{'SPY': 0.6, 'IEF': 0.4}","{'IEF': 0.39999323050485375, 'SPY': 0.6000064148862131}"
2025-11-03,traditional_60_40_ief,FILL,SELL,SPY,-5.615975157056482,680.0359699637585,3819.0651132212756,1.0,1.9095325566106378,0.6,444.35321550015254,,,,
2025-11-03,traditional_60_40_ief,PARTIAL_FILL,BUY,IEF,40.71335990633087,93.66017257950601,3813.2203151184904,1.0,1.9066101575592453,0.4,2150.8691943572258,,,,
2025-11-03,traditional_60_40_ief,REBALANCE_SUMMARY,,,"{'SPY': 444.35321550015254, 'IEF': 2150.8049225397826}",,,,,,,503621.1337058878,0.20356679953101775,"{'SPY': 0.6, 'IEF': 0.4}","{'IEF': 0.3999926666055476, 'SPY': 0.600006929188223}"
2025-12-01,traditional_60_40_ief,FILL,SELL,IEF,-21.25303609796856,94.27863358736447,2003.7072028994082,1.0,1.0018536014497041,0.4,2129.551886441814,,,,
2025-12-01,traditional_60_40_ief,PARTIAL_FILL,BUY,SPY,2.9705853627631424,673.2323336611282,1999.8941161126195,1.0,0.9999470580563098,0.6,447.3297670849544,,,,
2025-12-01,traditional_60_40_ief,REBALANCE_SUMMARY,,,"{'SPY': 447.3238008629157, 'IEF': 2129.551886441814}",,,,,,,501924.10321716196,0.014852926813773593,"{'SPY': 0.6, 'IEF': 0.4}","{'IEF': 0.40000318916795097, 'SPY': 0.5999967812400714}"
2026-01-02,traditional_60_40_ief,FILL,SELL,SPY,-2.625737753912631,682.0852055985325,1790.976875725326,1.0,0.895488437862663,0.6,444.69806310900304,,,,
2026-01-02,traditional_60_40_ief,PARTIAL_FILL,BUY,IEF,18.988470553206383,94.11541277018472,1787.1077439895166,1.0,0.8935538719947582,0.4,2148.5816253117428,,,,
2026-01-02,traditional_60_40_ief,REBALANCE_SUMMARY,,,"{'SPY': 444.69806310900304, 'IEF': 2148.5403569950204}",,,,,,,505532.8272993127,0.09494235276565632,"{'SPY': 0.6, 'IEF': 0.4}","{'IEF': 0.3999953151059421, 'SPY': 0.6000044970875542}"
2026-02-02,traditional_60_40_ief,FILL,SELL,SPY,-1.5671304711630683,685.9347490634862,1074.949246486982,1.0,0.5374746232434909,0.6,443.13093263784,,,,
2026-02-02,traditional_60_40_ief,PARTIAL_FILL,BUY,IEF,11.425885119418247,93.81449373713778,1071.9136279769189,1.0,0.5359568139884594,0.4,2159.9996118075233,,,,
2026-02-02,traditional_60_40_ief,REBALANCE_SUMMARY,,,"{'SPY': 443.13093263784, 'IEF': 2159.9662421144385}",,,,,,,506595.1017039049,0.057129425596940564,"{'SPY': 0.6, 'IEF': 0.4}","{'IEF': 0.3999962471246138, 'SPY': 0.6000036401040124}"
2026-03-02,traditional_60_40_ief,FILL,SELL,IEF,-46.445453512752465,95.76789739844139,4447.983426633357,1.0,2.2239917133166784,0.4,2113.520788601686,,,,
2026-03-02,traditional_60_40_ief,PARTIAL_FILL,BUY,SPY,6.578999070775559,675.1122534180175,4441.5628879063315,1.0,2.2207814439531655,0.6,449.71952665837364,,,,
2026-03-02,traditional_60_40_ief,REBALANCE_SUMMARY,,,"{'SPY': 449.70993170861556, 'IEF': 2113.520788601686}",,,,,,,506012.1603075408,0.032894995352762635,"{'SPY': 0.6, 'IEF': 0.4}","{'IEF': 0.40000509455990413, 'SPY': 0.599994840431786}"
2026-04-01,traditional_60_40_ief,FILL,SELL,IEF,-17.559336697920116,93.81759939038305,1647.3748158863211,1.0,0.8236874079431605,0.4,2095.961451903766,,,,
2026-04-01,traditional_60_40_ief,PARTIAL_FILL,BUY,SPY,2.5202388351284286,652.219751792706,1643.7495475058022,1.0,0.8218747737529011,0.6,452.2357793333671,,,,
2026-04-01,traditional_60_40_ief,REBALANCE_SUMMARY,,,"{'SPY': 452.230170543744, 'IEF': 2095.961451903766}",,,,,,,491591.5340188011,0.012601194175658748,"{'SPY': 0.6, 'IEF': 0.4}","{'IEF': 0.4000029663343889, 'SPY': 0.5999970080321465}"
2026-05-01,traditional_60_40_ief,FILL,SELL,SPY,-17.023971985626304,719.3966516418469,12246.988444104167,1.0,6.123494222052083,0.6,435.2061985581177,,,,
2026-05-01,traditional_60_40_ief,PARTIAL_FILL,BUY,IEF,130.48875670008434,93.74071270278645,12232.109052766407,1.0,6.116054526383204,0.4,2226.6090722619406,,,,
2026-05-01,traditional_60_40_ief,REBALANCE_SUMMARY,,,"{'SPY': 435.2061985581177, 'IEF': 2226.45020860385}",,,,,,,521795.5638120626,0.6524437834996206,"{'SPY': 0.6, 'IEF': 0.4}","{'IEF': 0.3999823759079794, 'SPY': 0.6000163737100153}"
2026-06-01,traditional_60_40_ief,FILL,SELL,SPY,-8.687630291383357,753.4189990020213,6545.4257178336875,1.0,3.2727128589168437,0.6,426.51856826673435,,,,
2026-06-01,traditional_60_40_ief,PARTIAL_FILL,BUY,IEF,70.08061849594704,93.28094689714584,6537.186452439572,1.0,3.268593226219786,0.4,2296.6261489149524,,,,
2026-06-01,traditional_60_40_ief,REBALANCE_SUMMARY,,,"{'SPY': 426.51856826673435, 'IEF': 2296.530827099797}",,,,,,,535570.1132927453,0.3504030924777908,"{'SPY': 0.6, 'IEF': 0.4}","{'IEF': 0.39998977690015247, 'SPY': 0.6000095688379988}"
2026-07-01,traditional_60_40_ief,FILL,SELL,IEF,-21.697675477402754,93.71827327602267,2033.468679845687,1.0,1.0167343399228435,0.4,2274.8331516223943,,,,
2026-07-01,traditional_60_40_ief,PARTIAL_FILL,BUY,SPY,2.7245286430006836,745.0,2029.7738390355094,1.0,1.0148869195177548,0.6,429.2485267673224,,,,
2026-07-01,traditional_60_40_ief,REBALANCE_SUMMARY,,,"{'SPY': 429.243096909735, 'IEF': 2274.8331516223943}",,,,,,,532979.5557814992,0.013622643214830532,"{'SPY': 0.6, 'IEF': 0.4}","{'IEF': 0.40000302572300617, 'SPY': 0.5999969487175834}"
2026-08-03,traditional_60_40_ief,FILL,SELL,SPY,-2.6874156844705794,749.4400024414062,2014.0568171307045,1.0,1.0070284085653523,0.6,426.55568122526444,,,,
2026-08-03,traditional_60_40_ief,PARTIAL_FILL,BUY,IEF,21.658944778801953,92.80000305175781,2009.9501415706752,1.0,1.0049750707853375,0.4,2296.536496164857,,,,
2026-08-03,traditional_60_40_ief,REBALANCE_SUMMARY,,,"{'SPY': 426.55568122526444, 'IEF': 2296.4920964011962}",,,,,,,532792.4726279505,0.10829472389355033,"{'SPY': 0.6, 'IEF': 0.4}","{'IEF': 0.3999952786554978, 'SPY': 0.6000045180857674}"
