date,gross_return,cost,net_return,exposure,n_holdings,equity_gross,equity_net
2005-02-01,0.0,0.0005,-0.0005,0.0,1,1.0,0.9995
2005-02-02,0.0,0.0,0.0,0.0,1,1.0,0.9995
2005-02-03,0.0,0.0,0.0,0.0,1,1.0,0.9995
2005-02-04,0.0,0.0,0.0,0.0,1,1.0,0.9995
2005-02-07,0.0,0.0,0.0,0.0,1,1.0,0.9995
2005-02-08,0.0,0.0,0.0,0.0,1,1.0,0.9995
2005-02-09,0.0,0.0,0.0,0.0,1,1.0,0.9995
2005-02-10,0.0,0.0,0.0,0.0,1,1.0,0.9995
2005-02-11,0.0,0.0,0.0,0.0,1,1.0,0.9995
2005-02-14,0.0,0.0,0.0,0.0,1,1.0,0.9995
2005-02-15,0.0,0.0,0.0,0.0,1,1.0,0.9995
2005-02-16,0.0,0.0,0.0,0.0,1,1.0,0.9995
2005-02-17,0.0,0.0,0.0,0.0,1,1.0,0.9995
2005-02-18,0.0,0.0,0.0,0.0,1,1.0,0.9995
2005-02-22,0.0,0.0,0.0,0.0,1,1.0,0.9995
2005-02-23,0.0,0.0,0.0,0.0,1,1.0,0.9995
2005-02-24,0.0,0.0,0.0,0.0,1,1.0,0.9995
2005-02-25,0.0,0.0,0.0,0.0,1,1.0,0.9995
2005-02-28,0.0,0.0,0.0,0.0,1,1.0,0.9995
2005-03-01,0.0,0.0,0.0,0.0,1,1.0,0.9995
2005-03-02,0.0,0.0,0.0,0.0,1,1.0,0.9995
2005-03-03,0.0,0.0,0.0,0.0,1,1.0,0.9995
2005-03-04,0.0,0.0,0.0,0.0,1,1.0,0.9995
2005-03-07,0.0,0.0,0.0,0.0,1,1.0,0.9995
2005-03-08,0.0,0.0,0.0,0.0,1,1.0,0.9995
2005-03-09,0.0,0.0,0.0,0.0,1,1.0,0.9995
2005-03-10,0.0,0.0,0.0,0.0,1,1.0,0.9995
2005-03-11,0.0,0.0,0.0,0.0,1,1.0,0.9995
2005-03-14,0.0,0.0,0.0,0.0,1,1.0,0.9995
2005-03-15,0.0,0.0,0.0,0.0,1,1.0,0.9995
2005-03-16,0.0,0.0,0.0,0.0,1,1.0,0.9995
2005-03-17,0.0,0.0,0.0,0.0,1,1.0,0.9995
2005-03-18,0.0,0.0,0.0,0.0,1,1.0,0.9995
2005-03-21,0.0,0.0,0.0,0.0,1,1.0,0.9995
2005-03-22,0.0,0.0,0.0,0.0,1,1.0,0.9995
2005-03-23,0.0,0.0,0.0,0.0,1,1.0,0.9995
2005-03-24,0.0,0.0,0.0,0.0,1,1.0,0.9995
2005-03-28,0.0,0.0,0.0,0.0,1,1.0,0.9995
2005-03-29,0.0,0.0,0.0,0.0,1,1.0,0.9995
2005-03-30,0.0,0.0,0.0,0.0,1,1.0,0.9995
2005-03-31,0.0,0.0,0.0,0.0,1,1.0,0.9995
2005-04-01,0.0,0.0,0.0,0.0,1,1.0,0.9995
2005-04-04,0.0,0.0,0.0,0.0,1,1.0,0.9995
2005-04-05,0.0,0.0,0.0,0.0,1,1.0,0.9995
2005-04-06,0.0,0.0,0.0,0.0,1,1.0,0.9995
2005-04-07,0.0,0.0,0.0,0.0,1,1.0,0.9995
2005-04-08,0.0,0.0,0.0,0.0,1,1.0,0.9995
2005-04-11,0.0,0.0,0.0,0.0,1,1.0,0.9995
2005-04-12,0.0,0.0,0.0,0.0,1,1.0,0.9995
2005-04-13,0.0,0.0,0.0,0.0,1,1.0,0.9995
2005-04-14,0.0,0.0,0.0,0.0,1,1.0,0.9995
2005-04-15,0.0,0.0,0.0,0.0,1,1.0,0.9995
2005-04-18,0.0,0.0,0.0,0.0,1,1.0,0.9995
2005-04-19,0.0,0.0,0.0,0.0,1,1.0,0.9995
2005-04-20,0.0,0.0,0.0,0.0,1,1.0,0.9995
2005-04-21,0.0,0.0,0.0,0.0,1,1.0,0.9995
2005-04-22,0.0,0.0,0.0,0.0,1,1.0,0.9995
2005-04-25,0.0,0.0,0.0,0.0,1,1.0,0.9995
2005-04-26,0.0,0.0,0.0,0.0,1,1.0,0.9995
2005-04-27,0.0,0.0,0.0,0.0,1,1.0,0.9995
2005-04-28,0.0,0.0,0.0,0.0,1,1.0,0.9995
2005-04-29,0.0,0.0,0.0,0.0,1,1.0,0.9995
2005-05-02,0.0,0.0,0.0,0.0,1,1.0,0.9995
2005-05-03,0.0,0.0,0.0,0.0,1,1.0,0.9995
2005-05-04,0.0,0.0,0.0,0.0,1,1.0,0.9995
2005-05-05,0.0,0.0,0.0,0.0,1,1.0,0.9995
2005-05-06,0.0,0.0,0.0,0.0,1,1.0,0.9995
2005-05-09,0.0,0.0,0.0,0.0,1,1.0,0.9995
2005-05-10,0.0,0.0,0.0,0.0,1,1.0,0.9995
2005-05-11,0.0,0.0,0.0,0.0,1,1.0,0.9995
2005-05-12,0.0,0.0,0.0,0.0,1,1.0,0.9995
2005-05-13,0.0,0.0,0.0,0.0,1,1.0,0.9995
2005-05-16,0.0,0.0,0.0,0.0,1,1.0,0.9995
2005-05-17,0.0,0.0,0.0,0.0,1,1.0,0.9995
2005-05-18,0.0,0.0,0.0,0.0,1,1.0,0.9995
2005-05-19,0.0,0.0,0.0,0.0,1,1.0,0.9995
2005-05-20,0.0,0.0,0.0,0.0,1,1.0,0.9995
2005-05-23,0.0,0.0,0.0,0.0,1,1.0,0.9995
2005-05-24,0.0,0.0,0.0,0.0,1,1.0,0.9995
2005-05-25,0.0,0.0,0.0,0.0,1,1.0,0.9995
2005-05-26,0.0,0.0,0.0,0.0,1,1.0,0.9995
2005-05-27,0.0,0.0,0.0,0.0,1,1.0,0.9995
2005-05-31,0.0,0.0,0.0,0.0,1,1.0,0.9995
2005-06-01,0.0,0.0,0.0,0.0,1,1.0,0.9995
2005-06-02,0.0,0.0,0.0,0.0,1,1.0,0.9995
2005-06-03,0.0,0.0,0.0,0.0,1,1.0,0.9995
2005-06-06,0.0,0.0,0.0,0.0,1,1.0,0.9995
2005-06-07,0.0,0.0,0.0,0.0,1,1.0,0.9995
2005-06-08,0.0,0.0,0.0,0.0,1,1.0,0.9995
2005-06-09,0.0,0.0,0.0,0.0,1,1.0,0.9995
2005-06-10,0.0,0.0,0.0,0.0,1,1.0,0.9995
2005-06-13,0.0,0.0,0.0,0.0,1,1.0,0.9995
2005-06-14,0.0,0.0,0.0,0.0,1,1.0,0.9995
2005-06-15,0.0,0.0,0.0,0.0,1,1.0,0.9995
2005-06-16,0.0,0.0,0.0,0.0,1,1.0,0.9995
2005-06-17,0.0,0.0,0.0,0.0,1,1.0,0.9995
2005-06-20,0.0,0.0,0.0,0.0,1,1.0,0.9995
2005-06-21,0.0,0.0,0.0,0.0,1,1.0,0.9995
2005-06-22,0.0,0.0,0.0,0.0,1,1.0,0.9995
2005-06-23,0.0,0.0,0.0,0.0,1,1.0,0.9995
2005-06-24,0.0,0.0,0.0,0.0,1,1.0,0.9995
2005-06-27,0.0,0.0,0.0,0.0,1,1.0,0.9995
2005-06-28,0.0,0.0,0.0,0.0,1,1.0,0.9995
2005-06-29,0.0,0.0,0.0,0.0,1,1.0,0.9995
2005-06-30,0.0,0.0,0.0,0.0,1,1.0,0.9995
2005-07-01,0.0,0.0,0.0,0.0,1,1.0,0.9995
2005-07-05,0.0,0.0,0.0,0.0,1,1.0,0.9995
2005-07-06,0.0,0.0,0.0,0.0,1,1.0,0.9995
2005-07-07,0.0,0.0,0.0,0.0,1,1.0,0.9995
2005-07-08,0.0,0.0,0.0,0.0,1,1.0,0.9995
2005-07-11,0.0,0.0,0.0,0.0,1,1.0,0.9995
2005-07-12,0.0,0.0,0.0,0.0,1,1.0,0.9995
2005-07-13,0.0,0.0,0.0,0.0,1,1.0,0.9995
2005-07-14,0.0,0.0,0.0,0.0,1,1.0,0.9995
2005-07-15,0.0,0.0,0.0,0.0,1,1.0,0.9995
2005-07-18,0.0,0.0,0.0,0.0,1,1.0,0.9995
2005-07-19,0.0,0.0,0.0,0.0,1,1.0,0.9995
2005-07-20,0.0,0.0,0.0,0.0,1,1.0,0.9995
2005-07-21,0.0,0.0,0.0,0.0,1,1.0,0.9995
2005-07-22,0.0,0.0,0.0,0.0,1,1.0,0.9995
2005-07-25,0.0,0.0,0.0,0.0,1,1.0,0.9995
2005-07-26,0.0,0.0,0.0,0.0,1,1.0,0.9995
2005-07-27,0.0,0.0,0.0,0.0,1,1.0,0.9995
2005-07-28,0.0,0.0,0.0,0.0,1,1.0,0.9995
2005-07-29,0.0,0.0,0.0,0.0,1,1.0,0.9995
2005-08-01,0.0,0.0,0.0,0.0,1,1.0,0.9995
2005-08-02,0.0,0.0,0.0,0.0,1,1.0,0.9995
2005-08-03,0.0,0.0,0.0,0.0,1,1.0,0.9995
2005-08-04,0.0,0.0,0.0,0.0,1,1.0,0.9995
2005-08-05,0.0,0.0,0.0,0.0,1,1.0,0.9995
2005-08-08,0.0,0.0,0.0,0.0,1,1.0,0.9995
2005-08-09,0.0,0.0,0.0,0.0,1,1.0,0.9995
2005-08-10,0.0,0.0,0.0,0.0,1,1.0,0.9995
2005-08-11,0.0,0.0,0.0,0.0,1,1.0,0.9995
2005-08-12,0.0,0.0,0.0,0.0,1,1.0,0.9995
2005-08-15,0.0,0.0,0.0,0.0,1,1.0,0.9995
2005-08-16,0.0,0.0,0.0,0.0,1,1.0,0.9995
2005-08-17,0.0,0.0,0.0,0.0,1,1.0,0.9995
2005-08-18,0.0,0.0,0.0,0.0,1,1.0,0.9995
2005-08-19,0.0,0.0,0.0,0.0,1,1.0,0.9995
2005-08-22,0.0,0.0,0.0,0.0,1,1.0,0.9995
2005-08-23,0.0,0.0,0.0,0.0,1,1.0,0.9995
2005-08-24,0.0,0.0,0.0,0.0,1,1.0,0.9995
2005-08-25,0.0,0.0,0.0,0.0,1,1.0,0.9995
2005-08-26,0.0,0.0,0.0,0.0,1,1.0,0.9995
2005-08-29,0.0,0.0,0.0,0.0,1,1.0,0.9995
2005-08-30,0.0,0.0,0.0,0.0,1,1.0,0.9995
2005-08-31,0.0,0.0,0.0,0.0,1,1.0,0.9995
2005-09-01,0.0,0.0,0.0,0.0,1,1.0,0.9995
2005-09-02,0.0,0.0,0.0,0.0,1,1.0,0.9995
2005-09-06,0.0,0.0,0.0,0.0,1,1.0,0.9995
2005-09-07,0.0,0.0,0.0,0.0,1,1.0,0.9995
2005-09-08,0.0,0.0,0.0,0.0,1,1.0,0.9995
2005-09-09,0.0,0.0,0.0,0.0,1,1.0,0.9995
2005-09-12,0.0,0.0,0.0,0.0,1,1.0,0.9995
2005-09-13,0.0,0.0,0.0,0.0,1,1.0,0.9995
2005-09-14,0.0,0.0,0.0,0.0,1,1.0,0.9995
2005-09-15,0.0,0.0,0.0,0.0,1,1.0,0.9995
2005-09-16,0.0,0.0,0.0,0.0,1,1.0,0.9995
2005-09-19,0.0,0.0,0.0,0.0,1,1.0,0.9995
2005-09-20,0.0,0.0,0.0,0.0,1,1.0,0.9995
2005-09-21,0.0,0.0,0.0,0.0,1,1.0,0.9995
2005-09-22,0.0,0.0,0.0,0.0,1,1.0,0.9995
2005-09-23,0.0,0.0,0.0,0.0,1,1.0,0.9995
2005-09-26,0.0,0.0,0.0,0.0,1,1.0,0.9995
2005-09-27,0.0,0.0,0.0,0.0,1,1.0,0.9995
2005-09-28,0.0,0.0,0.0,0.0,1,1.0,0.9995
2005-09-29,0.0,0.0,0.0,0.0,1,1.0,0.9995
2005-09-30,0.0,0.0,0.0,0.0,1,1.0,0.9995
2005-10-03,0.0,0.0,0.0,0.0,1,1.0,0.9995
2005-10-04,0.0,0.0,0.0,0.0,1,1.0,0.9995
2005-10-05,0.0,0.0,0.0,0.0,1,1.0,0.9995
2005-10-06,0.0,0.0,0.0,0.0,1,1.0,0.9995
2005-10-07,0.0,0.0,0.0,0.0,1,1.0,0.9995
2005-10-10,0.0,0.0,0.0,0.0,1,1.0,0.9995
2005-10-11,0.0,0.0,0.0,0.0,1,1.0,0.9995
2005-10-12,0.0,0.0,0.0,0.0,1,1.0,0.9995
2005-10-13,0.0,0.0,0.0,0.0,1,1.0,0.9995
2005-10-14,0.0,0.0,0.0,0.0,1,1.0,0.9995
2005-10-17,0.0,0.0,0.0,0.0,1,1.0,0.9995
2005-10-18,0.0,0.0,0.0,0.0,1,1.0,0.9995
2005-10-19,0.0,0.0,0.0,0.0,1,1.0,0.9995
2005-10-20,0.0,0.0,0.0,0.0,1,1.0,0.9995
2005-10-21,0.0,0.0,0.0,0.0,1,1.0,0.9995
2005-10-24,0.0,0.0,0.0,0.0,1,1.0,0.9995
2005-10-25,0.0,0.0,0.0,0.0,1,1.0,0.9995
2005-10-26,0.0,0.0,0.0,0.0,1,1.0,0.9995
2005-10-27,0.0,0.0,0.0,0.0,1,1.0,0.9995
2005-10-28,0.0,0.0,0.0,0.0,1,1.0,0.9995
2005-10-31,0.0,0.0,0.0,0.0,1,1.0,0.9995
2005-11-01,0.0,0.0,0.0,0.0,1,1.0,0.9995
2005-11-02,0.0,0.0,0.0,0.0,1,1.0,0.9995
2005-11-03,0.0,0.0,0.0,0.0,1,1.0,0.9995
2005-11-04,0.0,0.0,0.0,0.0,1,1.0,0.9995
2005-11-07,0.0,0.0,0.0,0.0,1,1.0,0.9995
2005-11-08,0.0,0.0,0.0,0.0,1,1.0,0.9995
2005-11-09,0.0,0.0,0.0,0.0,1,1.0,0.9995
2005-11-10,0.0,0.0,0.0,0.0,1,1.0,0.9995
2005-11-11,0.0,0.0,0.0,0.0,1,1.0,0.9995
2005-11-14,0.0,0.0,0.0,0.0,1,1.0,0.9995
2005-11-15,0.0,0.0,0.0,0.0,1,1.0,0.9995
2005-11-16,0.0,0.0,0.0,0.0,1,1.0,0.9995
2005-11-17,0.0,0.0,0.0,0.0,1,1.0,0.9995
2005-11-18,0.0,0.0,0.0,0.0,1,1.0,0.9995
2005-11-21,0.0,0.0,0.0,0.0,1,1.0,0.9995
2005-11-22,0.0,0.0,0.0,0.0,1,1.0,0.9995
2005-11-23,0.0,0.0,0.0,0.0,1,1.0,0.9995
2005-11-25,0.0,0.0,0.0,0.0,1,1.0,0.9995
2005-11-28,0.0,0.0,0.0,0.0,1,1.0,0.9995
2005-11-29,0.0,0.0,0.0,0.0,1,1.0,0.9995
2005-11-30,0.0,0.0,0.0,0.0,1,1.0,0.9995
2005-12-01,0.0,0.0,0.0,0.0,1,1.0,0.9995
2005-12-02,0.0,0.0,0.0,0.0,1,1.0,0.9995
2005-12-05,0.0,0.0,0.0,0.0,1,1.0,0.9995
2005-12-06,0.0,0.0,0.0,0.0,1,1.0,0.9995
2005-12-07,0.0,0.0,0.0,0.0,1,1.0,0.9995
2005-12-08,0.0,0.0,0.0,0.0,1,1.0,0.9995
2005-12-09,0.0,0.0,0.0,0.0,1,1.0,0.9995
2005-12-12,0.0,0.0,0.0,0.0,1,1.0,0.9995
2005-12-13,0.0,0.0,0.0,0.0,1,1.0,0.9995
2005-12-14,0.0,0.0,0.0,0.0,1,1.0,0.9995
2005-12-15,0.0,0.0,0.0,0.0,1,1.0,0.9995
2005-12-16,0.0,0.0,0.0,0.0,1,1.0,0.9995
2005-12-19,0.0,0.0,0.0,0.0,1,1.0,0.9995
2005-12-20,0.0,0.0,0.0,0.0,1,1.0,0.9995
2005-12-21,0.0,0.0,0.0,0.0,1,1.0,0.9995
2005-12-22,0.0,0.0,0.0,0.0,1,1.0,0.9995
2005-12-23,0.0,0.0,0.0,0.0,1,1.0,0.9995
2005-12-27,0.0,0.0,0.0,0.0,1,1.0,0.9995
2005-12-28,0.0,0.0,0.0,0.0,1,1.0,0.9995
2005-12-29,0.0,0.0,0.0,0.0,1,1.0,0.9995
2005-12-30,0.0,0.0,0.0,0.0,1,1.0,0.9995
2006-01-03,0.0,0.0,0.0,0.0,1,1.0,0.9995
2006-01-04,0.0,0.0,0.0,0.0,1,1.0,0.9995
2006-01-05,0.0,0.0,0.0,0.0,1,1.0,0.9995
2006-01-06,0.0,0.0,0.0,0.0,1,1.0,0.9995
2006-01-09,0.0,0.0,0.0,0.0,1,1.0,0.9995
2006-01-10,0.0,0.0,0.0,0.0,1,1.0,0.9995
2006-01-11,0.0,0.0,0.0,0.0,1,1.0,0.9995
2006-01-12,0.0,0.0,0.0,0.0,1,1.0,0.9995
2006-01-13,0.0,0.0,0.0,0.0,1,1.0,0.9995
2006-01-17,0.0,0.0,0.0,0.0,1,1.0,0.9995
2006-01-18,0.0,0.0,0.0,0.0,1,1.0,0.9995
2006-01-19,0.0,0.0,0.0,0.0,1,1.0,0.9995
2006-01-20,0.0,0.0,0.0,0.0,1,1.0,0.9995
2006-01-23,0.0,0.0,0.0,0.0,1,1.0,0.9995
2006-01-24,0.0,0.0,0.0,0.0,1,1.0,0.9995
2006-01-25,0.0,0.0,0.0,0.0,1,1.0,0.9995
2006-01-26,0.0,0.0,0.0,0.0,1,1.0,0.9995
2006-01-27,0.0,0.0,0.0,0.0,1,1.0,0.9995
2006-01-30,0.0,0.0,0.0,0.0,1,1.0,0.9995
2006-01-31,0.0,0.0,0.0,0.0,1,1.0,0.9995
2006-02-01,0.0027205010960347775,0.001,0.0017205010960347775,1.0,2,1.0027205010960347,1.001219640845487
2006-02-02,-0.00506125629862525,0.0,-0.00506125629862525,1.0,2,0.9976454756441018,0.9961522116319506
2006-02-03,-0.005732362164690641,0.0,-0.005732362164690641,1.0,2,0.9919266104657447,0.9904419063837187
2006-02-06,0.006400463912412668,0.0,0.006400463912412668,1.0,2,0.9982754009397925,0.9967811940628688
2006-02-07,-0.026950460285701694,0.0,-0.026950460285701694,1.0,2,0.9713714193925717,0.9699174820787432
2006-02-08,0.00525762535011598,0.0,0.00525762535011598,1.0,2,0.9764785263915482,0.9750169448200411
2006-02-09,0.009666745143093514,0.0,0.009666745143093514,1.0,2,0.9859178954438789,0.9844421851358142
2006-02-10,-0.013489363338234028,0.0,-0.013489363338234028,1.0,2,0.9726184907305694,0.9711626868150322
2006-02-13,-0.013093628311641736,0.0,-0.013093628311641736,1.0,2,0.9598833857239133,0.9584466435637408
2006-02-14,0.012937878579463158,0.0,0.012937878579463158,1.0,2,0.9723022404188533,0.9708469098630624
2006-02-15,-0.002310882290670113,0.0,-0.002310882290670113,1.0,2,0.9700553643902905,0.9686033969321081
2006-02-16,0.011559577759172157,0.0,0.011559577759172157,1.0,2,0.9812687948056621,0.9798000432167431
2006-02-17,0.002998318864535554,0.0,0.002998318864535554,1.0,2,0.9842109515443079,0.9827377961697925
2006-02-21,-0.0007424697011982895,0.0,-0.0007424697011982895,1.0,2,0.9834802047331987,0.9820081431319141
2006-02-22,0.005387323075132289,0.0,0.005387323075132289,1.0,2,0.9887785303340937,0.9872985382613764
2006-02-23,-0.006686302470595873,0.0,-0.006686302470595873,1.0,2,0.9821672580038486,0.9806971616057837
2006-02-24,0.013100431791521261,0.0,0.013100431791521261,1.0,2,0.9950340731751935,0.9935447178795388
2006-02-27,-0.00241414072404017,0.0,-0.00241414072404017,1.0,2,0.9926319208973338,0.9911461611149509
2006-02-28,0.0010675630578632633,0.0,0.0010675630578632633,1.0,2,0.9936916180661397,0.9922042721415003
2006-03-01,0.00934124903280975,0.0,0.00934124903280975,1.0,2,1.0029739389323111,1.0014726993389917
2006-03-02,0.0036004129981085375,0.0,0.0036004129981085375,1.0,2,1.0065850593388073,1.0050784146629428
2006-03-03,-0.006575162149734692,0.0,-0.006575162149734692,1.0,2,0.9999665993561543,0.9984698611133356
2006-03-06,-0.013183841609316016,0.0,-0.013183841609316016,1.0,2,0.9867831980956364,0.9853061926127417
2006-03-07,-0.009776735639928924,0.0,-0.009776735639928924,1.0,2,0.9771356796339317,0.9756731144431819
2006-03-08,-0.007195140907827802,0.0,-0.007195140907827802,1.0,2,0.9701050507328994,0.968653008904784
2006-03-09,-0.0018431542192753336,0.0,-0.0018431542192753336,1.0,2,0.9683169975155007,0.9668676320244074
2006-03-10,0.004034666772123163,0.0,0.004034666772123163,1.0,2,0.9722238339302586,0.9707686207323777
2006-03-13,0.005489123133123108,0.0,0.005489123133123108,1.0,2,0.9775604902676588,0.9760972892253498
2006-03-14,0.010701863398494216,0.0,0.010701863398494216,1.0,2,0.9880222090982682,0.9865433490782799
2006-03-15,0.006874039629626405,0.0,0.006874039629626405,1.0,2,0.9948139129185608,0.9933248871561885
2006-03-16,0.000855591706957759,0.0,0.000855591706957759,1.0,2,0.9956650674524201,0.994174767691954
2006-03-17,4.582083381937663e-05,0.0,4.582083381937663e-05,1.0,2,0.9957106896560156,0.9942203216087719
2006-03-20,0.0001881636457476965,0.0,0.0001881636457476965,1.0,2,0.9958980462094913,0.9944073977291623
2006-03-21,-0.01003162932736712,0.0,-0.01003162932736712,1.0,2,0.9859075661620685,0.9844318713147516
2006-03-22,0.007011564558091765,0.0,0.007011564558091765,1.0,2,0.992820320710525,0.991334278933518
2006-03-23,0.001727545606829528,0.0,0.001727545606829528,1.0,2,0.9945354630939395,0.9930468541119891
2006-03-24,0.013357124421631061,0.0,0.013357124421631061,1.0,2,1.0078195970162096,1.0063111044988722
2006-03-27,0.0061548723163317165,0.0,0.0061548723163317165,1.0,2,1.0140225979537412,1.0125048208575693
2006-03-28,-0.0055185712531941045,0.0,-0.0055185712531941045,1.0,2,1.0084266419945844,1.0069172408594642
2006-03-29,0.01821939334306244,0.0,0.01821939334306244,1.0,2,1.0267995636427072,1.0252626621345937
2006-03-30,0.012004569329891801,0.0,0.012004569329891801,1.0,2,1.0391258501923588,1.037570498843538
2006-03-31,-0.0024813404741384493,0.0,-0.0024813404741384493,1.0,2,1.036547425162553,1.0349959331699854
2006-04-03,-0.0009405814964010273,0.0,-0.0009405814964010273,1.0,2,1.035572467834303,1.0340224351463954
2006-04-04,0.00106080899081884,0.0,0.00106080899081884,1.0,2,1.036671012418826,1.035119335442307
2006-04-05,0.0054014620874288655,0.0,0.0054014620874288655,1.0,2,1.0422705515895427,1.040710493288663
2006-04-06,0.006325605498048503,0.0,0.006325605498048503,1.0,2,1.0488635439211316,1.0472936173068865
2006-04-07,-0.013812236903620989,0.0,-0.013812236903620989,1.0,2,1.0343763921729214,1.0328281497569936
2006-04-10,0.008070437551913112,0.0,0.008070437551913112,1.0,2,1.0427242622511261,1.0411635248414655
2006-04-11,-0.013821283514666383,0.0,-0.013821283514666383,1.0,2,1.028312474594932,1.026773308579502
2006-04-12,0.008789238032831437,0.0,0.008789238032831437,1.0,2,1.0373505577062767,1.0357978635943652
2006-04-13,0.001887881876229791,0.0,0.001887881876229791,1.0,2,1.0393089530234672,1.0377533276084825
2006-04-17,0.01360953907250273,0.0,0.01360953907250273,1.0,2,1.0534534688280421,1.05187667206819
2006-04-18,0.02017968749595811,0.0,0.02017968749595811,1.0,2,1.074711830620525,1.0731032145948145
2006-04-19,0.01898534571374816,0.0,0.01898534571374816,1.0,2,1.0951156062675107,1.0934764501104315
2006-04-20,-0.02464113987144273,0.0,-0.02464113987144273,1.0,2,1.0681307094380732,1.0665319439571317
2006-04-21,0.01714723463779938,0.0,0.01714723463779938,1.0,2,1.086446197336647,1.084820017448873
2006-04-24,-0.016321330858158956,0.0,-0.016321330858158956,1.0,2,1.068713949490327,1.067114311022536
2006-04-25,0.009505526425845623,0.0,0.009505526425845623,1.0,2,1.0788726381788774,1.077257794305359
2006-04-26,0.006515054942377141,0.0,0.006515054942377141,1.0,2,1.08590155269244,1.0842761880223624
2006-04-27,-0.009553829267855696,0.0,-0.009553829267855696,1.0,2,1.075527034656317,1.0739171984427953
2006-04-28,0.02189636237168474,0.0,0.02189636237168474,1.0,2,1.0990771643476953,1.0974320785770832
2006-05-01,-0.00558617597783817,0.0,-0.00558617597783817,1.0,2,1.0929375258944258,1.091301629862427
2006-05-02,0.017437221042724493,0.0,0.017437221042724493,1.0,2,1.1119953191193355,1.1103308976066235
2006-05-03,-0.0014837236068538373,0.0,-0.0014837236068538373,1.0,2,1.1103454254136471,1.1086834734424253
2006-05-04,0.013748353458618023,0.0,0.013748353458618023,1.0,2,1.1256108467833936,1.12392604570904
2006-05-05,0.0065662883069813605,0.0,0.0065662883069813605,1.0,2,1.1330019321248388,1.131306068160891
2006-05-08,-0.0024216520028380595,0.0,-0.0024216520028380595,1.0,2,1.1302581957266893,1.1285664385551064
2006-05-09,0.014860444000808104,0.0,0.014860444000808104,1.0,2,1.1470543343507402,1.1453374369164462
2006-05-10,0.0020351013721903177,0.0,0.0020351013721903177,1.0,2,1.1493887062005543,1.1476683147059359
2006-05-11,-0.006513128054041695,0.0,-0.006513128054041695,1.0,2,1.1419025903732007,1.1401934040086898
2006-05-12,-0.011384147214552609,0.0,-0.011384147214552609,1.0,2,1.1289030031797134,1.127213274444393
2006-05-15,-0.028633080564459346,0.0,-0.028633080564459346,1.0,2,1.0965790325402085,1.0949376859438986
2006-05-16,0.009696682759447683,0.0,0.009696682759447683,1.0,2,1.1072122115394127,1.1055549493258603
2006-05-17,-0.012405214868949244,0.0,-0.012405214868949244,1.0,2,1.0934770061497419,1.0918403026300427
2006-05-18,-0.009664886597182676,0.0,-0.009664886597182676,1.0,2,1.0829086748886778,1.0812877899228897
2006-05-19,-0.009555102601587984,0.0,-0.009555102601587984,1.0,2,1.0725613713919668,1.070955974148332
2006-05-22,-0.007585781900727284,0.0,-0.007585781900727284,1.0,2,1.0644251547534425,1.062831935703162
2006-05-23,0.0018979419768701544,0.0,0.0018979419768701544,1.0,2,1.0664453719358855,1.064849129048291
2006-05-24,-0.013773882739497645,0.0,-0.013773882739497645,1.0,2,1.0517562784347607,1.0501820220095237
2006-05-25,0.015470879179940278,0.0,0.015470879179940278,1.0,2,1.0680278727451684,1.0664292611889785
2006-05-26,0.006065798825596214,0.0,0.006065798825596214,1.0,2,1.0745063149613703,1.07289800654908
2006-05-30,-0.01374135895686801,0.0,-0.01374135895686801,1.0,2,1.0597411379860646,1.058154929916981
2006-05-31,0.0019943771234532948,0.0,0.0019943771234532948,1.0,2,1.0618546614684463,1.0602652899022766
2006-06-01,-0.0031547994364921617,0.0,-0.0031547994364921617,1.0,2,1.058504722980809,1.0569203655631607
2006-06-02,0.007166737177968285,0.0,0.007166737177968285,1.0,2,1.0660907481320507,1.064495036041194
2006-06-05,-0.01620728139880817,0.0,-0.01620728139880817,1.0,2,1.0488123153804088,1.0472424654444399
2006-06-06,-0.007960132348507232,0.0,-0.007960132348507232,1.0,2,1.0404636305412365,1.038906276818525
2006-06-07,-0.006932611925688115,0.0,-0.006932611925688115,1.0,2,1.0332504999679015,1.0317039427741808
2006-06-08,-0.010618318014334216,0.0,-0.010618318014334216,1.0,2,1.0222791175707726,1.0207489822131621
2006-06-09,-0.008129636890033931,0.0,-0.008129636890033931,1.0,2,1.013968359544658,1.0124506636318975
2006-06-12,-0.014915280599029024,0.0,-0.014915280599029024,1.0,2,0.9988447369435123,0.9973496778911546
2006-06-13,-0.04436134627294669,0.0,-0.04436134627294669,1.0,2,0.9545346396950508,0.9531059034750133
2006-06-14,0.0034292447104529167,0.0,0.0034292447104529167,1.0,2,0.9578079725591692,0.9563743368530064
2006-06-15,0.03224834789740971,0.0,0.03224834789740971,1.0,2,0.9886956972771698,0.9872158291879966
2006-06-16,-0.003393423895230563,0.0,-0.003393423895230563,1.0,2,0.9853406336729178,0.9838657874034802
2006-06-19,-0.021266224008224976,0.0,-0.021266224008224976,1.0,2,0.9643861590328232,0.9629426771745291
2006-06-20,0.007718552657011601,0.0,0.007718552657011601,1.0,2,0.9718298243830112,0.9703752009339844
2006-06-21,0.017924968649808304,0.0,0.017924968649808304,1.0,2,0.9892498435180254,0.9877691459892775
2006-06-22,-0.007016622525015115,0.0,-0.007016622525015115,1.0,2,0.9823086507831291,0.9808383427500141
2006-06-23,0.005306424996596171,0.0,0.005306424996596171,1.0,2,0.9875211979620174,0.9860430878496028
2006-06-26,0.008671459106971646,0.0,0.008671459106971646,1.0,2,0.9960844476474127,0.9945935201636027
2006-06-27,-0.013710832288626462,0.0,-0.013710832288626462,1.0,2,0.9824273008404099,0.9809568152132849
2006-06-28,0.001023980322643614,0.0,0.001023980322643614,1.0,2,0.9834332870648982,0.9819612956894264
2006-06-29,0.03636115800208817,0.0,0.03636115800208817,1.0,2,1.019192060200378,1.0176665455139249
2006-06-30,0.01766091119492419,0.0,0.01766091119492419,1.0,2,1.0371919206661486,1.0356394640002915
2006-07-03,0.013993250723441264,0.0,0.013993250723441264,1.0,2,1.0517056072603577,1.050131426679138
2006-07-05,-0.004745276933888709,0.0,-0.004745276933888709,1.0,2,1.0467149729009837,1.0451482622425659
2006-07-06,0.004025172698892521,0.0,0.004025172698892521,1.0,2,1.0509281814334268,1.0493551644940395
2006-07-07,-0.010515481006702965,0.0,-0.010515481006702965,1.0,2,1.0398771661021546,1.0383206901925168
2006-07-10,-0.004803518298784837,0.0,-0.004803518298784837,1.0,2,1.0348820971062944,1.0333330977571702
2006-07-11,0.018766066035936113,0.0,0.018766066035936113,1.0,2,1.0543027628799992,1.0527246949067997
2006-07-12,-0.0017025413922244215,0.0,-0.0017025413922244215,1.0,2,1.0525077687862594,1.050932387539104
2006-07-13,-0.006553494070029531,0.0,-0.006553494070029531,1.0,2,1.0456101653648586,1.0440451083693643
2006-07-14,-0.001675734542362639,0.0,-0.001675734542362639,1.0,2,1.0438580002929112,1.042295565917485
2006-07-17,-0.01519611078193256,0.0,-0.01519611078193256,1.0,2,1.0279954184798537,1.026456727030286
2006-07-18,-0.004623902421640069,0.0,-0.004623902421640069,1.0,2,1.0232420679749097,1.021710491284462
2006-07-19,0.02083673228664712,0.0,0.02083673228664712,1.0,2,1.0445630890097382,1.042999599265815
2006-07-20,-0.02437899992538639,0.0,-0.02437899992538639,1.0,2,1.0190976855407083,1.0175723121131357
2006-07-21,-0.013682913800037222,0.0,-0.013682913800037222,1.0,2,1.0051534597556375,1.0036489578811871
2006-07-24,0.011318491355763904,0.0,0.011318491355763904,1.0,2,1.0165302805010978,1.0150087499351867
2006-07-25,0.004587891730937543,0.0,0.004587891730937543,1.0,2,1.0211940113692564,1.0196655001858435
2006-07-26,0.002586339952186323,0.0,0.002586339952186323,1.0,2,1.0238351662397942,1.0223027018068402
2006-07-27,0.0026532628186600182,0.0,0.0026532628186600182,1.0,2,1.0265516700188149,1.02501513955496
2006-07-28,0.012102024081728502,0.0,0.012102024081728502,1.0,2,1.038975023050521,1.0374198974579905
2006-07-31,0.0004740561737068272,0.0,0.0004740561737068272,1.0,2,1.0394675555745254,1.0379116927651069
2006-08-01,0.005094420029014113,0.0005,0.004594420029014112,1.0,2,1.0447630399091548,1.042680295034695
2006-08-02,0.006716807352387555,0.0,0.006716807352387555,1.0,2,1.0517805119771193,1.0496837777065735
2006-08-03,-0.0035022956357788626,0.0,-0.0035022956357788626,1.0,2,1.0480968656802245,1.046007474792964
2006-08-04,0.00046178847844291493,0.0,0.00046178847844291493,1.0,2,1.048580864737088,1.0464905089931886
2006-08-07,0.0005404567294198248,0.0,0.0005404567294198248,1.0,2,1.049147577321776,1.047056091831048
2006-08-08,-0.006020609452639547,0.0,-0.006020609452639547,1.0,2,1.0428310695005385,1.040752176027126
2006-08-09,0.0034944139981176736,0.0,0.0034944139981176736,1.0,2,1.0464751529874732,1.0443889949996068
2006-08-10,-0.009187327241837184,0.0,-0.009187327241837184,1.0,2,1.0368608433065256,1.0347938515347719
2006-08-11,-0.00564729054946711,0.0,-0.00564729054946711,1.0,2,1.0310053888650081,1.028950069996353
2006-08-14,-0.0032699563937083065,0.0,-0.0032699563937083065,1.0,2,1.0276340462017413,1.0255854481361617
2006-08-15,0.0040405384790214716,0.0,0.0040405384790214716,1.0,2,1.0317862411077718,1.0297293656028803
2006-08-16,0.008032770824986102,0.0,0.008032770824986102,1.0,2,1.0400743435229645,1.0380009456085266
2006-08-17,-0.010436313799621733,0.0,-0.010436313799621733,1.0,2,1.0292198012990232,1.027168042015852
2006-08-18,0.0026450875892816694,0.0,0.0026450875892816694,1.0,2,1.031942177822082,1.0298849914558947
2006-08-21,0.009276197417657173,0.0,0.009276197417657173,1.0,2,1.0415146771871668,1.0394384079541217
2006-08-22,-0.0031607683885913618,0.0,-0.0031607683885913618,1.0,2,1.0382226905192597,1.0361529838923726
2006-08-23,-0.003107734812914209,0.0,-0.003107734812914209,1.0,2,1.0349961697203756,1.0329328951928254
2006-08-24,-0.0010636224170968434,0.0,-0.0010636224170968434,1.0,2,1.0338953245926517,1.0318342446101416
2006-08-25,0.0007806745989388242,0.0,0.0007806745989388242,1.0,2,1.0347024604105226,1.0326397713952238
2006-08-28,-0.003837904980670992,0.0,-0.003837904980670992,1.0,2,1.0307313706842005,1.0286765980733472
2006-08-29,8.313037214763286e-05,0.0,8.313037214763286e-05,1.0,2,1.0308170557666296,1.0287621123417645
2006-08-30,0.004251675229712315,0.0,0.004251675229712315,1.0,2,1.0351997551089978,1.0331360747320746
2006-08-31,0.006984877886837937,0.0,0.006984877886837937,1.0,2,1.0424304989869186,1.0403524040545653
2006-09-01,0.0017856113169004706,0.0,0.0017856113169004706,1.0,2,1.044291874682992,1.0422100690808098
2006-09-05,0.010745521753610543,0.0,0.010745521753610543,1.0,2,1.0555133357395168,1.0534091600499496
2006-09-06,-0.00836647277181124,0.0,-0.00836647277181124,1.0,2,1.0466824121557685,1.044595840994815
2006-09-07,-0.015185890892647935,0.0,-0.015185890892647935,1.0,2,1.0307876072455175,1.0287327225265541
2006-09-08,-0.003544780318359475,0.0,-0.003544780318359475,1.0,2,1.0271336916229448,1.0250860910188897
2006-09-11,-0.017227132422776847,0.0,-0.017227132422776847,1.0,2,1.0094391235014606,1.0074267971841606
2006-09-12,0.003371487399226547,0.0,0.003371487399226547,1.0,2,1.012842434786632,1.01082332393651
2006-09-13,0.004584204264157066,0.0,0.004584204264157066,1.0,2,1.0174855113951002,1.0154571445284093
2006-09-14,-0.012163350697784736,0.0,-0.012163350697784736,1.0,2,1.0051094782900867,1.0031057831609391
2006-09-15,0.0030158288206237893,0.0,0.0030158288206237893,1.0,2,1.008140716422596,1.0061309784919301
2006-09-18,0.007905507327988948,0.0,0.007905507327988948,1.0,2,1.0161105802439188,1.0140849543153148
2006-09-19,-0.012531481208903072,0.0,-0.012531481208903072,1.0,2,1.0033772096014246,1.001376967766081
2006-09-20,0.00571326631676361,0.0,0.00571326631676361,1.0,2,1.0091097708160488,1.007098101066402
2006-09-21,0.0036038960389957464,0.0,0.0036038960389957464,1.0,2,1.0127464975220046,1.0107275779237153
2006-09-22,0.003249706172482769,0.0,0.003249706172482769,1.0,2,1.016037626066162,1.0140121455723925
2006-09-25,0.003853510884970879,0.0,0.003853510884970879,1.0,2,1.0199529381177481,1.0179196524128484
2006-09-26,0.006202356835483869,0.0,0.006202356835483869,1.0,2,1.0262790501953545,1.0242331533269646
2006-09-27,0.009666807814187162,0.0,0.009666807814187162,1.0,2,1.0361998925373197,1.0341342183770954
2006-09-28,-0.0003533743512831311,0.0,-0.0003533743512831311,1.0,2,1.0358337260724946,1.0337687818685366
2006-09-29,-0.0030885865372223265,0.0,-0.0030885865372223265,1.0,2,1.0326344639713463,1.0305758975262567
2006-10-02,-0.003613312163948945,0.0005,-0.004113312163948946,1.0,2,1.0289032333017656,1.0263368171510894
2006-10-03,0.0003530667920523811,0.0,0.0003530667920523811,1.0,2,1.0292665048656797,1.0266991825986862
2006-10-04,0.01800538672226476,0.0,0.01800538672226476,1.0,2,1.0477988463260601,1.0451852984288086
2006-10-05,0.007345920127863559,0.0,0.007345920127863559,1.0,2,1.055495892961239,1.0528631461498839
2006-10-06,-0.0032028284530271622,0.0,-0.0032028284530271622,1.0,2,1.0521153206832095,1.0494910061082512
2006-10-09,0.004115838086033774,0.0,0.004115838086033774,1.0,2,1.056445656990977,1.0538105411621415
2006-10-10,0.000935936721069841,0.0,0.000935936721069841,1.0,2,1.0574344232751696,1.0547968411446655
2006-10-11,-0.0025437975989566763,0.0,-0.0025437975989566763,1.0,2,1.054744524128188,1.0521136514727747
2006-10-12,0.014385447011390995,0.0,0.014385447011390995,1.0,2,1.0699174955905888,1.0672487766559973
2006-10-13,0.005269161009867573,0.0,0.005269161009867573,1.0,2,1.07555506314213,1.0728722822977819
2006-10-16,0.003735041125249361,0.0,0.003735041125249361,1.0,2,1.0795723055354358,1.076879504394304
2006-10-17,-0.004059400619145115,0.0,-0.004059400619145115,1.0,2,1.0751898890499334,1.072508019067421
2006-10-18,0.000758740108503575,0.0,0.000758740108503575,1.0,2,1.0760056787430132,1.0733217739181793
2006-10-19,0.003255943103333492,0.0,0.003255943103333492,1.0,2,1.0795090920118642,1.0768164485456257
2006-10-20,-0.004800538275435806,0.0,-0.004800538275435806,1.0,2,1.0743268672969803,1.0716471499687636
2006-10-23,0.0033094922838737273,0.0,0.0033094922838737273,1.0,2,1.0778823437746579,1.0751937579426205
2006-10-24,0.0024922889938073234,0.0,0.0024922889938073234,1.0,2,1.0805687380766666,1.0778734515117512
2006-10-25,0.005010756565507535,0.0,0.005010756565507535,1.0,2,1.0859832049754665,1.0832744129857
2006-10-26,0.0057333515806936575,0.0,0.0057333515806936575,1.0,2,1.0922095285003193,1.0894852060537166
2006-10-27,-0.008988701153458956,0.0,-0.008988701153458956,1.0,2,1.0823919834516695,1.079692149125385
2006-10-30,0.0018274967023553246,0.0,0.0018274967023553246,1.0,2,1.0843700512320833,1.0816652829674704
2006-10-31,-0.001635892647956605,0.0,-0.001635892647956605,1.0,2,1.0825961382376084,1.0798957946835142
2006-11-01,-0.014146404121033407,0.0,-0.014146404121033407,1.0,2,1.067281295766229,1.0646191523633166
2006-11-02,-0.0010118926438884568,0.0,-0.0010118926438884568,1.0,2,1.0662013216740833,1.0635418720744974
2006-11-03,0.0015489920009701952,0.0,0.0015489920009701952,1.0,2,1.0678528589927803,1.0651892899270377
2006-11-06,0.011423269024403604,0.0,0.011423269024403604,1.0,2,1.0800512294795332,1.0773572337477877
2006-11-07,0.0052159905116833105,0.0,0.0052159905116833105,1.0,2,1.0856847664446303,1.0829767188567094
2006-11-08,0.0037062553979517743,0.0,0.0037062553979517743,1.0,2,1.0897085914707398,1.0869905071668284
2006-11-09,-0.007184685915816835,0.0,-0.007184685915816835,1.0,2,1.0818793775012554,1.0791808217793604
2006-11-10,0.0043761842484427715,0.0,0.0043761842484427715,1.0,2,1.0866138809917916,1.083903515892853
2006-11-13,0.0019505374602470926,0.0,0.0019505374602470926,1.0,2,1.0887333620714905,1.0860177103038955
2006-11-14,0.013374060711423108,0.0,0.013374060711423108,1.0,2,1.1032941481543865,1.1005421770951807
2006-11-15,0.005207636982228925,0.0,0.005207636982228925,1.0,2,1.109039703562592,1.1062734012371243
2006-11-16,0.0009200102403634225,0.0,0.0009200102403634225,1.0,2,1.1100600314468394,1.1072911840949042
2006-11-17,-0.00016403149534893746,0.0,-0.00016403149534893746,1.0,2,1.109877946639954,1.1071095534661906
2006-11-20,0.0009916683325219555,0.0,0.0009916683325219555,1.0,2,1.1109785774526013,1.1082074389509955
2006-11-21,0.001324776297518926,0.0,0.001324776297518926,1.0,2,1.112450375539062,1.109675565898852
2006-11-22,0.0015663423552893518,0.0,0.0015663423552893518,1.0,2,1.1141928536804264,1.111413697738349
2006-11-24,-0.004292687846755849,0.0,-0.004292687846755849,1.0,2,1.1094099715584902,1.1066427456653496
2006-11-27,-0.018087431584290714,0.0,-0.018087431584290714,1.0,2,1.089343594598996,1.086626420714876
2006-11-28,0.0038716695885397945,0.0,0.0038716695885397945,1.0,2,1.0935611730656756,1.0908334791820617
2006-11-29,0.011671224068841801,0.0,0.011671224068841801,1.0,2,1.1063243705495107,1.10356484113939
2006-11-30,0.00028009506491966096,0.0,0.00028009506491966096,1.0,2,1.1066342465459018,1.1038739442052117
2006-12-01,-0.0024782263320518028,0.0005,-0.0029782263320518028,1.0,2,1.1038917564161614,1.1005863577573138
2006-12-04,0.009880684180633759,0.0,0.009880684180633759,1.0,2,1.1147989622309147,1.111460903971828
2006-12-05,-0.0020322222533357692,0.0,-0.0020322222533357692,1.0,2,1.1125334429718734,1.1092021683890636
2006-12-06,-0.010513253337423867,0.0,-0.010513253337423867,1.0,2,1.1008370970395536,1.0975408449903694
2006-12-07,-0.0018219917848062983,0.0,-0.0018219917848062983,1.0,2,1.0988313808923373,1.0955411345873076
2006-12-08,-0.005309158199896913,0.0,-0.005309158199896913,1.0,2,1.0929975112561687,1.089724733389289
2006-12-11,0.005452546278367665,0.0,0.005452546278367665,1.0,2,1.0989571307684336,1.095666507928776
2006-12-12,-0.0031204894857830845,0.0,-0.0031204894857830845,1.0,2,1.0955278465965443,1.0922474921108596
2006-12-13,0.00034488016784423037,0.0,0.00034488016784423037,1.0,2,1.0959056724241567,1.0926241866092663
2006-12-14,-0.000850204656059228,0.0,-0.000850204656059228,1.0,2,1.09497392831886,1.091695232438488
2006-12-15,-0.009433219712599694,0.0,-0.009433219712599694,1.0,2,1.0846447986734598,1.0813970314516983
2006-12-18,-0.005927472216079643,0.0,-0.005927472216079643,1.0,2,1.0782155967650076,1.0749870805932173
2006-12-19,0.005907648374132823,0.0,0.005907648374132823,1.0,2,1.084585315382201,1.0813377262720976
2006-12-20,0.0014359687924614395,0.0,0.0014359687924614395,1.0,2,1.0861427460478517,1.0828904935011354
2006-12-21,-0.004256314001039485,0.0,-0.004256314001039485,1.0,2,1.0815197814707207,1.078281371532054
2006-12-22,-0.0010889270601213696,0.0,-0.0010889270601213696,1.0,2,1.0803420853146208,1.077107201768168
2006-12-26,0.009812934394025363,0.0,0.009812934394025363,1.0,2,1.0909434113209178,1.0876767840744512
2006-12-27,0.007874565247808107,0.0,0.007874565247808107,1.0,2,1.0995341163950307,1.0962417658791714
2006-12-28,0.003194591428570981,0.0,0.003194591428570981,1.0,2,1.1030466786586877,1.0997438104280906
2006-12-29,-0.0023020526096186877,0.0,-0.0023020526096186877,1.0,2,1.1005074071735501,1.0972121423193826
2007-01-03,0.000694214920353986,0.0005,0.000194214920353986,1.0,2,1.10127139583557,1.0974252372882145
2007-01-04,0.002416665364760928,0.0,0.002416665364760928,1.0,2,1.1039328002750877,1.1000773468495832
2007-01-05,-0.01449520396029269,0.0,-0.01449520396029269,1.0,2,1.0879310691766433,1.0841315013349009
2007-01-08,0.00036475398506824463,0.0,0.00036475398506824463,1.0,2,1.088327896369605,1.0845269426203508
2007-01-09,0.0042841980527030254,0.0,0.0042841980527030254,1.0,2,1.0929905086239342,1.0891732708360289
2007-01-10,0.005598588127083859,0.0,0.005598588127083859,1.0,2,1.0991097123085316,1.0952711033784686
2007-01-11,0.005295471036052712,0.0,0.005295471036052712,1.0,2,1.1049300159555056,1.1010710797830348
2007-01-12,0.008590480045518545,0.0,0.008590480045518545,1.0,2,1.1144218952092657,1.1105298089226086
2007-01-16,-0.00431918818890914,0.0,-0.00431918818890914,1.0,2,1.1096084973220162,1.1057332216884785
2007-01-17,-0.0019590439052951103,0.0,-0.0019590439052951103,1.0,2,1.1074347255580739,1.1035670417596475
2007-01-18,-0.0058350058416941075,0.0,-0.0058350058416941075,1.0,2,1.1009728374651477,1.097127721624279
2007-01-19,0.002943804934597838,0.0,0.002943804934597838,1.0,2,1.1042138867369358,1.1003574516250805
2007-01-22,-0.005198014731743472,0.0,-0.005198014731743472,1.0,2,1.0984741666866815,1.0946377773813496
2007-01-23,0.006215949107473306,0.0,0.006215949107473306,1.0,2,1.1053022262026801,1.1014419900966699
2007-01-24,0.009471003391072208,0.0,0.009471003391072208,1.0,2,1.1157705473352055,1.1118737509199448
2007-01-25,-0.012161723869767216,0.0,-0.012161723869767216,1.0,2,1.1022008540364958,1.098351449383214
2007-01-26,0.001409457229696709,0.0,0.001409457229696709,1.0,2,1.1037543589987955,1.0998995287742952
2007-01-29,0.00407100214415701,0.0,0.00407100214415701,1.0,2,1.1082477453609023,1.1043772221142927
2007-01-30,0.0053283431703172734,0.0,0.0053283431703172734,1.0,2,1.1141528696659155,1.1102617229431992
2007-01-31,0.004442197722784924,0.0,0.004442197722784924,1.0,2,1.1191021570063797,1.1151937250405528
2007-02-01,0.008329364568987252,0.0,0.008329364568987252,1.0,2,1.128423566862026,1.1244825801414624
2007-02-02,0.0010053211067127532,0.0,0.0010053211067127532,1.0,2,1.1295579948911043,1.1256130462134093
2007-02-05,7.625904657837523e-05,0.0,7.625904657837523e-05,1.0,2,1.1296441339068497,1.1256988843911298
2007-02-06,0.0013843596924054125,0.0,0.0013843596924054125,1.0,2,1.1312079677125926,1.1272572565524666
2007-02-07,0.005698487115916473,0.0,0.005698487115916473,1.0,2,1.137654141742025,1.1336809175052542
2007-02-08,-0.0014485876794362862,0.0,-0.0014485876794362862,1.0,2,1.1360061499688376,1.1320386812957441
2007-02-09,-0.008291042311931895,0.0,-0.008291042311931895,1.0,2,1.126587474912831,1.1226529006903776
2007-02-12,-0.003072657063046269,0.0,-0.003072657063046269,1.0,2,1.1231258579509007,1.1192033733257218
2007-02-13,0.007889011329888396,0.0,0.007889011329888396,1.0,2,1.131986210569166,1.1280327814183377
2007-02-14,0.004025007368782418,0.0,0.004025007368782418,1.0,2,1.136542463408067,1.1325731216757746
2007-02-15,0.001023922996631066,0.0,0.001023922996631066,1.0,2,1.1377061953729983,1.1337327893404248
2007-02-16,0.0016842658360425866,0.0,0.0016842658360425866,1.0,2,1.139622395049319,1.135642296744712
2007-02-20,0.005882547149088924,0.0,0.005882547149088924,1.0,2,1.1463262775203542,1.1423227660998123
2007-02-21,0.000723460982799462,0.0,0.000723460982799462,1.0,2,1.147155599855698,1.1431491920508492
2007-02-22,0.0013884904789280839,0.0,0.0013884904789280839,1.0,2,1.1487484144839466,1.144736443820006
2007-02-23,-0.004628431810602518,0.0,-0.004628431810602518,1.0,2,1.14343151077997,1.1394381092486736
2007-02-26,-0.000793589498218672,0.0,-0.000793589498218672,1.0,2,1.1425240955410827,1.1385338631313036
2007-02-27,-0.04337888348171609,0.0,-0.04337888348171609,1.0,2,1.0929626759255529,1.0891455353425425
2007-02-28,0.010098421671320912,0.0,0.010098421671320912,1.0,2,1.1039998738980643,1.1001441862198682
2007-03-01,-0.011231263546225445,0.0005,-0.011731263546225446,1.0,2,1.0916005603593155,1.0872381048324753
2007-03-02,-0.026127836132450455,0.0,-0.026127836132450455,1.0,2,1.0630793997961563,1.0588309257924564
2007-03-05,-0.017190227301464855,0.0,-0.017190227301464855,1.0,2,1.0448048232741556,1.0406293815042638
2007-03-06,0.02319304705667513,0.0,0.02319304705667513,1.0,2,1.069037030705394,1.0647647477180509
2007-03-07,-0.0004471906528240588,0.0,-0.0004471906528240588,1.0,2,1.0685589673377398,1.0642885948754148
2007-03-08,0.005197054931403489,0.0,0.005197054931403489,1.0,2,1.0741123269884378,1.0698197611658486
2007-03-09,0.002301475101075534,0.0,0.002301475101075534,1.0,2,1.07658436976476,1.0722819247088105
2007-03-12,0.0023523201119081683,0.0,0.0023523201119081683,1.0,2,1.0791168408299237,1.0748042750459386
2007-03-13,-0.01793958191759515,0.0,-0.01793958191759515,1.0,2,1.0597579358651987,1.0555227357083705
2007-03-14,0.0070546583898495885,0.0,0.0070546583898495885,1.0,2,1.06723416607866,1.0629690880315126
2007-03-15,0.004204010747948184,0.0,0.004204010747948184,1.0,2,1.0717208299834322,1.0674378215023337
2007-03-16,0.001590491153157625,0.0,0.001590491153157625,1.0,2,1.0734253924821757,1.069135571913979
2007-03-19,0.007126158140050687,0.0,0.007126158140050687,1.0,2,1.0810747915805499,1.0767544010725916
2007-03-20,0.008050314661495694,0.0,0.008050314661495694,1.0,2,1.0897777838253841,1.0854226128143762
2007-03-21,0.01319759770222817,0.0,0.01319759770222817,1.0,2,1.1041602326011373,1.0997475837952015
2007-03-22,-0.0004493596082561502,0.0,-0.0004493596082561502,1.0,2,1.1036640675915634,1.0992534016517665
2007-03-23,-0.0038624489427213082,0.0,-0.0038624489427213082,1.0,2,1.099401221480575,1.095007591512774
2007-03-26,0.004225973769640845,0.0,0.004225973769640845,1.0,2,1.1040472622048632,1.0996350648720645
2007-03-27,-0.00337426830864912,0.0,-0.00337426830864912,1.0,2,1.1003219105167545,1.0959246011215875
2007-03-28,-0.0007850380466236095,0.0,-0.0007850380466236095,1.0,2,1.0994581159534653,1.0950642586134762
2007-03-29,-0.002380215539870667,0.0,-0.002380215539870667,1.0,2,1.096841168660436,1.0924577696479674
2007-03-30,0.0019465133395717427,0.0,0.0019465133395717427,1.0,2,1.098976184626625,1.094584253269506
2007-04-02,0.0018435338241654664,0.0005,0.0013435338241654664,1.0,2,1.1010021843949365,1.0960548642371724
2007-04-03,0.005218239778733702,0.0,0.005218239778733702,1.0,2,1.1067474777900188,1.1017743413294094
2007-04-04,0.007979002332765495,0.0,0.007979002332765495,1.0,2,1.1155782184970877,1.110565401369058
2007-04-05,0.0017341749387638217,0.0,0.0017341749387638217,1.0,2,1.1175128262858363,1.1124913160559704
2007-04-09,-0.0017718053986786608,0.0,-0.0017718053986786608,1.0,2,1.1155328110271305,1.1105201979361994
2007-04-10,0.005323988580102246,0.0,0.005323988580102246,1.0,2,1.1214718949737683,1.1164325947879845
2007-04-11,-0.002629825367860994,0.0,-0.002629825367860994,1.0,2,1.1185226197350233,1.1134965720287042
2007-04-12,0.0015573033950064818,0.0,0.0015573033950064818,1.0,2,1.1202644988081283,1.1152306240206526
2007-04-13,0.008603542818291121,0.0,0.008603542818291121,1.0,2,1.1299027423914354,1.124825558446684
2007-04-16,0.008856865281656634,0.0,0.008856865281656634,1.0,2,1.1399101387621708,1.1347879868832105
2007-04-17,-0.0015985591854023595,0.0,-0.0015985591854023595,1.0,2,1.1380879249393192,1.132973961123294
2007-04-18,0.0034103149125808696,0.0,0.0034103149125808696,1.0,2,1.1419691631615678,1.1368377591184786
2007-04-19,-0.006358878753836283,0.0,-0.006358878753836283,1.0,2,1.1347075197124037,1.1296087456454613
2007-04-20,0.013361035052022463,0.0,0.013361035052022463,1.0,2,1.1498683866570745,1.1447014876911012
2007-04-23,-0.005093101282886703,0.0,-0.005093101282886703,1.0,2,1.1440119905018404,1.1388714070756194
2007-04-24,-0.0036642585199614386,0.0,-0.0036642585199614386,1.0,2,1.139820034818706,1.134698287819102
2007-04-25,0.005760871635702269,0.0,0.005760871635702269,1.0,2,1.1463863917270982,1.1412351390004791
2007-04-26,-0.006971706708252368,0.0,-0.006971706708252368,1.0,2,1.1383941220296452,1.133278782326216
2007-04-27,0.004766363023661846,0.0,0.004766363023661846,1.0,2,1.1438201216792412,1.1386804004097963
2007-04-30,-0.007625860580233401,0.0,-0.007625860580233401,1.0,2,1.1350975089024498,1.129996982430827
2007-05-01,-8.310154870821984e-05,0.0005,-0.0005831015487082199,1.0,2,1.1350031805415253,1.1293380794403358
2007-05-02,0.008353775932762986,0.0,0.008353775932762986,1.0,2,1.1444847427947424,1.1387723167083172
2007-05-03,0.004534223344483834,0.0,0.004534223344483834,1.0,2,1.149674092232928,1.143935764730788
2007-05-04,0.0023287923107992436,0.0,0.0023287923107992436,1.0,2,1.1523514444188452,1.1465997535437413
2007-05-07,9.976919560333863e-05,0.0,9.976919560333863e-05,1.0,2,1.1524664135955072,1.1467141488788313
2007-05-08,0.0004209159188283129,0.0,0.0004209159188283129,1.0,2,1.1529515050549046,1.14719681911844
2007-05-09,0.0024500466923270126,0.0,0.0024500466923270126,1.0,2,1.1557762900762778,1.1500075048905691
2007-05-10,-0.012088094174707853,0.0,-0.012088094174707853,1.0,2,1.1418051574369412,1.136106105869831
2007-05-11,0.01065466457697184,0.0,0.01065466457697184,1.0,2,1.1539707084016884,1.1482109353517236
2007-05-14,-0.004514884114727669,0.0,-0.004514884114727669,1.0,2,1.1487606643814645,1.1430268960393475
2007-05-15,-0.0037435899621396374,0.0,-0.0037435899621396374,1.0,2,1.1444601754893853,1.138747872024879
2007-05-16,0.008288636152313456,0.0,0.008288636152313456,1.0,2,1.1539461894748295,1.1481865388053143
2007-05-17,-0.0033548840512035993,0.0,-0.0033548840512035993,1.0,2,1.1500748338078133,1.1443345060984695
2007-05-18,0.008445794634213466,0.0,0.008445794634213466,1.0,2,1.1597881296681314,1.1539993203298213
2007-05-21,0.0029474116906333947,0.0,0.0029474116906333947,1.0,2,1.163206502760173,1.1574006314175445
2007-05-22,3.2801195974263564e-05,0.0,3.2801195974263564e-05,1.0,2,1.1632446573246287,1.1574385955424764
2007-05-23,-0.00225532447047333,0.0,-0.00225532447047333,1.0,2,1.160621163183817,1.1548281959548792
2007-05-24,-0.011672059545394076,0.0,-0.011672059545394076,1.0,2,1.147074323857491,1.1413489724869939
2007-05-25,0.005220139215334374,0.0,0.005220139215334374,1.0,2,1.1530622115183626,1.1473069730166547
2007-05-29,0.005683017134388235,0.0,0.005683017134388235,1.0,2,1.1596150838234371,1.1538271382027114
2007-05-30,0.00821942113323565,0.0,0.00821942113323565,1.0,2,1.1691464485498342,1.1633109293665556
2007-05-31,0.001808372186252405,0.0,0.001808372186252405,1.0,2,1.1712607004690476,1.1654146284951856
2007-06-01,0.0027982210492106807,0.0,0.0027982210492106807,1.0,2,1.1745381468152134,1.168675716239699
2007-06-04,0.0015583477355957664,0.0,0.0015583477355957664,1.0,2,1.1763684856766738,1.170496919395747
2007-06-05,-0.001977358994055156,0.0,-0.001977358994055156,1.0,2,1.174042382871198,1.168182426784666
2007-06-06,-0.010762137545742345,0.0,-0.010762137545742345,1.0,2,1.1614071772622072,1.1556102868290905
2007-06-07,-0.01681261616417029,0.0,-0.01681261616417029,1.0,2,1.1418808841805852,1.1361814546412663
2007-06-08,0.012642645898452154,0.0,0.012642645898452154,1.0,2,1.1563172798574917,1.150545794448684
2007-06-11,-9.78891027188511e-05,0.0,-9.78891027188511e-05,1.0,2,1.1562040889965082,1.1504331685532285
2007-06-12,-0.008459005059692715,0.0,-0.008459005059692715,1.0,2,1.1464237527576493,1.1407016485595984
2007-06-13,0.012923074751755248,0.0,0.012923074751755248,1.0,2,1.161239072611724,1.1554430212333846
2007-06-14,0.00648155665751482,0.0,0.00648155665751482,1.0,2,1.168765709453777,1.1629320906400387
2007-06-15,0.0074634429532388635,0.0,0.0074634429532388635,1.0,2,1.177488725651987,1.1716115679570216
2007-06-18,-0.00047842689180582765,0.0,-0.00047842689180582765,1.0,2,1.1769253833808369,1.17105103747616
2007-06-19,0.0011471394691816017,0.0,0.0011471394691816017,1.0,2,1.1782754809403946,1.172394396341675
2007-06-20,-0.011635147310928962,0.0,-0.011635147310928962,1.0,2,1.1645660721467974,1.158753414833732
2007-06-21,0.007326082287319402,0.0,0.007326082287319402,1.0,2,1.1730977790203652,1.167242537701516
2007-06-22,-0.00943467012043031,0.0,-0.00943467012043031,1.0,2,1.1620299884562986,1.1562299894077683
2007-06-25,-0.0045081588499870096,0.0,-0.0045081588499870096,1.0,2,1.156791372679889,1.1510175209483993
2007-06-26,-0.00796589569104067,0.0,-0.00796589569104067,1.0,2,1.1475764932688253,1.141848635437964
2007-06-27,0.014820841124638717,0.0,0.014820841124638717,1.0,2,1.1645845421539325,1.1587717926521754
2007-06-28,-0.0002767887233121047,0.0,-0.0002767887233121047,1.0,2,1.1642621982853205,1.158451057687077
2007-06-29,0.0010233369584865537,0.0,0.0010233369584865537,1.0,2,1.1654536308221946,1.159636543469006
2007-07-02,0.00902056763752046,0.0,0.00902056763752046,1.0,2,1.1759666841274201,1.1700971233443087
2007-07-03,0.004722508512534307,0.0,0.004722508512534307,1.0,2,1.1815201968036688,1.1756229169697943
2007-07-05,0.0030953580604479725,0.0,0.0030953580604479725,1.0,2,1.1851774248684273,1.1792618908418842
2007-07-06,0.004679673462858802,0.0,0.004679673462858802,1.0,2,1.1907236682123632,1.1847804514182174
2007-07-09,0.0006995965094293011,0.0,0.0006995965094293011,1.0,2,1.1915566943343396,1.1856093196864699
2007-07-10,-0.011344617710412563,0.0,-0.011344617710412563,1.0,2,1.1780389391568336,1.1721590352007245
2007-07-11,0.006963384527383598,0.0,0.006963384527383598,1.0,2,1.1862420772784135,1.180321229290074
2007-07-12,0.015541607896390475,0.0,0.015541607896390475,1.0,2,1.2046781865136742,1.1986653190274859
2007-07-13,0.0049152209627091326,0.0,0.0049152209627091326,1.0,2,1.2105994459893445,1.204557023930842
2007-07-16,-0.0005652842740240804,0.0,-0.0005652842740240804,1.0,2,1.2099151131603845,1.2038761067880488
2007-07-17,0.0035475622774336912,0.0,0.0035475622774336912,1.0,2,1.2142073623747291,1.2081469322511937
2007-07-18,-0.001486961102060147,0.0,-0.001486961102060147,1.0,2,1.212401883257043,1.2063504647573629
2007-07-19,0.0034431843438323395,0.0,0.0034431843438323395,1.0,2,1.2165764064399063,1.2105041517907902
2007-07-20,-0.007751590506996697,0.0,-0.007751590506996697,1.0,2,1.2071460043167106,1.2011208192990885
2007-07-23,0.0017389530084377935,0.0,0.0017389530084377935,1.0,2,1.2092451744925408,1.203209511961306
2007-07-24,-0.016120703385735846,0.0,-0.016120703385735846,1.0,2,1.1897512917139141,1.1838129283080818
2007-07-25,0.001749753104195173,0.0,0.001749753104195173,1.0,2,1.1918330627298108,1.1858843086541753
2007-07-26,-0.016164135408799185,0.0,-0.016164135408799185,1.0,2,1.1725681117191624,1.166715514109919
2007-07-27,-0.019939496440705917,0.0,-0.019939496440705917,1.0,2,1.1491876940290529,1.143451794269008
2007-07-30,0.013612010724159074,0.0,0.013612010724159074,1.0,2,1.164830449244248,1.1590164723551566
2007-07-31,-0.015952182594834607,0.0,-0.015952182594834607,1.0,2,1.1462488612258805,1.140527629957726
2007-08-01,0.006360039388380201,0.0,0.006360039388380201,1.0,2,1.153539049132163,1.1477814306077931
2007-08-02,0.008578967066406373,0.0,0.008578967066406373,1.0,2,1.1634352226444817,1.1576282097004102
2007-08-03,-0.022430473299576592,0.0,-0.022430473299576592,1.0,2,1.1373388199471677,1.1316620610518886
2007-08-06,0.014153651321600735,0.0,0.014153651321600735,1.0,2,1.1534363170392208,1.147679211277901
2007-08-07,0.008898908790673898,0.0,0.008898908790673898,1.0,2,1.1637006416204037,1.1578923039000157
2007-08-08,0.012420773793576645,0.0,0.012420773793576645,1.0,2,1.1781547040534106,1.1722742222840812
2007-08-09,-0.026562406293650254,0.0,-0.026562406293650254,1.0,2,1.1468600801275686,1.1411357981041985
2007-08-10,-0.006828218575167411,0.0,-0.006828218575167411,1.0,2,1.1390290688253235,1.133343873450795
2007-08-13,0.005241344431561934,0.0,0.005241344431561934,1.0,2,1.1449991124925984,1.1392841190509513
2007-08-14,-0.01610123424501292,0.0,-0.01610123424501292,1.0,2,1.1265632135720234,1.1209402385784888
2007-08-15,-0.01642978106122961,0.0,-0.01642978106122961,1.0,2,1.1080540266213998,1.1025234358759217
2007-08-16,-0.0010781035262777405,0.0,-0.0010781035262777405,1.0,2,1.1068594296679932,1.1013348014719
2007-08-17,0.01870964124961272,0.0,0.01870964124961272,1.0,2,1.1275683725108325,1.1219403805031527
2007-08-20,0.0021373009983638447,0.0,0.0021373009983638447,1.0,2,1.1299783255191234,1.1243383047985067
2007-08-21,0.006274457492341012,0.0,0.006274457492341012,1.0,2,1.1370683264898598,1.1313929176989757
2007-08-22,0.012700914226454252,0.0,0.012700914226454252,1.0,2,1.1515101337742253,1.1457626421030882
2007-08-23,-0.0017865969231331547,0.0,-0.0017865969231331547,1.0,2,1.1494528493122675,1.1437156260920658
2007-08-24,0.01325381258943048,0.0,0.01325381258943048,1.0,2,1.1646874819574393,1.1588742186558934
2007-08-27,-0.007986596103514043,0.0,-0.007986596103514043,1.0,2,1.1553855934522264,1.1496187583367132
2007-08-28,-0.022992765452380548,0.0,-0.022992765452380548,1.0,2,1.1288200834949198,1.1231858438666202
2007-08-29,0.024038876842930157,0.0,0.024038876842930157,1.0,2,1.1559556504598805,1.1501859700390527
2007-08-30,0.0013144791292750702,0.0,0.0013144791292750702,1.0,2,1.1574751300367776,1.151697865491454
2007-08-31,0.010513712064871672,0.0,0.010513712064871672,1.0,2,1.1696444902762342,1.1638064852349586
2007-09-04,0.013331042990667563,0.0,0.013331042990667563,1.0,2,1.185237071259904,1.1793212395224433
2007-09-05,-0.009376509731848781,0.0,-0.009376509731848781,1.0,2,1.1741236843266876,1.1682633224430852
2007-09-06,0.0007440718901959298,0.0,0.0007440718901959298,1.0,2,1.1749973167558083,1.169132594341662
2007-09-07,-0.016266414731015366,0.0,-0.016266414731015366,1.0,2,1.155884323093628,1.1501149986865524
2007-09-10,-0.001226853817889173,0.0,-0.001226853817889173,1.0,2,1.1544662219988022,1.1487039757094022
2007-09-11,0.01336192724918761,0.0,0.01336192724918761,1.0,2,1.1698921156687947,1.1640528746636838
2007-09-12,0.0013947497578852275,0.0,0.0013947497578852275,1.0,2,1.1715238224138755,1.1656764371287867
2007-09-13,0.005971111435724319,0.0,0.005971111435724319,1.0,2,1.1785191217071145,1.1726368210328808
2007-09-14,0.0004263710475479465,0.0,0.0004263710475479465,1.0,2,1.179021608139592,1.1731367994226578
2007-09-17,-0.006862830399797515,0.0,-0.006862830399797515,1.0,2,1.1709301828052334,1.165085760532459
2007-09-18,0.027204093850963562,0.0,0.027204093850963562,1.0,2,1.202784277391193,1.1967808629064054
2007-09-19,0.004257639524509638,0.0,0.004257639524509638,1.0,2,1.2079052992700727,1.2018763244104926
2007-09-20,-0.004917481136864688,0.0,-0.004917481136864688,1.0,2,1.2019654477457933,1.1959661202563598
2007-09-21,0.004922684945004918,0.0,0.004922684945004918,1.0,2,1.2078823449598275,1.2018534846712816
2007-09-24,0.0013671867228782775,0.0,0.0013671867228782775,1.0,2,1.2095337456646555,1.203496642798369
2007-09-25,0.0037878817835902967,0.0,0.0037878817835902967,1.0,2,1.2141153165064964,1.2080553458082373
2007-09-26,0.0050930914733655075,0.0,0.0050930914733655075,1.0,2,1.220298916872678,1.2142080821893269
2007-09-27,0.005489470681757647,0.0,0.005489470681757647,1.0,2,1.2269977119998312,1.2208734418580582
2007-09-28,-0.00331592186851154,0.0,-0.00331592186851154,1.0,2,1.2229290834539974,1.2168251209135161
2007-10-01,0.00858891714275345,0.0005,0.008088917142753449,1.0,2,1.233432720023247,1.2266679184938065
2007-10-02,-0.010404238012299838,0.0,-0.010404238012299838,1.0,2,1.220599792431967,1.2139053735077445
2007-10-03,-0.006580111742745864,0.0,-0.006580111742745864,1.0,2,1.2125681094045921,1.205917740504944
2007-10-04,0.007917098299179137,0.0,0.007917098299179137,1.0,2,1.2221681303211982,1.2154651097972455
2007-10-05,0.013733494404964408,0.0,0.013733494404964408,1.0,2,1.23895276950089,1.2321576930820752
2007-10-08,-0.002810169264669704,0.0,-0.002810169264669704,1.0,2,1.2354711025076612,1.2286951214037496
2007-10-09,0.006039943815778603,0.0,0.006039943815778603,1.0,2,1.2429332785528255,1.2361163709037495
2007-10-10,0.0030758820275700316,0.0,0.0030758820275700316,1.0,2,1.246756394685795,1.2399185190329973
2007-10-11,-0.004134778780428616,0.0,-0.004134778780428616,1.0,2,1.2416013328006843,1.2347917302510392
2007-10-12,0.012832303746989182,0.0,0.012832303746989182,1.0,2,1.2575339382358495,1.2506369527978909
2007-10-15,-0.00014135104402202003,0.0,-0.00014135104402202003,1.0,2,1.2573561845007868,1.2504601739589203
2007-10-16,-0.0024753986149577134,0.0,-0.0024753986149577134,1.0,2,1.254243726743165,1.2473647865762425
2007-10-17,0.002326861194828833,0.0,0.002326861194828833,1.0,2,1.2571621777997812,1.2502672312939227
2007-10-18,0.012183345353028618,0.0,0.012183345353028618,1.0,2,1.2724786187766817,1.2654996687563516
2007-10-19,-0.014431008835074643,0.0,-0.014431008835074643,1.0,2,1.2541154685866718,1.2472372318557445
2007-10-22,-0.0011390218397907548,0.0,-0.0011390218397907548,1.0,2,1.2526870036783322,1.2458166014092606
2007-10-23,0.014620814571506657,0.0,0.014620814571506657,1.0,2,1.2710023080752493,1.2640314549285698
2007-10-24,-0.0018303145558234979,0.0,-0.0018303145558234979,1.0,2,1.268675974050294,1.2617178797575954
2007-10-25,-0.0033045177499468337,0.0,-0.0033045177499468337,1.0,2,1.2644836117751137,1.2575485106285111
2007-10-26,0.01917884917577728,0.0,0.01917884917577728,1.0,2,1.2887349522505909,1.281666843845079
2007-10-29,0.004815926306842799,0.0,0.004815926306842799,1.0,2,1.2949414048096823,1.2878392569149606
2007-10-30,-0.003912902144108166,0.0,-0.003912902144108166,1.0,2,1.289874425810308,1.2828000679253113
2007-10-31,0.015255168619762505,0.0,0.015255168619762505,1.0,2,1.3095516776743636,1.3023693992669545
2007-11-01,-0.013794635295177438,0.0,-0.013794635295177438,1.0,2,1.291486889880658,1.2844036883844676
2007-11-02,0.016014294020694653,0.0,0.016014294020694653,1.0,2,1.3121691406590794,1.3049725066915212
2007-11-05,-0.0036957072239288125,0.0,-0.0036957072239288125,1.0,2,1.3073197476869292,1.300149710371513
2007-11-06,0.016118568095792152,0.0,0.016118568095792152,1.0,2,1.3283918700629949,1.3211062620128609
2007-11-07,-0.007128164730011488,0.0,-0.007128164730011488,1.0,2,1.318922873987178,1.3116891989513835
2007-11-08,-0.01529296709414868,0.0,-0.01529296709414868,1.0,2,1.298752629875572,1.2916295791940697
2007-11-09,-0.01715152782021845,0.0,-0.01715152782021845,1.0,2,1.2764770380126793,1.2694761585331056
2007-11-12,-0.03660870875031519,0.0,-0.03660870875031519,1.0,2,1.229746861901608,1.2230022755798982
2007-11-13,0.025699923086760168,0.0,0.025699923086760168,1.0,2,1.2613512616686642,1.2544333399972343
2007-11-14,0.001081531889546683,0.0,0.001081531889546683,1.0,2,1.2627154532820788,1.2557900496577519
2007-11-15,-0.017316637006452196,0.0,-0.017316637006452196,1.0,2,1.2408494681351554,1.234043989211514
2007-11-16,0.0033443785315359076,0.0,0.0033443785315359076,1.0,2,1.2449993384572544,1.238171099436004
2007-11-19,-0.009054009046388367,0.0,-0.009054009046388367,1.0,2,1.2337271031841148,1.2269606871007337
2007-11-20,0.016356534116723775,0.0,0.016356534116723775,1.0,2,1.2539066026380725,1.2470295114391756
2007-11-21,-0.00661603399391103,0.0,-0.00661603399391103,1.0,2,1.2456107139298296,1.2387791218000839
2007-11-23,0.017203592987477867,0.0,0.017203592987477867,1.0,2,1.26703969367312,1.2600905736129178
2007-11-26,-0.00822303261264068,0.0,-0.00822303261264068,1.0,2,1.2566207849505358,1.2497288077312176
2007-11-27,0.002547948972232039,0.0,0.002547948972232039,1.0,2,1.2598225905880358,1.252913052962445
2007-11-28,0.011799301065483714,0.0,0.011799301065483714,1.0,2,1.2746876166234817,1.2676965512832234
2007-11-29,-0.005976458730621581,0.0,-0.005976458730621581,1.0,2,1.267069498688297,1.260120215161528
2007-11-30,-0.009812750360556788,0.0,-0.009812750360556788,1.0,2,1.254636062008193,1.247754970065857
2007-12-03,0.0020037665567861906,0.0,0.0020037665567861906,1.0,2,1.257150059790183,1.2502551797459387
2007-12-04,0.005081895930536762,0.0,0.005081895930536762,1.0,2,1.2635387655631047,1.256608846456022
2007-12-05,0.004084616691576892,0.0,0.004084616691576892,1.0,2,1.2686998370953781,1.2617416119250395
2007-12-06,0.011956529352841583,0.0,0.011956529352841583,1.0,2,1.2838690839375544,1.276827662543723
2007-12-07,-0.004766787379184512,0.0,-0.004766787379184512,1.0,2,1.2777491529917155,1.2707412965565157
2007-12-10,0.01087282664131628,0.0,0.01087282664131628,1.0,2,1.291641898023283,1.284557846379936
2007-12-11,-0.018859381034636913,0.0,-0.018859381034636913,1.0,2,1.2672823313081605,1.2603318804940242
2007-12-12,0.014985320825814885,0.0,0.014985320825814885,1.0,2,1.2862729636197,1.2792183580702297
2007-12-13,-0.015127548854988127,0.0,-0.015127548854988127,1.0,2,1.2668148065216924,1.2598669198623245
2007-12-14,-0.0050269272723038605,0.0,-0.0050269272723038605,1.0,2,1.2604466206218303,1.253533660483395
2007-12-17,-0.014685974594820461,0.0,-0.014685974594820461,1.0,2,1.2419357335732508,1.2351242969917837
2007-12-18,0.008851956204291633,0.0,0.008851956204291633,1.0,2,1.252929294295386,1.2460575631756114
2007-12-19,-0.00016318321118868884,0.0,-0.00016318321118868884,1.0,2,1.2527248372697506,1.2458542275011264
2007-12-20,0.006580408261453341,0.0,0.006580408261453341,1.0,2,1.2609682781382483,1.2540524569523415
2007-12-21,0.018931548949529975,0.0,0.018931548949529975,1.0,2,1.2848403608196273,1.277793612426413
2007-12-24,0.004004445516003319,0.0,0.004004445516003319,1.0,2,1.2899854340412915,1.2829104673280718
2007-12-26,0.011073342553449161,0.0,0.011073342553449161,1.0,2,1.3042698846413907,1.2971165743982012
2007-12-27,-0.005760199571069269,0.0,-0.005760199571069269,1.0,2,1.296757029811321,1.289644924062726
2007-12-28,0.008314944871101404,0.0,0.008314944871101404,1.0,2,1.3075394930254152,1.300368250509603
2007-12-31,-0.009064139415303873,0.0,-0.009064139415303873,1.0,2,1.295687772769617,1.2885815313957492
2008-01-02,0.006550072408560315,0.0,0.006550072408560315,1.0,2,1.3041746215001442,1.2970218337307249
2008-01-03,0.006265666764428246,0.0,0.006265666764428246,1.0,2,1.3123461450810885,1.3051485403270693
2008-01-04,-0.02472880036156183,0.0,-0.02472880036156183,1.0,2,1.279893399254113,1.2728737826311374
2008-01-07,-0.004486972544995305,0.0,-0.004486972544995305,1.0,2,1.2741505527111392,1.2671624329152271
2008-01-08,-0.0011417688057439035,0.0,-0.0011417688057439035,1.0,2,1.2726957673562322,1.265715626377514
2008-01-09,0.009296262634332308,0.0,0.009296262634332308,1.0,2,1.2845270814631788,1.2774820512606977
2008-01-10,0.010627535695959034,0.0,0.010627535695959034,1.0,2,1.2981784388738549,1.2910585373614178
2008-01-11,-0.007955118602106848,0.0,-0.007955118602106848,1.0,2,1.2878512754259155,1.2807880135744452
2008-01-14,0.01410221333256545,0.0,0.01410221333256545,1.0,2,1.3060128288525883,1.2988499593756646
2008-01-15,-0.02252705210435957,0.0,-0.02252705210435957,1.0,2,1.276592209808064,1.2695906986650638
2008-01-16,-0.012695666232744485,0.0,-0.012695666232744485,1.0,2,1.2603850211970191,1.2534723989026153
2008-01-17,-0.008012617963342406,0.0,-0.008012617963342406,1.0,2,1.250286037535448,1.2434288034426144
2008-01-18,0.004662298901362438,0.0,0.004662298901362438,1.0,2,1.2561152447546384,1.2492260401868274
2008-01-22,-0.007561752697817781,0.0,-0.007561752697817781,1.0,2,1.246616811913845,1.2397797018072605
2008-01-23,-0.002822587484184902,0.0,-0.002822587484184902,1.0,2,1.2430981269029624,1.2362803151377928
2008-01-24,0.022608715185017503,0.0,0.022608715185017503,1.0,2,1.27120297840114,1.2642310246715867
2008-01-25,-0.008550845150289754,0.0,-0.008550845150289754,1.0,2,1.2603331185782447,1.2534207809454276
2008-01-28,0.011859193287792724,0.0,0.011859193287792724,1.0,2,1.2752796526384707,1.2682853402575955
2008-01-29,-0.00236354749450457,0.0,-0.00236354749450457,1.0,2,1.2722654686106845,1.2652876876193129
2008-01-30,0.004582143150678675,0.0,0.004582143150678675,1.0,2,1.278095171113524,1.271085416930776
2008-01-31,0.005174327997331085,0.0,0.005174327997331085,1.0,2,1.2847084547406704,1.2776624297906
2008-02-01,-0.010315574021664276,0.0005,-0.010815574021664276,0.5,2,1.271455949579535,1.2638437772065005
2008-02-04,-0.0012577171512953012,0.0,-0.0012577171512953012,0.5,2,1.2698568176246323,1.2622542192113502
2008-02-05,-0.0083126401209353,0.0,-0.0083126401209353,0.5,2,1.2593009548946026,1.2517615541459142
2008-02-06,0.007682887327017884,0.0,0.007682887327017884,0.5,2,1.2689760222418638,1.26137869712671
2008-02-07,0.004950318725848724,0.0,0.004950318725848724,0.5,2,1.2752578580074208,1.267622923711483
2008-02-08,0.0063902886018900595,0.0,0.0063902886018900595,0.5,2,1.2834071237619162,1.2757234000323712
2008-02-11,0.0019218032978351451,0.0,0.0019218032978351451,0.5,2,1.285873579804827,1.2781750894696788
2008-02-12,-0.011103221655632545,0.0,-0.011103221655632545,0.5,2,1.2715962404271324,1.263983228136589
2008-02-13,0.0007405891426402467,0.0,0.0007405891426402467,0.5,2,1.272537970796615,1.2649193203918263
2008-02-14,0.001620011840678337,0.0,0.001620011840678337,0.5,2,1.2745994973770183,1.2669685046683639
2008-02-15,-0.0030792520158567926,0.0,-0.0030792520158567926,0.5,2,1.27067468430531,1.2630671893463368
2008-02-19,0.013583985970400558,0.0,0.013583985970400558,0.5,2,1.2879355113898565,1.2802246763260907
2008-02-20,0.008951782803493402,0.0,0.008951782803493402,0.5,2,1.2994648303527245,1.2916849695682344
2008-02-21,0.0004918594070709159,0.0,0.0004918594070709159,0.5,2,1.3001039843536912,1.2923202969714886
2008-02-22,0.0007540672227379641,0.0,0.0007540672227379641,0.5,2,1.3010843501544433,1.2932947933487138
2008-02-25,-0.0036800325251538646,0.0,-0.0036800325251538646,0.5,2,1.2962963174279063,1.2885354264445785
2008-02-26,0.005579962448465869,0.0,0.005579962448465869,0.5,2,1.3035296022012386,1.2957254057376573
2008-02-27,0.005807848775847779,0.0,0.005807848775847779,0.5,2,1.3111003050056644,1.3032507829492055
2008-02-28,0.0063748730546783205,0.0,0.0063748730546783205,0.5,2,1.3194584030120258,1.311558841248917
2008-02-29,0.0011018520992296388,0.0,0.0011018520992296388,0.5,2,1.3209122510232307,1.3130039851114104
2008-03-03,0.0057157149695507,0.0,0.0057157149695507,0.5,2,1.328462208949867,1.3205087416441912
2008-03-04,-0.010587682342241223,0.0,-0.010587682342241223,0.5,2,1.3143968730778337,1.3065276145575098
2008-03-05,0.01315291095277421,0.0,0.01315291095277421,0.5,2,1.3316850181060313,1.3237122559291252
2008-03-06,-0.006042869151348773,0.0,-0.006042869151348773,0.5,2,1.323637819790805,1.3157132359725088
2008-03-07,-0.0021216120740800704,0.0,-0.0021216120740800704,0.5,2,1.3208295738106277,1.3129218028850425
2008-03-10,-0.0010927853890786432,0.0,-0.0010927853890786432,0.5,2,1.3193861905509046,1.311487061121847
2008-03-11,0.0006444366354976805,0.0,0.0006444366354976805,0.5,2,1.3202364513484652,1.312332231431015
2008-03-12,0.005408288829323038,0.0,0.005408288829323038,0.5,2,1.327376671400358,1.319429703178624
2008-03-13,0.006758535928792109,0.0,0.006758535928792109,0.5,2,1.336347794325058,1.3283471162330722
2008-03-14,0.0025461296271347966,0.0,0.0025461296271347966,0.5,2,1.3397503090363452,1.3317292601808322
2008-03-17,0.002225855944018529,0.0,0.002225855944018529,0.5,2,1.3427324002252143,1.334693497670429
2008-03-18,-0.012824160403173135,0.0,-0.012824160403173135,0.5,2,1.3255129845461886,1.3175771741672313
2008-03-19,-0.01793876321849458,0.0,-0.01793876321849458,0.5,2,1.3017349209733744,1.293941469217752
2008-03-20,-0.01704174777336459,0.0,-0.01704174777336459,0.5,2,1.2795510827823653,1.2718904450658461
2008-03-24,0.0006464566369710489,0.0,0.0006464566369710489,0.5,2,1.2803782570721733,1.272712667085559
2008-03-25,0.01417868438862585,0.0,0.01417868438862585,0.5,2,1.2985323362772585,1.2907580583095715
2008-03-26,0.0060810418802087485,0.0,0.0060810418802087485,0.5,2,1.3064287657969658,1.2986072121193688
2008-03-27,-0.0017043032783146672,0.0,-0.0017043032783146672,0.5,2,1.3042022149685335,1.2963939915905107
2008-03-28,-0.008895079269590711,0.0,-0.008895079269590711,0.5,2,1.2926012328828125,1.2848624642706918
2008-03-31,-0.007369073000486948,0.0,-0.007369073000486948,0.5,2,1.2830759600371795,1.2753942189758956
2008-04-01,-0.020120164022313924,0.0,-0.020120164022313924,0.5,2,1.2572602612681436,1.2497330780969897
2008-04-02,0.013817752652245274,0.0,0.013817752652245274,0.5,2,1.2746327725778441,1.2670015806514632
2008-04-03,0.0008758399863478261,0.0,0.0008758399863478261,0.5,2,1.2757491469279771,1.2681112712985636
2008-04-04,0.004856170470777799,0.0,0.004856170470777799,0.5,2,1.2819444022634086,1.274269435807904
2008-04-07,0.004866114073670824,0.0,0.004866114073670824,0.5,2,1.288182489960926,1.2804701762431374
2008-04-08,-0.0041486880049361186,0.0,-0.0041486880049361186,0.5,2,1.2828382227166564,1.275157904982279
2008-04-09,0.010742351502969483,0.0,0.010742351502969483,0.5,2,1.2966189218265234,1.2888560994193887
2008-04-10,-0.0028162377585056464,0.0,-0.0028162377585056464,0.5,2,1.2929673346604826,1.2852263742069234
2008-04-11,-0.002563075163195927,0.0,-0.002563075163195927,0.5,2,1.2896533621981907,1.2819322424081092
2008-04-14,-0.0008221736636535582,0.0,-0.0008221736636535582,0.5,2,1.288593043168549,1.2808782714798128
2008-04-15,0.003021037540312188,0.0,0.003021037540312188,0.5,2,1.2924859311261463,1.2847478528225234
2008-04-16,0.008448385452266394,0.0,0.008448385452266394,0.5,2,1.3034053504639314,1.2956018978921395
2008-04-17,-0.0038044258266282105,0.0,-0.0038044258266282105,0.5,2,1.298446641486061,1.2906728765707702
2008-04-18,-0.010652613183553816,0.0,-0.010652613183553816,0.5,2,1.2846147916748254,1.276923837670157
2008-04-21,-0.0018177154041071897,0.0,-0.0018177154041071897,0.5,2,1.282279727579654,1.2746027535405522
2008-04-22,0.00022157333145866875,0.0,0.00022157333145866875,0.5,2,1.2825638465707556,1.2748851715189404
2008-04-23,-0.005798376935251648,0.0,-0.005798376935251648,0.5,2,1.2751270579448122,1.2674929067453107
2008-04-24,-0.011162650679897246,0.0,-0.011162650679897246,0.5,2,1.2608932600244893,1.2533443261880652
2008-04-25,0.00036306224742477244,0.0,0.00036306224742477244,0.5,2,1.2613510427652364,1.253799368195928
2008-04-28,0.0020870608094318843,0.0,0.0020870608094318843,0.5,2,1.2639835590935278,1.2564161237201803
2008-04-29,-0.010232420058157943,0.0,-0.010232420058157943,0.5,2,1.2510499483702773,1.2435599461744329
2008-04-30,0.00433924743241304,0.0,0.00433924743241304,0.5,2,1.2564785636465636,1.248956060477922
2008-05-01,-0.015053590550288265,0.0,-0.015053590550288265,0.5,2,1.237564049814214,1.2301547873281864
2008-05-02,0.0031862108957587676,0.0,0.0031862108957587676,0.5,2,1.2415071898739314,1.2340743199150412
2008-05-05,0.010055073339420628,0.0,0.010055073339420628,0.5,2,1.2539906357195318,1.2464830277080827
2008-05-06,0.0018674542005965855,0.0,0.0018674542005965855,0.5,2,1.256332405799715,1.2488107776741484
2008-05-07,-0.0043198315053438185,0.0,-0.0043198315053438185,0.5,2,1.250905261491957,1.2434161255325387
2008-05-08,0.008024119668360974,0.0,0.008024119668360974,0.5,2,1.2609426750039507,1.2533934453213815
2008-05-09,0.0012500794921845304,0.0,0.0012500794921845304,0.5,2,1.2625189535827936,1.2549602867630163
2008-05-12,-0.0024570663657386693,0.0,-0.0024570663657386693,0.5,2,1.2594168607258378,1.251876766052073
2008-05-13,-0.009381058108309137,0.0,-0.009381058108309137,0.5,2,1.2476021979727845,1.2401328373652964
2008-05-14,-0.0011001532276209147,0.0,-0.0011001532276209147,0.5,2,1.2462296443878977,1.2387685012215903
2008-05-15,0.010580392615677947,0.0,0.010580392615677947,0.5,2,1.2594152433148185,1.2518751583244498
2008-05-16,0.012121059836023795,0.0,0.012121059836023795,0.5,2,1.2746806908374377,1.2670492120257322
2008-05-19,0.0016327142859552946,0.0,0.0016327142859552946,0.5,2,1.2767618802113994,1.2691179413752152
2008-05-20,0.008210261101626037,0.0,0.008210261101626037,0.5,2,1.2872444286125382,1.2795377310426639
2008-05-21,0.005854717120928332,0.0,0.005854717120928332,0.5,2,1.2947808806075556,1.287029062503473
2008-05-22,-0.005010555494689983,0.0,-0.005010555494689983,0.5,2,1.2882933091518078,1.2805803319625206
2008-05-23,0.0013760343421669874,0.0,0.0013760343421669874,0.5,2,1.2900660449879846,1.2823424544772046
2008-05-27,-0.010289514635521246,0.0,-0.010289514635521246,0.5,2,1.2767918915372916,1.2691477730241112
2008-05-28,-0.0009770304585531298,0.0,-0.0009770304585531298,0.5,2,1.275544426970026,1.2679077769934617
2008-05-29,-0.015031050191860962,0.0,-0.015031050191860962,0.5,2,1.256371654666291,1.2488497915588221
2008-05-30,0.005644949209858252,0.0,0.005644949209858252,0.5,2,1.2634638088455878,1.2558994852029137
2008-06-02,-0.0021073977057728954,0.0005,-0.0026073977057728954,1.0,2,1.2608011881134997,1.2526248557665143
2008-06-03,-0.008834516997332065,0.0,-0.008834516997332065,1.0,2,1.2496626185868545,1.2415585201869643
2008-06-04,0.00511823713358428,0.0,0.00511823713358428,1.0,2,1.2560586882057578,1.2479131111085031
2008-06-05,0.00678884438400762,0.0,0.00678884438400762,1.0,2,1.2645858751771675,1.2563849990245815
2008-06-06,-0.00014509942760371208,0.0,-0.00014509942760371208,1.0,2,1.2644023844905234,1.2562026982803731
2008-06-09,-0.008669263754267797,0.0,-0.008669263754267797,1.0,2,1.25344094672785,1.2453123457601576
2008-06-10,-0.01627670106998219,0.0,-0.01627670106998219,1.0,2,1.2330390631290853,1.2250427689694612
2008-06-11,-0.003514410149931646,0.0,-0.003514410149931646,1.0,2,1.2287056581303624,1.2207374662280945
2008-06-12,-0.0075590761487511204,0.0,-0.0075590761487511204,1.0,2,1.2194177784961535,1.2115098187632427
2008-06-13,0.011327416908913146,0.0,0.011327416908913146,1.0,2,1.2332306320593203,1.2252330955696158
2008-06-16,0.011542186441769187,0.0,0.011542186441769187,1.0,2,1.2474648099402497,1.239374964393306
2008-06-17,-0.0012618983154808472,0.0,-0.0012618983154808472,1.0,2,1.2458906361979645,1.2378109992134891
2008-06-18,0.0005150625942997311,0.0,0.0005150625942997311,1.0,2,1.2465323478612584,1.2384485493579969
2008-06-19,0.00868433473423802,0.0,0.00868433473423802,1.0,2,1.2573576520271412,1.2492036511117532
2008-06-20,-0.010586111750260474,0.0,-0.010586111750260474,1.0,2,1.2440471234127368,1.235979441662251
2008-06-23,-0.014322986992117703,0.0,-0.014322986992117703,1.0,2,1.2262286526465147,1.2182765241967974
2008-06-24,-0.0003721775933614446,0.0,-0.0003721775933614446,1.0,2,1.2257722778176618,1.217823108971973
2008-06-25,0.007806667063375572,0.0,0.007806667063375572,1.0,2,1.2353414738861,1.2273302485258024
2008-06-26,-0.0022892110893833473,0.0,-0.0022892110893833473,1.0,2,1.2325135164849048,1.2245206305105416
2008-06-27,0.004735220652332894,0.0,0.004735220652332894,1.0,2,1.2383497399424437,1.230319005889343
2008-06-30,-0.005639361399298604,0.0,-0.005639361399298604,1.0,2,1.2313662382201807,1.223380792378707
2008-07-01,0.0027904735215317222,0.0005,0.0022904735215317222,0.5,2,1.2348023331032423,1.2261829136904008
2008-07-02,0.0027717670371843472,0.0,0.0027717670371843472,0.5,2,1.2382249175075761,1.2295816070721264
2008-07-03,-0.005963237405473387,0.0,-0.005963237405473387,0.5,2,1.2308410883631056,1.2222493200397517
2008-07-07,-0.004557569588174937,0.0,-0.004557569588174937,0.5,2,1.2252314444509056,1.216678833709571
2008-07-08,-0.002233302712908558,0.0,-0.002233302712908558,0.5,2,1.2224951317420725,1.213961621569509
2008-07-09,0.0036307236230040396,0.0,0.0036307236230040396,0.5,2,1.2269336736958958,1.2183691807063617
2008-07-10,0.011468816702788154,0.0,0.011468816702788154,0.5,2,1.2410051511059925,1.232342433516209
2008-07-11,0.009029781342484555,0.0,0.009029781342484555,0.5,2,1.2522111562653766,1.2434702162299256
2008-07-14,0.003943998246641045,0.0,0.003943998246641045,0.5,2,1.2571498748701115,1.2483744605824867
2008-07-15,0.0014772223790696648,0.0,0.0014772223790696648,0.5,2,1.2590069647991144,1.2502185872731184
2008-07-16,-0.008875298839585655,0.0,-0.008875298839585655,0.5,2,1.2478329017454026,1.2391225236962649
2008-07-17,-0.0019203596125292877,0.0,-0.0019203596125292877,0.5,2,1.2454366138377055,1.2367429628467832
2008-07-18,0.00038862019479263266,0.0,0.00038862019479263266,0.5,2,1.2459206156571772,1.2372235861379133
2008-07-21,0.004596821990676014,0.0,0.004596821990676014,0.5,2,1.2516478909418667,1.242910882726055
2008-07-22,-0.010520794449427329,0.0,-0.010520794449427329,0.5,2,1.238479560758208,1.229834472809938
2008-07-23,-0.013211028707087347,0.0,-0.013211028707087347,0.5,2,1.2221179717278903,1.2135870942846803
2008-07-24,0.0040792751807857686,0.0,0.0040792751807857686,0.5,2,1.227103327237952,1.2185376499981175
2008-07-25,0.002091468224409143,0.0,0.002091468224409143,0.5,2,1.2296697748549368,1.2210861827733348
2008-07-28,0.00022421766097568963,0.0,0.00022421766097568963,0.5,2,1.2299454885356274,1.221359971861086
2008-07-29,-0.006233046078944038,0.0,-0.006233046078944038,0.5,2,1.2222791816309955,1.213747178877498
2008-07-30,-0.005725522382302839,0.0,-0.005725522382302839,0.5,2,1.2152809948191443,1.206797842238378
2008-07-31,0.003218886167129731,0.0,0.003218886167129731,0.5,2,1.2191928460025434,1.2106823871192813
2008-08-01,-0.00298108781671258,0.0,-0.00298108781671258,0.5,2,1.2155583250631021,1.2070732366051315
2008-08-04,-0.00790257678877787,0.0,-0.00790257678877787,0.5,2,1.2059522820580526,1.1975342476631807
2008-08-05,-0.011643849013617202,0.0,-0.011643849013617202,0.5,2,1.1919103557681414,1.183590339694755
2008-08-06,0.0030425633929228035,0.0,0.0030425633929228035,0.5,2,1.195536818584247,1.1871914883345271
2008-08-07,-0.0028468662800613664,0.0,-0.0028468662800613664,0.5,2,1.1921332851288478,1.1838117129184118
2008-08-08,-0.009740584739747649,0.0,-0.009740584739747649,0.5,2,1.1805212098439766,1.1722806946128244
2008-08-11,-0.01942640228281195,0.0,-0.01942640228281195,0.5,2,1.1575879299181557,1.1495074982509015
2008-08-12,-0.004092942546491618,0.0,-0.004092942546491618,0.5,2,1.1528499890284885,1.1448026301037992
2008-08-13,0.006888807384148432,0.0,0.006888807384148432,0.5,2,1.1607917505457233,1.1526889549154509
2008-08-14,-0.013744842873500751,0.0,-0.013744842873500751,0.5,2,1.1448368503256163,1.1368454263481182
2008-08-15,-0.010769139325591648,0.0,-0.010769139325591648,0.5,2,1.1325079427793883,1.1246025795601138
2008-08-18,0.00718897645458666,0.0,0.00718897645458666,0.5,2,1.1406495157146617,1.132687321025339
2008-08-19,0.010958718564839542,0.0,0.010958718564839542,0.5,2,1.1531495727384993,1.1451001225984179
2008-08-20,-0.0023018946981424038,0.0,-0.0023018946981424038,0.5,2,1.1504951438508475,1.1424642226973665
2008-08-21,0.014055335656193935,0.0,0.014055335656193935,0.5,2,1.1666657392684923,1.1585219408225707
2008-08-22,-0.007327887120135157,0.0,-0.007327887120135157,0.5,2,1.1581165444242036,1.1500324228140228
2008-08-25,-0.0010334788316437304,0.0,-0.0010334788316437304,0.5,2,1.1569196554909649,1.1488438886493406
2008-08-26,0.001977465104734011,0.0,0.001977465104734011,0.5,2,1.1592074237386791,1.1511156873499315
2008-08-27,0.0008265678117380104,0.0,0.0008265678117380104,0.5,2,1.1601655872822694,1.1520671625246817
2008-08-28,0.00515001645065255,0.0,0.00515001645065255,0.5,2,1.1661404591422542,1.1580003273639405
2008-08-29,-0.003071273208051506,0.0,-0.003071273208051506,0.5,2,1.1625589231932656,1.1544437919835928
2008-09-02,-0.029095436219672532,0.0005,-0.029595436219672533,0.5,2,1.1287337641918849,1.1202775243687455
2008-09-03,0.0020401110545700263,0.0,0.0020401110545700263,0.5,2,1.1310365064218793,1.1225630149303965
2008-09-04,-0.01580935415495327,0.0,-0.01580935415495327,0.5,2,1.1131555497296746,1.1048160186661096
2008-09-05,-0.001141474735014969,0.0,-0.001141474735014969,0.5,2,1.1118849107935165,1.1035548990939625
2008-09-08,0.006208219135822979,0.0,0.006208219135822979,0.5,2,1.1187877359735376,1.110406009735949
2008-09-09,-0.011455174708601912,0.0,-0.011455174708601912,0.5,2,1.1059718269961196,1.0976861148969421
2008-09-10,0.004885655285472246,0.0,0.004885655285472246,0.5,2,1.1113752240982668,1.103049030865978
2008-09-11,0.00317113118766732,0.0,0.00317113118766732,0.5,2,1.1148995407326057,1.1065469440492834
2008-09-12,0.00256643104834664,0.0,0.00256643104834664,0.5,2,1.1177608535297292,1.1093868204829447
2008-09-15,-0.022113377304632476,0.0,-0.022113377304632476,0.5,2,1.0930433860392783,1.0848545311448188
2008-09-16,0.015050923018466,0.0,0.015050923018466,0.5,2,1.109494697898399,1.1011825931793136
2008-09-17,-0.020588224470642402,0.0,-0.020588224470642402,0.5,2,1.0866521720090794,1.0785111987677738
2008-09-18,0.02768397109804349,0.0,0.02768397109804349,0.5,2,1.1167350193326049,1.108368671623377
2008-09-19,0.02301916120748415,0.0,0.02301916120748415,0.5,2,1.142441322768665,1.1338823887528005
2008-09-22,-0.020057059198147487,0.0,-0.020057059198147487,0.5,2,1.1195273095274838,1.1111400425578486
2008-09-23,-0.005031998268355098,0.0,-0.005031998268355098,0.5,2,1.1138938500445652,1.1055487877877974
2008-09-24,-0.007873786408751415,0.0,-0.007873786408751415,0.5,2,1.1051232877872925,1.0968439327683022
2008-09-25,0.0031188708966045087,0.0,0.0031188708966045087,0.5,2,1.1085700246467323,1.1002648473883305
2008-09-26,0.003432421655737705,0.0,0.003432421655737705,0.5,2,1.1123751044062316,1.1040414202775533
2008-09-29,-0.0379281591151473,0.0,-0.0379281591151473,0.5,2,1.0701847644505835,1.0621671616195532
2008-09-30,0.020656888593579947,0.0,0.020656888593579947,0.5,2,1.0922914519043858,1.0841082303448872
2008-10-01,-0.008293838270130749,0.0005,-0.00879383827013075,0.0,1,1.0832321632584445,1.0745747578999167
2008-10-02,-0.0004348149275527069,0.0,-0.0004348149275527069,0.0,1,1.0827611577438545,1.0741075167544105
2008-10-03,2.321218586232021e-06,0.0,2.321218586232021e-06,0.0,1,1.0827636710691784,1.074110009992742
2008-10-06,-0.00014847831882425222,0.0,-0.00014847831882425222,0.0,1,1.0826029041396141,1.073950527944226
2008-10-07,-0.00021753514840561206,0.0,-0.00021753514840561206,0.0,1,1.0823673999561978,1.0737169059567495
2008-10-08,-0.000870368039910141,0.0,-0.000870368039910141,0.0,1,1.0814253419638353,1.0727823770778935
2008-10-09,0.0015254821028316545,0.0,0.0015254821028316545,0.0,1,1.0830750369685498,1.074418887394359
2008-10-10,0.0008688556865148467,0.0,0.0008688556865148467,0.0,1,1.0840160728733421,1.0753524023543706
2008-10-13,-0.003911964914049215,0.0,-0.003911964914049215,0.0,1,1.0797754400299961,1.0711456614861217
2008-10-14,0.001747543766711157,0.0,0.001747543766711157,0.0,1,1.0816623948696684,1.0730175354100915
2008-10-15,0.00021849217277691846,0.0,0.00021849217277691846,0.0,1,1.0818987296365348,1.0732519813428312
2008-10-16,-0.000435032311622785,0.0,-0.000435032311622785,0.0,1,1.0814280687312392,1.0727850820524338
2008-10-17,-0.0021758637005181436,0.0,-0.0021758637005181436,0.0,1,1.0790750286517654,1.0704508479339385
2008-10-20,0.002400616508059894,0.0,0.002400616508059894,0.0,1,1.081665473978982,1.0730205899105554
2008-10-21,0.0,0.0,0.0,0.0,1,1.081665473978982,1.0730205899105554
2008-10-22,-0.0013071529950265948,0.0,-0.0013071529950265948,0.0,1,1.0802515717150534,1.0716179878327285
2008-10-23,0.0013086248243179277,0.0,0.0013086248243179277,0.0,1,1.0816652157383082,1.073020333733792
2008-10-24,-0.0010879791171241049,0.0,-0.0010879791171241049,0.0,1,1.0804883865718653,1.0718529100184402
2008-10-27,0.001525666678642068,0.0,0.001525666678642068,0.0,1,1.0821368516999177,1.073488200287661
2008-10-28,-0.0002174402957850763,0.0,-0.0002174402957850763,0.0,1,1.081901551542804,1.0732547806958685
2008-10-29,-0.0010888313225958512,0.0,-0.0010888313225958512,0.0,1,1.0807235432455193,1.0720861872735212
2008-10-30,0.001308074134618864,0.0,0.001308074134618864,0.0,1,1.0821372097591124,1.0734885554851759
2008-10-31,-0.0010883099871024093,0.0,-0.0010883099871024093,0.0,1,1.0809595090263164,1.0723202671692011
2008-11-03,-0.000281954785422589,0.0,-0.000281954785422589,0.0,1,1.0806547273198983,1.0720179213383672
2008-11-04,0.0004363979169190735,0.0,0.0004363979169190735,0.0,1,1.0811263227918095,1.0724857477261391
2008-11-05,0.00043643354814681956,0.0,0.00043643354814681956,0.0,1,1.0815981625888604,1.0729538164863561
2008-11-06,0.0015268322881331065,0.0,0.0015268322881331065,0.0,1,1.0832495815862866,1.0745920370170432
2008-11-07,0.0,0.0,0.0,0.0,1,1.0832495815862866,1.0745920370170432
2008-11-10,-0.000217176017596854,0.0,-0.000217176017596854,0.0,1,1.0830143257560942,1.0743586613979026
2008-11-11,4.2668649424815186e-07,0.0,4.2668649424815186e-07,0.0,1,1.08301478786368,1.0743591198122333
2008-11-12,0.00021817208655350306,0.0,0.00021817208655350306,0.0,1,1.0832510714597166,1.0745935149831105
2008-11-13,0.0,0.0,0.0,0.0,1,1.0832510714597166,1.0745935149831105
2008-11-14,1.893737736624601e-07,0.0,1.893737736624601e-07,0.0,1,1.0832512765990596,1.0745937184829395
2008-11-17,0.0004348336931316865,0.0,0.0004348336931316865,0.0,1,1.083722310752253,1.0750609880381636
2008-11-18,-0.00108796906066011,0.0,-0.00108796906066011,0.0,1,1.0825432544078073,1.0738913549448554
2008-11-19,-0.00021607161204273417,0.0,-0.00021607161204273417,0.0,1,1.0823093475417214,1.0736593175086337
2008-11-20,0.00065392548026455,0.0,0.00065392548026455,0.0,1,1.0830170972016075,1.0743614106934762
2008-11-21,-0.0002176527300761233,0.0,-0.0002176527300761233,0.0,1,1.0827813755736826,1.0741275729993505
2008-11-24,0.0002182685240578186,0.0,0.0002182685240578186,0.0,1,1.0830177126664065,1.074362021239359
2008-11-25,0.00021817218460484789,0.0,0.00021817218460484789,0.0,1,1.0832539970067445,1.0745964171485893
2008-11-26,0.0004346914088978471,0.0,0.0004346914088978471,0.0,1,1.0837248782128976,1.0750635349791564
2008-11-28,-0.0030451489025726808,0.0,-0.0030451489025726808,0.0,1,1.080424774589317,1.0717898064354188
2008-12-01,0.002752372121012314,0.0,0.002752372121012314,0.0,1,1.0833985056177475,1.074739770818237
2008-12-02,0.0008701643384676494,0.0,0.0008701643384676494,0.0,1,1.0843412403616852,1.0756749710399358
2008-12-03,-0.001522703040450657,0.0,-0.001522703040450657,0.0,1,1.0826901106581004,1.0740370374909967
2008-12-04,-0.0004357492777571359,0.0,-0.0004357492777571359,0.0,1,1.0822183292243464,1.0735690266276254
2008-12-05,2.324252736718435e-06,0.0,2.324252736718435e-06,0.0,1,1.0822208445732597,1.0735715218733737
2008-12-08,0.00021853258058668334,0.0,0.00021853258058668334,0.0,1,1.0824573450871888,1.0738061322284929
2008-12-09,-0.0004359543013123801,0.0,-0.0004359543013123801,0.0,1,1.081985443151611,1.0733380018263723
2008-12-10,0.0006548313651009163,0.0,0.0006548313651009163,0.0,1,1.0826939611563693,1.074040857215323
2008-12-11,-0.0010897191358015812,0.0,-0.0010897191358015812,0.0,1,1.0815141288286805,1.0728704543405827
2008-12-12,0.0004356003346641657,0.0,0.0004356003346641657,0.0,1,1.0819852367451424,1.0733377970695448
2008-12-15,-0.0002171419988415968,0.0,-0.0002171419988415968,0.0,1,1.0817502923081184,1.0731047303548569
2008-12-16,0.0006546621011596088,0.0,0.0006546621011596088,0.0,1,1.0824584732274107,1.0738072513523953
2008-12-17,-0.0006542337990860236,0.0,-0.0006542337990860236,0.0,1,1.0817502923081184,1.0731047303548569
2008-12-18,-0.0006538075527983134,0.0,-0.0006538075527983134,0.0,1,1.0810430357967655,1.0724031263772074
2008-12-19,0.0006559471015199492,0.0,0.0006559471015199492,0.0,1,1.0817521428427148,1.0731065660996155
2008-12-22,0.001307526671297632,0.0,0.001307526671297632,0.0,1,1.083166562621215,1.0745096815559354
2008-12-23,-0.0010892450948933874,0.0,-0.0010892450948933874,0.0,1,1.0819867287559273,1.0733392771558852
2008-12-24,0.0010909070034217372,0.0,0.0010909070034217372,0.0,1,1.0831670756559364,1.0745101904903822
2008-12-26,7.593320732190989e-07,0.0,7.593320732190989e-07,0.0,1,1.0831678981394377,1.0745110064004328
2008-12-29,-0.0035324161541476773,0.0,-0.0035324161541476773,0.0,1,1.0793416983583957,1.0707153863636145
2008-12-30,0.003496615011485016,0.0,0.003496615011485016,0.0,1,1.0831157407433973,1.0744592658566015
2008-12-31,-0.0021804876668990447,0.0,-0.0021804876668990447,0.0,1,1.0807540202288821,1.0721164206788156
2009-01-02,0.0025105141247860896,0.0005,0.0020105141247860896,0.5,2,1.083467268462086,1.0742719258860056
2009-01-05,-0.009989706158997413,0.0,-0.009989706158997413,0.5,2,1.0726437488172582,1.0635402650115442
2009-01-06,0.004095059515658306,0.0,0.004095059515658306,0.5,2,1.0770362888077638,1.0678955256940654
2009-01-07,-0.01328628126428072,0.0,-0.01328628126428072,0.5,2,1.0627264817428268,1.0537071653788272
2009-01-08,0.009780252125408562,0.0,0.009780252125408562,0.5,2,1.0731202146746202,1.064012687122582
2009-01-09,-0.0028234471141929673,0.0,-0.0028234471141929673,0.5,2,1.070090316501315,1.061008503571661
2009-01-12,-0.019199292880231422,0.0,-0.019199292880231422,0.5,2,1.0495453391065066,1.0406378905631726
2009-01-13,0.0013976282314417388,0.0,0.0013976282314417388,0.5,2,1.05101221330262,1.0420923154577317
2009-01-14,-0.006647600220013983,0.0,-0.006647600220013983,0.5,2,1.0440255042822322,1.03516490235222
2009-01-15,0.003862730909695522,0.0,0.003862730909695522,0.5,2,1.0480582938681335,1.0391634658171678
2009-01-16,0.014034048751763617,0.0,0.014034048751763617,0.5,2,1.0627667950589692,1.0537471365574975
2009-01-20,0.010033928096622846,0.0,0.010033928096622846,0.5,2,1.0734305206640693,1.0643203595577377
2009-01-21,-0.0013126530027122163,0.0,-0.0013126530027122163,0.5,2,1.0720214788679168,1.0629232762419165
2009-01-22,0.002668900747983094,0.0,0.002668900747983094,0.5,2,1.0748825977947214,1.0657601129689274
2009-01-23,0.02297625251459623,0.0,0.02297625251459623,0.5,2,1.099579371785198,1.090247286444486
2009-01-26,0.0022748833392585155,0.0,0.0022748833392585155,0.5,2,1.1020807865782645,1.0927274718320905
2009-01-27,-0.003422770532325481,0.0,-0.003422770532325481,0.5,2,1.0983086169377223,1.088987316441641
2009-01-28,-0.005654770114060459,0.0,-0.005654770114060459,0.5,2,1.0920979341946477,1.082829343510036
2009-01-29,0.012034321200145193,0.0,0.012034321200145193,0.5,2,1.1052405915167611,1.0958604596347783
2009-01-30,0.010502892891162408,0.0,0.010502892891162408,0.5,2,1.1168488150684266,1.1073701646659824
2009-02-02,-0.013310887303570329,0.0,-0.013310887303570329,0.5,2,1.1019825663559246,1.0926300852007773
2009-02-03,-0.002490882767713587,0.0,-0.002490882767713587,0.5,2,1.0992376569710678,1.0899084717500653
2009-02-04,0.004332192647640842,0.0,0.004332192647640842,0.5,2,1.1039997662666077,1.0946301652179824
2009-02-05,0.0051132982250799985,0.0,0.0051132982250799985,0.5,2,1.1096448463119473,1.1002273356989105
2009-02-06,-0.0036770055068631735,0.0,-0.0036770055068631735,0.5,2,1.105564676101396,1.0961817937267442
2009-02-09,-0.006435341107189574,0.0,-0.006435341107189574,0.5,2,1.0984499902946239,1.0891274899686216
2009-02-10,0.010544463776440915,0.0,0.010544463776440915,0.5,2,1.1100325564275173,1.1006117553345218
2009-02-11,0.011360029499614288,0.0,0.011360029499614288,0.5,2,1.1226425590140663,1.1131147373427444
2009-02-12,0.004761983377099821,0.0,0.004761983377099821,0.5,2,1.1279885642185161,1.1184153712187752
2009-02-13,-0.002888940023993758,0.0,-0.002888940023993758,0.5,2,1.124729872908738,1.1151843362894114
2009-02-17,0.01563372584910916,0.0,0.01563372584910916,0.5,2,1.1423135913960965,1.1326188224741807
2009-02-18,0.007777749602884743,0.0,0.007777749602884743,0.5,2,1.1511982204779474,1.1414280480708991
2009-02-19,-0.005889099734121661,0.0,-0.005889099734121661,0.5,2,1.1444186993438095,1.134706064456486
2009-02-20,0.010622315916841096,0.0,0.010622315916841096,0.5,2,1.1565750763093798,1.146759270745898
2009-02-23,-0.0003937612282114977,0.0,-0.0003937612282114977,0.5,2,1.1561196618868135,1.1463077214069863
2009-02-24,-0.0156964359699866,0.0,-0.0156964359699866,0.5,2,1.1379727036403646,1.1283147756560203
2009-02-25,-0.008557422382401758,0.0,-0.008557422382401758,0.5,2,1.1282345905556703,1.118659309540427
2009-02-26,-0.00036486732309592984,0.0,-0.00036486732309592984,0.5,2,1.12782293462079,1.1182511473126986
2009-02-27,-0.0018636876588168927,0.0,-0.0018636876588168927,0.5,2,1.1257210249362064,1.116167076449994
2009-03-02,-0.008772025139551998,0.0,-0.008772025139551998,0.5,2,1.1158461718053438,1.1063760307954345
2009-03-03,-0.005006734552131298,0.0,-0.005006734552131298,0.5,2,1.1102594262221026,1.100836699694401
2009-03-04,-0.005814454230606503,0.0,-0.005814454230606503,0.5,2,1.1038038736042348,1.094435935088656
2009-03-05,0.016844598031155567,0.0,0.016844598031155567,0.5,2,1.1223970061603306,1.1128712684860764
2009-03-06,0.0015268974972459382,0.0,0.0015268974972459382,0.5,2,1.124110791339953,1.1145705088406848
2009-03-09,-0.009318364248430022,0.0,-0.009318364248430022,0.5,2,1.1136359175306565,1.1041845348587493
2009-03-10,-0.013503922632893406,0.0,-0.013503922632893406,0.5,2,1.0985974642591112,1.0892737123275793
2009-03-11,0.00611034299308072,0.0,0.00611034299308072,0.5,2,1.105310271577063,1.0959295483232472
2009-03-12,0.01026594783098711,0.0,0.01026594783098711,0.5,2,1.1166573291621273,1.1071803038927708
2009-03-13,0.0010148286454860211,0.0,0.0010148286454860211,0.5,2,1.117790545006953,1.1083039021808792
2009-03-16,-0.002815598687391896,0.0,-0.002815598687391896,0.5,2,1.1146432954156522,1.1051833631686674
2009-03-17,-0.0038655819507171785,0.0,-0.0038655819507171785,0.5,2,1.1103345504114055,1.1009111863077696
2009-03-18,0.017396383473214372,0.0,0.017396383473214372,0.5,2,1.1296503560339213,1.1200630594747307
2009-03-19,0.006423325968568039,0.0,0.006423325968568039,0.5,2,1.136906468501236,1.1272575896110886
2009-03-20,-0.003804060153898836,0.0,-0.003804060153898836,0.5,2,1.1325816079057005,1.122969433931269
2009-03-23,-0.007969595121434192,0.0,-0.007969595121434192,0.5,2,1.123555391048709,1.1140198222090907
2009-03-24,-0.006230059411325373,0.0,-0.006230059411325373,0.5,2,1.1165555742105606,1.107079412531334
2009-03-25,0.005886035872115447,0.0,0.005886035872115447,0.5,2,1.1231276603735743,1.1135957216667738
2009-03-26,-0.00034638736281256133,0.0,-0.00034638736281256133,0.5,2,1.1227386231451957,1.1132099861815064
2009-03-27,-0.006644459193139607,0.0,-0.006644459193139607,0.5,2,1.1152786321791457,1.105813307854928
2009-03-30,-0.004022976193041372,0.0,-0.004022976193041372,0.5,2,1.1107918927932812,1.1013646472434793
2009-03-31,0.0014515257334141163,0.0,0.0014515257334141163,0.5,2,1.1124042358101383,1.1029633063708255
2009-04-01,0.004260957837385226,0.0,0.004260957837385226,0.5,2,1.1171441433570541,1.1076629865154548
2009-04-02,-0.012568541147749357,0.0,-0.012568541147749357,0.5,2,1.1031032712233038,1.0937412786915963
2009-04-03,-0.006472149363612734,0.0,-0.006472149363612734,0.5,2,1.0959638220884567,1.0866624217707554
2009-04-06,-0.013441201303807715,0.0,-0.013441201303807715,0.5,2,1.0812327517340752,1.0720563734104516
2009-04-07,0.008587764205756299,0.0,0.008587764205756299,0.5,2,1.0905181236575086,1.0812629407605787
2009-04-08,-0.0005148452066265907,0.0,-0.0005148452066265907,0.5,2,1.0899566756288042,1.0807062577184252
2009-04-09,-0.0020593414359325046,0.0,-0.0020593414359325046,0.5,2,1.0877120826833107,1.0784807145418343
2009-04-13,0.009439313462060062,0.0,0.009439313462060062,0.5,2,1.0979793379882286,1.088660832069181
2009-04-14,-0.0031221373038597955,0.0,-0.0031221373038597955,0.5,2,1.0945512957382282,1.0852618834741268
2009-04-15,0.0007437086717456687,0.0,0.0007437086717456687,0.5,2,1.0953653230285392,1.0860690021479815
2009-04-16,-0.009342434514845288,0.0,-0.009342434514845288,0.5,2,1.0851319442283127,1.0759224736168107
2009-04-17,-0.0039847272443924164,0.0,-0.0039847272443924164,0.5,2,1.0808079894063856,1.0716352160233356
2009-04-20,0.010317473487323814,0.0,0.010317473487323814,0.5,2,1.0919591971819735,1.0826917839527388
2009-04-21,-0.00039767741104612675,0.0,-0.00039767741104612675,0.5,2,1.0915249496754702,1.0822612218871355
2009-04-22,0.00314357147338018,0.0,0.00314357147338018,0.5,2,1.094956236369753,1.0856633873910055
2009-04-23,0.008320214466826625,0.0,0.008320214466826625,0.5,2,1.1040665070881386,1.0946963396128802
2009-04-24,0.005168510658618342,0.0,0.005168510658618342,0.5,2,1.1097728865978471,1.1003542893121199
2009-04-27,-0.0040733232101045624,0.0,-0.0040733232101045624,0.5,2,1.1052524229409233,1.0958721906461266
2009-04-28,-0.006923242075517033,0.0,-0.006923242075517033,0.5,2,1.0976004928623515,1.0882852021864564
2009-04-29,0.003195057315305616,0.0,0.003195057315305616,0.5,2,1.1011073893463545,1.0917623357828412
2009-04-30,-0.005957229686483156,0.0,-0.005957229686483156,0.5,2,1.0945478397185344,1.0852584567855315
2009-05-01,-0.0005309347216741478,0.0005,-0.0010309347216741478,1.0,2,1.0939667062658944,1.0841396261604408
2009-05-04,0.019519632942687992,0.0,0.019519632942687992,1.0,2,1.1153205348237258,1.1053016337217154
2009-05-05,-0.0025288954089042748,0.0,-0.0025288954089042748,1.0,2,1.1125000058437535,1.1025064414947423
2009-05-06,0.0074740212588658705,0.0,0.0074740212588658705,1.0,2,1.1208148545379182,1.1107465980765108
2009-05-07,-0.01213473738375287,0.0,-0.01213473738375287,1.0,2,1.1072140606222913,1.0972679798089555
2009-05-08,0.003333010276391657,0.0,0.003333010276391657,1.0,2,1.110904416464511,1.1009251852616144
2009-05-11,0.0002489702682574313,0.0,0.0002489702682574313,1.0,2,1.1111809986350865,1.1011992829003203
2009-05-12,-0.00048169228944267006,0.0,-0.00048169228944267006,1.0,2,1.1106457513158687,1.1006688436966074
2009-05-13,-0.011329817255065044,0.0,-0.011329817255065044,1.0,2,1.0980623379183454,1.088198466839181
2009-05-14,0.005264192976666471,0.0,0.005264192976666471,1.0,2,1.1038427499655572,1.0939269535655352
2009-05-15,0.0025542901020337294,0.0,0.0025542901020337294,1.0,2,1.106662284575996,1.0967211603553755
2009-05-18,0.006469681699949881,0.0,0.006469681699949881,1.0,2,1.113822037306542,1.1038165971764744
2009-05-19,0.005659213735486224,0.0,0.005659213735486224,1.0,2,1.1201253942789544,1.1100633312246733
2009-05-20,0.00533554652669771,0.0,0.00533554652669771,1.0,2,1.1261018754358654,1.1159861257760035
2009-05-21,-0.0005668080826877753,0.0,-0.0005668080826877753,1.0,2,1.1254635917909386,1.1153535758197464
2009-05-22,-2.0108456958656262e-05,0.0,-2.0108456958656262e-05,1.0,2,1.1254409604547446,1.1153311477803733
2009-05-26,0.01681932440958217,0.0,0.01681932440958217,1.0,2,1.1443701170724647,1.1340902641790032
2009-05-27,-0.005109004649318072,0.0,-0.005109004649318072,1.0,2,1.1385235248238008,1.1282961917465664
2009-05-28,0.009994984024012,0.0,0.009994984024012,1.0,2,1.1499030492653763,1.1395734941574267
2009-05-29,0.0165067611193912,0.0,0.0165067611193912,1.0,2,1.1688842242100594,1.1583841616034734
2009-06-01,0.011746971923624505,0.0,0.011746971923624505,1.0,2,1.1826150743738226,1.1719916678266007
2009-06-02,0.003992305074702995,0.0,0.003992305074702995,1.0,2,1.1873364345366655,1.1766706161095746
2009-06-03,-0.011664643357175986,0.0,-0.011664643357175986,1.0,2,1.1734865784828143,1.1629451730237879
2009-06-04,0.01522576605411663,0.0,0.01522576605411663,1.0,2,1.1913538105944395,1.1806519041620123
2009-06-05,-0.01259298740638215,0.0,-0.01259298740638215,1.0,2,1.1763511070610784,1.165783969601579
2009-06-08,-0.0022776775580728437,0.0,-0.0022776775580728437,1.0,2,1.1736717585441112,1.1631286896164565
2009-06-09,0.005271580282066923,0.0,0.005271580282066923,1.0,2,1.179858863444071,1.169260215882145
2009-06-10,-0.0015489690090339514,0.0,-0.0015489690090339514,1.0,2,1.178031298629562,1.167449068044247
2009-06-11,-0.000827628288311566,0.0,-0.000827628288311566,1.0,2,1.1770563266022998,1.1664828541703707
2009-06-12,-0.010492055616515283,0.0,-0.010492055616515283,1.0,2,1.1647065861598171,1.1542440511887035
2009-06-15,-0.016101502020947178,0.0,-0.016101502020947178,1.0,2,1.1459530607089543,1.1356589882658223
2009-06-16,-0.0002956939433143013,0.0,-0.0002956939433143013,1.0,2,1.1456142093295802,1.1353231807813218
2009-06-17,0.007069280821052681,0.0,0.007069280821052681,1.0,2,1.1537128778879193,1.1433490991689157
2009-06-18,-0.00498602933237452,0.0,-0.00498602933237452,1.0,2,1.147960431637632,1.1376483270233155
2009-06-19,0.006936535341798944,0.0,0.006936535341798944,1.0,2,1.1559232997426732,1.1455396648502512
2009-06-22,-0.02241656941635556,0.0,-0.02241656941635556,1.0,2,1.1300114648540087,1.1198605954339467
2009-06-23,0.0009634351510935391,0.0,0.0009634351510935391,1.0,2,1.1311001576203876,1.1209395084959122
2009-06-24,0.011353093181869833,0.0,0.011353093181869833,1.0,2,1.1439416431078797,1.1336656391871058
2009-06-25,0.014613356763144791,0.0,0.014613356763144791,1.0,2,1.1606584704548333,1.1502322996226655
2009-06-26,0.0010254767232827366,0.0,0.0010254767232827366,1.0,2,1.1618486986999657,1.1514118360722965
2009-06-29,-0.00025332098343722187,0.0,-0.00025332098343722187,1.0,2,1.1615543780450057,1.1511201592936413
2009-06-30,-0.0056332944031788346,0.0,-0.0056332944031788346,1.0,2,1.1550110002681768,1.1446355605429062
2009-07-01,0.008026045353858702,0.0005,0.007526045353858701,1.0,2,1.164281170940535,1.1532501396851917
2009-07-02,-0.026371515010085222,0.0,-0.026371515010085222,1.0,2,1.1335773125651172,1.1228371863161009
2009-07-06,-0.001874500879741614,0.0,-0.001874500879741614,1.0,2,1.1314524208954588,1.1207324270225447
2009-07-07,-0.024806941203780075,0.0,-0.024806941203780075,1.0,2,1.1033845472154304,1.0929304836002267
2009-07-08,-8.543592608795114e-05,0.0,-8.543592608795114e-05,1.0,2,1.103290278534808,1.0928371080722106
2009-07-09,0.011002879451557257,0.0,0.011002879451557257,1.0,2,1.1154296484696016,1.1048614630325175
2009-07-10,-0.007603833656220638,0.0,-0.007603833656220638,1.0,2,1.106948106967422,1.0964602802544496
2009-07-13,0.01862351469564516,0.0,0.01862351469564516,1.0,2,1.1275633713048463,1.1168802243969596
2009-07-14,0.0030892003420309733,0.0,0.0030892003420309733,1.0,2,1.1310466404571429,1.1203304911681744
2009-07-15,0.03171444910459087,0.0,0.03171444910459087,1.0,2,1.1669171615708394,1.1558611555106488
2009-07-16,0.014076248030600647,0.0,0.014076248030600647,1.0,2,1.183342976968275,1.1721313438245535
2009-07-17,0.0020064231345398587,0.0,0.0020064231345398587,1.0,2,1.1857172636933595,1.1744831352695224
2009-07-20,0.013431159246219626,0.0,0.013431159246219626,1.0,2,1.2016428210830166,1.1902578052913266
2009-07-21,0.005978131624279237,0.0,0.005978131624279237,1.0,2,1.208826400032821,1.197373323118184
2009-07-22,0.006039316469788114,0.0,0.006039316469788114,1.0,2,1.2161268852196538,1.2046046395489765
2009-07-23,0.01834512790998688,0.0,0.01834512790998688,1.0,2,1.2384368884837824,1.2267032657424661
2009-07-24,0.00044475324662601734,0.0,0.00044475324662601734,1.0,2,1.238987687310677,1.227248846002552
2009-07-27,0.004013613492054702,0.0,0.004013613492054702,1.0,2,1.243960505008957,1.2321745485289763
2009-07-28,-0.005047544601451681,0.0,-0.005047544601451681,1.0,2,1.2376815588774799,1.2259550925385028
2009-07-29,-0.0025341721661518712,0.0,-0.0025341721661518712,1.0,2,1.2345450607204131,1.2228483112660395
2009-07-30,0.014806287644974103,0.0,0.014806287644974103,1.0,2,1.2528240900001217,1.2409541551088155
2009-07-31,0.005525207277320421,0.0,0.005525207277320421,1.0,2,1.2597462027793926,1.2478106840374437
2009-08-03,0.020835503524806676,0.0,0.020835503524806676,1.0,2,1.2859936492277646,1.2738094479429973
2009-08-04,-0.000553262739069138,0.0,-0.000553262739069138,1.0,2,1.2852821568589672,1.2731046966387762
2009-08-05,-0.005540974734120296,0.0,-0.005540974734120296,1.0,2,1.278160440901596,1.266050455680811
2009-08-06,-0.007803949725163795,0.0,-0.007803949725163795,1.0,2,1.2681857410801067,1.256170261575157
2009-08-07,0.005265680952939056,0.0,0.005265680952939056,1.0,2,1.274863602581701,1.2627848533951818
2009-08-10,-0.007116456650447633,0.0,-0.007116456650447633,1.0,2,1.265791091018695,1.253798299727153
2009-08-11,-0.007771071977618338,0.0,-0.007771071977618338,1.0,2,1.2559545373417607,1.244054942894558
2009-08-12,0.014132502776433187,0.0,0.014132502776433187,1.0,2,1.273704318327817,1.2616365528290507
2009-08-13,0.010721537668309244,0.0,0.010721537668309244,1.0,2,1.2873603871550567,1.2751632366539232
2009-08-14,-0.010054007468397519,0.0,-0.010054007468397519,1.0,2,1.2744172562080807,1.2623427359491788
2009-08-17,-0.031136173927374,0.0,-0.031136173927374,1.0,2,1.234736778862739,1.223038212966708
2009-08-18,0.015444447601215328,0.0,0.015444447601215328,1.0,2,1.2538066063451778,1.2419273625611562
2009-08-19,0.007628352648421655,0.0,0.007628352648421655,1.0,2,1.2633710852912994,1.2514012224464968
2009-08-20,0.011022321835156779,0.0,0.011022321835156779,1.0,2,1.2772963679906115,1.2651945694652107
2009-08-21,0.01638554221714894,0.0,0.01638554221714894,1.0,2,1.2982255615521328,1.2859254684960906
2009-08-24,-0.0006320227853891525,0.0,-0.0006320227853891525,1.0,2,1.2974050534166572,1.2851127342996889
2009-08-25,0.005909410587874531,0.0,0.005909410587874531,1.0,2,1.3050719525760797,1.292706993098372
2009-08-26,-0.0032756010126872015,0.0,-0.0032756010126872015,1.0,2,1.3007970575665917,1.288472600762671
2009-08-27,0.005195928786177417,0.0,0.005195928786177417,1.0,2,1.3075559064429767,1.2951674126391746
2009-08-28,0.0009169876263490084,0.0,0.0009169876263490084,1.0,2,1.3087549190299446,1.2963550651306153
2009-08-31,-0.008686979003909412,0.0,-0.008686979003909412,1.0,2,1.2973857925270682,1.285093655898214
2009-09-01,-0.02158344542741597,0.0,-0.02158344542741597,1.0,2,1.2693837370757555,1.2573569071070165
2009-09-02,0.0002622955507384228,0.0,0.0002622955507384228,1.0,2,1.26971669078217,1.2576867062294408
2009-09-03,0.0071920570797704975,0.0,0.0071920570797704975,1.0,2,1.2788485656974127,1.2667320608091115
2009-09-04,0.016903799593521673,0.0,0.016903799593521673,1.0,2,1.3004659655624244,1.2881446457037176
2009-09-08,0.014287950206975097,0.0,0.014287950206975097,1.0,2,1.3190469585242461,1.3065495922609138
2009-09-09,0.010687288069883172,0.0,0.010687288069883172,1.0,2,1.333143993347698,1.3205130641309946
2009-09-10,0.008723837214813401,0.0,0.008723837214813401,1.0,2,1.3447741245295695,1.3320330051425076
2009-09-11,-0.0010150262174890012,0.0,-0.0010150262174890012,1.0,2,1.3434091435365711,1.330680956719727
2009-09-14,0.0033340161310226324,0.0,0.0033340161310226324,1.0,2,1.3478880912916855,1.3351174684946754
2009-09-15,0.000245727115946448,0.0,0.000245727115946448,1.0,2,1.348219303944977,1.3354455430596581
2009-09-16,0.020379984037826482,0.0,0.020379984037826482,1.0,2,1.3756959918388652,1.3626619019106005
2009-09-17,-0.0031106112252525797,0.0,-0.0031106112252525797,1.0,2,1.371416736444116,1.3584231905022934
2009-09-18,0.0017158896920012046,0.0,0.0017158896920012046,1.0,2,1.3737699362856186,1.3607540948522518
2009-09-21,-0.0038315159935706777,0.0,-0.0038315159935706777,1.0,2,1.3685063148032537,1.3555403437745086
2009-09-22,0.007355568726526984,0.0,0.007355568726526984,1.0,2,1.3785724570544753,1.365511113934722
2009-09-23,-0.004866890435333504,0.0,-0.004866890435333504,1.0,2,1.3718630959488227,1.3588653209549715
2009-09-24,-0.012899766383999423,0.0,-0.012899766383999423,1.0,2,1.3541663825002528,1.341336275767334
2009-09-25,-0.00440268552736206,0.0,-0.00440268552736206,1.0,2,1.3482044137663787,1.3354307939586874
2009-09-28,0.012879735410017523,0.0,0.012879735410017523,1.0,2,1.3655689298943077,1.352630789243265
2009-09-29,-0.005000807114717287,0.0,-0.005000807114717287,1.0,2,1.3587399830740554,1.3458665435688315
2009-09-30,0.0009578007354660301,0.0,0.0009578007354660301,1.0,2,1.3600413852291509,1.347155615534101
2009-10-01,-0.029049896972385192,0.0,-0.029049896972385192,1.0,2,1.320532323110064,1.3080208836970653
2009-10-02,-0.005927647950551729,0.0,-0.005927647950551729,1.0,2,1.3127046723913434,1.3002673963865397
2009-10-05,0.011139710978260942,0.0,0.011139710978260942,1.0,2,1.3273278230415957,1.3147519993767416
2009-10-06,0.017003544778895874,0.0,0.017003544778895874,1.0,2,1.3498971011169578,1.3371074438712869
2009-10-07,0.0031944490668894265,0.0,0.0031944490668894265,1.0,2,1.3542092786520175,1.3413787654976923
2009-10-08,0.009886485819696644,0.0,0.009886485819696644,1.0,2,1.3675976494823123,1.3546402876416275
2009-10-09,0.0008306662534321996,0.0,0.0008306662534321996,1.0,2,1.3687336666980103,1.355765541614111
2009-10-12,0.003987261215831039,0.0,0.003987261215831039,1.0,2,1.3741911653620376,1.3611713329759492
2009-10-13,-2.5293730377184964e-05,0.0,-2.5293730377184964e-05,1.0,2,1.3741564069412142,1.3611369038752557
2009-10-14,0.018849723059514156,0.0,0.018849723059514156,1.0,2,1.400058874652513,1.3867939575593888
2009-10-15,0.0006964936316639081,0.0,0.0006964936316639081,1.0,2,1.4010340067426632,1.387759850719259
2009-10-16,-0.010808139122575666,0.0,-0.010808139122575666,1.0,2,1.385891436282329,1.3727607491839604
2009-10-19,0.01323136038317807,0.0,0.01323136038317807,1.0,2,1.404228665327741,1.390924241376295
2009-10-20,-0.0026511542811055167,0.0,-0.0026511542811055167,1.0,2,1.4005058384900062,1.3872366866190768
2009-10-21,-0.0027551428867468863,0.0,-0.0027551428867468863,1.0,2,1.3966472447912428,1.3834146513297039
2009-10-22,0.007058110020162323,0.0,0.007058110020162323,1.0,2,1.406504934704336,1.3931789441422935
2009-10-23,-0.010275278209826544,0.0,-0.010275278209826544,1.0,2,1.3920527051967548,1.378863642895159
2009-10-26,-0.009540765314924426,0.0,-0.009540765314924426,1.0,2,1.378771457030467,1.3657082284770146
2009-10-27,-0.010155985037680448,0.0,-0.010155985037680448,1.0,2,1.3647686747424848,1.3518381161427648
2009-10-28,-0.02468485038757029,0.0,-0.02468485038757029,1.0,2,1.331079564192824,1.3184681944975658
2009-10-29,0.02352536565729313,0.0,0.02352536565729313,1.0,2,1.3623936976594104,1.3494856408806322
2009-10-30,-0.03101677991769275,0.0,-0.03101677991769275,1.0,2,1.3201366321778567,1.307628941755351
2009-11-02,0.008895031989681557,0.0005,0.008395031989681556,1.0,2,1.331879289751829,1.3186065285520205
2009-11-03,0.013702931036813637,0.0,0.013702931036813637,1.0,2,1.3501299398086588,1.3366753028774612
2009-11-04,0.003870132029685336,0.0,0.003870132029685336,1.0,2,1.3553551209329495,1.3418484127804167
2009-11-05,0.01170683553174906,0.0,0.01170683553174906,1.0,2,1.3712220404208255,1.3575572114573755
2009-11-06,0.005084919812930799,0.0,0.005084919812930799,1.0,2,1.3781945945420888,1.3644602810191022
2009-11-09,0.014192419835496461,0.0,0.014192419835496461,1.0,2,1.3977545108428422,1.383825274176185
2009-11-10,0.00219287745143365,0.0,0.00219287745143365,1.0,2,1.4008196151923091,1.38685983341665
2009-11-11,0.008790498287339243,0.0,0.008790498287339243,1.0,2,1.4131335176205284,1.3990510224070787
2009-11-12,-0.009203876821984036,0.0,-0.009203876821984036,1.0,2,1.400127210791332,1.3861743291291733
2009-11-13,0.011178859220827175,0.0,0.011178859220827175,1.0,2,1.4157790357720177,1.4016701768100326
2009-11-16,0.013674181695161214,0.0,0.013674181695161214,1.0,2,1.4351386555473642,1.4208368694844216
2009-11-17,0.0031245085060328526,0.0,0.0031245085060328526,1.0,2,1.4396227584839587,1.4252762863688109
2009-11-18,-0.0015439055160468285,0.0,-0.0015439055160468285,1.0,2,1.4374001169661086,1.4230757944483952
2009-11-19,-0.00757908782262201,0.0,-0.00757908782262201,1.0,2,1.4265059352433753,1.4122901780240231
2009-11-20,0.0003577528599461588,0.0,0.0003577528599461588,1.0,2,1.4270162718214388,1.412795428874285
2009-11-23,0.014029288556893227,0.0,0.014029288556893227,1.0,2,1.447036294874204,1.4326159436178223
2009-11-24,0.00022540134118320676,0.0,0.00022540134118320676,1.0,2,1.4473624587958096,1.4329388571729142
2009-11-25,0.010361206199425821,0.0,0.010361206199425821,1.0,2,1.4623588796767009,1.4477858321432524
2009-11-27,-0.013833391209805201,0.0,-0.013833391209805201,1.0,2,1.4421294972050005,1.4277580443392015
2009-11-30,0.003124515568003583,0.0,0.003124515568003583,1.0,2,1.4466354532700947,1.4322190965760817
2009-12-01,0.012673469144943605,0.0,0.012673469144943605,1.0,2,1.4649693430510948,1.4503702811053378
2009-12-02,0.008333148698412896,0.0,0.008333148698412896,1.0,2,1.4771771504253557,1.4624564323255473
2009-12-03,-0.004039246728996693,0.0,-0.004039246728996693,1.0,2,1.4712104674523514,1.4565492099649762
2009-12-04,-0.01837294426383318,0.0,-0.01837294426383318,1.0,2,1.4441799995334814,1.4297881125127594
2009-12-07,-0.005053040757061589,0.0,-0.005053040757061589,1.0,2,1.4368824991353055,1.4225633349062703
2009-12-08,-0.012648867567240318,0.0,-0.012648867567240318,1.0,2,1.4187075626940577,1.4045695196770291
2009-12-09,0.004570511835415125,0.0,0.004570511835415125,1.0,2,1.425191782400344,1.4109891212903762
2009-12-10,0.0024049426438589316,0.0,0.0024049426438589316,1.0,2,1.4286192868935157,1.4143824691981883
2009-12-11,-0.008672947585258217,0.0,-0.008672947585258217,1.0,2,1.4162289466989992,1.4021156041773242
2009-12-14,0.00895075574460824,0.0,0.00895075574460824,1.0,2,1.4289052660793458,1.4146655984760192
2009-12-15,-0.0029425636511016817,0.0,-0.0029425636511016817,1.0,2,1.4247006213825129,1.4105028549074796
2009-12-16,0.006923413418143898,0.0,0.006923413418143898,1.0,2,1.4345644127814305,1.4202683492994763
2009-12-17,-0.025331703329337263,0.0,-0.025331703329337263,1.0,2,1.3982244526700265,1.3842905328269746
2009-12-18,0.015589731981876631,0.0,0.015589731981876631,1.0,2,1.4200223971376584,1.4058712512187965
2009-12-21,-0.0035506180695993317,0.0,-0.0035506180695993317,1.0,2,1.4149804399551458,1.4008795393506888
2009-12-22,-0.0006527154762282494,0.0,-0.0006527154762282494,1.0,2,1.4140568603234267,1.399965163595023
2009-12-23,0.005434486916529757,0.0,0.005434486916529757,1.0,2,1.4217415338300834,1.4075732559601775
2009-12-24,0.013071350810548887,0.0,0.013071350810548887,1.0,2,1.4403256161807043,1.4259721397803795
2009-12-28,0.0034843175616381394,0.0,0.0034843175616381394,1.0,2,1.44534416801964,1.430940679549423
2009-12-29,-0.007031759413766436,0.0,-0.007031759413766436,1.0,2,1.4351808555600354,1.4208786489554601
2009-12-30,-0.0009789057360036768,0.0,-0.0009789057360036768,1.0,2,1.433775948788325,1.4194877426958326
2009-12-31,-0.0027303428446193156,0.0,-0.0027303428446193156,1.0,2,1.4298612488857636,1.4156120544945383
2010-01-04,0.024456402060701987,0.0005,0.023956402060701987,1.0,2,1.4648305104795312,1.4495250260339858
2010-01-05,-0.0017204696697041277,0.0,-0.0017204696697041277,1.0,2,1.4623103140149938,1.447031162191217
2010-01-06,-0.003487861163300965,0.0,-0.003487861163300965,1.0,2,1.4572099786620465,1.4419841183985243
2010-01-07,0.004012606627435855,0.0,0.004012606627435855,1.0,2,1.4630571890799913,1.4477702334286673
2010-01-08,0.00687003821403781,0.0,0.00687003821403781,1.0,2,1.4731084478782936,1.4577164702574688
2010-01-11,-0.004035958223757963,0.0,-0.004035958223757963,1.0,2,1.467163043723592,1.4518331874814259
2010-01-12,-0.011736217252999337,0.0,-0.011736217252999337,1.0,2,1.4499440994968802,1.4347941577780294
2010-01-13,0.012645452964676895,0.0,0.012645452964676895,1.0,2,1.4682792994084788,1.4529377798142047
2010-01-14,0.0023119070125647845,0.0,0.0023119070125647845,1.0,2,1.471673824617185,1.4562968368561775
2010-01-15,-0.013078447765532464,0.0,-0.013078447765532464,1.0,2,1.4524266153740277,1.4372507347442438
2010-01-19,0.01721245290181872,0.0,0.01721245290181872,1.0,2,1.4774264400845012,1.4619893453241335
2010-01-20,-0.014490377945077015,0.0,-0.014490377945077015,1.0,2,1.4560179725816271,1.440804567158711
2010-01-21,-0.012872496714560255,0.0,-0.012872496714560255,1.0,2,1.4372753860132295,1.4222578151016372
2010-01-22,-0.023662762414270178,0.0,-0.023662762414270178,1.0,2,1.4032654800301199,1.3886032663310481
2010-01-25,0.0022862036522229845,0.0,0.0022862036522229845,1.0,2,1.406473630695603,1.391777896190023
2010-01-26,-0.004494194871169421,0.0,-0.004494194871169421,1.0,2,1.4001526641180957,1.3855229751071587
2010-01-27,0.0092992363543688,0.0,0.0092992363543688,1.0,2,1.4131730146739292,1.3984072807270886
2010-01-28,-0.021479881796273192,0.0,-0.021479881796273192,1.0,2,1.3828182253610501,1.368369657634023
2010-01-29,-0.014100956803689724,0.0,-0.014100956803689724,1.0,2,1.363319165297879,1.349074336200246
2010-02-01,0.01137032921876202,0.0,0.01137032921876202,1.0,2,1.3788205530375637,1.3644137555434255
2010-02-02,0.010001793055427921,0.0,0.010001793055427921,1.0,2,1.3926112308696161,1.37806033956835
2010-02-03,-0.0005647343572833252,0.0,-0.0005647343572833252,1.0,2,1.3918247754612054,1.3772821015481862
2010-02-04,-0.031338616790433205,0.0,-0.031338616790433205,1.0,2,1.3482069121835958,1.334119985555445
2010-02-05,0.006161864285974983,0.0,0.006161864285974983,1.0,2,1.3565143802058843,1.3423406518476444
2010-02-08,-0.008599247309484581,0.0,-0.008599247309484581,1.0,2,1.3448493775716217,1.3307975326088317
2010-02-09,0.012056761722962606,0.0,0.012056761722962606,1.0,2,1.3610639060702772,1.3468426413610028
2010-02-10,0.0001411096395361744,0.0,0.0001411096395361744,1.0,2,1.3612559653074485,1.3470326938406374
2010-02-11,0.015545044569957867,0.0,0.015545044569957867,1.0,2,1.3824167499592739,1.3679723771035806
2010-02-12,0.004793398986250863,0.0,0.004793398986250863,1.0,2,1.389043225007105,1.3745296145092083
2010-02-16,0.014785189785752051,0.0,0.014785189785752051,1.0,2,1.4095804927094482,1.3948522957258636
2010-02-17,0.0061977713416095925,0.0,0.0061977713416095925,1.0,2,1.4183167502908545,1.4034972713100915
2010-02-18,0.007225297009378073,0.0,0.007225297009378073,1.0,2,1.4285645100650817,1.4136379559471586
2010-02-19,0.00042500140770868056,0.0,0.00042500140770868056,1.0,2,1.4291716519928621,1.4142387540684267
2010-02-22,0.0005224285419708208,0.0,0.0005224285419708208,1.0,2,1.429918292055239,1.4149775927587134
2010-02-23,-0.012343204818344,0.0,-0.012343204818344,1.0,2,1.4122685177029044,1.3975122345179252
2010-02-24,0.009312779712834063,0.0,0.009312779712834063,1.0,2,1.4254206633036421,1.4105269581039812
2010-02-25,0.00019775417588691058,0.0,0.00019775417588691058,1.0,2,1.425702546192206,1.4108058957001472
2010-02-26,-0.0002626174203158582,0.0,-0.0002626174203158582,1.0,2,1.4253281318673872,1.410435393495252
2010-03-01,0.01880484760660306,0.0,0.01880484760660306,1.0,2,1.4521312101765576,1.4369584161288893
2010-03-02,0.005347649690212841,0.0,0.005347649690212841,1.0,2,1.4598966991928064,1.4446427663577495
2010-03-03,0.003405301795352811,0.0,0.003405301795352811,1.0,2,1.4648680880435974,1.449562210963671
2010-03-04,0.0029491362431148804,0.0,0.0029491362431148804,1.0,2,1.469188183613429,1.4538371674166737
2010-03-05,0.01765351232664658,0.0,0.01765351232664658,1.0,2,1.4951245153230122,1.479502499772601
2010-03-08,0.0018688203765285794,0.0,0.0018688203765285794,1.0,2,1.4979186344826951,1.4822674241913008
2010-03-09,0.0046097725858693095,0.0,0.0046097725858693095,1.0,2,1.5048236987397963,1.489100339928265
2010-03-10,0.00830996724549915,0.0,0.00830996724549915,1.0,2,1.517328734386575,1.5014747149783305
2010-03-11,0.003423020669988508,0.0,0.003423020669988508,1.0,2,1.5225225820075476,1.5066142939631666
2010-03-12,-9.680009948381807e-05,0.0,-9.680009948381807e-05,1.0,2,1.5223752016701428,1.506468453549627
2010-03-15,-0.0029662678774877715,0.0,-0.0029662678774877715,1.0,2,1.5178594290119447,1.5019998645674142
2010-03-16,0.007458228839463454,0.0,0.007458228839463454,1.0,2,1.5291799719796533,1.5132021232742012
2010-03-17,0.004300526896147017,0.0,0.004300526896147017,1.0,2,1.5357562515782008,1.5197096897046485
2010-03-18,0.0001431389760958579,0.0,0.0001431389760958579,1.0,2,1.5359760781555847,1.519927219393596
2010-03-19,-0.00923731141820805,0.0,-0.00923731141820805,1.0,2,1.5217877887907436,1.5058871783350463
2010-03-22,0.011675712439870423,0.0,0.011675712439870423,1.0,2,1.5395557454071707,1.5234694839961742
2010-03-23,0.009797696390928201,0.0,0.009797696390928201,1.0,2,1.5546398451775794,1.5383959754612129
2010-03-24,-0.008108126294437301,0.0,-0.008108126294437301,1.0,2,1.542034628970515,1.5259224666013191
2010-03-25,-0.0037715715322901855,0.0,-0.0037715715322901855,1.0,2,1.5362187350620842,1.5201673408658036
2010-03-26,0.0003163314467619638,0.0,0.0003163314467619638,1.0,2,1.5367046893570893,1.52064821760006
2010-03-29,0.005122110935391222,0.0,0.005122110935391222,1.0,2,1.5445758612509122,1.5284371464643123
2010-03-30,0.003197200921507326,0.0,0.003197200921507326,1.0,2,1.5495141806178416,1.533323867117454
2010-03-31,-0.006701848005297273,0.0,-0.006701848005297273,1.0,2,1.5391295720972882,1.5230477636171382
2010-04-01,0.004649105034376544,0.0,0.004649105034376544,1.0,2,1.5462851471394834,1.5301285726425664
2010-04-05,0.013995240484446003,0.0,0.013995240484446003,1.0,2,1.5679257796312276,1.5515430899888214
2010-04-06,0.004402758620792091,0.0,0.004402758620792091,1.0,2,1.5748289783742613,1.5583741597038003
2010-04-07,-0.002800993624025472,0.0,-0.002800993624025472,1.0,2,1.5704178924469046,1.554009163618624
2010-04-08,0.0006401013272591682,0.0,0.0006401013272591682,1.0,2,1.5714231190242114,1.5550038869468292
2010-04-09,0.00597827011828822,0.0,0.00597827011828822,1.0,2,1.580817510899861,1.5643001202179856
2010-04-12,0.0024708344948479732,0.0,0.0024708344948479732,1.0,2,1.5847234493358522,1.5681652469153151
2010-04-13,0.0036892510880036644,0.0,0.0036892510880036644,1.0,2,1.5905698920454996,1.5739506022586671
2010-04-14,0.01659797777030536,0.0,0.01659797777030536,1.0,2,1.6169701357557877,1.6000749993665153
2010-04-15,0.003730261264270951,0.0,0.003730261264270951,1.0,2,1.6230018568186804,1.6060436971565806
2010-04-16,-0.012709872881384532,0.0,-0.012709872881384532,1.0,2,1.6023737095322639,1.5856310859237714
2010-04-19,-0.0027441645252078706,0.0,-0.0027441645252078706,1.0,2,1.5979765324424398,1.5812798533477126
2010-04-20,0.009324519557757205,0.0,0.009324519557757205,1.0,2,1.6128768958720363,1.5960245282665406
2010-04-21,0.006281800881768773,0.0,0.006281800881768773,1.0,2,1.6230086673787099,1.6060504365555301
2010-04-22,0.00828394230823698,0.0,0.00828394230823698,1.0,2,1.6364535775450437,1.619354865716075
2010-04-23,0.007396164526750182,0.0,0.007396164526750182,1.0,2,1.6485570574449557,1.6313318807301045
2010-04-26,-0.0029741951751967033,0.0,-0.0029741951751967033,1.0,2,1.6436539269986665,1.6264799813212925
2010-04-27,-0.022128085416010468,0.0,-0.022128085416010468,1.0,2,1.6072830125076791,1.5904890933671838
2010-04-28,0.0011589023363382522,0.0,0.0011589023363382522,1.0,2,1.6091456965460311,1.5923323148934077
2010-04-29,0.0192096227304952,0.0,0.0192096227304952,1.0,2,1.6400567782950803,1.6229204179240861
2010-04-30,-0.02449283251899481,0.0,-0.02449283251899481,1.0,2,1.5998871423026568,1.5831704999362144
2010-05-03,0.018170911877459228,0.0,0.018170911877459228,1.0,2,1.6289585505793187,1.6119381515775486
2010-05-04,-0.03095361724890905,0.0,-0.03095361724890905,1.0,2,1.5785363910903487,1.562042835004703
2010-05-05,-0.009907443605863764,0.0,-0.009907443605863764,1.0,2,1.5628971308158175,1.5465669837069504
2010-05-06,-0.03564417697553596,0.0,-0.03564417697553596,1.0,2,1.507188948890461,1.491440876435179
2010-05-07,-0.0270221098119674,0.0,-0.0270221098119674,1.0,2,1.4664615236061593,1.4511389972940907
2010-05-10,0.05373035173960827,0.0,0.05373035173960827,1.0,2,1.5452550170821202,1.5291092060417648
2010-05-11,0.002965720207986633,0.0,0.002965720207986633,1.0,2,1.5498378111127735,1.5336441161143413
2010-05-12,0.02465401354359087,0.0,0.02465401354359087,1.0,2,1.588047533498317,1.5714545989240727
2010-05-13,-0.012768965352083828,0.0,-0.012768965352083828,1.0,2,1.567769809565615,1.5513887495980385
2010-05-14,-0.01935702525080507,0.0,-0.01935702525080507,1.0,2,1.5374224497744036,1.5213584783982543
2010-05-17,0.00254553087423387,0.0,0.00254553087423387,1.0,2,1.5413360060870447,1.5252311433757946
2010-05-18,-0.016215349481299324,0.0,-0.016215349481299324,1.0,2,1.516342704080233,1.5004989873461942
2010-05-19,-0.009934151485936737,0.0,-0.009934151485936737,1.0,2,1.501279125953305,1.4855928031014023
2010-05-20,-0.0443852770886376,0.0,-0.0443852770886376,1.0,2,1.4346444359604797,1.4196543548948608
2010-05-21,0.013402323357034729,0.0,0.013402323357034729,1.0,2,1.4538720045935927,1.4386810216143842
2010-05-24,-0.008712755509890313,0.0,-0.008712755509890313,1.0,2,1.4412047732748947,1.426146145616339
2010-05-25,0.0008677776181794106,0.0,0.0008677776181794106,1.0,2,1.442455418520356,1.4273837233217574
2010-05-26,-0.004281208207242981,0.0,-0.004281208207242981,1.0,2,1.4362799665440045,1.4212727964105873
2010-05-27,0.0399505584919807,0.0,0.0399505584919807,1.0,2,1.493660153358281,1.4780534383966497
2010-05-28,-0.009358452771277614,0.0,-0.009358452771277614,1.0,2,1.4796818053567382,1.4642211450999902
2010-06-01,-0.017010605836521864,0.0005,-0.017510605836521864,1.0,2,1.4545115214023419,1.4385817457706436
2010-06-02,0.013642153637597798,0.0,0.013642153637597798,1.0,2,1.4743541910449685,1.4582070989666902
2010-06-03,-0.0012015157864693204,0.0,-0.0012015157864693204,1.0,2,1.4725827312095807,1.4564550401173402
2010-06-04,-0.020212729934164064,0.0,-0.020212729934164064,1.0,2,1.4428178141579278,1.4270161077301962
2010-06-07,-0.003141672740581525,0.0,-0.003141672740581525,1.0,2,1.4382849527615624,1.4225328901241694
2010-06-08,-0.0022509695619232217,0.0,-0.0022509695619232217,1.0,2,1.435047417111524,1.419330811887665
2010-06-09,-0.00146619545880472,0.0,-0.00146619545880472,1.0,2,1.4329433571053856,1.4172497954967338
2010-06-10,0.010520451579116297,0.0,0.010520451579116297,1.0,2,1.4480185683094293,1.43215990334577
2010-06-11,0.011314937854497331,0.0,0.011314937854497331,1.0,2,1.4644028084220087,1.4483647036498302
2010-06-14,0.0014934555500562552,0.0,0.0014934555500562552,1.0,2,1.4665898289237644,1.4505277719550016
2010-06-15,0.01828309506658532,0.0,0.01828309506658532,1.0,2,1.4934036301896647,1.477047909106377
2010-06-16,-0.005026408662486825,0.0,-0.005026408662486825,1.0,2,1.48589717324629,1.4696236627011368
2010-06-17,0.007126351899158723,0.0,0.007126351899158723,1.0,2,1.4964861993888081,1.4800967180808755
2010-06-18,0.0041261400846218654,0.0,0.0041261400846218654,1.0,2,1.5026609110821898,1.4862038044784665
2010-06-21,-0.014866241946604464,0.0,-0.014866241946604464,1.0,2,1.4803219904143368,1.4641095391391254
2010-06-22,-0.005845314289415815,0.0,-0.005845314289415815,1.0,2,1.4716690431308315,1.4555513587287254
2010-06-23,-0.0034475309391386877,0.0,-0.0034475309391386877,1.0,2,1.4665954185724654,1.4505333003860028
2010-06-24,-0.006557444228808829,0.0,-0.006557444228808829,1.0,2,1.45697830090895,1.4410215091666916
2010-06-25,0.014569800921503506,0.0,0.014569800921503506,1.0,2,1.478206184700144,1.462016905678855
2010-06-28,-0.009664171937364019,0.0,-0.009664171937364019,1.0,2,1.463920545972327,1.4478877229270417
2010-06-29,-0.018342003065486334,0.0,-0.018342003065486334,1.0,2,1.4370693108304742,1.4213305618746337
2010-06-30,-0.004060372245256516,0.0,-0.004060372245256516,1.0,2,1.431234274486268,1.415559430709863
2010-07-01,-0.018513210944786695,0.0005,-0.019013210944786696,0.5,2,1.404737532451295,1.388645100648894
2010-07-02,0.006182634923029118,0.0,0.006182634923029118,0.5,2,1.4134225117771182,1.3972305863438592
2010-07-06,-0.008498167713951343,0.0,-0.008498167713951343,0.5,2,1.401411010221362,1.3853566864860467
2010-07-07,0.005233068826718035,0.0,0.005233068826718035,0.5,2,1.4087446904923708,1.3926063533759825
2010-07-08,-0.0021017122299267776,0.0,-0.0021017122299267776,0.5,2,1.4057839145475186,1.3896794955716185
2010-07-09,0.004789404195936986,0.0,0.004789404195936986,0.5,2,1.412516781926433,1.3963352323787166
2010-07-12,-0.004209253885510855,0.0,-0.004209253885510855,0.5,2,1.40657114017376,1.3904577028763507
2010-07-13,0.004382778050400826,0.0,0.004382778050400826,0.5,2,1.4127358292932408,1.396551770376528
2010-07-14,-0.0002532870177406332,0.0,-0.0002532870177406332,0.5,2,1.4123780016481837,1.396198041943489
2010-07-15,-0.00029211224835934413,0.0,-0.00029211224835934413,0.5,2,1.411965428734589,1.395790195394302
2010-07-16,-0.006598424774634848,0.0,-0.006598424774634848,0.5,2,1.4026486810686987,1.3865801787888197
2010-07-19,-0.004130846819201617,0.0,-0.004130846819201617,0.5,2,1.3968545542260487,1.380852428467702
2010-07-20,0.003974112878336711,0.0,0.003974112878336711,0.5,2,1.4024058118991618,1.386340091886758
2010-07-21,-0.0034238447869895383,0.0,-0.0034238447869895383,0.5,2,1.397604192070847,1.3815934785901571
2010-07-22,0.004355707109520712,0.0,0.004355707109520712,0.5,2,1.403691746586546,1.3876112951273196
2010-07-23,-0.003175812301590031,0.0,-0.003175812301590031,0.5,2,1.399233885070096,1.383204502106429
2010-07-26,-0.002663587284721103,0.0,-0.002663587284721103,0.5,2,1.3955069034854723,1.3795202161824491
2010-07-27,-0.008730650698886011,0.0,-0.008730650698886011,0.5,2,1.3833232201632566,1.3674761070429085
2010-07-28,0.0012985919002418966,0.0,0.0012985919002418966,0.5,2,1.3851195924923771,1.3692519004392887
2010-07-29,0.002139232124785617,0.0,0.002139232124785617,0.5,2,1.388082684821307,1.3721810480916323
2010-07-30,0.00535569862078622,0.0,0.00535569862078622,0.5,2,1.395516837341942,1.3795300362383658
2010-08-02,-2.990585065210105e-05,0.0005,-0.0005299058506521011,1.0,2,1.395475103223822,1.3787990152010128
2010-08-03,-0.0020679309022112458,0.0,-0.0020679309022112458,1.0,2,1.392589357134599,1.3759477541095402
2010-08-04,0.008426750669935978,0.0,0.008426750669935978,1.0,2,1.4043243604327789,1.3875425227682798
2010-08-05,-0.004777067025255988,0.0,-0.004777067025255988,1.0,2,1.3976158088377917,1.3809141391366229
2010-08-06,0.0007938220389134831,0.0,0.0007938220389134831,1.0,2,1.3987252670687809,1.3820103392141168
2010-08-09,0.0036451576235160266,0.0,0.0036451576235160266,1.0,2,1.4038238411392412,1.3870479847378812
2010-08-10,-0.00801949060146323,0.0,-0.00801949060146323,1.0,2,1.392565889039115,1.375924566460497
2010-08-11,-0.021506411712603424,0.0,-0.021506411712603424,1.0,2,1.3626167936925122,1.3463333662487122
2010-08-12,0.0037369596073562605,0.0,0.0037369596073562605,1.0,2,1.3677088376108464,1.3513645596564197
2010-08-13,-0.005807471605449033,0.0,-0.005807471605449033,1.0,2,1.3597659073718997,1.3435165483476048
2010-08-16,0.008233063141499797,0.0,0.008233063141499797,1.0,2,1.3709609459449512,1.3545778049218005
2010-08-17,0.008658178025631402,0.0,0.008658178025631402,1.0,2,1.3828309698811305,1.3663059807063824
2010-08-18,0.0035000506984250723,0.0,0.0035000506984250723,1.0,2,1.3876709483830667,1.3710881209084163
2010-08-19,-0.013023306468386453,0.0,-0.013023306468386453,1.0,2,1.3695988843449975,1.353232020114662
2010-08-20,-0.0012447980971797556,0.0,-0.0012447980971797556,1.0,2,1.3678940102598653,1.3515475194709805
2010-08-23,-0.007502282841605812,0.0,-0.007502282841605812,1.0,2,1.3576316824975574,1.3414078277060384
2010-08-24,-0.0032055975523335722,0.0,-0.0032055975523335722,1.0,2,1.3532796616991727,1.3371078140568629
2010-08-25,0.011790993442217235,0.0,0.011790993442217235,1.0,2,1.3692361733157536,1.3528736435239448
2010-08-26,-0.005346401427858527,0.0,-0.005346401427858527,1.0,2,1.3619156870836626,1.345640637944496
2010-08-27,0.013191056373528909,0.0,0.013191056373528909,1.0,2,1.3798807936879767,1.3633910594581333
2010-08-30,-0.011403508968587661,0.0,-0.011403508968587661,1.0,2,1.364145310681574,1.3478436172839103
2010-08-31,0.0038349818628126142,0.0,0.0038349818628126142,1.0,2,1.3693767832062789,1.353012573110102
2010-09-01,0.007127524628676218,0.0005,0.006627524628676218,0.5,2,1.379137049954519,1.3619796972612976
2010-09-02,0.0025763222243695982,0.0,0.0025763222243695982,0.5,2,1.3826901513867682,1.365488595824492
2010-09-03,-0.0017438459085656333,0.0,-0.0017438459085656333,0.5,2,1.3802789528234582,1.3631073941234704
2010-09-07,0.003344984846880339,0.0,0.003344984846880339,0.5,2,1.3848959650051205,1.3676669677014839
2010-09-08,4.119647062394982e-05,0.0,4.119647062394982e-05,0.5,2,1.38495301783106,1.367723310753542
2010-09-09,-0.004693757898221462,0.0,-0.004693757898221462,0.5,2,1.3784523836649498,1.361303548661111
2010-09-10,0.0007010797257014367,0.0,0.0007010797257014367,0.5,2,1.3794187886839822,1.3622579309796026
2010-09-13,-0.00045185584884221974,0.0,-0.00045185584884221974,0.5,2,1.3787954902363124,1.3616423867658578
2010-09-14,0.009927908614206227,0.0,0.009927908614206227,0.5,2,1.3924840458610583,1.375160647946899
2010-09-15,-0.0003225302419871956,0.0,-0.0003225302419871956,0.5,2,1.3920349276447836,1.3747171170503454
2010-09-16,0.002781248875574127,0.0,0.002781248875574127,0.5,2,1.3959065232220556,1.3785405474863741
2010-09-17,-0.0004637042666957303,0.0,-0.0004637042666957303,0.5,2,1.3952592354113291,1.3779013123526915
2010-09-20,0.001328766243627988,0.0,0.001328766243627988,0.5,2,1.397113208784454,1.3797322211035967
2010-09-21,0.00456874829595183,0.0,0.00456874829595183,0.5,2,1.4034962673763396,1.3860358703376336
2010-09-22,0.0007607015157358732,0.0,0.0007607015157358732,0.5,2,1.4045639091142623,1.3870902299250636
2010-09-23,0.0003962207049681421,0.0,0.0003962207049681421,0.5,2,1.4051204264165045,1.387639823793819
2010-09-24,0.0016570898342564422,0.0,0.0016570898342564422,0.5,2,1.4074488371910254,1.3899392676394373
2010-09-27,0.00011959380375686779,0.0,0.00011959380375686779,0.5,2,1.4076171593510582,1.3901054957634453
2010-09-28,0.0043630885153730925,0.0,0.0043630885153730925,0.5,2,1.413758717613065,1.396170649087168
2010-09-29,0.00039102843288141287,0.0,0.00039102843288141287,0.5,2,1.4143115374688857,1.3967165915081154
2010-09-30,-0.00015482120732596139,0.0,-0.00015482120732596139,0.5,2,1.4140925720491198,1.396500350159126
2010-10-01,-0.0008404076710151198,0.0005,-0.0013404076710151198,1.0,2,1.4129041578040442,1.3946284703771974
2010-10-04,-0.0071645924407112704,0.0,-0.0071645924407112704,1.0,2,1.4027812753555917,1.384636525780732
2010-10-05,0.02190110891955188,0.0,0.02190110891955188,1.0,2,1.4335037408574622,1.4149616011458457
2010-10-06,-0.0012088475327799442,0.0,-0.0012088475327799442,1.0,2,1.4317708533970959,1.4132511283053222
2010-10-07,-0.0035779816899350614,0.0,-0.0035779816899350614,1.0,2,1.4266480034994584,1.4081945416449657
2010-10-08,0.008376111832401723,0.0,0.008376111832401723,1.0,2,1.4385977667222425,1.4199897366075616
2010-10-11,0.002604797123167246,0.0,0.002604797123167246,1.0,2,1.4423450220463956,1.423688521788404
2010-10-12,0.0021746395187317025,0.0,0.0021746395187317025,1.0,2,1.4454816025309836,1.4267845311102498
2010-10-13,0.012050580740794126,0.0,0.012050580740794126,1.0,2,1.4629004952916156,1.44397811330211
2010-10-14,0.0015472450294503615,0.0,0.0015472450294503615,1.0,2,1.465163960811536,1.446212301260552
2010-10-15,0.006578476003412326,0.0,0.006578476003412326,1.0,2,1.4748025067687995,1.4557261741802343
2010-10-18,0.0004046127595039861,0.0,0.0004046127595039861,1.0,2,1.4753992306807868,1.4563151795646516
2010-10-19,-0.02024380266910758,0.0,-0.02024380266910758,1.0,2,1.4455315397967317,1.4268338224455188
2010-10-20,0.008277068355194817,0.0,0.008277068355194817,1.0,2,1.4574963031612194,1.4386438235254044
2010-10-21,-0.006064913242039227,0.0,-0.006064913242039227,1.0,2,1.4486567145319538,1.4299185735495274
2010-10-22,0.004415127490402515,0.0,0.004415127490402515,1.0,2,1.45505271861644,1.4362318463526431
2010-10-25,0.006748906515715081,0.0,0.006748906515715081,1.0,2,1.4648727333898195,1.44592484081857
2010-10-26,0.0015053654231252933,0.0,0.0015053654231252933,1.0,2,1.4670779021519438,1.4481014860783765
2010-10-27,-0.0036479274688554497,0.0,-0.0036479274688554497,1.0,2,1.461726108373733,1.4428189168896208
2010-10-28,0.0076765244796691,0.0,0.0076765244796691,1.0,2,1.4729470846272352,1.4538947516248535
2010-10-29,0.0041022474061607195,0.0,0.0041022474061607195,1.0,2,1.4789894779845594,1.4598589875985373
2010-11-01,-0.0022444722158816988,0.0,-0.0022444722158816988,1.0,2,1.4756699271936418,1.4565823746617672
2010-11-02,0.007511390724965872,0.0,0.007511390724965872,1.0,2,1.486754260597875,1.4675233340009501
2010-11-03,-0.0012044109495630284,0.0,-0.0012044109495630284,1.0,2,1.4849635974871014,1.4657558328287401
2010-11-04,0.022951343080805597,0.0,0.022951343080805597,1.0,2,1.519045506475535,1.4993968978206842
2010-11-05,0.001316676355996027,0.0,0.001316676355996027,1.0,2,1.5210455977775934,1.5013711182642984
2010-11-08,0.005810383661580321,0.0,0.005810383661580321,1.0,2,1.529883456267439,1.51009466047983
2010-11-09,-0.010552625584842878,0.0,-0.010552625584842878,1.0,2,1.5137391689650033,1.4941591969301158
2010-11-10,0.008599681114565771,0.0,0.008599681114565771,1.0,2,1.5267568431087302,1.5070084895581106
2010-11-11,-0.0015678715113934816,0.0,-0.0015678715113934816,1.0,2,1.524363084549595,1.5046456938799044
2010-11-12,-0.022702005974833517,0.0,-0.022702005974833517,1.0,2,1.4897569846963346,1.4704872183474353
2010-11-15,-0.006624366375789115,0.0,-0.006624366375789115,1.0,2,1.4798882886188152,1.4607461722621868
2010-11-16,-0.0137351598210953,0.0,-0.0137351598210953,1.0,2,1.4595617864572685,1.4406825901281124
2010-11-17,-0.0007976713292259241,0.0,-0.0007976713292259241,1.0,2,1.4583975358669778,1.4395333989314523
2010-11-18,0.014561057417485035,0.0,0.014561057417485035,1.0,2,1.4796333461242557,1.4604945274076806
2010-11-19,0.000811871243676543,0.0,0.000811871243676543,1.0,2,1.4808346178891587,1.4616802609160298
2010-11-22,0.009061785654948806,0.0,0.009061785654948806,1.0,2,1.4942536237868984,1.4749256941365205
2010-11-23,-0.004486429899758615,0.0,-0.004486429899758615,1.0,2,1.487549759651318,1.4683085434024241
2010-11-24,0.009176444387168747,0.0,0.009176444387168747,1.0,2,1.5012001772939045,1.481782395094161
2010-11-26,-0.007245348820824449,0.0,-0.007245348820824449,1.0,2,1.4903234583595268,1.4710463647651473
2010-11-29,0.001123250505401796,0.0,0.001123250505401796,1.0,2,1.4919974649373413,1.472698718337839
2010-11-30,0.0010653525091152694,0.0,0.0010653525091152694,1.0,2,1.493586968180206,1.4742676616125912
2010-12-01,0.013337287075754767,0.0005,0.012837287075754766,1.0,2,1.5135073663474314,1.4931932588112136
2010-12-02,0.010106160458681956,0.0,0.010106160458681956,1.0,2,1.5288031146471355,1.5082837094805817
2010-12-03,0.004933700981745337,0.0,0.004933700981745337,1.0,2,1.5363457720747655,1.5157251302987966
2010-12-06,0.0029213221636014697,0.0,0.0029213221636014697,1.0,2,1.540833933029683,1.5201530517158663
2010-12-07,0.0032741997739046402,0.0,0.0032741997739046402,1.0,2,1.5458789311448335,1.5251303364940951
2010-12-08,0.0015311191873312868,0.0,0.0015311191873312868,1.0,2,1.5482458560376007,1.5274654928154823
2010-12-09,0.0021906248059238576,0.0,0.0021906248059238576,1.0,2,1.5516374818155054,1.5308115966142366
2010-12-10,0.009554944598579418,0.0,0.009554944598579418,1.0,2,1.566463291991332,1.5454384166107484
2010-12-13,-0.004283512976414716,0.0,-0.004283512976414716,1.0,2,1.5597533261530097,1.5388185110989465
2010-12-14,0.0006751483911537348,0.0,0.0006751483911537348,1.0,2,1.5608063911017587,1.5398574419409927
2010-12-15,-0.003760003466980133,0.0,-0.003760003466980133,1.0,2,1.5549377536599314,1.5340675726206394
2010-12-16,0.008474657856482937,0.0,0.008474657856482937,1.0,2,1.5681153191103274,1.5470682704273246
2010-12-17,0.0019828157204734853,0.0,0.0019828157204734853,1.0,2,1.5712246028165748,1.5501358217145738
2010-12-20,0.002354081014478593,0.0,0.002354081014478593,1.0,2,1.574923392823547,1.5537849670223354
2010-12-21,0.008559444645357961,0.0,0.008559444645357961,1.0,2,1.5884038624250993,1.5670845034383523
2010-12-22,-0.0002338576719827512,0.0,-0.0002338576719827512,1.0,2,1.5880324019956642,1.566718028704578
2010-12-23,-0.0019079411971790194,0.0,-0.0019079411971790194,1.0,2,1.5850025295534416,1.5637288228332495
2010-12-27,0.0018133515620813445,0.0,0.0018133515620813445,1.0,2,1.58787669636631,1.5665644129368057
2010-12-28,-0.0022979417732990615,0.0,-0.0022979417732990615,1.0,2,1.5842278481748817,1.5629645391317544
2010-12-29,0.0021772337311187773,0.0,0.0021772337311187773,1.0,2,1.5876770824837059,1.5663674782468946
2010-12-30,-0.0021370816324591813,0.0,-0.0021370816324591813,1.0,2,1.5842840869524535,1.5630200230794518
2010-12-31,-0.00513557060498554,0.0,-0.00513557060498554,1.0,2,1.576147884165554,1.554993023393921
2011-01-03,0.010920682277439642,0.0005,0.010420682277439641,1.0,2,1.5933604944307849,1.5711971116343446
2011-01-04,-0.01923044124154355,0.0,-0.01923044124154355,1.0,2,1.5627194690660369,1.5409822979001773
2011-01-05,0.004487654245120376,0.0,0.004487654245120376,1.0,2,1.5697324137253235,1.5478976936510045
2011-01-06,-0.004341251744794217,0.0,-0.004341251744794217,1.0,2,1.5629178101453782,1.541177880087679
2011-01-07,-0.0037650044193193732,0.0,-0.0037650044193193732,1.0,2,1.557033417683148,1.5353753385581916
2011-01-10,0.004901200515795623,0.0,0.004901200515795623,1.0,2,1.5646647506730076,1.5429005209594728
2011-01-11,0.004971495808151705,0.0,0.004971495808151705,1.0,2,1.5724434749221412,1.550571044431818
2011-01-12,0.006326878931193214,0.0,0.006326878931193214,1.0,2,1.5823921344141183,1.5603813197041518
2011-01-13,-0.0053831723137893195,0.0,-0.0053831723137893195,1.0,2,1.573873844886582,1.5519815181849663
2011-01-14,-0.0013274086474128755,0.0,-0.0013274086474128755,1.0,2,1.5717846711349428,1.5499214044971026
2011-01-18,0.0031721355530782702,0.0,0.0031721355530782702,1.0,2,1.5767705851720335,1.554837965288785
2011-01-19,-0.011743391945848503,0.0,-0.011743391945848503,1.0,2,1.5582539501816735,1.5365788936501132
2011-01-20,-0.014688430038598599,0.0,-0.014688430038598599,1.0,2,1.5353656460520602,1.5140089620719464
2011-01-21,-0.003948222947416757,0.0,-0.003948222947416757,1.0,2,1.5293036801756419,1.5080313171452993
2011-01-24,0.0011344958315620546,0.0,0.0011344958315620546,1.0,2,1.5310386688259936,1.5097421723884656
2011-01-25,-0.00019474304108219043,0.0,-0.00019474304108219043,1.0,2,1.5307405096996118,1.5094481606065646
2011-01-26,0.012034551297426255,0.0,0.012034551297426255,1.0,2,1.5491622848866402,1.52761369192619
2011-01-27,-0.010919857307984226,0.0,-0.010919857307984226,1.0,2,1.5322456537887672,1.5109323683886329
2011-01-28,-0.0030484142562851035,0.0,-0.0030484142562851035,1.0,2,1.5275747342936266,1.5063264206165543
2011-01-31,0.001929188610074739,0.0,0.001929188610074739,1.0,2,1.5305217140720637,1.5092324083902624
2011-02-01,0.019571205030382566,0.0005,0.019071205030382565,1.0,2,1.5604758683416204,1.5380152890891712
2011-02-02,-0.002670762547593797,0.0,-0.002670762547593797,1.0,2,1.5563082078360297,1.5339076154574451
2011-02-03,0.002645372986195327,0.0,0.002645372986195327,1.0,2,1.5604252235272331,1.5379653732266956
2011-02-04,0.0036851603137187383,0.0,0.0036851603137187383,1.0,2,1.5661756406335012,1.5436330221839842
2011-02-07,0.007289636219549922,0.0,0.007289636219549922,1.0,2,1.5775924913096402,1.5548855453721901
2011-02-08,0.006828102468635411,0.0,0.006828102468635411,1.0,2,1.5883644544940523,1.5655024632029915
2011-02-09,-0.003080053998447796,0.0,-0.003080053998447796,1.0,2,1.5834722062049955,1.5606806310816232
2011-02-10,0.0028175499052672803,0.0,0.0028175499052672803,1.0,2,1.5879337181695818,1.5650779266458799
2011-02-11,0.00908125403456822,0.0,0.00908125403456822,1.0,2,1.6023541476543361,1.5792907968816463
2011-02-14,0.0037552648572010683,0.0,0.0037552648572010683,1.0,2,1.6083714118738128,1.585221452110477
2011-02-15,-0.0035343304505196516,0.0,-0.0035343304505196516,1.0,2,1.602686895817082,1.579618755661466
2011-02-16,0.007259343253857353,0.0,0.007259343253857353,1.0,2,1.614321350122277,1.5910857504190434
2011-02-17,0.0033530241513867187,0.0,0.0033530241513867187,1.0,2,1.6197342085973365,1.596420699367126
2011-02-18,-0.0005622150122214786,0.0,-0.0005622150122214786,1.0,2,1.6188235697094544,1.5955231676841206
2011-02-22,-0.027484769074765714,0.0,-0.027484769074765714,1.0,2,1.5743305777232022,1.551670581866884
2011-02-23,-0.012721405097274707,0.0,-0.012721405097274707,1.0,2,1.5543028806869588,1.5319311518174312
2011-02-24,0.005839486243475633,0.0,0.005839486243475633,1.0,2,1.563379210976925,1.5408768427044208
2011-02-25,0.01845890962028196,0.0,0.01845890962028196,1.0,2,1.5922374865345759,1.5693197490798874
2011-02-28,0.0016055797487780077,0.0,0.0016055797487780077,1.0,2,1.594793950798201,1.5718394170883674
2011-03-01,-0.017988507451231317,0.0,-0.017988507451231317,1.0,2,1.5661059879310888,1.543564372021934
2011-03-02,0.004751959644802239,0.0,0.004751959644802239,1.0,2,1.5735480603852205,1.5508993276269367
2011-03-03,0.021140535964000118,0.0,0.021140535964000118,1.0,2,1.606813709746877,1.5836861706391778
2011-03-04,-0.004749002533992186,0.0,-0.004749002533992186,1.0,2,1.5991829473676358,1.576165241001764
2011-03-07,-0.014840211534714542,0.0,-0.014840211534714542,1.0,2,1.5754507341459918,1.5527746154116333
2011-03-08,0.010146680041622391,0.0,0.010146680041622391,1.0,2,1.5914363286667101,1.5685301226109682
2011-03-09,-0.0054060727656704555,0.0,-0.0054060727656704555,1.0,2,1.5828329080720065,1.5600505346329874
2011-03-10,-0.02076495094328712,0.0,-0.02076495094328712,1.0,2,1.5499654603844708,1.5276561618122846
2011-03-11,0.004506362990053636,0.0,0.004506362990053636,1.0,2,1.5569501673710089,1.5345403350014029
2011-03-14,-0.004419673572717275,0.0,-0.004419673572717275,1.0,2,1.5500689558622414,1.5277581676365284
2011-03-15,-0.011173573187203023,0.0,-0.011173573187203023,1.0,2,1.5327491469387033,1.5106876499380943
2011-03-16,-0.017150154326409872,0.0,-0.017150154326409872,1.0,2,1.5064622625250315,1.4847791236026546
2011-03-17,0.005833767207961471,0.0,0.005833767207961471,1.0,2,1.5152506126721816,1.4934409793649936
2011-03-18,0.005577202798248193,0.0,0.005577202798248193,1.0,2,1.5237014726292242,1.5017702025741266
2011-03-21,0.021124467317238493,0.0,0.021124467317238493,1.0,2,1.5558888545890086,1.5334942981364066
2011-03-22,-0.00353804117467732,0.0,-0.00353804117467732,1.0,2,1.5503840557582513,1.5280687321684672
2011-03-23,0.004365889272548051,0.0,0.004365889272548051,1.0,2,1.5571528608756158,1.5347401110539576
2011-03-24,0.01229892760997664,0.0,0.01229892760997664,1.0,2,1.5763041711891932,1.5536157685799379
2011-03-25,0.005582627695851716,0.0,0.005582627695851716,1.0,2,1.5851040905123606,1.5622890269983243
2011-03-28,-0.003791219582832739,0.0,-0.003791219582832739,1.0,2,1.5790946128435819,1.5563660462451236
2011-03-29,0.009568653969450058,0.0,0.009568653969450058,1.0,2,1.5942044227789047,1.5712583743914441
2011-03-30,0.008807524049594118,0.0,0.008807524049594118,1.0,2,1.6082454165724993,1.585097270312023
2011-03-31,0.0024310840628034014,0.0,0.0024310840628034014,1.0,2,1.6121551963738054,1.5889507750238718
2011-04-01,0.006715846727518904,0.0005,0.006215846727518903,1.0,2,1.6229821835736253,1.5988274494989925
2011-04-04,0.00342980116938274,0.0,0.00342980116938274,1.0,2,1.6285486897647334,1.6043111097549254
2011-04-05,0.010634816241454681,0.0,0.010634816241454681,1.0,2,1.6458680058206432,1.6213726636012933
2011-04-06,0.0022841766878718417,0.0,0.0022841766878718417,1.0,2,1.6496274591508528,1.625076165241844
2011-04-07,-0.0025256844406196244,0.0,-0.0025256844406196244,1.0,2,1.6454610207444567,1.6209717356564708
2011-04-08,-0.0011815656534349683,0.0,-0.0011815656534349683,1.0,2,1.643516800518279,1.6190564511284302
2011-04-11,-0.008018842976355245,0.0,-0.008018842976355245,1.0,2,1.6303376973659212,1.6060734916769763
2011-04-12,-0.010176841203867137,0.0,-0.010176841203867137,1.0,2,1.6137460095111498,1.5897287367904391
2011-04-13,0.0017180522877304205,0.0,0.0017180522877304205,1.0,2,1.6165185095346064,1.5924599738835528
2011-04-14,0.009075160501635426,0.0,0.009075160501635426,1.0,2,1.6311886744624975,1.6069118037389762
2011-04-15,0.009633033744085306,0.0,0.009633033744085306,1.0,2,1.6469019700065646,1.6223912393681628
2011-04-18,-0.005242784588870952,0.0,-0.005242784588870952,1.0,2,1.638267617738833,1.613885391581284
2011-04-19,0.00012784018884376414,0.0,0.00012784018884376414,1.0,2,1.6384770541804614,1.614091710994516
2011-04-20,0.012144542908498868,0.0,0.012144542908498868,1.0,2,1.6583756090695467,1.6336941170369412
2011-04-21,0.004512852562830405,0.0,0.004512852562830405,1.0,2,1.6658596136870716,1.6410667377198924
2011-04-25,-0.00019542369424524475,0.0,-0.00019542369424524475,1.0,2,1.665534065247271,1.6407460343955043
2011-04-26,0.003302555290003395,0.0,0.003302555290003395,1.0,2,1.6710345835851343,1.6461646888909494
2011-04-27,0.012582511523999251,0.0,0.012582511523999251,1.0,2,1.6920603954900957,1.6668775750593203
2011-04-28,0.004355152409977192,0.0,0.004355152409977192,1.0,2,1.6994295763993412,1.674137080947477
2011-04-29,0.010304697912712824,0.0,0.010304697912712824,1.0,2,1.7169416848080659,1.6913885578311116
2011-05-02,-0.01226167442581999,0.0,-0.01226167442581999,1.0,2,1.6958891048608307,1.6706493020074293
2011-05-03,-0.008092291137046292,0.0,-0.008092291137046292,1.0,2,1.6821654764881522,1.6571299214676822
2011-05-04,-0.013627943579368584,0.0,-0.013627943579368584,1.0,2,1.65924102028341,1.6345466483942372
2011-05-05,-0.016763933740445436,0.0,-0.016763933740445436,1.0,2,1.6314256137599499,1.607145216684889
2011-05-06,0.009063995244319722,0.0,0.009063995244319722,1.0,2,1.6462128477645313,1.6217123732858518
2011-05-09,0.012966850267710883,0.0,0.012966850267710883,1.0,2,1.667559043270276,1.6427408748075436
2011-05-10,0.009397901085208271,0.0,0.009397901085208271,1.0,2,1.6832305982126747,1.6581791910576136
2011-05-11,-0.013870496496945883,0.0,-0.013870496496945883,1.0,2,1.6598833540966138,1.6351794223967404
2011-05-12,0.00463103741656079,0.0,0.00463103741656079,1.0,2,1.6675703360165617,1.64275199948465
2011-05-13,-0.010231802280083413,0.0,-0.010231802280083413,1.0,2,1.650508086050308,1.6259436858307115
2011-05-16,-0.008220832808115752,0.0,-0.008220832808115752,1.0,2,1.6369395350264455,1.6125770746340857
2011-05-17,-0.0037130756314778246,0.0,-0.0037130756314778246,1.0,2,1.6308614547287361,1.6065894539943821
2011-05-18,0.010641508985048231,0.0,0.010641508985048231,1.0,2,1.6482162815526007,1.623685990104347
2011-05-19,0.0012739789998143514,0.0,0.0012739789998143514,1.0,2,1.650316074482451,1.6257545319580329
2011-05-20,0.002649819272421139,0.0,0.002649819272421139,1.0,2,1.654689113822201,1.6300624876490413
2011-05-23,-0.007836058083080522,0.0,-0.007836058083080522,1.0,2,1.6417228738168492,1.6172892233167726
2011-05-24,0.00018292129953439984,0.0,0.00018292129953439984,1.0,2,1.642023179898403,1.6175850599632247
2011-05-25,0.006284295789912742,0.0,0.006284295789912742,1.0,2,1.6523421392547777,1.6277504429453773
2011-05-26,0.005404015261358752,0.0,0.005404015261358752,1.0,2,1.6612714213922968,1.6365468311807376
2011-05-27,0.008405749401736662,0.0,0.008405749401736662,1.0,2,1.6752356526487873,1.6503032337278492
2011-05-31,0.006897716991634273,0.0,0.006897716991634273,1.0,2,1.6867909540750543,1.6616865583844826
2011-06-01,-0.025553424531314595,0.0005,-0.026053424531314595,1.0,2,1.6436876687299933,1.6183939330409125
2011-06-02,0.002871335376878059,0.0,0.002871335376878059,1.0,2,1.648407247281756,1.6230408847945779
2011-06-03,-0.007246835038555999,0.0,-0.007246835038555999,1.0,2,1.6364615118843449,1.6112789752416397
2011-06-06,-0.014847641437912285,0.0,-0.014847641437912285,1.0,2,1.6121639181289422,1.587355282760805
2011-06-07,0.005245494004158968,0.0,0.005245494004158968,1.0,2,1.6206205142952088,1.5956817453789967
2011-06-08,-0.011848523812658385,0.0,-0.011848523812658385,1.0,2,1.6014185535402992,1.5767752722214492
2011-06-09,0.00828874240074673,0.0,0.00828874240074673,1.0,2,1.614692299406371,1.5898447562767601
2011-06-10,-0.02060327849798299,0.0,-0.02060327849798299,1.0,2,1.581424344273153,1.557088741994632
2011-06-13,-3.8209676007094906e-05,0.0,-3.8209676007094906e-05,1.0,2,1.5813639185613286,1.557029246138286
2011-06-14,0.019358844460885538,0.0,0.019358844460885538,1.0,2,1.611977296696814,1.587171533135327
2011-06-15,-0.026210391567144276,0.0,-0.026210391567144276,1.0,2,1.5697267405530437,1.5455711457676253
2011-06-16,5.1473920924027805e-05,0.0,5.1473920924027805e-05,1.0,2,1.5698075405431593,1.5456507023745651
2011-06-17,0.005180553827005108,0.0,0.005180553827005108,1.0,2,1.5779400130049817,1.5536580290359647
2011-06-20,0.004362469666725655,0.0,0.004362469666725655,1.0,2,1.5848237284476288,1.560435815060099
2011-06-21,0.021563470071105928,0.0,0.021563470071105928,1.0,2,1.618998027483988,1.5940842260560293
2011-06-22,-0.009373951177217732,0.0,-0.009373951177217732,1.0,2,1.6038216190183412,1.5791413583486071
2011-06-23,-0.0027926569541545376,0.0,-0.0027926569541545376,1.0,2,1.5993426954207661,1.574731358252622
2011-06-24,-0.007058792696275851,0.0,-0.007058792696275851,1.0,2,1.588053266883488,1.5636156560423917
2011-06-27,0.008180506817755062,0.0,0.008180506817755062,1.0,2,1.6010443474601868,1.5764068245769953
2011-06-28,0.013761444841902337,0.0,0.013761444841902337,1.0,2,1.6230770309371996,1.59810046014181
2011-06-29,0.011163505215602831,0.0,0.011163505215602831,1.0,2,1.6411962598373924,1.6159408629636607
2011-06-30,0.01121406507204925,0.0,0.01121406507204925,1.0,2,1.6596007414912128,1.6340621289535189
2011-07-01,0.007582356432085435,0.0005,0.007082356432085435,1.0,2,1.6721844258481524,1.64563513938294
2011-07-05,0.010486992683653384,0.0,0.010486992683653384,1.0,2,1.689720611687741,1.6628929030496116
2011-07-06,0.006357493325246544,0.0,0.006357493325246544,1.0,2,1.7004629991980775,1.6734647335813495
2011-07-07,0.008305315515188316,0.0,0.008305315515188316,1.0,2,1.7145858809283208,1.687363386197283
2011-07-08,0.0006901907797177698,0.0,0.0006901907797177698,1.0,2,1.715769272294372,1.6885279888484699
2011-07-11,-0.006232876381993269,0.0,-0.006232876381993269,1.0,2,1.7050750945201387,1.6780036026264418
2011-07-12,0.001082207057030271,0.0,0.001082207057030271,1.0,2,1.7069203388201948,1.6798195499669262
2011-07-13,0.008933649358970897,0.0,0.008933649358970897,1.0,2,1.7221693666109101,1.694826468812675
2011-07-14,-0.006637357597412963,0.0,-0.006637357597412963,1.0,2,1.7107387126814033,1.6835772994736047
2011-07-15,0.005477059914570259,0.0,0.005477059914570259,1.0,2,1.720108531108934,1.692798353213632
2011-07-18,-0.0036519724055199543,0.0,-0.0036519724055199543,1.0,2,1.7138267422188247,1.6866163003395862
2011-07-19,0.0051221691095277855,0.0,0.0051221691095277855,1.0,2,1.7226052526169007,1.6952554342528117
2011-07-20,0.003573506947223637,0.0,0.003573506947223637,1.0,2,1.728760994454451,1.7013134413244326
2011-07-21,0.000742965012612673,0.0,0.000742965012612673,1.0,2,1.7300454033885004,1.7025774576868244
2011-07-22,0.004819360732453648,0.0,0.004819360732453648,1.0,2,1.7383831162709529,1.710782792630361
2011-07-25,-0.001971278786515762,0.0,-0.001971278786515762,1.0,2,1.7349562785110106,1.7074103628029125
2011-07-26,-0.002425709569250256,0.0,-0.002425709569250256,1.0,2,1.7307477784639957,1.7032686811472244
2011-07-27,-0.016819017735080932,0.0,-0.016819017735080932,1.0,2,1.701638300883058,1.6746213749914014
2011-07-28,-0.0003976431732071739,0.0,-0.0003976431732071739,1.0,2,1.700961656029444,1.6739554732339295
2011-07-29,0.0025504555848798183,0.0,0.0025504555848798183,1.0,2,1.7052998831847308,1.6782248223194791
2011-08-01,-0.004101979923181565,0.0005,-0.004601979923181565,1.0,2,1.698304777300903,1.67050166538058
2011-08-02,-0.0007171331274959947,0.0,-0.0007171331274959947,1.0,2,1.6970868666845158,1.6693036932967984
2011-08-03,0.00471411221164042,0.0,0.00471411221164042,1.0,2,1.7050871246069677,1.677172978222305
2011-08-04,-0.025980712698375874,0.0,-0.025980712698375874,1.0,2,1.6607877458968543,1.633598828929632
2011-08-05,0.0003972162424881742,0.0,0.0003972162424881742,1.0,2,1.6614474377648498,1.6342477209181923
2011-08-08,-0.01407654469209263,0.0,-0.01407654469209263,1.0,2,1.6380599986535902,1.6112431598367367
2011-08-09,0.028393004391146393,0.0,0.028393004391146393,1.0,2,1.684569443388323,1.656991193949186
2011-08-10,-0.003108546836132764,0.0,-0.003108546836132764,1.0,2,1.6793328803748324,1.6518403592157354
2011-08-11,0.010783400390770692,0.0,0.010783400390770692,1.0,2,1.6974417992133006,1.6696528151907932
2011-08-12,0.002141521812780378,0.0,0.002141521812780378,1.0,2,1.7010769078522412,1.6732284131142947
2011-08-15,0.012763110449853121,0.0,0.012763110449853121,1.0,2,1.722787940310854,1.694584012158705
2011-08-16,0.001927519070871464,0.0,0.001927519070871464,1.0,2,1.7261086469208704,1.6978503551593347
2011-08-17,-0.0015259969714876975,0.0,-0.0015259969714876975,1.0,2,1.7234746103532104,1.6952594406593222
2011-08-18,-0.015414396219469106,0.0,-0.015414396219469106,1.0,2,1.696908289835031,1.6691280399462038
2011-08-19,-0.0026920348647570536,0.0,-0.0026920348647570536,1.0,2,1.6923401535565,1.6646346890689252
2011-08-22,0.014849646583206255,0.0,0.014849646583206255,1.0,2,1.7174708067353828,1.689353925891744
2011-08-23,0.0015936043681503698,0.0,0.0015936043681503698,1.0,2,1.720207775715167,1.692046087687397
2011-08-24,-0.012982175076716784,0.0,-0.012982175076716784,1.0,2,1.6978757372025033,1.6700796491391656
2011-08-25,-0.005662529031596808,0.0,-0.005662529031596808,1.0,2,1.6882614665485502,1.6606227746408362
2011-08-26,0.0273324183963069,0.0,0.0273324183963069,1.0,2,1.7344057353146178,1.7060116111157555
2011-08-29,0.003703496310788479,0.0,0.003703496310788479,1.0,2,1.740829100556766,1.712329818823685
2011-08-30,0.018209267795693318,0.0,0.018209267795693318,1.0,2,1.77252832383534,1.7435100910491965
2011-08-31,-0.003021121088258527,0.0,-0.003021121088258527,1.0,2,1.7671733011366655,1.7382427359455364
2011-09-01,0.0018043698189590396,0.0005,0.0013043698189590396,0.5,2,1.7703619353061064,1.7405100473083284
2011-09-02,0.015063357238189967,0.0,0.015063357238189967,0.5,2,1.7970295295785157,1.7667279719275926
2011-09-06,-0.0010034361979088247,0.0,-0.0010034361979088247,0.5,2,1.7952263250998257,1.7649551731287025
2011-09-07,-0.015926564615776295,0.0,-0.015926564615776295,0.5,2,1.7666345370331809,1.7368455005199197
2011-09-08,0.0133273552233375,0.0,0.0133273552233375,0.5,2,1.7901791030580385,1.7599930574734042
2011-09-09,-0.0029142232020891168,0.0,-0.0029142232020891168,0.5,2,1.7849621215800118,1.7548640448697994
2011-09-12,-0.011213879352730771,0.0,-0.011213879352730771,0.5,2,1.7649457716994192,1.7351852111901844
2011-09-13,0.005169605929592314,0.0,0.005169605929592314,0.5,2,1.7740698458262054,1.744155434946894
2011-09-14,-0.0037299033697723583,0.0,-0.0037299033697723583,0.5,2,1.7674527367300465,1.7376499037126787
2011-09-15,-0.007937281637938887,0.0,-0.007937281637938887,0.5,2,1.7534239665768745,1.7238576870387738
2011-09-16,0.0046991263329735355,0.0,0.0046991263329735355,0.5,2,1.7616635273110826,1.7319583120902364
2011-09-19,-0.007571790787468113,0.0,-0.007571790787468113,0.5,2,1.7483245796443698,1.7188442860984727
2011-09-20,0.007131617630797504,0.0,0.007131617630797504,0.5,2,1.760792962040918,1.731102426313808
2011-09-21,-0.006248717729127773,0.0,-0.006248717729127773,0.5,2,1.7497902638416896,1.720285255891565
2011-09-22,-0.013203928900730244,0.0,-0.013203928900730244,0.5,2,1.726686157606734,1.6975707316837982
2011-09-23,-0.0276342837936549,0.0,-0.0276342837936549,0.5,2,1.6789704223048538,1.6506595803246458
2011-09-26,-0.006921635820665739,0.0,-0.006921635820665739,0.5,2,1.6673492004879902,1.6392343158457456
2011-09-27,0.009646263244961206,0.0,0.009646263244961206,0.5,2,1.6834328897971729,1.6550468015765676
2011-09-28,-0.013609541922139978,0.0,-0.013609541922139978,0.5,2,1.6605221393103688,1.6325223727474074
2011-09-29,0.004753048514195224,0.0,0.004753048514195224,0.5,2,1.6684146815974064,1.640281830785585
2011-09-30,0.0011475370535892204,0.0,0.0011475370535892204,0.5,2,1.6703292492652915,1.6421641149647406
2011-10-03,0.009181495068231904,0.0,0.009181495068231904,0.5,2,1.685665369029744,1.6572416366875167
2011-10-04,-0.010313783052757763,0.0,-0.010313783052757763,0.5,2,1.6682797821140245,1.6401492059807243
2011-10-05,0.005761900509495543,0.0,0.005761900509495543,0.5,2,1.6778922442405684,1.6495995825263134
2011-10-06,0.003115577653884982,0.0,0.003115577653884982,0.5,2,1.683119847822351,1.6547390381234903
2011-10-07,-0.003953487596716099,0.0,-0.003953487596716099,0.5,2,1.6764656543801986,1.6481970478604673
2011-10-10,0.012670347517511615,0.0,0.012670347517511615,0.5,2,1.6977070568223682,1.6690802772341962
2011-10-11,-0.003476282766951,0.0,-0.003476282766951,0.5,2,1.6918053470374055,1.6632780822297892
2011-10-12,0.0034823563817900083,0.0,0.0034823563817900083,0.5,2,1.6976968161844077,1.6690702092741336
2011-10-13,-0.002831134628512366,0.0,-0.002831134628512366,0.5,2,1.692890407939393,1.6643448468072393
2011-10-14,0.003278487070184466,0.0,0.003278487070184466,0.5,2,1.6984405272530616,1.669801379867825
2011-10-17,-0.0023713279024876743,0.0,-0.0023713279024876743,0.5,2,1.6944129678400703,1.665841733264132
2011-10-18,-0.002193169119298677,0.0,-0.002193169119298677,0.5,2,1.6906968336436643,1.6621882606170981
2011-10-19,-0.006103786542990097,0.0,-0.006103786542990097,0.5,2,1.6803771810621941,1.6520426182800274
2011-10-20,-0.00656108697190233,0.0,-0.00656108697190233,0.5,2,1.6693520802316448,1.6412034229802028
2011-10-21,0.005457805103030677,0.0,0.005457805103030677,0.5,2,1.678463078533888,1.6501607913972556
2011-10-24,0.004692153634847651,0.0,0.004692153634847651,0.5,2,1.6863386851687885,1.6579035993526934
2011-10-25,0.014281263360522434,0.0,0.014281263360522434,0.5,2,1.7104217320467212,1.6815805572814073
2011-10-26,0.005455690757463771,0.0,0.005455690757463771,0.5,2,1.7197532640816136,1.690754740785698
2011-10-27,0.006306223631590391,0.0,0.006306223631590391,0.5,2,1.7305984127560698,1.7014170182872643
2011-10-28,0.00020643667564024248,0.0,0.00020643667564024248,0.5,2,1.7309556717392676,1.7017682531603973
2011-10-31,-0.0068437239072065,0.0,-0.0068437239072065,0.5,2,1.7191094890262708,1.6901218210817184
2011-11-01,-0.00016807701018634047,0.0005,-0.0006680770101863405,1.0,2,1.7188205462431723,1.6889926895486393
2011-11-02,0.009270894485207126,0.0,0.009270894485207126,1.0,2,1.7347555501663987,1.704651162559731
2011-11-03,0.01816233330434258,0.0,0.01816233330434258,1.0,2,1.766262758670079,1.7356116051417758
2011-11-04,-0.005117980977364434,0.0,-0.005117980977364434,1.0,2,1.757223059470178,1.726728777962567
2011-11-07,0.01556373889873719,0.0,0.01556373889873719,1.0,2,1.7845720203546118,1.7536031338117117
2011-11-08,0.0015877523475335553,0.0,0.0015877523475335553,1.0,2,1.7874054787692726,1.7563874213040636
2011-11-09,-0.021913254671894422,0.0,-0.021913254671894422,1.0,2,1.7482376073110621,1.7178992564385156
2011-11-10,-0.0029078694712400543,0.0,-0.0029078694712400543,1.0,2,1.7431539605442885,1.712903829636052
2011-11-11,0.017587290150253065,0.0,0.017587290150253065,1.0,2,1.7738113150249435,1.7430291662873407
2011-11-14,-0.0053026616561897555,0.0,-0.0053026616561897555,1.0,2,1.7644053937794453,1.7337864723616485
2011-11-15,0.006048919241707917,0.0,0.006048919241707917,1.0,2,1.775078139516051,1.7442740067153297
2011-11-16,-0.013630511442424054,0.0,-0.013630511442424054,1.0,2,1.7508829166241808,1.7204986599080736
2011-11-17,-0.024677249622620523,0.0,-0.024677249622620523,1.0,2,1.707675941830664,1.678041485002138
2011-11-18,-0.0022951832338007905,0.0,-0.0022951832338007905,1.0,2,1.7037565126402094,1.6741900723201388
2011-11-21,-0.021951214816912312,0.0,-0.021951214816912312,1.0,2,1.6663569874355308,1.6374395663982975
2011-11-22,0.007185868330925604,0.0,0.007185868330925604,1.0,2,1.6783312093395604,1.6492059915222836
2011-11-23,-0.012785054829659082,0.0,-0.012785054829659082,1.0,2,1.656873652805826,1.628120802495269
2011-11-25,-0.008190003211888786,0.0,-0.008190003211888786,1.0,2,1.6433038522676524,1.6147864878934897
2011-11-28,0.027177023343258222,0.0,0.027177023343258222,1.0,2,1.6879639594207965,1.658671577969349
2011-11-29,-0.0023559778014314303,0.0,-0.0023559778014314303,1.0,2,1.6839871538027846,1.654763784551788
2011-11-30,0.028067983096202842,0.0,0.028067983096202842,1.0,2,1.7312532767699438,1.701209666484796
2011-12-01,-0.0015591228624156073,0.0005,-0.0020591228624156073,0.5,2,1.7285540402054997,1.6977066667667746
2011-12-02,0.000683838775351775,0.0,0.000683838775351775,0.5,2,1.7297360924834833,1.698867624414683
2011-12-05,-0.007383765232492345,0.0,-0.007383765232492345,0.5,2,1.7169641272624165,1.686323584714923
2011-12-06,0.0027128011848731037,0.0,0.0027128011848731037,0.5,2,1.7216219095812388,1.6908982453336172
2011-12-07,0.00351160488033353,0.0,0.00351160488033353,0.5,2,1.7276675654810132,1.696836011864078
2011-12-08,-0.010136718921850862,0.0,-0.010136718921850862,0.5,2,1.7101546849793339,1.6796356621553374
2011-12-09,0.001156308914589843,0.0,0.001156308914589843,0.5,2,1.712132152086903,1.6815778398447507
2011-12-12,-0.013278152496098872,0.0,-0.013278152496098872,0.5,2,1.6893982002780192,1.6592495928532316
2011-12-13,-0.0109350803049304,0.0,-0.0109350803049304,0.5,2,1.6709244952909743,1.6411055653094584
2011-12-14,-0.01756608946606869,0.0,-0.01756608946606869,0.5,2,1.6415728861156473,1.612277758125969
2011-12-15,-0.0018462888720960358,0.0,-0.0018462888720960358,0.5,2,1.6385420683632774,1.6093010276424131
2011-12-16,0.009589206828026775,0.0,0.009589206828026775,0.5,2,1.6542543871532356,1.6247329480450323
2011-12-19,-0.0011563885822121756,0.0,-0.0011563885822121756,0.5,2,1.6523414262678573,1.6228541254147693
2011-12-20,0.006805744387239132,0.0,0.006805744387239132,0.5,2,1.6635868396554825,1.6338988557701186
2011-12-21,0.0005733467303781214,0.0,0.0005733467303781214,0.5,2,1.664540651730699,1.634835646336843
2011-12-22,-0.003568390250357545,0.0,-0.003568390250357545,0.5,2,1.6586009210977395,1.6290019147555175
2011-12-23,0.0008654307022007979,0.0,0.0008654307022007979,0.5,2,1.6600363252575558,1.6304117030264906
2011-12-27,-0.004591716464232232,0.0,-0.004591716464232232,0.5,2,1.6524139091316472,1.622925314766227
2011-12-28,-0.012556166197318419,0.0,-0.012556166197318419,0.5,2,1.6316659254618298,1.602547594788187
2011-12-29,-0.002230474352451939,0.0,-0.002230474352451939,0.5,2,1.6280265364633173,1.5989731534794285
2011-12-30,0.0054934941051201225,0.0,0.0054934941051201225,0.5,2,1.6369700906443576,1.607757103072313
2012-01-03,0.008894329138654178,0.0005,0.008394329138654177,0.0,1,1.6515298414206814,1.621253145370511
2012-01-04,4.764096761533665e-08,0.0,4.764096761533665e-08,0.0,1,1.651529920101161,1.6212532226085796
2012-01-05,0.0,0.0,0.0,0.0,1,1.651529920101161,1.6212532226085796
2012-01-06,0.0,0.0,0.0,0.0,1,1.651529920101161,1.6212532226085796
2012-01-09,0.000217955273956294,0.0,0.000217955273956294,0.0,1,1.6518898797573438,1.6216065832988658
2012-01-10,4.764096761533665e-08,0.0,4.764096761533665e-08,0.0,1,1.651889958454976,1.6216066605537724
2012-01-11,-0.00021790770634888545,0.0,-0.00021790770634888545,0.0,1,1.6515299989029883,1.6212532999657712
2012-01-12,0.0,0.0,0.0,0.0,1,1.6515299989029883,1.6212532999657712
2012-01-13,0.0,0.0,0.0,0.0,1,1.6515299989029883,1.6212532999657712
2012-01-17,0.0,0.0,0.0,0.0,1,1.6515299989029883,1.6212532999657712
2012-01-18,0.0,0.0,0.0,0.0,1,1.6515299989029883,1.6212532999657712
2012-01-19,0.0,0.0,0.0,0.0,1,1.6515299989029883,1.6212532999657712
2012-01-20,0.0,0.0,0.0,0.0,1,1.6515299989029883,1.6212532999657712
2012-01-23,4.764096761533665e-08,0.0,4.764096761533665e-08,0.0,1,1.6515300775834756,1.621253377203847
2012-01-24,0.0,0.0,0.0,0.0,1,1.6515300775834756,1.621253377203847
2012-01-25,0.0,0.0,0.0,0.0,1,1.6515300775834756,1.621253377203847
2012-01-26,4.764096761533665e-08,0.0,4.764096761533665e-08,0.0,1,1.6515301562639666,1.6212534544419268
2012-01-27,0.0,0.0,0.0,0.0,1,1.6515301562639666,1.6212534544419268
2012-01-30,0.00021795534742996558,0.0,0.00021795534742996558,0.0,1,1.6518901160929662,1.6216068153018617
2012-01-31,-0.00021790770634888545,0.0,-0.00021790770634888545,0.0,1,1.651530156506628,1.6212534546801396
2012-02-01,0.0005901441278076125,0.001,-0.0004098558721923875,1.0,2,1.6525047973303875,1.6205889744314268
2012-02-02,0.005943250283477197,0.0,0.005943250283477197,1.0,2,1.662326046935569,1.6302205403131165
2012-02-03,-0.0031717144304171385,0.0,-0.0031717144304171385,1.0,2,1.6570536234244453,1.625049946300643
2012-02-06,-0.0017667695624049573,0.0,-0.0017667695624049573,1.0,2,1.654125991519306,1.622178857518131
2012-02-07,0.008578022940368912,0.0,0.008578022940368912,1.0,2,1.6683151222208192,1.636093944971303
2012-02-08,-0.0008861689335519229,0.0,-0.0008861689335519229,1.0,2,1.666836713188132,1.634644089344897
2012-02-09,0.0022239898890185628,0.0,0.0022239898890185628,1.0,2,1.6705437411849076,1.638279521271744
2012-02-10,-0.0060974327496650105,0.0,-0.0060974327496650105,1.0,2,1.6603577130676588,1.6282902220656361
2012-02-13,0.005742004437632953,0.0,0.005742004437632953,1.0,2,1.6698914944241516,1.6376398717464915
2012-02-14,0.00011132491827808844,0.0,0.00011132491827808844,1.0,2,1.6700773949583017,1.6378221818713825
2012-02-15,-0.000476960186281683,0.0,-0.000476960186281683,1.0,2,1.6692808345328973,1.6370410058984208
2012-02-16,0.006574264666286411,0.0,0.006574264666286411,1.0,2,1.680255128541476,1.6478033467407607
2012-02-17,-0.0035010755393328763,0.0,-0.0035010755393328763,1.0,2,1.6743724284111008,1.6420342627498556
2012-02-21,0.012327431216682894,0.0,0.012327431216682894,1.0,2,1.6950131393534487,1.6622763271793408
2012-02-22,0.003358445503501395,0.0,0.003358445503501395,1.0,2,1.700705748609686,1.667858991635933
2012-02-23,0.003545813121480279,0.0,0.003545813121480279,1.0,2,1.706736133368883,1.6737729079332546
2012-02-24,-0.0005608988073143584,0.0,-0.0005608988073143584,1.0,2,1.7057788271072762,1.6728340907054797
2012-02-27,-0.0008167011606909358,0.0,-0.0008167011606909358,1.0,2,1.7043857155592956,1.671467885161957
2012-02-28,0.010269891366032735,0.0,0.010269891366032735,1.0,2,1.7218895717039073,1.6886336787643828
2012-02-29,-0.028797953820123623,0.0,-0.028797953820123623,1.0,2,1.6723026753346257,1.6400044840642205
2012-03-01,0.010012618810522289,0.0005,0.009512618810522289,1.0,2,1.689046804558568,1.6556052215686707
2012-03-02,-0.007876236096292788,0.0,-0.007876236096292788,1.0,2,1.675743473148176,1.642565283961341
2012-03-05,-0.004599642913542534,0.0,-0.004599642913542534,1.0,2,1.6680356515569947,1.635010070192937
2012-03-06,-0.014913367766361596,0.0,-0.014913367766361596,1.0,2,1.6431596224379228,1.6106265637144452
2012-03-07,0.008538819787995311,0.0,0.008538819787995311,1.0,2,1.6571902663368308,1.6243794136877612
2012-03-08,0.011829757415214082,0.0,0.011829757415214082,1.0,2,1.6767944251784497,1.6435954281019554
2012-03-09,0.008851324831489205,0.0,0.008851324831489205,1.0,2,1.6916362773113343,1.6581434251276364
2012-03-12,-0.000746531780334736,0.0,-0.000746531780334736,1.0,2,1.6903734170695541,1.6569055683644254
2012-03-13,0.019164945998991878,0.0,0.019164945998991878,1.0,2,1.7227693323258237,1.6886600741075588
2012-03-14,-0.00236337069845316,0.0,-0.00236337069845316,1.0,2,1.7186977897656113,1.6846691443687654
2012-03-15,0.005624446322868626,0.0,0.005624446322868626,1.0,2,1.7283645132293808,1.6941444755430604
2012-03-16,-0.0007698259260053297,0.0,-0.0007698259260053297,1.0,2,1.727033973417509,1.6928402792033885
2012-03-19,0.007751425155433367,0.0,0.007751425155433367,1.0,2,1.7404209480033457,1.7059622039277365
2012-03-20,-0.003573086899351152,0.0,-0.003573086899351152,1.0,2,1.7342022727146786,1.6998666527260942
2012-03-21,-4.1162709945585796e-05,0.0,-4.1162709945585796e-05,1.0,2,1.7341308882495399,1.6997966816081218
2012-03-22,-0.0058522035345096035,0.0,-0.0058522035345096035,1.0,2,1.7239824013360234,1.689849125460067
2012-03-23,0.004587888117662919,0.0,0.004587888117662919,1.0,2,1.7318918397101728,1.6976019641834081
2012-03-26,0.019054102032153186,0.0,0.019054102032153186,1.0,2,1.7648914835326637,1.7299482452189423
2012-03-27,-0.002760464362708104,0.0,-0.002760464362708104,1.0,2,1.7600195634883247,1.725172784738686
2012-03-28,-0.004901429496229792,0.0,-0.004901429496229792,1.0,2,1.7513929516859017,1.716716971965475
2012-03-29,-0.0033360495225847053,0.0,-0.0033360495225847053,1.0,2,1.7455502180655718,1.7109899191307365
2012-03-30,-0.002542455968802315,0.0,-0.002542455968802315,1.0,2,1.7411122334948068,1.706639802598282
2012-04-02,0.007822961980816778,0.0005,0.007322961980816778,1.0,2,1.7547328883017717,1.719137460987658
2012-04-03,-0.0021928211121512997,0.0,-0.0021928211121512997,1.0,2,1.7508850729781171,1.715367700068514
2012-04-04,-0.011802748648695849,0.0,-0.011802748648695849,1.0,2,1.730219816549003,1.6951216462645138
2012-04-05,0.0028819560196378102,0.0,0.0028819560196378102,1.0,2,1.735206233964603,1.700006912296984
2012-04-09,-0.009341662580175103,0.0,-0.009341662580175103,1.0,2,1.7189965228198893,1.6841260213383404
2012-04-10,-0.016444897644813716,0.0,-0.016444897644813716,1.0,2,1.6907278009503255,1.656430741296464
2012-04-11,0.006494413480639838,0.0,0.006494413480639838,1.0,2,1.70170808637291,1.6671882874324861
2012-04-12,0.012236487949294994,0.0,0.012236487949294994,1.0,2,1.7225310168650296,1.6875888168208593
2012-04-13,-0.013563922603504863,0.0,-0.013563922603504863,1.0,2,1.6991667394701357,1.6646984927229607
2012-04-16,-0.005862995210369315,0.0,-0.005862995210369315,1.0,2,1.6892045330150036,1.654938373433417
2012-04-17,0.017506211855758957,0.0,0.017506211855758957,1.0,2,1.7187761054376727,1.6839100752069676
2012-04-18,-0.00295957238549438,0.0,-0.00295957238549438,1.0,2,1.7136892631391718,1.6789264214487292
2012-04-19,-0.00885360726919282,0.0,-0.00885360726919282,1.0,2,1.698516931421905,1.6640618662793507
2012-04-20,-0.0005031465048184192,0.0,-0.0005031465048184192,1.0,2,1.6976623285644852,1.6632245993675305
2012-04-23,-0.008761440823452149,0.0,-0.008761440823452149,1.0,2,1.6827883605345633,1.648652355464062
2012-04-24,-0.0007926420496241482,0.0,-0.0007926420496241482,1.0,2,1.6814545117193855,1.6473455642819093
2012-04-25,0.020053204883012987,0.0,0.020053204883012987,1.0,2,1.7151730635443612,1.6803801223955772
2012-04-26,0.006429243940861251,0.0,0.006429243940861251,1.0,2,1.7262003295706823,1.6911836961158329
2012-04-27,0.003811180259908231,0.0,0.003811180259908231,1.0,2,1.732779190191389,1.697629102034348
2012-04-30,-0.005429280046695684,0.0,-0.005429280046695684,1.0,2,1.7233714467087533,1.6884121982239828
2012-05-01,0.003937302014316524,0.0,0.003937302014316524,1.0,2,1.7301568805772953,1.6950599869730467
2012-05-02,-4.394300776466853e-05,0.0,-4.394300776466853e-05,1.0,2,1.730080852280058,1.6949855009388777
2012-05-03,-0.009102671301676024,0.0,-0.009102671301676024,1.0,2,1.7143324949564291,1.6795566050627244
2012-05-04,-0.020614305049024895,0.0,-0.020614305049024895,1.0,2,1.6789927219499414,1.6449337128588568
2012-05-07,0.0008573621527237507,0.0,0.0008573621527237507,1.0,2,1.6804322267644398,1.6463440167680012
2012-05-08,-0.003844709130798263,0.0,-0.003844709130798263,1.0,2,1.6739714536385109,1.6400143028942982
2012-05-09,-0.004440383687601801,0.0,-0.004440383687601801,1.0,2,1.6665383781022634,1.6327320101362928
2012-05-10,5.198116629689942e-05,0.0,5.198116629689942e-05,1.0,2,1.6666250067108357,1.63281688145043
2012-05-11,-0.0015691378263351652,0.0,-0.0015691378263351652,1.0,2,1.6640098423704897,1.6302547667182676
2012-05-14,-0.01021532978943629,0.0,-0.01021532978943629,1.0,2,1.6470114330578072,1.6136011766354401
2012-05-15,-0.004516132709578291,0.0,-0.004516132709578291,1.0,2,1.6395733108519255,1.6063139395814228
2012-05-16,-0.005268564357425565,0.0,-0.005268564357425565,1.0,2,1.630935113344985,1.5978509712125084
2012-05-17,-0.017975914608158672,0.0,-0.017975914608158672,1.0,2,1.601617563016048,1.569128138597429
2012-05-18,-0.010723073512736325,0.0,-0.010723073512736325,1.0,2,1.5844433001485374,1.5523022622163456
2012-05-21,0.022524042298130542,0.0,0.022524042298130542,1.0,2,1.6201313680600726,1.5872663840299903
2012-05-22,0.00031821915408181134,0.0,0.00031821915408181134,1.0,2,1.620646924893518,1.5877714825960187
2012-05-23,0.0012980995859532274,0.0,0.0012980995859532274,1.0,2,1.6227506859956988,1.589832568100165
2012-05-24,-0.002287236873573295,0.0,-0.002287236873573295,1.0,2,1.619039070790073,1.5861962444275985
2012-05-25,-0.0022653586450636087,0.0,-0.0022653586450636087,1.0,2,1.615371366634363,1.582602941052517
2012-05-29,0.012387939021934469,0.0,0.012387939021934469,1.0,2,1.6353824886220083,1.6022081297822097
2012-05-30,-0.011493723423580349,0.0,-0.011493723423580349,1.0,2,1.6165858546060203,1.583792792671481
2012-05-31,-0.003268643866354115,0.0,-0.003268643866354115,1.0,2,1.6113018111679276,1.5786159380741396
2012-06-01,-0.026036130636172217,0.0,-0.026036130636172217,1.0,2,1.5693497467180584,1.5375148872860978
2012-06-04,0.003568571536549381,0.0,0.003568571536549381,1.0,2,1.5749500835550876,1.5430016191498879
2012-06-05,0.005862152852149249,0.0,0.005862152852149249,1.0,2,1.5841826816793927,1.5520469304924582
2012-06-06,0.022575938890623704,0.0,0.022575938890623704,1.0,2,1.619947093092571,1.5870858471506362
2012-06-07,-0.0015595919103523759,0.0,-0.0015595919103523759,1.0,2,1.617420636710985,1.5846106409023852
2012-06-08,0.008815889855850412,0.0,0.008815889855850412,1.0,2,1.6316796388948083,1.5985803937769891
2012-06-11,-0.01460310062097081,0.0,-0.01460310062097081,1.0,2,1.607852056946838,1.5752361634359526
2012-06-12,0.01178233873636636,0.0,0.01178233873636636,1.0,2,1.6267963145197488,1.593796129503329
2012-06-13,-0.006644748470993722,0.0,-0.006644748470993722,1.0,2,1.6159866621962256,1.583205755108736
2012-06-14,0.007142667747119191,0.0,0.007142667747119191,1.0,2,1.6275291180080693,1.5945140677928045
2012-06-15,0.011299727772227652,0.0,0.011299727772227652,1.0,2,1.645919753982934,1.6125316426878504
2012-06-18,0.005693075770368983,0.0,0.005693075770368983,1.0,2,1.655290099854306,1.62171190751179
2012-06-19,0.010001447139279085,0.0,0.010001447139279085,1.0,2,1.671845396288171,1.6379313734299086
2012-06-20,-0.00041981017237169294,0.0,-0.00041981017237169294,1.0,2,1.6711435385841764,1.637243753177696
2012-06-21,-0.023658495468068697,0.0,-0.023658495468068697,1.0,2,1.6316067967500902,1.5985090292630175
2012-06-22,0.009096448493473797,0.0,0.009096448493473797,1.0,2,1.6464486239383294,1.6130497843140614
2012-06-25,-0.017721244395800084,0.0,-0.017721244395800084,1.0,2,1.6172715054883895,1.5844645348636393
2012-06-26,0.005643369865806935,0.0,0.005643369865806935,1.0,2,1.626398366767291,1.5934062542731284
2012-06-27,0.007533617847045426,0.0,0.007533617847045426,1.0,2,1.6386510305295747,1.6054103680679144
2012-06-28,-0.006992480257441813,0.0,-0.006992480257441813,1.0,2,1.62719279554976,1.594184567764107
2012-06-29,0.028043183359032775,0.0,0.028043183359032775,1.0,2,1.672824461475859,1.6388905779060563
2012-07-02,0.0029855174351579583,0.0,0.0029855174351579583,1.0,2,1.677818708071554,1.6437835143007111
2012-07-03,0.00749037080399656,0.0,0.00749037080399656,1.0,2,1.6903861923368926,1.6560960623443202
2012-07-05,-0.0019487384934143148,0.0,-0.0019487384934143148,1.0,2,1.6870920716951496,1.652868764198838
2012-07-06,-0.01100664987948824,0.0,-0.01100664987948824,1.0,2,1.6685228399475405,1.634676216414559
2012-07-09,-0.0015635498451341268,0.0,-0.0015635498451341268,1.0,2,1.6659140213195378,1.6321203186695397
2012-07-10,-0.009205352094256991,0.0,-0.009205352094256991,1.0,2,1.650578696194532,1.6170960764759956
2012-07-11,-0.002689466574637367,0.0,-0.002689466574637367,1.0,2,1.6461395199623083,1.6127469506303362
2012-07-12,-0.00710662426382852,0.0,-0.00710662426382852,1.0,2,1.6344410249080972,1.6012857640195712
2012-07-13,0.015961993079879888,0.0,0.015961993079879888,1.0,2,1.6605299612371522,1.626845476303762
2012-07-16,-0.002599503882504073,0.0,-0.002599503882504073,1.0,2,1.6562134071559018,1.6226164851718763
2012-07-17,0.0060422481104481784,0.0,0.0060422481104481784,1.0,2,1.6662206594857882,1.632420736563388
2012-07-18,0.010497512268527465,0.0,0.010497512268527465,1.0,2,1.6837118313008144,1.649557093272861
2012-07-19,0.006809099505887595,0.0,0.006809099505887595,1.0,2,1.695176392699382,1.6607890916615986
2012-07-20,-0.01119105699861983,0.0,-0.01119105699861983,1.0,2,1.6762055770659685,1.6422031062741278
2012-07-23,-0.011020543832055418,0.0,-0.011020543832055418,1.0,2,1.6577328800323772,1.6241051349602962
2012-07-24,-0.008221297731440591,0.0,-0.008221297731440591,1.0,2,1.6441041644664325,1.610752883098626
2012-07-25,-0.0032171188650242932,0.0,-0.0032171188650242932,1.0,2,1.6388148859428626,1.605570899611517
2012-07-26,0.014877488544705386,0.0,0.014877488544705386,1.0,2,1.6631963356353703,1.6294577622781996
2012-07-27,0.020958138362194734,0.0,0.020958138362194734,1.0,2,1.6980538345611118,1.6636081635153785
2012-07-30,-0.00038075965200623507,0.0,-0.00038075965200623507,1.0,2,1.6974072841739765,1.6629747286499637
2012-07-31,-0.0036540202457686632,0.0,-0.0036540202457686632,1.0,2,1.6912049235922895,1.656898185323275
2012-08-01,-0.0018378802757850199,0.0,-0.0018378802757850199,1.0,2,1.6880966914209088,1.6538530048294853
2012-08-02,-0.005213941116301357,0.0,-0.005213941116301357,1.0,2,1.679295054673217,1.6452299126472862
2012-08-03,0.01932903014329379,0.0,0.01932903014329379,1.0,2,1.7117541994044798,1.6770306112214943
2012-08-06,0.004774301319278085,0.0,0.004774301319278085,1.0,2,1.7199266297369764,1.6850372606811188
2012-08-07,0.006656841989066242,0.0,0.006656841989066242,1.0,2,1.7313759095439227,1.6962542874711621
2012-08-08,0.00039126930994171083,0.0,0.00039126930994171083,1.0,2,1.7320533438012997,1.6969179797157066
2012-08-09,0.0019298012569047285,0.0,0.0019298012569047285,1.0,2,1.7353958625211934,1.700192694165826
2012-08-10,0.0011364492794170289,0.0,0.0011364492794170289,1.0,2,1.737368051898659,1.7021248769279809
2012-08-13,0.0009491932765288147,0.0,0.0009491932765288147,1.0,2,1.7390171499723772,1.7037405224169735
2012-08-14,0.0003073352223581516,0.0,0.0003073352223581516,1.0,2,1.7395516111948486,1.704264141889271
2012-08-15,0.0018384568200149887,0.0,0.0018384568200149887,1.0,2,1.7427497017182176,1.7073973579240342
2012-08-16,0.009620810255994705,0.0,0.009620810255994705,1.0,2,1.75951636592214,1.723823903936208
2012-08-17,0.002871810363467231,0.0,0.002871810363467231,1.0,2,1.7645693632564856,1.7287743992883247
2012-08-20,0.0007688004774385471,0.0,0.0007688004774385471,1.0,2,1.7659259650254304,1.7301034818718808
2012-08-21,-0.0034697449065758112,0.0,-0.0034697449065758112,1.0,2,1.7597986524028935,1.7241004641278068
2012-08-22,0.002276610299223547,0.0,0.002276610299223547,1.0,2,1.7638050281395137,1.7280255690013362
2012-08-23,-0.00819695598230763,0.0,-0.00819695598230763,1.0,2,1.7493471959624811,1.71386101947593
2012-08-24,0.006136355093804169,0.0,0.006136355093804169,1.0,2,1.7600818115392578,1.7243778792728637
2012-08-27,0.0009205584665577526,0.0,0.0009205584665577526,1.0,2,1.7617020697527044,1.7259652699291732
2012-08-28,-0.0004920841370144591,0.0,-0.0004920841370144591,1.0,2,1.7608351641100337,1.7251159497988033
2012-08-29,0.0003886561463181115,0.0,0.0003886561463181115,1.0,2,1.7615195235192183,1.7257864267158043
2012-08-30,-0.008666491322076697,0.0,-0.008666491322076697,1.0,2,1.7462533298549703,1.710829913624914
2012-08-31,0.005712515522227513,0.0,0.005712515522227513,1.0,2,1.7562288291075083,1.7206030560623875
2012-09-04,-0.000973327772740562,0.0,-0.000973327772740562,1.0,2,1.7545194428128503,1.7189283453220596
2012-09-05,-0.0009392118084234902,0.0,-0.0009392118084234902,1.0,2,1.752871577434052,1.7173139075222994
2012-09-06,0.021155970359127974,0.0,0.021155970359127974,1.0,2,1.7899552765696047,1.7536453496471593
2012-09-07,0.00122746062489415,0.0,0.00122746062489415,1.0,2,1.7921523761919154,1.7557978802638798
2012-09-10,-0.009265632524926792,0.0,-0.009265632524926792,1.0,2,1.775546950845447,1.7395293023173095
2012-09-11,0.0005906102610435671,0.0,0.0005906102610435671,1.0,2,1.7765956070935809,1.740556686172644
2012-09-12,0.0031303050786090636,0.0,0.0031303050786090636,1.0,2,1.7821568933451006,1.7460051596069772
2012-09-13,0.01438938600257722,0.0,0.01438938600257722,1.0,2,1.8078010368005972,1.7711291018110535
2012-09-14,0.0066614221791045924,0.0,0.0066614221791045924,1.0,2,1.819843562722549,1.7829273404919153
2012-09-17,-0.0014850285578498768,0.0,-0.0014850285578498768,1.0,2,1.817141043061087,1.7802796424747136
2012-09-18,2.3073481388691253e-05,0.0,2.3073481388691253e-05,1.0,2,1.8171829708311247,1.7803207197239108
2012-09-19,0.0011984662496979936,0.0,0.0011984662496979936,1.0,2,1.8193608032911917,1.782454374020138
2012-09-20,-0.00044308255819436315,0.0,-0.00044308255819436315,1.0,2,1.818554676252191,1.7816645995762324
2012-09-21,-4.1747594184182724e-05,0.0,-4.1747594184182724e-05,1.0,2,1.818478755969565,1.7815902193655568
2012-09-24,-0.003657904783643029,0.0,-0.003657904783643029,1.0,2,1.8118269338291506,1.775073331979648
2012-09-25,-0.012312110567750778,0.0,-0.012312110567750778,1.0,2,1.7895195202902172,1.7532184328504485
2012-09-26,-0.00688788389266376,0.0,-0.00688788389266376,1.0,2,1.7771935176108027,1.7411424678464966
2012-09-27,0.011577165483858343,0.0,0.011577165483858343,1.0,2,1.7977683810610232,1.761299962327729
2012-09-28,-0.006447811403430426,0.0,-0.006447811403430426,1.0,2,1.7861767095928913,1.7499434323457708
2012-10-01,-0.00023311171998779967,0.0005,-0.0007331117199877997,1.0,2,1.785760330867916,1.7486605283062024
2012-10-02,0.0024277756604659806,0.0,0.0024277756604659806,1.0,2,1.790095756334623,1.7529058837752418
2012-10-03,0.0017692691110580694,0.0,0.0017692691110580694,1.0,2,1.7932629174621417,1.7560072460099971
2012-10-04,0.005136680081814227,0.0,0.005136680081814227,1.0,2,1.8024743353717256,1.765027293454098
2012-10-05,-0.003223374746956442,0.0,-0.003223374746956442,1.0,2,1.7966642851170513,1.7593379490486891
2012-10-08,-0.0077283915159049865,0.0,-0.0077283915159049865,1.0,2,1.7827789600990231,1.7457410965696516
2012-10-09,-0.013850782476096335,0.0,-0.013850782476096335,1.0,2,1.7580860765197304,1.7215612163814835
2012-10-10,-0.003314332215962834,0.0,-0.003314332215962834,1.0,2,1.7522591951978854,1.7158553905802783
2012-10-11,0.0003044841910475049,0.0,0.0003044841910475049,1.0,2,1.7527927304214408,1.7163778414208337
2012-10-12,-0.0042734957007744545,0.0,-0.0042734957007744545,1.0,2,1.7453021782236362,1.7090429080946172
2012-10-15,0.006950855143983081,0.0,0.006950855143983081,1.0,2,1.7574335208469467,1.7209222177836343
2012-10-16,0.010747433739453083,0.0,0.010747433739453083,1.0,2,1.776321421163743,1.7394177152900165
2012-10-17,0.004215558847403711,0.0,0.004215558847403711,1.0,2,1.7838096086465627,1.7467503330290381
2012-10-18,-0.008555611650984174,0.0,-0.008555611650984174,1.0,2,1.7685480263756885,1.7318058155284144
2012-10-19,-0.022140893623593838,0.0,-0.022140893623593838,1.0,2,1.7293907926554877,1.6934620871900785
2012-10-22,0.002470110397989944,0.0,0.002470110397989944,1.0,2,1.7336625788346143,1.6976451255002487
2012-10-23,-0.007268386316354181,0.0,-0.007268386316354181,1.0,2,1.7210616494694375,1.6853059849000374
2012-10-24,-0.003073471822447549,0.0,-0.003073471822447549,1.0,2,1.7157720149850981,1.680126244443245
2012-10-25,0.0020738367414582792,0.0,0.0020738367414582792,1.0,2,1.7193302460297402,1.68361055197926
2012-10-26,-0.0009358275814737027,0.0,-0.0009358275814737027,1.0,2,1.7177212493638436,1.6820349827882575
2012-10-31,-4.493506683939108e-05,0.0,-4.493506683939108e-05,1.0,2,1.717644063444692,1.6819594004338796
2012-11-01,0.011176763051829464,0.001,0.010176763051829463,1.0,2,1.7368417641491949,1.6990763027148923
2012-11-02,-0.009166326173641881,0.0,-0.009166326173641881,1.0,2,1.7209213060269999,1.6835020151303022
2012-11-05,-0.0006253475832788125,0.0,-0.0006253475832788125,1.0,2,1.719845132047263,1.6824492412136953
2012-11-06,0.009164474313193005,0.0,0.009164474313193005,1.0,2,1.7356066085825799,1.6978680040680492
2012-11-07,-0.019170043512230117,0.0,-0.019170043512230117,1.0,2,1.7023349543759376,1.6653198005520413
2012-11-08,-0.010869080004684117,0.0,-0.010869080004684117,1.0,2,1.6838321395620552,1.6472193064064566
2012-11-09,0.0006009342763175773,0.0,0.0006009342763175773,1.0,2,1.6848440120102832,1.6482091769482883
2012-11-12,9.625826511050484e-05,0.0,9.625826511050484e-05,1.0,2,1.685006192171861,1.6483678307042005
2012-11-13,-0.004310553301721254,0.0,-0.004310553301721254,1.0,2,1.677742883166774,1.6412624533091074
2012-11-14,-0.0117699278783151,0.0,-0.0117699278783151,1.0,2,1.6579959704335447,1.6219449126042726
2012-11-15,0.0007110377649097721,0.0,0.0007110377649097721,1.0,2,1.6591748681825913,1.6230981766897377
2012-11-16,0.0021576038602374448,0.0,0.0021576038602374448,1.0,2,1.662754710282991,1.6266001795813076
2012-11-19,0.020861609568788908,0.0,0.020861609568788908,1.0,2,1.6974424498575793,1.6605336774522546
2012-11-20,0.0008336920978541107,0.0,0.0008336920978541107,1.0,2,1.6988575942145878,1.6619180512573672
2012-11-21,0.001993505090759351,0.0,0.001993505090759351,1.0,2,1.7022442754771299,1.6652310933529737
2012-11-23,0.017476937815072424,0.0,0.017476937815072424,1.0,2,1.7319942928257068,1.6943342336192289
2012-11-26,-0.0022288806709936937,0.0,-0.0022288806709936937,1.0,2,1.7281338842241563,1.690557764795712
2012-11-27,-0.005525147969070832,0.0,-0.005525147969070832,1.0,2,1.7185856888034527,1.681217182994954
2012-11-28,0.008121810899898163,0.0,0.008121810899898163,1.0,2,1.7325437167831856,1.6948717110368985
2012-11-29,0.00676546520565402,0.0,0.00676546520565402,1.0,2,1.744265181016357,1.706338306625966
2012-11-30,0.0008388184074321625,0.0,0.0008388184074321625,1.0,2,1.7457283027576365,1.7077696146068706
2012-12-03,-0.0018504534069201384,0.0,-0.0018504534069201384,1.0,2,1.7424979138722416,1.7046094665052867
2012-12-04,0.0006115295533049014,0.0,0.0006115295533049014,1.0,2,1.7435635028431467,1.705651885570898
2012-12-05,0.001906389634751704,0.0,0.001906389634751704,1.0,2,1.7468874142324984,1.7089035226460452
2012-12-06,0.002427958505649086,0.0,0.002427958505649086,1.0,2,1.7511287843882954,1.7130526694891872
2012-12-07,0.0015161524306543384,0.0,0.0015161524306543384,1.0,2,1.7537837625511346,1.7156499184578722
2012-12-10,0.0005038623950697763,0.0,0.0005038623950697763,1.0,2,1.754667428238168,1.7165143699348875
2012-12-11,0.006158961323976642,0.0,0.006158961323976642,1.0,2,1.7654743570651283,1.7270863155513665
2012-12-12,0.0021291531921338036,0.0,0.0021291531921338036,1.0,2,1.7692333224281038,1.7307635468932132
2012-12-13,-0.004652985551081734,0.0,-0.004652985551081734,1.0,2,1.7610011053423535,1.7227103291171801
2012-12-14,1.682427174248824e-05,0.0,1.682427174248824e-05,1.0,2,1.7610307329034887,1.7227393124638908
2012-12-17,0.008311030792756302,0.0,0.008311030792756302,1.0,2,1.7756667135516397,1.73705705193767
2012-12-18,0.01012972970741266,0.0,0.01012972970741266,1.0,2,1.7936537374103678,1.7546529703601539
2012-12-19,-0.002401269419838037,0.0,-0.002401269419838037,1.0,2,1.789346691540946,1.75043957584
2012-12-20,0.007240061093672034,0.0,0.007240061093672034,1.0,2,1.8023016709054622,1.7631128653098629
2012-12-21,-0.0075907703341953625,0.0,-0.0075907703341953625,1.0,2,1.7886208128486825,1.7497294804760306
2012-12-24,-0.0029691239545748815,0.0,-0.0029691239545748815,1.0,2,1.7833101759476024,1.7445343167615235
2012-12-26,-0.0023654440391296383,0.0,-0.0023654440391296383,1.0,2,1.779091855521988,1.7404077184608828
2012-12-27,0.001198324774661197,0.0,0.001198324774661197,1.0,2,1.781223785368858,1.7424932921479261
2012-12-28,-0.010416877547459957,0.0,-0.010416877547459957,1.0,2,1.7626689953120473,1.7243419528963508
2012-12-31,0.015845585254815886,0.0,0.015845585254815886,1.0,2,1.790599517153285,1.7516651603194255
2013-01-02,0.02037510922258723,0.0005,0.01987510922258723,1.0,2,1.827083177889195,1.786479696702175
2013-01-03,-0.0061891067174891234,0.0,-0.0061891067174891234,1.0,2,1.8157751651195098,1.7754229832106578
2013-01-04,0.006513415875589013,0.0,0.006513415875589013,1.0,2,1.8276020639064996,1.7869870514553878
2013-01-07,-0.00440005347458694,0.0,-0.00440005347458694,1.0,2,1.8195605170950455,1.7791242128705897
2013-01-08,-0.0030268475304463527,0.0,-0.0030268475304463527,1.0,2,1.8140529848373788,1.773739075140505
2013-01-09,0.004821676134189823,0.0,0.004821676134189823,1.0,2,1.8227997608205249,1.7822914705073898
2013-01-10,0.008046189665003423,0.0,0.008046189665003423,1.0,2,1.8374663534174098,1.7966321257174103
2013-01-11,9.101544334882972e-05,0.0,9.101544334882972e-05,1.0,2,1.8376335912322048,1.7967956469868673
2013-01-14,0.0009836212961190638,0.0,0.0009836212961190638,1.0,2,1.8394411267670048,1.798563013450018
2013-01-15,0.0015382348870839335,0.0,0.0015382348870839335,1.0,2,1.842270619280935,1.8013296258239258
2013-01-16,-0.004533370512097512,0.0,-0.004533370512097512,1.0,2,1.8339189239801832,1.7931635312156478
2013-01-17,0.008806603702041227,0.0,0.008806603702041227,1.0,2,1.8500695211653504,1.8089552118080165
2013-01-18,0.0011378576569932575,0.0,0.0011378576569932575,1.0,2,1.8521746369359784,1.8110135453469303
2013-01-22,0.003890151747517445,0.0,0.003890151747517445,1.0,2,1.8593798773365622,1.8180586628551394
2013-01-23,-0.0021438369545018765,0.0,-0.0021438369545018765,1.0,2,1.8553936700430709,1.814161041508258
2013-01-24,0.004539631193974936,0.0,0.004539631193974936,1.0,2,1.863816473024702,1.822396663563183
2013-01-25,0.009148376211585596,0.0,0.009148376211585596,1.0,2,1.8808673673092826,1.8390686338481974
2013-01-28,-0.0025378438624891198,0.0,-0.0025378438624891198,1.0,2,1.8760940196050007,1.8344013648030895
2013-01-29,0.0039790647353738495,0.0,0.0039790647353738495,1.0,2,1.8835591191586567,1.8417005665842991
2013-01-30,-0.005456061870375117,0.0,-0.005456061870375117,1.0,2,1.8732823040680178,1.8316521343463101
2013-01-31,0.001524440933498572,0.0,0.001524440933498572,1.0,2,1.8761380122923375,1.8344443798358374
2013-02-01,0.008359918494276086,0.0,0.008359918494276086,1.0,2,1.8918223731591148,1.849780185333548
2013-02-04,-0.015174370426740247,0.0,-0.015174370426740247,1.0,2,1.8631151596872038,1.8217109355932526
2013-02-05,0.006677734269259994,0.0,0.006677734269259994,1.0,2,1.8755565476366245,1.8338758371365491
2013-02-06,0.0021476133279020315,0.0,0.0021476133279020315,1.0,2,1.879584517875563,1.8378142933261012
2013-02-07,-0.005515518189669888,0.0,-0.005515518189669888,1.0,2,1.8692176352781984,1.8276777951620258
2013-02-08,0.007003694711978481,0.0,0.007003694711978481,1.0,2,1.8823090649459333,1.8404782924712026
2013-02-11,-0.0009631858788051728,0.0,-0.0009631858788051728,1.0,2,1.8804960514350304,1.8387055697696468
2013-02-12,0.004271968803463921,0.0,0.004271968803463921,1.0,2,1.8885294719017978,1.8465604626024579
2013-02-13,0.003873843368983554,0.0,0.003873843368983554,1.0,2,1.8958453392736545,1.8537137486059376
2013-02-14,-0.0015904760747383895,0.0,-0.0015904760747383895,1.0,2,1.8928300426201354,1.8507654612393662
2013-02-15,-0.0016202952603003307,0.0,-0.0016202952603003307,1.0,2,1.889763099073524,1.8477666747345924
2013-02-19,0.010604697676351527,0.0,0.010604697676351527,1.0,2,1.909803465419124,1.8673616816965903
2013-02-20,-0.013902888985670658,0.0,-0.013902888985670658,1.0,2,1.8832516798549528,1.8413999595398673
2013-02-21,-0.012571313402132966,0.0,-0.012571313402132966,1.0,2,1.8595767327724027,1.8182511435498165
2013-02-22,0.013364928076930238,0.0,0.013364928076930238,1.0,2,1.8844298420594385,1.8425519393091558
2013-02-25,-0.02257846597409835,0.0,-0.02257846597409835,1.0,2,1.841882306989924,1.800949943041955
2013-02-26,0.005650212582183678,0.0,0.005650212582183678,1.0,2,1.8522893335757797,1.8111256930700135
2013-02-27,0.01155847031259144,0.0,0.01155847031259144,1.0,2,1.8736989648482454,1.832059535625735
2013-02-28,0.0006649342624026056,0.0,0.0006649342624026056,1.0,2,1.8749448514874012,1.833277734781734
2013-03-01,0.0012090071695990967,0.0,0.0012090071695990967,1.0,2,1.8772116732554525,1.8354941807069516
2013-03-04,0.0035504964190901656,0.0,0.0035504964190901656,1.0,2,1.8838767065792204,1.8420110962228124
2013-03-05,0.010624919413788514,0.0,0.010624919413788514,1.0,2,1.903892744772138,1.8615823156794842
2013-03-06,0.002539202263937723,0.0,0.002539202263937723,1.0,2,1.908727113539958,1.8663092497099638
2013-03-07,0.0038778352001308525,0.0,0.0038778352001308525,1.0,2,1.9161288427282877,1.873546489412819
2013-03-08,0.005711405785941315,0.0,0.005711405785941315,1.0,2,1.927072632087255,1.8842470736726815
2013-03-11,0.001202515232421708,0.0,0.001202515232421708,1.0,2,1.9293899662813232,1.886512909480419
2013-03-12,-0.003178319418731368,0.0,-0.003178319418731368,1.0,2,1.9232577486851858,1.88051696886653
2013-03-13,0.0007850497263781064,0.0,0.0007850497263781064,1.0,2,1.9247676016545459,1.8819932681983882
2013-03-14,0.01043049211175373,0.0,0.01043049211175373,1.0,2,1.9448438749405628,1.9016233841367052
2013-03-15,0.00014169112546180695,0.0,0.00014169112546180695,1.0,2,1.9451194420580509,1.9018928272942082
2013-03-18,-0.008229843137856852,0.0,-0.008229843137856852,1.0,2,1.9291114141655175,1.8862405476605617
2013-03-19,-0.003601919686855526,0.0,-0.003601919686855526,1.0,2,1.922162909784697,1.879446460697798
2013-03-20,0.008043224042576458,0.0,0.008043224042576458,1.0,2,1.9376232967144262,1.8945632696572179
2013-03-21,-0.008593195419496324,0.0,-0.008593195419496324,1.0,2,1.9209729210763904,1.8782829172464535
2013-03-22,0.006081052639069939,0.0,0.006081052639069939,1.0,2,1.932654458527684,1.8897048545372952
2013-03-25,-0.00624076734245782,0.0,-0.00624076734245782,1.0,2,1.9205932116986488,1.877911646194215
2013-03-26,0.004489794237621192,0.0,0.004489794237621192,1.0,2,1.9292162800333479,1.8863430830820593
2013-03-27,-0.002095163061064609,0.0,-0.002095163061064609,1.0,2,1.9251742573466175,1.882390886733891
2013-03-28,0.0024269070186033748,0.0,0.0024269070186033748,1.0,2,1.9298464762638066,1.8869592743886605
2013-04-01,-0.010929209783804572,0.0005,-0.011429209783804573,1.0,2,1.9087547792741835,1.865392820988177
2013-04-02,-0.0006053102626621398,0.0,-0.0006053102626621398,1.0,2,1.9075993904173834,1.8642636795697365
2013-04-03,-0.012860310603365677,0.0,-0.012860310603365677,1.0,2,1.8830670697498249,1.8402886696038963
2013-04-04,0.00630229757506251,0.0,0.00630229757506251,1.0,2,1.8949347187771894,1.851886716423756
2013-04-05,-0.003075743769675121,0.0,-0.003075743769675121,1.0,2,1.8891063851219694,1.8461907873935715
2013-04-08,0.007516681274136849,0.0,0.007516681274136849,1.0,2,1.9033061957118682,1.8600680151136568
2013-04-09,0.00027075573520285445,0.0,0.00027075573520285445,1.0,2,1.9038215267802043,1.8605716391966163
2013-04-10,0.015142865176899,0.0,0.015142865176899,1.0,2,1.932650839481115,1.8887460246809327
2013-04-11,0.0023311918981804847,0.0,0.0023311918981804847,1.0,2,1.9371562194601253,1.8931490541113896
2013-04-12,-0.003245474587878161,0.0,-0.003245474587878161,1.0,2,1.9308692281771174,1.8870048869652054
2013-04-15,-0.030579834484043666,0.0,-0.030579834484043666,1.0,2,1.8718235667691279,1.829300589851228
2013-04-16,0.01597328948037957,0.0,0.01597328948037957,1.0,2,1.9017227464573276,1.8585205377195506
2013-04-17,-0.016042767810261982,0.0,-0.016042767810261982,1.0,2,1.871213849996419,1.8287047242623127
2013-04-18,-0.005892777767683821,0.0,-0.005892777767683821,1.0,2,1.860187202622578,1.8179285737195214
2013-04-19,0.010073002237018014,0.0,0.010073002237018014,1.0,2,1.8789248724758674,1.836240572309337
2013-04-22,0.0036503091336487214,0.0,0.0036503091336487214,1.0,2,1.885783529099306,1.8429434180420143
2013-04-23,0.013033590686167495,0.0,0.013033590686167495,1.0,2,1.9103620597403028,1.8669635882105406
2013-04-24,0.0029172871594740912,0.0,0.0029172871594740912,1.0,2,1.9159351344471296,1.8724100571136328
2013-04-25,0.005306839724948831,0.0,0.005306839724948831,1.0,2,1.9261026951290385,1.882346637186117
2013-04-26,-0.003563413273698357,0.0,-0.003563413273698357,1.0,2,1.9192391952187096,1.8756390581934665
2013-04-29,0.006943832992450161,0.0,0.006943832992450161,1.0,2,1.932566071662873,1.8886631825676787
2013-04-30,0.004024690568400158,0.0,0.004024690568400158,1.0,2,1.9403440521043045,1.8962644674654432
2013-05-01,-0.01689640751232202,0.0005,-0.01739640751232202,1.0,2,1.90755920828584,1.8632762780382779
2013-05-02,0.009502802511230202,0.0,0.009502802511230202,1.0,2,1.925686366720659,1.8809826245323358
2013-05-03,0.013929793155366577,0.0,0.013929793155366577,1.0,2,1.9525107794911871,1.9071843234209098
2013-05-06,0.0028302520218503324,0.0,0.0028302520218503324,1.0,2,1.9580368770725267,1.9125821357083133
2013-05-07,0.005380287332746814,0.0,0.005380287332746814,1.0,2,1.9685716780792912,1.9228723771459026
2013-05-08,0.006618120152695861,0.0,0.006618120152695861,1.0,2,1.981599921974014,1.935598177576154
2013-05-09,-0.006456325990778111,0.0,-0.006456325990778111,1.0,2,1.9688060668944491,1.923101324754566
2013-05-10,0.0040554102005970205,0.0,0.0040554102005970205,1.0,2,1.97679038310113,1.9309002894837572
2013-05-13,-0.0003614459469412079,0.0,-0.0003614459469412079,1.0,2,1.9760758802292058,1.9302023734001756
2013-05-14,0.008205628743187698,0.0,0.008205628743187698,1.0,2,1.9922908252707345,1.9460408974755175
2013-05-15,0.0026999905642289823,0.0,0.0026999905642289823,1.0,2,1.9976699917001657,1.9512951895363053
2013-05-16,-0.0053836049787088225,0.0,-0.0053836049787088225,1.0,2,1.9869153255870315,1.940790187038987
2013-05-17,0.009730738236638725,0.0,0.009730738236638725,1.0,2,2.0062494785186846,1.9596755083213004
2013-05-20,0.0033772118782829375,0.0,0.0033772118782829375,1.0,2,2.013025008088337,1.966293747725583
2013-05-21,0.000875143754501595,0.0,0.000875143754501595,1.0,2,2.014786694351821,1.9680145374184206
2013-05-22,-0.011741260737608561,0.0,-0.011741260737608561,1.0,2,1.9911305584427716,1.9449075655991868
2013-05-23,-0.006761650325219304,0.0,-0.006761650325219304,1.0,2,1.977667229854723,1.9317567807257316
2013-05-24,-0.003969634431830182,0.0,-0.003969634431830182,1.0,2,1.9698166139243896,1.9240884124950413
2013-05-28,0.0074327633098068,0.0,0.0074327633098068,1.0,2,1.9844577945794146,1.9383897062522588
2013-05-29,-0.008984588901305102,0.0,-0.008984588901305102,1.0,2,1.966628257103128,1.9209740716110606
2013-05-30,0.005735137564076953,0.0,0.005735137564076953,1.0,2,1.9779071406950155,1.9319911221687753
2013-05-31,-0.015588974122055399,0.0,-0.015588974122055399,1.0,2,1.9470735974628923,1.9018733625612456
2013-06-03,0.006331238180260379,0.0005,0.0058312381802603785,1.0,2,1.959400984162926,1.9129636391270328
2013-06-04,-0.007722123377815471,0.0,-0.007722123377815471,1.0,2,1.9442702480166068,1.898191497888419
2013-06-05,-0.013421734713325195,0.0,-0.013421734713325195,1.0,2,1.918174768536717,1.872714475168671
2013-06-06,0.009821001243638272,0.0,0.009821001243638272,1.0,2,1.9370131653240314,1.8911064063582819
2013-06-07,0.010181877518426696,0.0,0.010181877518426696,1.0,2,1.9567355961249406,1.9103614201621337
2013-06-10,0.003056079966548997,0.0,0.003056079966548997,1.0,2,1.9627155365800912,1.916199637427159
2013-06-11,-0.010575506340125829,0.0,-0.010575506340125829,1.0,2,1.941958825979125,1.8959348560126013
2013-06-12,-0.00900079621660238,0.0,-0.00900079621660238,1.0,2,1.9244796503254546,1.8788699327336786
2013-06-13,0.016448204607364347,0.0,0.016448204607364347,1.0,2,1.9561338853767167,1.9097739698179073
2013-06-14,-0.0070037720799186465,0.0,-0.0070037720799186465,1.0,2,1.9424335694857324,1.896398348209141
2013-06-17,0.007143228639341692,0.0,0.007143228639341692,1.0,2,1.956308816589302,1.909944755201669
2013-06-18,0.009839514381051795,0.0,0.009839514381051795,1.0,2,1.975557945323911,1.9287376840874906
2013-06-19,-0.013043810010146928,0.0,-0.013043810010146928,1.0,2,1.9497891428210696,1.9035795961768427
2013-06-20,-0.025774012254385137,0.0,-0.025774012254385137,1.0,2,1.8995352535605323,1.8545167123377833
2013-06-21,0.0030814080712713854,0.0,0.0030814080712713854,1.0,2,1.905388496822518,1.8602312351034884
2013-06-24,-0.01290591403377328,0.0,-0.01290591403377328,1.0,2,1.8807977166815861,1.836223250700303
2013-06-25,0.009607147767240587,0.0,0.009607147767240587,1.0,2,1.8988668182660349,1.8538641188034235
2013-06-26,0.00731857975091027,0.0,0.00731857975091027,1.0,2,1.9127638265118723,1.8674317712042374
2013-06-27,0.010661511240453447,0.0,0.010661511240453447,1.0,2,1.9331567795485611,1.8873414160237112
2013-06-28,-0.004923585994303703,0.0,-0.004923585994303703,1.0,2,1.9236387159039825,1.8780489282613073
2013-07-01,0.011040334374532446,0.0,0.011040334374532446,1.0,2,1.9448763305433587,1.8987832164010445
2013-07-02,-0.0008207151964492732,0.0,-0.0008207151964492732,1.0,2,1.9432801409836673,1.8972248561605816
2013-07-03,0.0012579234591012511,0.0,0.0012579234591012511,1.0,2,1.9457246386606162,1.899611419814336
2013-07-05,0.012437349899370731,0.0,0.012437349899370731,1.0,2,1.9699242967994648,1.923237551715407
2013-07-08,0.004858490976130503,0.0,0.004858490976130503,1.0,2,1.9794951562191252,1.9325815840053715
2013-07-09,0.008233353974863133,0.0,0.008233353974863133,1.0,2,1.9957930405318043,1.9484932122717895
2013-07-10,0.0015680526050803612,0.0,0.0015680526050803612,1.0,2,1.9989225490082114,1.9515485521292735
2013-07-11,0.012670939038690099,0.0,0.012670939038690099,1.0,2,2.0242507747697576,1.9762765048643474
2013-07-12,0.001233601728872713,0.0,0.001233601728872713,1.0,2,2.0267478940251857,1.9787144429774786
2013-07-15,0.006283281704063226,0.0,0.006283281704063226,1.0,2,2.039482521986463,1.9911472632346046
2013-07-16,-0.004380722814211591,0.0,-0.004380722814211591,1.0,2,2.030548114373211,1.9824245989920977
2013-07-17,0.0032313058778810078,0.0,0.0032313058778810078,1.0,2,2.037109436430505,1.9888304192512767
2013-07-18,0.006064464666022618,0.0,0.006064464666022618,1.0,2,2.0494634146285593,2.000891611055537
2013-07-19,0.0016614488399714356,0.0,0.0016614488399714356,1.0,2,2.0528684932413577,2.0042159901016334
2013-07-22,0.0020288767580827205,0.0,0.0020288767580827205,1.0,2,2.0570335104146955,2.0082822973421286
2013-07-23,-0.0013852328643141343,0.0,-0.0013852328643141343,1.0,2,2.0541840399930735,2.00550035870303
2013-07-24,-0.005955679182802487,0.0,-0.005955679182802487,1.0,2,2.0419499788684417,1.9935562419655994
2013-07-25,0.005811812952804918,0.0,0.005811812952804918,1.0,2,2.053817410204609,2.0051424179548003
2013-07-26,-0.001460541463305598,0.0,-0.001460541463305598,1.0,2,2.0508177247189465,2.0022138243135448
2013-07-29,-0.005049487905218253,0.0,-0.005049487905218253,1.0,2,2.040462145422171,1.9921036698240127
2013-07-30,0.0004426174671371408,0.0,0.0004426174671371408,1.0,2,2.0413652896087666,1.9929854097046245
2013-07-31,0.0012311914835653193,0.0,0.0012311914835653193,1.0,2,2.0438786011681787,1.9954391563679226
2013-08-01,0.012547102112605901,0.0,0.012547102112605901,1.0,2,2.069523354682806,2.0204761352223635
2013-08-02,0.001289427594167225,0.0,0.001289427594167225,1.0,2,2.0721918552031076,2.0230813929044755
2013-08-05,0.0009834723498252096,0.0,0.0009834723498252096,1.0,2,2.074229798596233,2.025071037515843
2013-08-06,-0.007877924071062636,0.0,-0.007877924071062636,1.0,2,2.0578891737369562,2.009117681643785
2013-08-07,-0.005168454135269451,0.0,-0.005168454135269451,1.0,2,2.0472530679270293,1.99873364905385
2013-08-08,0.003911830760735147,0.0,0.003911830760735147,1.0,2,2.0552615754531556,2.006552356824735
2013-08-09,-0.0019709019779510784,0.0,-0.0019709019779510784,1.0,2,2.051210856348888,2.002597638815807
2013-08-12,0.0021039540067842033,0.0,0.0021039540067842033,1.0,2,2.0555265096488626,2.00681101214197
2013-08-13,0.0008089851143366911,0.0,0.0008089851143366911,1.0,2,2.0571893999972932,2.00843449237808
2013-08-14,-0.004528020007639355,0.0,-0.004528020007639355,1.0,2,2.0478744052346016,1.9993402608125588
2013-08-15,-0.01633341251190623,0.0,-0.01633341251190623,1.0,2,2.01442562780133,1.966684211581045
2013-08-16,-0.003761821543728616,0.0,-0.003761821543728616,1.0,2,2.006847718076428,1.9592858965442086
2013-08-19,-0.008265917992374472,0.0,-0.008265917992374472,1.0,2,1.9902592794156244,1.943090599999758
2013-08-20,0.009650818170635178,0.0,0.009650818170635178,1.0,2,2.009466909833684,1.961843014069426
2013-08-21,-0.006125333802872945,0.0,-0.006125333802872945,1.0,2,1.9971582542451252,1.9498260707394164
2013-08-22,0.011578259408251745,0.0,0.011578259408251745,1.0,2,2.0202818705921066,1.9724016627874097
2013-08-23,0.0029490312235055383,0.0,0.0029490312235055383,1.0,2,2.0262397449087652,1.9782183368762642
2013-08-26,-0.00180804354448455,0.0,-0.00180804354448455,1.0,2,2.0225762152184052,1.9746416319826943
2013-08-27,-0.01987002079746575,0.0,-0.01987002079746575,1.0,2,1.982387583757556,1.9354054616876564
2013-08-28,0.0027715738902812648,0.0,0.0027715738902812648,1.0,2,1.9878819174251159,1.9407695809323775
2013-08-29,0.005802793813558638,0.0,0.005802793813558638,1.0,2,1.9994171863176353,1.9520314666501544
2013-08-30,-0.009373299188780548,0.0,-0.009373299188780548,1.0,2,1.9806760508270904,1.9337344916873285
2013-09-03,0.007024107548714575,0.0005,0.006524107548714575,1.0,2,1.994588532427263,1.9463503834817555
2013-09-04,0.009722937877620796,0.0,0.009722937877620796,1.0,2,2.013981792819468,1.9652746273484323
2013-09-05,0.0016315869381651193,0.0,0.0016315869381651193,1.0,2,2.017267779206335,1.9684811437603214
2013-09-06,0.0019692255278073723,0.0,0.0019692255278073723,1.0,2,2.0212402344135714,1.9723575270796216
2013-09-09,0.013382907790510323,0.0,0.013382907790510323,1.0,2,2.0482903060931976,1.9987534059944472
2013-09-10,0.007339202555688595,0.0,0.007339202555688595,1.0,2,2.063323123542469,2.013422662099913
2013-09-11,-0.0007035720345816565,0.0,-0.0007035720345816565,1.0,2,2.061871427094439,2.0120060742210666
2013-09-12,-0.0039892874042160575,0.0,-0.0039892874042160575,1.0,2,2.0536460293812184,2.0039796037319704
2013-09-13,0.003051063927864861,0.0,0.003051063927864861,1.0,2,2.0599118347020666,2.010093873613094
2013-09-16,-0.00014480691273965896,0.0,-0.00014480691273965896,1.0,2,2.0596135452287676,2.0098027981249396
2013-09-17,0.008284535637622992,0.0,0.008284535637622992,1.0,2,2.076676487043946,2.0264530810305996
2013-09-18,0.01075117929365621,0.0,0.01075117929365621,1.0,2,2.0990032082910757,2.048239841434942
2013-09-19,0.0006899378975717685,0.0,0.0006899378975717685,1.0,2,2.1004513901516004,2.0496529997248643
2013-09-20,-0.0035244860957995283,0.0,-0.0035244860957995283,1.0,2,2.0930483784321083,2.04242902622612
2013-09-23,-0.0009522975559752567,0.0,-0.0009522975559752567,1.0,2,2.0910551735767893,2.040484026056192
2013-09-24,0.0016611260867228639,0.0,0.0016611260867228639,1.0,2,2.094528679874394,2.043873527301415
2013-09-25,-0.002647061090936209,0.0,-0.002647061090936209,1.0,2,2.0889843345020487,2.038463269212501
2013-09-26,0.0066420180814045215,0.0,0.0066420180814045215,1.0,2,2.1028594062235824,2.0520027791048894
2013-09-27,-0.0028546332866589696,0.0,-0.0028546332866589696,1.0,2,2.0968565137654127,2.04614506366734
2013-09-30,-0.0009586013466842958,0.0,-0.0009586013466842958,1.0,2,2.0948464642875138,2.044183626253797
2013-10-01,0.010888806712320453,0.0,0.010888806712320453,1.0,2,2.1176568425291284,2.066442346644565
2013-10-02,-0.002195509944893592,0.0,-0.002195509944893592,1.0,2,2.113007505871484,2.0619054519219575
2013-10-03,-0.010973378990448868,0.0,-0.010973378990448868,1.0,2,2.0898206736998928,2.039279381955545
2013-10-04,0.007657593003535967,0.0,0.007657593003535967,1.0,2,2.105823669869462,2.0548953534830634
2013-10-07,-0.010003736248543893,0.0,-0.010003736248543893,1.0,2,2.0847575652901473,2.0343387223484606
2013-10-08,-0.017730071085243493,0.0,-0.017730071085243493,1.0,2,2.047794665462054,1.998269752189759
2013-10-09,-0.00355837028815964,0.0,-0.00355837028815964,1.0,2,2.040507853768222,1.9911591684758387
2013-10-10,0.022521306737739,0.0,0.022521306737739,1.0,2,2.086462757043702,2.0360026748727442
2013-10-11,0.011235892700764305,0.0,0.011235892700764305,1.0,2,2.109906028705986,2.0588789824660836
2013-10-14,0.006113998643935137,0.0,0.006113998643935137,1.0,2,2.122805991304325,2.071466965772908
2013-10-15,-0.006849305598704336,0.0,-0.006849305598704336,1.0,2,2.1082662443431213,2.0572788554867083
2013-10-16,0.011833082804132533,0.0,0.011833082804132533,1.0,2,2.1332135333855913,2.081622806534874
2013-10-17,0.007292836409818926,0.0,0.007292836409818926,1.0,2,2.148770710711784,2.0968037411298805
2013-10-18,0.013766260271917852,0.0,0.013766260271917852,1.0,2,2.178351247580116,2.125668887169405
2013-10-21,0.00010428704842763148,0.0,0.00010428704842763148,1.0,2,2.1785784214021646,2.1258905669035824
2013-10-22,0.002049839279193555,0.0,0.002049839279193555,1.0,2,2.1830441570231587,2.1302483008908886
2013-10-23,-0.004702278580479835,0.0,-0.004702278580479835,1.0,2,2.1727788752433472,2.1202312799345058
2013-10-24,0.004865928851999324,0.0,0.004865928851999324,1.0,2,2.183351462661409,2.130548174492451
2013-10-25,0.004046416916492379,0.0,0.004046416916492379,1.0,2,2.1921862129545704,2.1391692606671193
2013-10-28,-0.00010429343107382083,0.0,-0.00010429343107382083,1.0,2,2.191957582332869,2.1389461593652768
2013-10-29,0.002288090313367408,0.0,0.002288090313367408,1.0,2,2.1969729792443173,2.143840261353335
2013-10-30,-0.007296334847817054,0.0,-0.007296334847817054,1.0,2,2.1809431287361445,2.1281980849462694
2013-10-31,-0.004059583695480873,0.0,-0.004059583695480873,1.0,2,2.172089407569956,2.119558486699868
2013-11-01,-0.0020195655220305864,0.0,-0.0020195655220305864,1.0,2,2.1677027306916603,2.1152778994582015
2013-11-04,0.006459768046364778,0.0,0.006459768046364778,1.0,2,2.1817055875254,2.128942104042303
2013-11-05,-0.0011749075999493708,0.0,-0.0011749075999493708,1.0,2,2.1791422850497644,2.1264407937844116
2013-11-06,-0.002216939907278781,0.0,-0.002216939907278781,1.0,2,2.174311257554399,2.1217266023282053
2013-11-07,-0.01777878580253206,0.0,-0.01777878580253206,1.0,2,2.1356546434383055,2.0840048795338784
2013-11-08,0.015811458194407768,0.0,0.015811458194407768,1.0,2,2.169422457550723,2.11695603556357
2013-11-11,-9.804523529394205e-05,0.0,-9.804523529394205e-05,1.0,2,2.1692097560154204,2.1167484781109565
2013-11-12,0.0012122287496608708,0.0,0.0012122287496608708,1.0,2,2.171839334445707,2.119314461471923
2013-11-13,0.010978106680686994,0.0,0.010978106680686994,1.0,2,2.1956820183525645,2.142580521719885
2013-11-14,0.0010662887993017622,0.0,0.0010662887993017622,1.0,2,2.198023249495562,2.144865131331797
2013-11-15,0.002854569482804492,0.0,0.002854569482804492,1.0,2,2.204297659586067,2.150987797880428
2013-11-18,-0.008378267534897121,0.0,-0.008378267534897121,1.0,2,2.1858294640675076,2.132966246645487
2013-11-19,-0.004531624076257013,0.0,-0.004531624076257013,1.0,2,2.1759241066415473,2.123300445448345
2013-11-20,-0.0013684304086195587,0.0,-0.0013684304086195587,1.0,2,2.172946505927171,2.1203948565521578
2013-11-21,0.01404580598287375,0.0,0.01404580598287375,1.0,2,2.203467290960587,2.1501775113143724
2013-11-22,0.00516130752745797,0.0,0.00516130752745797,1.0,2,2.214840063275929,2.16127523868889
2013-11-25,0.00181986991368005,0.0,0.00181986991368005,1.0,2,2.218870784070698,2.1652084784709613
2013-11-26,0.006318460606672294,0.0,0.006318460606672294,1.0,2,2.2328906317111445,2.1788892629474126
2013-11-27,0.006272270984286066,0.0,0.006272270984286066,1.0,2,2.246895926831511,2.19255584684937
2013-11-29,0.0032608056918596584,0.0,0.0032608056918596584,1.0,2,2.2542226178587397,2.199705345434497
2013-12-02,-0.0064673644146004405,0.0,-0.0064673644146004405,1.0,2,2.2396437387174126,2.1854790493608274
2013-12-03,-0.002815224347112899,0.0,-0.002815224347112899,1.0,2,2.2333386391353165,2.1793264355309616
2013-12-04,-0.0008574333824216684,0.0,-0.0008574333824216684,1.0,2,2.2314237000318697,2.1774578082939433
2013-12-05,-0.0002836946592965628,0.0,-0.0002836946592965628,1.0,2,2.230790657045543,2.176840075142887
2013-12-06,0.007538939270388179,0.0,0.007538939270388179,1.0,2,2.247608452333959,2.1932511402707364
2013-12-09,0.0019024204745011208,0.0,0.0019024204745011208,1.0,2,2.2518843486723408,2.19742362614571
2013-12-10,-0.00488886345008388,0.0,-0.00488886345008388,1.0,2,2.2408751935863007,2.1866807220954954
2013-12-11,-0.014636460377933536,0.0,-0.014636460377933536,1.0,2,2.208076712603481,2.1546754563473534
2013-12-12,-0.00019633578742683788,0.0,-0.00019633578742683788,1.0,2,2.207643188123413,2.154252416444982
2013-12-13,0.0010042501017644145,0.0,0.0010042501017644145,1.0,2,2.2098602140197454,2.1564158246534233
2013-12-16,0.008696286594943037,0.0,0.008696286594943037,1.0,2,2.229077791775623,2.1751686346824797
2013-12-17,-0.0017136051059737367,0.0,-0.0017136051059737367,1.0,2,2.2252580326900238,2.171441254603734
2013-12-18,0.012667461091444454,0.0,0.012667461091444454,1.0,2,2.2534464022375493,2.198947902208784
2013-12-19,-0.005118781297395292,0.0,-0.005118781297395292,1.0,2,2.241911502939093,2.187691968813011
2013-12-20,0.013513784942914109,0.0,0.013513784942914109,1.0,2,2.2722082128508574,2.2172559676008907
2013-12-23,0.010904967861504411,0.0,0.010904967861504411,1.0,2,2.296986570386642,2.241435072668307
2013-12-24,0.002143669960294914,0.0,0.002143669960294914,1.0,2,2.301910551496781,2.246239969701538
2013-12-26,0.0017064082272235659,0.0,0.0017064082272235659,1.0,2,2.3058385506001877,2.250072972066155
2013-12-27,-0.0015523252656374775,0.0,-0.0015523252656374775,1.0,2,2.30225913915961,2.2465801269420886
2013-12-30,-0.0010464687748987234,0.0,-0.0010464687748987234,1.0,2,2.299849896858754,2.244229150988936
2013-12-31,0.004429785925029739,0.0,0.004429785925029739,1.0,2,2.31003773956154,2.254170605694528
2014-01-02,-0.00935759679529713,0.0,-0.00935759679529713,1.0,2,2.2884213378128035,2.233076986058628
2014-01-03,-0.0010704996698007174,0.0,-0.0010704996698007174,1.0,2,2.28597158352631,2.2306864778824127
2014-01-06,-0.005871398412124751,0.0,-0.005871398412124751,1.0,2,2.272549733600631,2.2175892288382255
2014-01-07,0.00879010745686759,0.0,0.00879010745686759,1.0,2,2.2925256899600566,2.237082076454906
2014-01-08,0.0017435841748453251,0.0,0.0017435841748453251,1.0,2,2.296522901473497,2.240982617361243
2014-01-09,-0.00151212318165439,0.0,-0.00151212318165439,1.0,2,2.293050275956979,2.2375939755958463
2014-01-10,0.004349232519875623,0.0,0.004349232519875623,1.0,2,2.3030232847868812,2.247325792080786
2014-01-13,-0.014247422979856705,0.0,-0.014247422979856705,1.0,2,2.2702111379160637,2.2153071909474695
2014-01-14,0.015633592792639428,0.0,0.015633592792639428,1.0,2,2.305702694399558,2.249940401481348
2014-01-15,0.007820750139590493,0.0,0.007820750139590493,1.0,2,2.323735019068638,2.267536623190304
2014-01-16,0.000660840192934109,0.0,0.000660840192934109,1.0,2,2.3252706365669673,2.2690351025298585
2014-01-17,-0.004595120514548912,0.0,-0.004595120514548912,1.0,2,2.314585737763,2.258608612781992
2014-01-21,0.006787132754189795,0.0,0.006787132754189795,1.0,2,2.330295138436152,2.2739380892766996
2014-01-22,0.0038269905066835586,0.0,0.0038269905066835586,1.0,2,2.3392131558087175,2.2826404287571473
2014-01-23,-0.005065239475680772,0.0,-0.005065239475680772,1.0,2,2.3273644809898837,2.271078308348622
2014-01-24,-0.022685224094969536,0.0,-0.022685224094969536,1.0,2,2.2745676961879555,2.2195583879865093
2014-01-27,-0.012132443748118171,0.0,-0.012132443748118171,1.0,2,2.246971631562668,2.192629720698599
2014-01-28,0.004990266736484283,0.0,0.004990266736484283,1.0,2,2.258184619353479,2.203571527859228
2014-01-29,-0.012604922123455653,0.0,-0.012604922123455653,1.0,2,2.229720378086143,2.175795680357098
2014-01-30,0.016633273877072696,0.0,0.016633273877072696,1.0,2,2.26680792780414,2.2119862858090293
2014-01-31,-0.004935489759304856,0.0,-0.004935489759304856,1.0,2,2.255620120490152,2.201069050147696
2014-02-03,-0.02717968902251805,0.0,-0.02717968902251805,1.0,2,2.194313067062295,2.1412446778475926
2014-02-04,0.007439300004895233,0.0,0.007439300004895233,1.0,2,2.2106372202728335,2.1571740393899863
2014-02-05,-0.005044127701997414,0.0,-0.005044127701997414,1.0,2,2.1994864838309884,2.1462929780598694
2014-02-06,0.01031311209357988,0.0,0.01031311209357988,1.0,2,2.222170034487051,2.168427938128264
2014-02-07,0.014532094962103281,0.0,0.014532094962103281,1.0,2,2.2544628204501573,2.1999397388436215
2014-02-10,0.00417355737434405,0.0,0.00417355737434405,1.0,2,2.2638719503796314,2.209121313563785
2014-02-11,0.010139464217437721,0.0,0.010139464217437721,1.0,2,2.286826399013367,2.231520620074644
2014-02-12,0.0029190512633096577,0.0,0.0029190512633096577,1.0,2,2.293501762502377,2.2380345431597743
2014-02-13,0.010230326524830913,0.0,0.010230326524830913,1.0,2,2.3169650344180512,2.2609303673101495
2014-02-14,0.0017111441417821949,0.0,0.0017111441417821949,1.0,2,2.32092969556341,2.26479914506315
2014-02-18,0.007652713107211939,0.0,0.007652713107211939,1.0,2,2.3386911046655654,2.282131003165777
2014-02-19,-0.008570200398917482,0.0,-0.008570200398917482,1.0,2,2.318648053227416,2.262572683132064
2014-02-20,0.00772769967480702,0.0,0.00772769967480702,1.0,2,2.336565869034333,2.2800571653197306
2014-02-21,0.0009015531889052242,0.0,0.0009015531889052242,1.0,2,2.338672407444648,2.2821127581280107
2014-02-24,0.006335442649360368,0.0,0.006335442649360368,1.0,2,2.353488932357655,2.296570952626504
2014-02-25,-3.598165569007605e-05,0.0,-3.598165569007605e-05,1.0,2,2.3534042499292207,2.296488318201219
2014-02-26,0.0026464470332729917,0.0,0.0026464470332729917,1.0,2,2.359632409624538,2.3025658528978683
2014-02-27,0.005985285302468668,0.0,0.005985285302468668,1.0,2,2.3737554828050924,2.3163473664551844
2014-02-28,-0.002545405560622549,0.0,-0.002545405560622549,1.0,2,2.367713312399602,2.3104513229882757
2014-03-03,-0.006365353123425177,0.0,-0.006365353123425177,1.0,2,2.352641981071144,2.2957444844429706
2014-03-04,0.018845315385506267,0.0,0.018845315385506267,1.0,2,2.3969782611936123,2.339008513296835
2014-03-05,0.0010837209349366939,0.0,0.0010837209349366939,1.0,2,2.3995759167158557,2.3415433457896895
2014-03-06,-0.000514390441699486,0.0,-0.000514390441699486,1.0,2,2.3983415978001648,2.34033887827379
2014-03-07,-0.0026105828072289783,0.0,-0.0026105828072289783,1.0,2,2.392080528459086,2.334229229835079
2014-03-10,-0.0012291781112469535,0.0,-0.0012291781112469535,1.0,2,2.389140235433164,2.3313600463591326
2014-03-11,-0.00733571969880481,0.0,-0.00733571969880481,1.0,2,2.3716141723448896,2.3142578425420495
2014-03-12,0.00345270355834032,0.0,0.00345270355834032,1.0,2,2.379802653036755,2.322248288829911
2014-03-13,-0.012790676666017464,0.0,-0.012790676666017464,1.0,2,2.349363366772831,2.2925451618292754
2014-03-14,-0.0013150104906715643,0.0,-0.0013150104906715643,1.0,2,2.3462739292991253,2.2895304408911312
2014-03-17,0.006606656155589474,0.0,0.006606656155589474,1.0,2,2.3617749543968287,2.3046565812718542
2014-03-18,0.013305837670993026,0.0,0.013305837670993026,1.0,2,2.3932003485554496,2.335321967629643
2014-03-19,-0.005963699074599815,0.0,-0.005963699074599815,1.0,2,2.3789280218514377,2.3213948101723973
2014-03-20,0.0020737376757952175,0.0,0.0020737376757952175,1.0,2,2.3838612945183564,2.3262087740506474
2014-03-21,-0.008251717881715193,0.0,-0.008251717881715193,1.0,2,2.3641903436468503,2.307013555513211
2014-03-24,-0.010021722845239,0.0,-0.010021722845239,1.0,2,2.340497083269431,2.283893305059648
2014-03-25,0.0015482462203587066,0.0,0.0015482462203587066,1.0,2,2.3441207490323634,2.287429334236909
2014-03-26,-0.01589936578643425,0.0,-0.01589936578643425,1.0,2,2.3068507157959277,2.251060658541257
2014-03-27,-0.004071031581607765,0.0,-0.004071031581607765,1.0,2,2.297459453677868,2.241896519508221
2014-03-28,0.0005000567933378108,0.0,0.0005000567933378108,1.0,2,2.2986083138850977,2.2430175950927613
2014-03-31,0.01249517867274147,0.0,0.01249517867274147,1.0,2,2.327329835465741,2.2710445007095483
2014-04-01,0.015314258202449249,0.0,0.015314258202449249,1.0,2,2.362971165488327,2.305823862582667
2014-04-02,0.003539370190864477,0.0,0.003539370190864477,1.0,2,2.371334595193329,2.313985026827276
2014-04-03,-0.009032305794563433,0.0,-0.009032305794563433,1.0,2,2.3499159759883157,2.293084406460931
2014-04-04,-0.02465507593163374,0.0,-0.02465507593163374,1.0,2,2.291978619167365,2.2365482363019913
2014-04-07,-0.012073748389951455,0.0,-0.012073748389951455,1.0,2,2.2643058460043894,2.2095447156348915
2014-04-08,0.0081138252685099,0.0,0.0081138252685099,1.0,2,2.282678027993334,2.2274725753805122
2014-04-09,0.015744896863681412,0.0,0.015744896863681412,1.0,2,2.3186185581170804,2.262543901346557
2014-04-10,-0.029766377334542626,0.0,-0.029766377334542626,1.0,2,2.249601683221294,2.195196165843107
2014-04-11,-0.012774238090188905,0.0,-0.012774238090188905,1.0,2,2.2208647357117353,2.1671542073659573
2014-04-14,0.005369791945711966,0.0,0.005369791945711966,1.0,2,2.232790317282076,2.178791374573787
2014-04-15,0.0035926588706637896,0.0,0.0035926588706637896,1.0,2,2.240811971221792,2.1866190287329754
2014-04-16,0.01205273571559018,0.0,0.01205273571559018,1.0,2,2.267819885699259,2.2129737699969745
2014-04-17,0.002629559208132126,0.0,0.002629559208132126,1.0,2,2.2737832523620845,2.2187929155512247
2014-04-21,0.006050507217764234,0.0,0.006050507217764234,1.0,2,2.287540794342133,2.232217738101492
2014-04-22,0.009114747027008208,0.0,0.009114747027008208,1.0,2,2.3083911499965226,2.252563838093487
2014-04-23,-0.007542509693351351,0.0,-0.007542509693351351,1.0,2,2.2909800873716275,2.235573853509774
2014-04-24,0.003592247848520247,0.0,0.003592247848520247,1.0,2,2.299209855661491,2.2436045888752525
2014-04-25,-0.016850520092594246,0.0,-0.016850520092594246,1.0,2,2.2604669737915764,2.2057986846705733
2014-04-28,-0.0012671173319722118,0.0,-0.0012671173319722118,1.0,2,2.2576026969107343,2.2030036789263856
2014-04-29,0.005247349430649972,0.0,0.005247349430649972,1.0,2,2.2694491271370025,2.21456360902672
2014-04-30,0.004678297277185606,0.0,0.004678297277185606,1.0,2,2.280066284809199,2.224923995928984
2014-05-01,0.0007517228203183235,0.0005,0.0002517228203183235,1.0,2,2.2817802626673287,2.225484060072233
2014-05-02,-0.0016208524652827072,0.0,-0.0016208524652827072,1.0,2,2.278081833503351,2.221876878747018
2014-05-05,0.003636409183498057,0.0,0.003636409183498057,1.0,2,2.2863658712034622,2.229956532233495
2014-05-06,-0.010849570231868888,0.0,-0.010849570231868888,1.0,2,2.261559784108092,2.2057624622230128
2014-05-07,0.0015060145022098848,0.0,0.0015060145022098848,1.0,2,2.2649657259405735,2.2090843724795506
2014-05-08,-0.0009896974900860944,0.0,-0.0009896974900860944,1.0,2,2.262724095046479,2.206898047220719
2014-05-09,0.0025970267845328854,0.0,0.0025970267845328854,1.0,2,2.268600450127323,2.2126294205600847
2014-05-12,0.013062769687907427,0.0,0.013062769687907427,1.0,2,2.2982346553212194,2.241532489085549
2014-05-13,0.0007880109361481646,0.0,0.0007880109361481646,1.0,2,2.3000456893634476,2.2432988412006796
2014-05-14,-0.004979002824370082,0.0,-0.004979002824370082,1.0,2,2.2885937553799267,2.232129449934435
2014-05-15,-0.008326035217795236,0.0,-0.008326035217795236,1.0,2,2.2695388431734074,2.213544661523603
2014-05-16,0.005001130352744743,0.0,0.005001130352744743,1.0,2,2.280889102768735,2.2246148869175046
2014-05-19,0.005332032163122391,0.0,0.005332032163122391,1.0,2,2.2930508768252134,2.2364766050451097
2014-05-20,-0.004966213043271717,0.0,-0.004966213043271717,1.0,2,2.281663097651838,2.2253697857581627
2014-05-21,0.008970018654454903,0.0,0.008970018654454903,1.0,2,2.3021296582009567,2.245331394249474
2014-05-22,0.0034088376222197736,0.0,0.0034088376222197736,1.0,2,2.3099772443910602,2.2529853643805433
2014-05-23,0.00564203852368339,0.0,0.00564203852368339,1.0,2,2.3230102249927462,2.265696794599673
2014-05-27,0.00928178477663466,0.0,0.00928178477663466,1.0,2,2.3445719059350507,2.286726504616258
2014-05-28,-0.0019046284799859037,0.0,-0.0019046284799859037,1.0,2,2.3401063675096316,2.282371140189627
2014-05-29,0.0057747652552035955,0.0,0.0057747652552035955,1.0,2,2.353619932454207,2.295551297749473
2014-05-30,0.0008618961239920675,0.0,0.0008618961239920675,1.0,2,2.3556485083513397,2.2975298245154288
2014-06-02,7.919289916968886e-05,0.0,7.919289916968886e-05,1.0,2,2.3558350589861408,2.297711772563161
2014-06-03,-0.0004711688013657178,0.0,-0.0004711688013657178,1.0,2,2.354725063005183,2.296629162461399
2014-06-04,0.0028870439685044214,0.0,0.0028870439685044214,1.0,2,2.3615232577958185,2.3032596318327743
2014-06-05,0.007461342927575276,0.0,0.007461342927575276,1.0,2,2.379143392653678,2.3204450417971194
2014-06-06,0.005255842223897966,0.0,0.005255842223897966,1.0,2,2.391647794953495,2.3326409348260313
2014-06-09,0.000135202525008149,0.0,0.000135202525008149,1.0,2,2.3919711517743028,2.332956313770357
2014-06-10,0.0009155559019723425,0.0,0.0009155559019723425,1.0,2,2.3941611350796577,2.3350922656924733
2014-06-11,-0.0018399376580094384,0.0,-0.0018399376580094384,1.0,2,2.389756027847882,2.330795841497899
2014-06-12,-0.008072409134666225,0.0,-0.008072409134666225,1.0,2,2.370464939459059,2.3119807038559492
2014-06-13,0.0029929294341722867,0.0,0.0029929294341722867,1.0,2,2.377559573749039,2.3189002989557577
2014-06-16,0.0008487577010905523,0.0,0.0008487577010905523,1.0,2,2.3795775457470603,2.3208684834425575
2014-06-17,0.001663783785598727,0.0,0.001663783785598727,1.0,2,2.3835366482842493,2.3247299067938165
2014-06-18,0.006479747492910304,0.0,0.006479747492910304,1.0,2,2.398981363905229,2.3397935695790575
2014-06-19,0.0002394081004256643,0.0,0.0002394081004256643,1.0,2,2.399555699476518,2.3403537351129384
2014-06-20,0.0016035704944329376,0.0,0.0016035704944329376,1.0,2,2.4034035561959466,2.3441066573091014
2014-06-23,-4.505484279837546e-05,0.0,-4.505484279837546e-05,1.0,2,2.403295271226541,2.344001043952154
2014-06-24,-0.0035010395281301343,0.0,-0.0035010395281301343,1.0,2,2.394881239484209,2.3357946036432993
2014-06-25,0.005459259617563272,0.0,0.005459259617563272,1.0,2,2.4079555179237855,2.3485463127978914
2014-06-26,-8.985453466453519e-05,0.0,-8.985453466453519e-05,1.0,2,2.4077391522012292,2.348335285261817
2014-06-27,0.003177067982096715,0.0,0.003177067982096715,1.0,2,2.4153887031709287,2.3557961061078503
2014-06-30,0.0005982500361937926,0.0,0.0005982500361937926,1.0,2,2.4168337095500227,2.3572054612135944
2014-07-01,0.008812508956744014,0.0,0.008812508956744014,1.0,2,2.4381320782623934,2.3779783554534255
2014-07-02,0.0013495761698217867,0.0,0.0013495761698217867,1.0,2,2.4414225232140945,2.3811876183742977
2014-07-03,0.005605538217946515,0.0,0.005605538217946515,1.0,2,2.4551080104741265,2.394535456573196
2014-07-07,-0.0032582119631765494,0.0,-0.0032582119631765494,1.0,2,2.447108748183509,2.386733552502339
2014-07-08,-0.00925530128453117,0.0,-0.00925530128453117,1.0,2,2.424460019443059,2.3646436143880307
2014-07-09,0.00594640716466488,0.0,0.00594640716466488,1.0,2,2.4388768458731187,2.3787047481185066
2014-07-10,-0.003467466678315545,0.0,-0.003467466678315545,1.0,2,2.4304201216775385,2.3704566686668547
2014-07-11,0.0039049966524936086,0.0,0.0039049966524936086,1.0,2,2.439910904116842,2.3797132940228796
2014-07-14,0.005506218144976038,0.0,0.005506218144976038,1.0,2,2.4533455858092155,2.392816514542269
2014-07-15,-0.0026531658118727486,0.0,-0.0026531658118727486,1.0,2,2.4468364531762377,2.3864679755718012
2014-07-16,0.003853424313845555,0.0,0.003853424313845555,1.0,2,2.4562651522569103,2.3956640492930834
2014-07-17,-0.012332383846908712,0.0,-0.012332383846908712,1.0,2,2.4259735475694924,2.3661198006689617
2014-07-18,0.012997075892625998,0.0,0.012997075892625998,1.0,2,2.4575041098807557,2.396872439289301
2014-07-21,-0.0015567959996871106,0.0,-0.0015567959996871106,1.0,2,2.4536782773132786,2.393140997864055
2014-07-22,0.005350333089770731,0.0,0.005350333089770731,1.0,2,2.4668062733920397,2.4059450993334144
2014-07-23,0.004313239383834544,0.0,0.004313239383834544,1.0,2,2.4774461993627246,2.4163225164912028
2014-07-24,-0.000537605099480587,0.0,-0.000537605099480587,1.0,2,2.4761143116522586,2.4150234891843474
2014-07-25,-0.004296199317571414,0.0,-0.004296199317571414,1.0,2,2.4654764310363095,2.404648066918195
2014-07-28,0.0003573910521578183,0.0,0.0003573910521578183,1.0,2,2.466357570252068,2.4055074666209
2014-07-29,-0.0030170762013803643,0.0,-0.0030170762013803643,1.0,2,2.458916381522766,2.3982498672911157
2014-07-30,0.002053937010272011,0.0,0.002053937010272011,1.0,2,2.4639668408839404,2.403175721453425
2014-07-31,-0.020073898685840197,0.0,-0.020073898685840197,1.0,2,2.414505420154766,2.354934615496698
2014-08-01,-0.0033717055305124144,0.0,-0.0033717055305124144,1.0,2,2.406364418876178,2.3469944694296325
2014-08-04,0.007033264756337698,0.0,0.007033264756337698,1.0,2,2.4232890169343646,2.363501502914791
2014-08-05,-0.008695932001973827,0.0,-0.008695932001973827,1.0,2,2.4022162604219734,2.342948654558881
2014-08-06,-0.00018483676554581496,0.0,-0.00018483676554581496,1.0,2,2.4017722425382555,2.3425155915077327
2014-08-07,-0.004253862494923932,0.0,-0.004253862494923932,1.0,2,2.3915554336743727,2.332550852289243
2014-08-08,0.009378045864299689,0.0,0.009378045864299689,1.0,2,2.4139835502183864,2.3544256211628234
2014-08-11,0.004397147534050128,0.0,0.004397147534050128,1.0,2,2.4245981920334665,2.3647783779770237
2014-08-12,-0.0009057824266851533,0.0,-0.0009057824266851533,1.0,2,2.42240203359935,2.362636403279247
2014-08-13,0.008657852915694653,0.0,0.008657852915694653,1.0,2,2.4433748341089325,2.383091761752105
2014-08-14,0.004948504894869976,0.0,0.004948504894869976,1.0,2,2.455465886435523,2.3948845030000596
2014-08-15,0.002332079059392478,0.0,0.002332079059392478,1.0,2,2.4611922270103315,2.4004695629991692
2014-08-18,0.0080254976452111,0.0,0.0080254976452111,1.0,2,2.480944519432615,2.41973452582442
2014-08-19,0.005403862943114679,0.0,0.005403862943114679,1.0,2,2.4943512035851003,2.4328104395606975
2014-08-20,0.0013387092581501614,0.0,0.0013387092581501614,1.0,2,2.4976904146344174,2.4360672654194615
2014-08-21,0.0024700103522365957,0.0,0.0024700103522365957,1.0,2,2.5038597358152463,2.442084376783792
2014-08-22,-1.9235527622007975e-05,0.0,-1.9235527622007975e-05,1.0,2,2.503811572752136,2.442037402002307
2014-08-25,0.004304118152990921,0.0,0.004304118152990921,1.0,2,2.514588273594087,2.4525482195145476
2014-08-26,0.0008282437104277229,0.0,0.0008282437104277229,1.0,2,2.5166709655160067,2.454579527151881
2014-08-27,-9.905509201307838e-05,0.0,-9.905509201307838e-05,1.0,2,2.516421676441951,2.4543363885509657
2014-08-28,-0.0008187394019868455,0.0,-0.0008187394019868455,1.0,2,2.5143613828634344,2.452326926643929
2014-08-29,0.0032823279603100275,0.0,0.0032823279603100275,1.0,2,2.522614341532731,2.4603762678830736
2014-09-02,0.0012045468612321697,0.0,0.0012045468612321697,1.0,2,2.5256529487199235,2.4633399063940025
2014-09-03,-0.003202156018994984,0.0,-0.003202156018994984,1.0,2,2.5175654139282875,2.4554519076859123
2014-09-04,-0.00116903260335538,0.0,-0.00116903260335538,1.0,2,2.5146222978783257,2.4525814043498566
2014-09-05,0.004760788641315905,0.0,0.004760788641315905,1.0,2,2.5265938831512647,2.464257626041588
2014-09-08,-0.0003428438989928062,0.0,-0.0003428438989928062,1.0,2,2.525727655853194,2.463412770348953
2014-09-09,-0.007314326552497197,0.0,-0.007314326552497197,1.0,2,2.5072536589956105,2.445394564913029
2014-09-10,0.006006943405947873,0.0,0.006006943405947873,1.0,2,2.5223145898295525,2.460083911669674
2014-09-11,0.00019277327043232262,0.0,0.00019277327043232262,1.0,2,2.522800824662093,2.4605581500908644
2014-09-12,-0.005475173701363134,0.0,-0.005475173701363134,1.0,2,2.508988051933126,2.447086166816812
2014-09-15,-0.005195697016978418,0.0,-0.005195697016978418,1.0,2,2.4959521101960624,2.434371848519593
2014-09-16,0.0081659552636133,0.0,0.0081659552636133,1.0,2,2.5163339434680445,2.4542508201296034
2014-09-17,0.0014285179247697233,0.0,0.0014285179247697233,1.0,2,2.519928571610995,2.457756761418039
2014-09-18,0.006422354317795809,0.0,0.006422354317795809,1.0,2,2.536112445753418,2.4735413461668236
2014-09-19,-0.0007439054690255853,0.0,-0.0007439054690255853,1.0,2,2.534225817834958,2.471701265231549
2014-09-22,-0.008525941923359315,0.0,-0.008525941923359315,1.0,2,2.5126191556914197,2.450627683792291
2014-09-23,-0.004226237844772829,0.0,-0.004226237844772829,1.0,2,2.5020002295261357,2.4402707483316
2014-09-24,0.009273758934544851,0.0,0.009273758934544851,1.0,2,2.525203176508937,2.462901230986649
2014-09-25,-0.018630839452777104,0.0,-0.018630839452777104,1.0,2,2.4781565215417563,2.4170153135640895
2014-09-26,0.009275258793026708,0.0,0.009275258793026708,1.0,2,2.501142064608683,2.439433756104105
2014-09-29,-0.0014951584924263184,0.0,-0.0014951584924263184,1.0,2,2.4974024608100187,2.4357864160069544
2014-09-30,-0.0006034281625981741,0.0,-0.0006034281625981741,1.0,2,2.495895457831824,2.4343165938854616
2014-10-01,-0.014801290172628045,0.0,-0.014801290172628045,1.0,2,2.458952984919911,2.3982855676073194
2014-10-02,7.785433007129194e-05,0.0,7.785433007129194e-05,1.0,2,2.4591444250572287,2.398472284523505
2014-10-03,0.010416477826160064,0.0,0.010416477826160064,1.0,2,2.484760048432163,2.423455917891904
2014-10-06,-0.0016354059974972301,0.0,-0.0016354059974972301,1.0,2,2.4806964569466152,2.4194925835491135
2014-10-07,-0.0148614997284372,0.0,-0.0148614997284372,1.0,2,2.443829587225368,2.3835352951757427
2014-10-08,0.018468516607097918,0.0,0.018468516607097918,1.0,2,2.4889634945419568,2.4275556563583
2014-10-09,-0.01801576505487018,0.0,-0.01801576505487018,1.0,2,2.44412291299414,2.3838213839957274
2014-10-10,-0.018257754803787773,0.0,-0.018257754803787773,1.0,2,2.3994987161383734,2.3402981576707074
2014-10-13,-0.016065192953225893,0.0,-0.016065192953225893,1.0,2,2.360950306272593,2.3027008161996485
2014-10-14,0.0008571332407661392,0.0,0.0008571332407661392,1.0,2,2.362973955259896,2.3046745376127524
2014-10-15,-0.006497769486527194,0.0,-0.006497769486527194,1.0,2,2.3476198951959497,2.289699293725876
2014-10-16,-0.003250256631013304,0.0,-0.003250256631013304,1.0,2,2.3399895280644905,2.2822571834134173
2014-10-17,0.012495133151363857,0.0,0.012495133151363857,1.0,2,2.3692280087904534,2.3107742908058246
2014-10-20,0.012339028283741005,0.0,0.012339028283741005,1.0,2,2.3984619802015503,2.339287000137419
2014-10-21,0.022912308982833474,0.0,0.022912308982833474,1.0,2,2.453416282175507,2.392885466684093
2014-10-22,-0.006115805804378316,0.0,-0.006115805804378316,1.0,2,2.4384116646364213,2.3782510438577336
2014-10-23,0.013302774228154846,0.0,0.013302774228154846,1.0,2,2.470849304486379,2.409888380552047
2014-10-24,0.007925254493645228,0.0,0.007925254493645228,1.0,2,2.4904314140398798,2.4289873592692004
2014-10-27,-0.00032564813933472214,0.0,-0.00032564813933472214,1.0,2,2.4896204096837566,2.4281963640551867
2014-10-28,0.01324606070423584,0.0,0.01324606070423584,1.0,2,2.5225980727609323,2.460360400495267
2014-10-29,-0.00260247927682572,0.0,-0.00260247927682572,1.0,2,2.516033063552811,2.453957363539455
2014-10-30,0.004284302174835941,0.0,0.004284302174835941,1.0,2,2.5268125094789498,2.464470858409022
2014-10-31,0.01264305462846771,0.0,0.01264305462846771,1.0,2,2.5587591380721877,2.495629298102154
2014-11-03,0.0017510186916069315,0.0,0.0017510186916069315,1.0,2,2.5632395731502724,2.499999191650453
2014-11-04,-0.003407478623253024,0.0,-0.003407478623253024,1.0,2,2.5545053890984866,2.4914804978467546
2014-11-05,0.003232416498244406,0.0,0.003232416498244406,1.0,2,2.562762614463063,2.499534000513049
2014-11-06,0.0035798939390628837,0.0,0.0035798939390628837,1.0,2,2.5719370328138362,2.5084820671319674
2014-11-07,2.7173231968435907e-05,0.0,2.7173231968435907e-05,1.0,2,2.5720069206554372,2.5085502306970664
2014-11-10,0.003344423179524436,0.0,0.003344423179524436,1.0,2,2.580608800218775,2.516939884235611
2014-11-11,0.002058886239459712,0.0,0.002058886239459712,1.0,2,2.585921980166974,2.522121977128811
2014-11-12,0.0003590426910042299,0.0,0.0003590426910042299,1.0,2,2.5868504365534606,2.5230275265905204
2014-11-13,0.002708635471075249,0.0,0.002708635471075249,1.0,2,2.593857271404276,2.529861488443543
2014-11-14,0.0016780722556212768,0.0,0.0016780722556212768,1.0,2,2.598209951326461,2.534106778817865
2014-11-17,-0.0011817481999319424,0.0,-0.0011817481999319424,1.0,2,2.5951395213934356,2.5311121026935615
2014-11-18,0.006624296010787956,0.0,0.006624296010787956,1.0,2,2.61233049377244,2.5478789384982914
2014-11-19,-0.003071594047293791,0.0,-0.003071594047293791,1.0,2,2.604306474978204,2.540052888717575
2014-11-20,0.003139434298604249,0.0,0.003139434298604249,1.0,2,2.6124825240498275,2.5480272178766836
2014-11-21,0.003693681413119987,0.0,0.003693681413119987,1.0,2,2.6221322021910107,2.5574388186514785
2014-11-24,0.005294843295536311,0.0,0.005294843295536311,1.0,2,2.6360159813017914,2.570980056434159
2014-11-25,0.00040361481217920936,0.0,0.00040361481217920936,1.0,2,2.6370799163969862,2.5720177420667536
2014-11-26,0.004519541393824045,0.0,0.004519541393824045,1.0,2,2.6489983082379647,2.5836420827176743
2014-11-28,0.001258900637707172,0.0,0.001258900637707172,1.0,2,2.6523331338974905,2.586894631383214
2014-12-01,-0.009152516075064732,0.0,-0.009152516075064732,1.0,2,2.628057612253067,2.563218036684981
2014-12-02,0.005233327143544297,0.0,0.005233327143544297,1.0,2,2.641811097490069,2.576632195211187
2014-12-03,0.002832611787798367,0.0,0.002832611787798367,1.0,2,2.649294322745956,2.583930793940163
2014-12-04,-0.0007894387106828771,0.0,-0.0007894387106828771,1.0,2,2.647202867251588,2.581890938945701
2014-12-05,0.000866924821777304,0.0,0.000866924821777304,1.0,2,2.649497793125488,2.584129244287795
2014-12-08,-0.006910904816047059,0.0,-0.006910904816047059,1.0,2,2.631187366066871,2.566270573048158
2014-12-09,0.0013812672792342662,0.0,0.0013812672792342662,1.0,2,2.6348217390811537,2.569815278620371
2014-12-10,-0.01590632943971848,0.0,-0.01590632943971848,1.0,2,2.592911396484397,2.5289389501994135
2014-12-11,0.004900882594163658,0.0,0.004900882594163658,1.0,2,2.6056189508156358,2.5413329830821483
2014-12-12,-0.013563054424196586,0.0,-0.013563054424196586,1.0,2,2.570278799177005,2.5068647455225994
2014-12-15,-0.008523944798753402,0.0,-0.008523944798753402,1.0,2,2.548369884575414,2.485496368813824
2014-12-16,-0.01206933235246127,0.0,-0.01206933235246127,1.0,2,2.51761276148147,2.4554980870777743
2014-12-17,0.018875440870192883,0.0,0.018875440870192883,1.0,2,2.565133812294856,2.5018466960272825
2014-12-18,0.024256100399691616,0.0,0.024256100399691616,1.0,2,2.627353955584524,2.5625317406707566
2014-12-19,0.004324992051773946,0.0,0.004324992051773946,1.0,2,2.638717240559624,2.5736146700815765
2014-12-22,0.0035476932624398105,0.0,0.0035476932624398105,1.0,2,2.6480785999354413,2.5827450655067414
2014-12-23,-0.0010780072677839536,0.0,-0.0010780072677839536,1.0,2,2.6452239519590477,2.579960847555292
2014-12-24,0.00048112808952244235,0.0,0.00048112808952244235,1.0,2,2.646496643505413,2.5812021391889193
2014-12-26,0.005152886904320142,0.0,0.005152886904320142,1.0,2,2.660133741402059,2.5945027818893487
2014-12-29,0.000577862116714567,0.0,0.000577862116714567,1.0,2,2.661670931916609,2.596002046758713
2014-12-30,-0.006024590856291201,0.0,-0.006024590856291201,1.0,2,2.6456354535577282,2.580362196564897
2014-12-31,-0.010068499872032455,0.0,-0.010068499872032455,1.0,2,2.618997873332138,2.554381820118986
2015-01-02,-0.0017399273133141824,0.0,-0.0017399273133141824,1.0,2,2.6144410073988156,2.5499373814215276
2015-01-05,-0.01642355176104321,0.0,-0.01642355176104321,1.0,2,2.5715026001876073,2.508058352850332
2015-01-06,-0.011392100655140458,0.0,-0.011392100655140458,1.0,2,2.5422077837313144,2.4794862996456954
2015-01-07,0.012637556835637609,0.0,0.012637556835637609,1.0,2,2.5743350790862194,2.5108209486806525
2015-01-08,0.018358843976973183,0.0,0.018358843976973183,1.0,2,2.6215968951476123,2.5569167187315966
2015-01-09,-0.007270688300783923,0.0,-0.007270688300783923,1.0,2,2.602536081272691,2.538326174258636
2015-01-12,-0.009114965694933419,0.0,-0.009114965694933419,1.0,2,2.578814054172064,2.515189418257717
2015-01-13,-0.0014692833902834601,0.0,-0.0014692833902834601,1.0,2,2.57502504551564,2.511493892222054
2015-01-14,-0.005717216394858504,0.0,-0.005717216394858504,1.0,2,2.5603030701082465,2.4971351381658553
2015-01-15,-0.011002394205189892,0.0,-0.011002394205189892,1.0,2,2.5321336064461577,2.469660672992123
2015-01-16,0.0124453321251084,0.0,0.0124453321251084,1.0,2,2.5636468501635283,2.5003964203038285
2015-01-20,0.005031268875342998,0.0,0.005031268875342998,1.0,2,2.5765452467681276,2.5129765869893226
2015-01-21,0.0051052985527384465,0.0,0.0051052985527384465,1.0,2,2.589699279487518,2.5258060827219446
2015-01-22,0.016635857582830038,0.0,0.016635857582830038,1.0,2,2.63278114788343,2.5678250329959527
2015-01-23,-0.0016388460858771658,0.0,-0.0016388460858771658,1.0,2,2.62846642480425,2.5636167629914097
2015-01-26,0.0005978013585014041,0.0,0.0005978013585014041,1.0,2,2.630037725603773,2.5651492965750027
2015-01-27,-0.0196468589409432,0.0,-0.0196468589409432,1.0,2,2.5783657453994766,2.514752170182734
2015-01-28,-0.008737999526354012,0.0,-0.008737999526354012,1.0,2,2.5558359867374087,2.492778266910779
2015-01-29,0.009426850030878675,0.0,0.009426850030878675,1.0,2,2.5799294692879053,2.516277313793181
2015-01-30,-0.010186834979144577,0.0,-0.010186834979144577,1.0,2,2.5536481535264377,2.4906444120358047
2015-02-02,0.010522924245524812,0.0,0.010522924245524812,1.0,2,2.580519999595721,2.5168532745061976
2015-02-03,0.012000088890105287,0.0,0.012000088890105287,1.0,2,2.611486468973564,2.5470557375236247
2015-02-04,-0.002332695705606569,0.0,-0.002332695705606569,1.0,2,2.60539466570214,2.5411142315427626
2015-02-05,0.009353393894238504,0.0,0.009353393894238504,1.0,2,2.6297639482604,2.564882273880637
2015-02-06,-0.00440733089994555,0.0,-0.00440733089994555,1.0,2,2.6181737083516694,2.5535779889802406
2015-02-09,-0.0038376669549988196,0.0,-0.0038376669549988196,1.0,2,2.6081260296286812,2.5437782071149186
2015-02-10,0.013067337530634826,0.0,0.013067337530634826,1.0,2,2.6422072927802738,2.5770186155503625
2015-02-11,0.0021091832120290754,0.0,0.0021091832120290754,1.0,2,2.6477801920449067,2.5824540199513675
2015-02-12,0.01060201367727398,0.0,0.01060201367727398,1.0,2,2.6758519938553817,2.609833232791823
2015-02-13,0.006341360627884041,0.0,0.006341360627884041,1.0,2,2.692820536335261,2.6263831264995923
2015-02-17,0.0012573686911535042,0.0,0.0012573686911535042,1.0,2,2.6962064045685437,2.6296854584138267
2015-02-18,0.0007524400241139539,0.0,0.0007524400241139539,1.0,2,2.698235138180613,2.6316641390035675
2015-02-19,0.0021224600203382793,0.0,0.0021224600203382793,1.0,2,2.703962034386873,2.6372497409255606
2015-02-20,0.0063555958767596565,0.0,0.0063555958767596565,1.0,2,2.7211473243435367,2.6540110345049723
2015-02-23,0.00043753329527967955,0.0,0.00043753329527967955,1.0,2,2.7223379168992983,2.655172252698608
2015-02-24,0.0017912937969878917,0.0,0.0017912937969878917,1.0,2,2.727214423923145,2.659928446284802
2015-02-25,-0.0016687531925412835,0.0,-0.0016687531925412835,1.0,2,2.7226633761464787,2.655489682198133
2015-02-26,0.001945596078600953,0.0,0.001945596078600953,1.0,2,2.72796057933446,2.660656192510583
2015-02-27,-0.003908922426369754,0.0,-0.003908922426369754,1.0,2,2.7172971930476466,2.6502558938508187
2015-03-02,0.007668340669258811,0.0,0.007668340669258811,1.0,2,2.7381343536235567,2.670578958905578
2015-03-03,-0.004387631969897887,0.0,-0.004387631969897887,1.0,2,2.7261204277957223,2.658861441287347
2015-03-04,-0.004039042536399806,0.0,-0.004039042536399806,1.0,2,2.7151095114285067,2.648122186827594
2015-03-05,0.0014248044732246834,0.0,0.0014248044732246834,1.0,2,2.7189780116056848,2.6518952431650313
2015-03-06,-0.012722326036098464,0.0,-0.012722326036098464,1.0,2,2.6843862868570545,2.618156967267907
2015-03-09,0.003512696119312486,0.0,0.003512696119312486,1.0,2,2.693815720149633,2.6273537570865804
2015-03-10,-0.01746850631466451,0.0,-0.01746850631466451,1.0,2,2.646758783231657,2.581457811390056
2015-03-11,-0.004047343173483264,0.0,-0.004047343173483264,1.0,2,2.6360464421384875,2.571009765739491
2015-03-12,0.009625462170903987,0.0,0.009625462170903987,1.0,2,2.6614196074480376,2.5957569229806414
2015-03-13,-0.00524536894132982,0.0,-0.00524536894132982,1.0,2,2.6474594796992834,2.5821412202375966
2015-03-16,0.013099125906634534,0.0,0.013099125906634534,1.0,2,2.682138884756577,2.6159650131901997
2015-03-17,-0.0006808405720998278,0.0,-0.0006808405720998278,1.0,2,2.680312775783828,2.614183958074026
2015-03-18,0.010960493977634433,0.0,0.010960493977634433,1.0,2,2.7096903278209834,2.642836705602925
2015-03-19,-0.0015421996427131823,0.0,-0.0015421996427131823,1.0,2,2.7055114443655546,2.638760923779795
2015-03-20,0.007648220068822598,0.0,0.007648220068822598,1.0,2,2.7262037912907804,2.6589427480338723
2015-03-23,-0.001942197297995274,0.0,-0.001942197297995274,1.0,2,2.720908965653551,2.653778556613117
2015-03-24,-0.004611823420848815,0.0,-0.004611823420848815,1.0,2,2.7083606139597527,2.641539798511982
2015-03-25,-0.018740670533437087,0.0,-0.018740670533437087,1.0,2,2.657604120007796,2.5920355714471075
2015-03-26,-0.0028744447659446726,0.0,-0.0028744447659446726,1.0,2,2.6499649837550865,2.584584908365619
2015-03-27,0.003144165346212646,0.0,0.003144165346212646,1.0,2,2.658296911825686,2.5927112706688464
2015-03-30,0.011798758109711538,0.0,0.011798758109711538,1.0,2,2.6896615140721107,2.623302043799791
2015-03-31,-0.009683758946685883,0.0,-0.009683758946685883,1.0,2,2.6636154803216585,2.597898619163286
2015-04-01,-0.0019365564394634993,0.0005,-0.0024365564394634993,1.0,2,2.658457238610987,2.59156869255369
2015-04-02,0.0012582072254335719,0.0,0.0012582072254335719,1.0,2,2.6618021287171136,2.594829423007869
2015-04-06,0.006369436980730725,0.0,0.006369436980730725,1.0,2,2.678756309631152,2.6113570254934637
2015-04-07,-0.00404856997928299,0.0,-0.00404856997928299,1.0,2,2.667911177254165,2.600784763834861
2015-04-08,0.008269755179875438,0.0,0.008269755179875438,1.0,2,2.68997414953171,2.6222926171073255
2015-04-09,0.001348402052030906,0.0,0.001348402052030906,1.0,2,2.6936013161948487,2.6258285218532587
2015-04-10,0.00444818588975221,0.0,0.00444818588975221,1.0,2,2.7055829555621647,2.6375086952330755
2015-04-13,-0.0009332422751813785,0.0,-0.0009332422751813785,1.0,2,2.703057991169024,2.6350472606175255
2015-04-14,-0.001562315050182006,0.0,-0.001562315050182006,1.0,2,2.698834962987906,2.630930486624322
2015-04-15,0.0066162698693637,0.0,0.0066162698693637,1.0,2,2.716691183435908,2.6483374327313647
2015-04-16,-0.0009702373835164813,0.0,-0.0009702373835164813,1.0,2,2.7140553480902687,2.6457679167499624
2015-04-17,-0.015963152731662933,0.0,-0.015963152731662933,1.0,2,2.6707304680465174,2.603533119402349
2015-04-20,0.01236477062898933,0.0,0.01236477062898933,1.0,2,2.7037534376957657,2.635725209248736
2015-04-21,0.0016314006323958075,0.0,0.0016314006323958075,1.0,2,2.708164342763865,2.640025133021926
2015-04-22,0.0034831711896022854,0.0,0.0034831711896022854,1.0,2,2.7175973427792877,2.6492207925050937
2015-04-23,0.004171994118998379,0.0,0.004171994118998379,1.0,2,2.7289351429111686,2.660273326071353
2015-04-24,0.005107202004021094,0.0,0.005107202004021094,1.0,2,2.742872365941888,2.6738598793335084
2015-04-27,-0.0067579596681504595,0.0,-0.0067579596681504595,1.0,2,2.7243361451179684,2.655790042110687
2015-04-28,0.0017738439832550856,0.0,0.0017738439832550856,1.0,2,2.72916869239735,2.660500999297674
2015-04-29,-0.008585205811865837,0.0,-0.008585205811865837,1.0,2,2.705738217477818,2.6376600506560286
2015-04-30,-0.018520549538819153,0.0,-0.018520549538819153,1.0,2,2.655626458781944,2.5888091370212893
2015-05-01,0.009832920479376117,0.0,0.009832920479376117,1.0,2,2.681739022574074,2.614264691401902
2015-05-04,0.002630186712228366,0.0,0.002630186712228366,1.0,2,2.6887924969169124,2.6211406956554746
2015-05-05,-0.01454725147183522,0.0,-0.01454725147183522,1.0,2,2.649677956308678,2.5830103028127134
2015-05-06,-0.0016998021774532468,0.0,-0.0016998021774532468,1.0,2,2.6451740279489946,2.578619696275608
2015-05-07,0.004898998203697935,0.0,0.004898998203697935,1.0,2,2.6581327307603853,2.5912523495356825
2015-05-08,0.009979580103974706,0.0,0.009979580103974706,1.0,2,2.6846597792740052,2.6171119599274864
2015-05-11,-0.0016449442988426544,0.0,-0.0016449442988426544,1.0,2,2.6802436634757565,2.6128069565295706
2015-05-12,-0.003153489360338435,0.0,-0.003153489360338435,1.0,2,2.671791543599871,2.6045674975915363
2015-05-13,0.0010280318333471539,0.0,0.0010280318333471539,1.0,2,2.6745382303587593,2.6072450758911616
2015-05-14,0.01258113327044108,0.0,0.01258113327044108,1.0,2,2.7081869522717925,2.64004717365965
2015-05-15,-0.0005615054163625177,0.0,-0.0005615054163625177,1.0,2,2.7066662906295695,2.6385647728721873
2015-05-18,0.007869782172267581,0.0,0.007869782172267581,1.0,2,2.7279671647498436,2.65932970288211
2015-05-19,-0.001222975695933659,0.0,-0.001222975695933659,1.0,2,2.7246309272080493,2.6560774072880107
2015-05-20,0.0012397680200106898,0.0,0.0012397680200106898,1.0,2,2.728008837497934,2.6593703271162394
2015-05-21,0.002037068421137711,0.0,0.002037068421137711,1.0,2,2.733565978153386,2.6647876464297187
2015-05-22,-0.0026600157387228207,0.0,-0.0026600157387228207,1.0,2,2.7262946496286604,2.657699269349861
2015-05-26,-0.010551109574643003,0.0,-0.010551109574643003,1.0,2,2.6975292160476654,2.629657593142502
2015-05-27,0.01415967250395711,0.0,0.01415967250395711,1.0,2,2.7357253463167566,2.6668926834589444
2015-05-28,-0.0015659760872122619,0.0,-0.0015659760872122619,1.0,2,2.731441265843244,2.6627163932894864
2015-05-29,-0.005991740759533737,0.0,-0.005991740759533737,1.0,2,2.7150751778784183,2.646762086944735
2015-06-01,0.0032707906959796307,0.0,0.0032707906959796307,1.0,2,2.7239556205091087,2.6554190917531852
2015-06-02,-0.0006070748694824157,0.0,-0.0006070748694824157,1.0,2,2.722301975506312,2.653807053554638
2015-06-03,0.006473995035490454,0.0,0.006473995035490454,1.0,2,2.7399261449808456,2.6709877872445
2015-06-04,-0.008832000053647482,0.0,-0.008832000053647482,1.0,2,2.715727117121385,2.647397622964265
2015-06-05,0.0024374223493930924,0.0,0.0024374223493930924,1.0,2,2.722346491091509,2.6538504490982078
2015-06-08,-0.007394341697735063,0.0,-0.007394341697735063,1.0,2,2.7022165309167483,2.634226972062888
2015-06-09,-0.002354301412899218,0.0,-0.002354301412899218,1.0,2,2.6958546987200513,2.628025207780663
2015-06-10,0.013044866812412015,0.0,0.013044866812412015,1.0,2,2.7310217642104693,2.6623074465958227
2015-06-11,0.0020032141880898524,0.0,0.0020032141880898524,1.0,2,2.736492585756518,2.6676406186459007
2015-06-12,-0.005615958081833405,0.0,-0.005615958081833405,1.0,2,2.7211245581036616,2.6526592607541892
2015-06-15,-0.004050586020546421,0.0,-0.004050586020546421,1.0,2,2.7101024090084413,2.6419144362353055
2015-06-16,0.006279469166917018,0.0,0.006279469166917018,1.0,2,2.7271204135249976,2.658504256479278
2015-06-17,0.0006312408775210887,0.0,0.0006312408775210887,1.0,2,2.7288418834079367,2.6601824130390317
2015-06-18,0.013940935190519976,0.0,0.013940935190519976,1.0,2,2.7668844912497033,2.6972678436541697
2015-06-19,-0.002705216273356903,0.0,-0.002705216273356903,1.0,2,2.759399470297476,2.6899711507899142
2015-06-22,0.007121261854268868,0.0,0.007121261854268868,1.0,2,2.779049876485995,2.709127139735118
2015-06-23,0.0014559701200440034,0.0,0.0014559701200440034,1.0,2,2.7830960900682706,2.713071547901973
2015-06-24,-0.006805457298911133,0.0,-0.006805457298911133,1.0,2,2.7641558484685445,2.6946078553338353
2015-06-25,-0.001253613471577042,0.0,-0.001253613471577042,1.0,2,2.7606906654593657,2.6912298586257717
2015-06-26,-0.004683086456130359,0.0,-0.004683086456130359,1.0,2,2.7477621123943874,2.6786265965245075
2015-06-29,-0.024566389066543237,0.0,-0.024566389066543237,1.0,2,2.680259519279,2.6128224133902958
2015-06-30,0.004137904750469157,0.0,0.004137904750469157,1.0,2,2.6913501778763154,2.623634023666796
2015-07-01,0.005476526652204661,0.0,0.005476526652204661,1.0,2,2.7060894288558712,2.6380024253230387
2015-07-02,-0.0035466193437746485,0.0,-0.0035466193437746485,1.0,2,2.6964919597415067,2.6286464348924636
2015-07-06,-0.0012847826657444994,0.0,-0.0012847826657444994,1.0,2,2.6930275536133115,2.6252691955185425
2015-07-07,0.001818415603099366,0.0,0.001818415603099366,1.0,2,2.6979245969363785,2.6300430259860095
2015-07-08,-0.01640017494787127,0.0,-0.01640017494787127,1.0,2,2.6536781615504568,2.5869098602394103
2015-07-09,0.0016530923978699263,0.0,0.0016530923978699263,1.0,2,2.6580649367457094,2.591186261263347
2015-07-10,0.014555599198468716,0.0,0.014555599198468716,1.0,2,2.6967546646084832,2.628902529930875
2015-07-13,0.014363743986823718,0.0,0.014363743986823718,1.0,2,2.7354901582061917,2.666663412837115
2015-07-14,0.0060729465136254435,0.0,0.0060729465136254435,1.0,2,2.7521026436255265,2.6828579171131164
2015-07-15,-0.00210704443740678,0.0,-0.00210704443740678,1.0,2,2.746303841059103,2.6772050162625107
2015-07-16,0.010025545972257799,0.0,0.010025545972257799,1.0,2,2.7738370364714293,2.7040454582302096
2015-07-17,0.0051658816609212455,0.0,0.0051658816609212455,1.0,2,2.7881663503485212,2.7180142370731786
2015-07-20,-0.0009876969714445738,0.0,-0.0009876969714445738,1.0,2,2.785412486888398,2.715329662642878
2015-07-21,-0.0026656664623730952,0.0,-0.0026656664623730952,1.0,2,2.777987506238224,2.708091499426884
2015-07-22,-0.0037726029417465834,0.0,-0.0037726029417465834,1.0,2,2.7675072624000543,2.697874945469627
2015-07-23,-0.00738267471562154,0.0,-0.00738267471562154,1.0,2,2.7470756565086343,2.6779574123237997
2015-07-24,-0.01291948543800403,0.0,-0.01291948543800403,1.0,2,2.7115848525672757,2.6433595805316874
2015-07-27,-0.00830989207650712,0.0,-0.00830989207650712,1.0,2,2.6890518750861503,2.621393547698068
2015-07-28,0.008564990561212626,0.0,0.008564990561212626,1.0,2,2.712083579014874,2.6438457586913255
2015-07-29,0.003290743254385886,0.0,0.003290743254385886,1.0,2,2.721008349757848,2.6525459762873758
2015-07-30,0.0038259192470458947,0.0,0.0038259192470458947,1.0,2,2.7314187079745595,2.662694402991728
2015-07-31,0.002163208785371684,0.0,0.002163208785371684,1.0,2,2.7373273369201785,2.6684543669170395
2015-08-03,-0.0040415777591672475,0.0,-0.0040415777591672475,1.0,2,2.7262642156357213,2.6576696010963548
2015-08-04,-0.0021257492767025044,0.0,-0.0021257492767025044,1.0,2,2.720468861451234,2.65202006186411
2015-08-05,0.005005700595372753,0.0,0.005005700595372753,1.0,2,2.7340867140506933,2.6652952802667236
2015-08-06,-0.01474607174270648,0.0,-0.01474607174270648,1.0,2,2.6937696752145213,2.6259926448484134
2015-08-07,-0.0039931905536151335,0.0,-0.0039931905536151335,1.0,2,2.68301293959384,2.615506555825142
2015-08-10,0.011436558855554946,0.0,0.011436558855554946,1.0,2,2.7136973749877202,2.645418950487926
2015-08-11,-0.0107238570531063,0.0,-0.0107238570531063,1.0,2,2.6845960722529623,2.617049855817315
2015-08-12,0.0008141643687873401,0.0,0.0008141643687873401,1.0,2,2.6867817747195772,2.6191805645612614
2015-08-13,-0.0024781250215228923,0.0,-0.0024781250215228923,1.0,2,2.680123593576273,2.6126899076683356
2015-08-14,0.003997136201526197,0.0,0.003997136201526197,1.0,2,2.690836412616721,2.6231331850816386
2015-08-17,0.009469953643935991,0.0,0.009469953643935991,1.0,2,2.7163185087076163,2.647974134746232
2015-08-18,-0.00655220137080631,0.0,-0.00655220137080631,1.0,2,2.6985206428513155,2.630624074990688
2015-08-19,-0.008490467120343459,0.0,-0.008490467120343459,1.0,2,2.6756089420596183,2.6082888477759956
2015-08-20,-0.026652914120881832,0.0,-0.026652914120881832,1.0,2,2.60429616670584,2.538770349113768
2015-08-21,-0.027911696260431884,0.0,-0.027911696260431884,1.0,2,2.5316058431285393,2.467908962254314
2015-08-24,-0.03673834917589747,0.0,-0.03673834917589747,1.0,2,2.438598823687941,2.3772420610646883
2015-08-25,-0.004402068414365301,0.0,-0.004402068414365301,1.0,2,2.4278639448308756,2.3667772788743746
2015-08-26,0.03754206716223096,0.0,0.03754206716223096,1.0,2,2.5190109761084756,2.455630990435919
2015-08-27,0.021485400153183676,0.0,0.021485400153183676,1.0,2,2.573132934920428,2.5083912048939934
2015-08-28,0.0048600750069334175,0.0,0.0048600750069334175,1.0,2,2.5856385539869517,2.52058217429651
2015-08-31,-0.008035056374493699,0.0,-0.008035056374493699,1.0,2,2.5648628024416023,2.500329154429494
2015-09-01,-0.02153390438949132,0.001,-0.02253390438949132,0.0,1,2.509631292081662,2.443986976321322
2015-09-02,-0.00021889655507245642,0.0,-0.00021889655507245642,0.0,1,2.5090819424373234,2.443451995991563
2015-09-03,0.00021894448126524857,0.0,0.00021894448126524857,0.0,1,2.509631292081662,2.443986976321322
2015-09-04,-0.00021889655507245642,0.0,-0.00021889655507245642,0.0,1,2.5090819424373234,2.443451995991563
2015-09-08,0.0,0.0,0.0,0.0,1,2.5090819424373234,2.443451995991563
2015-09-09,0.0,0.0,0.0,0.0,1,2.5090819424373234,2.443451995991563
2015-09-10,-0.00021894449863801846,0.0,-0.00021894449863801846,0.0,1,2.5085325927493947,2.4429170156193547
2015-09-11,0.00021899241107226075,0.0,0.00021899241107226075,0.0,1,2.509081942350134,2.4434519959066545
2015-09-14,4.791242791402084e-08,0.0,4.791242791402084e-08,0.0,1,2.5090820625663413,2.4434521129783717
2015-09-15,-0.0002188487878655998,0.0,-0.0002188487878655998,0.0,1,2.5085329529982934,2.4429173664452386
2015-09-16,0.0,0.0,0.0,0.0,1,2.5085329529982934,2.4429173664452386
2015-09-17,0.0,0.0,0.0,0.0,1,2.5085329529982934,2.4429173664452386
2015-09-18,4.791242791402084e-08,0.0,4.791242791402084e-08,0.0,1,2.508533073188197,2.4429174834913407
2015-09-21,0.00021899241107226075,0.0,0.00021899241107226075,0.0,1,2.5090824228941493,2.4434524638811013
2015-09-22,0.0,0.0,0.0,0.0,1,2.5090824228941493,2.4434524638811013
2015-09-23,-0.00021894449863801846,0.0,-0.00021894449863801846,0.0,1,2.5085330731010274,2.442917483406451
2015-09-24,4.791242791402084e-08,0.0,4.791242791402084e-08,0.0,1,2.508533193290937,2.4429176004525583
2015-09-25,0.0,0.0,0.0,0.0,1,2.508533193290937,2.4429176004525583
2015-09-28,0.0002189924284488054,0.0,0.0002189924284488054,0.0,1,2.5090825430667802,2.4434525809103818
2015-09-29,4.791242791402084e-08,0.0,4.791242791402084e-08,0.0,1,2.5090826632830163,2.443452697982127
2015-09-30,-0.00021894449863801846,0.0,-0.00021894449863801846,0.0,1,2.5085333134372623,2.4429177174562215
2015-10-01,0.00021899241107226075,0.0,0.00021899241107226075,0.0,1,2.509082663195827,2.4434526978972184
2015-10-02,0.0,0.0,0.0,0.0,1,2.509082663195827,2.4434526978972184
2015-10-05,-0.00021894448126513755,0.0,-0.00021894448126513755,0.0,1,2.508533313393682,2.4429177174137813
2015-10-06,0.0,0.0,0.0,0.0,1,2.508533313393682,2.4429177174137813
2015-10-07,0.0,0.0,0.0,0.0,1,2.508533313393682,2.4429177174137813
2015-10-08,0.0,0.0,0.0,0.0,1,2.508533313393682,2.4429177174137813
2015-10-09,0.0,0.0,0.0,0.0,1,2.508533313393682,2.4429177174137813
2015-10-12,4.791242791402084e-08,0.0,4.791242791402084e-08,0.0,1,2.508533433583603,2.4429178344599
2015-10-13,0.0,0.0,0.0,0.0,1,2.508533433583603,2.4429178344599
2015-10-14,0.0,0.0,0.0,0.0,1,2.508533433583603,2.4429178344599
2015-10-15,0.0,0.0,0.0,0.0,1,2.508533433583603,2.4429178344599
2015-10-16,4.791242791402084e-08,0.0,4.791242791402084e-08,0.0,1,2.50853355377353,2.442917951506024
2015-10-19,0.0,0.0,0.0,0.0,1,2.50853355377353,2.442917951506024
2015-10-20,-0.00021857544294712206,0.0,-0.00021857544294712206,0.0,1,2.5079852499408664,2.4423839896326904
2015-10-21,0.00021862333986188975,0.0,0.00021862333986188975,0.0,1,2.5085335540525326,2.442917951777729
2015-10-22,0.0,0.0,0.0,0.0,1,2.5085335540525326,2.442917951777729
2015-10-23,4.789685015271772e-08,0.0,4.789685015271772e-08,0.0,1,2.508533674203388,2.442918068785804
2015-10-26,-0.00021857544294712206,0.0,-0.00021857544294712206,0.0,1,2.5079853703444015,2.4423841068868355
2015-10-27,0.0,0.0,0.0,0.0,1,2.5079853703444015,2.4423841068868355
2015-10-28,0.0,0.0,0.0,0.0,1,2.5079853703444015,2.4423841068868355
2015-10-29,4.789685026374002e-08,0.0,4.789685026374002e-08,0.0,1,2.507985490469001,2.4423842238693414
2015-10-30,0.0,0.0,0.0,0.0,1,2.507985490469001,2.4423842238693414
2015-11-02,0.009280555114575706,0.001,0.008280555114575705,1.0,2,2.5312609880398544,2.4626085210460618
2015-11-03,0.0032050368118271555,0.0,0.0032050368118271555,1.0,2,2.5393737726868646,2.470501272009134
2015-11-04,-0.0014638245477685552,0.0,-0.0014638245477685552,1.0,2,2.535656575022446,2.4668848916018735
2015-11-05,-0.0018451199779249694,0.0,-0.0018451199779249694,1.0,2,2.530977984418715,2.4623331930051373
2015-11-06,9.090152108215399e-05,0.0,9.090152108215399e-05,1.0,2,2.5312080541673243,2.4625570228377924
2015-11-09,-0.01000289843851293,0.0,-0.01000289843851293,1.0,2,2.5058886370747424,2.4379243150392993
2015-11-10,-0.00010906912320257645,0.0,-0.00010906912320257645,1.0,2,2.505615321998253,2.4376584127718237
2015-11-11,-0.0025743558296908997,0.0,-0.0025743558296908997,1.0,2,2.499164976587104,2.4313830126261093
2015-11-12,-0.011876686495953859,0.0,-0.011876686495953859,1.0,2,2.4694831776585113,2.402506238833561
2015-11-13,-0.01547501963672443,0.0,-0.01547501963672443,1.0,2,2.4312678769916856,2.365327407610259
2015-11-16,0.014812336780723578,0.0,0.014812336780723578,1.0,2,2.4672806355898413,2.400363433768458
2015-11-17,-4.751593337148918e-05,0.0,-4.751593337148918e-05,1.0,2,2.467163400447552,2.400249378259472
2015-11-18,0.017481701525467463,0.0,0.017481701525467463,1.0,2,2.5102936146287336,2.442209821476893
2015-11-19,-7.940193755684444e-05,0.0,-7.940193755684444e-05,1.0,2,2.5100942924518956,2.4420159052851473
2015-11-20,0.005204835067238234,0.0,0.005204835067238234,1.0,2,2.5231589192473236,2.454726195303729
2015-11-23,-0.002013747356777229,0.0,-0.002013747356777229,1.0,2,2.5180779146429604,2.4497829969163245
2015-11-24,0.00027019341126571783,0.0,0.00027019341126571783,1.0,2,2.5187582827045505,2.450444912141122
2015-11-25,0.00036766509872893094,0.0,0.00036766509872893094,1.0,2,2.5196843422172357,2.4513458552116743
2015-11-27,0.00127475102948027,0.0,0.00127475102948027,1.0,2,2.5228963124264427,2.454470710864218
2015-11-30,-0.0033338552742224747,0.0,-0.0033338552742224747,1.0,2,2.5144853412489434,2.4462878607393788
2015-12-01,0.009744304038561746,0.0,0.009744304038561746,1.0,2,2.53898725091458,2.470125233420266
2015-12-02,-0.008183793159371067,0.0,-0.008183793159371067,1.0,2,2.518208704418815,2.4499102394322114
2015-12-03,-0.015439210179022056,0.0,-0.015439210179022056,1.0,2,2.47932955095665,2.4120855603258793
2015-12-04,0.021408745346539915,0.0,0.021408745346539915,1.0,2,2.532408885943232,2.463725285840962
2015-12-07,-0.0052894442339822545,0.0,-0.0052894442339822545,1.0,2,2.519013850363394,2.4506935483336543
2015-12-08,-0.003250586513323661,0.0,-0.003250586513323661,1.0,2,2.5108255779145274,2.4427273569371515
2015-12-09,-0.01151050560365191,0.0,-0.01151050560365191,1.0,2,2.4819247060301497,2.4146103300069326
2015-12-10,0.003546250340138335,0.0,0.003546250340138335,1.0,2,2.490726232363107,2.4231731427110215
2015-12-11,-0.021309633175991882,0.0,-0.021309633175991882,1.0,2,2.437649770009629,2.371536211917934
2015-12-14,0.006310899022867744,0.0,0.006310899022867744,1.0,2,2.4530335315612763,2.3865027374804226
2015-12-15,0.008301977119681059,0.0,0.008301977119681059,1.0,2,2.4733985598141084,2.4063154286030413
2015-12-16,0.014697455161617246,0.0,0.014697455161617246,1.0,2,2.509751224243785,2.4416821417196424
2015-12-17,-0.014844700048790738,0.0,-0.014844700048790738,1.0,2,2.4724947201228007,2.405436102711325
2015-12-18,-0.01855297163560421,0.0,-0.01855297163560421,1.0,2,2.4266225957111813,2.3608081149264635
2015-12-21,0.009666466577309074,0.0,0.009666466577309074,1.0,2,2.4500794619283663,2.38362878766484
2015-12-22,0.007810603105140479,0.0,0.007810603105140479,1.0,2,2.4692160601815454,2.4022463660752775
2015-12-23,0.009879436077344761,0.0,0.009879436077344761,1.0,2,2.493610522409262,2.4259792054909517
2015-12-24,-0.0009140656446341988,0.0,-0.0009140656446341988,1.0,2,2.4913311986996294,2.423761701244615
2015-12-28,-0.0014033673142659908,0.0,-0.0014033673142659908,1.0,2,2.4878349459263633,2.4203602732955187
2015-12-29,0.013157892992321285,0.0,0.013157892992321285,1.0,2,2.52056961192742,2.4522071147744064
2015-12-30,-0.008057129658666007,0.0,-0.008057129658666007,1.0,2,2.500261055750427,2.4324493641007656
2015-12-31,-0.011253284575895306,0.0,-0.011253284575895306,1.0,2,2.472124906576039,2.4050763191900844
2016-01-04,-0.01751190049356527,0.0,-0.01751190049356527,1.0,2,2.428833301204415,2.3629588620089974
2016-01-05,-5.385747621877712e-06,0.0,-5.385747621877712e-06,1.0,2,2.4288202201212394,2.362946135708926
2016-01-06,-0.011023057873725484,0.0,-0.011023057873725484,1.0,2,2.402047194269968,2.3368992437025105
2016-01-07,-0.027818833044655933,0.0,-0.027818833044655933,1.0,2,2.3352250444071876,2.2718894337997675
2016-01-08,-0.009483715396615189,0.0,-0.009483715396615189,1.0,2,2.3130784346989817,2.2503434809970333
2016-01-11,0.0020609295048732434,0.0,0.0020609295048732434,1.0,2,2.317845526292139,2.2549812802731193
2016-01-12,0.009826875810677538,0.0,0.009826875810677538,1.0,2,2.3406227064273466,2.277140701269766
2016-01-13,-0.029577487423093518,0.0,-0.029577487423093518,1.0,2,2.2713929677657845,2.2097886008173453
2016-01-14,0.018797987127415094,0.0,0.018797987127415094,1.0,2,2.314090583535147,2.2513281784898185
2016-01-15,-0.026140412996489837,0.0,-0.026140412996489837,1.0,2,2.2535992999702503,2.1924775301134596
2016-01-19,0.001890096283982512,0.0,0.001890096283982512,1.0,2,2.25785881963271,2.196621523745842
2016-01-20,-0.007813008575787539,0.0,-0.007813008575787539,1.0,2,2.240218149312002,2.1794593009430567
2016-01-21,0.0033003489974223754,0.0,0.0033003489974223754,1.0,2,2.247611651035091,2.186652277261847
2016-01-22,0.024615246621874087,0.0,0.024615246621874087,1.0,2,2.3029371661355174,2.24047726234293
2016-01-25,-0.015017451027182604,0.0,-0.015017451027182604,1.0,2,2.2683529200243986,2.206831004778179
2016-01-26,0.01129127515707129,0.0,0.01129127515707129,1.0,2,2.29396551699774,2.2317489408782856
2016-01-27,-0.017967397429878795,0.0,-0.017967397429878795,1.0,2,2.252748926863404,2.1916502206938144
2016-01-28,0.00970571875767684,0.0,0.00970571875767684,1.0,2,2.2746134743791986,2.212921761351069
2016-01-29,0.022586053097351122,0.0,0.022586053097351122,1.0,2,2.3259880150874777,2.262902929753228
2016-02-01,-0.005691267249606502,0.001,-0.006691267249606502,0.0,1,2.312750195674233,2.247761241490332
2016-02-02,0.0,0.0,0.0,0.0,1,2.312750195674233,2.247761241490332
2016-02-03,0.000218879692604812,0.0,0.000218879692604812,0.0,1,2.313256409726134,2.2482532307799183
2016-02-04,0.00021862333986188975,0.0,0.00021862333986188975,0.0,1,2.3137621415683847,2.2487447514100865
2016-02-05,0.0,0.0,0.0,0.0,1,2.3137621415683847,2.2487447514100865
2016-02-08,-0.00021857544294712206,0.0,-0.00021857544294712206,0.0,1,2.313256409983417,2.248253231029972
2016-02-09,0.0002186232842451563,0.0,0.0002186232842451563,0.0,1,2.313762141697069,2.248744751535155
2016-02-10,-0.00021857549855175407,0.0,-0.00021857549855175407,0.0,1,2.3132564099834174,2.2482532310299725
2016-02-11,0.0002186232842451563,0.0,0.0002186232842451563,0.0,1,2.3137621416970693,2.2487447515351553
2016-02-12,-0.00021857544294712206,0.0,-0.00021857544294712206,0.0,1,2.3132564101120736,2.2482532311550134
2016-02-16,4.789685026374002e-08,0.0,4.789685026374002e-08,0.0,1,2.3132565209097695,2.2482533388392616
2016-02-17,4.789685026374002e-08,0.0,4.789685026374002e-08,0.0,1,2.3132566317074708,2.248253446523515
2016-02-18,0.0002186232842451563,0.0,0.0002186232842451563,0.0,1,2.3137623634695967,2.2487449670758095
2016-02-19,0.0,0.0,0.0,0.0,1,2.3137623634695967,2.2487449670758095
2016-02-22,0.0,0.0,0.0,0.0,1,2.3137623634695967,2.2487449670758095
2016-02-23,-0.00021857544294712206,0.0,-0.00021857544294712206,0.0,1,2.313256631836127,2.248253446648556
2016-02-24,0.0002186232842451563,0.0,0.0002186232842451563,0.0,1,2.313762363598281,2.248744967200878
2016-02-25,-0.00021857549855175407,0.0,-0.00021857549855175407,0.0,1,2.313256631836127,2.2482534466485564
2016-02-26,0.0,0.0,0.0,0.0,1,2.313256631836127,2.2482534466485564
2016-02-29,0.0002186232842451563,0.0,0.0002186232842451563,0.0,1,2.313762363598281,2.2487449672008784
2016-03-01,-0.004193950525747836,0.0005,-0.0046939505257478364,0.5,2,2.3040585587170126,2.238189469579813
2016-03-02,0.003747237775266199,0.0,0.003747237775266199,0.5,2,2.3126924139846627,2.2465764977084257
2016-03-03,0.008734063668870584,0.0,0.008734063668870584,0.5,2,2.3328916167749187,2.2661982398763993
2016-03-04,-0.0007788211627944852,0.0,-0.0007788211627944852,0.5,2,2.3310747114132684,2.264433276728096
2016-03-07,0.0024896703591275604,0.0,0.0024896703591275604,0.5,2,2.3368783190271856,2.2700709691373877
2016-03-08,-0.002393998471980241,0.0,-0.002393998471980241,0.5,2,2.3312838359022305,2.264636422705986
2016-03-09,-0.004019070250015577,0.0,-0.004019070250015577,0.5,2,2.3219142423930137,2.2555346898323867
2016-03-10,0.007996190949956128,0.0,0.007996190949956128,0.5,2,2.340480712044611,2.2735703759065364
2016-03-11,-0.008728832933528274,0.0,-0.008728832933528274,0.5,2,2.3200510469250286,2.2537247599326293
2016-03-14,-0.006376516477576588,0.0,-0.006376516477576588,0.5,2,2.305257203195492,2.2393538468649963
2016-03-15,0.0003823684239604441,0.0,0.0003823684239604441,0.5,2,2.306138660759101,2.2402101050661116
2016-03-16,0.011318940895298613,0.0,0.011318940895298613,0.5,2,2.3322417079565967,2.265566910838406
2016-03-17,-0.001996481300516495,0.0,-0.001996481300516495,0.5,2,2.327585430998377,2.261043748865848
2016-03-18,-0.001369517121295849,0.0,-0.001369517121295849,0.5,2,2.3243977628993457,2.2579472107397773
2016-03-21,-0.0033976702191504393,0.0,-0.0033976702191504393,0.5,2,2.3165002258428826,2.250275450745433
2016-03-22,0.0014824533636126347,0.0,0.0014824533636126347,0.5,2,2.319934329394493,2.253611379156445
2016-03-23,-0.01143633015211204,0.0,-0.01143633015211204,0.5,2,2.293402794472319,2.227838335389855
2016-03-24,-0.0010886812350328068,0.0,-0.0010886812350328068,0.5,2,2.2909060098856053,2.2254129295994294
2016-03-28,0.0011623920299406176,0.0,0.0011623920299406176,0.5,2,2.2935689407728392,2.2279997318521225
2016-03-29,0.00922357432934795,0.0,0.00922357432934795,0.5,2,2.3147238443775415,2.248549852984628
2016-03-30,-0.007013391866422858,0.0,-0.007013391866422858,0.5,2,2.298489778994369,2.2327798917344595
2016-03-31,0.002325644085587275,0.0,0.002325644085587275,0.5,2,2.30383524815467,2.2379725430840898
2016-04-01,0.0033190853532991116,0.0005,0.0028190853532991116,1.0,2,2.3114818739832343,2.244281578701384
2016-04-04,-0.00495987749682697,0.0,-0.00495987749682697,1.0,2,2.3000172070521416,2.23315021700264
2016-04-05,0.001503204492798449,0.0,0.001503204492798449,1.0,2,2.3034746032512965,2.2365070984419324
2016-04-06,0.0024092585324956284,0.0,0.0024092585324956284,1.0,2,2.3090242690935665,2.2418954222518406
2016-04-07,0.00114198107759228,0.0,0.00114198107759228,1.0,2,2.3116611311165727,2.244455624401993
2016-04-08,0.0006105221958516149,0.0,0.0006105221958516149,1.0,2,2.313072451546407,2.245825914378295
2016-04-11,0.005571768415793488,0.0,0.005571768415793488,1.0,2,2.325960355575375,2.2583391362753984
2016-04-12,0.0047370487021263785,0.0,0.0047370487021263785,1.0,2,2.336978543058951,2.269036998749853
2016-04-13,-0.0003077174472882471,0.0,-0.0003077174472882471,1.0,2,2.3362594139873134,2.268338776476795
2016-04-14,-0.006988008473857832,0.0,-0.006988008473857832,1.0,2,2.3199336134052397,2.252487605885195
2016-04-15,0.0029007036197930547,0.0,0.0029007036197930547,1.0,2,2.3266630532353236,2.259021404837125
2016-04-18,0.002767383053652095,0.0,0.002767383053652095,1.0,2,2.3331018211404055,2.2652729823907083
2016-04-19,0.009411973512965577,0.0,0.009411973512965577,1.0,2,2.355060913684031,2.286593671700606
2016-04-20,-0.0020720253306064085,0.0,-0.0020720253306064085,1.0,2,2.350181167815757,2.2818557916920383
2016-04-21,-0.000746968733353448,0.0,-0.000746968733353448,1.0,2,2.3484256559656824,2.2801513167616227
2016-04-22,-0.006424467491909891,0.0,-0.006424467491909891,1.0,2,2.3333382716817637,2.2655025587504523
2016-04-25,0.0005824963567243047,0.0,0.0005824963567243047,1.0,2,2.3346974327240235,2.266822205737074
2016-04-26,0.0027330214981052814,0.0,0.0027330214981052814,1.0,2,2.341078210999229,2.2730174795577356
2016-04-27,0.0024652071724596825,0.0,0.0024652071724596825,1.0,2,2.346849453796273,2.2786209385514673
2016-04-28,0.004860339642165756,0.0,0.004860339642165756,1.0,2,2.3582559392307543,2.289695810228578
2016-04-29,0.0069788920244727715,0.0,0.0069788920244727715,1.0,2,2.374713952796717,2.305675350057051
2016-05-02,0.0023115342026623353,0.0,0.0023115342026623353,1.0,2,2.3802031853201457,2.311004997488943
2016-05-03,-0.005481219701110929,0.0,-0.005481219701110929,1.0,2,2.367156768728122,2.298337871367341
2016-05-04,-0.0058409663769140585,0.0,-0.0058409663769140585,1.0,2,2.3533302856330964,2.284913357137896
2016-05-05,-0.0006587547026220553,0.0,-0.0006587547026220553,1.0,2,2.351780018240613,2.283408159718798
2016-05-06,0.006385310658589938,0.0,0.006385310658589938,1.0,2,2.366796864257743,2.2979884301789615
2016-05-09,-0.009892242631868053,0.0,-0.009892242631868053,1.0,2,2.343383935416161,2.2752561710624057
2016-05-10,0.007566937484638103,0.0,0.007566937484638103,1.0,2,2.3611161751579606,2.292472892270372
2016-05-11,1.7407547302172865e-05,0.0,1.7407547302172865e-05,1.0,2,2.361157276399466,2.2925127986006832
2016-05-12,-0.003781389695816817,0.0,-0.003781389695816817,1.0,2,2.352228820604286,2.2838439143265266
2016-05-13,-0.002091940602140685,0.0,-0.002091940602140685,1.0,2,2.3473080976289387,2.279066248513195
2016-05-16,0.005344087697240263,0.0,0.005344087697240263,1.0,2,2.35985231795511,2.29124577841307
2016-05-17,-0.0029439125719689097,0.0,-0.0029439125719689097,1.0,2,2.352905119048292,2.284500551160529
2016-05-18,-0.008561951172644022,0.0,-0.008561951172644022,1.0,2,2.332759660305136,2.264940768987614
2016-05-19,-0.0026551570556757054,0.0,-0.0026551570556757054,1.0,2,2.3265658170338814,2.258926995524149
2016-05-20,0.0024918244417618807,0.0,0.0024918244417618807,1.0,2,2.3323632106021344,2.264555845023752
2016-05-23,-0.0020860345483888487,0.0,-0.0020860345483888487,1.0,2,2.3274978203654273,2.2598319032942764
2016-05-24,-0.002245766791438897,0.0,-0.002245766791438897,1.0,2,2.3222708030533044,2.254756847851624
2016-05-25,0.0020320956877840635,0.0,0.0020320956877840635,1.0,2,2.326989879538056,2.259338729519145
2016-05-26,-0.001545069657896414,0.0,-0.001545069657896414,1.0,2,2.3233945180809497,2.255847893801255
2016-05-27,-0.001976614273878907,0.0,-0.001976614273878907,1.0,2,2.318802063312659,2.251388952654668
2016-05-31,0.000952512773381764,0.0,0.000952512773381764,1.0,2,2.3210107518969085,2.2535334293899223
2016-06-01,0.0005170006772636238,0.0,0.0005170006772636238,1.0,2,2.3222107160275756,2.2546985076991533
2016-06-02,0.00036274760076376866,0.0,0.00036274760076376866,1.0,2,2.323053092393282,2.2555163941732665
2016-06-03,0.012322889562593031,0.0,0.012322889562593031,1.0,2,2.351679819098885,2.283310873605282
2016-06-06,0.0027094990704399358,0.0,0.0027094990704399358,1.0,2,2.3580516933827056,2.289497502294841
2016-06-07,0.00036447266935013545,0.0,0.00036447266935013545,1.0,2,2.3589111387778585,2.290331961560973
2016-06-08,0.009020692598329716,0.0,0.009020692598329716,1.0,2,2.38019015102755,2.3109923421343446
2016-06-09,0.002100397710508961,0.0,0.002100397710508961,1.0,2,2.385189496971344,2.3158463451587674
2016-06-10,-0.0027274072523528203,0.0,-0.0027274072523528203,1.0,2,2.3786841138390686,2.3095300890416466
2016-06-13,-0.00016109179029721865,0.0,-0.00016109179029721865,1.0,2,2.378300927356619,2.3091580427048575
2016-06-14,-0.00045051894933889614,0.0,-0.00045051894933889614,1.0,2,2.3772294577216146,2.3081177232496004
2016-06-15,0.003018848226575943,0.0,0.003018848226575943,1.0,2,2.384405952654222,2.315085580345161
2016-06-16,-0.0036291150830857766,0.0,-0.0036291150830857766,1.0,2,2.3757526690472446,2.3066838683468958
2016-06-17,0.004531394827533508,0.0,0.004531394827533508,1.0,2,2.386518142403264,2.3171363636966777
2016-06-20,0.0003137775624558192,0.0,0.0003137775624558192,1.0,2,2.3872669782487437,2.317863429096756
2016-06-21,-0.008241385412238733,0.0,-0.008241385412238733,1.0,2,2.3675925909990854,2.2987610232446363
2016-06-22,-0.0005658908091469295,0.0,-0.0005658908091469295,1.0,2,2.3662527921120344,2.297460175509157
2016-06-23,0.0032191864291425953,0.0,0.0032191864291425953,1.0,2,2.3738702009883226,2.3048561281276516
2016-06-24,0.006664712526201655,0.0,0.006664712526201655,1.0,2,2.389691363452426,2.3202173316358765
2016-06-27,-0.006299948495846641,0.0,-0.006299948495846641,1.0,2,2.374636430941706,2.3056000819474
2016-06-28,0.003601438053539019,0.0,0.003601438053539019,1.0,2,2.3831885369474195,2.313903557818768
2016-06-29,0.010553931287336338,0.0,0.010553931287336338,1.0,2,2.4083405450111304,2.3383243369735105
2016-06-30,0.009309707698036074,0.0,0.009309707698036074,1.0,2,2.4307614915225133,2.3600934530539384
2016-07-01,0.008692445711108832,0.0,0.008692445711108832,1.0,2,2.4518907538242267,2.380608437267753
2016-07-05,0.000516826533596193,0.0,0.000516826533596193,1.0,2,2.4531579560232823,2.381838798874236
2016-07-06,0.0059543776913527635,0.0,0.0059543776913527635,1.0,2,2.467764985029992,2.396021166682652
2016-07-07,-0.0021914264997747734,0.0,-0.0021914264997747734,1.0,2,2.462357059446581,2.390770462403962
2016-07-08,0.01042158986829167,0.0,0.01042158986829167,1.0,2,2.4880187348294256,2.415686091632362
2016-07-11,-0.0029558612829463926,0.0,-0.0029558612829463926,1.0,2,2.480664496579898,2.408545658642354
2016-07-12,-0.004681263626044874,0.0,-0.004681263626044874,1.0,2,2.4690518521036378,2.3972706214588833
2016-07-13,0.004525571258047423,0.0,0.004525571258047423,1.0,2,2.4802257222001467,2.408119640481119
2016-07-14,-0.0009980979208595864,0.0,-0.0009980979208595864,1.0,2,2.477750214063556,2.4057161012747734
2016-07-15,-0.0025747643929221464,0.0,-0.0025747643929221464,1.0,2,2.47137059103783,2.3995219491177315
2016-07-18,0.002131241916994764,0.0,0.002131241916994764,1.0,2,2.476637679633878,2.4046359108764404
2016-07-19,0.00016314231300024185,0.0,0.00016314231300024185,1.0,2,2.4770417240333966,2.405028208740864
2016-07-20,-0.005078202498272566,0.0,-0.005078202498272566,1.0,2,2.464462804562085,2.39281498848282
2016-07-21,0.00571267308624307,0.0,0.00571267308624307,1.0,2,2.4785414748977543,2.406484358267885
2016-07-22,-0.0014921438125934938,0.0,-0.0014921438125934938,1.0,2,2.474843134571729,2.402893537522593
2016-07-25,-0.004842873073542531,0.0,-0.004842873073542531,1.0,2,2.46285778339407,2.391256629111135
2016-07-26,0.002344991229297766,0.0,0.002344991229297766,1.0,2,2.4686331632951366,2.3968641049334005
2016-07-27,0.00749744151951065,0.0,0.00749744151951065,1.0,2,2.4871415960700665,2.4148344533903527
2016-07-28,-0.0008655561800608447,0.0,-0.0008655561800608447,1.0,2,2.4849888352909018,2.412744278505397
2016-07-29,0.005966353504087363,0.0,0.005966353504087363,1.0,2,2.4998151571359575,2.427139563785924
2016-08-01,0.0009758521505547901,0.0005,0.0004758521505547901,1.0,2,2.502254607133038,2.428294523367048
2016-08-02,-0.0029170773649415116,0.0,-0.0029170773649415116,1.0,2,2.4949553368572492,2.4212110003775225
2016-08-03,0.001680800233097468,0.0,0.001680800233097468,1.0,2,2.4991488583690065,2.425280572391335
2016-08-04,0.001306631666440461,0.0,0.001306631666440461,1.0,2,2.5024143254065,2.4284495207872245
2016-08-05,-0.0017796975130512371,0.0,-0.0017796975130512371,1.0,2,2.49796078485495,2.424127615214509
2016-08-08,-0.0006752196765709151,0.0,-0.0006752196765709151,1.0,2,2.4962741125817134,2.422490796550197
2016-08-09,0.0025716133558588705,0.0,0.0025716133558588705,1.0,2,2.502693564429513,2.4287205062370507
2016-08-10,-0.0012312636658698417,0.0,-0.0012312636658698417,1.0,2,2.499612088776825,2.425730110923168
2016-08-11,-0.001073729422947145,0.0,-0.001073729422947145,1.0,2,2.496928181731151,2.423125533130941
2016-08-12,-0.0005630214653972176,0.0,-0.0005630214653972176,1.0,2,2.4955223575672814,2.421761261442436
2016-08-15,0.006668277432233416,0.0,0.006668277432233416,1.0,2,2.5121631929858816,2.4379102374083703
2016-08-16,-0.001598119149620214,0.0,-0.001598119149620214,1.0,2,2.5081484568802,2.434014166372913
2016-08-17,-0.0013502944512500115,0.0,-0.0013502944512500115,1.0,2,2.5047617179359634,2.4307275305497957
2016-08-18,0.006057167745818659,0.0,0.006057167745818659,1.0,2,2.5199334798248065,2.4454508549467158
2016-08-19,-0.004417306022252432,0.0,-0.004417306022252432,1.0,2,2.508802162488701,2.4346485501580375
2016-08-22,0.00040264290255020985,0.0,0.00040264290255020985,1.0,2,2.5098123138733293,2.4356288441169625
2016-08-23,0.0034095353078446577,0.0,0.0034095353078446577,1.0,2,2.518369607573544,2.443933206657784
2016-08-24,-0.009646239567826342,0.0,-0.009646239567826342,1.0,2,2.4940768110185565,2.420358441458597
2016-08-25,0.0005528759123427096,0.0,0.0005528759123427096,1.0,2,2.4954557260109014,2.421696599340115
2016-08-26,-0.0017080543118507818,0.0,-0.0017080543118507818,1.0,2,2.4911933520980556,2.417560210021618
2016-08-29,0.0035896248975848533,0.0,0.0035896248975848533,1.0,2,2.500135801779445,2.426238344342922
2016-08-30,-0.004111233037779882,0.0,-0.004111233037779882,1.0,2,2.4898571608722326,2.4162635131041306
2016-08-31,-0.0038259591091626133,0.0,-0.0038259591091626133,1.0,2,2.4803310691870797,2.4070189877060324
2016-09-01,0.002411031743853209,0.0,0.002411031743853209,1.0,2,2.486311226130155,2.412822386893449
2016-09-02,0.009912793333317627,0.0,0.009912793333317627,1.0,2,2.510957515477091,2.436740196564726
2016-09-06,0.008905867361106157,0.0,0.008905867361106157,1.0,2,2.533319770059303,2.4584414815488076
2016-09-07,0.0014234838289872154,0.0,0.0014234838289872154,1.0,2,2.5369259097856363,2.461941033242304
2016-09-08,-0.003649872722412073,0.0,-0.003649872722412073,1.0,2,2.527666453108729,2.4529552618208856
2016-09-09,-0.01900943631134966,0.0,-0.01900943631134966,1.0,2,2.4796169386520237,2.4063259649967117
2016-09-12,0.006384792825440688,0.0,0.006384792825440688,1.0,2,2.49544877909177,2.421689857753694
2016-09-13,-0.012962084069960633,0.0,-0.012962084069960633,1.0,2,2.4631025622249014,2.3902997102261194
2016-09-14,0.0017928754270981617,0.0,0.0017928754270981617,1.0,2,2.467518598283137,2.3945852198399837
2016-09-15,0.002751616324947137,0.0,0.002751616324947137,1.0,2,2.474308262740283,2.401174199622372
2016-09-16,-0.0019693330170413303,0.0,-0.0019693330170413303,1.0,2,2.4694355257841303,2.3964454879913877
2016-09-19,0.00436269897803826,0.0,0.00436269897803826,1.0,2,2.4802089296288004,2.4069004582727724
2016-09-20,-0.0016222424056723805,0.0,-0.0016222424056723805,1.0,2,2.476185429528229,2.40299588228313
2016-09-21,0.014493786950117271,0.0,0.014493786950117271,1.0,2,2.512074733592796,2.437824392642951
2016-09-22,0.008335271629806296,0.0,0.008335271629806296,1.0,2,2.5330135588516653,2.458144321141398
2016-09-23,-0.0032299826856570513,0.0,-0.0032299826856570513,1.0,2,2.52483196891404,2.450204557545265
2016-09-26,-0.00536521654376354,0.0,-0.00536521654376354,1.0,2,2.5112856986641994,2.437058679517518
2016-09-27,-0.0016208738741130824,0.0,-0.0016208738741130824,1.0,2,2.5072152212848007,2.433108514774208
2016-09-28,0.0022538187349664396,0.0,0.0022538187349664396,1.0,2,2.5128660299231256,2.4385923003290126
2016-09-29,-0.007893594368488521,0.0,-0.007893594368488521,1.0,2,2.493030484780558,2.419343041880096
2016-09-30,0.0037864393531497065,0.0,0.0037864393531497065,1.0,2,2.502470193516733,2.4285037375826395
2016-10-03,-0.0029278233087843275,0.0005,-0.0034278233087843275,1.0,2,2.4951434029546165,2.420179255865484
2016-10-04,-0.003210445734375511,0.0,-0.003210445734375511,1.0,2,2.4871328804599453,2.4124094016970665
2016-10-05,0.004771880164666564,0.0,0.004771880164666564,1.0,2,2.499001180519102,2.42392113027008
2016-10-06,-0.0007759093718118781,0.0,-0.0007759093718118781,1.0,2,2.4970621820829684,2.422040387148571
2016-10-07,-0.005082624116186263,0.0,-0.005082624116186263,1.0,2,2.4843705536166967,2.4097300662664725
2016-10-10,0.009146186083739405,0.0,0.009146186083739405,1.0,2,2.5070930690010376,2.4317699058641273
2016-10-11,-0.016282710460941152,0.0,-0.016282710460941152,1.0,2,2.4662707984598615,2.392174100579312
2016-10-12,-0.0008342464538167449,0.0,-0.0008342464538167449,1.0,2,2.4642133207920947,2.3901784378189914
2016-10-13,-0.005921080924913613,0.0,-0.005921080924913613,1.0,2,2.4496225143034347,2.3760259978636817
2016-10-14,-0.001404615964264111,0.0,-0.001404615964264111,1.0,2,2.446181735413423,2.372688593815576
2016-10-17,-0.0019464615451809109,0.0,-0.0019464615451809109,1.0,2,2.441420336732917,2.368070246709024
2016-10-18,0.00735946271761978,0.0,0.00735946271761978,1.0,2,2.459387878679142,2.3854979714023843
2016-10-19,0.002063750076359616,0.0,0.002063750076359616,1.0,2,2.464463440601564,2.3904210430230215
2016-10-20,-0.00207585049526654,0.0,-0.00207585049526654,1.0,2,2.459347582947825,2.385458886316967
2016-10-21,0.0016445592822292299,0.0,0.0016445592822292299,1.0,2,2.4633921258435896,2.3893819148708353
2016-10-24,0.009177700691829715,0.0,0.009177700691829715,1.0,2,2.486000401461192,2.4113109469239906
2016-10-25,-0.005323042132287625,0.0,-0.005323042132287625,1.0,2,2.4727673165833304,2.3984754371594676
2016-10-26,-0.00837141830707494,0.0,-0.00837141830707494,1.0,2,2.4520667470001483,2.3783967959757613
2016-10-27,-0.007959034591036918,0.0,-0.007959034591036918,1.0,2,2.432550662941243,2.359467053605379
2016-10-28,-0.00453934364115316,0.0,-0.00453934364115316,1.0,2,2.4215084795576374,2.348756621839085
2016-10-31,0.001528096877019991,0.0,0.001528096877019991,1.0,2,2.4252087791029266,2.3523457494977973
2016-11-01,-0.003362978330423483,0.0005,-0.003862978330423483,1.0,2,2.417052854532051,2.3432586888418236
2016-11-02,-0.00029605721522563133,0.0,-0.00029605721522563133,1.0,2,2.416337268594885,2.342564950199852
2016-11-03,-0.0022343761096746406,0.0,-0.0022343761096746406,1.0,2,2.41093826232902,2.3373307790397644
2016-11-04,-0.0013928734733059112,0.0,-0.0013928734733059112,1.0,2,2.4075801303776436,2.3340751729992983
2016-11-07,0.002785372285486809,0.0,0.002785372285486809,1.0,2,2.414286137347886,2.3405764412984134
2016-11-08,0.0011818922882467775,0.0,0.0011818922882467775,1.0,2,2.4171395635152386,2.3433427505444357
2016-11-09,0.0023140951099783202,0.0,0.0023140951099783202,1.0,2,2.422733054359304,2.3487654685444737
2016-11-10,-0.015471365968123763,0.0,-0.015471365968123763,1.0,2,2.385250064632241,2.3124268584073304
2016-11-11,-0.010847323339032378,0.0,-0.010847323339032378,1.0,2,2.359376485936727,2.2873432165763234
2016-11-14,-0.009277979854046325,0.0,-0.009277979854046325,1.0,2,2.3374862384320956,2.2661212922936387
2016-11-15,0.01125252575998692,0.0,0.01125252575998692,1.0,2,2.3637888625436676,2.2916208805104277
2016-11-16,0.0015024187770090736,0.0,0.0015024187770090736,1.0,2,2.3673402633156377,2.2950638547510924
2016-11-17,0.0010719096471573653,0.0,0.0010719096471573653,1.0,2,2.36987783818199,2.2975239558378426
2016-11-18,-0.006264471865289611,0.0,-0.006264471865289611,1.0,2,2.3550318051405257,2.2831311816566675
2016-11-21,0.007059886860917686,0.0,0.007059886860917686,1.0,2,2.3716580632386806,2.299249829487797
2016-11-22,0.0013483005370142354,0.0,0.0013483005370142354,1.0,2,2.3748557710789595,2.3023499092676256
2016-11-23,-0.011969159094384119,0.0,-0.011969159094384119,1.0,2,2.3464307445286994,2.2747927169126605
2016-11-25,-0.0012169999067969117,0.0,-0.0012169999067969117,1.0,2,2.3435751385313024,2.2720242943881956
2016-11-28,0.004132801752826154,0.0,0.004132801752826154,1.0,2,2.3532606699717045,2.2814141203745066
2016-11-29,-0.0005795908754273604,0.0,-0.0005795908754273604,1.0,2,2.351896741559887,2.2800918335672664
2016-11-30,-0.012776030614997047,0.0,-0.012776030614997047,1.0,2,2.3218488367864056,2.250961310496606
2016-12-01,-0.016344083045900626,0.0005,-0.016844083045900626,1.0,2,2.283900346577941,2.213045931249492
2016-12-02,0.0007282253592459376,0.0,0.0007282253592459376,1.0,2,2.28556354072831,2.214657527417804
2016-12-05,0.012440637481029526,0.0,0.012440637481029526,1.0,2,2.313997408178369,2.242209278861042
2016-12-06,0.006597515347546157,0.0,0.006597515347546157,1.0,2,2.329264041593008,2.2570022889907384
2016-12-07,0.01121294163935227,0.0,0.01121294163935227,1.0,2,2.355381943354032,2.282309923937076
2016-12-08,0.008743379030170972,0.0,0.008743379030170972,1.0,2,2.3759759404455973,2.3022650246663785
2016-12-09,0.0048929114225209625,0.0,0.0048929114225209625,1.0,2,2.3876013802642384,2.313529803503239
2016-12-12,-0.0075478767641724565,0.0,-0.0075478767641724565,1.0,2,2.369580059284036,2.2960675656561564
2016-12-13,0.006338974073279102,0.0,0.006338974073279102,1.0,2,2.3846007658443966,2.310622278425348
2016-12-14,-0.007297950119954821,0.0,-0.007297950119954821,1.0,2,2.367198068399258,2.2937594722913435
2016-12-15,0.004521859717445231,0.0,0.004521859717445231,1.0,2,2.377902205987967,2.304131530850606
2016-12-16,-0.0027616133893013095,0.0,-0.0027616133893013095,1.0,2,2.3713353594174613,2.2977684103642977
2016-12-19,0.0053183181694987924,0.0,0.0053183181694987924,1.0,2,2.383946875345426,2.3099886738504383
2016-12-20,0.006145327618690355,0.0,0.006145327618690355,1.0,2,2.398597009919977,2.3241843110467135
2016-12-21,-0.0036370231347893633,0.0,-0.0036370231347893633,1.0,2,2.3898732571038614,2.315731198937922
2016-12-22,-0.005720551542433394,0.0,-0.005720551542433394,1.0,2,2.3762018639567155,2.3024839392559766
2016-12-23,0.002992945397114366,0.0,0.002992945397114366,1.0,2,2.383313706388059,2.309375147963902
2016-12-27,0.004815617326089927,0.0,0.004815617326089927,1.0,2,2.394790833166049,2.320496214938879
2016-12-28,-0.008991281987414945,0.0,-0.008991281987414945,1.0,2,2.373258593484177,2.2996319791196345
2016-12-29,-0.00026568568435386686,0.0,-0.00026568568435386686,1.0,2,2.3726280526506183,2.2990209998235
2016-12-30,-0.00704153891272713,0.0,-0.00704153891272713,1.0,2,2.3559210998924507,2.282832353992066
2017-01-03,0.006305578552301905,0.0005,0.005805578552301904,1.0,2,2.370776545450848,2.296085516544903
2017-01-04,0.011284310533626996,0.0,0.011284310533626996,1.0,2,2.3975291241955548,2.321995258525359
2017-01-05,-0.006176887890824101,0.0,-0.006176887890824101,1.0,2,2.382719855580413,2.307652554130423
2017-01-06,-4.326868485754476e-05,0.0,-4.326868485754476e-05,1.0,2,2.382616758425878,2.307552705039298
2017-01-09,-0.004934428215294273,0.0,-0.004934428215294273,1.0,2,2.3708599070668686,2.2961662518632733
2017-01-10,0.00477901361392119,0.0,0.00477901361392119,1.0,2,2.382190278839441,2.3071396616407545
2017-01-11,0.0022950693244078724,0.0,0.0022950693244078724,1.0,2,2.387657570673308,2.312434707105311
2017-01-12,-0.005109833610486836,0.0,-0.005109833610486836,1.0,2,2.375457037768348,2.3006185505168877
2017-01-13,0.004763318594899646,0.0,0.004763318594899646,1.0,2,2.3867720964477352,2.311577129638336
2017-01-17,-0.008572087041829213,0.0,-0.008572087041829213,1.0,2,2.366312478287976,2.291762089279174
2017-01-18,0.0027403850886852377,0.0,0.0027403850886852377,1.0,2,2.372797085718646,2.2980423999354485
2017-01-19,-0.0059189522416643325,0.0,-0.0059189522416643325,1.0,2,2.3587526130891168,2.284440396720911
2017-01-20,0.004416220074085264,0.0,0.004416220074085264,1.0,2,2.369169383728842,2.2945289882589606
2017-01-23,-0.0033854721910164254,0.0,-0.0033854721910164254,1.0,2,2.3611486266644204,2.2867609241777287
2017-01-24,0.010838605167376891,0.0,0.010838605167376891,1.0,2,2.3867401843703298,2.3115462229470767
2017-01-25,0.009022248373130703,0.0,0.009022248373130703,1.0,2,2.408273947115851,2.3324015670964777
2017-01-26,-0.0025244687132787713,0.0,-0.0025244687132787713,1.0,2,2.4021943348833523,2.32651349231354
2017-01-27,-0.0025027203037337187,0.0,-0.0025027203037337187,1.0,2,2.3961823143479255,2.3206908797594163
2017-01-30,-0.010105541134310614,0.0,-0.010105541134310614,1.0,2,2.371967595404975,2.297239042613988
2017-01-31,0.003474771181276537,0.0,0.003474771181276537,1.0,2,2.38020964004841,2.305221422635767
2017-02-01,-0.00034653366374154393,0.0005,-0.0008465336637415439,1.0,2,2.379384817281371,2.3032699750991275
2017-02-02,-0.00169347494386074,0.0,-0.00169347494386074,1.0,2,2.3753553887115024,2.2993694451073505
2017-02-03,0.009047343847228717,0.0,0.009047343847228717,1.0,2,2.396846045672543,2.320172631109048
2017-02-06,-0.0031704810075662837,0.0,-0.0031704810075662837,1.0,2,2.3892468908066777,2.3128165678478414
2017-02-07,-0.0003826060251690411,0.0,-0.0003826060251690411,1.0,2,2.3883327505506387,2.311931670293872
2017-02-08,-5.392753435395914e-05,0.0,-5.392753435395914e-05,1.0,2,2.388203953654185,2.311806993519298
2017-02-09,0.008853908562457269,0.0,0.008853908562457269,1.0,2,2.409348893088338,2.332275521253967
2017-02-10,0.005447492860024994,0.0,0.005447492860024994,1.0,2,2.4224738039807456,2.3449805755036093
2017-02-13,0.004137506566272042,0.0,0.004137506566272042,1.0,2,2.432496805251338,2.354682948032536
2017-02-14,0.003348496560146297,0.0,0.003348496560146297,1.0,2,2.440642012436289,2.362567595784258
2017-02-15,0.005970479554861907,0.0,0.005970479554861907,1.0,2,2.4552138156722765,2.3766732573118667
2017-02-16,-0.0015520533935882153,0.0,-0.0015520533935882153,1.0,2,2.451403192737678,2.3729845335174056
2017-02-17,0.0018603294722348562,0.0,0.0018603294722348562,1.0,2,2.4559636103454583,2.3773990665822655
2017-02-21,0.006374048294179202,0.0,0.006374048294179202,1.0,2,2.471618041006547,2.3925527230471975
2017-02-22,-0.0020208937723144027,0.0,-0.0020208937723144027,1.0,2,2.466623163499937,2.3877176281492574
2017-02-23,-0.0048350658875986885,0.0,-0.0048350658875986885,1.0,2,2.4546968779845377,2.376172856096175
2017-02-24,0.0006560773692889654,0.0,0.0006560773692889654,1.0,2,2.4563073490546476,2.377731809332578
2017-02-27,0.005498957608665533,0.0,0.005498957608665533,1.0,2,2.4698144790409526,2.3908068557568734
2017-02-28,-0.009272575331196131,0.0,-0.009272575331196131,1.0,2,2.4469129382299664,2.3686379190845273
2017-03-01,0.014553768697294411,0.0,0.014553768697294411,1.0,2,2.4825247431553827,2.4031105274865245
2017-03-02,-0.008247543613079389,0.0,-0.008247543613079389,1.0,2,2.46205001206566,2.3832907686040294
2017-03-03,0.0005583642514237486,0.0,0.0005583642514237486,1.0,2,2.463424732777615,2.384621512969966
2017-03-06,-0.004532729444319705,0.0,-0.004532729444319705,1.0,2,2.4522586949574885,2.373812668824569
2017-03-07,-0.004113806949971155,0.0,-0.004113806949971155,1.0,2,2.4421705760950454,2.3640472617696293
2017-03-08,-0.0023911615762352567,0.0,-0.0023911615762352567,1.0,2,2.4363309516508744,2.3583944427928816
2017-03-09,-0.0016050117848874224,0.0,-0.0016050117848874224,1.0,2,2.432420611761589,2.354609191918786
2017-03-10,0.004327376604449651,0.0,0.004327376604449651,1.0,2,2.442946611809107,2.3647984726485176
2017-03-13,0.0020196459272073253,0.0,0.0020196459272073253,1.0,2,2.447880498984032,2.369574528252468
2017-03-14,-0.003602439368937671,0.0,-0.003602439368937671,1.0,2,2.4390621579040372,2.3610382796842595
2017-03-15,0.01079643858993895,0.0,0.01079643858993895,1.0,2,2.4653953427088924,2.386529084479366
2017-03-16,0.00031915554493971987,0.0,0.00031915554493971987,1.0,2,2.4661821873029868,2.3872907584698377
2017-03-17,0.0018186786804107458,0.0,0.0018186786804107458,1.0,2,2.470667380269043,2.391632473276208
2017-03-20,-0.0017131293638081302,0.0,-0.0017131293638081302,1.0,2,2.466434807431701,2.3875352974588013
2017-03-21,-0.02158180805726362,0.0,-0.02158180805726362,1.0,2,2.413204684831956,2.3360079689391036
2017-03-22,0.0035025802460526556,0.0,0.0035025802460526556,1.0,2,2.42165712789073,2.3441900243057314
2017-03-23,0.0016470687856287025,0.0,0.0016470687856287025,1.0,2,2.425645763755574,2.3480510665223475
2017-03-24,0.001405276400129718,0.0,0.001405276400129718,1.0,2,2.4290544665024547,2.3513507272724308
2017-03-27,0.0018608451278341875,0.0,0.0018608451278341875,1.0,2,2.4335745606716896,2.355726226817105
2017-03-28,0.006972567559967113,0.0,0.006972567559967113,1.0,2,2.4505428237081905,2.3721516870863737
2017-03-29,0.0039367211785075185,0.0,0.0039367211785075185,1.0,2,2.4601899275411223,2.381490186871559
2017-03-30,0.004610281422998186,0.0,0.004610281422998186,1.0,2,2.4715320954611126,2.3924695268391454
2017-03-31,0.0004622276889519883,0.0,0.0004622276889519883,1.0,2,2.472674506029768,2.393575392499424
2017-04-03,-0.005549810712234038,0.0,-0.005549810712234038,1.0,2,2.458951630568336,2.3802915021455906
2017-04-04,0.00021143527803185735,0.0,0.00021143527803185735,1.0,2,2.459471539690012,2.3807947797411435
2017-04-05,-0.007636003362820609,0.0,-0.007636003362820609,1.0,2,2.440691006742177,2.362615022796854
2017-04-06,0.004911991961236151,0.0,0.004911991961236151,1.0,2,2.452679661347156,2.374220168796328
2017-04-07,-0.00048323538604744254,0.0,-0.00048323538604744254,1.0,2,2.4514944397441543,2.3730728615964978
2017-04-10,0.0012971398819821012,0.0,0.0012971398819821012,1.0,2,2.4546743709524037,2.376151069048124
2017-04-11,0.0018402111211024974,0.0,0.0018402111211024974,1.0,2,2.4591914900285157,2.3805236886708054
2017-04-12,-0.008820974331253895,0.0,-0.008820974331253895,1.0,2,2.437499025019336,2.3595251503180985
2017-04-13,-0.006880347416319599,0.0,-0.006880347416319599,1.0,2,2.4207281849002626,2.3432907975463664
2017-04-17,0.009991867202991611,0.0,0.009991867202991611,1.0,2,2.444915779458325,2.3667046480134415
2017-04-18,-0.000637047645119404,0.0,-0.000637047645119404,1.0,2,2.443358251618506,2.3651969443907315
2017-04-19,0.0025413460822115153,0.0,0.0025413460822115153,1.0,2,2.4495676705386957,2.371207728379017
2017-04-20,0.01052669749938362,0.0,0.01052669749938362,1.0,2,2.4753535284107264,2.3961687148438635
2017-04-21,-0.0012400587971814203,0.0,-0.0012400587971814203,1.0,2,2.4722839444916866,2.39319732474949
2017-04-24,0.012268818998509345,0.0,0.012268818998509345,1.0,2,2.502615948719576,2.4225590295545585
2017-04-25,0.008466663318499545,0.0,0.008466663318499545,1.0,2,2.523804755372892,2.443070021226988
2017-04-26,0.001865696147007434,0.0,0.001865696147007434,1.0,2,2.52851340818079,2.44762804755246
2017-04-27,0.0028588425326722122,0.0,0.0028588425326722122,1.0,2,2.535742029856529,2.454625430718965
2017-04-28,-0.005812580364445485,0.0,-0.005812580364445485,1.0,2,2.521002825524486,2.440357723138299
2017-05-01,0.007312804821293484,0.0,0.007312804821293484,1.0,2,2.5394384271414756,2.4582035828617452
2017-05-02,-0.0016976698895458386,0.0,-0.0016976698895458386,1.0,2,2.5351272989873617,2.454030364656747
2017-05-03,-0.004695357825622193,0.0,-0.004695357825622193,1.0,2,2.523223969185113,2.4425078139797414
2017-05-04,-0.0005017463914320786,0.0,-0.0005017463914320786,1.0,2,2.5219579506637992,2.4412822944980324
2017-05-05,0.005040418545269598,0.0,0.005040418545269598,1.0,2,2.5346696742887156,2.4535873790494587
2017-05-08,-0.0009982355521971353,0.0,-0.0009982355521971353,1.0,2,2.5321394769067647,2.4511381208972693
2017-05-09,0.0015241074979508995,0.0,0.0015241074979508995,1.0,2,2.535998729669376,2.454873918885842
2017-05-10,0.003406592166354916,0.0,0.003406592166354916,1.0,2,2.5446378430757535,2.4632366731473074
2017-05-11,-0.0038847423846844475,0.0,-0.0038847423846844475,1.0,2,2.5347525805930853,2.4536676332396232
2017-05-12,-0.0015225462974858273,0.0,-0.0015225462974858273,1.0,2,2.5308933024364606,2.4499318106693733
2017-05-15,0.005469764900726259,0.0,0.005469764900726259,1.0,2,2.5447366937896105,2.4633323616965455
2017-05-16,0.0022676608634994433,0.0,0.0022676608634994433,1.0,2,2.550507293598028,2.4689183640869565
2017-05-17,-0.02635966667305656,0.0,-0.02635966667305656,1.0,2,2.4832767714915844,2.4038384989666364
2017-05-18,0.006197650981278724,0.0,0.006197650981278724,1.0,2,2.4986672542112056,2.4187366509985924
2017-05-19,0.004509618510323943,0.0,0.004509618510323943,1.0,2,2.5099352903119367,2.4296442305715344
2017-05-22,0.00757812077524922,0.0,0.00757812077524922,1.0,2,2.528955883079981,2.448056367991693
2017-05-23,0.0021481293616902875,0.0,0.0021481293616902875,1.0,2,2.5343884074668446,2.4533151097548487
2017-05-24,0.002625087592486197,0.0,0.002625087592486197,1.0,2,2.541041399029827,2.459755276809925
2017-05-25,0.0045848511286651905,0.0,0.0045848511286651905,1.0,2,2.552691695556154,2.4710328885670476
2017-05-26,0.0007419575575916548,0.0,0.0007419575575916548,1.0,2,2.554585684451873,2.4728662900937772
2017-05-30,-0.0035085884222367802,0.0,-0.0035085884222367802,1.0,2,2.545622694695793,2.4641900200586146
2017-05-31,-0.0006773632574101351,0.0,-0.0006773632574101351,1.0,2,2.543898383415177,2.46252086827975
2017-06-01,0.004970693567064033,0.0005,0.004470693567064032,1.0,2,2.5565433227448833,2.473530044484329
2017-06-02,0.010469708245902543,0.0,0.010469708245902543,1.0,2,2.583309585452032,2.499427182387554
2017-06-05,-0.002235865100583656,0.0,-0.002235865100583656,1.0,2,2.577533653705917,2.4938388003790033
2017-06-06,-0.0031745011830562886,0.0,-0.0031745011830562886,1.0,2,2.56935127007286,2.4859221061568486
2017-06-07,0.0016019547454501626,0.0,0.0016019547454501626,1.0,2,2.5734672545326815,2.489904440871626
2017-06-08,-0.00018824781665305323,0.0,-0.00018824781665305323,1.0,2,2.5729828049407875,2.489435721796957
2017-06-09,-0.014278075655328959,0.0,-0.014278075655328959,1.0,2,2.5362455617919824,2.453891370222062
2017-06-12,-0.004225643236494436,0.0,-0.004225643236494436,1.0,2,2.525528292887707,2.443522100750391
2017-06-13,0.008375150097816975,0.0,0.008375150097816975,1.0,2,2.546679971416925,2.4639869651115083
2017-06-14,-0.002730949598822252,0.0,-0.002730949598822252,1.0,2,2.539725116770655,2.457257940897634
2017-06-15,-0.007531197791881217,0.0,-0.007531197791881217,1.0,2,2.520597944579247,2.4387518453190626
2017-06-16,0.0022849836223934883,0.0,0.0022849836223934883,1.0,2,2.526357469601249,2.4443243533446988
2017-06-19,0.01011998311950879,0.0,0.01011998311950879,1.0,2,2.551924164547459,2.4690608745391516
2017-06-20,-0.008457499101862942,0.0,-0.008457499101862942,1.0,2,2.5303412682177764,2.4481787944102917
2017-06-21,0.004480202102053965,0.0,0.004480202102053965,1.0,2,2.5416777084865596,2.4591471301912127
2017-06-22,0.0008334862440016466,0.0,0.0008334862440016466,1.0,2,2.5437961618932685,2.461196795496203
2017-06-23,0.00301668311251313,0.0,0.00301668311251313,1.0,2,2.5514699888165278,2.4686214463057476
2017-06-26,-0.0013243707086580958,0.0,-0.0013243707086580958,1.0,2,2.548090896699319,2.465352076371495
2017-06-27,-0.009217323716273929,0.0,-0.009217323716273929,1.0,2,2.5246043180459505,2.442628128208991
2017-06-28,0.011659560860703744,0.0,0.011659560860703744,1.0,2,2.554040095741403,2.4711080995299106
2017-06-29,-0.013755320701640594,0.0,-0.013755320701640594,1.0,2,2.518908455139631,2.437117215132455
2017-06-30,0.0011577390895559092,0.0,0.0011577390895559092,1.0,2,2.521824693921159,2.4399387609982437
2017-07-03,-0.006200967247648681,0.0,-0.006200967247648681,1.0,2,2.506186941589842,2.424808780655025
2017-07-05,0.005155036406888913,0.0,0.005155036406888913,1.0,2,2.519106426516207,2.4373087581990456
2017-07-06,-0.007542895912210745,0.0,-0.007542895912210745,1.0,2,2.500105068949214,2.4189243919300303
2017-07-07,0.00623438121651293,0.0,0.00623438121651293,1.0,2,2.5156916770303797,2.4340048887232437
2017-07-10,0.004116515751956706,0.0,0.004116515751956706,1.0,2,2.5260475614459414,2.4440245081880128
2017-07-11,0.0029912715723289796,0.0,0.0029912715723289796,1.0,2,2.533603655706846,2.451335249221431
2017-07-12,0.010391402983642606,0.0,0.010391402983642606,1.0,2,2.559931352294126,2.476808061644099
2017-07-13,0.002540490289684172,0.0,0.002540490289684172,1.0,2,2.566434833036887,2.4831003684741173
2017-07-14,0.00751299585630627,0.0,0.00751299585630627,1.0,2,2.5857164473029735,2.501755891253256
2017-07-17,-0.0005854392694956134,0.0,-0.0005854392694956134,1.0,2,2.5842026673549414,2.5002912651118243
2017-07-18,0.004414285178480137,0.0,0.004414285178480137,1.0,2,2.595610074887635,2.5113282637852907
2017-07-19,0.0053030860764358145,0.0,0.0053030860764358145,1.0,2,2.609374818535628,2.52464605373433
2017-07-20,0.002315483504787219,0.0,0.002315483504787219,1.0,2,2.615416782885754,2.5304918300271777
2017-07-21,-0.0014961407637348323,0.0,-0.0014961407637348323,1.0,2,2.6115037512227226,2.526705858047976
2017-07-24,0.0013469989727127318,0.0,0.0013469989727127318,1.0,2,2.6150214440928554,2.530109328243114
2017-07-25,-0.0009141191205701005,0.0,-0.0009141191205701005,1.0,2,2.612631002990109,2.5277965069290342
2017-07-26,0.004815549715012857,0.0,0.004815549715012857,1.0,2,2.6252122574719916,2.539969236677587
2017-07-27,-0.004974118250052395,0.0,-0.004974118250052395,1.0,2,2.612154141271839,2.527335129342857
2017-07-28,7.431780512662245e-05,0.0,7.431780512662245e-05,1.0,2,2.6123482708342705,2.5275229553424894
2017-07-31,-0.0010499342747377627,0.0,-0.0010499342747377627,1.0,2,2.6096054768471695,2.524869222361489
2017-08-01,0.003982648794894572,0.0,0.003982648794894572,1.0,2,2.619998618954685,2.5349248897271934
2017-08-02,0.0011366315535236704,0.0,0.0011366315535236704,1.0,2,2.6229765920551777,2.53780616534267
2017-08-03,-0.002645422821595078,0.0,-0.002645422821595078,1.0,2,2.616037709918045,2.5310925949960876
2017-08-04,0.0016104784387110938,0.0,0.0016104784387110938,1.0,2,2.6202507822447236,2.5351688650467104
2017-08-07,0.003516330068396911,0.0,0.003516330068396911,1.0,2,2.629464448857071,2.5440833555553377
2017-08-08,-0.003439763121707795,0.0,-0.003439763121707795,1.0,2,2.620419714016051,2.5353323114503477
2017-08-09,-0.0019137749606084054,0.0,-0.0019137749606084054,1.0,2,2.615404820381082,2.5304802559558723
2017-08-10,-0.017977342833485843,0.0,-0.017977342833485843,1.0,2,2.56838679127674,2.4849889448611866
2017-08-11,0.00366972059463172,0.0,0.00366972059463172,1.0,2,2.577812053179668,2.4941081599695756
2017-08-14,0.009887791094522314,0.0,0.009887791094522314,1.0,2,2.60330092024245,2.518769380422498
2017-08-15,-0.0001253988068294909,0.0,-0.0001253988068294909,1.0,2,2.6029744694132337,2.5184535297475144
2017-08-16,0.003954984510594561,0.0,0.003954984510594561,1.0,2,2.613269193121236,2.528413974448318
2017-08-17,-0.015939343931869465,0.0,-0.015939343931869465,1.0,2,2.5716153966655177,2.4881127145074413
2017-08-18,0.0010799070256057863,0.0,0.0010799070256057863,1.0,2,2.5743925021995326,2.490799644908337
2017-08-21,-0.0005178083207604267,0.0,-0.0005178083207604267,1.0,2,2.5730594603409904,2.4895098881268565
2017-08-22,0.010093549851681205,0.0,0.010093549851681205,1.0,2,2.599030764275282,2.514637880288918
2017-08-23,-0.0015326415400651605,0.0,-0.0015326415400651605,1.0,2,2.5950473817620465,2.510783841815366
2017-08-24,-0.002057370035044137,0.0,-0.002057370035044137,1.0,2,2.5897084090392894,2.505618230374742
2017-08-25,0.0019189816501514745,0.0,0.0019189816501514745,1.0,2,2.594678011955479,2.510426465781116
2017-08-28,0.001550012638136089,0.0,0.001550012638136089,1.0,2,2.5986997956659037,2.5143176585301883
2017-08-29,-9.672682730899052e-05,0.0,-9.672682730899052e-05,1.0,2,2.5984484316795404,2.5140744565602318
2017-08-30,0.005159747490864175,0.0,0.005159747490864175,1.0,2,2.611855769455039,2.5270464459293143
2017-08-31,0.009606940715638501,0.0,0.009606940715638501,1.0,2,2.636947712989992,2.551323631321022
2017-09-01,0.00026521365997039803,0.0,0.00026521365997039803,1.0,2,2.6376470675441044,2.5520002771990535
2017-09-05,-0.008139945989995567,0.0,-0.008139945989995567,1.0,2,2.616176762873625,2.5312271327761997
2017-09-06,0.0051798358110580756,0.0,0.0051798358110580756,1.0,2,2.629728128958016,2.544338473724476
2017-09-07,0.005277786314607735,0.0,0.005277786314607735,1.0,2,2.643607272088169,2.5577669485008285
2017-09-08,-0.004450027900259057,0.0,-0.004450027900259057,1.0,2,2.631843145970049,2.5463848142176393
2017-09-11,0.009464496751593554,0.0,0.009464496751593554,1.0,2,2.656752216875786,2.5704850650201094
2017-09-12,0.0022400297098477684,0.0,0.0022400297098477684,1.0,2,2.662703420773292,2.576243027934474
2017-09-13,-0.001622428107044216,0.0,-0.001622428107044216,1.0,2,2.6583833759027065,2.5720632588353762
2017-09-14,-0.001546341319594302,0.0,-0.001546341319594302,1.0,2,2.6542726078452255,2.568085971141629
2017-09-15,0.00194884777650417,0.0,0.00194884777650417,1.0,2,2.6594453811152605,2.5730907797763596
2017-09-18,0.00015828180829607907,0.0,0.00015828180829607907,1.0,2,2.6598663229392483,2.5734980532378926
2017-09-19,0.00327918719350212,0.0,0.00327918719350212,1.0,2,2.668588522521858,2.5819370350965727
2017-09-20,-0.0028217637028443154,0.0,-0.0028217637028443154,1.0,2,2.661058396291179,2.5746514188879077
2017-09-21,-0.0038715808409917063,0.0,-0.0038715808409917063,1.0,2,2.650755893587338,2.564683447782309
2017-09-22,0.0006778009490933656,0.0,0.0006778009490933656,1.0,2,2.652552578447826,2.56642179265734
2017-09-25,-0.007474997003222406,0.0,-0.007474997003222406,1.0,2,2.632724755873039,2.5472377974482217
2017-09-26,-0.0005550493084161001,0.0,-0.0005550493084161001,1.0,2,2.6312634638180414,2.5458239548703765
2017-09-27,0.005194346959577267,0.0,0.005194346959577267,1.0,2,2.6449311591911715,2.559047847789976
2017-09-28,0.0014562646865752815,0.0,0.0014562646865752815,1.0,2,2.648782879036724,2.5627744988019687
2017-09-29,0.006487440182794013,0.0,0.006487440182794013,1.0,2,2.665966699521684,2.5794003450649368
2017-10-02,-0.00012580017598873283,0.0,-0.00012580017598873283,1.0,2,2.665631320441704,2.579075856047582
2017-10-03,0.0030232717102760542,0.0,0.0030232717102760542,1.0,2,2.6736902482028215,2.586873103121827
2017-10-04,-0.0004364943892932738,0.0,-0.0004364943892932738,1.0,2,2.672523197410773,2.5857439475265003
2017-10-05,0.004425917936687729,0.0,0.004425917936687729,1.0,2,2.6843515657664074,2.5971882380435396
2017-10-06,0.00011518695459222794,0.0,0.00011518695459222794,1.0,2,2.684660768048323,2.597487400247183
2017-10-09,-0.00034197516740713807,0.0,-0.00034197516740713807,1.0,2,2.6837426807327383,2.5965991240586455
2017-10-10,0.00497855485693971,0.0,0.00497855485693971,1.0,2,2.6971038408906765,2.609526435239253
2017-10-11,0.0032032503385923117,0.0,0.0032032503385923117,1.0,2,2.705743339682228,2.6178854016764985
2017-10-12,-0.0009118845845400014,0.0,-0.0009118845845400014,1.0,2,2.7032760140410503,2.6154981923346177
2017-10-13,0.004433887852773877,0.0,0.004433887852773877,1.0,2,2.715262036722402,2.6270950179985624
2017-10-16,0.0012649560507512203,0.0,0.0012649560507512203,1.0,2,2.718696723865129,2.6304181777374778
2017-10-17,-0.0004943251041426011,0.0,-0.0004943251041426011,1.0,2,2.7173528038239723,2.629117895997829
2017-10-18,0.00030574011840717175,0.0,0.00030574011840717175,1.0,2,2.7181836075919676,2.6299217228146583
2017-10-19,-0.0027421223520002203,0.0,-0.0027421223520002203,1.0,2,2.710730015564749,2.6227101556745174
2017-10-20,0.000669470867038835,0.0,0.000669470867038835,1.0,2,2.7125447703385777,2.6244659837164286
2017-10-23,-0.004503278451135295,0.0,-0.004503278451135295,1.0,2,2.700329425926572,2.6126472826062206
2017-10-24,0.0019865621235491404,0.0,0.0019865621235491404,1.0,2,2.705693798085223,2.6178374687400394
2017-10-25,-0.003941455171829422,0.0,-0.003941455171829422,1.0,2,2.6950294272713733,2.6075193797098652
2017-10-26,-0.002162590327500824,0.0,-0.002162590327500824,1.0,2,2.689201182699626,2.6018803835205335
2017-10-27,0.016403685477105245,0.0,0.016403685477105245,1.0,2,2.73331399308529,2.6445608109808543
2017-10-30,0.002274641377406905,0.0,0.002274641377406905,1.0,2,2.739531302191407,2.65057623842658
2017-10-31,0.004150674469354132,0.0,0.004150674469354132,1.0,2,2.7509022048254095,2.661577917548494
2017-11-01,-0.005074283945053104,0.0005,-0.0055742839450531045,1.0,2,2.736943345933053,2.6467415264941954
2017-11-02,0.0005304014586597905,0.0,0.0005304014586597905,1.0,2,2.738395024676005,2.6481453620605433
2017-11-03,0.004462130649513507,0.0,0.004462130649513507,1.0,2,2.750614101046087,2.659961732644961
2017-11-06,0.002269930068432957,0.0,0.002269930068432957,1.0,2,2.7568578027007073,2.665999659762773
2017-11-07,-0.005688117325768849,0.0,-0.005688117325768849,1.0,2,2.7411764720684846,2.6508351409075828
2017-11-08,0.0027005031003447533,0.0,0.0027005031003447533,1.0,2,2.748579027629898,2.6579937294241067
2017-11-09,-0.004366422904142575,0.0,-0.004366422904142575,1.0,2,2.7365775692098087,2.646387804724882
2017-11-10,-0.0004051788987228244,0.0,-0.0004051788987228244,1.0,2,2.735468765724047,2.6453155442285703
2017-11-13,0.0007744595427768841,0.0,0.0007744595427768841,1.0,2,2.73758727561363,2.6473642340954546
2017-11-14,-0.003181883775901617,0.0,-0.003181883775901617,1.0,2,2.7288765910762405,2.638940628790084
2017-11-15,-0.004327162999912371,0.0,-0.004327162999912371,1.0,2,2.7170682972600084,2.627521502542218
2017-11-16,0.013696700583968213,0.0,0.013696700583968213,1.0,2,2.754283168193771,2.6635098778404767
2017-11-17,0.0004066802358704269,0.0,0.0004066802358704269,1.0,2,2.755403280722266,2.66459307466584
2017-11-20,0.003243040485279347,0.0,0.003243040485279347,1.0,2,2.7643391651149205,2.6732344578837766
2017-11-21,0.010616953928153539,0.0,0.010616953928153539,1.0,2,2.793688026672736,2.701616064962281
2017-11-22,-4.960727133890286e-05,0.0,-4.960727133890286e-05,1.0,2,2.7935494394327605,2.7014820451610926
2017-11-24,0.0020296912623262164,0.0,0.0020296912623262164,1.0,2,2.799219482320854,2.7069652196634877
2017-11-27,-0.0017413985543340282,0.0,-0.0017413985543340282,1.0,2,2.794344925561077,2.7022513143433335
2017-11-28,0.009132933175066138,0.0,0.009132933175066138,1.0,2,2.8198654910343115,2.726930795019466
2017-11-29,-0.007058295180415564,0.0,-0.007058295180415564,1.0,2,2.7999620480295238,2.7076833125316533
2017-11-30,0.005102815465132915,0.0,0.005102815465132915,1.0,2,2.814249737669994,2.721500120813522
2017-12-01,-0.004058610157455789,0.0005,-0.004558610157455789,1.0,2,2.8028277950990694,2.7090938627192647
2017-12-04,-0.0077230218742910806,0.0,-0.0077230218742910806,1.0,2,2.7811814947276483,2.688171471557976
2017-12-05,-0.0003479762053287816,0.0,-0.0003479762053287816,1.0,2,2.7802137097447823,2.68723605185003
2017-12-06,1.0139611545612048e-05,0.0,1.0139611545612048e-05,1.0,2,2.780241900031813,2.687263299379727
2017-12-07,0.0031715923692586245,0.0,0.0031715923692586245,1.0,2,2.7890596940266468,2.695786203154228
2017-12-08,0.0050502452796893915,0.0,0.0050502452796893915,1.0,2,2.803145129581177,2.7094005847017595
2017-12-11,0.0048909762489471875,0.0,0.0048909762489471875,1.0,2,2.8168552458323104,2.7226521986104193
2017-12-12,-0.00033640709779048095,0.0,-0.00033640709779048095,1.0,2,2.815907635734164,2.721736279085992
2017-12-13,0.003100833989518048,0.0,0.003100833989518048,1.0,2,2.824639297842392,2.730175931450686
2017-12-14,-0.002702138480246974,0.0,-0.002702138480246974,1.0,2,2.817006731302874,2.722798618008469
2017-12-15,0.005325533525900483,0.0,0.005325533525900483,1.0,2,2.8320087950931145,2.737298973332948
2017-12-18,0.009805952236005222,0.0,0.009805952236005222,1.0,2,2.8597793380697443,2.764140796321117
2017-12-19,-0.004524985270485837,0.0,-0.004524985270485837,1.0,2,2.846838878688139,2.751633099932215
2017-12-20,-0.0008628310285450635,0.0,-0.0008628310285450635,1.0,2,2.844382537770339,2.749258905514422
2017-12-21,0.001664656930111974,0.0,0.001664656930111974,1.0,2,2.8491174588737276,2.7538354784041585
2017-12-22,0.0006651741534242639,0.0,0.0006651741534242639,1.0,2,2.8510126181674402,2.7556672585871755
2017-12-26,-0.002587756049014567,0.0,-0.002587756049014567,1.0,2,2.8436348930189603,2.748536263969695
2017-12-27,0.0012970751381446988,0.0,0.0012970751381446988,1.0,2,2.847323301140656,2.752101322023979
2017-12-28,0.0021791316685573214,0.0,0.0021791316685573214,1.0,2,2.8535279935167925,2.7580985131698803
2017-12-29,-0.002970171444102998,0.0,-0.002970171444102998,1.0,2,2.8450525261555004,2.74990648772604
2018-01-02,0.013069508331081114,0.0,0.013069508331081114,1.0,2,2.8822359638484527,2.7858464134770693
2018-01-03,0.007944676082721314,0.0,0.007944676082721314,1.0,2,2.9051343949751987,2.8079790608483557
2018-01-04,0.005374690244887348,0.0,0.005374690244887348,1.0,2,2.9207485924679584,2.8230710785145448
2018-01-05,0.0074004398198597166,0.0,0.0074004398198597166,1.0,2,2.9423634166554575,2.843963046138278
2018-01-08,0.0017289630827729274,0.0,0.0017289630827729274,1.0,2,2.9474506543789567,2.848880153253822
2018-01-09,0.0004661276336688225,0.0,0.0004661276336688225,1.0,2,2.948824542577838,2.850208095018264
2018-01-10,-0.0024640823028165837,0.0,-0.0024640823028165837,1.0,2,2.9415583962083605,2.8431849476919853
2018-01-11,0.006669515323514785,0.0,0.006669515323514785,1.0,2,2.9611771650068857,2.8621476132682035
2018-01-12,0.008412705323752878,0.0,0.008412705323752878,1.0,2,2.9860886759075145,2.8862260177317114
2018-01-16,-0.0019247969694902722,0.0,-0.0019247969694902722,1.0,2,2.9803410614734984,2.8806706186395177
2018-01-17,0.008051869374050336,0.0,0.008051869374050336,1.0,2,3.0043383783906017,2.9038654021704677
2018-01-18,-0.0010764184896494,0.0,-0.0010764184896494,1.0,2,3.0011044530109388,2.9007396277601183
2018-01-19,0.003807780960805196,0.0,0.003807780960805196,1.0,2,3.0125320014085015,2.9117850088869566
2018-01-22,0.008004356755328401,0.0,0.008004356755328401,1.0,2,3.036645382284619,2.935091974892905
2018-01-23,0.0057085740653398664,0.0,0.0057085740653398664,1.0,2,3.0539802973595633,2.9518471648201663
2018-01-24,-0.0016477901770770575,0.0,-0.0016477901770770575,1.0,2,3.048947978624587,2.9469831400577426
2018-01-25,-0.0019218035351383778,0.0,-0.0019218035351383778,1.0,2,3.0430884996208136,2.9413196174411866
2018-01-26,0.011838707936770998,0.0,0.011838707936770998,1.0,2,3.079114735593571,2.976141041340768
2018-01-29,-0.007032894718650429,0.0,-0.007032894718650429,1.0,2,3.0574596458314964,2.9552101547291634
2018-01-30,-0.00791231739800069,0.0,-0.00791231739800069,1.0,2,3.033268054682099,2.9318275940071516
2018-01-31,0.0011333794691267274,0.0,0.0011333794691267274,1.0,2,3.0367058984196333,2.935150467209218
2018-02-01,-0.004091090736344505,0.0005,-0.004591090736344505,1.0,2,3.0242824590496062,2.921674925089437
2018-02-02,-0.020932930939038308,0.0,-0.020932930939038308,1.0,2,2.960975363194176,2.86051570565622
2018-02-05,-0.04089315376926739,0.0,-0.04089315376926739,1.0,2,2.8398917423600643,2.743540197045416
2018-02-06,0.02367275444568695,0.0,0.02367275444568695,1.0,2,2.907119802229288,2.8084873504419434
2018-02-07,-0.009200937556985145,0.0,-0.009200937556985145,1.0,2,2.8803715744583016,2.7826466337009443
2018-02-08,-0.03976998577171126,0.0,-0.03976998577171126,1.0,2,2.765819237924853,2.6719808166709575
2018-02-09,0.016107072319247573,0.0,0.016107072319247573,1.0,2,2.810368488412075,2.715018604920719
2018-02-12,0.01615133668901847,0.0,0.01615133668901847,1.0,2,2.8557596960886267,2.758869784525743
2018-02-13,0.0038758173564110154,0.0,0.0038758173564110154,1.0,2,2.8668280990844663,2.7695626599206857
2018-02-14,0.01624612695074995,0.0,0.01624612695074995,1.0,2,2.9134029523281697,2.814557326491814
2018-02-15,0.015599575463606241,0.0,0.015599575463606241,1.0,2,2.9588508015389063,2.8584632259030687
2018-02-16,-0.002084546525324804,0.0,-0.002084546525324804,1.0,2,2.952682939381604,2.852504626317744
2018-02-20,-0.0021251664019721894,0.0,-0.0021251664019721894,1.0,2,2.9464079968031536,2.8464425793244237
2018-02-21,-0.003883618831800939,0.0,-0.003883618831800939,1.0,2,2.9349652712206,2.835388081319719
2018-02-22,0.0006019584428382241,0.0,0.0006019584428382241,1.0,2,2.9367319983450484,2.8370948671139926
2018-02-23,0.018117193955627164,0.0,0.018117193955627164,1.0,2,2.9899373415547625,2.8884950650920116
2018-02-26,0.012400272385263977,0.0,0.012400272385263977,1.0,2,3.027013379004914,2.9243131906826436
2018-02-27,-0.012427654795715948,0.0,-0.012427654795715948,1.0,2,2.989394701668627,2.887970835834281
2018-02-28,-0.008206091991170894,0.0,-0.008206091991170894,1.0,2,2.9648634537488157,2.8642718814876065
2018-03-01,-0.015435181215327054,0.0,-0.015435181215327054,1.0,2,2.9191002490615023,2.8200613259468796
2018-03-02,0.0073405432187335085,0.0,0.0073405432187335085,1.0,2,2.940528030599554,2.8407621079894714
2018-03-05,0.011400724313127664,0.0,0.011400724313127664,1.0,2,2.974052180011444,2.873148853621839
2018-03-06,0.0033875901634494165,0.0,0.0033875901634494165,1.0,2,2.9841270499220363,2.8828819044164944
2018-03-07,0.0010515032432319438,0.0,0.0010515032432319438,1.0,2,2.987264869193245,2.8859132640888427
2018-03-08,0.0051663386725413485,0.0,0.0051663386725413485,1.0,2,3.0026980912120824,2.900822869390705
2018-03-09,0.018338312614257335,0.0,0.018338312614257335,1.0,2,3.0577625074949633,2.9540190660081787
2018-03-12,0.0020268662295700457,0.0,0.0020268662295700457,1.0,2,3.0639601830594505,2.960006467494577
2018-03-13,-0.009994151654161176,0.0,-0.009994151654161176,1.0,2,3.033338500327643,2.9304237139611384
2018-03-14,-0.0026211977504809747,0.0,-0.0026211977504809747,1.0,2,3.025387520274137,2.9227424939141473
2018-03-15,-0.0009777062138825454,0.0,-0.0009777062138825454,1.0,2,3.0224295800961625,2.919884910416269
2018-03-16,-0.0009391450960614112,0.0,-0.0009391450960614112,1.0,2,3.019591080177824,2.917142714821588
2018-03-19,-0.01750641949025833,0.0,-0.01750641949025833,1.0,2,2.966728852039189,2.86607399074297
2018-03-20,0.002495484178964835,0.0,0.002495484178964835,1.0,2,2.974132276952731,2.8732262330426117
2018-03-21,-0.0031393339508699047,0.0,-0.0031393339508699047,1.0,2,2.9647954825213154,2.864206216380691
2018-03-22,-0.024989761031303404,0.0,-0.024989761031303404,1.0,2,2.8907059519064195,2.7926303874889635
2018-03-23,-0.023825759805570612,0.0,-0.023825759805570612,1.0,2,2.8218326862277636,2.726093846650914
2018-03-26,0.032001196800195086,0.0,0.032001196800195086,1.0,2,2.912134709356961,2.8133321123333905
2018-03-27,-0.024497408790575215,0.0,-0.024497408790575215,1.0,2,2.840794954928621,2.744412765513907
2018-03-28,-0.0072449781163116955,0.0,-0.0072449781163116955,1.0,2,2.820213457647234,2.724529555085632
2018-03-29,0.015492193662317022,0.0,0.015492193662317022,1.0,2,2.8639047507021775,2.766738494591725
2018-04-02,-0.025318117108835136,0.0,-0.025318117108835136,1.0,2,2.7913960748353506,2.6966898853761294
2018-04-03,0.012004351018073733,0.0,0.012004351018073733,1.0,2,2.8249049731481475,2.7290618973470737
2018-04-04,0.013784875565838295,0.0,0.013784875565838295,1.0,2,2.8638459366883127,2.766681676013474
2018-04-05,0.006814177894236939,0.0,0.006814177894236939,1.0,2,2.8833606923625945,2.785534337130555
2018-04-06,-0.023791209374102007,0.0,-0.023791209374102007,1.0,2,2.8147620544295404,2.7192631064971318
2018-04-09,0.005986889023750497,0.0,0.005986889023750497,1.0,2,2.831613722477674,2.735543032942109
2018-04-10,0.018911815209333827,0.0,0.018911815209333827,1.0,2,2.885164677941386,2.787277117278291
2018-04-11,-0.005500680973887118,0.0,-0.005500680973887118,1.0,2,2.869294307490903,2.7719451950703276
2018-04-12,0.010109093145794446,0.0,0.010109093145794446,1.0,2,2.8983002709080266,2.799967047242331
2018-04-13,-0.004006894550503237,0.0,-0.004006894550503237,1.0,2,2.8866870873468033,2.788747874539147
2018-04-16,0.007915422091091195,0.0,0.007915422091091195,1.0,2,2.9095364340880554,2.810821991071758
2018-04-17,0.016042855007517343,0.0,0.016042855007517343,1.0,2,2.956213705239219,2.855915600726463
2018-04-18,0.0013947021324333675,0.0,0.0013947021324333675,1.0,2,2.960336742797845,2.8598987523048462
2018-04-19,-0.007384419524925023,0.0,-0.007384419524925023,1.0,2,2.9384763743539755,2.8387800601190176
2018-04-20,-0.012171255215322696,0.0,-0.012171255215322696,1.0,2,2.902711428457517,2.80422854350714
2018-04-23,-0.0013169143907521552,0.0,-0.0013169143907521552,1.0,2,2.8988888060051807,2.8005356145832376
2018-04-24,-0.0172274957438191,0.0,-0.0172274957438191,1.0,2,2.8489482114379214,2.752289399202591
2018-04-25,0.0018362496437964726,0.0,0.0018362496437964726,1.0,2,2.854179591576369,2.7573432896315015
2018-04-26,0.015544821128746444,0.0,0.015544821128746444,1.0,2,2.8985473027967426,2.800205697859373
2018-04-27,0.000881751253124341,0.0,0.000881751253124341,1.0,2,2.9011031005132235,2.802674782742466
2018-04-30,-0.007367935386862257,0.0,-0.007367935386862257,1.0,2,2.879727960318016,2.782024856032831
2018-05-01,0.0035217967517289783,0.0005,0.0030217967517289783,1.0,2,2.889869776894527,2.7904315697060205
2018-05-02,-0.003602579151019525,0.0,-0.003602579151019525,1.0,2,2.8794587922871253,2.780378819110651
2018-05-03,0.0009571527152638648,0.0,0.0009571527152638648,1.0,2,2.8822148740886533,2.783040066246825
2018-05-04,0.01146638384402815,0.0,0.01146638384402815,1.0,2,2.915263456155921,2.8149514718997204
2018-05-07,0.004035245525223996,0.0,0.004035245525223996,1.0,2,2.927027259972223,2.826310492230426
2018-05-08,-0.0005053301604560634,0.0,-0.0005053301604560634,1.0,2,2.925548144817282,2.8248822722958886
2018-05-09,0.006999025104514556,0.0,0.006999025104514556,1.0,2,2.946024129727324,2.8446536942369853
2018-05-10,0.008712373139359797,0.0,0.008712373139359797,1.0,2,2.9716909912230665,2.8694373786734366
2018-05-11,0.0005219623200466983,0.0,0.0005219623200466983,1.0,2,2.9732421019473074,2.870935116864838
2018-05-14,0.0017395464957952744,0.0,0.0017395464957952744,1.0,2,2.9784141948269007,2.875929241987036
2018-05-15,-0.009718650606107826,0.0,-0.009718650606107826,1.0,2,2.9494680279071064,2.8479790905162754
2018-05-16,0.004849723071159717,0.0,0.004849723071159717,1.0,2,2.9637721310496956,2.8617910004177327
2018-05-17,-0.0012625672899558293,0.0,-0.0012625672899558293,1.0,2,2.96003016930215,2.8581777967099153
2018-05-18,-0.004349483360946482,0.0,-0.004349483360946482,1.0,2,2.9471555673328704,2.845746199940499
2018-05-21,0.006016465004166416,0.0,0.006016465004166416,1.0,2,2.964887025665563,2.8628675323631807
2018-05-22,-0.0009671806380336934,0.0,-0.0009671806380336934,1.0,2,2.962019444340382,2.860098622316624
2018-05-23,-0.00042285249189372154,0.0,-0.00042285249189372154,1.0,2,2.960766947037305,2.8588892224871154
2018-05-24,-0.0018127570664414616,0.0,-0.0018127570664414616,1.0,2,2.9553997958319767,2.8537067508468787
2018-05-25,-0.002281228438819616,0.0,-0.002281228438819616,1.0,2,2.948657853769643,2.847196793850795
2018-05-29,-0.012320953100735776,0.0,-0.012320953100735776,1.0,2,2.912327578643231,2.8121166156851944
2018-05-30,0.010743306235078576,0.0,0.010743306235078576,1.0,2,2.94361560567746,2.842328045656253
2018-05-31,-0.0030288831331206634,0.0,-0.0030288831331206634,1.0,2,2.9346997380190327,2.833718966179969
2018-06-01,0.011702370954982388,0.0005,0.011202370954982388,1.0,2,2.969042682994821,2.8654633372212865
2018-06-04,0.007158916053488618,0.0,0.007158916053488618,1.0,2,2.990297810321606,2.885976948706803
2018-06-05,0.004647687098971565,0.0,0.004647687098971565,1.0,2,3.0041957788767206,2.899390066539237
2018-06-06,0.006535429174901908,0.0,0.006535429174901908,1.0,2,3.0238294876171086,2.9183388249695184
2018-06-07,-0.0067871358307499685,0.0,-0.0067871358307499685,1.0,2,3.003306346155624,2.8985316629642988
2018-06-08,0.0015453388660326972,0.0,0.0015453388660326972,1.0,2,3.007947472178941,2.903010876597504
2018-06-11,0.002098745693504045,0.0,0.002098745693504045,1.0,2,3.014260388982463,2.909103558172958
2018-06-12,0.004904228468111338,0.0,0.004904228468111338,1.0,2,3.029043010592411,2.923370466659634
2018-06-13,-0.001993151314915065,0.0,-0.001993151314915065,1.0,2,3.0230056695329144,2.9175437469700274
2018-06-14,0.007713243339882436,0.0,0.007713243339882436,1.0,2,3.046322847879866,2.9400474718451592
2018-06-15,-0.0015907610892547108,0.0,-0.0015907610892547108,1.0,2,3.0414768760281508,2.9353705587263863
2018-06-18,0.002107721965698195,0.0,0.002107721965698195,1.0,2,3.0478874636479185,2.9415575037304778
2018-06-19,-0.0013044102030905225,0.0,-0.0013044102030905225,1.0,2,3.0439117681424643,2.937720506109634
2018-06-20,0.007570601067975691,0.0,0.007570601067975691,1.0,2,3.0669560098251876,2.9599608161106015
2018-06-21,-0.009006777689251455,0.0,-0.009006777689251455,1.0,2,3.039332618861978,2.933301107070998
2018-06-22,-0.002750266172907412,0.0,-0.002750266172907412,1.0,2,3.0309736451721077,2.925233748261269
2018-06-25,-0.019512720759453928,0.0,-0.019512720759453928,1.0,2,2.9718311028046003,2.8681544789753164
2018-06-26,0.00494739514414122,0.0,0.00494739514414122,1.0,2,2.9865339255718237,2.8823443725172457
2018-06-27,-0.014763408428546454,0.0,-0.014763408428546454,1.0,2,2.942442505442897,2.8397911453140514
2018-06-28,0.005839063392435062,0.0,0.005839063392435062,1.0,2,2.9596236137607734,2.8563728658328156
2018-06-29,0.0010172076797905771,0.0,0.0010172076797905771,1.0,2,2.9626341656299804,2.859278390248286
2018-07-02,0.006916509225114775,0.0,0.006916509225114775,1.0,2,2.9831252521672007,2.8790546156116097
2018-07-03,-0.0037668821131272567,0.0,-0.0037668821131272567,1.0,2,2.971888171013594,2.8682095562773458
2018-07-05,0.011869184832918434,0.0,0.011869184832918434,1.0,2,3.0071620610181182,2.9022528656403446
2018-07-06,0.011985718375324583,0.0,0.011985718375324583,1.0,2,3.043205058590442,2.937038451141889
2018-07-09,0.007634693507885593,0.0,0.007634693507885593,1.0,2,3.0664389964944276,2.9594618395372327
2018-07-10,-0.001900958124176566,0.0,-0.001900958124176566,1.0,2,3.06060982437175,2.953836026510174
2018-07-11,-0.00677778212864838,0.0,-0.00677778212864838,1.0,2,3.0398656778013575,2.933815569478736
2018-07-12,0.011014024327943683,0.0,0.011014024327943683,1.0,2,3.073346832330343,2.9661286855346747
2018-07-13,-0.0010716817498396813,0.0,-0.0010716817498396813,1.0,2,3.0700531826192066,2.962949939554711
2018-07-16,-0.003131783263670529,0.0,-0.003131783263670529,1.0,2,3.060438441443301,2.9536706225229197
2018-07-17,0.005349926063486554,0.0,0.005349926063486554,1.0,2,3.076811560826875,2.9694725419693095
2018-07-18,0.00046157648278793983,0.0,0.00046157648278793983,1.0,2,3.078231744685323,2.9708431806609674
2018-07-19,0.0010437060292620148,0.0,0.0010437060292620148,1.0,2,3.081444513716717,2.9739438676006156
2018-07-20,-0.002148179691662311,0.0,-0.002148179691662311,1.0,2,3.0748250171913667,2.9675553017800924
2018-07-23,0.0022260376957473627,0.0,0.0022260376957473627,1.0,2,3.0816696935874615,2.9741611917460693
2018-07-24,-0.003209364678242399,0.0,-0.003209364678242399,1.0,2,3.0717794917228516,2.96461602386988
2018-07-25,0.008812536119228165,0.0,0.008812536119228165,1.0,2,3.0988496594439634,2.990741809659876
2018-07-26,-0.004902228286020105,0.0,-0.004902228286020105,1.0,2,3.0836583909893136,2.9760805105643784
2018-07-27,-0.016003080272379455,0.0,-0.016003080272379455,1.0,2,3.0343103582257154,2.928454055256753
2018-07-30,-0.010272619082140277,0.0,-0.010272619082140277,1.0,2,3.00314004373867,2.8983711622475514
2018-07-31,0.008895881904353087,0.0,0.008895881904353087,1.0,2,3.0298556229100027,2.924154729821888
2018-08-01,0.001565565917759193,0.0,0.001565565917759193,1.0,2,3.0345990616089615,2.928732686805151
2018-08-02,0.010556112748786262,0.0,0.010556112748786262,1.0,2,3.0666326314506667,2.959648719258122
2018-08-03,-0.00020387361877149957,0.0,-0.00020387361877149957,1.0,2,3.06600742595865,2.9590453249634345
2018-08-06,0.005742495711186291,0.0,0.005742495711186291,1.0,2,3.083613960452683,2.9760376300512426
2018-08-07,0.003017644886206039,0.0,0.003017644886206039,1.0,2,3.0929192123514766,2.9850182547867234
2018-08-08,0.0001595907052680534,0.0,0.0001595907052680534,1.0,2,3.093412813509913,2.985494635955243
2018-08-09,0.0009803211743811824,0.0,0.0009803211743811824,1.0,2,3.0964453515920987,2.9884213795628707
2018-08-10,-0.00521413630342954,0.0,-0.00521413630342954,1.0,2,3.0803000634727766,2.972839343157747
2018-08-13,-0.0034716496107637385,0.0,-0.0034716496107637385,1.0,2,3.0696063409563856,2.9625186866092106
2018-08-14,0.008073777724932008,0.0,0.008073777724932008,1.0,2,3.0943896602563092,2.986437403990851
2018-08-15,-0.01242119048906204,0.0,-0.01242119048906204,1.0,2,3.0559536568388816,2.9493422961122207
2018-08-16,0.006287927726060294,0.0,0.006287927726060294,1.0,2,3.0751692725672743,2.967887547309587
2018-08-17,0.0022652403120443365,0.0,0.0022652403120443365,1.0,2,3.082135269969854,2.9746105258233677
2018-08-20,0.0009543303177157458,0.0,0.0009543303177157458,1.0,2,3.0850766451012874,2.977449286831557
2018-08-21,0.007572025362145407,0.0,0.007572025362145407,1.0,2,3.1084369237021567,2.9999946083459474
2018-08-22,0.0031783676405529038,0.0,0.0031783676405529038,1.0,2,3.118316679033151,3.009529694130947
2018-08-23,-0.002237070792127427,0.0,-0.002237070792127427,1.0,2,3.111340783869882,3.0027971631541663
2018-08-24,0.007357171632682902,0.0,0.007357171632682902,1.0,2,3.1342314520245793,3.0248892572616253
2018-08-27,0.005814246866419737,0.0,0.005814246866419737,1.0,2,3.152454647423147,3.0424767101469254
2018-08-28,0.0012003532824831908,0.0,0.0012003532824831908,1.0,2,3.156238706707061,3.046128757052829
2018-08-29,0.007213989108503016,0.0,0.007213989108503016,1.0,2,3.1790077783610813,3.068103496729306
2018-08-30,-0.0012884287402054606,0.0,-0.0012884287402054606,1.0,2,3.174911853374104,3.064150464006195
2018-08-31,0.0025671579663061883,0.0,0.0025671579663061883,1.0,2,3.1830623536308136,3.0720166222798295
2018-09-04,-0.004372011050658375,0.0,-0.004372011050658375,1.0,2,3.169145969845805,3.0585857316594156
2018-09-05,-0.007802719936464864,0.0,-0.007802719936464864,1.0,2,3.144418011405322,3.0347204437936095
2018-09-06,-0.007834167076375353,0.0,-0.007834167076375353,1.0,2,3.119784115346009,3.0109459368068388
2018-09-07,-0.002174307972542755,0.0,-0.002174307972542755,1.0,2,3.1130007438714,3.0043992130515447
2018-09-10,0.0023126306648670325,0.0,0.0023126306648670325,1.0,2,3.120199964851431,3.0113472788011504
2018-09-11,0.00469690568293768,0.0,0.00469690568293768,1.0,2,3.1348552497982434,3.0254912929482503
2018-09-12,-0.0026749492660742558,0.0,-0.0026749492660742558,1.0,2,3.1264696710485467,3.0173982572346643
2018-09-13,0.005450520461931507,0.0,0.005450520461931507,1.0,2,3.143510557964205,3.033844648177518
2018-09-14,0.0006465550187946256,0.0,0.0006465550187946256,1.0,2,3.1455430104920907,3.0358061956610403
2018-09-17,-0.012520649828137942,0.0,-0.012520649828137942,1.0,2,3.1061587679383726,2.997795929339077
2018-09-18,0.006224273485733733,0.0,0.006224273485733733,1.0,2,3.1254923496001306,3.0164550310577023
2018-09-19,-0.0022032340825652863,0.0,-0.0022032340825652863,1.0,2,3.1186061583306945,3.0098090745247505
2018-09-20,0.010130587858053874,0.0,0.010130587858053874,1.0,2,3.150199472012332,3.0403002097901917
2018-09-21,-0.005105327678872784,0.0,-0.005105327678872784,1.0,2,3.134116671453897,3.024778480977067
2018-09-24,-0.00042248528252541995,0.0,-0.00042248528252541995,1.0,2,3.13279255328649,3.0235005565859545
2018-09-25,0.0014459039583880617,0.0,0.0014459039583880617,1.0,2,3.137322270440096,3.0278722480089106
2018-09-26,-0.0042054056353315605,0.0,-0.0042054056353315605,1.0,2,3.124128557684136,3.01513881699407
2018-09-27,0.004255655288334437,0.0,0.004255655288334437,1.0,2,3.137423771902081,3.027970208445673
2018-09-28,0.0014251775366877495,0.0,0.0014251775366877495,1.0,2,3.141895157784866,3.0322856035685097
2018-10-01,0.0025779813568315713,0.0005,0.0020779813568315712,1.0,2,3.149994904926755,3.0385866365213143
2018-10-02,-0.0014200118762643377,0.0,-0.0014200118762643377,1.0,2,3.1455218747515863,3.034271807410396
2018-10-03,0.0008262968964596884,0.0,0.0008262968964596884,1.0,2,3.148121009714439,3.036779016787874
2018-10-04,-0.013543344139805624,0.0,-0.013543344139805624,1.0,2,3.105484923486124,2.995650873486975
2018-10-05,-0.008909942605825505,0.0,-0.008909942605825505,1.0,2,3.0778152310546067,2.9689597961371152
2018-10-08,-0.0030539879057747132,0.0,-0.0030539879057747132,1.0,2,3.0684156205627566,2.959892628826981
2018-10-09,0.0008890756820062462,0.0,0.0008890756820062462,1.0,2,3.0711436742732876,2.9625241973846212
2018-10-10,-0.037969034061467066,0.0,-0.037969034061467066,1.0,2,2.9545353154971457,2.850040015226204
2018-10-11,-0.017271098489445358,0.0,-0.017271098489445358,1.0,2,2.90350724507265,2.8008166934243723
2018-10-12,0.020873007494099594,0.0,0.020873007494099594,1.0,2,2.9641121735582234,2.8592781612558182
2018-10-15,-0.008878883669616033,0.0,-0.008878883669616033,1.0,2,2.937794166385507,2.833890963082954
2018-10-16,0.025327357890202573,0.0,0.025327357890202573,1.0,2,3.0122007306453025,2.9056659337267674
2018-10-17,0.0002976496028844755,0.0,0.0002976496028844755,1.0,2,3.0130973109965877,2.9065308040380566
2018-10-18,-0.01886883128101491,0.0,-0.01886883128101491,1.0,2,2.9562436862021135,2.85168796468359
2018-10-19,-0.0006927703929683338,0.0,-0.0006927703929683338,1.0,2,2.954195688101913,2.849712399691673
2018-10-22,0.00033989654002886116,0.0,0.00033989654002886116,1.0,2,2.955199808994867,2.850681007076405
2018-10-23,-0.004168242244703746,0.0,-0.004168242244703746,1.0,2,2.942881820309474,2.838798678076534
2018-10-24,-0.03807333154752657,0.0,-0.03807333154752657,1.0,2,2.8308365050596427,2.7307161548094463
2018-10-25,0.026083034120358506,0.0,0.026083034120358506,1.0,2,2.9046733102102693,2.801941517448355
2018-10-26,-0.021520321910104945,0.0,-0.021520321910104945,1.0,2,2.8421638055308542,2.7416428340195784
2018-10-29,-0.012669941615438218,0.0,-0.012669941615438218,1.0,2,2.806153756053267,2.7069063793821657
2018-10-30,0.015683278680109214,0.0,0.015683278680109214,1.0,2,2.850163447428686,2.749359546490982
2018-10-31,0.01703558474659067,0.0,0.01703558474659067,1.0,2,2.8987176483789923,2.796196494044077
2018-11-01,0.002528161058853673,0.001,0.001528161058853673,0.0,1,2.906046073458236,2.8004695326391786
2018-11-02,1.196108678769292e-08,0.0,1.196108678769292e-08,0.0,1,2.906046108217705,2.800469566135838
2018-11-05,0.00010895217613704489,0.0,0.00010895217613704489,0.0,1,2.9063627282651496,2.8007746833892737
2018-11-06,0.0,0.0,0.0,0.0,1,2.9063627282651496,2.8007746833892737
2018-11-07,0.00010904226616959001,0.0,0.00010904226616959001,0.0,1,2.9066796446433507,2.8010800862077807
2018-11-08,0.00010964233446575378,0.0,0.00010964233446575378,0.0,1,2.9069983397851336,2.801387203167458
2018-11-09,0.00021863678804678877,0.0,0.00021863678804678877,0.0,1,2.9076339165650014,2.801999689467634
2018-11-12,-0.00010950441188917193,0.0,-0.00010950441188917193,0.0,1,2.907315517822979,2.8016928581395253
2018-11-13,0.00010951635994871367,0.0,0.00010951635994871367,0.0,1,2.9076339164357132,2.801999689343043
2018-11-14,-0.00010950441188917193,0.0,-0.00010950441188917193,0.0,1,2.907315517693705,2.801692858014948
2018-11-15,0.00032824323486502216,0.0,0.00032824323486502216,0.0,1,2.908269824344006,2.802612494741761
2018-11-16,0.00010927657176562633,0.0,0.00010927657176562633,0.0,1,2.90858763010018,2.802918754627174
2018-11-19,-0.00010926463163951627,0.0,-0.00010926463163951627,0.0,1,2.9082698243441856,2.8026124947419344
2018-11-20,0.00021875701773232947,0.0,0.00021875701773232947,0.0,1,2.90890602877772,2.8032255858931436
2018-11-21,0.00021833728904463445,0.0,0.00021833728904463445,0.0,1,2.9095411514341287,2.803837634568148
2018-11-23,0.0,0.0,0.0,0.0,1,2.9095411514341287,2.803837634568148
2018-11-26,0.00010912693459586009,0.0,0.00010912693459586009,0.0,1,2.9098586607410653,2.804143608774313
2018-11-27,0.0,0.0,0.0,0.0,1,2.9098586607410653,2.804143608774313
2018-11-28,0.00010911502929544792,0.0,0.00010911502929544792,0.0,1,2.910176170054078,2.8044495829863334
2018-11-29,0.0001094087334043703,0.0,0.0001094087334043703,0.0,1,2.910494568742827,2.8047564142631045
2018-11-30,0.00010901314668854134,0.0,0.00010901314668854134,0.0,1,2.9108118509141856,2.805062169585518
2018-12-03,-0.0017811682859765199,0.0005,-0.00228116828597652,0.5,2,2.9056272051588925,2.798663350724067
2018-12-04,-0.016194946132929988,0.0,-0.016194946132929988,0.5,2,2.858570729088968,2.7533391485148853
2018-12-06,-0.0005310261307951425,0.0,-0.0005310261307951425,0.5,2,2.8570527533350956,2.7518770534800825
2018-12-07,-0.011578977521600309,0.0,-0.011578977521600309,0.5,2,2.8239710037262022,2.720013130935629
2018-12-10,0.001004194509268197,0.0,0.001004194509268197,0.5,2,2.826806819902477,2.722744553186852
2018-12-11,0.0001485672266499094,0.0,0.0001485672266499094,0.5,2,2.827226790751985,2.7231490637939952
2018-12-12,0.0026745910229598047,0.0,0.0026745910229598047,0.5,2,2.8347884661464016,2.7304323738342
2018-12-13,-0.00010609228399821591,0.0,-0.00010609228399821591,0.5,2,2.8344877169633764,2.7301426960273574
2018-12-14,-0.009220836096958673,0.0,-0.009220836096958673,0.5,2,2.8083513703064145,2.7049684977059805
2018-12-17,-0.009786429477156189,0.0,-0.009786429477156189,0.5,2,2.780867637673836,2.6784965142652517
2018-12-18,-0.0005185388850890704,0.0,-0.0005185388850890704,0.5,2,2.7794256496694167,2.67710760966903
2018-12-19,-0.007539989353757881,0.0,-0.007539989353757881,0.5,2,2.758468809861348,2.656922246793261
2018-12-20,-0.008059629377750455,0.0,-0.008059629377750455,0.5,2,2.7362365736037813,2.635508438198608
2018-12-21,-0.01008523229659064,0.0,-0.01008523229659064,0.5,2,2.70864099214056,2.60892872337975
2018-12-24,-0.013224568867192366,0.0,-0.013224568867192366,0.5,2,2.6728203828034967,2.5744267658078184
2018-12-26,0.02505719973407794,0.0,0.02505719973407794,0.5,2,2.739793776988719,2.6389346914794216
2018-12-27,0.004169099702559131,0.0,0.004169099702559131,0.5,2,2.751216250409436,2.6499366733167418
2018-12-28,-0.0005680367546569975,0.0,-0.0005680367546569975,0.5,2,2.749653458459194,2.6484314118887844
2018-12-31,0.004428728686489136,0.0,0.004428728686489136,0.5,2,2.761830927608577,2.6601605960568153
2019-01-02,-0.008019441033482733,0.0005,-0.008519441033482733,0.5,2,2.739682587340171,2.6374975147191146
2019-01-03,0.00468707274047242,0.0,0.00468707274047242,0.5,2,2.7525236789128398,2.6498596574234186
2019-01-04,-0.003983799139489708,0.0,-0.003983799139489708,0.5,2,2.741558177449362,2.6393031488004066
2019-01-07,0.0017365275184205164,0.0,0.0017365275184205164,0.5,2,2.746318968667853,2.6438863713477523
2019-01-08,-0.0013448828864104923,0.0,-0.0013448828864104923,0.5,2,2.7426254912862675,2.640330653813313
2019-01-09,0.0032114158691117223,0.0,0.0032114158691117223,0.5,2,2.7514332023120143,2.648809853574671
2019-01-10,-0.0028931500348845507,0.0,-0.0028931500348845507,0.5,2,2.743472893246763,2.641146449254399
2019-01-11,0.0009726730933456995,0.0,0.0009726730933456995,0.5,2,2.7461413955123475,2.643715421341174
2019-01-14,0.001136507875058479,0.0,0.001136507875058479,0.5,2,2.7492624068343714,2.646720024736942
2019-01-15,-0.0007481941187055252,0.0,-0.0007481941187055252,0.5,2,2.7472054248707996,2.644739764380574
2019-01-16,0.0016532965436705238,0.0,0.0016532965436705238,0.5,2,2.7517473701044914,2.6491123034919326
2019-01-17,-0.0005441906585293421,0.0,-0.0005441906585293421,0.5,2,2.750249894891048,2.6476706813229773
2019-01-18,-0.004469447141590865,0.0,-0.004469447141590865,0.5,2,2.7379577983596666,2.6358370571644643
2019-01-22,0.0018297288351428742,0.0,0.0018297288351428742,0.5,2,2.7429675186927294,2.640659924232696
2019-01-23,-0.0006945262861124957,0.0,-0.0006945262861124957,0.5,2,2.7410624556490446,2.6388259165026327
2019-01-24,-0.0006198857187496576,0.0,-0.0006198857187496576,0.5,2,2.7393633101785873,2.6371901460027263
2019-01-25,0.007227330852278446,0.0,0.007227330852278446,0.5,2,2.7591615951458404,2.6562499917082563
2019-01-28,0.0018068123551933657,0.0,0.0018068123551933657,0.5,2,2.7641468824059245,2.661049337011757
2019-01-29,0.0027945728195440944,0.0,0.0027945728195440944,0.5,2,2.7718714921527234,2.6684858331604357
2019-01-30,0.0029742523029019363,0.0,0.0029742523029019363,0.5,2,2.7801157373216068,2.676422583294974
2019-01-31,0.00024733630389239813,0.0,0.00024733630389239813,0.5,2,2.780803360872469,2.6770845597643804
2019-02-01,-0.0009510710591468241,0.0,-0.0009510710591468241,0.5,2,2.7781586192747647,2.6745384621166997
2019-02-04,-0.002114631227085717,0.0,-0.002114631227085717,0.5,2,2.772283838304649,2.668882799566666
2019-02-05,0.0012908448443668674,0.0,0.0012908448443668674,0.5,2,2.7758624266044465,2.6723279131687065
2019-02-06,-0.0032727772095818564,0.0,-0.0032727772095818564,0.5,2,2.766777647317721,2.6635819792779585
2019-02-07,0.0012158534784666997,0.0,0.0012158534784666997,0.5,2,2.770141643544356,2.666820504692645
2019-02-08,0.0020067851804247416,0.0,0.0020067851804247416,0.5,2,2.775700722742299,2.6721722405603154
2019-02-11,-0.0024964197277332345,0.0,-0.0024964197277332345,0.5,2,2.7687714086997617,2.6655013770630793
2019-02-12,0.0011621472532122312,0.0,0.0011621472532122312,0.5,2,2.7719891287871543,2.6685990821668666
2019-02-13,-0.0019783375622851596,0.0,-0.0019783375622851596,0.5,2,2.7665051985714286,2.663319692363936
2019-02-14,0.002902379024270596,0.0,0.002902379024270596,0.5,2,2.7745346452302977,2.67104965557398
2019-02-15,0.0029788555229607327,0.0,0.0029788555229607327,0.5,2,2.7827995830818875,2.6790063265925887
2019-02-19,0.0076945824148322295,0.0,0.0076945824148322295,0.5,2,2.804212063817872,2.6996201615624122
2019-02-20,-0.0008633198325005975,0.0,-0.0008633198325005975,0.5,2,2.8017911319286406,2.697289525936717
2019-02-21,-0.005609847819235514,0.0,-0.005609847819235514,0.5,2,2.7860735100572374,2.682158142171794
2019-02-22,0.0019087257152725634,0.0,0.0019087257152725634,0.5,2,2.791391360210523,2.6872776463901853
2019-02-25,-0.0005685943637386837,0.0,-0.0005685943637386837,0.5,2,2.7898041908161186,2.685749675466647
2019-02-26,0.0008921546661653235,0.0,0.0008921546661653235,0.5,2,2.7922931276426426,2.6881457795717667
2019-02-27,-0.0034951981435567547,0.0,-0.0034951981435567547,0.5,2,2.78253350988664,2.6787501774333977
2019-02-28,-0.0026973506380364998,0.0,-0.0026973506380364998,0.5,2,2.775028041348389,2.671524648933157
2019-03-01,-0.008516289217571749,0.0005,-0.009016289217571749,1.0,2,2.7513950999613943,2.647437410046504
2019-03-04,-0.0031152204397956185,0.0,-0.0031152204397956185,1.0,2,2.7428238977080412,2.6391900589136474
2019-03-05,-1.9199518883961098e-05,0.0,-1.9199518883961098e-05,1.0,2,2.7427712368088217,2.639139387734273
2019-03-06,-0.0034771560386304134,0.0,-0.0034771560386304134,1.0,2,2.73323419324017,2.629962688275425
2019-03-07,-0.004596860024013938,0.0,-0.004596860024013938,1.0,2,2.7206698982409963,2.6178731179290433
2019-03-08,0.004487998137211624,0.0,0.004487998137211624,1.0,2,2.7328802596762696,2.6296221276057654
2019-03-11,0.004788649574866299,0.0,0.004788649574866299,1.0,2,2.745967065569929,2.642214466489184
2019-03-12,0.004906191303471252,0.0,0.004906191303471252,1.0,2,2.759439305306647,2.6551776761265793
2019-03-13,0.006795414002136457,0.0,0.006795414002136457,1.0,2,2.7781908377999733,2.67322070768509
2019-03-14,-0.006089302112531891,0.0,-0.006089302112531891,1.0,2,2.761273594462341,2.656942659182519
2019-03-15,0.004756409741853929,0.0,0.004756409741853929,1.0,2,2.774407343086966,2.6695801671302024
2019-03-18,0.0020993019665538903,0.0,0.0020993019665538903,1.0,2,2.78023166187833,2.675184422024932
2019-03-19,0.0015212136231309015,0.0,0.0015212136231309015,1.0,2,2.7844609881578393,2.6792539490121037
2019-03-20,0.001731459293848936,0.0,0.001731459293848936,1.0,2,2.789282169014145,2.683892968162702
2019-03-21,0.003661748585185809,0.0,0.003661748585185809,1.0,2,2.7994958190502164,2.6937207094416618
2019-03-22,-0.008488440477042614,0.0,-0.008488440477042614,1.0,2,2.7757324654244786,2.670855221537789
2019-03-25,0.003449239974430973,0.0,0.003449239974430973,1.0,2,2.7853066328025466,2.6800676421338347
2019-03-26,0.0012412204817952022,0.0,0.0012412204817952022,1.0,2,2.7887638124432614,2.683394196983848
2019-03-27,-0.00522822464670003,0.0,-0.00522822464670003,1.0,2,2.7741835287452203,2.6693648093063653
2019-03-28,-0.005200007405224472,0.0,-0.005200007405224472,1.0,2,2.7597577538522935,2.6554840925307266
2019-03-29,0.0036186361381132515,0.0,0.0036186361381132515,1.0,2,2.7697443129928216,2.665093323232143
2019-04-01,0.008972191732054546,0.0005,0.008472191732054546,1.0,2,2.794594990017761,2.687672504850384
2019-04-02,0.0021389177669757786,0.0,0.0021389177669757786,1.0,2,2.8005723988934115,2.6934212153228203
2019-04-03,0.0036668175312846163,0.0,0.0036668175312846163,1.0,2,2.8108415868633054,2.7032974994542998
2019-04-04,0.0011355701960646947,0.0,0.0011355701960646947,1.0,2,2.814033494795207,2.7063672835257764
2019-04-05,0.004999545060841215,0.0,0.004999545060841215,1.0,2,2.8281023820551514,2.7198978887109497
2019-04-08,0.0016592488452106258,0.0,0.0016592488452106258,1.0,2,2.832794907666714,2.7244108761418846
2019-04-09,-0.004320865992124223,0.0,-0.004320865992124223,1.0,2,2.820554780487514,2.7126390618385896
2019-04-10,0.004384599307809434,0.0,0.004384599307809434,1.0,2,2.8329217830256788,2.724532897191464
2019-04-11,-0.0013197636179194672,0.0,-0.0013197636179194672,1.0,2,2.82918299592403,2.7209371577979264
2019-04-12,0.00554326578436426,0.0,0.00554326578436426,1.0,2,2.844865909223041,2.7360200356461526
2019-04-15,-0.0002464210758350016,0.0,-0.0002464210758350016,1.0,2,2.8441648743050836,2.7353458226454626
2019-04-16,0.0020540820486664724,0.0,0.0020540820486664724,1.0,2,2.8500070223168414,2.7409644473966535
2019-04-17,0.0005445588455407213,0.0,0.0005445588455407213,1.0,2,2.851559018850697,2.7424570638317958
2019-04-18,0.0016262485486037703,0.0,0.0016262485486037703,1.0,2,2.856196362566361,2.7469169806514606
2019-04-22,0.0018666256314260887,0.0,0.0018666256314260887,1.0,2,2.8615278119051135,2.7520444462949443
2019-04-23,0.010836693168229883,0.0,0.010836693168229883,1.0,2,2.892537310795085,2.7818675075447734
2019-04-24,-0.0026847039626024527,0.0,-0.0026847039626024527,1.0,2,2.8847717044148182,2.774399016823833
2019-04-25,0.0017341853517078287,0.0,0.0017341853517078287,1.0,2,2.8897744332476356,2.7792103389586016
2019-04-26,0.0027760418944736687,0.0,0.0027760418944736687,1.0,2,2.89779656813991,2.786925543293105
2019-04-29,0.0017539933821034137,0.0,0.0017539933821034137,1.0,2,2.902879284143109,2.7918137922524555
2019-04-30,-0.0036161711109035655,0.0,-0.0036161711109035655,1.0,2,2.8923819759373504,2.7817181158698903
2019-05-01,-0.005324061356878351,0.0,-0.005324061356878351,1.0,2,2.8769827568299307,2.7669080779434587
2019-05-02,-0.0032505909675768496,0.0,-0.0032505909675768496,1.0,2,2.867630862666705,2.75791399153718
2019-05-03,0.01282489725787983,0.0,0.01282489725787983,1.0,2,2.90440793385393,2.7932839551247133
2019-05-06,-0.004854115860303376,0.0,-0.004854115860303376,1.0,2,2.8903096012374188,2.7797250311758113
2019-05-07,-0.01817196702456203,0.0,-0.01817196702456203,1.0,2,2.8377869904729573,2.7292119595719346
2019-05-08,-0.0019553798182879167,0.0,-0.0019553798182879167,1.0,2,2.8322380390631867,2.723875313586358
2019-05-09,-0.004151789926147287,0.0,-0.004151789926147287,1.0,2,2.8204791817041532,2.712566355499329
2019-05-10,0.0031584076116457638,0.0,0.0031584076116457638,1.0,2,2.829387404620136,2.721133745723632
2019-05-13,-0.030091315657792495,0.0,-0.030091315657792495,1.0,2,2.7442474151095295,2.639251251233991
2019-05-14,0.009984269671963975,0.0,0.009984269671963975,1.0,2,2.7716467213485734,2.66560224745838
2019-05-15,0.010098993729178496,0.0,0.010098993729178496,1.0,2,2.7996375642069706,2.692522147839946
2019-05-16,0.009644465444008654,0.0,0.009644465444008654,1.0,2,2.8266385719507134,2.718490084652016
2019-05-17,-0.008333419277641751,0.0,-0.008333419277641751,1.0,2,2.8030830075842936,2.6958357669744992
2019-05-20,-0.01176869054969093,0.0,-0.01176869054969093,1.0,2,2.770094391082937,2.6641093100601876
2019-05-21,0.009715755140628723,0.0,0.009715755140628723,1.0,2,2.7970079499031275,2.6899931437846014
2019-05-22,-0.003758600159653236,0.0,-0.003758600159653236,1.0,2,2.7864951153760704,2.6798825351249067
2019-05-23,-0.013798208203492257,0.0,-0.013798208203492257,1.0,2,2.748046475616097,2.6429049579443507
2019-05-24,0.0009071230237784333,0.0,0.0009071230237784333,1.0,2,2.7505392918445417,2.6453023978813603
2019-05-28,-0.006515835316346752,0.0,-0.006515835316346752,1.0,2,2.7326172307877417,2.628066043094828
2019-05-29,-0.007479669243086184,0.0,-0.007479669243086184,1.0,2,2.7121781577334914,2.6084089783434927
2019-05-30,0.0034658637490984634,0.0,0.0034658637490984634,1.0,2,2.7215781976914766,2.6174493684643565
2019-05-31,-0.014756151506315318,0.0,-0.014756151506315318,1.0,2,2.6814181774700567,2.578825889023187
2019-06-03,0.00283161965875256,0.001,0.00183161965875256,0.5,2,2.6890109338947172,2.5835493172180226
2019-06-04,0.00027107204061244117,0.0,0.00027107204061244117,0.5,2,2.6897398495757976,2.584249645203464
2019-06-05,0.0013016195173572997,0.0,0.0013016195173572997,0.5,2,2.6932408674606187,2.587613354979384
2019-06-06,0.0017987903120385007,0.0,0.0017987903120385007,0.5,2,2.698085443040993,2.592267928813622
2019-06-07,0.0027710842700626737,0.0,0.0027710842700626737,0.5,2,2.7055620651714887,2.599451321694945
2019-06-10,-0.004872119652417906,0.0,-0.004872119652417906,0.5,2,2.6923802430629302,2.586786483825011
2019-06-11,-0.0006498393985697737,0.0,-0.0006498393985697737,0.5,2,2.690630628305057,2.585105488052134
2019-06-12,0.0026476032167142005,0.0,0.0026476032167142005,0.5,2,2.697754350611547,2.5919498216578463
2019-06-13,0.003220225867727966,0.0,0.003220225867727966,0.5,2,2.706441728956162,2.6002964855214015
2019-06-14,-9.103589894915443e-05,0.0,-9.103589894915443e-05,0.5,2,2.706195345600413,2.6000597651933077
2019-06-17,-0.00031507236651107107,0.0,-0.00031507236651107107,0.5,2,2.7053426982286335,2.599240558210018
2019-06-18,0.0025457206593838544,0.0,0.0025457206593838544,0.5,2,2.712229745026227,2.6058574985977616
2019-06-19,0.0031500371169975727,0.0,0.0031500371169975727,0.5,2,2.720773369392885,2.614066046439951
2019-06-20,0.012590582052805499,0.0,0.012590582052805499,0.5,2,2.7550294897473138,2.646978659489106
2019-06-21,0.0033137949714009407,0.0,0.0033137949714009407,0.5,2,2.7641590926165,2.6557502040603267
2019-06-24,0.007453630675966494,0.0,0.007453630675966494,0.5,2,2.7847621136224783,2.675545185249015
2019-06-25,0.0009891649209163855,0.0,0.0009891649209163855,0.5,2,2.7875167026183707,2.6781917406905897
2019-06-26,-0.004474118893698198,0.0,-0.004474118893698198,0.5,2,2.7750450214726867,2.6662091924226194
2019-06-27,-0.0004811415127014551,0.0,-0.0004811415127014551,0.5,2,2.7737098321132407,2.6649263684985987
2019-06-28,0.0014086802175975466,0.0,0.0014086802175975466,0.5,2,2.777617102283094,2.6686803975552564
2019-07-01,-0.01063272330720405,0.001,-0.011632723307204051,1.0,2,2.74808346818116,2.637636376895137
2019-07-02,0.0032842916139826372,0.0,0.0032842916139826372,1.0,2,2.7571089756702314,2.646299143928509
2019-07-03,0.007747405402744767,0.0,0.007747405402744767,1.0,2,2.7784694166442954,2.66680109621346
2019-07-05,-0.0015630931052176278,0.0,-0.0015630931052176278,1.0,2,2.7741264102560805,2.662632637806982
2019-07-08,-0.006257448237020846,0.0,-0.006257448237020846,1.0,2,2.756767457840951,2.6459713519017023
2019-07-09,0.003162097629107019,0.0,0.003162097629107019,1.0,2,2.7654846256833894,2.654338171640236
2019-07-10,0.007358471882772832,0.0,0.007358471882772832,1.0,2,2.785834366543721,2.673870044443621
2019-07-11,0.0008101453073065534,0.0,0.0008101453073065534,1.0,2,2.78809129718271,2.6760362677124747
2019-07-12,0.0051177376414985876,0.0,0.0051177376414985876,1.0,2,2.8023600169622367,2.6897315192497624
2019-07-15,0.001768208673122884,0.0,0.001768208673122884,1.0,2,2.8073151742494424,2.694487525850472
2019-07-16,-0.004190913683375153,0.0,-0.004190913683375153,1.0,2,2.795549958672134,2.683195161208702
2019-07-17,-0.005861998944988511,0.0,-0.005861998944988511,1.0,2,2.7791624477637353,2.6674662740044983
2019-07-18,0.002421866138483386,0.0,0.002421866138483386,1.0,2,2.7858932071893188,2.673926520249056
2019-07-19,-0.006373580944255053,0.0,-0.006373580944255053,1.0,2,2.7681370913312473,2.656884033133258
2019-07-22,0.005200048182806061,0.0,0.005200048182806061,1.0,2,2.7825315375827824,2.6706999581216793
2019-07-23,0.00683804623432005,0.0,0.00683804623432005,1.0,2,2.801558616885227,2.688962327913312
2019-07-24,0.005889932745377191,0.0,0.005889932745377191,1.0,2,2.8180596087209127,2.7048001351795743
2019-07-25,-0.00714139272300085,0.0,-0.00714139272300085,1.0,2,2.7979347383382107,2.6854840951770313
2019-07-26,0.008479764660936917,0.0,0.008479764660936917,1.0,2,2.821660566455979,2.7082563683048217
2019-07-29,-0.0026272978978307826,0.0,-0.0026272978978307826,1.0,2,2.8142472235813374,2.7011409720415878
2019-07-30,-0.0033658156800243644,0.0,-0.0033658156800243644,1.0,2,2.8047749861487423,2.692049429403934
2019-07-31,-0.012357774514347108,0.0,-0.012357774514347108,1.0,2,2.7701142093064353,2.6587816895738836
2019-08-01,0.012871705401371447,0.0005,0.012371705401371447,1.0,2,2.8057703033367805,2.6916753533638524
2019-08-02,-0.009282081100573214,0.0,-0.009282081100573214,1.0,2,2.779726915831629,2.6666910044375154
2019-08-05,-0.010823009596521882,0.0,-0.010823009596521882,1.0,2,2.7496419047458733,2.63782938210553
2019-08-06,0.011033662471361283,0.0,0.011033662471361283,1.0,2,2.77998052543995,2.6669343011647215
2019-08-07,0.010400818606665918,0.0,0.010400818606665918,1.0,2,2.808894598615115,2.6946726010670314
2019-08-08,0.01336317139035692,0.0,0.01336317139035692,1.0,2,2.8464303385538567,2.7306819728759892
2019-08-09,-0.006370455807964304,0.0,-0.006370455807964304,1.0,2,2.828297279871651,2.7132862840421783
2019-08-12,-0.000914618035450343,0.0,-0.000914618035450343,1.0,2,2.825710468169865,2.7108046634714533
2019-08-13,0.008005967911350886,0.0,0.008005967911350886,1.0,2,2.8483330155048012,2.732507278621146
2019-08-14,-0.011630213998430117,0.0,-0.011630213998430117,1.0,2,2.8152062929956867,2.7007276342185143
2019-08-15,0.002750786221452417,0.0,0.002750786221452417,1.0,2,2.8229503236770053,2.7081567585826183
2019-08-16,0.004793328057693724,0.0,0.004793328057693724,1.0,2,2.836481650668962,2.721137842358165
2019-08-19,0.0020859151714583413,0.0,0.0020859151714583413,1.0,2,2.8423983107776554,2.726813905067169
2019-08-20,9.899989529660314e-06,0.0,9.899989529660314e-06,1.0,2,2.842426450491171,2.7268409004962786
2019-08-21,0.002858469899591043,0.0,0.002858469899591043,1.0,2,2.8505514409417017,2.734635493131321
2019-08-22,-0.0028818400493983987,0.0,-0.0028818400493983987,1.0,2,2.8423366076363257,2.7267547110467087
2019-08-23,-0.006138524854871763,0.0,-0.006138524854871763,1.0,2,2.8248888537244383,2.7100164594798097
2019-08-26,0.007601076746744484,0.0,0.007601076746744484,1.0,2,2.8463610507026207,2.7306155025732566
2019-08-27,0.003758524369634031,0.0,0.003758524369634031,1.0,2,2.857059168076464,2.740878587483779
2019-08-28,0.0003911540074225117,0.0,0.0003911540074225117,1.0,2,2.8581767182194997,2.7419506931271314
2019-08-29,0.004052307728396487,0.0,0.004052307728396487,1.0,2,2.8697589298238633,2.7530619211117724
2019-08-30,-0.002460683708724265,0.0,-0.002460683708724265,1.0,2,2.86269736077728,2.746287506493384
2019-09-03,0.0038921503162104854,0.0005,0.0033921503162104853,1.0,2,2.8738394092152446,2.75560332652694
2019-09-04,0.008789872137304922,0.0,0.008789872137304922,1.0,2,2.8991000901653945,2.779824727428244
2019-09-05,-0.005661537458316324,0.0,-0.005661537458316324,1.0,2,2.882686726409515,2.764086645606355
2019-09-06,-0.003854433572038629,0.0,-0.003854433572038629,1.0,2,2.871575601913572,2.753432657243506
2019-09-09,-0.0015990576654526523,0.0,-0.0015990576654526523,1.0,2,2.866983786935405,2.749029759646633
2019-09-10,-0.004397011149306296,0.0,-0.004397011149306296,1.0,2,2.8543776272593697,2.7369422451436916
2019-09-11,0.006581234216651133,0.0,0.006581234216651133,1.0,2,2.8731629549671327,2.754954703096429
2019-09-12,0.002815588682876624,0.0,0.002815588682876624,1.0,2,2.8812526000671985,2.7627115223803056
2019-09-13,-0.004453454574155302,0.0,-0.004453454574155302,1.0,2,2.8684210724961328,2.75040791211389
2019-09-16,0.0026421970636960612,0.0,0.0026421970636960612,1.0,2,2.876000006231326,2.7576750318232435
2019-09-17,0.0022606283038493213,0.0,0.0022606283038493213,1.0,2,2.8825015732472834,2.7639091100530018
2019-09-18,-0.002832073933179635,0.0,-0.002832073933179635,1.0,2,2.8743381156793406,2.7560815151087428
2019-09-19,0.0019995687459886113,0.0,0.0019995687459886113,1.0,2,2.880085552340857,2.761592489567751
2019-09-20,0.0035445317627206263,0.0,0.0035445317627206263,1.0,2,2.890294107060482,2.771381041862715
2019-09-23,0.0026799356636317273,0.0,0.0026799356636317273,1.0,2,2.8980399093163784,2.7788081647543157
2019-09-24,-0.00123907045766819,0.0,-0.00123907045766819,1.0,2,2.894449033679601,2.7753650256498417
2019-09-25,-0.006339364486897425,0.0,-0.006339364486897425,1.0,2,2.8761000662663583,2.75777097516806
2019-09-26,-0.001179036258926569,0.0,-0.001179036258926569,1.0,2,2.872709040003929,2.7545194631945216
2019-09-27,-0.005230839793903763,0.0,-0.005230839793903763,1.0,2,2.8576823592411693,2.7401110131733613
2019-09-30,-0.005475817033441577,0.0,-0.005475817033441577,1.0,2,2.842034213502271,2.7251066666139057
2019-10-01,-0.0031537418087869695,0.0,-0.0031537418087869695,1.0,2,2.8330711713811456,2.716512383786001
2019-10-02,-0.0030444919705549522,0.0,-0.0030444919705549522,1.0,2,2.824445908947865,2.7082419836456513
2019-10-03,0.006364556272853983,0.0,0.006364556272853983,1.0,2,2.8424222538749957,2.7254787421510698
2019-10-04,0.0067565256470926705,0.0,0.0067565256470926705,1.0,2,2.861627152733169,2.7438935091730197
2019-10-07,-0.006431350506956146,0.0,-0.006431350506956146,1.0,2,2.843223025493719,2.726246568261766
2019-10-08,-0.0034174411592978737,0.0,-0.0034174411592978737,1.0,2,2.8335064781013335,2.7169297810289934
2019-10-09,0.0052000751076541896,0.0,0.0052000751076541896,1.0,2,2.848240924605485,2.7310580199525667
2019-10-10,-0.0009909021214944969,0.0,-0.0009909021214944969,1.0,2,2.845418596630766,2.7283518087666714
2019-10-11,0.0024149724557773755,0.0,0.0024149724557773755,1.0,2,2.852290204166786,2.734940703234513
2019-10-14,0.0014412270955507234,0.0,0.0014412270955507234,1.0,2,2.856401002093405,2.738882373880739
2019-10-15,0.0014479231308276441,0.0,0.0014479231308276441,1.0,2,2.860536851175255,2.7428480650224967
2019-10-16,0.0020583870248319647,0.0,0.0020583870248319647,1.0,2,2.8664249431137683,2.7484939078906248
2019-10-17,0.00218928505642646,0.0,0.00218928505642646,1.0,2,2.872700364407095,2.754511144530849
2019-10-18,-0.0027243003801480925,0.0,-0.0027243003801480925,1.0,2,2.8648742657122894,2.7470070287726815
2019-10-21,0.0010059337072740315,0.0,0.0010059337072740315,1.0,2,2.8677561393032716,2.749770335737043
2019-10-22,-0.00016224327816444228,0.0,-0.00016224327816444228,1.0,2,2.8672908651462548,2.7493242039835732
2019-10-23,0.0026341715334082805,0.0,0.0026341715334082805,1.0,2,2.8748438011212247,2.7565663955378175
2019-10-24,0.004371614622834696,0.0,0.004371614622834696,1.0,2,2.887411510320572,2.7686170415013653
2019-10-25,0.0032489938830366216,0.0,0.0032489938830366216,1.0,2,2.8967926926554135,2.7776122613336742
2019-10-28,-0.001493826287922273,0.0,-0.001493826287922273,1.0,2,2.892465387580464,2.773462991120039
2019-10-29,-0.0015304772021615953,0.0,-0.0015304772021615953,1.0,2,2.8880385352467304,2.7692182692410907
2019-10-30,0.0042743262767261925,0.0,0.0042743262767261925,1.0,2,2.9003829542461332,2.781054811655298
2019-10-31,0.0036566980653671144,0.0,0.0036566980653671144,1.0,2,2.910988778983749,2.791224289404758
2019-11-01,0.005453920064007134,0.0005,0.0049539200640071335,1.0,2,2.9268650790915482,2.8050517914151847
2019-11-04,0.0016551643315053655,0.0,0.0016551643315053655,1.0,2,2.931709521773589,2.80969461308836
2019-11-05,-0.00784462509990358,0.0,-0.00784462509990358,1.0,2,2.9087113596734575,2.787653612203463
2019-11-06,0.0010182634907758836,0.0,0.0010182634907758836,1.0,2,2.9116731942562177,2.790492178101699
2019-11-07,-0.00609555811777851,0.0,-0.00609555811777851,1.0,2,2.893924921080651,2.773482570852874
2019-11-08,-0.001186061865083965,0.0,-0.001186061865083965,1.0,2,2.890492547091341,2.7701930489421103
2019-11-11,-0.001859022730576143,0.0,-0.001859022730576143,1.0,2,2.8851190557437376,2.765043197096043
2019-11-12,0.002792189776848697,0.0,0.002792189776848697,1.0,2,2.893174855676177,2.77276372244352
2019-11-13,0.0021298162629054262,0.0,0.0021298162629054262,1.0,2,2.899336786535225,2.778669199712774
2019-11-14,0.0017086197576250406,0.0,0.0017086197576250406,1.0,2,2.904290650652708,2.7834168888073076
2019-11-15,0.0024093967359581914,0.0,0.0024093967359581914,1.0,2,2.9112882390666646,2.7901232443740107
2019-11-18,0.0018783207509442956,0.0,0.0018783207509442956,1.0,2,2.9167565721780835,2.7953639907616106
2019-11-19,0.0010027625892637948,0.0,0.0010027625892637948,1.0,2,2.9196813865506535,2.798167077194922
2019-11-20,-0.002750677826759196,0.0,-0.002750677826759196,1.0,2,2.911650283699467,2.790470221060114
2019-11-21,-0.003855987856718812,0.0,-0.003855987856718812,1.0,2,2.90042299556251,2.7797102017731707
2019-11-22,-0.00061136978687093,0.0,-0.00061136978687093,1.0,2,2.8986497645738774,2.7780107709395496
2019-11-25,0.0035061888612391567,0.0,0.0035061888612391567,1.0,2,2.9088129780910594,2.7877510013610203
2019-11-26,0.0033638977120938884,0.0,0.0033638977120938884,1.0,2,2.9185979274129688,2.7971287105763856
2019-11-27,0.0008385094825579253,0.0,0.0008385094825579253,1.0,2,2.921045199450878,2.7994741295241385
2019-11-29,0.0008163345806053157,0.0,0.0008163345806053157,1.0,2,2.923429749658701,2.801759437063579
2019-12-02,-0.011766214176082257,0.0005,-0.012266214176082257,1.0,2,2.889032049095486,2.7673924557386975
2019-12-03,-0.007214455451392154,0.0,-0.007214455451392154,1.0,2,2.8681892560796425,2.747427226150252
2019-12-04,0.005613058847388719,0.0,0.005613058847388719,1.0,2,2.8842885711594652,2.762848696849551
2019-12-05,0.001890783498713411,0.0,0.001890783498713411,1.0,2,2.8897421363953413,2.7680726455749958
2019-12-06,0.009895628709121196,0.0,0.009895628709121196,1.0,2,2.9183379516422123,2.7954644647154807
2019-12-09,-0.0038438474758523133,0.0,-0.0038438474758523133,1.0,2,2.9071203056731085,2.7847191256889494
2019-12-10,-0.0009740347953866579,0.0,-0.0009740347953866579,1.0,2,2.904288669341008,2.78200671236515
2019-12-11,0.004063368504097387,0.0,0.004063368504097387,1.0,2,2.9160898644468154,2.793311030818362
2019-12-12,0.008045924431290874,0.0,0.008045924431290874,1.0,2,2.939552503131008,2.815785800285418
2019-12-13,0.001947478116065493,0.0,0.001947478116065493,1.0,2,2.9452772173018813,2.8212694815110018
2019-12-16,0.008440648205681467,0.0,0.008440648205681467,1.0,2,2.9701372661613346,2.8450828246978612
2019-12-17,0.0003973582046020163,0.0,0.0003973582046020163,1.0,2,2.971317474572838,2.846213341701027
2019-12-18,0.00041430907292794306,0.0,0.00041430907292794306,1.0,2,2.9725485183611022,2.847392553711982
2019-12-19,0.005172720698650157,0.0,0.005172720698650157,1.0,2,2.9879246816097704,2.86212132011175
2019-12-20,0.004207916491363428,0.0,0.004207916491363428,1.0,2,3.0004976191524677,2.874164887614931
2019-12-23,0.00208771809628322,0.0,0.00208771809628322,1.0,2,3.0067618123298274,2.8801653336625064
2019-12-24,0.00027589560048951745,0.0,0.00027589560048951745,1.0,2,3.0075913646855694,2.8809599586067463
2019-12-26,0.007065067606892961,0.0,0.007065067606892961,1.0,2,3.02884020101098,2.901314135487054
2019-12-27,-0.0005338913445027682,0.0,-0.0005338913445027682,1.0,2,3.027223129443778,2.8997651489824343
2019-12-30,-0.00603452298059165,0.0,-0.00603452298059165,1.0,2,3.008955281901771,2.8822664495525814
2019-12-31,0.0021689230616685484,0.0,0.0021689230616685484,1.0,2,3.0154814744042175,2.8885178637248896
2020-01-02,0.012979496700392112,0.0,0.012979496700392112,1.0,2,3.05462090625134,2.92600937180613
2020-01-03,-0.008316588169532069,0.0,-0.008316588169532069,1.0,2,3.029216882160005,2.901674956880627
2020-01-06,0.005214927541161707,0.0,0.005214927541161707,1.0,2,3.045014028706933,2.916806981528763
2020-01-07,-0.0014762730145668201,0.0,-0.0014762730145668201,1.0,2,3.0405187566673755,2.9125009780932323
2020-01-08,0.006421944567840232,0.0,0.006421944567840232,1.0,2,3.060044799580172,2.9312048979283274
2020-01-09,0.007622110789393233,0.0,0.007622110789393233,1.0,2,3.0833688000630786,2.9535468664067492
2020-01-10,-0.002700063580551082,0.0,-0.002700063580551082,1.0,2,3.0750435082606207,2.9455721020793137
2020-01-13,0.009186957887163727,0.0,0.009186957887163727,1.0,2,3.1032938034722073,2.9726329489347205
2020-01-14,-0.0027319825157485766,0.0,-0.0027319825157485766,1.0,2,3.0948156590598903,2.9645117676924926
2020-01-15,0.0013347867088484566,0.0,0.0013347867088484566,1.0,2,3.0989465778679395,2.9684687585982332
2020-01-16,0.008930891440047661,0.0,0.008930891440047661,1.0,2,3.126622933333385,2.9949798308244473
2020-01-17,0.004028818533602929,0.0,0.004028818533602929,1.0,2,3.139219529754787,3.0070460610746403
2020-01-21,-0.0011977173755911563,0.0,-0.0011977173755911563,1.0,2,3.1354596319782044,3.0034444697580884
2020-01-22,0.001391440899675911,0.0,0.001391440899675911,1.0,2,3.1398224387494214,3.007623585233215
2020-01-23,0.002186198947850271,0.0,0.002186198947850271,1.0,2,3.1466867152614517,3.014198848750781
2020-01-24,-0.008611556743465365,0.0,-0.008611556743465365,1.0,2,3.119588844059069,2.988241904328676
2020-01-27,-0.018307671893433575,0.0,-0.018307671893433575,1.0,2,3.0624764350596196,2.933534152006017
2020-01-28,0.012876763512788436,0.0,0.012876763512788436,1.0,2,3.10191121987737,2.9713085775380867
2020-01-29,0.00042283060664682903,0.0,0.00042283060664682903,1.0,2,3.1032228028802358,2.9725649377464625
2020-01-30,0.0034715412499919385,0.0,0.0034715412499919385,1.0,2,3.11399576884835,2.982884319546129
2020-01-31,-0.016983047217038694,0.0,-0.016983047217038694,1.0,2,3.0611106316723395,2.932225854304313
2020-02-03,0.011238248571345921,0.0,0.011238248571345921,1.0,2,3.095512153855463,2.9651789373223116
2020-02-04,0.018984436374942515,0.0,0.018984436374942515,1.0,2,3.154278707388193,3.021471188198227
2020-02-05,0.007466021919799837,0.0,0.007466021919799837,1.0,2,3.177828621358711,3.044029558319358
2020-02-06,0.005990202209916418,0.0,0.005990202209916418,1.0,2,3.19686445738911,3.062263910906654
2020-02-07,-0.004818008364195714,0.0,-0.004818008364195714,1.0,2,3.181461937694209,3.0475098977705306
2020-02-10,0.009816496198827962,0.0,0.009816496198827962,1.0,2,3.2126927467123005,3.077425767097886
2020-02-11,0.0009731088176055946,0.0,0.0009731088176055946,1.0,2,3.2158190463523844,3.080420437247376
2020-02-12,0.008076362780831015,0.0,0.008076362780831015,1.0,2,3.2417911676082327,3.105299030216072
2020-02-13,-0.0011456720778221796,0.0,-0.0011456720778221796,1.0,2,3.2380771379853734,3.101741375823865
2020-02-14,0.002231754628552962,0.0,0.002231754628552962,1.0,2,3.2453037316256843,3.1086637014959346
2020-02-18,-0.0010827368479377486,0.0,-0.0010827368479377486,1.0,2,3.2417899216927033,3.1052978367584783
2020-02-19,0.007170066220320459,0.0,0.007170066220320459,1.0,2,3.2650337701036074,3.1275630278818545
2020-02-20,-0.006705944125880381,0.0,-0.006705944125880381,1.0,2,3.2431386360721803,3.1065897649667096
2020-02-21,-0.014802231856653192,0.0,-0.014802231856653192,1.0,2,3.19513294603777,3.0606053029821667
2020-02-24,-0.03592349982626497,0.0,-0.03592349982626497,1.0,2,3.080352588205889,2.9506576489122214
2020-02-25,-0.02851648390929129,0.0,-0.02851648390929129,1.0,2,2.992511763189372,2.866515267545189
2020-02-26,0.0007620779969326197,0.0,0.0007620779969326197,1.0,2,2.9947922905596607,2.8686997757584565
2020-02-27,-0.04806657486699961,0.0,-0.04806657486699961,1.0,2,2.8508428827143617,2.7308112032160174
2020-02-28,-0.0007107493646247298,0.0,-0.0007107493646247298,1.0,2,2.8488166479468275,2.7288702808884215
2020-03-02,0.026156078492702683,0.0005,0.025656078492702683,1.0,2,2.923330519801843,2.7988823910112983
2020-03-03,-0.0003716728393484692,0.0,-0.0003716728393484692,1.0,2,2.922243997247194,2.7978421224460286
2020-03-04,0.021530576033775062,0.0,0.021530576033775062,1.0,2,2.985161593819168,2.8580812749938516
2020-03-05,-0.0045126210058721306,0.0,-0.0045126210058721306,1.0,2,2.9716906909049765,2.8451838373958247
2020-03-06,-0.00796483120082142,0.0,-0.00796483120082142,1.0,2,2.948021676170866,2.822522428395662
2020-03-09,-0.03387419692811655,0.0,-0.03387419692811655,1.0,2,2.848159809363898,2.7269117478221614
2020-03-10,0.016327722955154833,0.0,0.016327722955154833,1.0,2,2.8946637736631984,2.7714360073637585
2020-03-11,-0.023714041857587076,0.0,-0.023714041857587076,1.0,2,2.826019595770908,2.7057140578795105
2020-03-12,-0.0668631524308943,0.0,-0.0668631524308943,1.0,2,2.637063016766184,2.524801486393099
2020-03-13,0.026546508627121768,0.0,0.026546508627121768,1.0,2,2.707067832891031,2.5918261508334033
2020-03-16,-0.06634166380664247,0.0,-0.06634166380664247,1.0,2,2.527476448819598,2.4198800916895493
2020-03-17,0.04413004304133644,0.0,0.04413004304133644,1.0,2,2.639014093291971,2.5266695042906826
2020-03-18,-0.02437520989087888,0.0,-0.02437520989087888,1.0,2,2.5746875708629915,2.465081404798714
2020-03-19,-0.006465700992709267,0.0,-0.006465700992709267,1.0,2,2.5580404108801464,2.449142925512598
2020-03-20,-0.011351441372891236,0.0,-0.011351441372891236,1.0,2,2.529002965126554,2.4213416231798104
2020-03-23,0.02222278306637926,0.0,0.02222278306637926,1.0,2,2.585204449394791,2.47515057280133
2020-03-24,0.06242224188515155,0.0,0.06242224188515155,1.0,2,2.746578706857483,2.629655020558906
2020-03-25,-0.010545957954255059,0.0,-0.010545957954255059,1.0,2,2.717613403296912,2.6019227892778964
2020-03-26,0.03255623771237942,0.0,0.03255623771237942,1.0,2,2.8060886712649946,2.6866316061148847
2020-03-27,-0.020543353189509506,0.0,-0.020543353189509506,1.0,2,2.7484422006101163,2.6314391841403673
2020-03-30,0.020258903882078627,0.0,0.020258903882078627,1.0,2,2.8041226269777253,2.684749257643402
2020-03-31,-0.020310549383094456,0.0,-0.020310549383094456,1.0,2,2.747169355886242,2.63022052526481
2020-04-01,-0.010115561269751105,0.0005,-0.010615561269751106,0.5,2,2.719380195948392,2.602299258125904
2020-04-02,0.008224218932315175,0.0,0.008224218932315175,0.5,2,2.7417449740400737,2.623701136952133
2020-04-03,0.0023018000452676435,0.0,0.0023018000452676435,0.5,2,2.7480559227454315,2.6297403723479382
2020-04-06,0.013822730068873357,0.0,0.013822730068873357,0.5,2,2.7860415579797104,2.6660905636661223
2020-04-07,-0.0027638821892889687,0.0,-0.0027638821892889687,0.5,2,2.778341267338991,2.658721803442174
2020-04-08,-0.004402818846249712,0.0,-0.004402818846249712,0.5,2,2.766108734045838,2.647015932979044
2020-04-09,0.012909737798413534,0.0,0.012909737798413534,0.5,2,2.801818472524271,2.6811882146220265
2020-04-13,0.008658162314693185,0.0,0.008658162314693185,0.5,2,2.826077071635692,2.704402377380467
2020-04-14,0.0039900632644667144,0.0,0.0039900632644667144,0.5,2,2.8373532979417773,2.7151931139587893
2020-04-15,-0.0026048616858673768,0.0,-0.0026048616858673768,0.5,2,2.8299623850466995,2.708120411446507
2020-04-16,-0.00048692581443360305,0.0,-0.00048692581443360305,0.5,2,2.8285844033075445,2.7068017577095795
2020-04-17,-0.009643781556059772,0.0,-0.009643781556059772,0.5,2,2.801306153209169,2.68069795284267
2020-04-20,0.0035072707797118574,0.0,0.0035072707797118574,0.5,2,2.811131092425347,2.690099886441909
2020-04-21,-0.0033704782454946902,0.0,-0.0033704782454946902,0.5,2,2.801656236233094,2.681032963296449
2020-04-22,0.009789776616213663,0.0,0.009789776616213663,0.5,2,2.829083824941238,2.7072796771078265
2020-04-23,0.005020220996424296,0.0,0.005020220996424296,0.5,2,2.843286450959852,2.720870819386036
2020-04-24,-0.0021994095330431507,0.0,-0.0021994095330431507,0.5,2,2.8370328996344387,2.7148865101676996
2020-04-27,-0.0033248407710675942,0.0,-0.0033248407710675942,0.5,2,2.827600216980874,2.705859944809873
2020-04-28,-0.0022289166106935765,0.0,-0.0022289166106935765,0.5,2,2.8212977318888446,2.6998288086326756
2020-04-29,0.002735629442949139,0.0,0.002735629442949139,0.5,2,2.8290157570315255,2.707214539812494
2020-04-30,-0.008990396486216579,0.0,-0.008990396486216579,0.5,2,2.803581783710058,2.682875607726329
2020-05-01,-0.0009667469613163227,0.0005,-0.0014667469613163227,1.0,2,2.8008714295398542,2.678940508081107
2020-05-04,0.007634457862999933,0.0,0.007634457862999933,1.0,2,2.8222545644483565,2.6993927665075357
2020-05-05,0.007786853986396447,0.0,0.007786853986396447,1.0,2,2.8442310486541573,2.720412543832265
2020-05-06,-0.003343839841837004,0.0,-0.003343839841837004,1.0,2,2.8347203955542777,2.7113159199819656
2020-05-07,0.01409323143286556,0.0,0.01409323143286556,1.0,2,2.8746707661362887,2.7495271227298845
2020-05-08,0.0038204633026822643,0.0,0.0038204633026822643,1.0,2,2.8856533403056055,2.7600315902020034
2020-05-11,0.0013972678509927006,0.0,0.0013972678509927006,1.0,2,2.8896853709471246,2.763888093610717
2020-05-12,-0.008487276412696143,0.0,-0.008487276412696143,1.0,2,2.8651598124581716,2.740430211386483
2020-05-13,-0.0014395715580193813,0.0,-0.0014395715580193813,1.0,2,2.861035209882977,2.736485165997434
2020-05-14,0.010157789689744678,0.0,0.010157789689744678,1.0,2,2.890097003839923,2.764281806802742
2020-05-15,0.006210468991563134,0.0,0.006210468991563134,1.0,2,2.9080458616648803,2.7814492932478325
2020-05-18,0.005511871104663779,0.0,0.005511871104663779,1.0,2,2.924074635620828,2.7967802832363726
2020-05-19,0.003562924390652533,0.0,0.003562924390652533,1.0,2,2.93449289246017,2.806744999922812
2020-05-20,0.011122816409883884,0.0,0.011122816409883884,1.0,2,2.967132718159114,2.837963909266313
2020-05-21,-0.012759174168602172,0.0,-0.012759174168602172,1.0,2,2.9292745550267636,2.8017538334637773
2020-05-22,0.004685267161371742,0.0,0.004685267161371742,1.0,2,2.9429989889060724,2.8148807986939524
2020-05-26,-0.008328172525849498,0.0,-0.008328172525849498,1.0,2,2.918489185583062,2.791437985762728
2020-05-27,0.003685870556805304,0.0,0.003685870556805304,1.0,2,2.929246358942557,2.8017268648455986
2020-05-28,0.0010408216174305762,0.0,0.0010408216174305762,1.0,2,2.9322951818757246,2.8046429627326663
2020-05-29,0.010989215539054631,0.0,0.010989215539054631,1.0,2,2.964518805653488,2.835463788760228
2020-06-01,0.00381486655674107,0.0,0.00381486655674107,1.0,2,2.975828049302005,2.8462807047408196
2020-06-02,0.00011633557198387212,0.0,0.00011633557198387212,1.0,2,2.976174243960246,2.846611828434632
2020-06-03,-0.007010269458689822,0.0,-0.007010269458689822,1.0,2,2.9553104605540725,2.8266563124730113
2020-06-04,0.0017481597453896658,0.0,0.0017481597453896658,1.0,2,2.9604768153363423,2.8315977592525283
2020-06-05,-0.00029683003170388744,0.0,-0.00029683003170388744,1.0,2,2.9595980569093876,2.8307572559998766
2020-06-08,0.009279157405591987,0.0,0.009279157405591987,1.0,2,2.9870606331367338,2.857024298155321
2020-06-09,0.008459338845986986,0.0,0.008459338845986986,1.0,2,3.012329191185946,2.881192834784635
2020-06-10,0.0131223735707785,0.0,0.0131223735707785,1.0,2,3.0518581001508487,2.919000923492129
2020-06-11,-0.028662602396045456,0.0,-0.028662602396045456,1.0,2,2.9643839048570744,2.8353347606283847
2020-06-12,0.004842741305685183,0.0,0.004842741305685183,1.0,2,2.9787396492390346,2.849065553389125
2020-06-15,0.005462623080066564,0.0,0.005462623080066564,1.0,2,2.995011381196477,2.864628924637691
2020-06-16,0.008383844026248866,0.0,0.008383844026248866,1.0,2,3.0201210894732684,2.8886455267349347
2020-06-17,0.0025535288674606305,0.0,0.0025535288674606305,1.0,2,3.027833055858465,2.8960217664753136
2020-06-18,0.000373452477207048,0.0,0.000373452477207048,1.0,2,3.028963807613745,2.8971032929780494
2020-06-19,0.005471370044109747,0.0,0.005471370044109747,1.0,2,3.0455363894554153,2.9129544171499413
2020-06-22,0.009230309174604379,0.0,0.009230309174604379,1.0,2,3.073647631932597,2.939841887031765
2020-06-23,0.008450830253916686,0.0,0.008450830253916686,1.0,2,3.0996225063304124,2.964685991792424
2020-06-24,-0.012078167759035863,0.0,-0.012078167759035863,1.0,2,3.0621847457092706,2.9288780170306916
2020-06-25,0.004456614166665929,0.0,0.004456614166665929,1.0,2,3.075831721627947,2.9419308962938273
2020-06-26,-0.009558954874576087,0.0,-0.009558954874576087,1.0,2,3.0464299849991163,2.9138091116120335
2020-06-29,0.005729694485785308,0.0,0.005729694485785308,1.0,2,3.063885098085497,2.930504347611468
2020-06-30,0.012030242212324016,0.0,0.012030242212324016,1.0,2,3.1007443779261954,2.9657590247175025
2020-07-01,0.003592077360256185,0.0,0.003592077360256185,1.0,2,3.111882491606086,2.976412260566166
2020-07-02,0.004496206837248107,0.0,0.004496206837248107,1.0,2,3.1258741589415577,2.9897948257225924
2020-07-06,0.015209174869209252,0.0,0.015209174869209252,1.0,2,3.1734161256440427,3.0352671380500644
2020-07-07,-0.0002759213588383602,0.0,-0.0002759213588383602,1.0,2,3.1725405123544954,3.0344296430168964
2020-07-08,0.009676067224764384,0.0,0.009676067224764384,1.0,2,3.203238227625326,3.063790988231546
2020-07-09,0.002862192355572002,0.0,0.002862192355572002,1.0,2,3.212406511593511,3.072560147377133
2020-07-10,0.002123171429043058,0.0,0.002123171429043058,1.0,2,3.2192270013173983,3.0790837192960603
2020-07-13,-0.009473144823756108,0.0,-0.009473144823756108,1.0,2,3.1887307977133723,3.049915113298699
2020-07-14,0.0059676483610713316,0.0,0.0059676483610713316,1.0,2,3.2077600218322444,3.0681159342259825
2020-07-15,0.0014754030160842313,0.0,0.0014754030160842313,1.0,2,3.21249276064333,3.0726426417290353
2020-07-16,-0.008123408795779885,0.0,-0.008123408795779885,1.0,2,3.1863963686951404,3.0476823094669254
2020-07-17,0.004694561105508255,0.0,0.004694561105508255,1.0,2,3.2013551011543493,3.0619898402988945
2020-07-20,0.01656068828481494,0.0,0.01656068828481494,1.0,2,3.254371745073569,3.1126984995753553
2020-07-21,0.0008525190383509296,0.0,0.0008525190383509296,1.0,2,3.2571461589441157,3.11535213430689
2020-07-22,0.009333390848908052,0.0,0.009333390848908052,1.0,2,3.287546377097561,3.144428933408357
2020-07-23,-0.0086756375650201,0.0,-0.0086756375650201,1.0,2,3.2590248162516677,3.1171490076331434
2020-07-24,-0.0003988620649417185,0.0,-0.0003988620649417185,1.0,2,3.2577249148837613,3.1159056951432276
2020-07-27,0.018743102393669386,0.0,0.018743102393669386,1.0,2,3.318784786533835,3.1743074346363143
2020-07-28,-0.002201525870198895,0.0,-0.002201525870198895,1.0,2,3.3114783959686585,3.167319114698998
2020-07-29,0.009497358876549788,0.0,0.009497358876549788,1.0,2,3.3429286947071146,3.1974002810078503
2020-07-30,-0.0010228763463249746,0.0,-0.0010228763463249746,1.0,2,3.3395092920178477,3.194129735890675
2020-07-31,0.013460633125070065,0.0,0.013460633125070065,1.0,2,3.384461201415462,3.2371247444193756
2020-08-03,0.007301557258506786,0.0,0.007301557258506786,1.0,2,3.409173038666792,3.2607607960936833
2020-08-04,0.012502126450271545,0.0,0.012502126450271545,1.0,2,3.4517949510870607,3.3015272398905346
2020-08-05,0.005888326930867938,0.0,0.005888326930867938,1.0,2,3.4721202482573803,3.3209677116501757
2020-08-06,0.013259967574950682,0.0,0.013259967574950682,1.0,2,3.518160450165603,3.3650036358241153
2020-08-07,-0.013753590738716293,0.0,-0.013753590738716293,1.0,2,3.4697731111808876,3.318722752982698
2020-08-10,-0.00385733549297379,0.0,-0.00385733549297379,1.0,2,3.4563890322065633,3.305921325916278
2020-08-11,-0.0366922609980147,0.0,-0.0366922609980147,1.0,2,3.3295663037261645,3.184619597786855
2020-08-12,0.010314538338941637,0.0,0.010314538338941637,1.0,2,3.363909243017996,3.2174674787231723
2020-08-13,0.01288332528710645,0.0,0.01288332528710645,1.0,2,3.4072475800321014,3.2589191588522497
2020-08-14,-0.0027361875721683138,0.0,-0.0027361875721683138,1.0,2,3.397924711548317,3.250002144751097
2020-08-17,0.01657822412649812,0.0,0.01657822412649812,1.0,2,3.454256268981332,3.303881408718381
2020-08-18,0.009343320297295121,0.0,0.009343320297295121,1.0,2,3.4865304916913646,3.334750630944316
2020-08-19,-0.019215426614518638,0.0,-0.019215426614518638,1.0,2,3.419535320888988,3.270671974917686
2020-08-20,0.010454648315512294,0.0,0.010454648315512294,1.0,2,3.455285360071355,3.3048657001708523
2020-08-21,-0.0005446092292112903,0.0,-0.0005446092292112903,1.0,2,3.4534035797747014,3.3030658398092356
2020-08-24,0.0003521336450308943,0.0,0.0003521336450308943,1.0,2,3.4546196393650104,3.3042289604231847
2020-08-25,0.004553839229142098,0.0,0.004553839229142098,1.0,2,3.470351421800516,3.3192758878852278
2020-08-26,0.016581804978842762,0.0,0.016581804978842762,1.0,2,3.527896112284861,3.374315473329115
2020-08-27,-0.007237240561415059,0.0,-0.007237240561415059,1.0,2,3.502363879444575,3.3498947405185273
2020-08-28,0.011214248639249691,0.0,0.011214248639249691,1.0,2,3.5416402588137936,3.387461293054017
2020-08-31,0.005203946557767014,0.0,0.005203946557767014,1.0,2,3.560070765447497,3.4050894605895747
2020-09-01,0.017765257505943155,0.0005,0.017265257505943155,1.0,2,3.6233163393350516,3.4638792069574267
2020-09-02,0.011951242828311837,0.0,0.011951242828311837,1.0,2,3.6666194727502353,3.5052768684877154
2020-09-03,-0.042908564075025024,0.0,-0.042908564075025024,1.0,2,3.5092900961649973,3.354870471375507
2020-09-04,-0.010756473562079871,0.0,-0.010756473562079871,1.0,2,3.4715425100239297,3.318783895845954
2020-09-08,-0.03794948039977736,0.0,-0.03794948039977736,1.0,2,3.339799275582783,3.1928377714394514
2020-09-09,0.02443272464332158,0.0,0.02443272464332158,1.0,2,3.421399671647062,3.270847497539828
2020-09-10,-0.018412479186008135,0.0,-0.018412479186008135,1.0,2,3.3584032214058457,3.210623086070769
2020-09-11,-0.0031551972207209955,0.0,-0.0031551972207209955,1.0,2,3.3478067968956053,3.200492937032816
2020-09-14,0.015257422430810075,0.0,0.015257422430810075,1.0,2,3.3988856994125785,3.249324209759949
2020-09-15,0.009623125632064133,0.0,0.009623125632064133,1.0,2,3.4315936035070522,3.280592864849777
2020-09-16,-0.009914515556435022,0.0,-0.009914515556435022,1.0,2,3.3975710153417182,3.248067375856894
2020-09-17,-0.01202239960919721,0.0,-0.01202239960919721,1.0,2,3.356724058894654,3.2090178119067456
2020-09-18,-0.012070050372097685,0.0,-0.012070050372097685,1.0,2,3.3162082304185634,3.1702848052720727
2020-09-21,-0.00417830985633888,0.0,-0.00417830985633888,1.0,2,3.3023520848837338,3.1570383730228033
2020-09-22,0.014325924677805024,0.0,0.014325924677805024,1.0,2,3.34966133211137,3.2022658669596678
2020-09-23,-0.02685774437997346,0.0,-0.02685774437997346,1.0,2,3.2596969842940418,3.1162602288681507
2020-09-24,0.003756663409195893,0.0,0.003756663409195893,1.0,2,3.2719425686800054,3.127966969643472
2020-09-25,0.019714445940238856,0.0,0.019714445940238856,1.0,2,3.336447103569814,3.1896331053693614
2020-09-28,0.018648408337535338,0.0,0.018648408337535338,1.0,2,3.398666531553771,3.24911468596521
2020-09-29,-0.004981948021185678,0.0,-0.004981948021185678,1.0,2,3.381734551552227,3.2329277654848605
2020-09-30,0.007207292508964458,0.0,0.007207292508964458,1.0,2,3.406107701652935,3.256228421551062
2020-10-01,0.012077304033838443,0.0005,0.011577304033838443,1.0,2,3.447244299937796,3.293926767990985
2020-10-02,-0.01458165718471427,0.0,-0.01458165718471427,1.0,2,3.3969777653241424,3.2458958570685867
2020-10-05,0.013045435661559024,0.0,0.013045435661559024,1.0,2,3.441292820205425,3.288239982636096
2020-10-06,-0.01479010785042012,0.0,-0.01479010785042012,1.0,2,3.3903957282497106,3.2396065586548444
2020-10-07,0.008388188791721318,0.0,0.008388188791721318,1.0,2,3.418835007696915,3.26678099007974
2020-10-08,0.004459351804188383,0.0,0.004459351804188383,1.0,2,3.434080795756711,3.281348715781741
2020-10-09,0.016659186970136908,0.0,0.016659186970136908,1.0,2,3.4912897898037785,3.3360133175521676
2020-10-12,0.013883391556328561,0.0,0.013883391556328561,1.0,2,3.5397607329922365,3.382328496676871
2020-10-13,-0.007887591243702308,0.0,-0.007887591243702308,1.0,2,3.5118405472298857,3.355650072043158
2020-10-14,-0.0025955547186425343,0.0,-0.0025955547186425343,1.0,2,3.5027253729264034,3.346940298664553
2020-10-15,-0.0014377777189258367,0.0,-0.0014377777189258367,1.0,2,3.4976892324296935,3.3421281424765583
2020-10-16,-0.004435534311719613,0.0,-0.004435534311719613,1.0,2,3.4821751118275195,3.3273040184264397
2020-10-19,-0.007813471833624075,0.0,-0.007813471833624075,1.0,2,3.454967234671509,3.3013062221965606
2020-10-20,0.003484091651679011,0.0,0.003484091651679011,1.0,2,3.4670046571706523,3.3128082756449513
2020-10-21,0.003377242773799194,0.0,0.003377242773799194,1.0,2,3.4787135735958103,3.3239964334548557
2020-10-22,-0.0049146694460942,0.0,-0.0049146694460942,1.0,2,3.461616846283946,3.307660089744429
2020-10-23,0.0004559703969010953,0.0,0.0004559703969010953,1.0,2,3.4631952410912654,3.309168284828364
2020-10-26,-0.00777760758927426,0.0,-0.00777760758927426,1.0,2,3.4362598675010156,3.2834308724620973
2020-10-27,0.005212200897764974,0.0,0.005212200897764974,1.0,2,3.4541703442673577,3.300544773803293
2020-10-28,-0.027766878628937064,0.0,-0.027766878628937064,1.0,2,3.358258815554412,3.208898947659724
2020-10-29,0.006646540977674309,0.0,0.006646540977674309,1.0,2,3.380579620385631,3.2302270260085604
2020-10-30,-0.010439691008069907,0.0,-0.010439691008069907,1.0,2,3.3452874137206265,3.196504453971114
2020-11-02,0.0059884685566705675,0.0,0.0059884685566705675,1.0,2,3.3653205622107185,3.215646620384978
2020-11-03,0.011451425312129726,0.0,0.011451425312129726,1.0,2,3.4038582792802488,3.2524703574885185
2020-11-04,0.021849284951692194,0.0,0.021849284951692194,1.0,2,3.47823014875942,3.3235345091262176
2020-11-05,0.024428791529402805,0.0,0.024428791529402805,1.0,2,3.5631991079547474,3.4047244407904382
2020-11-06,0.001089362537511962,0.0,0.001089362537511962,1.0,2,3.567080723576649,3.4084334200467867
2020-11-09,-0.032335779535783704,0.0,-0.032335779535783704,1.0,2,3.4517363877127307,3.2982190684137564
2020-11-10,-0.007307973998323503,0.0,-0.007307973998323503,1.0,2,3.426511187942259,3.274115769221014
2020-11-11,0.008964725067457213,0.0,0.008964725067457213,1.0,2,3.4572289186827274,3.3034673169311066
2020-11-12,0.0006989849198177356,0.0,0.0006989849198177356,1.0,2,3.4596454695612446,3.3057763907687523
2020-11-13,0.007801460105393954,0.0,0.007801460105393954,1.0,2,3.4866357556708336,3.3315662733986877
2020-11-16,0.003877722760753044,0.0,0.003877722760753044,1.0,2,3.500155962499054,3.3444851637660036
2020-11-17,-0.0034178096664936874,0.0,-0.0034178096664936874,1.0,2,3.4881930956161895,3.3330543500438394
2020-11-18,-0.006564724147682277,0.0,-0.006564724147682277,1.0,2,3.465294070169619,3.311173767666569
2020-11-19,0.002998315686999653,0.0,0.002998315686999653,1.0,2,3.475684115740276,3.321101711916546
2020-11-20,-0.0019015507404581133,0.0,-0.0019015507404581133,1.0,2,3.4690749260363916,3.3147864684971142
2020-11-23,-0.009850930506949462,0.0,-0.009850930506949462,1.0,2,3.4349013100166066,3.282132737350573
2020-11-24,-0.000643875782807779,0.0,-0.000643875782807779,1.0,2,3.4326896602467523,3.2800194515650323
2020-11-25,0.002835998010980112,0.0,0.002835998010980112,1.0,2,3.4424247612955243,3.2893215802056472
2020-11-27,-0.000433256253082992,0.0,-0.000433256253082992,1.0,2,3.440933309241925,3.2878964610626222
2020-11-30,-0.002318155373997044,0.0,-0.002318155373997044,1.0,2,3.4329566911995406,3.280274606212264
2020-12-01,0.013207509737470424,0.0005,0.012707509737470424,1.0,2,3.4782975001268728,3.3219587277122833
2020-12-02,0.0011838698570102446,0.0,0.0011838698570102446,1.0,2,3.4824153516909866,3.3258914945162537
2020-12-03,0.003519555094514182,0.0,0.003519555094514182,1.0,2,3.494671904383245,3.33759715286958
2020-12-04,0.013621216301939909,0.0,0.013621216301939909,1.0,2,3.5422735862971617,3.3830592856175556
2020-12-07,0.003307844364323409,0.0,0.003307844364323409,1.0,2,3.5539908760164862,3.394249919209657
2020-12-08,0.008185441437332741,0.0,0.008185441437332741,1.0,2,3.5830818602009344,3.4220333531470195
2020-12-09,-0.014927472452990365,0.0,-0.014927472452990365,1.0,2,3.5295955044359753,3.370951044534703
2020-12-10,0.006957898565770171,0.0,0.006957898565770171,1.0,2,3.5541540719340388,3.394405779972752
2020-12-11,-0.003549762874784257,0.0,-0.003549762874784257,1.0,2,3.541537667758224,3.382356444353052
2020-12-14,0.004269114383823658,0.0,0.004269114383823658,1.0,2,3.556656897156504,3.396796110900858
2020-12-15,0.01776431814504531,0.0,0.01776431814504531,1.0,2,3.619838481810362,3.4571378776887536
2020-12-16,0.0009560088112778309,0.0,0.0009560088112778309,1.0,2,3.6232990792943753,3.4604429319616266
2020-12-17,0.00920449920135391,0.0,0.00920449920135391,1.0,2,3.6566497327760072,3.4922945761651984
2020-12-18,-0.003920442845593619,0.0,-0.003920442845593619,1.0,2,3.6423140464923036,3.478603234879366
2020-12-21,-0.0009986041281683788,0.0,-0.0009986041281683788,1.0,2,3.6386768166493906,3.475129487328755
2020-12-22,0.007030678122324829,0.0,0.007030678122324829,1.0,2,3.664259182138418,3.4995620041875632
2020-12-23,0.0017283301101312376,0.0,0.0017283301101312376,1.0,2,3.6705922316142328,3.5056104025716714
2020-12-24,0.001887500573593659,0.0,0.001887500573593659,1.0,2,3.677520476556833,3.5122272442173212
2020-12-28,0.003251990216641132,0.0,0.003251990216641132,1.0,2,3.6894797371680936,3.523648972854137
2020-12-29,-0.009208771198728705,0.0,-0.009208771198728705,1.0,2,3.655504162426167,3.4912004956784877
2020-12-30,0.00510406554294357,0.0,0.00510406554294357,1.0,2,3.674162095263693,3.5090198118319877
2020-12-31,0.0003410294785143875,0.0,0.0003410294785143875,1.0,2,3.675415092847018,3.5102164910285136
2021-01-04,-0.013471143509177275,0.0,-0.013471143509177275,1.0,2,3.62590304867548,3.462929860929588
2021-01-05,0.011885995682616834,0.0,0.011885995682616834,1.0,2,3.669000516657624,3.5040902303058017
2021-01-06,0.0133537508373624,0.0,0.0133537508373624,1.0,2,3.717995435379224,3.5508829781529414
2021-01-07,0.02089270634428586,0.0,0.02089270634428586,1.0,2,3.795674422199997,3.625070533478414
2021-01-08,0.005349175715588295,0.0,0.005349175715588295,1.0,2,3.815978151643509,3.6444616727433914
2021-01-11,-0.007606430317207646,0.0,-0.007606430317207646,1.0,2,3.786952179741046,3.6167403289859346
2021-01-12,0.008136151022139548,0.0,0.008136151022139548,1.0,2,3.81776339458904,3.646166674510427
2021-01-13,-0.00019633858487383415,0.0,-0.00019633858487383415,1.0,2,3.817013820326763,3.6454507913053398
2021-01-14,0.007273846105296522,0.0,0.007273846105296522,1.0,2,3.84477819143761,3.6719672393457263
2021-01-15,-0.011420489791979682,0.0,-0.011420489791979682,1.0,2,3.800868941349871,3.630031574972295
2021-01-19,0.01367130847693765,0.0,0.01367130847693765,1.0,2,3.8528317931274767,3.679658856414765
2021-01-20,0.01376508965180101,0.0,0.01376508965180101,1.0,2,3.9058663681731853,3.7303096904613575
2021-01-21,-0.0003307232877144961,0.0,-0.0003307232877144961,1.0,2,3.9045746072065293,3.7290759901763346
2021-01-22,0.004474314998265949,0.0,0.004474314998265949,1.0,2,3.922044903933402,3.7457610508088544
2021-01-25,0.0036575417941254185,0.0,0.0036575417941254185,1.0,2,3.936389947087975,3.7594613284029945
2021-01-26,-0.0026873511592202526,0.0,-0.0026873511592202526,1.0,2,3.925811485000525,3.749358335644067
2021-01-27,-0.023182660716726478,0.0,-0.023182660716726478,1.0,2,3.83480072930593,3.6624382334434005
2021-01-28,0.0013895478028900232,0.0,0.0013895478028900232,1.0,2,3.8401293682338578,3.667527366443902
2021-01-29,-0.018083656725936148,0.0,-0.018083656725936148,1.0,2,3.770685786955531,3.601205060516154
2021-02-01,0.02462630046652614,0.0,0.02462630046652614,1.0,2,3.8635438281099574,3.6898894183779993
2021-02-02,0.015234147185062996,0.0,0.015234147185062996,1.0,2,3.922401623443326,3.7461017368741762
2021-02-03,-0.00045224675376492884,0.0,-0.00045224675376492884,1.0,2,3.920627730042162,3.744407574524402
2021-02-04,0.016063434022944523,0.0,0.016063434022944523,1.0,2,3.9836064749122215,3.804555618552789
2021-02-05,0.008607778274850264,0.0,0.008607778274850264,1.0,2,4.017896476182524,3.837304389751628
2021-02-08,0.016038016391556997,0.0,0.016038016391556997,1.0,2,4.082335565727118,3.8988471404538583
2021-02-09,0.0022547785143737786,0.0,0.0022547785143737786,1.0,2,4.091540328249184,3.9076381772169815
2021-02-10,-0.004363955059661528,0.0,-0.004363955059661528,1.0,2,4.073685030131911,3.890585419822189
2021-02-11,0.002193384057559422,0.0,0.002193384057559422,1.0,2,4.082620185932521,3.8991189678566003
2021-02-12,0.004226455641088478,0.0,0.004226455641088478,1.0,2,4.099875199047777,3.915598421213573
2021-02-16,-0.0044151389746178715,0.0,-0.0044151389746178715,1.0,2,4.081773680265393,3.8983105100151207
2021-02-17,-0.006288076387913288,0.0,-0.006288076387913288,1.0,2,4.056107175565709,3.8737976357443404
2021-02-18,-0.00992223109535556,0.0,-0.00992223109535556,1.0,2,4.015861542822217,3.835360920385843
2021-02-19,0.008211696912428679,0.0,0.008211696912428679,1.0,2,4.0488385806541505,3.866855741813825
2021-02-22,-0.01628276087132785,0.0,-0.01628276087132785,1.0,2,3.9829123102387527,3.8038926544459497
2021-02-23,-0.005749737828775525,0.0,-0.005749737828775525,1.0,2,3.9600116086598773,3.7820212689540806
2021-02-24,0.01597019837543978,0.0,0.01597019837543978,1.0,2,4.02325377961922,3.84242089887941
2021-02-25,-0.03604084369645477,0.0,-0.03604084369645477,1.0,2,3.8782523189967932,3.703936807846906
2021-02-26,0.0014453193356388505,0.0,0.0014453193356388505,1.0,2,3.883857632061925,3.709290179333271
2021-03-01,0.03256618664708888,0.0,0.03256618664708888,1.0,2,4.010340064618375,3.8300876156416526
2021-03-02,-0.01763297814474707,0.0,-0.01763297814474707,1.0,2,3.9396258259059556,3.762551764422577
2021-03-03,-0.019945786967599355,0.0,-0.019945786967599355,1.0,2,3.8610468884503826,3.687504708474839
2021-03-04,-0.022212779237209546,0.0,-0.022212779237209546,1.0,2,3.7752823062927194,3.6055949804493164
2021-03-05,0.018071285242599155,0.0,0.018071285242599155,1.0,2,3.843506509721073,3.6707527158103
2021-03-08,-0.011804896067381387,0.0,-0.011804896067381387,1.0,2,3.7981343148395124,3.6274198615111017
2021-03-09,0.03002473307154474,0.0,0.03002473307154474,1.0,2,3.9121722838124438,3.736332174591393
2021-03-10,0.007340270447603159,0.0,0.007340270447603159,1.0,2,3.940888686413244,3.7637578632349746
2021-03-11,0.022402161326370518,0.0,0.022402161326370518,1.0,2,4.029173110535542,3.84807417408056
2021-03-12,-0.0010694891527441852,0.0,-0.0010694891527441852,1.0,2,4.024863953599295,3.843958700492426
2021-03-15,0.007115419778452481,0.0,0.007115419778452481,1.0,2,4.053502550180316,3.871310080257464
2021-03-16,-0.005623842049161998,0.0,-0.005623842049161998,1.0,2,4.030706292092227,3.8495384438427673
2021-03-17,0.00610200584701831,0.0,0.00610200584701831,1.0,2,4.055301685454188,3.8730283499354177
2021-03-18,-0.03072957824371142,0.0,-0.03072957824371142,1.0,2,3.9306839750091687,3.754011822215965
2021-03-19,0.005553214250977212,0.0,0.005553214250977212,1.0,2,3.9525119052752777,3.774858654165432
2021-03-22,0.0055841515189264945,0.0,0.0055841515189264945,1.0,2,3.974583330634696,3.795938036852823
2021-03-23,-0.02043010837850151,0.0,-0.02043010837850151,1.0,2,3.893382162430444,3.718386611361844
2021-03-24,-0.01971989172144273,0.0,-0.01971989172144273,1.0,2,3.8166050877571194,3.645060430007326
2021-03-25,0.01119276550964643,0.0,0.01119276550964643,1.0,2,3.8593234535473084,3.685858736668889
2021-03-26,0.016581388636132566,0.0,0.016581388636132566,1.0,2,3.9233163956031176,3.7469753928394804
2021-03-29,-0.014291834830232664,0.0,-0.014291834830232664,1.0,2,3.867245005690414,3.6934242394120727
2021-03-30,0.005906816837870976,0.0,0.005906816837870976,1.0,2,3.890088113606199,3.7152406198988333
2021-03-31,0.014322479664618748,0.0,0.014322479664618748,1.0,2,3.9458038215068987,3.7684520781264994
2021-04-01,0.014811249010571181,0.0,0.014811249010571181,1.0,2,4.004246104454101,3.8242675602400356
2021-04-05,0.012721308038410928,0.0,0.012721308038410928,1.0,2,4.055185352610469,3.8729172458951515
2021-04-06,-0.0018139587106201782,0.0,-0.0018139587106201782,1.0,2,4.047829413816921,3.865891933921449
2021-04-07,-0.006860028441516508,0.0,-0.006860028441516508,1.0,2,4.02006118891173,3.8393718053029184
2021-04-08,0.009438154853628422,0.0,0.009438154853628422,1.0,2,4.05800314893374,3.8756083909420225
2021-04-09,0.0031182472862585353,0.0,0.0031182472862585353,1.0,2,4.070657006240531,3.8876934962896783
2021-04-12,-0.0026026827446830603,0.0,-0.0026026827446830603,1.0,2,4.060062377490866,3.877575063510269
2021-04-13,0.004511551947557091,0.0,0.004511551947557091,1.0,2,4.078379559817239,3.8950689448398474
2021-04-14,-0.0010811239666388417,0.0,-0.0010811239666388417,1.0,2,4.073970325930071,3.8908578924518706
2021-04-15,0.009735810272109235,0.0,0.009735810272109235,1.0,2,4.113633728077529,3.9287385466885207
2021-04-16,0.001396418624514728,0.0,0.001396418624514728,1.0,2,4.119378082829849,3.9342247103659655
2021-04-19,-0.011103751307354914,0.0,-0.011103751307354914,1.0,2,4.073637533057138,3.8905400575948117
2021-04-20,-0.013922467974031127,0.0,-0.013922467974031127,1.0,2,4.0169224449653385,3.836374138241263
2021-04-21,0.01653931045587065,0.0,0.01653931045587065,1.0,2,4.083359572359775,3.8998251211385084
2021-04-22,-0.00808825538825697,0.0,-0.00808825538825697,1.0,2,4.050332317296446,3.8682823395892
2021-04-23,0.015679637497818977,0.0,0.015679637497818977,1.0,2,4.113840059777355,3.928935604413174
2021-04-26,0.008444749756889358,0.0,0.008444749756889358,1.0,2,4.148580409622042,3.962114482403376
2021-04-27,-0.001417111228469714,0.0,-0.001417111228469714,1.0,2,4.142701409741357,3.9564997254818794
2021-04-28,-0.0008354654489681757,0.0,-0.0008354654489681757,1.0,2,4.139240325848126,3.953194206662387
2021-04-29,2.7975060172935606e-05,0.0,2.7975060172935606e-05,1.0,2,4.139356121345312,3.9533047975081934
2021-04-30,-0.010091002346212852,0.0,-0.010091002346212852,1.0,2,4.097585869013006,3.9134119895212436
2021-05-03,-0.00017305385354260405,0.0,-0.00017305385354260405,1.0,2,4.096876765988152,3.912734758495957
2021-05-04,-0.015029732625219783,0.0,-0.015029732625219783,1.0,2,4.035301803596875,3.853927401242359
2021-05-05,-0.0036243428908702136,0.0,-0.0036243428908702136,1.0,2,4.020676486192492,3.839959446863736
2021-05-06,0.004199345723288839,0.0,0.004199345723288839,1.0,2,4.037560696799513,3.8560847641445264
2021-05-07,0.010347186561642019,0.0,0.010347186561642019,1.0,2,4.079338090583251,3.895984392596635
2021-05-10,-0.025392100835039344,0.0,-0.025392100835039344,1.0,2,3.9757551264469444,3.797057164048082
2021-05-11,-0.0019180108950437869,0.0,-0.0019180108950437869,1.0,2,3.9681295847983926,3.7897743670383335
2021-05-12,-0.029361540273741493,0.0,-0.029361540273741493,1.0,2,3.8516191881829096,3.6785007543321444
2021-05-13,0.013039494666915341,0.0,0.013039494666915341,1.0,2,3.9018423560462097,3.726466545300503
2021-05-14,0.02311997280351319,0.0,0.02311997280351319,1.0,2,3.9920528452015938,3.8126223504810524
2021-05-17,-0.002336611489767604,0.0,-0.002336611489767604,1.0,2,3.982724968655736,3.8037137332907736
2021-05-18,-0.007154895741914802,0.0,-0.007154895741914802,1.0,2,3.954228986736284,3.7764985580969888
2021-05-19,-0.0030384044237666274,0.0,-0.0030384044237666274,1.0,2,3.942214439890398,3.7650240281717187
2021-05-20,0.012959894667897598,0.0,0.012959894667897598,1.0,2,3.9933051237896424,3.8138183429989274
2021-05-21,-0.0014163234402574942,0.0,-0.0014163234402574942,1.0,2,3.9876493121387186,3.8084167426828537
2021-05-24,0.011622958996003296,0.0,0.011622958996003296,1.0,2,4.033997596584148,3.852681814322749
2021-05-25,-0.004108380227074548,0.0,-0.004108380227074548,1.0,2,4.017424400622275,3.8368535325355757
2021-05-26,0.011038187436316238,0.0,0.011038187436316238,1.0,2,4.061769484167574,3.879205440993396
2021-05-27,0.003266579239120382,0.0,0.003266579239120382,1.0,2,4.075037576038649,3.891877172951228
2021-05-28,0.0012678132696799516,0.0,0.0012678132696799516,1.0,2,4.080203962751995,3.8968113464750602
2021-06-01,0.005637322955593271,0.0005,0.005137322955593271,1.0,2,4.103205390214719,3.916830524858923
2021-06-02,0.0020190335949843985,0.0,0.0020190335949843985,1.0,2,4.111489899744684,3.9247387372744735
2021-06-03,-0.006837997734403911,0.0,-0.006837997734403911,1.0,2,4.083375541125205,3.897901382680863
2021-06-04,0.006914832162813134,0.0,0.006914832162813134,1.0,2,4.111611397649822,3.924854716529299
2021-06-07,0.007824307541503761,0.0,0.007824307541503761,1.0,2,4.1437819097161865,3.955563986887145
2021-06-08,0.005000385162647725,0.0,0.005000385162647725,1.0,2,4.16450241529478,3.975343330357079
2021-06-09,-0.005290944249143337,0.0,-0.005290944249143337,1.0,2,4.142468265190032,3.954310010424956
2021-06-10,-0.002088481674983045,0.0,-0.002088481674983045,1.0,2,4.133816796128984,3.9460515064309813
2021-06-11,0.006110632128074722,0.0,0.006110632128074722,1.0,2,4.159077029854985,3.9701643755452167
2021-06-14,-0.0007079203902903286,0.0,-0.0007079203902903286,1.0,2,4.156132734420763,3.967353815230964
2021-06-15,-0.0013340084873439406,0.0,-0.0013340084873439406,1.0,2,4.1505884180785175,3.9620613315691497
2021-06-16,-0.004339556186383209,0.0,-0.004339556186383209,1.0,2,4.132576706431714,3.944867743806909
2021-06-17,-0.00931045934932151,0.0,-0.00931045934932151,1.0,2,4.094100518998529,3.9081392130397448
2021-06-18,-0.020940122496428515,0.0,-0.020940122496428515,1.0,2,4.008369552618008,3.826302299185597
2021-06-21,0.017497376227710748,0.0,0.017497376227710748,1.0,2,4.0785055027398665,3.8932525500754025
2021-06-22,0.002768070922412158,0.0,0.002768070922412158,1.0,2,4.089795095228898,3.904029349252873
2021-06-23,-0.0010546708871500554,0.0,-0.0010546708871500554,1.0,2,4.085481707407551,3.8999118831556365
2021-06-24,0.011200489914917844,0.0,0.011200489914917844,1.0,2,4.13124110406895,3.9435928068719894
2021-06-25,0.0024735711218031864,0.0,0.0024735711218031864,1.0,2,4.141460022761181,3.9533475641552185
2021-06-28,-0.007222233074378526,0.0,-0.007222233074378526,1.0,2,4.1115494332085785,3.924795566622863
2021-06-29,-0.0024684129443867664,0.0,-0.0024684129443867664,1.0,2,4.1014004313661605,3.915107550442139
2021-06-30,-0.0032999448809656884,0.0,-0.0032999448809656884,1.0,2,4.087866036007884,3.9021879113226277
2021-07-01,0.006020128491278087,0.0005,0.005520128491278087,1.0,2,4.112475514799782,3.9237284899902405
2021-07-02,-0.000923035457075283,0.0,-0.000923035457075283,1.0,2,4.108679554083268,3.920106749470043
2021-07-06,-0.008169566107837256,0.0,-0.008169566107837256,1.0,2,4.075113424850265,3.8880811782304683
2021-07-07,-0.0028891072686626496,0.0,-0.0028891072686626496,1.0,2,4.063339985033905,3.876848094637292
2021-07-08,-0.008536217484277131,0.0,-0.008536217484277131,1.0,2,4.028654431209096,3.843754476147963
2021-07-09,0.015824468517167456,0.0,0.015824468517167456,1.0,2,4.092405746422313,3.9045798478434883
2021-07-12,0.0022192193348216094,0.0,0.0022192193348216094,1.0,2,4.101487692380708,3.9132449669361775
2021-07-13,-0.011167604865136571,0.0,-0.011167604865136571,1.0,2,4.05568389847298,3.8695433934049497
2021-07-14,-0.006894642127665218,0.0,-0.006894642127665218,1.0,2,4.027721409410074,3.8428642765099514
2021-07-15,-0.0045428842291199145,0.0,-0.0045428842291199145,1.0,2,4.009423937339976,3.825406588993546
2021-07-16,-0.00995122699840345,0.0,-0.00995122699840345,1.0,2,3.9695252496066735,3.787339099665283
2021-07-19,-0.01483872402200026,0.0,-0.01483872402200026,1.0,2,3.9106225599293984,3.731139819987619
2021-07-20,0.022637902264683984,0.0,0.022637902264683984,1.0,2,3.999150851235148,3.815604998568369
2021-07-21,0.01262115831147781,0.0,0.01262115831147781,1.0,2,4.0496247672400685,3.8637623533093666
2021-07-22,-0.006919266590646456,0.0,-0.006919266590646456,1.0,2,4.02160433388345,3.8370279515439156
2021-07-23,0.007469119249667477,0.0,0.007469119249667477,1.0,2,4.051642176228205,3.8656871708783043
2021-07-26,0.002689443715203965,0.0,0.002689443715203965,1.0,2,4.062538839815317,3.876083718944967
2021-07-27,-0.008134116972938088,0.0,-0.008134116972938088,1.0,2,4.029493673685155,3.844555200578168
2021-07-28,0.0071222987794779535,0.0,0.0071222987794779535,1.0,2,4.058192931559157,3.8719372713908813
2021-07-29,0.0059262278154629255,0.0,0.0059262278154629255,1.0,2,4.082242707390678,3.894883253748326
2021-07-30,-0.005732318803688907,0.0,-0.005732318803688907,1.0,2,4.058841990757881,3.8725565412346916
2021-08-02,-0.00011728049385412165,0.0005,-0.0006172804938541217,1.0,2,4.05836596776473,3.8701660876204405
2021-08-03,0.0070885969290291895,0.0,0.0070885969290291895,1.0,2,4.087134088300704,3.89760013506398
2021-08-04,-0.001739901147523426,0.0,-0.001739901147523426,1.0,2,4.080022879010388,3.890818696116395
2021-08-05,0.00632833860937887,0.0,0.00632833860937887,1.0,2,4.105842645322778,3.9154411142931216
2021-08-06,-0.0013669125785514824,0.0,-0.0013669125785514824,1.0,2,4.100230317365334,3.9100890485834165
2021-08-09,0.0005166791895988565,0.0,0.0005166791895988565,1.0,2,4.102348821042879,3.9121093102242983
2021-08-10,-0.0019360878570617301,0.0,-0.0019360878570617301,1.0,2,4.094406313305027,3.9045351228932748
2021-08-11,0.0003930234406538391,0.0,0.0003930234406538391,1.0,2,4.096015510961716,3.9060696967214277
2021-08-12,0.0033049705193810563,0.0,0.0033049705193810563,1.0,2,4.109552721472372,3.91897914191574
2021-08-13,0.0026631523022045966,0.0,0.0026631523022045966,1.0,2,4.120497086263593,3.929415980239825
2021-08-16,0.001408414900973376,0.0,0.001408414900973376,1.0,2,4.126300455759305,3.934950228258518
2021-08-17,-0.007687532365487748,0.0,-0.007687532365487748,1.0,2,4.094579387455928,3.9047001710221974
2021-08-18,-0.010301198419044755,0.0,-0.010301198419044755,1.0,2,4.052400312743214,3.8644770797936197
2021-08-19,0.003245708263843239,0.0,0.003245708263843239,1.0,2,4.0655532219266854,3.877020044986939
2021-08-20,0.009143606501341495,0.0,0.009143606501341495,1.0,2,4.102727040798245,3.912469990676113
2021-08-23,0.011849540162860883,0.0,0.011849540162860883,1.0,2,4.151342469645439,3.9588309609666172
2021-08-24,0.0023197020047163175,0.0,0.0023197020047163175,1.0,2,4.160972347094539,3.9680142690831044
2021-08-25,0.0016230308620023282,0.0,0.0016230308620023282,1.0,2,4.167725733629811,3.9744544787026914
2021-08-26,-0.006133106838004609,0.0,-0.006133106838004609,1.0,2,4.142164626433958,3.950078724762022
2021-08-27,0.009316861441277302,0.0,0.009316861441277302,1.0,2,4.180756600325403,3.986881060922767
2021-08-30,0.0077978693274830535,0.0,0.0077978693274830535,1.0,2,4.213357593984752,4.01797023846006
2021-08-31,-0.0011480950714477522,0.0,-0.0011480950714477522,1.0,2,4.2085202588968516,4.01335722663206
2021-09-01,0.00109837446027522,0.0,0.00109837446027522,1.0,2,4.213142790064775,4.017765395709754
2021-09-02,0.0013099416685348197,0.0,0.0013099416685348197,1.0,2,4.218661761360967,4.02302843401599
2021-09-03,0.0014292645535980975,0.0,0.0014292645535980975,1.0,2,4.2246913450801,4.028778405954847
2021-09-07,-0.0010814646004760897,0.0,-0.0010814646004760897,1.0,2,4.220122490942458,4.024421424725644
2021-09-08,-0.0023501702820715176,0.0,-0.0023501702820715176,1.0,2,4.2102044844775435,4.014963349090722
2021-09-09,-0.0038598689009537446,0.0,-0.0038598689009537446,1.0,2,4.193953647121253,3.999466116921098
2021-09-10,-0.007680239071067796,0.0,-0.007680239071067796,1.0,2,4.161743080458385,3.968749260986509
2021-09-13,0.0009730821544499668,0.0,0.0009730821544499668,1.0,2,4.165792798381386,3.9726111800678616
2021-09-14,-0.004090610211764101,0.0,-0.004090610211764101,1.0,2,4.148752163820233,3.9563607762073074
2021-09-15,0.007886238960361558,0.0,0.007886238960361558,1.0,2,4.181470214771436,3.98756158270188
2021-09-16,-0.00044114792586541496,0.0,-0.00044114792586541496,1.0,2,4.179625567859121,3.9858024781804104
2021-09-17,-0.010805719364414268,0.0,-0.010805719364414268,1.0,2,4.1344617069245055,3.9427330151592064
2021-09-20,-0.01872122023697015,0.0,-0.01872122023697015,1.0,2,4.057059538747852,3.8689202420468374
2021-09-21,0.0001719510943196667,0.0,0.0001719510943196667,1.0,2,4.05775715457526,3.869585507116293
2021-09-22,0.009527471447641656,0.0,0.009527471447641656,1.0,2,4.096417320006939,3.906452872549551
2021-09-23,0.010661556388305904,0.0,0.010661556388305904,1.0,2,4.140091504254226,3.948101740128498
2021-09-24,0.0013263054193992097,0.0,0.0013263054193992097,1.0,2,4.145582530053127,3.95333812886277
2021-09-27,-0.005420410410828913,0.0,-0.005420410410828913,1.0,2,4.1231117713482766,3.9319094137115553
2021-09-28,-0.02437007211302028,0.0,-0.02437007211302028,1.0,2,4.022631240150477,3.8360884977575416
2021-09-29,3.42199076878158e-05,0.0,3.42199076878158e-05,1.0,2,4.022768894220177,3.8362197683518175
2021-09-30,-0.00790006823843531,0.0,-0.00790006823843531,1.0,2,3.990988745448383,3.8059133704042036
2021-10-01,0.010537421068732566,0.0005,0.010037421068732566,1.0,2,4.033043474339745,3.84411492545407
2021-10-04,-0.015079075790621455,0.0,-0.015079075790621455,1.0,2,3.972228906123305,3.786149225145289
2021-10-05,0.008458224309664586,0.0,0.008458224309664586,1.0,2,4.00582690922063,3.8181733245614313
2021-10-06,0.0007011343873100095,0.0,0.0007011343873100095,1.0,2,4.008635532216297,3.820850377175991
2021-10-07,0.0122651100427007,0.0,0.0122651100427007,1.0,2,4.05780188814001,3.867713527508749
2021-10-08,-0.006241221736242253,0.0,-0.006241221736242253,1.0,2,4.032476246794386,3.8435742697713033
2021-10-11,-0.006704014616884635,0.0,-0.006704014616884635,1.0,2,4.005442467093636,3.8178068916856747
2021-10-12,0.0010143642661902819,0.0,0.0010143642661902819,1.0,2,4.009505444802537,3.821679538571815
2021-10-13,0.006366963738025921,0.0,0.006366963738025921,1.0,2,4.035033820577012,3.8460120336122574
2021-10-14,0.016555817580460652,0.0,0.016555817580460652,1.0,2,4.101837104441474,3.909685907252998
2021-10-15,0.0016315386167432,0.0,0.0016315386167432,1.0,2,4.10852941007696,3.916064710790018
2021-10-18,0.0047784855697451945,0.0,0.0047784855697451945,1.0,2,4.128161958575887,3.9347775695007168
2021-10-19,0.005644389408476003,0.0,0.005644389408476003,1.0,2,4.151462912211345,3.9569869863387153
2021-10-20,0.0026683025768189927,0.0,0.0026683025768189927,1.0,2,4.162540271397567,3.9675454249108024
2021-10-21,0.0043393020499229995,0.0,0.0043393020499229995,1.0,2,4.18060279093013,3.9847618029062803
2021-10-22,-0.005394870707129129,0.0,-0.005394870707129129,1.0,2,4.158048979395199,3.963264528180894
2021-10-25,0.009849356060017134,0.0,0.009849356060017134,1.0,2,4.199003084308252,4.002300131678983
2021-10-26,-0.002175208827701558,0.0,-0.002175208827701558,1.0,2,4.1898693757317185,3.993594293101444
2021-10-27,-0.008057500977587229,0.0,-0.008057500977587229,1.0,2,4.156109499140798,3.9614159031806926
2021-10-28,0.015470388455415596,0.0,0.015470388455415596,1.0,2,4.220406127555749,4.022700546036359
2021-10-29,0.0023832023518556844,0.0,0.0023832023518556844,1.0,2,4.230464209364726,4.0322874554384835
2021-11-01,0.00405668816903243,0.0005,0.0035566881690324297,1.0,2,4.247625883472371,4.04662904452538
2021-11-02,0.004116260895844881,0.0,0.004116260895844881,1.0,2,4.2651102197966875,4.06328602542135
2021-11-03,0.008359205084985832,0.0,0.008359205084985832,1.0,2,4.300763150834038,4.097251866626804
2021-11-04,0.008747518876922267,0.0,0.008747518876922267,1.0,2,4.338384157681131,4.133092654673628
2021-11-05,0.0022243320346508333,0.0,0.0022243320346508333,1.0,2,4.348034164541683,4.142286025067598
2021-11-08,-0.0002486228573816418,0.0,-0.0002486228573816418,1.0,2,4.3469531438637015,4.141256158079954
2021-11-09,-0.005079275373852332,0.0,-0.005079275373852332,1.0,2,4.324873771808784,4.120221577659404
2021-11-10,-0.011406296742696997,0.0,-0.011406296742696997,1.0,2,4.275542978192826,4.073225107698957
2021-11-11,0.001573330662220429,0.0,0.001573330662220429,1.0,2,4.282269821058057,4.079633637655026
2021-11-12,0.009016662202470549,0.0,0.009016662202470549,1.0,2,4.320881601494372,4.116418316075597
2021-11-15,6.598559848419727e-05,0.0,6.598559848419727e-05,1.0,2,4.321166717452825,4.116689940401795
2021-11-16,0.005549437994489537,0.0,0.005549437994489537,1.0,2,4.3451467642151815,4.139535255968593
2021-11-17,-0.0009509612025617176,0.0,-0.0009509612025617176,1.0,2,4.341014698222976,4.13559871854353
2021-11-18,0.006864266012589604,0.0,0.006864266012589604,1.0,2,4.370812577876139,4.163986568268937
2021-11-19,0.001890653686323629,0.0,0.001890653686323629,1.0,2,4.3790762707887305,4.171859224824037
2021-11-22,-0.007166881781279888,0.0,-0.007166881781279888,1.0,2,4.34769194884478,4.141960002951581
2021-11-23,-0.0016175265417575635,0.0,-0.0016175265417575635,1.0,2,4.340659441722138,4.135260272711909
2021-11-24,0.0029927311129616663,0.0,0.0029927311129616663,1.0,2,4.35364986828415,4.147635994790248
2021-11-26,-0.020727370244969234,0.0,-0.020727370244969234,1.0,2,4.2634101555472625,4.061666407884869
2021-11-29,0.016920543957659406,0.0,0.016920543957659406,1.0,2,4.3355493744937315,4.130392012880833
2021-11-30,-0.017125013765705188,0.0,-0.017125013765705188,1.0,2,4.261303031773632,4.05965899280249
2021-12-01,-0.013740333495086965,0.0,-0.013740333495086965,1.0,2,4.202751306993437,4.003877924365055
2021-12-02,0.011275945280522226,0.0,0.011275945280522226,1.0,2,4.250141300758738,4.049025432750086
2021-12-03,-0.012983206091454924,0.0,-0.012983206091454924,1.0,2,4.194960840333183,3.9964561010871487
2021-12-06,0.009906463874808424,0.0,0.009906463874808424,1.0,2,4.2365180683541785,4.036046849079826
2021-12-07,0.02524030139029909,0.0,0.02524030139029909,1.0,2,4.343449061244886,4.137917887975967
2021-12-08,0.0035587492582211944,0.0,0.0035587492582211944,1.0,2,4.358906307369713,4.1526437001903815
2021-12-09,-0.0107568011910526,0.0,-0.0107568011910526,1.0,2,4.312018418810911,4.107974537490157
2021-12-10,0.010119169497903369,0.0,0.010119169497903369,1.0,2,4.35565246406894,4.14954382812809
2021-12-13,-0.01165728250888698,0.0,-0.01165728250888698,1.0,2,4.304877392784759,4.101171423440593
2021-12-14,-0.008598325843460763,0.0,-0.008598325843460763,1.0,2,4.267862654245447,4.0659082152019606
2021-12-15,0.01921819428326893,0.0,0.01921819428326893,1.0,2,4.3498832679090444,4.144047629219651
2021-12-16,-0.01720455767176826,0.0,-0.01720455767176826,1.0,2,4.275045450360843,4.072751122788187
2021-12-17,-0.007810105769704034,0.0,-0.007810105769704034,1.0,2,4.241656893223233,4.04094250574553
2021-12-20,-0.010141810985937139,0.0,-0.010141810985937139,1.0,2,4.198638810744965,3.9999600306472196
2021-12-21,0.01997174151845471,0.0,0.01997174151845471,1.0,2,4.282492939802515,4.079846198463455
2021-12-22,0.011096702357304922,0.0,0.011096702357304922,1.0,2,4.330014489302764,4.125119037391387
2021-12-23,0.006873141023793994,0.0,0.006873141023793994,1.0,2,4.359775289522814,4.153471562275316
2021-12-27,0.015300607690267531,0.0,0.015300607690267531,1.0,2,4.426482500845525,4.217022201202373
2021-12-28,-0.00271731924411589,0.0,-0.00271731924411589,1.0,2,4.414454334762235,4.205563205622182
2021-12-29,0.0005648442464397108,0.0,0.0005648442464397108,1.0,2,4.416947813894396,4.207938693801916
2021-12-30,-0.0028752860090593413,0.0,-0.0028752860090593413,1.0,2,4.4042478256423605,4.195839666548648
2021-12-31,-0.004387084059753854,0.0,-0.004387084059753854,1.0,2,4.384926020211279,4.1774321652302495
2022-01-03,0.0076942213528967685,0.0,0.0076942213528967685,1.0,2,4.418664611626861,4.209574252996242
2022-01-04,-0.006637266507583561,0.0,-0.006637266507583561,1.0,2,4.389336756991865,4.181634186795644
2022-01-05,-0.02502679021129922,0.0,-0.02502679021129922,1.0,2,4.279485746807885,4.076981305262312
2022-01-06,-0.0008108880829922338,0.0,-0.0008108880829922338,1.0,2,4.276015562814464,4.073675329707293
2022-01-07,-0.007392942558270665,0.0,-0.007392942558270665,1.0,2,4.244403225380305,4.043558881993723
2022-01-10,-0.00017728842807962497,0.0,-0.00017728842807962497,1.0,2,4.243650741804341,4.042842005795687
2022-01-11,0.01208470438611614,0.0,0.01208470438611614,1.0,2,4.294934006536969,4.0916985563155
2022-01-12,0.0033468500210193097,0.0,0.0033468500210193097,1.0,2,4.3093085065070245,4.10539285771471
2022-01-13,-0.019324867720435623,0.0,-0.019324867720435623,1.0,2,4.2260316896522285,4.026056683798952
2022-01-14,0.0033883769301245037,0.0,0.0033883769301245037,1.0,2,4.240351077935422,4.03969848138571
2022-01-18,-0.021413069261765172,0.0,-0.021413069261765172,1.0,2,4.14955214660939,3.9531961380071508
2022-01-19,-0.010625672014992926,0.0,-0.010625672014992926,1.0,2,4.1054603664904095,3.9111907724337502
2022-01-20,-0.011895478543842875,0.0,-0.011895478543842875,1.0,2,4.056623950788225,3.8646652865193882
2022-01-21,-0.023769548850110178,0.0,-0.023769548850110178,1.0,2,3.9601998296234373,3.7728039362021404
2022-01-24,0.004710455286024928,0.0,0.004710455286024928,1.0,2,3.978854173844602,3.7905755604465594
2022-01-25,-0.017712091040748,0.0,-0.017712091040748,1.0,2,3.908380346479606,3.7234365410230956
2022-01-26,-0.0016500196142803514,0.0,-0.0016500196142803514,1.0,2,3.901931442247847,3.7172927976978793
2022-01-27,-0.007247525726882198,0.0,-0.007247525726882198,1.0,2,3.873652093735625,3.69035162251221
2022-01-28,0.027993991412086028,0.0,0.027993991412086028,1.0,2,3.9820910771810696,3.793659294140395
2022-01-31,0.024955299542564757,0.0,0.024955299542564757,1.0,2,4.081465352817898,3.8883311981881037
2022-02-01,0.005329468571639739,0.0005,0.004829468571639739,0.5,2,4.1032173941419785,3.9071097715058793
2022-02-02,0.00481036825761294,0.0,0.00481036825761294,0.5,2,4.122955380848844,3.9259044083297403
2022-02-03,-0.011819820894387545,0.0,-0.011819820894387545,0.5,2,4.074222786691659,3.879500921374796
2022-02-04,0.0023474918403746936,0.0,0.0023474918403746936,0.5,2,4.083786991439287,3.88860801813245
2022-02-07,-0.001569936359336499,0.0,-0.001569936359336499,0.5,2,4.077375705757642,3.8825031510175765
2022-02-08,0.004109615389962906,0.0,0.004109615389962906,0.5,2,4.094132151708684,3.8984587457185778
2022-02-09,0.007303721027543675,0.0,0.007303721027543675,0.5,2,4.124034550794661,3.9269320008346944
2022-02-10,-0.009038219641963052,0.0,-0.009038219641963052,0.5,2,4.086760620713535,3.891439526892097
2022-02-11,-0.009907183052210222,0.0,-0.009907183052210222,0.5,2,4.046272335153562,3.852886323162571
2022-02-14,-0.0015861345731806309,0.0,-0.0015861345731806309,0.5,2,4.0398544027102705,3.846775126958868
2022-02-15,0.008034849372516084,0.0,0.008034849372516084,0.5,2,4.072314024322944,3.877683385673924
2022-02-16,0.0006252227303940039,0.0,0.0006252227303940039,0.5,2,4.074860127616253,3.8801078014679184
2022-02-17,-0.010733377914244058,0.0,-0.010733377914244058,0.5,2,4.031123113918863,3.838461138086757
2022-02-18,-0.0032351958018767,0.0,-0.0032351958018767,0.5,2,4.018081641343865,3.8260429647271517
2022-02-22,-0.005425261883605703,0.0,-0.005425261883605703,0.5,2,3.996282496169866,3.80528567966558
2022-02-23,-0.008735504788700499,0.0,-0.008735504788700499,0.5,2,3.961372951287574,3.7720445883884874
2022-02-24,0.008019104568040225,0.0,0.008019104568040225,0.5,2,3.993139615216955,3.802293008378085
2022-02-25,0.011053053759925047,0.0,0.011053053759925047,0.5,2,4.037276002054834,3.844319957410675
2022-02-28,-0.0012097410560611976,0.0,-0.0012097410560611976,0.5,2,4.032391943520498,3.8396693257255596
2022-03-01,0.005395966053100498,0.0005,0.004895966053100498,0.5,2,4.05415059356053,3.858468216399443
2022-03-02,-0.005262323420211379,0.0,-0.005262323420211379,0.5,2,4.032816341942973,3.838163708738143
2022-03-03,0.0029989537247508413,0.0,0.0029989537247508413,0.5,2,4.044910571532879,3.849674184088667
2022-03-04,0.007958160393504055,0.0,0.007958160393504055,0.5,2,4.077100618638518,3.880310508708377
2022-03-07,0.007409159565847867,0.0,0.007409159565847867,0.5,2,4.107308507688027,3.9090603484324338
2022-03-08,0.013592217047147082,0.0,0.013592217047147082,0.5,2,4.1631359364041165,3.9621931451387233
2022-03-09,-0.014922521553215273,0.0,-0.014922521553215273,0.5,2,4.101011450664161,3.903067232532389
2022-03-10,0.0016179913649967403,0.0,0.0016179913649967403,0.5,2,4.107646851779088,3.909382361611628
2022-03-11,-0.0034614979825733916,0.0,-0.0034614979825733916,0.5,2,4.093428240488531,3.8958500424538016
2022-03-14,-0.007559045795000219,0.0,-0.007559045795000219,0.5,2,4.06248582896013,3.86640113357244
2022-03-15,-0.00941306288935212,0.0,-0.00941306288935212,0.5,2,4.024245394365027,3.8300064565466605
2022-03-16,0.003177157651634066,0.0,0.003177157651634066,0.5,2,4.037031056411787,3.8421749908658853
2022-03-17,0.0024490831202885754,0.0,0.0024490831202885754,0.5,2,4.046918081028126,3.85158479678121
2022-03-18,-0.004404211980538142,0.0,-0.004404211980538142,0.5,2,4.029094595931406,3.8346216008751677
2022-03-21,0.0038197789423981554,0.0,0.0038197789423981554,0.5,2,4.044484846625875,3.849269007718256
2022-03-22,-0.0036042508867448197,0.0,-0.0036042508867448197,0.5,2,4.029907508530997,3.835395276483868
2022-03-23,0.006832881875275865,0.0,0.006832881875275865,0.5,2,4.057443390505077,3.861602079353073
2022-03-24,0.0036238311021054015,0.0,0.0036238311021054015,0.5,2,4.0721468800586225,3.875595873072188
2022-03-25,-0.002086422294700352,0.0,-0.002086422294700352,0.5,2,4.063650662020773,3.8675097434373615
2022-03-28,-0.009142014643555463,0.0,-0.009142014643555463,0.5,2,4.026500708162286,3.832152912728764
2022-03-29,0.0003416150124951889,0.0,0.0003416150124951889,0.5,2,4.027876221252017,3.83346203369393
2022-03-30,0.004061311745085061,0.0,0.004061311745085061,0.5,2,4.044234682257136,3.8490309180757083
2022-03-31,0.0001951111809843642,0.0,0.0001951111809843642,0.5,2,4.045023757662169,3.8497819070437793
2022-04-01,-0.00362384054033299,0.0005,-0.00412384054033299,1.0,2,4.030365236582543,3.8339060203440716
2022-04-04,0.006703303603497357,0.0,0.006703303603497357,1.0,2,4.057381998396337,3.859605856385714
2022-04-05,-0.009450247696160985,0.0,-0.009450247696160985,1.0,2,4.019038733513547,3.8231316250333154
2022-04-06,-0.0038308730749572195,0.0,-0.0038308730749572195,1.0,2,4.00364230624212,3.808485693028958
2022-04-07,0.004417918618707828,0.0,0.004417918618707828,1.0,2,4.021330072129514,3.8253112728812733
2022-04-08,0.0017925164323945308,0.0,0.0017925164323945308,1.0,2,4.028538372363888,3.8321682061969375
2022-04-11,-0.006082434388037183,0.0,-0.006082434388037183,1.0,2,4.004035052034294,3.808859294518822
2022-04-12,0.002031322716789352,0.0,0.002031322716789352,1.0,2,4.012168539394312,3.8165963169288326
2022-04-13,0.008123080460163301,0.0,0.008123080460163301,1.0,2,4.044759707259548,3.8475988358952082
2022-04-14,-0.007875509313027995,0.0,-0.007875509313027995,1.0,2,4.012905164516065,3.8172970354303195
2022-04-18,0.0017945402196966054,0.0,0.0017945402196966054,1.0,2,4.020106484231617,3.8241473284909278
2022-04-19,0.0004881497568819393,0.0,0.0004881497568819393,1.0,2,4.022068898234534,3.8260140850796107
2022-04-20,0.002091036708886107,0.0,0.002091036708886107,1.0,2,4.030479191946411,3.834014420980228
2022-04-21,-0.009150829546917927,0.0,-0.009150829546917927,1.0,2,3.99359696386851,3.7989300085334126
2022-04-22,-0.018621914001682838,0.0,-0.018621914001682838,1.0,2,3.919228544649969,3.728186660616091
2022-04-25,-0.006060895612830575,0.0,-0.006060895612830575,1.0,2,3.89547450955802,3.70559051044095
2022-04-26,-0.013780269089097241,0.0,-0.013780269089097241,1.0,2,3.8417938225865913,3.6545264760730682
2022-04-27,-0.002379394388162759,0.0,-0.002379394388162759,1.0,2,3.8326526799246508,3.645830916284508
2022-04-28,0.01525117689920219,0.0,0.01525117689920219,1.0,2,3.8911051439393827,3.701434128533343
2022-04-29,-0.018648132944892815,0.0,-0.018648132944892815,1.0,2,3.8185432979126444,3.6324092928176896
2022-05-02,-0.00918434228787196,0.0005,-0.009684342287871961,0.5,2,3.7834724892235556,3.5972317978963964
2022-05-03,0.0013237701244247502,0.0,0.0013237701244247502,0.5,2,3.7884809370713732,3.6019937058810827
2022-05-04,0.004905663540786476,0.0,0.004905663540786476,0.5,2,3.8070659498793287,3.619663875078166
2022-05-05,-0.0017871302799871147,0.0,-0.0017871302799871147,0.5,2,3.8002622270423916,3.613195064163638
2022-05-06,0.0008278152209827416,0.0,0.0008278152209827416,0.5,2,3.8034081419576635,3.616186122034133
2022-05-09,-0.007265887739223376,0.0,-0.007265887739223376,0.5,2,3.775773005371751,3.5899113196272956
2022-05-10,-0.004186164632931866,0.0,-0.004186164632931866,0.5,2,3.759966997954685,3.57488335982571
2022-05-11,0.004077850801274763,0.0,0.004077850801274763,0.5,2,3.7752995823900615,3.5894612007990396
2022-05-12,-0.007690917914940809,0.0,-0.007690917914940809,0.5,2,3.746264063197589,3.5618549493448293
2022-05-13,-0.004039197406560779,0.0,-0.004039197406560779,0.5,2,3.7311321631092293,3.54746791407089
2022-05-16,0.004781719956460095,0.0,0.004781719956460095,0.5,2,3.748973392233759,3.5644309121905047
2022-05-17,-0.0030890454971503334,0.0,-0.0030890454971503334,0.5,2,3.737392642857543,3.5534202229312988
2022-05-18,0.0002680347459483312,0.0,0.0002680347459483312,0.5,2,3.73839439394508,3.5543726630179995
2022-05-19,0.007385395231072067,0.0,0.007385395231072067,0.5,2,3.7660039140739885,3.5806231099329056
2022-05-20,0.0003001351601242819,0.0,0.0003001351601242819,0.5,2,3.7671342242617674,3.5816977808233497
2022-05-23,0.002405769815004344,0.0,0.002405769815004344,0.5,2,3.7761970820675663,3.5903145212309227
2022-05-24,0.003778866369698708,0.0,0.003778866369698708,0.5,2,3.790466826226346,3.603881840031843
2022-05-25,-0.003008534497320303,0.0,-0.003008534497320303,0.5,2,3.7790630760186956,3.593039437191841
2022-05-26,-0.0008645715685132727,0.0,-0.0008645715685132727,0.5,2,3.7757958055275513,3.589932997449898
2022-05-27,0.0002683095359953258,0.0,0.0002683095359953258,0.5,2,3.776808887548145,3.5908962107066977
2022-05-31,-0.004950166040149417,0.0,-0.004950166040149417,0.5,2,3.7581130564528697,3.5731206782307563
2022-06-01,0.003081313933563923,0.0005,0.002581313933563923,0.0,1,3.7696929825776264,3.582344024423779
2022-06-02,9.972631407684229e-05,0.0,9.972631407684229e-05,0.0,1,3.7700689201639808,3.58270127838909
2022-06-03,0.0,0.0,0.0,0.0,1,3.7700689201639808,3.58270127838909
2022-06-06,-9.971631873706421e-05,0.0,-9.971631873706421e-05,0.0,1,3.769692982769877,3.5823440246064746
2022-06-07,9.99727367556602e-09,0.0,9.99727367556602e-09,0.0,1,3.7696930204565295,3.5823440604201484
2022-06-08,3.994661779138653e-08,0.0,3.994661779138653e-08,0.0,1,3.769693171043016,3.5823442035226774
2022-06-09,9.974622878339279e-05,0.0,9.974622878339279e-05,0.0,1,3.7700691837204974,3.582701528847182
2022-06-10,0.0,0.0,0.0,0.0,1,3.7700691837204974,3.582701528847182
2022-06-13,-9.971631873706421e-05,0.0,-9.971631873706421e-05,0.0,1,3.769693246300113,3.582344275039592
2022-06-14,0.0,0.0,0.0,0.0,1,3.769693246300113,3.582344275039592
2022-06-15,-4.98631398216931e-05,0.0,-4.98631398216931e-05,0.0,1,3.7695052775586877,3.582165648106116
2022-06-16,0.0002497973283996924,0.0,0.0002497973283996924,0.0,1,3.7704468899064105,3.583060463514898
2022-06-17,9.970638209788607e-05,0.0,9.970638209788607e-05,0.0,1,3.770822827524695,3.5834177175105526
2022-06-21,0.00019984681939799742,0.0,0.00019984681939799742,0.0,1,3.771576414473289,3.5841338521439714
2022-06-22,-9.967649620956642e-05,0.0,-9.967649620956642e-05,0.0,1,3.771200476951108,3.5837765982396435
2022-06-23,9.968643260394039e-05,0.0,9.968643260394039e-05,0.0,1,3.7715764144732895,3.5841338521439714
2022-06-24,-0.00019980689672405294,0.0,-0.00019980689672405294,0.0,1,3.7708228274941558,3.583417717481531
2022-06-27,0.00019984681939799742,0.0,0.00019984681939799742,0.0,1,3.7715764144427437,3.584133852114944
2022-06-28,9.985292370728871e-09,0.0,9.985292370728871e-09,0.0,1,3.771576452103037,3.5841338879035685
2022-06-29,9.976727626082038e-05,0.0,9.976727626082038e-05,0.0,1,3.7719527320128727,3.5844914671793187
2022-06-30,0.0002002307923993918,0.0,0.0002002307923993918,0.0,1,3.772707993097297,3.5852091927461407
2022-07-01,-0.00010999342314987892,0.0,-0.00010999342314987892,0.0,1,3.7722930200305913,3.584814843314322
2022-07-05,9.965759338059765e-05,0.0,9.965759338059765e-05,0.0,1,3.7726689576744943,3.5851720973343224
2022-07-06,9.978037840419063e-09,0.0,9.978037840419063e-09,0.0,1,3.772668995318328,3.5851721331073056
2022-07-07,9.993987106593494e-05,0.0,9.993987106593494e-05,0.0,1,3.7730460353712947,3.5855304347480375
2022-07-08,9.978037840419063e-09,0.0,9.978037840419063e-09,0.0,1,3.7730460730188913,3.585530470524596
2022-07-11,0.0,0.0,0.0,0.0,1,3.7730460730188913,3.585530470524596
2022-07-12,-9.988993867815488e-05,0.0,-9.988993867815488e-05,0.0,1,3.7726691836780275,3.5851723121057666
2022-07-13,-9.964759800107359e-05,0.0,-9.964759800107359e-05,0.0,1,3.7722932462558214,3.5848150582964453
2022-07-14,0.0002994973139756052,0.0,0.0002994973139756052,0.0,1,3.7734230379506033,3.585888700777504
2022-07-15,-9.98999276746737e-05,0.0,-9.98999276746737e-05,0.0,1,3.773046073262026,3.5855304707556472
2022-07-18,9.99099086673727e-05,0.0,9.99099086673727e-05,0.0,1,3.7734230379506037,3.5858887007775047
2022-07-19,0.00010026283906205968,0.0,0.00010026283906205968,0.0,1,3.773801372057371,3.586248232159205
2022-07-20,9.97205718000771e-09,0.0,9.97205718000771e-09,0.0,1,3.773801409689934,3.5862482679214773
2022-07-21,9.979918589264614e-05,0.0,9.979918589264614e-05,0.0,1,3.774178031998342,3.5866061725790246
2022-07-22,0.00020012275889280673,0.0,0.00020012275889280673,0.0,1,3.774933330918658,3.587323934101343
2022-07-25,0.0,0.0,0.0,0.0,1,3.774933330918658,3.587323934101343
2022-07-26,-0.00010049485553409454,0.0,-0.00010049485553409454,0.0,1,3.7745539695389168,3.5869634265008314
2022-07-27,0.00020001208483466648,0.0,0.00020001208483466648,0.0,1,3.775308925947685,3.5876808625339915
2022-07-28,0.0,0.0,0.0,0.0,1,3.775308925947685,3.5876808625339915
2022-07-29,-0.0001999422650122984,0.0,-0.0001999422650122984,0.0,1,3.77455408212991,3.586963533496195
2022-08-01,0.00046052676933161507,0.0,0.00046052676933161507,0.0,1,3.776292365327021,3.5886154262239867
2022-08-02,4.9780994422432556e-05,0.0,4.9780994422432556e-05,0.0,1,3.7764803529161965,3.5887940710685036
2022-08-03,0.00015004089723991143,0.0,0.00015004089723991143,0.0,1,3.777046979416757,3.589332536950936
2022-08-04,9.971345080705962e-05,0.0,9.971345080705962e-05,0.0,1,3.7774236018049345,3.5896904416842887
2022-08-05,0.0,0.0,0.0,0.0,1,3.7774236018049345,3.5896904416842887
2022-08-08,9.991280358612187e-09,0.0,9.991280358612187e-09,0.0,1,3.777423639546232,3.589690477549892
2022-08-09,0.0002001220858611763,0.0,0.0002001220858611763,0.0,1,3.7781795854441595,3.5904088538958554
2022-08-10,-0.00010011673529819465,0.0,-0.00010011673529819465,0.0,1,3.7778013264386945,3.590049393883018
2022-08-11,0.00020001072674624698,0.0,0.00020001072674624698,0.0,1,3.778556927227498,3.5907674422713427
2022-08-12,9.996540322565473e-05,0.0,9.996540322565473e-05,0.0,1,3.7789346521943394,3.591126394786599
2022-08-15,9.983297077909015e-09,0.0,9.983297077909015e-09,0.0,1,3.778934689920567,3.5911264306378805
2022-08-16,0.00010020725505954786,0.0,0.00010020725505954786,0.0,1,3.779313366592893,3.5914862875600666
2022-08-17,9.938191943981156e-05,0.0,9.938191943981156e-05,0.0,1,3.779688962009429,3.5918432163609655
2022-08-18,0.0001002777978258429,0.0,0.0001002777978258429,0.0,1,3.780067980895006,3.592203398488838
2022-08-19,9.977316306475359e-09,0.0,9.977316306475359e-09,0.0,1,3.78006801860994,3.5922034343293876
2022-08-22,0.00039941087325390257,0.0,0.00039941087325390257,0.0,1,3.781577818878212,3.5936381994399986
2022-08-23,-0.0002999789635267369,0.0,-0.0002999789635267369,0.0,1,3.780443425083609,3.5925601835776404
2022-08-24,0.00020033451879686304,0.0,0.00020033451879686304,0.0,1,3.781200778398012,3.5932798973932663
2022-08-25,0.0002494475708783028,0.0,0.0002494475708783028,0.0,1,3.7821439897471865,3.594176232335157
2022-08-26,2.4955181254782133e-09,0.0,2.4955181254782133e-09,0.0,1,3.7821439991855947,3.5941762413044884
2022-08-29,5.0061109859278474e-05,0.0,5.0061109859278474e-05,0.0,1,3.7823333375118415,3.594356169756158
2022-08-30,9.967359271279008e-09,0.0,9.967359271279008e-09,0.0,1,3.782333375211717,3.5943562055823977
2022-08-31,9.968451037534187e-05,0.0,9.968451037534187e-05,0.0,1,3.7827104152623017,3.5947145072208655
2022-09-01,0.00027932270670039117,0.0,0.00027932270670039117,0.0,1,3.7837670121741565,3.5957185926068376
2022-09-02,9.991280358612187e-09,0.0,9.991280358612187e-09,0.0,1,3.783767049978833,3.5957186285326697
2022-09-06,0.0001004612550690176,0.0,0.0001004612550690176,0.0,1,3.784147171965563,3.596079858938967
2022-09-07,0.0001999574670388249,0.0,0.0001999574670388249,0.0,1,3.784903840448971,3.59679892195883
2022-09-08,0.000199726624684482,0.0,0.000199726624684482,0.0,1,3.7856597865177792,3.5975172984671815
2022-09-09,-0.00010000930094500315,0.0,-0.00010000930094500315,0.0,1,3.785281185328914,3.597157513277024
2022-09-12,9.983297077909015e-09,0.0,9.983297077909015e-09,0.0,1,3.7852812231185005,3.597157549188516
2022-09-13,0.000300007262471258,0.0,0.000300007262471258,0.0,1,3.786416834975932,3.598236722577526
2022-09-14,-9.989889074213387e-05,0.0,-9.989889074213387e-05,0.0,1,3.7860385761342306,3.5978772627203126
2022-09-15,0.00029940476962297957,0.0,0.00029940476962297957,0.0,1,3.7871721341419016,3.598954484333289
2022-09-16,9.973331160928467e-09,0.0,9.973331160928467e-09,0.0,1,3.787172171912623,3.5989545202268536
2022-09-19,9.980848343182913e-05,0.0,9.980848343182913e-05,0.0,1,3.7875501638235964,3.5993137264194575
2022-09-20,0.0001998077533181819,0.0,0.0001998077533181819,0.0,1,3.7883069457124106,3.600032897208621
2022-09-21,9.98689682984999e-05,0.0,9.98689682984999e-05,0.0,1,3.7886852800186768,3.6003924287799056
2022-09-22,9.976862535188147e-05,0.0,9.976862535188147e-05,0.0,1,3.789063271940955,3.6007516349832525
2022-09-23,0.00019977845063068322,0.0,0.00019977845063068322,0.0,1,3.789820245130765,3.601470987565995
2022-09-26,0.0,0.0,0.0,0.0,1,3.789820245130765,3.601470987565995
2022-09-27,9.955808410799794e-05,0.0,9.955808410799794e-05,0.0,1,3.790197552373484,3.6018295431174874
2022-09-28,0.0,0.0,0.0,0.0,1,3.790197552373484,3.6018295431174874
2022-09-29,0.00029949724152023016,0.0,0.00029949724152023016,0.0,1,3.7913327060852366,3.602908281130077
2022-09-30,9.933776809500916e-05,0.0,9.933776809500916e-05,0.0,1,3.791709328614364,3.6032661859973754
2022-10-03,7.025189095433149e-05,0.0,7.025189095433149e-05,0.0,1,3.7919757033646486,3.6035193222605533
2022-10-04,9.959176405915926e-05,0.0,9.959176405915926e-05,0.0,1,3.7923533529142164,3.6038782031066785
2022-10-05,9.977316195453056e-09,0.0,9.977316195453056e-09,0.0,1,3.7923533907517255,3.6038782390637114
2022-10-06,0.0002998289322913017,0.0,0.0002998289322913017,0.0,1,3.793490448019746,3.604958786028238
2022-10-07,0.00010020364713714258,0.0,0.00010020364713714258,0.0,1,3.7938705695980173,3.605320016046377
2022-10-10,3.9873418233860036e-08,0.0,3.9873418233860036e-08,0.0,1,3.7938707208726057,3.6053201598028104
2022-10-11,9.9451818758034e-05,0.0,9.9451818758034e-05,0.0,1,3.794248028215929,3.605678715449908
2022-10-12,-0.00019960567923049677,0.0,-0.00019960567923049677,0.0,1,3.793490674761088,3.6049590015008235
2022-10-13,0.0002992877835257257,0.0,0.0002992877835257257,0.0,1,3.794626020176963,3.606037921690084
2022-10-14,0.00020006669945793476,0.0,0.00020006669945793476,0.0,1,3.795385198480497,3.6067593697951965
2022-10-17,-0.00010040447334569436,0.0,-0.00010040447334569436,0.0,1,3.7950041248284996,3.6063972350201876
2022-10-18,0.00019992673919899673,0.0,0.00019992673919899673,0.0,1,3.7957628476284233,3.6071182502596413
2022-10-19,9.961392932744673e-09,0.0,9.961392932744673e-09,0.0,1,3.795762885439509,3.607118286191564
2022-10-20,0.00019964610162070962,0.0,0.00019964610162070962,0.0,1,3.796520694702264,3.607838433295487
2022-10-21,0.00019939602214402719,0.0,0.00019939602214402719,0.0,1,3.797277705826775,3.6085578219276244
2022-10-24,9.99234056846543e-05,0.0,9.99234056846543e-05,0.0,1,3.7976571427474717,3.6089184013148015
2022-10-25,-9.989359176665324e-05,0.0,-9.989359176665324e-05,0.0,1,3.7972777811351843,3.6085578934933014
2022-10-26,8.949974972249919e-08,0.0,8.949974972249919e-08,0.0,1,3.7972781209905957,3.6085582164583303
2022-10-27,0.0004986664972121968,0.0,0.0004986664972121968,0.0,1,3.7991716963701307,3.610357683544118
2022-10-28,9.941542922220492e-09,0.0,9.941542922220492e-09,0.0,1,3.799171734139759,3.6103577194366436
2022-10-31,0.0,0.0,0.0,0.0,1,3.799171734139759,3.6103577194366436
2022-11-01,0.00011012751360195416,0.0,0.00011012751360195416,0.0,1,3.799590127476587,3.6107553191554986
2022-11-02,0.00019967554576649782,0.0,0.00019967554576649782,0.0,1,3.8003488127089797,3.6114762986944804
2022-11-03,0.000399531640888906,0.0,0.000399531640888906,0.0,1,3.8018671723060717,3.612919197746129
2022-11-04,9.996305955550788e-05,0.0,9.996305955550788e-05,0.0,1,3.8022472185806393,3.6132803562030626
2022-11-07,9.988298061625045e-05,0.0,9.988298061625045e-05,0.0,1,3.802626998365871,3.6136412614148425
2022-11-08,9.994307972949201e-05,0.0,9.994307972949201e-05,0.0,1,3.80300704461915,3.6140024198515457
2022-11-09,0.0002995595373394,0.0,0.0002995595373394,0.0,1,3.804146271649935,3.61508502874438
2022-11-10,9.9633175309366e-05,0.0,9.9633175309366e-05,0.0,1,3.8045252908223204,3.615445211144807
2022-11-11,9.971325326263436e-05,0.0,9.971325326263436e-05,0.0,1,3.8049046524161887,3.6158057189488035
2022-11-14,9.961392932744673e-09,0.0,9.961392932744673e-09,0.0,1,3.8049046903183394,3.6158057549672655
2022-11-15,9.959404856374476e-09,0.0,9.959404856374476e-09,0.0,1,3.8049047282129256,3.615805790978539
2022-11-16,-9.968336321941607e-05,0.0,-9.968336321941607e-05,0.0,1,3.804525442512888,3.615445355296546
2022-11-17,0.0004989763572664785,0.0,0.0004989763572664785,0.0,1,3.8064238107593207,3.617249377049828
2022-11-18,9.936284683931262e-09,0.0,9.936284683931262e-09,0.0,1,3.8064238485810313,3.6172494129918475
2022-11-21,0.0001990472675026389,0.0,0.0001990472675026389,0.0,1,3.8071815068470483,3.617969416603379
2022-11-22,0.0002995406239032494,0.0,0.0002995406239032494,0.0,1,3.808321912370922,3.619053145419691
2022-11-23,0.0001995872858584491,0.0,0.0001995872858584491,0.0,1,3.8090820050050875,3.619775462414363
2022-11-25,9.932432723658291e-05,0.0,9.932432723658291e-05,0.0,1,3.809460339512624,3.620134994176915
2022-11-28,0.0001996175180953852,0.0,0.0001996175180953852,0.0,1,3.81022077453088,3.6208576365396232
2022-11-29,9.931639177729323e-09,0.0,9.931639177729323e-09,0.0,1,3.8102208123726173,3.6208576725006743
2022-11-30,9.940428313492955e-05,0.0,9.940428313492955e-05,0.0,1,3.8105995646410573,3.621217601261943
2022-12-01,-0.004432605348321739,0.001,-0.005432605348321739,1.0,2,3.793708680630517,3.6015449551538907
2022-12-02,0.00254941216863519,0.0,0.00254941216863519,1.0,2,3.803380407705173,3.6107267776884466
2022-12-05,-0.0228744819914643,0.0,-0.0228744819914643,1.0,2,3.7163800510624325,3.528133273036114
2022-12-06,-0.014865599793476958,0.0,-0.014865599793476958,1.0,2,3.661133832542877,3.475685455781109
2022-12-07,-0.002322671656220854,0.0,-0.002322671656220854,1.0,2,3.6526302207603987,3.4676125796870276
2022-12-08,0.007529037516825543,0.0,0.007529037516825543,1.0,2,3.6801310107275946,3.4937203648933073
2022-12-09,-0.009898971994437678,0.0,-0.009898971994437678,1.0,2,3.6437014969165404,3.459136124844832
2022-12-12,0.013067390515479449,0.0,0.013067390515479449,1.0,2,3.691315167298586,3.5043380074343813
2022-12-13,0.008590555578981307,0.0,0.008590555578981307,1.0,2,3.7230256154028014,3.534442217854783
2022-12-14,-0.0064808018122647915,0.0,-0.0064808018122647915,1.0,2,3.6988974242473907,3.5115361983239644
2022-12-15,-0.02490019312863595,0.0,-0.02490019312863595,1.0,2,3.606794164020617,3.424098268807502
2022-12-16,-0.009631034305301545,0.0,-0.009631034305301545,1.0,2,3.572057005694773,3.391120660915893
2022-12-19,-0.010994422671680881,0.0,-0.010994422671680881,1.0,2,3.5327843011668256,3.3538372470391136
2022-12-20,0.0033401249390990206,0.0,0.0033401249390990206,1.0,2,3.54458424211561,3.365039482469628
2022-12-21,0.016028606525258837,0.0,0.016028606525258837,1.0,2,3.601398988228114,3.4189763762760945
2022-12-22,-0.013714736795005289,0.0,-0.013714736795005289,1.0,2,3.552006749010767,3.372086015167127
2022-12-23,0.005165377683554129,0.0,0.005165377683554129,1.0,2,3.570354205403941,3.389504113016896
2022-12-27,-0.005327413477452803,0.0,-0.005327413477452803,1.0,2,3.5513334522907916,3.371446823123328
2022-12-28,-0.01398148623769474,0.0,-0.01398148623769474,1.0,2,3.5016805325021227,3.3243089857647092
2022-12-29,0.021563301873793406,0.0,0.021563301873793406,1.0,2,3.577188326890052,3.395992063946518
2022-12-30,-0.0026757441983124575,0.0,-0.0026757441983124575,1.0,2,3.5676166859781047,3.386905257883898
2023-01-03,0.003921382418002273,0.001,0.0029213824180022727,1.0,2,3.5816066753246707,3.3967997033557196
2023-01-04,0.012179903948089377,0.0,0.012179903948089377,1.0,2,3.625230300609961,3.438172397473491
2023-01-05,-0.011846738246561017,0.0,-0.011846738246561017,1.0,2,3.582283146155133,3.397441269034071
2023-01-06,0.02305219419078952,0.0,0.02305219419078952,1.0,2,3.664862632886694,3.475759744919647
2023-01-09,0.003328304294802853,0.0,0.003328304294802853,1.0,2,3.6770604109275933,3.487328131006366
2023-01-10,0.0030959350556263865,0.0,0.0030959350556263865,1.0,2,3.68844435115544,3.4981246724176205
2023-01-11,0.0034159888989707676,0.0,0.0034159888989707676,1.0,2,3.701044036113458,3.5100742274658145
2023-01-12,0.012992635824650156,0.0,0.012992635824650156,1.0,2,3.7491303534456737,3.5556793436207683
2023-01-13,0.008577806964287782,0.0,0.008577806964287782,1.0,2,3.7812896699014824,3.5861792746572525
2023-01-17,-0.0018344102753011238,0.0,-0.0018344102753011238,1.0,2,3.774353233277125,3.5796007505467493
2023-01-18,-0.003521439395596626,0.0,-0.003521439395596626,1.0,2,3.761062077108565,3.5669954034432667
2023-01-19,0.007347685122376102,0.0,0.007347685122376102,1.0,2,3.788697176976869,3.593204562500731
2023-01-20,0.003460194792683835,0.0,0.003460194792683835,1.0,2,3.8018068072197004,3.6056377502169434
2023-01-23,0.003075040593850331,0.0,0.003075040593850331,1.0,2,3.813497517481878,3.6167252326655803
2023-01-24,0.001714789306234643,0.0,0.001714789306234643,1.0,2,3.820036862244208,3.6229271544181443
2023-01-25,0.00486762288722864,0.0,0.00486762288722864,1.0,2,3.838631361104925,3.640562197553752
2023-01-26,-0.0030094226096528676,0.0,-0.0030094226096528676,1.0,2,3.8270792970966934,3.6296062073645863
2023-01-27,-0.0012281726047042585,0.0,-0.0012281726047042585,1.0,2,3.822378983147968,3.6251484244548364
2023-01-30,-0.005434182587543135,0.0,-0.005434182587543135,1.0,2,3.8016074778347546,3.6054487060094047
2023-01-31,0.0049074946222525395,0.0,0.0049074946222525395,1.0,2,3.8202638460881433,3.623142426144953
2023-02-01,0.010769144945088516,0.0,0.010769144945088516,1.0,2,3.861404821175148,3.6621605720888084
2023-02-02,-0.010507142071855158,0.0,-0.010507142071855158,1.0,2,3.8208324921221144,3.6236817306679248
2023-02-03,-0.01818484946651011,0.0,-0.01818484946651011,1.0,2,3.751351228416123,3.557785623881186
2023-02-06,-0.004332627790288757,0.0,-0.004332627790288757,1.0,2,3.7350980198327535,3.5423710630152683
2023-02-07,0.005136387725257485,0.0,0.005136387725257485,1.0,2,3.754282931454456,3.5605660542616473
2023-02-08,-0.0017204109599205375,0.0,-0.0017204109599205375,1.0,2,3.7478240219525394,3.5544404173983746
2023-02-09,-0.00337617430311854,0.0,-0.00337617430311854,1.0,2,3.735170714797013,3.5424400069991884
2023-02-10,-0.00047729337760926693,0.0,-0.00047729337760926693,1.0,2,3.7333879425506002,3.5407492238432696
2023-02-13,0.0017709473533478737,0.0,0.0017709473533478737,1.0,2,3.739999576046481,3.5470197043101033
2023-02-14,0.0008372432960413456,0.0,0.0008372432960413456,1.0,2,3.743130865618723,3.5499894227784634
2023-02-15,-0.0074381867682426495,0.0,-0.0074381867682426495,1.0,2,3.715288759142277,3.523583938426551
2023-02-16,-0.0027035287276288567,0.0,-0.0027035287276288567,1.0,2,3.705244369250499,3.514057828024803
2023-02-17,0.002305787060999376,0.0,0.002305787060999376,1.0,2,3.7137878737749572,3.522160497096266
2023-02-21,-0.008184448649994847,0.0,-0.008184448649994847,1.0,2,3.6833925676250723,3.493333555370741
2023-02-22,-0.005721148118928043,0.0,-0.005721148118928043,1.0,2,3.6623193331655304,3.4733476766716436
2023-02-23,0.0026603227899915094,0.0,0.0026603227899915094,1.0,2,3.672062284751777,3.4825879026534574
2023-02-24,-0.01142307235066975,0.0,-0.01142307235066975,1.0,2,3.630116051596892,3.4428060490738797
2023-02-27,0.007524614103635807,0.0,0.007524614103635807,1.0,2,3.657431274036573,3.4687118360268236
2023-02-28,-0.0013205264919277648,0.0,-0.0013205264919277648,1.0,2,3.652601539146802,3.4641313101544866
2023-03-01,0.007237159990420239,0.0005,0.006737159990420238,1.0,2,3.6790360008668626,3.4874697170188216
2023-03-02,0.0020543424088247386,0.0,0.0020543424088247386,1.0,2,3.686594000547036,3.494634173957985
2023-03-03,0.014217826751294571,0.0,0.014217826751294571,1.0,2,3.7390093553491752,3.5443202772024724
2023-03-06,-0.008526412479489542,0.0,-0.008526412479489542,1.0,2,3.707129019320798,3.5140999405596256
2023-03-07,-0.01492262547870532,0.0,-0.01492262547870532,1.0,2,3.6518089213642333,3.4616603432519133
2023-03-08,0.0028383733124757726,0.0,0.0028383733124757726,1.0,2,3.662174118348894,3.4714858275870553
2023-03-09,-0.018836453382864715,0.0,-0.018836453382864715,1.0,2,3.5931917462886815,3.4060953466264365
2023-03-10,-0.019354462054910204,0.0,-0.019354462054910204,1.0,2,3.523647452979121,3.340172203484749
2023-03-13,-0.010947068959611672,0.0,-0.010947068959611672,1.0,2,3.4850738413219986,3.3036071080362235
2023-03-14,0.015307203357650734,0.0,0.015307203357650734,1.0,2,3.5384205753275433,3.3541760938527143
2023-03-15,-0.022954082308204615,0.0,-0.022954082308204615,1.0,2,3.45719937820043,3.277184059718207
2023-03-16,0.01478245545215412,0.0,0.01478245545215412,1.0,2,3.508305273997893,3.3256288870895006
2023-03-17,-0.019385595487753315,0.0,-0.019385595487753315,1.0,2,3.440294687108618,3.2611595907419964
2023-03-20,0.014082448956407312,0.0,0.014082448956407312,1.0,2,3.4887424614348244,3.307084704217319
2023-03-21,0.015699410056757235,0.0,0.015699410056757235,1.0,2,3.5435136599193098,3.359003983081256
2023-03-22,-0.01612962674498486,0.0,-0.01612962674498486,1.0,2,3.486358107219056,3.3048245025992378
2023-03-23,-0.0017883405639423922,0.0,-0.0017883405639423922,1.0,2,3.4801233115954866,3.298914350884529
2023-03-24,0.002897074171436531,0.0,0.002897074171436531,1.0,2,3.490205486954924,3.3084715504442577
2023-03-27,0.009926508443430904,0.0,0.009926508443430904,1.0,2,3.5248510411904914,3.341313121224594
2023-03-28,-3.160838474680627e-05,0.0,-3.160838474680627e-05,1.0,2,3.524739626342606,3.3412075077138987
2023-03-29,0.01136032566399714,0.0,0.01136032566399714,1.0,2,3.5647818163786535,3.379164713112521
2023-03-30,0.0055442540626920445,0.0,0.0055442540626920445,1.0,2,3.5845458724467214,3.3978996608017003
2023-03-31,0.011483876686243177,0.0,0.011483876686243177,1.0,2,3.6257103552220817,3.436920721498575
2023-04-03,0.007507542703271364,0.0005,0.007007542703271363,1.0,2,3.6529305305436046,3.4610050902222347
2023-04-04,0.009202006176295408,0.0,0.009202006176295408,1.0,2,3.686544819847245,3.4928532804386494
2023-04-05,-0.004245936085314095,0.0,-0.004245936085314095,1.0,2,3.6708919861665277,3.4780228486545273
2023-04-06,-0.0019086265835740468,0.0,-0.0019086265835740468,1.0,2,3.6638856241363014,3.471384601787307
2023-04-10,-0.003242358702554904,0.0,-0.003242358702554904,1.0,2,3.652005992697717,3.460129127713787
2023-04-11,0.005358049542554366,0.0,0.005358049542554366,1.0,2,3.671573621736296,3.4786686710037125
2023-04-12,0.005313760711738058,0.0,0.005313760711738058,1.0,2,3.6910834853977326,3.4971534839168466
2023-04-13,0.014044013709873793,0.0,0.014044013709873793,1.0,2,3.742921112470947,3.5462675553905076
2023-04-14,-0.011369369372605964,0.0,-0.011369369372605964,1.0,2,3.7003664598107395,3.5059487296591842
2023-04-17,-0.0026594189876673058,0.0,-0.0026594189876673058,1.0,2,3.6905256349861917,3.4966249430377405
2023-04-18,0.003892372241951547,0.0,0.003892372241951547,1.0,2,3.7048905345260223,3.510235108906536
2023-04-19,-0.004296469265606839,0.0,-0.004296469265606839,1.0,2,3.6889725862119933,3.495153491646065
2023-04-20,0.0021883760193092683,0.0,0.0021883760193092683,1.0,2,3.697045445355549,3.5028022017309883
2023-04-21,-0.003334762007861425,0.0,-0.003334762007861425,1.0,2,3.6847166786630403,3.4911211900276027
2023-04-24,0.0024914593248291927,0.0,0.0024914593248291927,1.0,2,3.6938970003914493,3.499819176470606
2023-04-25,-0.005336986347759642,0.0,-0.005336986347759642,1.0,2,3.67418272253033,3.4811406893061547
2023-04-26,-0.002564727661444055,0.0,-0.002564727661444055,1.0,2,3.6647594444686566,3.472212511486913
2023-04-27,0.006354437112691791,0.0,0.006354437112691791,1.0,2,3.688046927891676,3.494276467533058
2023-04-28,0.00027107627548023094,0.0,0.00027107627548023094,1.0,2,3.689046669916685,3.4952236829833754
2023-05-01,-0.0026377969133947743,0.0,-0.0026377969133947743,1.0,2,3.6793157139974095,3.4860039927407773
2023-05-02,0.004321124897963824,0.0,0.004321124897963824,1.0,2,3.695214496736633,3.5010674513882107
2023-05-03,0.005222074159246359,0.0,0.005222074159246359,1.0,2,3.714511180872914,3.5193502852558836
2023-05-04,0.00275981165366479,0.0,0.00275981165366479,1.0,2,3.7247625321175555,3.5290630291864615
2023-05-05,0.00026443074706500314,0.0,0.00026443074706500314,1.0,2,3.725747473856563,3.5299962219597085
2023-05-08,0.0008320003080897753,0.0,0.0008320003080897753,1.0,2,3.7288472969026762,3.5329331799039347
2023-05-09,0.0016205716472076914,0.0,0.0016205716472076914,1.0,2,3.734890161108804,3.5386585512467668
2023-05-10,-0.0014643255094096697,0.0,-0.0014643255094096697,1.0,2,3.7294210661710494,3.5334768032610855
2023-05-11,-0.006556433999820699,0.0,-0.006556433999820699,1.0,2,3.704969363093158,3.5103097958106066
2023-05-12,-0.001931153251898965,0.0,-0.001931153251898965,1.0,2,3.6978144994594344,3.503530849633254
2023-05-15,0.00540503262015718,0.0,0.00540503262015718,1.0,2,3.717801307452303,3.5224675481612486
2023-05-16,-0.011445077012376181,0.0,-0.011445077012376181,1.0,2,3.6752507851717984,3.4821526357989474
2023-05-17,0.0008756254851004508,0.0,0.0008756254851004508,1.0,2,3.6784689284234298,3.4852016973898623
2023-05-18,-0.007467917745885011,0.0,-0.007467917745885011,1.0,2,3.65099842503517,3.459174497785936
2023-05-19,0.007973758456999547,0.0,0.007973758456999547,1.0,2,3.6801106046032865,3.486757119691894
2023-05-22,-0.0007397869611981411,0.0,-0.0007397869611981411,1.0,2,3.677388106762234,3.4841776622378813
2023-05-23,-0.006418049505695134,0.0,-0.006418049505695134,1.0,2,3.6537864478413793,3.4618160375150016
2023-05-24,-0.011152979227167514,0.0,-0.011152979227167514,1.0,2,3.613035843488098,3.4232064751603213
2023-05-25,-0.005928324516442929,0.0,-0.005928324516442929,1.0,2,3.5916165945183605,3.402912596288782
2023-05-26,0.006650835999968685,0.0,0.006650835999968685,1.0,2,3.615503847463268,3.425544809888926
2023-05-30,-0.0012036561679446556,0.0,-0.0012036561679446556,1.0,2,3.611152023957041,3.4214216317499324
2023-05-31,-0.004110638212709128,0.0,-0.004110638212709128,1.0,2,3.5963078844554612,3.4073574052486713
2023-06-01,0.012785019544939824,0.0005,0.012285019544939824,1.0,2,3.642286751047846,3.4492168575687465
2023-06-02,-0.0036384182658082964,0.0,-0.0036384182658082964,1.0,2,3.629034588403522,3.4366671639514346
2023-06-05,0.0033683807102618535,0.0,0.0033683807102618535,1.0,2,3.6412585585079733,3.4482431673340788
2023-06-06,0.0004659662153214672,0.0,0.0004659662153214672,1.0,2,3.6429552619774883,3.4498499321522695
2023-06-07,-0.014491476057306274,0.0,-0.014491476057306274,1.0,2,3.5901634630207035,3.3998565144591852
2023-06-08,0.012792321345480917,0.0,0.012792321345480917,1.0,2,3.6360899877224693,3.443348571520674
2023-06-09,0.0005691001429970477,0.0,0.0005691001429970477,1.0,2,3.638159287054432,3.445308181685115
2023-06-12,0.007980528537731568,0.0,0.007980528537731568,1.0,2,3.6671937210695837,3.4728035619503337
2023-06-13,0.00016373796242835637,0.0,0.00016373796242835637,1.0,2,3.667794179897302,3.4733721917294815
2023-06-14,0.003928968222838614,0.0,0.003928968222838614,1.0,2,3.6822048266780305,3.4870189606968776
2023-06-15,0.009509682930396057,0.0,0.009509682930396057,1.0,2,3.7172214270645125,3.5201794053853837
2023-06-16,-0.003873287236553169,0.0,-0.003873287236553169,1.0,2,3.7028235607556215,3.506544739424127
2023-06-20,-0.00589346373055516,0.0,-0.00589346373055516,1.0,2,3.681001104399663,3.4858790451827617
2023-06-21,-0.00755047390027247,0.0,-0.00755047390027247,1.0,2,3.653207801634019,3.4595590064326025
2023-06-22,0.0009564056281701205,0.0,0.0009564056281701205,1.0,2,3.6567017501363765,3.462867748137341
2023-06-23,-0.0035316890561565284,0.0,-0.0035316890561565284,1.0,2,3.6437874165837916,3.450637976008327
2023-06-26,-0.0058345781570458555,0.0,-0.0058345781570458555,1.0,2,3.622527454114073,3.430504959045636
2023-06-27,0.006284374611149779,0.0,0.006284374611149779,1.0,2,3.6452927736749006,3.452063537313686
2023-06-28,-0.0001595874505729289,0.0,-0.0001595874505729289,1.0,2,3.644711030694558,3.4515126312945505
2023-06-29,-0.001508318446673984,0.0,-0.001508318446673984,1.0,2,3.6392136458141655,3.446306651123841
2023-06-30,0.01101005842844971,0.0,0.01101005842844971,1.0,2,3.679281600688191,3.4842506887150697
2023-07-03,0.0031127140201262504,0.0005,0.0026127140201262504,1.0,2,3.6907341521106463,3.49335403933911
2023-07-05,-0.0007420722780504541,0.0,-0.0007420722780504541,1.0,2,3.687995360610711,3.4907617181491006
2023-07-06,-0.00770781915416302,0.0,-0.00770781915416302,1.0,2,3.6595689593297314,3.463855558115332
2023-07-07,-0.0029234738498545854,0.0,-0.0029234738498545854,1.0,2,3.6488703051753912,3.4537290669715084
2023-07-10,0.0014312039404359989,0.0,0.0014312039404359989,1.0,2,3.6540925827342985,3.4586720576213565
2023-07-11,0.005648213406658775,0.0,0.005648213406658775,1.0,2,3.6747316774492713,3.4782073755064498
2023-07-12,0.010334411256034681,0.0,0.010334411256034681,1.0,2,3.71270786585961,3.514152600958706
2023-07-13,0.01241418559118479,0.0,0.01241418559118479,1.0,2,3.758798110352243,3.557777943542752
2023-07-14,-0.00041320946372669365,0.0,-0.00041320946372669365,1.0,2,3.7572449394008074,3.556307836026642
2023-07-17,0.006398822510725821,0.0,0.006398822510725821,1.0,2,3.7812868828973563,3.57906401866288
2023-07-18,0.007817155930214592,0.0,0.007817155930214592,1.0,2,3.8108457920778402,3.6070421201809886
2023-07-19,0.0009990420719155901,0.0,0.0009990420719155901,1.0,2,3.8146529873537083,3.6106457070142204
2023-07-20,-0.014908412783725455,0.0,-0.014908412783725455,1.0,2,3.7577825659915676,3.556816710398266
2023-07-21,-0.001461909581065568,0.0,-0.001461909581065568,1.0,2,3.7522890276547836,3.551616965971241
2023-07-24,0.003031309235760671,0.0,0.003031309235760671,1.0,2,3.7636633760395566,3.5623830152820735
2023-07-25,0.004750251349430468,0.0,0.004750251349430468,1.0,2,3.7815417230703905,3.579305230007605
2023-07-26,-0.0015846838108115047,0.0,-0.0015846838108115047,1.0,2,3.7755491751219323,3.573633162955659
2023-07-27,-0.004328356218034679,0.0,-0.004328356218034679,1.0,2,3.7592072533732974,3.5581652056338045
2023-07-28,0.013954587579598332,0.0,0.013954587579598332,1.0,2,3.8116654402203562,3.607817933618501
2023-07-31,0.0012123553581209756,0.0,0.0012123553581209756,1.0,2,3.816286533240172,3.6121918910214483
2023-08-01,-0.002587556731565799,0.0,-0.002587556731565799,1.0,2,3.806411675331502,3.602845139578128
2023-08-02,-0.01801101261973309,0.0,-0.01801101261973309,1.0,2,3.7378543466112073,3.5379542503022425
2023-08-03,-0.002213690726364903,0.0,-0.002213690726364903,1.0,2,3.729579893107611,3.5301223137880453
2023-08-04,-0.004558285372067317,0.0,-0.004558285372067317,1.0,2,3.712579403636902,3.5140310088834967
2023-08-07,0.008579520236217775,0.0,0.008579520236217775,1.0,2,3.7444315537589703,3.5441797090349096
2023-08-08,-0.0064270134089229325,0.0,-0.0064270134089229325,1.0,2,3.720366041954167,3.5214012185213095
2023-08-09,-0.00883301170407913,0.0,-0.00883301170407913,1.0,2,3.6875040051621273,3.4902966403433524
2023-08-10,0.0011441660969703227,0.0,0.0011441660969703227,1.0,2,3.6917231222272764,3.4942901194276033
2023-08-11,-0.0034687918337233947,0.0,-0.0034687918337233947,1.0,2,3.6789173032085265,3.4821691543966726
2023-08-14,0.008394114633643368,0.0,0.008394114633643368,1.0,2,3.7097985567793534,3.5113988814524157
2023-08-15,-0.011156379371588698,0.0,-0.011156379371588698,1.0,2,3.6684106366877507,3.47222438340596
2023-08-16,-0.008973446864106227,0.0,-0.008973446864106227,1.0,2,3.635492348763711,3.4410665624012124
2023-08-17,-0.009223229082144124,0.0,-0.009223229082144124,1.0,2,3.601961370004681,3.4093288172092797
2023-08-18,-0.00032535469827227326,0.0,-0.00032535469827227326,1.0,2,3.600789454949955,3.4082195760606457
2023-08-21,0.011279227227354971,0.0,0.011279227227354971,1.0,2,3.641403577410199,3.446661659099753
2023-08-22,-0.002023015379333082,0.0,-0.002023015379333082,1.0,2,3.63403696197074,3.439689009556037
2023-08-23,0.013421798496228154,0.0,0.013421798496228154,1.0,2,3.6828122738021563,3.4858558223319887
2023-08-24,-0.017437778044176955,0.0,-0.017437778044176955,1.0,2,3.6185922107932234,3.4250702422081614
2023-08-25,0.00738817620782295,0.0,0.00738817620782295,1.0,2,3.645327007670819,3.450375264681766
2023-08-28,0.006933760993840132,0.0,0.006933760993840132,1.0,2,3.6706028338863987,3.474299342106127
2023-08-29,0.01815524568760607,0.0,0.01815524568760607,1.0,2,3.737243530157229,3.537376100254351
2023-08-30,0.004845666920907488,0.0,0.004845666920907488,1.0,2,3.755352967506687,3.554517046610162
2023-08-31,0.0007692921677540099,0.0,0.0007692921677540099,1.0,2,3.758241931131742,3.5572515087342675
2023-09-01,0.0004407450786631517,0.0,0.0004407450786631517,1.0,2,3.7598983577673137,3.5588193498303093
2023-09-05,-0.0015233092270993676,0.0,-0.0015233092270993676,1.0,2,3.754170869905971,3.5533981674771327
2023-09-06,-0.007776681814286424,0.0,-0.007776681814286424,1.0,2,3.72497587757425,3.5257645205691945
2023-09-07,-0.005067149961077433,0.0,-0.005067149961077433,1.0,2,3.7061008662011847,3.507898943016024
2023-09-08,0.0014518664971376327,0.0,0.0014518664971376327,1.0,2,3.7114816298838353,3.5129919439667336
2023-09-11,0.009163802283339018,0.0,0.009163802283339018,1.0,2,3.7454929137183353,3.5451843075642073
2023-09-12,-0.008305340982224352,0.0,-0.008305340982224352,1.0,2,3.7143853179233997,3.5157403430450556
2023-09-13,0.0024863471478432375,0.0,0.0024863471478432375,1.0,2,3.7236205692646087,3.5244816940195425
2023-09-14,0.008383359130960222,0.0,0.008383359130960222,1.0,2,3.754837017764185,3.5540286898110036
2023-09-15,-0.014625402861253745,0.0,-0.014625402861253745,1.0,2,3.699921013701035,3.5020495884420635
2023-09-18,0.0008196656021614013,0.0,0.0008196656021614013,1.0,2,3.7029537116866797,3.5049200980267727
2023-09-19,-0.0020999646049671417,0.0,-0.0020999646049671417,1.0,2,3.695177639958306,3.497559889877679
2023-09-20,-0.011758930652453703,0.0,-0.011758930652453703,1.0,2,3.651726302341539,3.4564323256798035
2023-09-21,-0.017501280999311197,0.0,-0.017501280999311197,1.0,2,3.587816414191684,3.395940332292979
2023-09-22,-0.0010368592783317476,0.0,-0.0010368592783317476,1.0,2,3.5840963534536785,3.39241922005078
2023-09-25,0.0044981480056918155,0.0,0.0044981480056918155,1.0,2,3.6002181493181733,3.4076788237999223
2023-09-26,-0.01490928693018323,0.0,-0.01490928693018323,1.0,2,3.5465414639187354,3.35687276244998
2023-09-27,0.0013762145387745117,0.0,0.0013762145387745117,1.0,2,3.551422265843747,3.36149253955048
2023-09-28,0.0071005614272855455,0.0,0.0071005614272855455,1.0,2,3.5766393577966,3.38536102381492
2023-09-29,-0.0007701192453279937,0.0,-0.0007701192453279937,1.0,2,3.5738849189935635,3.382753892138097
2023-10-02,0.003972693682525952,0.0,0.003972693682525952,1.0,2,3.588082869033324,3.396192537154934
2023-10-03,-0.015526138560665259,0.0,-0.015526138560665259,1.0,2,3.532373797241563,3.343462781244369
2023-10-04,0.01042831325164939,0.0,0.01042831325164939,1.0,2,3.5692104977211163,3.378329458472416
2023-10-05,-0.0016615076186744515,0.0,-0.0016615076186744515,1.0,2,3.5632802272865,3.3727163383387717
2023-10-06,0.014475543600734664,0.0,0.014475543600734664,1.0,2,3.6148606455782217,3.4215382407473047
2023-10-09,0.005814872089882239,0.0,0.005814872089882239,1.0,2,3.6358805978550084,3.441434047967891
2023-10-10,0.005366444411302185,0.0,0.005366444411302185,1.0,2,3.6553923489695292,3.4599023124814736
2023-10-11,0.005607486848314802,0.0,0.005607486848314802,1.0,2,3.675889913491807,3.479303669195168
2023-10-12,-0.004776889050726596,0.0,-0.004776889050726596,1.0,2,3.6583305952123717,3.4626834215936366
2023-10-13,-0.008747858432373579,0.0,-0.008747858432373579,1.0,2,3.626328037066633,3.4323923572254085
2023-10-16,0.01088623800782218,0.0,0.01088623800782218,1.0,2,3.6658051071725786,3.4697581973623937
2023-10-17,-0.0016014259715484425,0.0,-0.0016014259715484425,1.0,2,3.6599345916673176,3.4642016364701442
2023-10-18,-0.013262461766042677,0.0,-0.013262461766042677,1.0,2,3.611394849079113,3.4182577947165966
2023-10-19,-0.00903623741816828,0.0,-0.00903623741816828,1.0,2,3.578761427812084,3.387369605727033
2023-10-20,-0.013618539655869677,0.0,-0.013618539655869677,1.0,2,3.530023923388528,3.341238578422352
2023-10-23,0.000658975350305735,0.0,0.000658975350305735,1.0,2,3.5323501221400306,3.3434403722850226
2023-10-24,0.008616005265327464,0.0,0.008616005265327464,1.0,2,3.5627848693913693,3.3722474721369387
2023-10-25,-0.01949555110711093,0.0,-0.01949555110711093,1.0,2,3.4933264148865084,3.3065036491980675
2023-10-26,-0.01556045797381872,0.0,-0.01556045797381872,1.0,2,3.438968656018836,3.255052938124443
2023-10-27,0.0001640822109618134,0.0,0.0001640822109618134,1.0,2,3.4395329295993444,3.2555870344073283
2023-10-30,0.011579007453752843,0.0,0.011579007453752843,1.0,2,3.479359307028604,3.2932835009450723
2023-10-31,0.005527634110063073,0.0,0.005527634110063073,1.0,2,3.4985919322153003,3.311487567159004
2023-11-01,0.008768431173216351,0.0005,0.00826843117321635,1.0,2,3.5292690947761,3.33886837418902
2023-11-02,0.010705070256524063,0.0,0.010705070256524063,1.0,2,3.5670501683898577,3.3746111947119997
2023-11-03,0.0076776040401003165,0.0,0.0076776040401003165,1.0,2,3.5944365671739282,3.4005201232542883
2023-11-06,-0.001866264906409676,0.0,-0.001866264906409676,1.0,2,3.587728396350296,3.394173851884719
2023-11-07,0.002649898183840649,0.0,0.002649898183840649,1.0,2,3.5972355113118977,3.4031680670104674
2023-11-08,-0.004672374299058257,0.0,-0.004672374299058257,1.0,2,3.5804278805611847,3.387267191998792
2023-11-09,-0.001849028735546765,0.0,-0.001849028735546765,1.0,2,3.573807566524474,3.3810040376258113
2023-11-10,0.0057295042443646915,0.0,0.0057295042443646915,1.0,2,3.594283712145418,3.400375514609602
2023-11-13,0.0012304441044336256,0.0,0.0012304441044336256,1.0,2,3.5987062773486898,3.404559486614414
2023-11-14,0.015178723093984159,0.0,0.015178723093984159,1.0,2,3.6533300434291482,3.456236352318731
2023-11-15,-0.0009315087561698188,0.0,-0.0009315087561698188,1.0,2,3.6499269345045153,3.453016837893154
2023-11-16,0.006058526645477513,0.0,0.006058526645477513,1.0,2,3.6720401140912573,3.4739370324128123
2023-11-17,6.538037981468348e-05,0.0,6.538037981468348e-05,1.0,2,3.6722801934686116,3.474164159735444
2023-11-20,0.005291700110582165,0.0,0.005291700110582165,1.0,2,3.691712798974478,3.4925483946036966
2023-11-21,0.002498271192590551,0.0,0.002498271192590551,1.0,2,3.7009356987114734,3.5012737276466632
2023-11-22,-7.948367338606044e-05,0.0,-7.948367338606044e-05,1.0,2,3.700641534747174,3.5009954335492597
2023-11-24,0.0018949553119514406,0.0,0.0018949553119514406,1.0,2,3.7076540850810713,3.5076296634431814
2023-11-27,0.0029295233116964914,0.0,0.0029295233116964914,1.0,2,3.7185157441550234,3.5179053463110366
2023-11-28,0.007959013933364678,0.0,0.007959013933364678,1.0,2,3.7481114627741894,3.5459044039785845
2023-11-29,0.0002767981960878907,0.0,0.0002767981960878907,1.0,2,3.7491489332658214,3.5468859039211056
2023-11-30,-0.0033411892846999525,0.0,-0.0033411892846999525,1.0,2,3.7366223170232495,3.535035086744871
2023-12-01,0.010068373819031085,0.0,0.010068373819031085,1.0,2,3.7742440273315734,3.570627141461609
2023-12-04,-0.015503213152656514,0.0,-0.015503213152656514,1.0,2,3.7157311176857113,3.5152709477988693
2023-12-05,-0.0006171900914059281,0.0,-0.0006171900914059281,1.0,2,3.713437805257547,3.513101357401281
2023-12-06,-0.0009890521096078686,0.0,-0.0009890521096078686,1.0,2,3.7097650217623594,3.509626717092477
2023-12-07,0.007790034989255568,0.0,0.007790034989255568,1.0,2,3.738664221083804,3.536966832017853
2023-12-08,-0.004430747499523047,0.0,-0.004430747499523047,1.0,2,3.7220991439346807,3.521295425070994
2023-12-11,-0.001260201163895025,0.0,-0.001260201163895025,1.0,2,3.7174085502613616,3.516857884477901
2023-12-12,0.0037107278314450487,0.0,0.0037107278314450487,1.0,2,3.731202841629668,3.52990798690907
2023-12-13,0.017608944654215586,0.0,0.017608944654215586,1.0,2,3.7969053859615767,3.5920659412850253
2023-12-14,0.002506087595209594,0.0,0.002506087595209594,1.0,2,3.8064207634495197,3.601067973181655
2023-12-15,-0.00217361088210144,0.0,-0.00217361088210144,1.0,2,3.798147085856229,3.5932406526479603
2023-12-18,0.005416956193923128,0.0,0.005416956193923128,1.0,2,3.8187214822383884,3.6127050798575775
2023-12-19,0.005954754473617596,0.0,0.005954754473617596,1.0,2,3.841461031068247,3.6342178515937205
2023-12-20,-0.010169237372444906,0.0,-0.010169237372444906,1.0,2,3.8023963019863167,3.597260627597687
2023-12-21,0.009340928012638972,0.0,0.009340928012638972,1.0,2,3.837914212118696,3.6308623801627777
2023-12-22,0.003007293737993799,0.0,0.003007293737993799,1.0,2,3.8494559474957577,3.641781449862158
2023-12-26,0.00685970781484424,0.0,0.00685970781484424,1.0,2,3.875862090541693,3.666763006533732
2023-12-27,0.0032857621847425245,0.0,0.0032857621847425245,1.0,2,3.8885972516320715,3.678811117761013
2023-12-28,-0.003148920289732904,0.0,-0.003148920289732904,1.0,2,3.8763523688478077,3.6672268347902004
2023-12-29,-0.0029462142163953486,0.0,-0.0029462142163953486,1.0,2,3.86493180439095,3.6564223989547946
2024-01-02,-0.007272052283298913,0.0005,-0.007772052283298914,1.0,2,3.8368258182380344,3.628004492900293
2024-01-03,-0.009395497987511159,0.0,-0.009395497987511159,1.0,2,3.800776928984348,3.5939175839885666
2024-01-04,-0.004185878581396796,0.0,-0.004185878581396796,1.0,2,3.784867338244645,3.5788738813504435
2024-01-05,0.001277419396216506,0.0,0.001277419396216506,1.0,2,3.7897022011946246,3.5834456042630927
2024-01-08,0.017437470394590315,0.0,0.017437470394590315,1.0,2,3.8557850211322697,3.6459318308980553
2024-01-09,0.00027739875137750003,0.0,0.00027739875137750003,1.0,2,3.856854611082712,3.646943207835554
2024-01-10,0.006212609392250323,0.0,0.006212609392250323,1.0,2,3.8808157422640686,3.6696002414615565
2024-01-11,0.0008245647367938758,0.0,0.0008245647367938758,1.0,2,3.8840157260751345,3.6726260644187962
2024-01-12,0.0006093140725344504,0.0,0.0006093140725344504,1.0,2,3.886382311514977,3.6748638471630035
2024-01-16,-0.001880919313795082,0.0,-0.001880919313795082,1.0,2,3.879072339964457,3.6679517247773075
2024-01-17,-0.005586031490866783,0.0,-0.005586031490866783,1.0,2,3.8574037197180653,3.647462430935722
2024-01-18,0.011509545728050408,0.0,0.011509545728050408,1.0,2,3.9018006842217123,3.6894430665759232
2024-01-19,0.0160976009080408,0.0,0.0160976009080408,1.0,2,3.9646103144590343,3.748834248634601
2024-01-22,0.0017225324408136622,0.0,0.0017225324408136622,1.0,2,3.9714394843408747,3.755291737243107
2024-01-23,0.0035298823281695313,0.0,0.0035298823281695313,1.0,2,3.9854581983940442,3.7685474751835226
2024-01-24,0.003353854788808508,0.0,0.003353854788808508,1.0,2,3.9988248464583243,3.7811866361800193
2024-01-25,0.003341969024743263,0.0,0.003341969024743263,1.0,2,4.012188795230562,3.7938232447949063
2024-01-26,-0.0036174740959848406,0.0,-0.0036174740959848406,1.0,2,3.997674806195615,3.7800991874821155
2024-01-29,0.00907254599016405,0.0,0.00907254599016405,1.0,2,4.033943894728544,3.8143943112079284
2024-01-30,-0.0037196625031977737,0.0,-0.0037196625031977737,1.0,2,4.018938984883319,3.8002060517161174
2024-01-31,-0.018027120939779262,0.0,-0.018027120939779262,1.0,2,3.9464890857532335,3.73169927762575
2024-02-01,0.012398563346625036,0.0,0.012398563346625036,1.0,2,3.995419880679709,3.7779669875099477
2024-02-02,0.013681623928061604,0.0,0.013681623928061604,1.0,2,4.05008371292187,3.829655711045691
2024-02-05,-0.0024746984101464697,0.0,-0.0024746984101464697,1.0,2,4.040060977196542,3.8201784681461577
2024-02-06,0.0004534835886440547,0.0,0.0004534835886440547,1.0,2,4.0418930785468214,3.8219108563871536
2024-02-07,0.009294688778076377,0.0,0.009294688778076377,1.0,2,4.079461216786176,3.857434328334824
2024-02-08,0.0011465423254772844,0.0,0.0011465423254772844,1.0,2,4.084138491736364,3.8618570400600087
2024-02-09,0.007799173554404182,0.0,0.007799173554404182,1.0,2,4.115991396653638,3.891976333357734
2024-02-12,-0.002176087834186269,0.0,-0.002176087834186269,1.0,2,4.107034637849765,3.883507051007773
2024-02-13,-0.014663447264045948,0.0,-0.014663447264045948,1.0,2,4.046811352026045,3.82656145016577
2024-02-14,0.009968269458445866,0.0,0.009968269458445866,1.0,2,4.087151058030538,3.864705645800324
2024-02-15,0.004933734130523448,0.0,0.004933734130523448,1.0,2,4.107315974702148,3.8837730759494353
2024-02-16,-0.007020908213029753,0.0,-0.007020908213029753,1.0,2,4.078478886241854,3.8565054616629584
2024-02-20,-0.006536927085268873,0.0,-0.006536927085268873,1.0,2,4.051818167143682,3.8312957666561265
2024-02-21,-0.0015349536620915538,0.0,-0.0015349536620915538,1.0,2,4.045598814009896,3.8254149051885418
2024-02-22,0.024852263944284636,0.0,0.024852263944284636,1.0,2,4.146141103548355,3.9204851261086886
2024-02-23,-0.0011109269897054408,0.0,-0.0011109269897054408,1.0,2,4.141535043493296,3.916129753369356
2024-02-26,-0.0020903541681126514,0.0,-0.0020903541681126514,1.0,2,4.132877768452746,3.9079436552165303
2024-02-27,0.002131460577587674,0.0,0.002131460577587674,1.0,2,4.141686834488191,3.9162732830570586
2024-02-28,-0.0033211939434881765,0.0,-0.0033211939434881765,1.0,2,4.127931489257665,3.903266579948325
2024-02-29,0.006076315393002463,0.0,0.006076315393002463,1.0,2,4.153014102907101,3.9269840587510574
2024-03-01,0.01220247525490259,0.0,0.01220247525490259,1.0,2,4.203691154731087,3.974902984554364
2024-03-04,-0.00231989445771863,0.0,-0.00231989445771863,1.0,2,4.193939034919265,3.9656816291505272
2024-03-05,-0.014022325069238228,0.0,-0.014022325069238228,1.0,2,4.13513025845106,3.9100735522254726
2024-03-06,0.005697683897034345,0.0,0.005697683897034345,1.0,2,4.158690923536776,3.932351915340208
2024-03-07,0.012513080274247135,0.0,0.012513080274247135,1.0,2,4.210728956898774,3.9815577505234487
2024-03-08,-0.010207839961749399,0.0,-0.010207839961749399,1.0,2,4.167746509584448,3.9409146462076428
2024-03-11,-0.0022848393089726637,0.0,-0.0022848393089726637,1.0,2,4.158223878529515,3.931910289510681
2024-03-12,0.012508632372688178,0.0,0.012508632372688178,1.0,2,4.210237572349374,3.98109310984456
2024-03-13,-0.004632293761402673,0.0,-0.004632293761402673,1.0,2,4.190734515108957,3.962651517068264
2024-03-14,-0.002237704320276146,0.0,-0.002237704320276146,1.0,2,4.181356890379368,3.9537842746487715
2024-03-15,-0.009396219589847488,0.0,-0.009396219589847488,1.0,2,4.142067942853841,3.916633649393286
2024-03-18,0.007766981749039115,0.0,0.007766981749039115,1.0,2,4.174239308969267,3.947054071465796
2024-03-19,0.004045804288244248,0.0,0.004045804288244248,1.0,2,4.191127464265653,3.9630230797540644
2024-03-20,0.010539896807753246,0.0,0.010539896807753246,1.0,2,4.235301515247154,4.004792934061417
2024-03-21,0.004063505760429131,0.0,0.004063505760429131,1.0,2,4.2525116873515145,4.021066433218301
2024-03-22,-0.0003749200606901759,0.0,-0.0003749200606901759,1.0,2,4.250917335411607,4.019558854747119
2024-03-25,-0.0031872947264633966,0.0,-0.0031872947264633966,1.0,2,4.237368409005818,4.006747336006675
2024-03-26,-0.00252430862136932,0.0,-0.00252430862136932,1.0,2,4.226671983399046,3.9966330691627445
2024-03-27,0.005909874845336394,0.0,0.005909874845336394,1.0,2,4.251651085833224,4.020252670404229
2024-03-28,-0.0010174026255106994,0.0,-0.0010174026255106994,1.0,2,4.247325444855742,4.016162454782143
2024-04-01,0.00019098842141251904,0.0,0.00019098842141251904,1.0,2,4.24813663483768,4.016929495309519
2024-04-02,-0.007476959493831481,0.0,-0.007476959493831481,1.0,2,4.216373489294737,3.9868950761835125
2024-04-03,0.0016924084999208056,0.0,0.0016924084999208056,1.0,2,4.223509315626861,3.993642531298738
2024-04-04,-0.0135515727711083,0.0,-0.0135515727711083,1.0,2,4.16627412178669,3.93952239391405
2024-04-05,0.011090871056724239,0.0,0.011090871056724239,1.0,2,4.212481730858394,3.983215128810029
2024-04-08,0.0004297367769722782,0.0,0.0004297367769722782,1.0,2,4.2142919891804675,3.984926862841471
2024-04-09,0.002436553861726698,0.0,0.002436553861726698,1.0,2,4.224560338601148,3.9946363517778254
2024-04-10,-0.009345241644135749,0.0,-0.009345241644135749,1.0,2,4.185080801396689,3.9573055097900127
2024-04-11,0.01172566533995023,0.0,0.01172566533995023,1.0,2,4.234153658294517,4.0037075498457515
2024-04-12,-0.014927219102702283,0.0,-0.014927219102702283,1.0,2,4.1709495189226455,3.9439433300260602
2024-04-15,-0.014295052261329433,0.0,-0.014295052261329433,1.0,2,4.1113255775702795,3.887564454007616
2024-04-16,-0.000864025153861081,0.0,-0.000864025153861081,1.0,2,4.1077732888555465,3.8842055005320972
2024-04-17,-0.008993740568053576,0.0,-0.008993740568053576,1.0,2,4.0708290415832,3.849271963947305
2024-04-18,-0.003869522659421476,0.0,-0.003869522659421476,1.0,2,4.055076876364163,3.834377118860535
2024-04-19,-0.014734781763141191,0.0,-0.014734781763141191,1.0,2,3.9953262035581774,3.777878408816543
2024-04-22,0.009611206788775917,0.0,0.009611206788775917,1.0,2,4.03372610988919,3.8141883794265308
2024-04-23,0.01335497117305029,0.0,0.01335497117305029,1.0,2,4.087596405806741,3.8651267552823554
2024-04-24,0.0014731502418559028,0.0,0.0014731502418559028,1.0,2,4.093618049440564,3.8708206676967034
2024-04-25,-0.004155210541920917,0.0,-0.004155210541920917,1.0,2,4.076608204566931,3.854736592852405
2024-04-26,0.012412579601286389,0.0,0.012412579601286389,1.0,2,4.127209428409375,3.9025838176531766
2024-04-29,0.003803089995762454,0.0,0.003803089995762454,1.0,2,4.142905577296975,3.9174256951277178
2024-04-30,-0.0173958147120587,0.0,-0.0173958147120587,1.0,2,4.070836359504763,3.849278883587018
2024-05-01,-0.0052466339230878845,0.0,-0.0052466339230878845,1.0,2,4.049478171365646,3.8290831264169647
2024-05-02,0.011034820282011526,0.0,0.011034820282011526,1.0,2,4.094163435222595,3.8713363705618593
2024-05-03,0.01622428346171556,0.0,0.01622428346171556,1.0,2,4.1605883033342375,3.9341460292135046
2024-05-06,0.010612882953983549,0.0,0.010612882953983549,1.0,2,4.204744140017237,3.9758986605454267
2024-05-07,0.0006324482104633766,0.0,0.0006324482104633766,1.0,2,4.207403422924047,3.9784132105382723
2024-05-08,-0.0002238319944375955,0.0,-0.0002238319944375955,1.0,2,4.20646167142449,3.9775227143746603
2024-05-09,0.003970273059033413,0.0,0.003970273059033413,1.0,2,4.223162472872404,3.9933145656492357
2024-05-10,0.0018279857873486627,0.0,0.0018279857873486627,1.0,2,4.230882353850479,4.000614287919655
2024-05-13,0.0012304712367047776,0.0,0.0012304712367047776,1.0,2,4.236088332892774,4.00553692873009
2024-05-14,0.005513086626155406,0.0,0.005513086626155406,1.0,2,4.259442254828059,4.027619800802444
2024-05-15,0.013960562426315382,0.0,0.013960562426315382,1.0,2,4.318906464327871,4.083847638461011
2024-05-16,-0.0020446111965727876,0.0,-0.0020446111965727876,1.0,2,4.310075979813956,4.075497757854316
2024-05-17,0.00047542513283049814,0.0,0.00047542513283049814,1.0,2,4.312125098259168,4.0774353519171935
2024-05-20,0.004060645353014758,0.0,0.004060645353014758,1.0,2,4.329635109001032,4.093992370831174
2024-05-21,0.0022198936416873427,0.0,0.0022198936416873427,1.0,2,4.3392464384503295,4.103080598464298
2024-05-22,-0.0015392519587020814,0.0,-0.0015392519587020814,1.0,2,4.332567244870654,4.0967649236164
2024-05-23,-0.005783137523932502,0.0,-0.005783137523932502,1.0,2,4.307511412661881,4.073072768659903
2024-05-24,0.008020525938733813,0.0,0.008020525938733813,1.0,2,4.342059919678528,4.1057409544512895
2024-05-28,0.0022375636130114174,0.0,0.0022375636130114174,1.0,2,4.351775554960316,4.114927811015421
2024-05-29,-0.0070127724182068585,0.0,-0.0070127724182068585,1.0,2,4.321257543378263,4.086070758759419
2024-05-30,-0.008687894031122245,0.0,-0.008687894031122245,1.0,2,4.283714915760205,4.05057140900365
2024-05-31,0.0036177890005775204,0.0,0.0036177890005775204,1.0,2,4.2992124924640525,4.065225521693198
2024-06-03,0.0031096238843432156,0.0,0.0031096238843432156,1.0,2,4.312581426314485,4.077866844070696
2024-06-04,0.0019326975936926338,0.0,0.0019326975936926338,1.0,2,4.320916342059727,4.085748127507631
2024-06-05,0.015957720816845433,0.0,0.015957720816845433,1.0,2,4.3898683187192615,4.150947355454347
2024-06-06,-0.00018030603926527666,0.0,-0.00018030603926527666,1.0,2,4.389076798949817,4.150198914577486
2024-06-07,-0.0010498166460905511,0.0,-0.0010498166460905511,1.0,2,4.3844690730653095,4.145841966672376
2024-06-10,0.0035761719130434355,0.0,0.0035761719130434355,1.0,2,4.400148688218013,4.160668210269506
2024-06-11,0.004657006883606596,0.0,0.004657006883606596,1.0,2,4.420640210947936,4.180044470765134
2024-06-12,0.010638043603947489,0.0,0.010638043603947489,1.0,2,4.467667174269364,4.2245119661115735
2024-06-13,0.0037268629828511313,0.0,0.0037268629828511313,1.0,2,4.484317557680847,4.240256143378686
2024-06-14,0.0029011660040724196,0.0,0.0029011660040724196,1.0,2,4.497327307330655,4.2525578303504155
2024-06-17,0.010107020804340283,0.0,0.010107020804340283,1.0,2,4.542781887989774,4.295538520813428
2024-06-18,0.001424942113647354,0.0,0.001424942113647354,1.0,2,4.549255089215086,4.301659414552529
2024-06-20,-0.0051958298242886225,0.0,-0.0051958298242886225,1.0,2,4.525617933944245,4.279308724272465
2024-06-21,-0.002010392462592714,0.0,-0.002010392462592714,1.0,2,4.516519665761269,4.27070563426808
2024-06-24,-0.007329514885466293,0.0,-0.007329514885466293,1.0,2,4.483415767640571,4.239403433750268
2024-06-25,0.007625919321602281,0.0,0.007625919321602281,1.0,2,4.517605934569797,4.2717327823077715
2024-06-26,0.0016633537747796079,0.0,0.0016633537747796079,1.0,2,4.525120311454031,4.278838185156073
2024-06-27,0.0020800721643346454,0.0,0.0020800721643346454,1.0,2,4.534532888254152,4.287738477360708
2024-06-28,-0.00455349144760242,0.0,-0.00455349144760242,1.0,2,4.513884931528614,4.268214296874491
2024-07-01,0.003958463152612002,0.0,0.003958463152612002,1.0,2,4.5317529787052,4.2851098658961195
2024-07-02,0.008650736285183813,0.0,0.008650736285183813,1.0,2,4.570955978633575,4.322179221299026
2024-07-03,0.006409093926688869,0.0,0.006409093926688869,1.0,2,4.600251664835397,4.349880473896314
2024-07-05,0.008087662421378927,0.0,0.008087662421378927,1.0,2,4.6374569473539715,4.385060838742534
2024-07-08,0.0017657570283042823,0.0,0.0017657570283042823,1.0,2,4.6456455695522205,4.3928037907380855
2024-07-09,0.0009226190442465643,0.0,0.0009226190442465643,1.0,2,4.649931730627509,4.396856675173059
2024-07-10,0.010139586726367611,0.0,0.010139586726367611,1.0,2,4.697080116681896,4.4414389847543845
2024-07-11,-0.015272980752508325,0.0,-0.015272980752508325,1.0,2,4.625341702466824,4.373604972626791
2024-07-12,0.006084038752106946,0.0,0.006084038752106946,1.0,2,4.653482460626368,4.400214154766659
2024-07-15,0.002722278361550312,0.0,0.002722278361550312,1.0,2,4.6661505352347845,4.412192762546368
2024-07-16,0.0031562015442486713,0.0,0.0031562015442486713,1.0,2,4.680877846759789,4.42611853215704
2024-07-17,-0.021814178684172514,0.0,-0.021814178684172514,1.0,2,4.578768341011786,4.329566391619239
2024-07-18,-0.006145345853421524,0.0,-0.006145345853421524,1.0,2,4.550630225973571,4.302959708747388
2024-07-19,-0.007756397633739587,0.0,-0.007756397633739587,1.0,2,4.515333728456806,4.269584242244384
2024-07-22,0.012577925955849278,0.0,0.012577925955849278,1.0,2,4.5721272617592845,4.323286756705594
2024-07-23,-0.0025482138226998186,0.0,-0.0025482138226998186,1.0,2,4.560476503871727,4.312270097632662
2024-07-24,-0.029484104772329323,0.0,-0.029484104772329323,1.0,2,4.4260149368198265,4.185126674267478
2024-07-25,-0.008114142886392062,0.0,-0.008114142886392062,1.0,2,4.390101619205165,4.1511679584348204
2024-07-26,0.010710246565617254,0.0,0.010710246565617254,1.0,2,4.437120689994968,4.195627990804947
2024-07-29,0.0013130787863990245,0.0,0.0013130787863990245,1.0,2,4.442946979045693,4.201137180915295
2024-07-30,-0.00935065645236155,0.0,-0.00935065645236155,1.0,2,4.401402508208578,4.161853790427314
2024-07-31,0.02282543599898368,0.0,0.02282543599898368,1.0,2,4.501866439465459,4.25684991775784
2024-08-01,-0.00845947735970387,0.0005,-0.008959477359703871,1.0,2,4.463783002244391,4.218710767296032
2024-08-02,-0.010241782140501143,0.0,-0.010241782140501143,1.0,2,4.418065909212931,4.175503650703599
2024-08-05,-0.0205917281942124,0.0,-0.0205917281942124,1.0,2,4.327090296866302,4.089522814454369
2024-08-06,0.000591427734163319,0.0,0.000591427734163319,1.0,2,4.329649458076098,4.091941471666331
2024-08-07,-0.003551841023843927,0.0,-0.003551841023843927,1.0,2,4.3142712315120395,4.0774075460800985
2024-08-08,0.019309144171585357,0.0,0.019309144171585357,1.0,2,4.397576116716628,4.1561387962336696
2024-08-09,0.003439318415571768,0.0,0.003439318415571768,1.0,2,4.412700781238731,4.170433080933229
2024-08-12,0.008801676816982296,0.0,0.008801676816982296,1.0,2,4.451539947405239,4.207139885098455
2024-08-13,0.007425262276311628,0.0,0.007425262276311628,1.0,2,4.484593799048201,4.238379002178442
2024-08-14,-0.0025068389881803266,0.0,-0.0025068389881803266,1.0,2,4.473351644466595,4.227754068449096
2024-08-15,0.010104000213685849,0.0,0.010104000213685849,1.0,2,4.518550390438177,4.2704712964601175
2024-08-16,0.01226360933442272,0.0,0.01226360933442272,1.0,2,4.573964127184415,4.322842688113771
2024-08-19,0.003983473063007115,0.0,0.003983473063007115,1.0,2,4.5921843900762145,4.340062615517489
2024-08-20,0.0010459365923436437,0.0,0.0010459365923436437,1.0,2,4.596987523768584,4.344602045820121
2024-08-21,0.0010533667085966258,0.0,0.0010533667085966258,1.0,2,4.601829837385956,4.349178504977289
2024-08-22,-0.009908868605895904,0.0,-0.009908868605895904,1.0,2,4.556230910180607,4.306083066627882
2024-08-23,0.011060082437872043,0.0,0.011060082437872043,1.0,2,4.6066231996531855,4.353708700329111
2024-08-26,0.00041578078353576853,0.0,0.00041578078353576853,1.0,2,4.608538545056592,4.355518888743821
2024-08-27,0.0020611911651819415,0.0,0.0020611911651819415,1.0,2,4.618037623990063,4.364496445797083
2024-08-28,-0.006420904101208713,0.0,-0.006420904101208713,1.0,2,4.588385647270649,4.336472432668554
2024-08-29,0.002638135234142136,0.0,0.002638135234142136,1.0,2,4.600490429114546,4.3479126333850635
2024-08-30,0.0011939793025877443,0.0,0.0011939793025877443,1.0,2,4.6059833194686615,4.353103951078785
2024-09-03,-0.012494695453494131,0.0,-0.012494695453494131,1.0,2,4.548432960628027,4.298713242932653
2024-09-04,-0.0007140512846712799,0.0,-0.0007140512846712799,1.0,2,4.545185146229249,4.295643741219103
2024-09-05,0.0029578367591119314,0.0,0.0029578367591119314,1.0,2,4.558629061931735,4.30834955418093
2024-09-06,-0.012116980167758862,0.0,-0.012116980167758862,1.0,2,4.503392243996139,4.2561453680771475
2024-09-09,0.007686229495005192,0.0,0.007686229495005192,1.0,2,4.53800635028952,4.288859078140292
2024-09-10,0.004376862078270594,0.0,0.004376862078270594,1.0,2,4.5578685781950545,4.307630822798451
2024-09-11,0.004339425791615059,0.0,0.004339425791615059,1.0,2,4.5776471106580665,4.326323467091659
2024-09-12,0.012954224304779105,0.0,0.012954224304779105,1.0,2,4.636946978117655,4.382367631699394
2024-09-13,0.007572159507771015,0.0,0.007572159507771015,1.0,2,4.67205868026504,4.415551618428315
2024-09-16,0.0006970349541071119,0.0,0.0006970349541071119,1.0,2,4.675315268472824,4.418629412248023
2024-09-17,-0.0025578207767451566,0.0,-0.0025578207767451566,1.0,2,4.66335664994129,4.407327350132638
2024-09-18,-0.005315360957131476,0.0,-0.005315360957131476,1.0,2,4.638569226075013,4.383900814410445
2024-09-19,0.016280226153049693,0.0,0.016280226153049693,1.0,2,4.714086182102092,4.455271711101586
2024-09-20,0.005473573288164668,0.0,0.005473573288164668,1.0,2,4.739889078306552,4.479657967330988
2024-09-23,0.0022209176109394546,0.0,0.0022209176109394546,1.0,2,4.750415981434463,4.489606918601619
2024-09-24,0.008398041483164032,0.0,0.008398041483164032,1.0,2,4.7903101719088355,4.527310823747136
2024-09-25,-0.0017934303928610063,0.0,-0.0017934303928610063,1.0,2,4.781719084055303,4.5191914069179
2024-09-26,0.004536352527758358,0.0,0.004536352527758358,1.0,2,4.8034106475092875,4.539692052280095
2024-09-27,-0.004696920689914841,0.0,-0.004696920689914841,1.0,2,4.780849408656844,4.5183694787538995
2024-09-30,-0.0019986470459547045,0.0,-0.0019986470459547045,1.0,2,4.771294178109078,4.509338852942656
2024-10-01,-0.00166769937747685,0.0005,-0.00216769937747685,1.0,2,4.763337093778486,4.4995639619183
2024-10-02,0.0008113881556161551,0.0,0.0008113881556161551,1.0,2,4.767202009077585,4.5032148548224376
2024-10-03,-0.0007046415644272885,0.0,-0.0007046415644272885,1.0,2,4.763842840395967,4.500041702462183
2024-10-04,0.00495271288221194,0.0,0.00495271288221194,1.0,2,4.78743678620043,4.522329116972458
2024-10-07,-0.007064576060623384,0.0,-0.007064576060623384,1.0,2,4.75361557488889,4.490380778954434
2024-10-08,0.003751380915214819,0.0,0.003751380915214819,1.0,2,4.771448197634796,4.507225907710652
2024-10-09,0.0012125641616242966,0.0,0.0012125641616242966,1.0,2,4.777233884718295,4.512691208314686
2024-10-10,0.0031054527213761896,0.0,0.0031054527213761896,1.0,2,4.792069358686243,4.526705157508276
2024-10-11,0.006234539232216951,0.0,0.006234539232216951,1.0,2,4.821945703106477,4.5549270784054405
2024-10-14,0.0033722374883763395,0.0,0.0033722374883763395,1.0,2,4.838206449173407,4.5702873742560595
2024-10-15,-0.004943946697832657,0.0,-0.004943946697832657,1.0,2,4.814286614375583,4.54769211708396
2024-10-16,0.002568686892187255,0.0,0.002568686892187255,1.0,2,4.8266530092971625,4.559373714214817
2024-10-17,0.00339502352306037,0.0,0.00339502352306037,1.0,2,4.843039609801377,4.574852895225
2024-10-18,0.008570088381887997,0.0,0.008570088381887997,1.0,2,4.884544887294359,4.614059788871215
2024-10-21,0.0008841491084829456,0.0,0.0008841491084829456,1.0,2,4.888863553301805,4.618139305720033
2024-10-22,0.005943808508910409,0.0,0.005943808508910409,1.0,2,4.917922022088821,4.645588641420704
2024-10-23,-0.013727133961865423,0.0,-0.013727133961865423,1.0,2,4.8504130476776,4.581818023808202
2024-10-24,0.007908316927615677,0.0,0.007908316927615677,1.0,2,4.888771651288478,4.618052492845139
2024-10-25,0.0040824895229013,0.0,0.0040824895229013,1.0,2,4.908730010334719,4.636905643763388
2024-10-28,0.00012071890325604517,0.0,0.00012071890325604517,1.0,2,4.909322586837947,4.6374654059272045
2024-10-29,0.010234347206305006,0.0,0.010234347206305006,1.0,2,4.959566298739402,4.6849268370486925
2024-10-30,-0.0010342307449240362,0.0,-0.0010342307449240362,1.0,2,4.954436962791757,4.680081541676097
2024-10-31,-0.020469013233964606,0.0,-0.020469013233964606,1.0,2,4.853024527033528,4.584284890663495
2024-11-01,-0.0005793852106548703,0.0005,-0.0010793852106548703,1.0,2,4.85021275639562,4.5793366813510845
2024-11-04,-0.00036049333906479353,0.0,-0.00036049333906479353,1.0,2,4.848464287003892,4.5776858609801225
2024-11-05,0.0071674219463895295,0.0,0.0071674219463895295,1.0,2,4.88321527634085,4.610496067083789
2024-11-06,-0.002790671745351747,0.0,-0.002790671745351747,1.0,2,4.869587825442695,4.5976296859773225
2024-11-07,0.011867945981539951,0.0,0.011867945981539951,1.0,2,4.927379830707412,4.652194106733625
2024-11-08,-0.0012255221569924535,0.0,-0.0012255221569924535,1.0,2,4.921341217548963,4.646492739777194
2024-11-11,-0.011282651237862373,0.0,-0.011282651237862373,1.0,2,4.865815440968841,4.594067982715028
2024-11-12,-0.005878064304080943,0.0,-0.005878064304080943,1.0,2,4.837213864915037,4.56706375569531
2024-11-13,-0.004757534603306579,0.0,-0.004757534603306579,1.0,2,4.814200652569109,4.545335791842082
2024-11-14,-0.004514697693276226,0.0,-0.004514697693276226,1.0,2,4.792465991987986,4.524814974827487
2024-11-15,-0.007306125744017511,0.0,-0.007306125744017511,1.0,2,4.757451632826594,4.491756107652985
2024-11-18,0.011536079360195961,0.0,0.011536079360195961,1.0,2,4.812333972415176,4.543573362577515
2024-11-19,0.006328214334098525,0.0,0.006328214334098525,1.0,2,4.842787453239883,4.572326068658606
2024-11-20,0.0029817338190430975,0.0,0.0029817338190430975,1.0,2,4.857227356367646,4.585959527929218
2024-11-21,0.006847115449144292,0.0,0.006847115449144292,1.0,2,4.890485352839437,4.617360122262053
2024-11-22,0.00797514947868272,0.0,0.00797514947868272,1.0,2,4.92948770455164,4.654184259434001
2024-11-25,-0.013103833369218498,0.0,-0.013103833369218498,1.0,2,4.864892519075584,4.593196604428739
2024-11-26,0.0035760929524040197,0.0,0.0035760929524040197,1.0,2,4.882289826927253,4.609622302434842
2024-11-27,-0.00038234481231680384,0.0,-0.00038234481231680384,1.0,2,4.8804231087397,4.607859837260767
2024-11-29,0.007409948004620581,0.0,0.007409948004620581,1.0,2,4.9165867902160105,4.642003839067448
2024-12-02,-0.0050497427458287,0.0005,-0.005549742745828701,1.0,2,4.89175929173788,4.616241911935475
2024-12-03,-0.0025405668604879805,0.0,-0.0025405668604879805,1.0,2,4.879331450191806,4.604514040714016
2024-12-04,0.003309106578193277,0.0,0.003309106578193277,1.0,2,4.8954776779908205,4.619750868415526
2024-12-05,-0.009544709477062263,0.0,-0.009544709477062263,1.0,2,4.848751765802955,4.575656688520094
2024-12-06,0.001983358842849614,0.0,0.001983358842849614,1.0,2,4.858368580494444,4.584731857675115
2024-12-09,0.002513994465295044,0.0,0.002513994465295044,1.0,2,4.87058249221617,4.596257848190171
2024-12-10,0.004399725971416524,0.0,0.004399725971416524,1.0,2,4.8920117205031,4.6164801232161805
2024-12-11,0.007034003401077293,0.0,0.007034003401077293,1.0,2,4.926422147583228,4.648952460103889
2024-12-12,-0.013856605049508253,0.0,-0.013856605049508253,1.0,2,4.858158661577017,4.584533761970289
2024-12-13,-0.009497888747877659,0.0,-0.009497888747877659,1.0,2,4.81201641108982,4.540990370338206
2024-12-16,0.004153868131187899,0.0,0.004153868131187899,1.0,2,4.832004892706599,4.559853045521585
2024-12-17,-0.0076580889096732885,0.0,-0.0076580889096732885,1.0,2,4.795000969626275,4.524933285483936
2024-12-18,-0.03161782335747593,0.0,-0.03161782335747593,1.0,2,4.643393475969706,4.381864744159142
2024-12-19,-0.0014251523877555905,0.0,-0.0014251523877555905,1.0,2,4.636775932670139,4.375619919156182
2024-12-20,0.009934530136381625,0.0,0.009934530136381625,1.0,2,4.6828401229089,4.4190896471083905
2024-12-23,-0.003506809753450635,0.0,-0.003506809753450635,1.0,2,4.666418293492033,4.403592740432538
2024-12-24,0.005459060003744853,0.0,0.005459060003744853,1.0,2,4.691892550958777,4.427632217434614
2024-12-26,0.008527441190896379,0.0,0.008527441190896379,1.0,2,4.731902388761084,4.465388590783706
2024-12-27,-0.010747194166593421,0.0,-0.010747194166593421,1.0,2,4.681047715011701,4.417398192569263
2024-12-30,-0.005440497625918361,0.0,-0.005440497625918361,1.0,2,4.655580486031369,4.393365348189854
2024-12-31,0.003764391214609475,0.0,0.003764391214609475,1.0,2,4.673105912311893,4.40990369410915
2025-01-02,0.007273610109905515,0.0005,0.006773610109905515,1.0,2,4.707096262720344,4.439774662355277
2025-01-03,0.0042117538540840105,0.0,0.0042117538540840105,1.0,2,4.726921393546401,4.458473900400716
2025-01-06,0.005133601172998603,0.0,0.005133601172998603,1.0,2,4.751187522756982,4.4813619272455965
2025-01-07,-0.006066802028820373,0.0,-0.006066802028820373,1.0,2,4.7223630086546144,4.454174391613504
2025-01-08,0.0027438935175417845,0.0,0.0027438935175417845,1.0,2,4.735320669901541,4.4663961718526535
2025-01-10,-0.003095770939422371,0.0,-0.003095770939422371,1.0,2,4.720661201782814,4.452569232379885
2025-01-13,-0.006540322808507193,0.0,-0.006540322808507193,1.0,2,4.689786553653559,4.423447992272893
2025-01-14,0.002174000267609111,0.0,0.002174000267609111,1.0,2,4.699982150876232,4.433064569391849
2025-01-15,0.015184928501994377,0.0,0.015184928501994377,1.0,2,4.771351043797938,4.500380337922789
2025-01-16,-2.298648378090684e-05,0.0,-2.298648378090684e-05,1.0,2,4.771241367214557,4.500276890003144
2025-01-17,0.005802778826492938,0.0,0.005802778826492938,1.0,2,4.7989278255963175,4.526391001453809
2025-01-21,0.010648174761279106,0.0,0.010648174761279106,1.0,2,4.850027647750031,4.574588803875169
2025-01-22,0.008942873948015295,0.0,0.008942873948015295,1.0,2,4.893400833648249,4.615498774912227
2025-01-23,0.00037984945172653273,0.0,0.00037984945172653273,1.0,2,4.895259589271988,4.6172519695913214
2025-01-24,0.0002906016367136277,0.0,0.0002906016367136277,1.0,2,4.896682159720768,4.618593750570804
2025-01-27,-0.01966123163350547,0.0,-0.01966123163350547,1.0,2,4.800407357542845,4.527786509019771
2025-01-28,0.011696453029746867,0.0,0.011696453029746867,1.0,2,4.856555096723995,4.580745551251242
2025-01-29,-0.0028589587119645654,0.0,-0.0028589587119645654,1.0,2,4.842670406220081,4.567649388850199
2025-01-30,0.009687915590228302,0.0,0.009687915590228302,1.0,2,4.889585788346838,4.611900390575138
2025-01-31,0.0002981935086173171,0.0,0.0002981935086173171,1.0,2,4.8910438310887505,4.613275629333997
2025-02-03,-0.0012583530964473955,0.0,-0.0012583530964473955,1.0,2,4.88488917093904,4.607470499661059
2025-02-04,0.01104687675725069,0.0,0.01104687675725069,1.0,2,4.938851939583232,4.658368658433483
2025-02-05,0.005402647314021791,0.0,0.005402647314021791,1.0,2,4.965534814748973,4.683536181353692
2025-02-06,0.0012818882644624052,0.0,0.0012818882644624052,1.0,2,4.97190007555478,4.689539951420755
2025-02-07,-0.005390693546230174,0.0,-0.005390693546230174,1.0,2,4.945098085904985,4.664260078669843
2025-02-10,0.014495096442668776,0.0,0.014495096442668776,1.0,2,5.016777759578634,4.731868978343852
2025-02-11,-0.003005597763333645,0.0,-0.003005597763333645,1.0,2,5.001699343565303,4.717646883526154
2025-02-12,0.0008799452803140428,0.0,0.0008799452803140428,1.0,2,5.006100565296223,4.7217981546355015
2025-02-13,0.012096820530525076,0.0,0.012096820530525076,1.0,2,5.066658465392371,4.778916899493491
2025-02-14,-0.005343213524622303,0.0,-0.005343213524622303,1.0,2,5.039586227355445,4.753382126083071
2025-02-18,0.009390825404519076,0.0,0.009390825404519076,1.0,2,5.086912101727559,4.79802030771008
2025-02-19,0.0004174057403732445,0.0,0.0004174057403732445,1.0,2,5.089035408039593,4.800023028928945
2025-02-20,-0.0018627117578717267,0.0,-0.0018627117578717267,1.0,2,5.079556001948812,4.791081969594904
2025-02-21,-0.0108141098390786,0.0,-0.0108141098390786,1.0,2,5.024625125409987,4.739270682927676
2025-02-24,-0.0031650857625086792,0.0,-0.0031650857625086792,1.0,2,5.008721755963608,4.7242704847644665
2025-02-25,-0.012915130233833061,0.0,-0.012915130233833061,1.0,2,4.944033462180305,4.66325591619388
2025-02-26,0.001995938236809769,0.0,0.001995938236809769,1.0,2,4.953901447611537,4.672563486985041
2025-02-27,-0.021413643742942967,0.0,-0.021413643742942967,1.0,2,4.847820366874735,4.57250687710846
2025-02-28,0.004777133718077087,0.0,0.004777133718077087,1.0,2,4.870979053008512,4.594350353887235
2025-03-03,-0.0005430939649283539,0.0005,-0.001043093964928354,1.0,2,4.868333653681531,4.589558014760328
2025-03-04,-0.0015875025772036921,0.0,-0.0015875025772036921,1.0,2,4.860605161459624,4.582272079583671
2025-03-05,0.00642872830190333,0.0,0.00642872830190333,1.0,2,4.891852671425477,4.611730261788712
2025-03-06,-0.011447522104163776,0.0,-0.011447522104163776,1.0,2,4.835853079839021,4.558937377678445
2025-03-07,0.0030813883962763633,0.0,0.0030813883962763633,1.0,2,4.850754221405334,4.572985234413374
2025-03-10,-0.017793564738254053,0.0,-0.017793564738254053,1.0,2,4.764442012137399,4.4916155255977595
2025-03-11,0.001689095441972932,0.0,0.001689095441972932,1.0,2,4.772489609423644,4.499202292909141
2025-03-12,0.004868462150941666,0.0,0.004868462150941666,1.0,2,4.795724294452885,4.521106488981599
2025-03-13,0.0021784841075489503,0.0,0.0021784841075489503,1.0,2,4.806171703612537,4.5309556476163815
2025-03-14,0.010484263442495423,0.0,0.010484263442495423,1.0,2,4.856560873903077,4.578459380272253
2025-03-17,0.006560274063773575,0.0,0.006560274063773575,1.0,2,4.888421244243281,4.608495328596694
2025-03-18,0.00041664042515943134,0.0,0.00041664042515943134,1.0,2,4.890457958148842,4.610415414049746
2025-03-19,0.007487837187443669,0.0,0.007487837187443669,1.0,2,4.927076911111498,4.644937454036631
2025-03-20,-0.0020603065414797617,0.0,-0.0020603065414797617,1.0,2,4.916925622321161,4.635367459015315
2025-03-21,-0.003834337795570464,0.0,-0.003834337795570464,1.0,2,4.898072468569485,4.617593894370855
2025-03-24,0.00669771333733038,0.0,0.00669771333733038,1.0,2,4.930878353869435,4.648521214583559
2025-03-25,0.003404865959588166,0.0,0.003404865959588166,1.0,2,4.947667333727395,4.664348806229518
2025-03-26,-0.00638280783717543,0.0,-0.00638280783717543,1.0,2,4.916087323893943,4.6345771641137965
2025-03-27,0.00535382335286011,0.0,0.00535382335286011,1.0,2,4.9424071870133055,4.6593898715656605
2025-03-28,-0.006389780227838371,0.0,-0.006389780227838371,1.0,2,4.9108262912918015,4.62961739429054
2025-03-31,0.01061626674145344,0.0,0.01061626674145344,1.0,2,4.962960933121098,4.678766647459202
2025-04-01,-0.0020336726438676678,0.0005,-0.002533672643867668,1.0,2,4.9528678952388265,4.666912184397495
2025-04-02,0.00244233372142616,0.0,0.00244233372142616,1.0,2,4.964964451517137,4.678310341400383
2025-04-03,-0.013413565373333103,0.0,-0.013413565373333103,1.0,2,4.898366576270436,4.615557519799268
2025-04-04,-0.04391600023828196,0.0,-0.04391600023828196,1.0,2,4.683249908539752,4.41286069465996
2025-04-07,-0.021505771816871244,0.0,-0.021505771816871244,1.0,2,4.582533004645313,4.317958719500964
2025-04-08,0.000878894847925471,0.0,0.000878894847925471,1.0,2,4.586560569293544,4.321753751173088
2025-04-09,0.05564619061372056,0.0,0.05564619061372056,1.0,2,4.841785192993828,4.562242884196428
2025-04-10,0.0022235007833896203,0.0,0.0022235007833896203,1.0,2,4.852550906163454,4.572387034823453
2025-04-11,0.023197034660403848,0.0,0.023197034660403848,1.0,2,4.965115697725102,4.678452855351034
2025-04-14,0.0029090688445544965,0.0,0.0029090688445544965,1.0,2,4.979559561110962,4.692062796793253
2025-04-15,0.006009140882175856,0.0,0.006009140882175856,1.0,2,5.0094824360448635,4.7202580631672
2025-04-16,0.0150726476409489,0.0,0.0150726476409489,1.0,2,5.0849885996668895,4.791404849727667
2025-04-17,0.003168099673281244,0.0,0.003168099673281244,1.0,2,5.101098350388133,4.806584497866647
2025-04-21,0.013097887425018218,0.0,0.013097887425018218,1.0,2,5.167911962325463,4.869540600518543
2025-04-22,0.0027242762589749225,0.0,0.0027242762589749225,1.0,2,5.181990782192899,4.882806574368651
2025-04-23,-0.010524313581635802,0.0,-0.010524313581635802,1.0,2,5.127453886223955,4.831418386821523
2025-04-24,0.013628708690748392,0.0,0.013628708690748392,1.0,2,5.197334461564547,4.8972643805786396
2025-04-25,-0.004171109196539791,0.0,-0.004171109196539791,1.0,2,5.175655811994423,4.8768373560829215
2025-04-28,0.010565908404015667,0.0,0.010565908404015667,1.0,2,5.230341317234667,4.928365572888576
2025-04-29,-0.003350202369074129,0.0,-0.003350202369074129,1.0,2,5.212818615362601,4.911854550870621
2025-04-30,-0.004484998175928123,0.0,-0.004484998175928123,1.0,2,5.189439133381256,4.889824892169543
2025-05-01,-0.012452099278676798,0.0,-0.012452099278676798,1.0,2,5.124819722091742,4.828936307156902
2025-05-02,0.010013094001614375,0.0,0.010013094001614375,1.0,2,5.176135023710374,4.8772889003282724
2025-05-05,0.01582720318322922,0.0,0.01582720318322922,1.0,2,5.258058764434466,4.954482742737077
2025-05-06,0.013842302904195969,0.0,0.013842302904195969,1.0,2,5.33084240653983,5.023064193595655
2025-05-07,-0.009290328373580237,0.0,-0.009290328373580237,1.0,2,5.281317130075268,4.976398277795578
2025-05-08,-0.01153901172426014,0.0,-0.01153901172426014,1.0,2,5.220375949791793,4.918975559723507
2025-05-09,0.006933571204479794,0.0,0.006933571204479794,1.0,2,5.2565717981538285,4.953081627019946
2025-05-12,-0.0116826948132574,0.0,-0.0116826948132574,1.0,2,5.195160874072022,4.89521628598632
2025-05-13,0.0029640493838988258,0.0,0.0029640493838988258,1.0,2,5.21055958746007,4.9097259488028495
2025-05-14,-0.01255933085816352,0.0,-0.01255933085816352,1.0,2,5.145118445644983,4.848063076188923
2025-05-15,0.013244829298030725,0.0,0.013244829298030725,1.0,2,5.2132646611757005,4.912274844059131
2025-05-16,-0.00489118908604097,0.0,-0.00489118908604097,1.0,2,5.187765597962315,4.888247978954235
2025-05-19,0.010478405716426109,0.0,0.010478405716426109,1.0,2,5.242125110659482,4.939469024520218
2025-05-20,0.011665387114188741,0.0,0.011665387114188741,1.0,2,5.303276529376334,4.997089842829791
2025-05-21,0.0009688285409047426,0.0,0.0009688285409047426,1.0,2,5.308414495038304,5.001931166090989
2025-05-22,-0.004977024929022245,0.0,-0.004977024929022245,1.0,2,5.281994383762915,4.977036429984101
2025-05-23,0.012696012071491847,0.0,0.012696012071491847,1.0,2,5.349054648220721,5.040224944579434
2025-05-27,-0.0014471008287615938,0.0,-0.0014471008287615938,1.0,2,5.341314026806191,5.032931230884988
2025-05-28,-0.005707807017837074,0.0,-0.005707807017837074,1.0,2,5.310826837119515,5.004204230685051
2025-05-29,0.0049553561538942525,0.0,0.0049553561538942525,1.0,2,5.337143875569101,5.029001844914919
2025-05-30,-0.002658457812611925,0.0,-0.002658457812611925,1.0,2,5.322955303736061,5.015632455670666
2025-06-02,0.018963127375805855,0.0,0.018963127375805855,1.0,2,5.423895183176528,5.110744532797774
2025-06-03,-0.008076762446044217,0.0,-0.008076762446044217,1.0,2,5.380087670249767,5.069466263283947
2025-06-04,0.005812299849531355,0.0,0.005812299849531355,1.0,2,5.411358353006025,5.0989315212832365
2025-06-05,-0.002512471810512784,0.0,-0.002512471810512784,1.0,2,5.397762467687515,5.086120599572277
2025-06-06,-0.005109696011108722,0.0,-0.005109696011108722,1.0,2,5.370181542337459,5.060132069432624
2025-06-09,0.0025363464852491413,0.0,0.0025363464852491413,1.0,2,5.383802183417516,5.072966317621826
2025-06-10,0.0013177638513124923,0.0,0.0013177638513124923,1.0,2,5.390896763317441,5.079651289254113
2025-06-11,0.002617209028437484,0.0,0.002617209028437484,1.0,2,5.40500586699777,5.092945798469663
2025-06-12,0.01009505648517739,0.0,0.01009505648517739,1.0,2,5.4595697065278275,5.144359373981161
2025-06-13,0.00050645931900406,0.0,0.00050645931900406,1.0,2,5.46233475648345,5.14696478272642
2025-06-16,-0.0046435333716449145,0.0,-0.0046435333716449145,1.0,2,5.436970222754623,5.123064679995149
2025-06-17,-0.006046667744002643,0.0,-0.006046667744002643,1.0,2,5.40409467028359,5.092087210044183
2025-06-18,-0.0013309846257751334,0.0,-0.0013309846257751334,1.0,2,5.396901903361209,5.085309720254508
2025-06-20,-0.00424847864593858,0.0,-0.00424847864593858,1.0,2,5.373973280870553,5.063704890500023
2025-06-23,0.00539570359961411,0.0,0.00539570359961411,1.0,2,5.402969647846376,5.091027141205077
2025-06-24,-0.0012574939147768638,0.0,-0.0012574939147768638,1.0,2,5.396175446392485,5.084625205555048
2025-06-25,-0.000965737685589052,0.0,-0.000965737685589052,1.0,2,5.390964156405854,5.079714791376947
2025-06-26,0.004900571566471779,0.0,0.004900571566471779,1.0,2,5.417382962066605,5.104608297249356
2025-06-27,-0.005921247540241259,0.0,-0.005921247540241259,1.0,2,5.385305296527923,5.074382647925373
2025-06-30,0.00756244106767584,0.0,0.00756244106767584,1.0,2,5.426031350464357,5.112757367655145
2025-07-01,0.004132912524294152,0.0,0.004132912524294152,1.0,2,5.448456663389904,5.133887946613604
2025-07-02,0.004352168082313701,0.0,0.004352168082313701,1.0,2,5.47216926257818,5.156231489873031
2025-07-03,-0.002797692664675111,0.0,-0.002797692664675111,1.0,2,5.456859814772404,5.1418059388564465
2025-07-07,-0.005823259883898646,0.0,-0.005823259883898646,1.0,2,5.425083101920981,5.111863866601912
2025-07-08,-0.0016127264257952412,0.0,-0.0016127264257952412,1.0,2,5.416333927040378,5.103619828659175
2025-07-09,0.005662096628306246,0.0,0.005662096628306246,1.0,2,5.447001733106454,5.132517017283184
2025-07-10,0.0014636539654559466,0.0,0.0014636539654559466,1.0,2,5.454974258792961,5.140029246168301
2025-07-11,0.0006076571781062357,0.0,0.0006076571781062357,1.0,2,5.458289013057701,5.143152621835411
2025-07-14,-0.0012069164218362904,0.0,-0.0012069164218362904,1.0,2,5.4517013144127136,5.136945266476108
2025-07-15,-0.007081828284800695,0.0,-0.007081828284800695,1.0,2,5.413093301844021,5.100566302190504
2025-07-16,0.0048866618903563586,0.0,0.0048866618903563586,1.0,2,5.439545258591084,5.125491045158654
2025-07-17,9.670414374679526e-05,0.0,9.670414374679526e-05,1.0,2,5.440071285157688,5.125986701381458
2025-07-18,0.0001806213076519514,0.0,0.0001806213076519514,1.0,2,5.441053877946933,5.126912563802468
2025-07-21,0.010925687896607306,0.0,0.010925687896607306,1.0,2,5.500501134446006,5.182927610347768
2025-07-22,0.0070993498253209,0.0,0.0070993498253209,1.0,2,5.539551116214013,5.219723026572941
2025-07-23,0.004374333042190259,0.0,0.004374333042190259,1.0,2,5.563782957700569,5.24255583347916
2025-07-24,-0.006554104534667593,0.0,-0.006554104534667593,1.0,2,5.527317342587598,5.208195574517706
2025-07-25,-0.005216364911472038,0.0,-0.005216364911472038,1.0,2,5.498484838347154,5.181027725870708
2025-07-28,-0.010678855636009676,0.0,-0.010678855636009676,1.0,2,5.439767312541656,5.125700278739971
2025-07-29,0.0012000598373699822,0.0,0.0012000598373699822,1.0,2,5.446295358818076,5.131851425782883
2025-07-30,-0.01244006060419306,0.0,-0.01244006060419306,1.0,2,5.378543114486044,5.06801088303443
2025-07-31,-0.0009728641370891355,0.0,-0.0009728641370891355,1.0,2,5.373310522780173,5.063080396999948
2025-08-01,0.004193916005606202,0.0005,0.003693916005606202,1.0,2,5.395845735784753,5.081782990716097
2025-08-04,0.012094263679908623,0.0,0.012094263679908623,1.0,2,5.461104516889444,5.143243414169892
2025-08-05,-0.002980125820103652,0.0,-0.002980125820103652,1.0,2,5.444829738312377,5.127915901672246
2025-08-06,0.0052235117580146095,0.0,0.0052235117580146095,1.0,2,5.473270870470839,5.154701630678741
2025-08-07,0.005918606254754377,0.0,0.005918606254754377,1.0,2,5.505665005678772,5.185210279991469
2025-08-08,0.004547491536521675,0.0,0.004547491536521675,1.0,2,5.53070197069502,5.208789979854815
2025-08-11,-0.008668075114496021,0.0,-0.008668075114496021,1.0,2,5.482761430577144,5.1636397970538
2025-08-12,0.005813612864369044,0.0,0.005813612864369044,1.0,2,5.514636082962213,5.1936591998049195
2025-08-13,0.0017839164890545156,0.0,0.0017839164890545156,1.0,2,5.524473733201745,5.202924254089981
2025-08-14,-0.003556714899728197,0.0,-0.003556714899728197,1.0,2,5.504824755161709,5.184418935873302
2025-08-15,-0.0019061056016558275,0.0,-0.0019061056016558275,1.0,2,5.494331977859762,5.174536885898304
2025-08-18,-0.0009773586225687025,0.0,-0.0009773586225687025,1.0,2,5.4889620451259455,5.169479507655071
2025-08-19,-0.009529649032694876,0.0,-0.009529649032694876,1.0,2,5.436654163282112,5.12021618226541
2025-08-20,0.002078971086589887,0.0,0.002078971086589887,1.0,2,5.447956810095364,5.130860963665429
2025-08-21,-0.0040539235891484116,0.0,-0.0040539235891484116,1.0,2,5.425871209470257,5.110060845372185
2025-08-22,0.013067522709753643,0.0,0.013067522709753643,1.0,2,5.496773904720208,5.176836681517309
2025-08-25,-0.0026491290128712874,0.0,-0.0026491290128712874,1.0,2,5.48221224149202,5.163122573269405
2025-08-26,0.005634636238102841,0.0,0.005634636238102841,1.0,2,5.5131025132529015,5.192214890822515
2025-08-27,0.001785485555995614,0.0,0.001785485555995614,1.0,2,5.522946078159038,5.201485515513704
2025-08-28,0.006831324290024976,0.0,0.006831324290024976,1.0,2,5.560675113855265,5.237018549860046
2025-08-29,-0.0009730861089753406,0.0,-0.0009730861089753406,1.0,2,5.555264098145447,5.231922479856731
2025-09-02,0.007628207306578261,0.0,0.007628207306578261,1.0,2,5.597640804328892,5.2718326691450255
2025-09-03,0.007841086554373877,0.0,0.007841086554373877,1.0,2,5.64153239037593,5.3131695654039675
2025-09-04,0.0023099253021252597,0.0,0.0023099253021252597,1.0,2,5.654563908787218,5.325442590217576
2025-09-05,0.007409288033747241,0.0,0.007409288033747241,1.0,2,5.696460201492655,5.3649003282756835
2025-09-08,0.008117557798076325,0.0,0.008117557798076325,1.0,2,5.742701546422713,5.40845021677138
2025-09-09,0.0003096833538171473,0.0,0.0003096833538171473,1.0,2,5.74447996549758,5.410125123773462
2025-09-10,0.0019777903699302324,0.0,0.0019777903699302324,1.0,2,5.755841342653598,5.4208252171433795
2025-09-11,0.0021731679256502545,0.0,0.0021731679256502545,1.0,2,5.768349752444585,5.4326055806358315
2025-09-12,0.0031943972922175434,0.0,0.0031943972922175434,1.0,2,5.786776153274357,5.4499594811923
2025-09-15,0.009462242283054256,0.0,0.009462242283054256,1.0,2,5.841532031274439,5.501528318236169
2025-09-16,0.0005851217049220314,0.0,0.0005851217049220314,1.0,2,5.844950038455934,5.504747381865412
2025-09-17,-0.0048628841786576005,0.0,-0.0048628841786576005,1.0,2,5.8165267233888835,5.477978432914632
2025-09-18,0.002500512834440638,0.0,0.002500512834440638,1.0,2,5.831071023112584,5.491676188292924
2025-09-19,0.008672013498882136,0.0,0.008672013498882136,1.0,2,5.881638149737958,5.5393000783292905
2025-09-22,0.011583645591297154,0.0,0.011583645591297154,1.0,2,5.949768961560776,5.603465367260502
2025-09-23,-0.0012535438240689478,0.0,-0.0012535438240689478,1.0,2,5.942310665424374,5.596441177855988
2025-09-24,-0.006276760685048455,0.0,-0.006276760685048455,1.0,2,5.905012203461294,5.561313655894636
2025-09-25,-6.733351949356203e-05,0.0,-6.733351949356203e-05,1.0,2,5.904614598206982,5.560939193073176
2025-09-26,0.004935605071013205,0.0,0.004935605071013205,1.0,2,5.933757443960271,5.588385792754105
2025-09-29,0.010551598364184955,0.0,0.010551598364184955,1.0,2,5.996368069299432,5.6473521951433625
2025-09-30,0.005663752370291042,0.0,0.005663752370291042,1.0,2,6.030330013165065,5.679337399524474
2025-10-01,0.0032136674966272705,0.0,0.0032136674966272705,1.0,2,6.049709488722309,5.6975889015277055
2025-10-02,0.0003513496767272861,0.0,0.0003513496767272861,1.0,2,6.051835052195465,5.699590747546383
2025-10-03,0.0019103826302212523,0.0,0.0019103826302212523,1.0,2,6.0633963727601445,5.710479146709866
2025-10-06,0.013144523572718114,0.0,0.013144523572718114,1.0,2,6.143096829312624,5.785540674465309
2025-10-07,-4.3128796433200556e-05,0.0,-4.3128796433200556e-05,1.0,2,6.142831884940003,5.785291151059304
2025-10-08,0.013957115572434065,0.0,0.013957115572434065,1.0,2,6.228568099500144,5.866037128274819
2025-10-09,-0.009808198834678872,0.0,-0.009808198834678872,1.0,2,6.167477065124909,5.80850186974909
2025-10-10,-0.012300126917150267,0.0,-0.012300126917150267,1.0,2,6.091616314465258,5.737056559552672
2025-10-13,0.022685396208469433,0.0,0.022685396208469433,1.0,2,6.229807044108879,5.867203960676522
2025-10-14,0.00026418459772742375,0.0,0.00026418459772742375,1.0,2,6.231452863176746,5.868753985594658
2025-10-15,0.012183945696213672,0.0,0.012183945696213672,1.0,2,6.3073765464702065,5.9402585654595805
2025-10-16,0.009796719028119738,0.0,0.009796719028119738,1.0,2,6.369168142300528,5.99845360957977
2025-10-17,-0.0060902810306637245,0.0,-0.0060902810306637245,1.0,2,6.330378118382367,5.96192134134803
2025-10-20,0.02432614954354051,0.0,0.02432614954354051,1.0,2,6.484371843157293,6.106951931464488
2025-10-21,-0.03276081873646436,0.0,-0.03276081873646436,1.0,2,6.271938512583784,5.906883186205479
2025-10-22,-0.004695638873833008,0.0,-0.004695638873833008,1.0,2,6.2424877542898045,5.8791465958931415
2025-10-23,0.006247647609761431,0.0,0.006247647609761431,1.0,2,6.2814886179868585,5.915877432070411
2025-10-24,0.003653774260403364,0.0,0.003653774260403364,1.0,2,6.304439759416275,5.93749271275941
2025-10-27,-0.005143471730573446,0.0,-0.005143471730573446,1.0,2,6.272013051736614,5.906953386840847
2025-10-28,0.00030497116874589336,0.0,0.00030497116874589336,1.0,2,6.273925834887392,5.90875483731896
2025-10-29,0.00048735739622857155,0.0,0.00048735739622857155,1.0,2,6.276983479046414,5.911634512691428
2025-10-30,0.002109466584018338,0.0,0.002109466584018338,1.0,2,6.290224565943898,5.924104908152881
2025-10-31,-0.00024819223522137834,0.0,-0.00024819223522137834,1.0,2,6.288663381048832,5.922634591314041
2025-11-03,0.003312086795204172,0.0,0.003312086795204172,1.0,2,6.309491979992687,5.942250871136751
2025-11-04,-0.018975586978330294,0.0,-0.018975586978330294,1.0,2,6.189765666137259,5.829493172884436
2025-11-05,0.00903912177632743,0.0,0.00903912177632743,1.0,2,6.245715711760404,5.882186671568408
2025-11-06,-0.009930763212153693,0.0,-0.009930763212153693,1.0,2,6.183690987936483,5.823772068563375
2025-11-07,0.001485752739748658,0.0,0.001485752739748658,1.0,2,6.1928784237635695,5.832424753869915
2025-11-10,0.02461282282451993,0.0,0.02461282282451993,1.0,2,6.345302643181454,5.97597719097426
2025-11-11,0.0006411600864845712,0.0,0.0006411600864845712,1.0,2,6.349370997972928,5.979808749026855
2025-11-12,0.007672943253006326,0.0,0.007672943253006326,1.0,2,6.398089361332658,6.025691482221968
2025-11-13,-0.014272483414528525,0.0,-0.014272483414528525,1.0,2,6.306772737038366,5.939689900480889
2025-11-14,-0.008424811905273943,0.0,-0.008424811905273943,1.0,2,6.253639362999508,5.889649130293683
2025-11-17,-0.010027697948821856,0.0,-0.010027697948821856,1.0,2,6.1909297563864865,5.830589507790556
2025-11-18,-0.00246848598255367,0.0,-0.00246848598255367,1.0,2,6.175647533063872,5.816196779320551
2025-11-19,0.003831023314320614,0.0,0.003831023314320614,1.0,2,6.199306582744066,5.8384787647828045
2025-11-20,-0.011566559065427029,0.0,-0.011566559065427029,1.0,2,6.127601936990066,5.770947655297703
2025-11-21,0.0029766568949897154,0.0,0.0029766568949897154,1.0,2,6.1458417055455605,5.78812578642647
2025-11-24,0.020623912216039098,0.0,0.020623912216039098,1.0,2,6.272593005374405,5.907499584541122
2025-11-25,0.0029362293495586167,0.0,0.0029362293495586167,1.0,2,6.291010777054621,5.924845358203756
2025-11-26,0.008401476769024807,0.0,0.008401476769024807,1.0,2,6.34386455795173,5.97462280884077
2025-11-28,0.010239732735924267,0.0,0.010239732735924267,1.0,2,6.408824035538058,6.035801349601257
2025-12-01,0.0007649925417388959,0.0,0.0007649925417388959,1.0,2,6.41372673812656,6.040418692617118
2025-12-02,0.0006806720077631723,0.0,0.0006806720077631723,1.0,2,6.418092382382645,6.044530236536352
2025-12-03,0.0007755028176048562,0.0,0.0007755028176048562,1.0,2,6.423069631108831,6.049217786765884
2025-12-04,-0.00013837543739941838,0.0,-0.00013837543739941838,1.0,2,6.422180836039179,6.048380723608716
2025-12-05,0.0011631638489013607,0.0,0.0011631638489013607,1.0,2,6.429650884618767,6.0554159814108095
2025-12-08,-0.0022694134769700725,0.0,-0.0022694134769700725,1.0,2,6.415059348249001,6.041673738773936
2025-12-09,0.003187407003617526,0.0,0.003187407003617526,1.0,2,6.435506753344232,6.0609310119624755
2025-12-10,0.004198256929758004,0.0,0.004198256929758004,1.0,2,6.4625246641679635,6.086376357584233
2025-12-11,0.0037766289802216857,0.0,0.0037766289802216857,1.0,2,6.486931222100058,6.1093623429208215
2025-12-12,-0.006729757327678554,0.0,-0.006729757327678554,1.0,2,6.443275749173983,6.068247816926107
2025-12-15,-0.0019910581504347657,0.0,-0.0019910581504347657,1.0,2,6.430446812478092,6.056165582651358
2025-12-16,0.0011268620805931495,0.0,0.0011268620805931495,1.0,2,6.437693039152344,6.062990046000241
2025-12-17,-0.00496067282040491,0.0,-0.00496067282040491,1.0,2,6.405757750266911,6.032913536068662
2025-12-18,0.00635321470601069,0.0,0.00635321470601069,1.0,2,6.446454904609048,6.071241931066104
2025-12-19,0.0070650508640107135,0.0,0.0070650508640107135,1.0,2,6.491999436402662,6.1141355641168005
2025-12-22,0.01392111624915121,0.0,0.01392111624915121,1.0,2,6.5823753152462485,6.19925115606794
2025-12-23,0.008952350839729173,0.0,0.008952350839729173,1.0,2,6.641303048427106,6.254749027360656
2025-12-24,-0.0006052139684559754,0.0,-0.0006052139684559754,1.0,2,6.6372836390534475,6.250963565880111
2025-12-26,0.005803528285126869,0.0,0.005803528285126869,1.0,2,6.675803302389105,6.2872412097439945
2025-12-29,-0.024377390998884307,0.0,-0.024377390998884307,1.0,2,6.513064635055123,6.133974672469767
2025-12-30,-0.000723264952863345,0.0,-0.000723264952863345,1.0,2,6.508353963668854,6.129538183567418
2025-12-31,-0.007367362194932614,0.0,-0.007367362194932614,1.0,2,6.46040456272568,6.084379655681408
2026-01-02,0.007617121296231044,0.0005,0.007117121296231044,1.0,2,6.509614247902686,6.1276829237032135
2026-01-05,0.019015513601303935,0.0,0.019015513601303935,1.0,2,6.633397906172921,6.24420396168337
2026-01-06,0.006876793755771771,0.0,0.006876793755771771,1.0,2,6.679014415473642,6.28714406449684
2026-01-07,-0.006799767464395978,0.0,-0.006799767464395978,1.0,2,6.633598670557072,6.244392946843104
2026-01-08,0.0032649738449800347,0.0,0.0032649738449800347,1.0,2,6.655257196714534,6.264780726492324
2026-01-09,0.008217910316773769,0.0,0.008217910316773769,1.0,2,6.709949503492196,6.31626413265689
2026-01-12,0.012364337953881477,0.0,0.012364337953881477,1.0,2,6.792913586806854,6.3943605569990405
2026-01-13,-0.0034668231781948,0.0,-0.0034668231781948,1.0,2,6.769363756536638,6.372192439610302
2026-01-14,0.007510517779187098,0.0,0.007510517779187098,1.0,2,6.820205183383891,6.420050904220396
2026-01-15,-0.002363407795281325,0.0,-0.002363407795281325,1.0,2,6.804086257288064,6.404877705867259
2026-01-16,-0.0010259585580613129,0.0,-0.0010259585580613129,1.0,2,6.797105546762611,6.398306566771589
2026-01-20,0.012210013342414838,0.0,0.012210013342414838,1.0,2,6.880098296178384,6.4764299753207295
2026-01-21,0.013105856709505481,0.0,0.013105856709505481,1.0,2,6.970267878595411,6.561309138566429
2026-01-22,0.011916852789520704,0.0,0.011916852789520704,1.0,2,7.053331534808157,6.639499293677261
2026-01-23,0.010071291856327602,0.0,0.010071291856327602,1.0,2,7.124367695254648,6.706367628843765
2026-01-26,0.009643235358323732,0.0,0.009643235358323732,1.0,2,7.193069649719227,6.771038710288149
2026-01-27,0.020397594630926608,0.0,0.020397594630926608,1.0,2,7.339790968586222,6.90915161313092
2026-01-28,0.015929740847767937,0.0,0.015929740847767937,1.0,2,7.456711936592588,7.019212607806033
2026-01-29,0.004399000244777629,0.0,0.004399000244777629,1.0,2,7.489514014226894,7.050090125785917
2026-01-30,-0.059241806806241804,0.0,-0.059241806806241804,1.0,2,7.045821671923424,6.632430048587515
2026-02-02,-0.018248158997046127,0.0,-0.018248158997046127,1.0,2,6.917248397789332,6.511400410524104
2026-02-03,0.03363830021817005,0.0,0.03363830021817005,1.0,2,7.149932876077826,6.7304328523740296
2026-02-04,0.0004513910966668644,0.0,0.0004513910966668644,1.0,2,7.1531602921198525,6.733470909840305
2026-02-05,-0.02012369808052411,0.0,-0.02012369808052411,1.0,2,7.009212254079639,6.5979685742166865
2026-02-06,0.026354197756387032,0.0,0.026354197756387032,1.0,2,7.193934419940145,6.77185274281202
2026-02-09,0.02001831943832111,0.0,0.02001831943832111,1.0,2,7.33794489717684,6.907413854206901
2026-02-10,-0.003713883628767123,0.0,-0.003713883628767123,1.0,2,7.310692623754419,6.881760522976642
2026-02-11,0.009362691258675726,0.0,0.009362691258675726,1.0,2,7.3791403816777095,6.9461923220694155
2026-02-12,-0.021410732316242853,0.0,-0.021410732316242853,1.0,2,7.221147582241629,6.797469257644446
2026-02-13,0.014282447148821154,0.0,0.014282447148821154,1.0,2,7.324283240938834,6.89455375306249
2026-02-17,-0.016938125510228497,0.0,-0.016938125510228497,1.0,2,7.2002236121313485,6.7777729362561
2026-02-18,0.012874765988803438,0.0,0.012874765988803438,1.0,2,7.2929248062045975,6.865035176735643
2026-02-19,0.0012698847417759729,0.0,0.0012698847417759729,1.0,2,7.302185980138916,6.8737529801583355
2026-02-20,0.015116725235468365,0.0,0.015116725235468365,1.0,2,7.412571119218966,6.9776616152958715
2026-02-23,0.010970433676188884,0.0,0.010970433676188884,1.0,2,7.493890239052391,7.054209589261363
2026-02-24,-0.00479304916690082,0.0,-0.00479304916690082,1.0,2,7.457971654685254,7.020398415866411
2026-02-25,0.004496482162217874,0.0,0.004496482162217874,1.0,2,7.491506291196872,7.051965512115016
2026-02-26,0.004635814191609355,0.0,0.004635814191609355,1.0,2,7.526235522378133,7.084657113914819
2026-02-27,0.006046571902039999,0.0,0.006046571902039999,1.0,2,7.57174344661588,7.127495002555404
2026-03-02,-0.002218127157498584,0.0,-0.002218127157498584,1.0,2,7.554948356847329,7.1116853123253
2026-03-03,-0.039564305257178356,0.0,-0.039564305257178356,1.0,2,7.256042073854803,6.8303164237354705
2026-03-04,0.009721884454740592,0.0,0.009721884454740592,1.0,2,7.326584476495556,6.896719970796344
2026-03-05,-0.017884147907482495,0.0,-0.017884147907482495,1.0,2,7.195554756061244,6.7733780107621335
2026-03-06,0.004097053541986029,0.0,0.004097053541986029,1.0,2,7.225035329161119,6.801128903132336
2026-03-09,0.004039132595648864,0.0,0.004039132595648864,1.0,2,7.2542182048638475,6.828599564572188
2026-03-10,0.006141208319567604,0.0,0.006141208319567604,1.0,2,7.298767870055515,6.870535417029134
2026-03-11,-0.002523300896185854,0.0,-0.002523300896185854,1.0,2,7.280350882547952,6.853198988854068
2026-03-12,-0.019690839789899384,0.0,-0.019690839789899384,1.0,2,7.136994659705448,6.718253745516242
2026-03-13,-0.012191583581821486,0.0,-0.012191583581821486,1.0,2,7.0499833927886355,6.636347593453896
2026-03-16,0.010244631184414155,0.0,0.010244631184414155,1.0,2,7.122207872504,6.704334526960405
2026-03-17,0.0004442521471096361,0.0,0.0004442521471096361,1.0,2,7.1253719286435215,6.70731294196895
2026-03-18,-0.024544646890804156,0.0,-0.024544646890804156,1.0,2,6.950482190689318,6.5426843142222015
2026-03-19,-0.020997808249133,0.0,-0.020997808249133,1.0,2,6.804537298410209,6.405302283557553
2026-03-20,-0.030963532180544262,0.0,-0.030963532180544262,1.0,2,6.593844788797171,6.206971500174506
2026-03-23,0.0016806987988922661,0.0,0.0016806987988922661,1.0,2,6.604927055813785,6.217403549719607
2026-03-24,-0.0038013468581805654,0.0,-0.0038013468581805654,1.0,2,6.579819437101655,6.19376904226984
2026-03-25,0.021723981770830625,0.0,0.021723981770830625,1.0,2,6.7227593146086075,6.328322368036845
2026-03-26,-0.030691256904418096,0.0,-0.030691256904418096,1.0,2,6.516429381377385,6.13409820046545
2026-03-27,0.013955083408626057,0.0,0.013955083408626057,1.0,2,6.607366696920927,6.219700052489648
2026-03-30,-0.00019654679079855741,0.0,-0.00019654679079855741,1.0,2,6.606068040201018,6.218477590404602
2026-03-31,0.03518347025324098,0.0,0.03518347025324098,1.0,2,6.838492438584317,6.4372652117270475
2026-04-01,0.016967151229044575,0.0,0.016967151229044575,1.0,2,6.954522173968455,6.546487264075888
2026-04-02,-0.012920663074862337,0.0,-0.012920663074862337,1.0,2,6.864665136111949,6.461902307812886
2026-04-06,0.0016552248650075763,0.0,0.0016552248650075763,1.0,2,6.876027700535191,6.4725982091880265
2026-04-07,0.004652111146853155,0.0,0.004652111146853155,1.0,2,6.908015745646922,6.502709455466092
2026-04-08,0.024329125622103098,0.0,0.024329125622103098,1.0,2,7.076081728522233,6.660914690692165
2026-04-09,0.0019282466167616086,0.0,0.0019282466167616086,1.0,2,7.089726159175185,6.673758576909029
2026-04-10,0.0005288614758318655,0.0,0.0005288614758318655,1.0,2,7.09347564221497,6.677288070719359
2026-04-13,0.0015301891168399417,0.0,0.0015301891168399417,1.0,2,7.104330001443257,6.687505584255179
2026-04-14,0.01608727155224765,0.0,0.01608727155224765,1.0,2,7.2186192873732535,6.795089302596264
2026-04-15,-0.0065935497586300795,0.0,-0.0065935497586300795,1.0,2,7.171022961913351,6.750285543165261
2026-04-16,-0.0009245671039983527,0.0,-0.0009245671039983527,1.0,2,7.164392869980749,6.744044451209454
2026-04-17,0.013939504461550845,0.0,0.013939504461550845,1.0,2,7.264260956356149,6.838053088925986
2026-04-20,-0.006459591651821528,0.0,-0.006459591651821528,1.0,2,7.217336796925818,6.793882058278047
2026-04-21,-0.02517601926697166,0.0,-0.02517601926697166,1.0,2,7.0356329866701905,6.622839152681306
2026-04-22,0.0105535943257975,0.0,0.0105535943257975,1.0,2,7.109884203036707,6.692733910383713
2026-04-23,-0.00969679695723541,0.0,-0.00969679695723541,1.0,2,7.040941099530404,6.627835828565917
2026-04-24,0.00588048096992444,0.0,0.00588048096992444,1.0,2,7.082345219676551,6.666810691027583
2026-04-27,-0.0043944418434288535,0.0,-0.0043944418434288535,1.0,2,7.051222265493596,6.6375137791647125
2026-04-28,-0.011749348120100866,0.0,-0.011749348120100866,1.0,2,6.968375000424105,6.55952731912134
2026-04-29,-0.010132461197746911,0.0,-0.010132461197746911,1.0,2,6.897768211120958,6.493063163084782
2026-04-30,0.02026472459794687,0.0,0.02026472459794687,1.0,2,7.037549584259796,6.624643299881769
2026-05-01,-0.0021241654045933145,0.0005,-0.0026241654045933145,1.0,2,7.022600664899802,6.607259140116448
2026-05-04,-0.008417472600341813,0.0,-0.008417472600341813,1.0,2,6.963488116219865,6.55164271734116
2026-05-05,0.01623765917192177,0.0,0.01623765917192177,1.0,2,7.076558862898771,6.658026058801549
2026-05-06,0.02113112363600389,0.0,0.02113112363600389,1.0,2,7.226094503148143,6.79871763062182
2026-05-07,-0.016339185519261112,0.0,-0.016339185519261112,1.0,2,7.108026004481492,6.687632121962019
2026-05-08,0.011675649884991701,0.0,0.011675649884991701,1.0,2,7.191016827483234,6.7657145731776716
2026-05-11,0.0019684618930714826,0.0,0.0019684618930714826,1.0,2,7.205172070080571,6.779032624494371
2026-05-12,-0.010851763617246435,0.0,-0.010851763617246435,1.0,2,7.12698324595447,6.705468164899756
2026-05-13,0.004884400703496161,0.0,0.004884400703496161,1.0,2,7.161794287934816,6.738220358321664
2026-05-14,0.002649359155109776,0.0,0.002649359155109776,1.0,2,7.180768453198569,6.756072324117131
2026-05-15,-0.022622510945929375,0.0,-0.022622510945929375,1.0,2,7.0183214402658995,6.6032330040133
2026-05-18,0.0002833758881550241,0.0,0.0002833758881550241,1.0,2,7.020310263337393,6.605104201030508
2026-05-19,-0.00920003967586358,0.0,-0.00920003967586358,1.0,2,6.955723130377817,6.544336980317814
2026-05-20,0.02128027233754959,0.0,0.02128027233754959,1.0,2,7.10374281289685,6.683602253527674
2026-05-21,0.008234238600774602,0.0,0.008234238600774602,1.0,2,7.16223672617678,6.738636629195895
2026-05-22,0.00301757704762301,0.0,0.00301757704762301,1.0,2,7.183849327331334,6.758970984420428
2026-05-26,0.018757669799679633,0.0,0.018757669799679633,1.0,2,7.318601600904066,6.885753530331803
2026-05-27,-0.002817260948593303,0.0,-0.002817260948593303,1.0,2,7.297983190415527,6.866354565809161
2026-05-28,0.004640876494318158,0.0,0.004640876494318158,1.0,2,7.331852229059856,6.898220469315279
2026-05-29,-0.0019668939052356893,0.0,-0.0019668939052356893,1.0,2,7.317431253596429,6.884652401517211
2026-06-01,-0.00015457199401691657,0.0005,-0.0006545719940169166,1.0,2,7.316300183656479,6.880145900866636
2026-06-02,0.006950346589453815,0.0,0.006950346589453815,1.0,2,7.367151005685376,6.927965299463669
2026-06-03,-0.008166517294827813,0.0,-0.008166517294827813,1.0,2,7.306987039583839,6.871387951027633
2026-06-04,0.005168563328160236,0.0,0.005168563328160236,1.0,2,7.344753664835974,6.906903154804876
2026-06-05,-0.042111964464086826,0.0,-0.042111964464086826,1.0,2,7.03545165950493,6.616039894592844
2026-06-08,0.012230494061617414,0.0,0.012230494061617414,1.0,2,7.121498709247301,6.696957331235085
2026-06-09,-0.004010401322205148,0.0,-0.004010401322205148,1.0,2,7.092938641407653,6.670099844699148
2026-06-10,-0.015254650373310974,0.0,-0.015254650373310974,1.0,2,6.984738342313633,6.568349803613187
2026-06-11,0.031516164927907764,0.0,0.031516164927907764,1.0,2,7.20487050788827,6.77535899932805
2026-06-12,0.007304226265707481,0.0,0.007304226265707481,1.0,2,7.257496512293009,6.8248477544905395
2026-06-15,0.0197420611904644,0.0,0.0197420611904644,1.0,2,7.400774452528279,6.959584316475295
2026-06-16,-0.013849784249545138,0.0,-0.013849784249545138,1.0,2,7.298275323081217,6.863195575225594
2026-06-17,-0.008732375248211355,0.0,-0.008732375248211355,1.0,2,7.234544044295311,6.803263576060861
2026-06-18,0.022306004393363388,0.0,0.022306004393363388,1.0,2,7.395917815531344,6.955017203277683
2026-06-22,0.0031250072426676767,0.0,0.0031250072426676767,1.0,2,7.419030112271054,6.9767516824108045
2026-06-23,-0.021246247615906877,0.0,-0.021246247615906877,1.0,2,7.261403561435873,6.8285218886116095
2026-06-24,0.0002020055492652495,0.0,0.0002020055492652495,1.0,2,7.262870405250738,6.829901287926389
2026-06-25,0.007944799051978646,0.0,0.007944799051978646,1.0,2,7.320572451161017,6.884163481203814
2026-06-26,-0.005306405788241875,0.0,-0.005306405788241875,1.0,2,7.2817265231329324,6.84763331625995
2026-06-29,0.010926550942157165,0.0,0.010926550942157165,1.0,2,7.361290678934802,6.922454330523277
2026-06-30,0.01098571100700857,0.0,0.01098571100700857,1.0,2,7.442159690972166,6.998502413257621
2026-07-01,-0.009534229254572202,0.0,-0.009534229254572202,1.0,2,7.371204434329301,6.931777086810946
2026-07-02,-0.011548431987291496,0.0,-0.011548431987291496,1.0,2,7.286078581255028,6.851725930572845
2026-07-06,0.009367099844121762,0.0,0.009367099844121762,1.0,2,7.354328006797761,6.915906731469079
2026-07-07,-0.013830831991716586,0.0,-0.013830831991716586,1.0,2,7.252611531723765,6.8202539873957475
2026-07-08,-0.0031358665954958065,0.0,-0.0031358665954958065,1.0,2,7.229868309491325,6.798866580743876
2026-07-09,0.01467330803683009,0.0,0.01467330803683009,1.0,2,7.335954394262206,6.89862844438444
2026-07-10,-0.0005448768392060654,0.0,-0.0005448768392060654,1.0,2,7.331957202619301,6.894869541522807
2026-07-13,-0.01378300617166045,0.0,-0.01378300617166045,1.0,2,7.230900791245249,6.799837512079205
2026-07-14,0.007355455940134981,0.0,0.007355455940134981,1.0,2,7.28408736342274,6.84985341729938
2026-07-15,0.0008065353806273601,0.0,0.0008065353806273601,1.0,2,7.289962237596921,6.855378066432543
2026-07-16,-0.008552506152646466,0.0,-0.008552506152646466,1.0,2,7.227614790707313,6.796747403340661
2026-07-17,-0.01004134804291773,0.0,-0.01004134804291773,1.0,2,7.15503979507368,6.72849889710392
2026-07-20,-0.0023591158806909873,0.0,-0.0023591158806909873,1.0,2,7.1381602270661455,6.71262558850255
2026-07-21,0.01646314632292789,0.0,0.01646314632292789,1.0,2,7.255676803360839,6.823136525777097
2026-07-22,-0.007189678836636848,0.0,-0.007189678836636848,1.0,2,7.20351081740224,6.774080365498234
2026-07-23,-0.012393642867301824,0.0,-0.012393642867301824,1.0,2,7.114233076940611,6.690124832693847
2026-07-24,-0.0071532158701716475,0.0,-0.0071532158701716475,1.0,2,7.063343431990539,6.642268925567191
2026-07-27,0.0015388676957534542,0.0,0.0015388676957534542,1.0,2,7.074212983022042,6.652490498643254
2026-07-28,-0.004079672984987515,0.0,-0.004079672984987515,1.0,2,7.045352507425159,6.625350512873053
2026-07-29,-0.018385779656154566,0.0,-0.018385779656154566,1.0,2,6.915818208623704,6.503538278198579
2026-07-30,0.023302090384667018,0.0,0.023302090384667018,1.0,2,7.07697122960498,6.655084314977303
2026-07-31,0.0009230410542908074,0.0,0.0009230410542908074,1.0,2,7.0835035645899405,6.661227231019795
2026-08-03,0.017361757791653054,0.0,0.017361757791653054,1.0,2,7.206485637794663,6.776877844799925
2026-08-04,0.026090705976747564,0.0,0.026090705976747564,1.0,2,7.394507935696018,6.953691372088935
2026-08-05,-0.007708496674998344,0.0,-0.007708496674998344,1.0,2,7.337507395860457,6.900088865268223
2026-08-06,-0.0043593777260947375,0.0,-0.0043593777260947375,1.0,2,7.305520429553887,6.870008771560898
2026-08-07,0.01138309203729726,0.0,0.01138309203729726,1.0,2,7.388679840983855,6.948210713704615
2026-08-10,-0.004117427816222596,0.0,-0.004117427816222596,1.0,2,7.358257485081425,6.919601957639031
