Date,gross_return,cost,net_return,equity_net,equity_gross
2000-04-03,-0.05993158656282638,0.0,-0.05993158656282638,2.0159116468818747,2.0159116468818747
2000-04-04,-0.009714556776700523,0.0,-0.009714556776700523,1.9963279587314289,1.9963279587314289
2000-04-05,-0.017780490179219788,0.0,-0.017780490179219788,1.9608322690667028,1.9608322690667028
2000-04-06,0.02372053516274919,0.0,0.02372053516274919,2.007344259853353,2.007344259853353
2000-04-07,0.040243521957645134,0.0,0.040243521957645134,2.0881268626513143,2.0881268626513143
2000-04-10,-0.0609611397953973,0.0,-0.0609611397953973,1.960832269066703,1.960832269066703
2000-04-11,-0.023720444733696833,0.0,-0.023720444733696833,1.914320455596257,1.914320455596257
2000-04-12,-0.05882346402857408,0.0,-0.05882346402857408,1.801713495137327,1.801713495137327
2000-04-13,-0.043478312216686854,0.0,-0.043478312216686854,1.7233780332707282,1.7233780332707282
2000-04-14,-0.08664765419833409,0.0,-0.08664765419833409,1.574051369390881,1.574051369390881
2000-04-17,0.11508572575665865,0.0,0.11508572575665865,1.755202213615493,1.755202213615493
2000-04-18,0.02649910144884493,0.0,0.02649910144884493,1.801713495137327,1.801713495137327
2000-04-19,-0.030570749786930862,0.0,-0.030570749786930862,1.7466337626897472,1.7466337626897472
2000-04-20,-0.021723606882570135,0.0,-0.021723606882570135,1.7086905774612509,1.7086905774612509
2000-04-24,-0.028653634696096164,0.0,-0.028653634696096164,1.6597303818460145,1.6597303818460145
2000-04-25,0.06747838687834973,0.0,0.06747838687834973,1.771726310665971,1.771726310665971
2000-04-26,-0.03419698930223802,0.0,-0.03419698930223802,1.7111386049736332,1.7111386049736332
2000-04-27,0.04434887945443666,0.0,0.04434887945443666,1.7870256846954418,1.7870256846954418
2000-04-28,0.03835610892674546,0.0,0.03835610892674546,1.855569036512512,1.855569036512512
2000-05-01,0.009234051165694757,0.0,0.009234051165694757,1.8727034559371474,1.8727034559371474
2000-05-02,-0.05751531665659537,0.0,-0.05751531665659537,1.7649943236650218,1.7649943236650218
2000-05-03,-0.011096011558039853,0.0,-0.011096011558039853,1.74540992624976,1.74540992624976
2000-05-04,0.0021033194737474226,0.0,0.0021033194737474226,1.7490810809373132,1.7490810809373132
2000-05-05,0.023793231113100832,0.0,0.023793231113100832,1.790697371331607,1.790697371331607
2000-05-08,-0.03896100295349203,0.0,-0.03896100295349203,1.7209300057583459,1.7209300057583459
2000-05-09,-0.021337539913223846,0.0,-0.021337539913223846,1.6842095930726126,1.6842095930726126
2000-05-10,-0.07267406725806824,0.0,-0.07267406725806824,1.5618112318289699,1.5618112318289699
2000-05-11,0.06112869160587864,0.0,0.06112869160587864,1.6572827089660405,1.6572827089660405
2000-05-12,0.0,0.0,0.0,1.6572827089660405,1.6572827089660405
2000-05-15,0.04357500501258116,0.0,0.04357500501258116,1.7294988113164997,1.7294988113164997
2000-05-16,0.028308379695819674,0.0,0.028308379695819674,1.778458120350716,1.778458120350716
2000-05-17,-0.020647031446475617,0.0,-0.020647031446475617,1.7417382396135948,1.7417382396135948
2000-05-18,-0.03583985024200376,0.0,-0.03583985024200376,1.6793146019450722,1.6793146019450722
2000-05-19,-0.047376053429438514,0.0,-0.047376053429438514,1.5997553036384862,1.5997553036384862
2000-05-22,-0.0007654581310141406,0.0,-0.0007654581310141406,1.5985307579336832,1.5985307579336832
2000-05-23,-0.08346063766937895,0.0,-0.08346063766937895,1.4651163615424223,1.4651163615424223
2000-05-24,0.06265645172465639,0.0,0.06265645172465639,1.5569153541204093,1.5569153541204093
2000-05-25,-0.02201243535920616,0.0,-0.02201243535920616,1.5226438555280781,1.5226438555280781
2000-05-26,0.0,0.0,0.0,1.5226438555280781,1.5226438555280781
2000-05-30,0.10048226615366862,0.0,0.10048226615366862,1.6756425606764986,1.6756425606764986
2000-05-31,-0.028487966963050337,0.0,-0.028487966963050337,1.6279069107660655,1.6279069107660655
2000-06-01,0.051128042799695406,0.0,0.051128042799695406,1.7111386049736328,1.7111386049736328
2000-06-02,0.07153025685451397,0.0,0.07153025685451397,1.8335367889010714,1.8335367889010714
2000-06-05,0.002503555923644596,0.0,0.002503555923644596,1.8381271507901449,1.8381271507901449
2000-06-06,-0.027800833077699205,0.0,-0.027800833077699205,1.7870256846954413,1.7870256846954413
2000-06-07,0.026712148396546675,0.0,0.026712148396546675,1.8347609799734663,1.8347609799734663
2000-06-08,-0.0046694839938473676,0.0,-0.0046694839938473676,1.8261935929449444,1.8261935929449444
2000-06-09,0.005361741569319012,0.0,0.005361741569319012,1.8359851710458615,1.8359851710458615
2000-06-12,-0.03200013520952649,0.0,-0.03200013520952649,1.7772333973297083,1.7772333973297083
2000-06-13,0.03856754505978821,0.0,0.03856754505978821,1.8457769264629824,1.8457769264629824
2000-06-14,-0.02254608809126879,0.0,-0.02254608809126879,1.8041618772821166,1.8041618772821166
2000-06-15,0.0176388239683265,0.0,0.0176388239683265,1.8359851710458615,1.8359851710458615
2000-06-16,0.005333243193649029,0.0,0.005333243193649029,1.8457769264629824,1.8457769264629824
2000-06-19,0.039788186239483325,0.0,0.039788186239483325,1.9192170425696327,1.9192170425696327
2000-06-20,-0.003826603439970322,0.0,-0.003826603439970322,1.911872960032486,1.911872960032486
2000-06-21,0.01280378547023453,0.0,0.01280378547023453,1.936352171259084,1.936352171259084
2000-06-22,-0.03666243175346107,0.0,-0.03666243175346107,1.8653607919296318,1.8653607919296318
2000-06-23,-0.03936998667676561,0.0,-0.03936998667676561,1.7919215624040012,1.7919215624040012
2000-06-26,0.0273226347214377,0.0,0.0273226347214377,1.8408815807030336,1.8408815807030336
2000-06-27,-0.011968409678600689,0.0,-0.011968409678600689,1.8188491557753896,1.8188491557753896
2000-06-28,0.012113387664768327,0.0,0.012113387664768327,1.8408815807030334,1.8408815807030334
2000-06-29,-0.02509970704823794,0.0,-0.02509970704823794,1.79467599231689,1.79467599231689
2000-06-30,0.019607697841321547,0.0,0.019607697841321547,1.8298654568973134,1.8298654568973134
2000-07-03,0.01939778408217152,0.0,0.01939778408217152,1.8653607919296316,1.8653607919296316
2000-07-05,-0.03871371091623088,0.0,-0.03871371091623088,1.7931457534763964,1.7931457534763964
2000-07-06,0.02662127556228544,0.0,0.02662127556228544,1.8408815807030334,1.8408815807030334
2000-07-07,0.020611420976902828,0.0,0.020611420976902828,1.87882476593153,1.87882476593153
2000-07-10,-0.01514651893656982,0.0,-0.01514651893656982,1.8503671110358517,1.8503671110358517
2000-07-11,0.005457189076154112,0.0,0.005457189076154112,1.8604649142210714,1.8604649142210714
2000-07-12,0.023684001602309213,0.0,0.023684001602309213,1.9045281682305233,1.9045281682305233
2000-07-13,0.012853907946646315,0.0,0.012853907946646315,1.9290087979867534,1.9290087979867534
2000-07-14,0.02157364885484947,0.0,0.02157364885484947,1.970624556432435,1.970624556432435
2000-07-17,0.011179797614062403,0.0,0.011179797614062403,1.9926557401466511,1.9926557401466511
2000-07-18,-0.022112828182859645,0.0,-0.022112828182859645,1.9485924861371993,1.9485924861371993
2000-07-19,-0.02261340850904492,0.0,-0.02261340850904492,1.9045281682305233,1.9045281682305233
2000-07-20,0.03213393194472913,0.0,0.03213393194472913,1.9657281467752625,1.9657281467752625
2000-07-21,-0.03362392797260405,0.0,-0.03362392797260405,1.8996326451543706,1.8996326451543706
2000-07-24,-0.02061858172063391,0.0,-0.02061858172063391,1.8604649142210712,1.8604649142210712
2000-07-25,0.007895080199806337,0.0,0.007895080199806337,1.8751534339277725,1.8751534339277725
2000-07-26,-0.001306548011644204,0.0,-0.001306548011644204,1.8727034559371463,1.8727034559371463
2000-07-27,-0.03921505318718821,0.0,-0.03921505318718821,1.7992652903087398,1.7992652903087398
2000-07-28,-0.054421839770191105,0.0,-0.054421839770191105,1.7013459629754912,1.7013459629754912
2000-07-31,0.029496665080073647,0.0,0.029496665080073647,1.7515299950307146,1.7515299950307146
2000-08-01,-0.013277481288475057,0.0,-0.013277481288475057,1.7282740882954915,1.7282740882954915
2000-08-02,-0.017705416150944342,0.0,-0.017705416150944342,1.6976742763393258,1.6976742763393258
2000-08-03,0.043258832312751405,0.0,0.043258832312751405,1.7711136831811602,1.7711136831811602
2000-08-04,-0.0034550913214945744,0.0,-0.0034550913214945744,1.7649943236650207,1.7649943236650207
2000-08-07,0.023578007375373078,0.0,0.023578007375373078,1.8066093728458863,1.8066093728458863
2000-08-08,0.020325399948236456,0.0,0.020325399948236456,1.8433294308992116,1.8433294308992116
2000-08-09,-0.02656074101271877,0.0,-0.02656074101271877,1.7943692352839753,1.7943692352839753
2000-08-10,-0.019781807602888724,0.0,-0.019781807602888724,1.758873368303045,1.758873368303045
2000-08-11,0.01391815668199059,0.0,0.01391815668199059,1.7833536434268673,1.7833536434268673
2000-08-14,0.0212761112951092,0.0,0.0212761112951092,1.8212964740229558,1.8212964740229558
2000-08-15,0.0,0.0,0.0,1.8212964740229558,1.8212964740229558
2000-08-16,0.010081233818636015,0.0,0.010081233818636015,1.8396573896306385,1.8396573896306385
2000-08-17,0.019294921161521872,0.0,0.019294921161521872,1.875153433927773,1.875153433927773
2000-08-18,-0.0052223150495097626,0.0,-0.0052223150495097626,1.865360791929632,1.865360791929632
2000-08-21,0.0026243425835514866,0.0,0.0026243425835514866,1.8702561376895803,1.8702561376895803
2000-08-22,0.0,0.0,0.0,1.8702561376895803,1.8702561376895803
2000-08-23,0.01636167399978916,0.0,0.01636167399978916,1.900856658910562,1.900856658910562
2000-08-24,0.01545407191987569,0.0,0.01545407191987569,1.9302326344267404,1.9302326344267404
2000-08-25,-0.005390130391623171,0.0,-0.005390130391623171,1.919828428841014,1.919828428841014
2000-08-28,0.004781869571168551,0.0,0.004781869571168551,1.9290087979867532,1.9290087979867532
2000-08-29,0.005076239185507481,0.0,0.005076239185507481,1.9388009080362822,1.9388009080362822
2000-08-30,-0.0012630161080738889,0.0,-0.0012630161080738889,1.936352171259084,1.936352171259084
2000-08-31,0.027812702431995184,0.0,0.027812702431995184,1.9902073580018609,1.9902073580018609
2000-09-01,0.009840825840351064,0.0,0.009840825840351064,2.0097926419981422,2.0097926419981422
2000-09-05,-0.030450980156887186,0.0,-0.030450980156887186,1.9485924861371988,1.9485924861371988
2000-09-06,-0.03517591780780782,0.0,-0.03517591780780782,1.8800489570039247,1.8800489570039247
2000-09-07,0.02213499372430161,0.0,0.02213499372430161,1.9216638288685863,1.9216638288685863
2000-09-08,-0.03057274202705662,0.0,-0.03057274202705662,1.8629132963658612,1.8629132963658612
2000-09-11,-0.024310012264227687,0.0,-0.024310012264227687,1.8176258512840142,1.8176258512840142
2000-09-12,-0.015488412566482923,0.0,-0.015488412566482923,1.7894737122078226,1.7894737122078226
2000-09-13,0.023255666472981718,0.0,0.023255666472981718,1.8310891160210963,1.8310891160210963
2000-09-14,-0.005347987660709763,0.0,-0.005347987660709763,1.8212964740229556,1.8212964740229556
2000-09-15,-0.018145130473649296,0.0,-0.018145130473649296,1.7882488118706117,1.7882488118706117
2000-09-18,-0.015742556036221433,0.0,-0.015742556036221433,1.760097204743032,1.760097204743032
2000-09-19,0.036857268036620594,0.0,0.036857268036620594,1.8249695791887528,1.8249695791887528
2000-09-20,0.015425698122534914,0.0,0.015425698122534914,1.853121009000128,1.853121009000128
2000-09-21,-0.07265528268270605,0.0,-0.07265528268270605,1.7184819782459622,1.7184819782459622
2000-09-22,0.05911692405730973,0.0,0.05911692405730973,1.820073346847784,1.820073346847784
2000-09-25,-0.02656323508365621,0.0,-0.02656323508365621,1.7717263106659695,1.7717263106659695
2000-09-26,-0.011399229956495782,0.0,-0.011399229956495782,1.7515299950307142,1.7515299950307142
2000-09-27,0.0013971447467671094,0.0,0.0013971447467671094,1.7539771359620764,1.7539771359620764
2000-09-28,0.022331315905572025,0.0,0.022331315905572025,1.793145753476396,1.793145753476396
2000-09-29,-0.03071691727066783,0.0,-0.03071691727066783,1.7380658437126122,1.7380658437126122
2000-10-02,-0.022534729909090667,0.0,-0.022534729909090667,1.6988989993603327,1.6988989993603327
2000-10-03,-0.03170078266953047,0.0,-0.03170078266953047,1.6450425714041281,1.6450425714041281
2000-10-04,0.01934539785277245,0.0,0.01934539785277245,1.6768665744326887,1.6768665744326887
2000-10-05,0.0029194469916657972,0.0,0.0029194469916657972,1.6817620975088412,1.6817620975088412
2000-10-06,-0.03347859784826612,0.0,-0.03347859784826612,1.6254590605698862,1.6254590605698862
2000-10-09,-0.004518486293455859,0.0,-0.004518486293455859,1.6181144460841275,1.6181144460841275
2000-10-10,-0.052193245212609374,0.0,-0.052193245212609374,1.533659802017593,1.533659802017593
2000-10-11,-0.01596246074679164,0.0,-0.01596246074679164,1.5091788176289551,1.5091788176289551
2000-10-12,-0.025141375000014676,0.0,-0.025141375000014676,1.4712359870328668,1.4712359870328668
2000-10-13,0.0815309177925927,0.0,0.0815309177925927,1.5911872073451474,1.5911872073451474
2000-10-16,0.009230947186158023,0.0,0.009230947186158023,1.6058753724194408,1.6058753724194408
2000-10-17,-0.045731918388907555,0.0,-0.045731918388907555,1.5324356109451984,1.5324356109451984
2000-10-18,-0.0031947184973969422,0.0,-0.0031947184973969422,1.527539910552842,1.527539910552842
2000-10-19,0.09054451658016993,0.0,0.09054451658016993,1.6658502733107652,1.6658502733107652
2000-10-20,0.014695895601822384,0.0,0.014695895601822384,1.6903314350156076,1.6903314350156076
2000-10-23,-0.0014486725659075272,0.0,-0.0014486725659075272,1.6878826982384094,1.6878826982384094
2000-10-24,-0.04278439403911416,0.0,-0.04278439403911416,1.615667659785174,1.615667659785174
2000-10-25,-0.056060127825625417,0.0,-0.056060127825625417,1.525093124253888,1.525093124253888
2000-10-26,0.025681143311576227,0.0,0.025681143311576227,1.5642592593413518,1.5642592593413518
2000-10-27,-0.0019566161932008663,0.0,-0.0019566161932008663,1.5611986043441601,1.5611986043441601
2000-10-30,-0.03704369601260793,0.0,-0.03704369601260793,1.5033660378295273,1.5033660378295273
2000-10-31,0.0643190905126847,0.0,0.0643190905126847,1.6000611740903807,1.6000611740903807
2000-11-01,-0.008605380476658708,0.0,-0.008605380476658708,1.5862920389014037,1.5862920389014037
2000-11-02,0.01234535195146047,0.0,0.01234535195146047,1.6058753724194414,1.6058753724194414
2000-11-03,0.01295690208305289,0.0,0.01295690208305289,1.6266825423774662,1.6266825423774662
2000-11-06,-0.007523838259550941,0.0,-0.007523838259550941,1.614443646028983,1.614443646028983
2000-11-07,-0.0037910418418244385,0.0,-0.0037910418418244385,1.6083232226156197,1.6083232226156197
2000-11-08,-0.07819660679698992,0.0,-0.07819660679698992,1.4825578039742784,1.4825578039742784
2000-11-09,-0.0002055950559591846,0.0,-0.0002055950559591846,1.4822529974196075,1.4822529974196075
2000-11-10,-0.052023972599872015,0.0,-0.052023972599872015,1.4051403080957716,1.4051403080957716
2000-11-13,0.0015248932770302037,0.0,0.0015248932770302037,1.407282997104871,1.407282997104871
2000-11-14,0.05544622345186023,0.0,0.05544622345186023,1.4853115246223514,1.4853115246223514
2000-11-15,0.020190348715580786,0.0,0.020190348715580786,1.5153004822557476,1.5153004822557476
2000-11-16,-0.05815865494825323,0.0,-0.05815865494825323,1.4271726443653139,1.4271726443653139
2000-11-17,-0.0006428332571413176,0.0,-0.0006428332571413176,1.4262552103258335,1.4262552103258335
2000-11-20,-0.04076479975712277,0.0,-0.04076479975712277,1.3681142022743478,1.3681142022743478
2000-11-21,-0.001565190343035483,0.0,-0.001565190343035483,1.3659728431367784,1.3659728431367784
2000-11-22,-0.0448028930895088,0.0,-0.0448028930895088,1.304773307882549,1.304773307882549
2000-11-24,0.05722356119593042,0.0,0.05722356119593042,1.3794370831129825,1.3794370831129825
2000-11-27,-0.012422212544405009,0.0,-0.012422212544405009,1.362301422474919,1.362301422474919
2000-11-28,-0.059074752179940515,0.0,-0.059074752179940515,1.2818238035478327,1.2818238035478327
2000-11-29,-0.03843414356674235,0.0,-0.03843414356674235,1.2325580034550074,1.2325580034550074
2000-11-30,0.0007449088008213423,0.0,0.0007449088008213423,1.2334761467593038,1.2334761467593038
2000-12-01,0.016125233230662284,0.0,0.016125233230662284,1.2533662373102563,1.2533662373102563
2000-12-04,0.015624802160277174,0.0,0.015624802160277174,1.2729498368026,1.2729498368026
2000-12-05,0.0875000800949215,0.0,0.0875000800949215,1.3843330494796446,1.3843330494796446
2000-12-06,-0.038019603456757256,0.0,-0.038019603456757256,1.331701255886345,1.331701255886345
2000-12-07,-0.022059182838971236,0.0,-0.022059182838971236,1.3023250143958605,1.3023250143958605
2000-12-08,0.022556766679408424,0.0,0.022556766679408424,1.331701255886345,1.331701255886345
2000-12-11,0.09375034535816651,0.0,0.09375034535816651,1.4565487085395938,1.4565487085395938
2000-12-12,-0.03655458563447134,0.0,-0.03655458563447134,1.4033051740425047,1.4033051740425047
2000-12-13,-0.04077632192356473,0.0,-0.04077632192356473,1.3460835505087434,1.3460835505087434
2000-12-14,-0.04887478380226118,0.0,-0.04887478380226118,1.2802940079978484,1.2802940079978484
2000-12-15,-0.02294471061542913,0.0,-0.02294471061542913,1.25091803248167,1.25091803248167
2000-12-18,0.001957126498312034,0.0,0.001957126498312034,1.2533662373102563,1.2533662373102563
2000-12-19,-0.07617198041320428,0.0,-0.07617198041320428,1.157894848831288,1.157894848831288
2000-12-20,-0.05734678710766572,0.0,-0.05734678710766572,1.0914932994422972,1.0914932994422972
2000-12-21,0.005887372734432406,0.0,0.005887372734432406,1.0979193273332495,1.0979193273332495
2000-12-22,0.07915255037955005,0.0,0.07915255037955005,1.1848224422026763,1.1848224422026763
2000-12-26,0.006198242286150402,0.0,0.006198242286150402,1.1921662587655169,1.1921662587655169
2000-12-27,0.011293704970177565,0.0,0.011293704970177565,1.2056302327674149,1.2056302327674149
2000-12-28,-0.002030349048695812,0.0,-0.002030349048695812,1.2031823825712367,1.2031823825712367
2000-12-29,-0.04984711190456559,0.0,-0.04984711190456559,1.1432072157056063,1.1432072157056063
2001-01-02,-0.08458287836110734,0.0,-0.08458287836110734,1.0465114588380389,1.0465114588380389
2001-01-03,0.1684213549402016,0.0,0.1684213549402016,1.2227663366959884,1.2227663366959884
2001-01-04,-0.018018290406056292,0.0,-0.018018290406056292,1.2007341777426506,1.2007341777426506
2001-01-05,-0.07645223810849,0.0,-0.07645223810849,1.1089353624808675,1.1089353624808675
2001-01-08,0.011037337869737485,0.0,0.011037337869737485,1.1211750567522687,1.1211750567522687
2001-01-09,0.0,0.0,0.0,1.1211750567522687,1.1211750567522687
2001-01-10,0.051309448094199794,0.0,0.051309448094199794,1.1787019301312107,1.1787019301312107
2001-01-11,0.029076304737563285,0.0,0.029076304737563285,1.2129742266464598,1.2129742266464598
2001-01-12,0.012865711477747732,0.0,0.012865711477747732,1.2285800030764373,1.2285800030764373
2001-01-16,-0.01195496678189667,0.0,-0.01195496678189667,1.213892369950756,1.213892369950756
2001-01-17,0.03050160248755507,0.0,0.03050160248755507,1.25091803248167,1.25091803248167
2001-01-18,0.042074605117800035,0.0,0.042074605117800035,1.3035499147330716,1.3035499147330716
2001-01-19,-0.0037560078271871022,0.0,-0.0037560078271871022,1.298653771050205,1.298653771050205
2001-01-22,0.0009424568159528413,0.0,0.0009424568159528413,1.2998776961482943,1.2998776961482943
2001-01-23,0.020950925783390195,0.0,0.020950925783390195,1.3271113372877814,1.3271113372877814
2001-01-24,-0.00945362130614158,0.0,-0.00945362130614158,1.3145653292739756,1.3145653292739756
2001-01-25,-0.039105755665018394,0.0,-0.039105755665018394,1.2631582587016832,1.2631582587016832
2001-01-26,0.01623005039051706,0.0,0.01623005039051706,1.2836593808916092,1.2836593808916092
2001-01-29,0.02216923272434923,0.0,0.02216923272434923,1.3121171244453893,1.3121171244453893
2001-01-30,-0.0037311458719249124,0.0,-0.0037311458719249124,1.3072214240530329,1.3072214240530329
2001-01-31,-0.036704069707782394,0.0,-0.036704069707782394,1.2592410777810839,1.2592410777810839
2001-02-01,0.013219285972122519,0.0,0.013219285972122519,1.2758873456961157,1.2758873456961157
2001-02-02,-0.05525721909872472,0.0,-0.05525721909872472,1.2053853590896952,1.2053853590896952
2001-02-05,-0.0008122310537342914,0.0,-0.0008122310537342914,1.2044063076693259,1.2044063076693259
2001-02-06,0.0016261506758783462,0.0,0.0016261506758783462,1.2063648538005745,1.2063648538005745
2001-02-07,-0.016234150634827138,0.0,-0.016234150634827138,1.1867805450434148,1.1867805450434148
2001-02-08,-0.029867916088078705,0.0,-0.029867916088078705,1.1513338833090938,1.1513338833090938
2001-02-09,-0.04065285187232659,0.0,-0.04065285187232659,1.1045288774953386,1.1045288774953386
2001-02-12,0.012056705026112668,0.0,0.012056705026112668,1.1178458563641231,1.1178458563641231
2001-02-13,-0.032060351023460165,0.0,-0.032060351023460165,1.0820073258189689,1.0820073258189689
2001-02-14,0.03981885355034365,0.0,0.03981885355034365,1.1250916170661533,1.1250916170661533
2001-02-15,0.016536344616003396,0.0,0.016536344616003396,1.1436965197705358,1.1436965197705358
2001-02-16,-0.05599361058176466,0.0,-0.05599361058176466,1.0796568222187848,1.0796568222187848
2001-02-20,-0.03881667206859196,0.0,-0.03881667206859196,1.0377481374041002,1.0377481374041002
2001-02-21,-0.028118786606506907,0.0,-0.028118786606506907,1.0085679189771344,1.0085679189771344
2001-02-22,-0.009708924768755067,0.0,-0.009708924768755067,0.9987758089276055,0.9987758089276055
2001-02-23,0.003529544288271236,0.0,0.003529544288271236,1.0023010323792694,1.0023010323792694
2001-02-26,0.018952452044578516,0.0,0.018952452044578516,1.0212970946296691,1.0212970946296691
2001-02-27,-0.0604021823514751,0.0,-0.0604021823514751,0.9596085212848161,0.9596085212848161
2001-02-28,-0.03163299641213202,0.0,-0.03163299641213202,0.9292532283739622,0.9292532283739622
2001-03-01,0.028450922937891754,0.0,0.028450922937891754,0.9556913403642169,0.9556913403642169
2001-03-02,-0.04303310492169643,0.0,-0.04303310492169643,0.9145649746415668,0.9145649746415668
2001-03-05,0.018201780810670032,0.0,0.018201780810670032,0.9312116858471087,0.9312116858471087
2001-03-06,0.03890644193186166,0.0,0.03890644193186166,0.9674418192287902,0.9674418192287902
2001-03-07,0.00040487343718664803,0.0,0.00040487343718664803,0.9678335107234195,0.9678335107234195
2001-03-08,-0.018615999494342006,0.0,-0.018615999494342006,0.9498163225771851,0.9498163225771851
2001-03-09,-0.07010319651862851,0.0,-0.07010319651862851,0.8832311622589556,0.8832311622589556
2001-03-12,-0.06208417886140993,0.0,-0.06208417886140993,0.8283964808052996,0.8283964808052996
2001-03-13,0.05082772172111327,0.0,0.05082772172111327,0.8705019866064209,0.8705019866064209
2001-03-14,-0.015748718763494707,0.0,-0.015748718763494707,0.8567926956362929,0.8567926956362929
2001-03-15,-0.036570744087676244,0.0,-0.036570744087676244,0.8254591492279878,0.8254591492279878
2001-03-16,-0.02253874593755567,0.0,-0.02253874593755567,0.8068543351817073,0.8068543351817073
2001-03-19,0.04999945059412747,0.0,0.04999945059412747,0.8471966086502827,0.8471966086502827
2001-03-20,-0.06726719724999719,0.0,-0.06726719724999719,0.7902080672666755,0.7902080672666755
2001-03-21,0.0,0.0,0.0,0.7902080672666755,0.7902080672666755
2001-03-22,0.06071873588435395,0.0,0.06071873588435395,0.8381885021967266,0.8381885021967266
2001-03-23,0.0,0.0,0.0,0.8381885021967266,0.8381885021967266
2001-03-26,-0.023130752820422984,0.0,-0.023130752820422984,0.8188005711354935,0.8188005711354935
2001-03-27,0.03444150469628826,0.0,0.03444150469628826,0.8470012948515802,0.8470012948515802
2001-03-28,-0.08208105264116483,0.0,-0.08208105264116483,0.7774785369817329,0.7774785369817329
2001-03-29,-0.018891824094733,0.0,-0.018891824094733,0.7627905492236436,0.7627905492236436
2001-03-30,0.0051352134166893215,0.0,0.0051352134166893215,0.7667076414861407,0.7667076414861407
2001-04-02,-0.04470008605543485,0.0,-0.04470008605543485,0.7324357439323507,0.7324357439323507
2001-04-03,-0.07326216539751396,0.0,-0.07326216539751396,0.6787759153173276,0.6787759153173276
2001-04-04,-0.0175988266621665,0.0,-0.0175988266621665,0.6668302556412046,0.6668302556412046
2001-04-05,0.09574095458825083,0.0,0.09574095458825083,0.7306732208646208,0.7306732208646208
2001-04-06,-0.036451257521184166,0.0,-0.036451257521184166,0.7040392631270515,0.7040392631270515
2001-04-09,0.030598246997141976,0.0,0.030598246997141976,0.7255816303958988,0.7255816303958988
2001-04-10,0.07422395926120617,0.0,0.07422395926120617,0.7794371717710836,0.7794371717710836
2001-04-11,0.030150620588491606,0.0,0.030150620588491606,0.8029376862097205,0.8029376862097205
2001-04-12,0.04390230598517331,0.0,0.04390230598517331,0.8381885021967267,0.8381885021967267
2001-04-16,-0.05958007722943759,0.0,-0.05958007722943759,0.7882491665030191,0.7882491665030191
2001-04-17,0.024845777479794773,0.0,0.024845777479794773,0.8078338298925868,0.8078338298925868
2001-04-18,0.10424167024079134,0.0,0.10424167024079134,0.8920437775976053,0.8920437775976053
2001-04-19,0.06037350262621821,0.0,0.06037350262621821,0.945899584947096,0.945899584947096
2001-04-20,0.002070095887448886,0.0,0.002070095887448886,0.9478576877878346,0.9478576877878346
2001-04-23,-0.06714820482011441,0.0,-0.06714820482011441,0.8842107456279371,0.8842107456279371
2001-04-24,-0.018826633003334425,0.0,-0.018826633003334425,0.8675640344223953,0.8675640344223953
2001-04-25,0.018058756719890212,0.0,0.018058756719890212,0.8832311622589558,0.8832311622589558
2001-04-26,-0.025498543697506704,0.0,-0.025498543697506704,0.8607100538730962,0.8607100538730962
2001-04-27,0.027303842506649634,0.0,0.027303842506649634,0.8842107456279371,0.8842107456279371
2001-04-30,0.022147912443918782,0.0,0.022147912443918782,0.9037941678040768,0.9037941678040768
2001-05-01,0.04117017285989055,0.0,0.04117017285989055,0.9410035299223316,0.9410035299223316
2001-05-02,0.019354999181729227,0.0,0.019354999181729227,0.9592166524739827,0.9592166524739827
2001-05-03,-0.04450814555278093,0.0,-0.04450814555278093,0.9165236980890193,0.9165236980890193
2001-05-04,0.0299147820817951,0.0,0.0299147820817951,0.9439413047901534,0.9439413047901534
2001-05-07,-0.02074691018103436,0.0,-0.02074691018103436,0.9243574393235037,0.9243574393235037
2001-05-08,0.021186463843448244,0.0,0.021186463843448244,0.9439413047901535,0.9439413047901535
2001-05-09,-0.034231857043446,0.0,-0.034231857043446,0.9116284409871731,0.9116284409871731
2001-05-10,-0.01675669488316922,0.0,-0.01675669488316922,0.8963525613547318,0.8963525613547318
2001-05-11,-0.0048070189598322655,0.0,-0.0048070189598322655,0.8920437775976054,0.8920437775976054
2001-05-14,-0.016026053866496248,0.0,-0.016026053866496248,0.8777478359665534,0.8777478359665534
2001-05-15,0.007363059635763003,0.0,0.007363059635763003,0.884210745627937,0.884210745627937
2001-05-16,0.04429652676430429,0.0,0.04429652676430429,0.9233782105869304,0.9233782105869304
2001-05-17,0.01590650679795358,0.0,0.01590650679795358,0.9380659323707136,0.9380659323707136
2001-05-18,0.0029225818713729534,0.0,0.0029225818713729534,0.9408075068588128,0.9408075068588128
2001-05-21,0.06265659696582127,0.0,0.06265659696582127,0.9997553036384845,0.9997553036384845
2001-05-22,-0.002938316546985842,0.0,-0.002938316546985842,0.9968177060868667,0.9968177060868667
2001-05-23,-0.044204546475347106,0.0,-0.044204546475347106,0.9527538314707009,0.9527538314707009
2001-05-24,0.025694135942682772,0.0,0.025694135942682772,0.977234017936421,0.977234017936421
2001-05-25,-0.01823678673288398,0.0,-0.01823678673288398,0.9594124095631952,0.9594124095631952
2001-05-29,-0.05858317425166937,0.0,-0.05858317425166937,0.9032069851945406,0.9032069851945406
2001-05-30,-0.03664313495451155,0.0,-0.03664313495451155,0.8701106497441995,0.8701106497441995
2001-05-31,0.006751729581120358,0.0,0.006751729581120358,0.8759854015569253,0.8759854015569253
2001-06-01,0.02951048273015644,0.0,0.02951048273015644,0.9018361536214401,0.9018361536214401
2001-06-04,-0.004777888309229539,0.0,-0.004777888309229539,0.8975272812062117,0.8975272812062117
2001-06-05,0.044076505023082024,0.0,0.044076505023082024,0.9370871469246504,0.9370871469246504
2001-06-06,-0.007732594944044102,0.0,-0.007732594944044102,0.9298410315902121,0.9298410315902121
2001-06-07,0.02569436406112846,0.0,0.02569436406112846,0.9537327055748663,0.9537327055748663
2001-06-08,-0.027720300670523,0.0,-0.027720300670523,0.9272949482170196,0.9272949482170196
2001-06-11,-0.027454904876308195,0.0,-0.027454904876308195,0.9018361536214402,0.9018361536214402
2001-06-12,-0.005429280007691606,0.0,-0.005429280007691606,0.8969398326223699,0.8969398326223699
2001-06-13,-0.027292415418253113,0.0,-0.027292415418253113,0.8724601781052618,0.8724601781052618
2001-06-14,-0.05162738484666829,0.0,-0.05162738484666829,0.8274173407268287,0.8274173407268287
2001-06-15,0.008284119152963232,0.0,0.008284119152963232,0.8342717645666378,0.8342717645666378
2001-06-18,-0.013380461975035285,0.0,-0.013380461975035285,0.8231088229440082,0.8231088229440082
2001-06-19,-0.004995972136816129,0.0,-0.004995972136816129,0.8189965941990124,0.8189965941990124
2001-06-20,0.022715620864769637,0.0,0.022715620864769637,0.8376006103223748,0.8376006103223748
2001-06-21,0.01356141961247892,0.0,0.01356141961247892,0.8489596636666249,0.8489596636666249
2001-06-22,-0.002306786645889014,0.0,-0.002306786645889014,0.8470012948515803,0.8470012948515803
2001-06-25,0.002543552048454245,0.0,0.002543552048454245,0.8491556867301434,0.8491556867301434
2001-06-26,0.0034587025569048357,0.0,0.0034587025569048357,0.8520926636750472,0.8520926636750472
2001-06-27,0.006435441238348272,0.0,0.006435441238348272,0.8575762559417557,0.8575762559417557
2001-06-28,0.012788582306739738,0.0,0.012788582306739738,0.8685434404751725,0.8685434404751725
2001-06-29,0.03043949456078865,0.0,0.03043949456078865,0.8949814638073252,0.8949814638073252
2001-07-02,-0.005470466780210792,0.0,-0.005470466780210792,0.8900854974406628,0.8900854974406628
2001-07-03,0.004180575023048805,0.0,0.004180575023048805,0.8938065666396412,0.8938065666396412
2001-07-05,-0.04798413410545399,0.0,-0.04798413410545399,0.8509180324816693,0.8509180324816693
2001-07-06,-0.04142722245126906,0.0,-0.04142722245126906,0.815666861862255,0.815666861862255
2001-07-09,0.008643456365170055,0.0,0.008643456365170055,0.8227170427912766,0.8227170427912766
2001-07-10,-0.035943127226644056,0.0,-0.035943127226644056,0.7931460194507013,0.7931460194507013
2001-07-11,0.01234535195146047,0.0,0.01234535195146047,0.8029376862097201,0.8029376862097201
2001-07-12,0.06341412299566618,0.0,0.06341412299566618,0.8538552754008789,0.8538552754008789
2001-07-13,-0.010320659271216948,0.0,-0.010320659271216948,0.8450429260365353,0.8450429260365353
2001-07-16,-0.018539932938011705,0.0,-0.018539932938011705,0.8293758868580767,0.8293758868580767
2001-07-17,0.022431665053763483,0.0,0.022431665053763483,0.8479801689557451,0.8479801689557451
2001-07-18,-0.038106206107724194,0.0,-0.038106206107724194,0.8156668618622547,0.8156668618622547
2001-07-19,0.023769314789700458,0.0,0.023769314789700458,0.8350547042653857,0.8350547042653857
2001-07-20,-0.02321745186764368,0.0,-0.02321745186764368,0.8156668618622547,0.8156668618622547
2001-07-23,-0.02496984012958936,0.0,-0.02496984012958936,0.7952997907225503,0.7952997907225503
2001-07-24,-0.011327237664531142,0.0,-0.011327237664531142,0.7862912409784841,0.7862912409784841
2001-07-25,0.008717861925673587,0.0,0.008717861925673587,0.7931460194507011,0.7931460194507011
2001-07-26,0.014814467053873681,0.0,0.014814467053873681,0.8048960550247646,0.8048960550247646
2001-07-27,0.020681153986296552,0.0,0.020681153986296552,0.8215422342816944,0.8215422342816944
2001-07-30,-0.005959698088008003,0.0,-0.005959698088008003,0.816646090598828,0.816646090598828
2001-07-31,0.0014390115320679353,0.0,0.0014390115320679353,0.8178212537408179,0.8178212537408179
2001-08-01,0.03208823864519017,0.0,0.03208823864519017,0.8440636972999619,0.8440636972999619
2001-08-02,0.018793468995901952,0.0,0.018793468995901952,0.8599265822257351,0.8599265822257351
2001-08-03,-0.016624504077950686,0.0,-0.016624504077950686,0.8456307292527853,0.8456307292527853
2001-08-06,-0.01574840298549718,0.0,-0.01574840298549718,0.8323133957515926,0.8323133957515926
2001-08-07,-0.005176450537393906,0.0,-0.005176450537393906,0.8280049666268741,0.8280049666268741
2001-08-08,-0.042099925219266865,0.0,-0.042099925219266865,0.7931460194507011,0.7931460194507011
2001-08-09,0.004196903238498972,0.0,0.004196903238498972,0.7964747765483363,0.7964747765483363
2001-08-10,-0.009589069762834024,0.0,-0.009589069762834024,0.7888373243516766,0.7888373243516766
2001-08-13,0.020357468108251675,0.0,0.020357468108251675,0.8048960550247645,0.8048960550247645
2001-08-14,-0.012165462449711728,0.0,-0.012165462449711728,0.7951041222914396,0.7951041222914396
2001-08-15,-0.03694573920358213,0.0,-0.03694573920358213,0.7657284127495669,0.7657284127495669
2001-08-16,0.011764332653418696,0.0,0.011764332653418696,0.7747366965193271,0.7747366965193271
2001-08-17,-0.04550049688298052,0.0,-0.04550049688298052,0.7394857918742188,0.7394857918742188
2001-08-20,0.013771463435892972,0.0,0.013771463435892972,0.749669593418377,0.749669593418377
2001-08-21,-0.04153629659957492,0.0,-0.04153629659957492,0.7185310948344685,0.7185310948344685
2001-08-22,0.027255664958195425,0.0,0.027255664958195425,0.7381151376173222,0.7381151376173222
2001-08-23,-0.00981699281873294,0.0,-0.00981699281873294,0.7308690666119348,0.7308690666119348
2001-08-24,0.05305451854908738,0.0,0.05305451854908738,0.7696449730634519,0.7696449730634519
2001-08-27,0.001272312261945352,0.0,0.001272312261945352,0.7706242018000251,0.7706242018000251
2001-08-28,-0.03125772972898344,0.0,-0.03125772972898344,0.7465362387775464,0.7465362387775464
2001-08-29,-0.014690700376882582,0.0,-0.014690700376882582,0.7355690985731805,0.7355690985731805
2001-08-30,-0.037007513896951894,0.0,-0.037007513896951894,0.7083475149355651,0.7083475149355651
2001-08-31,0.012718386348043786,0.0,0.012718386348043786,0.7173565522991924,0.7173565522991924
2001-09-04,-0.03166858004597306,0.0,-0.03166858004597306,0.6946388889012022,0.6946388889012022
2001-09-05,-0.003946889801315412,0.0,-0.003946889801315412,0.6918972257550009,0.6918972257550009
2001-09-06,-0.040475424090856804,0.0,-0.040475424090856804,0.66389239211528,0.66389239211528
2001-09-07,-0.005899991206201327,0.0,-0.005899991206201327,0.6599754328399359,0.6599754328399359
2001-09-10,0.011869410889312926,0.0,0.011869410889312926,0.6678089524291653,0.6678089524291653
2001-09-17,-0.08504392519921422,0.0,-0.08504392519921422,0.6110158578314138,0.6110158578314138
2001-09-18,-0.022436011841280856,0.0,-0.022436011841280856,0.5973070988098977,0.5973070988098977
2001-09-19,-0.01737688537235882,0.0,-0.01737688537235882,0.586927761821782,0.586927761821782
2001-09-20,-0.03336651246264133,0.0,-0.03336651246264133,0.5673440293422853,0.5673440293422853
2001-09-21,-0.026924468315353334,0.0,-0.026924468315353334,0.552068593000354,0.552068593000354
2001-09-24,0.05037242214834614,0.0,0.05037242214834614,0.5798776252218114,0.5798776252218114
2001-09-25,0.0030396270681380955,0.0,0.0030396270681380955,0.5816402369476432,0.5816402369476432
2001-09-26,-0.034680281308427485,0.0,-0.034680281308427485,0.5614687899099985,0.5614687899099985
2001-09-27,-0.006627225961166827,0.0,-0.006627225961166827,0.557747809369122,0.557747809369122
2001-09-28,0.017556439587909534,0.0,0.017556439587909534,0.5675398750895999,0.5675398750895999
2001-10-01,-0.008626413040557779,0.0,-0.008626413040557779,0.5626440417100904,0.5626440417100904
2001-10-02,0.0031318630886325582,0.0,0.0031318630886325582,0.5644061658163613,0.5644061658163613
2001-10-03,0.0756424893239156,0.0,0.0756424893239156,0.6070992531884775,0.6070992531884775
2001-10-04,0.009676975830597456,0.0,0.009676975830597456,0.6129741379883561,0.6129741379883561
2001-10-05,0.014696893653518783,0.0,0.014696893653518783,0.6219829537067283,0.6219829537067283
2001-10-08,0.003148589207105479,0.0,0.003148589207105479,0.6239413225217729,0.6239413225217729
2001-10-09,-0.024168354265623027,0.0,-0.024168354265623027,0.6088616875981053,0.6088616875981053
2001-10-10,0.04535222262403282,0.0,0.04535222262403282,0.6364749184012989,0.6364749184012989
2001-10-11,0.06769253635125416,0.0,0.06769253635125416,0.6795595199518404,0.6795595199518404
2001-10-12,-0.0043228617868189545,0.0,-0.0043228617868189545,0.6766218780711716,0.6766218780711716
2001-10-15,-0.0043413679924725335,0.0,-0.0043413679924725335,0.6736844135067067,0.6736844135067067
2001-10-16,0.01627881742858306,0.0,0.01627881742858306,0.6846511990786645,0.6846511990786645
2001-10-17,-0.0717963616379208,0.0,-0.0717963616379208,0.6354957339937766,0.6354957339937766
2001-10-18,0.027118261006042532,0.0,0.027118261006042532,0.6527292731764464,0.6527292731764464
2001-10-19,0.006600773030836171,0.0,0.006600773030836171,0.6570377909592667,0.6570377909592667
2001-10-22,0.026825966801811818,0.0,0.026825966801811818,0.6746634649270757,0.6746634649270757
2001-10-23,0.005224632728017653,0.0,0.005224632728017653,0.6781883337463316,0.6781883337463316
2001-10-24,0.0216570944467529,0.0,0.0216570944467529,0.6928759225429618,0.6928759225429618
2001-10-25,0.04013623547611722,0.0,0.04013623547611722,0.720685353725878,0.720685353725878
2001-10-26,-0.02146764187229988,0.0,-0.02146764187229988,0.7052139386494791,0.7052139386494791
2001-10-29,-0.05470619760937123,0.0,-0.05470619760937123,0.6666343655648377,0.6666343655648377
2001-10-30,-0.01938980143923008,0.0,-0.01938980143923008,0.6537084575839683,0.6537084575839683
2001-10-31,0.015578710070464519,0.0,0.015578710070464519,0.6638923921152795,0.6638923921152795
2001-11-01,0.04247792018716301,0.0,0.04247792018716301,0.6920931601604171,0.6920931601604171
2001-11-02,0.007356735238491563,0.0,0.007356735238491563,0.6971847063000882,0.6971847063000882
2001-11-05,0.032584474700031674,0.0,0.032584474700031674,0.7199021037237725,0.7199021037237725
2001-11-06,0.038900953093363055,0.0,0.038900953093363055,0.7479069816925443,0.7479069816925443
2001-11-07,-0.0013097663118004643,0.0,-0.0013097663118004643,0.746927398323563,0.746927398323563
2001-11-08,-0.01022516005411167,0.0,-0.01022516005411167,0.7392899461269034,0.7392899461269034
2001-11-09,-0.0005298212111247702,0.0,-0.0005298212111247702,0.738898254632274,0.738898254632274
2001-11-12,0.007156137977241794,0.0,0.007156137977241794,0.7441859124935657,0.7441859124935657
2001-11-13,0.03578974455809192,0.0,0.03578974455809192,0.770820136205441,0.770820136205441
2001-11-14,0.007113511150983909,0.0,0.007113511150983909,0.7763033738397414,0.7763033738397414
2001-11-15,-0.004036021779899257,0.0,-0.004036021779899257,0.7731701965151149,0.7731701965151149
2001-11-16,-0.002785980701097923,0.0,-0.002785980701097923,0.7710161592689597,0.7710161592689597
2001-11-19,0.028447730359911105,0.0,0.028447730359911105,0.7929498190709774,0.7929498190709774
2001-11-20,-0.046184737833253386,0.0,-0.046184737833253386,0.7563276395622586,0.7563276395622586
2001-11-21,-0.005177922208083996,0.0,-0.005177922208083996,0.7524114338807814,0.7524114338807814
2001-11-23,0.02238418092010952,0.0,0.02238418092010952,0.7692535475431278,0.7692535475431278
2001-11-26,0.02469357342654921,0.0,0.02469357342654921,0.7882491665030175,0.7882491665030175
2001-11-27,-0.0012414959272342152,0.0,-0.0012414959272342152,0.7872705583731582,0.7872705583731582
2001-11-28,-0.03606987010702545,0.0,-0.03606987010702545,0.7588738115935529,0.7588738115935529
2001-11-29,0.030967618172629052,0.0,0.030967618172629052,0.7823743260321897,0.7823743260321897
2001-11-30,-0.007508762697284621,0.0,-0.007508762697284621,0.776499662877566,0.776499662877566
2001-12-03,-0.01715058331119257,0.0,-0.01715058331119257,0.7631822407182713,0.7631822407182713
2001-12-04,0.047729535382166954,0.0,0.047729535382166954,0.7996085744796755,0.7996085744796755
2001-12-05,0.04947171048539345,0.0,0.04947171048539345,0.8391665783779721,0.8391665783779721
2001-12-06,0.0014019779193232829,0.0,0.0014019779193232829,0.8403430713914921,0.8403430713914921
2001-12-07,-0.027499905311712314,0.0,-0.027499905311712314,0.8172337164988726,0.8172337164988726
2001-12-10,-0.01749319686710904,0.0,-0.01749319686710904,0.8029376862097186,0.8029376862097186
2001-12-11,0.005609302336879951,0.0,0.005609302336879951,0.8074416064493438,0.8074416064493438
2001-12-12,0.008004401712723874,0.0,0.008004401712723874,0.8139046934269315,0.8139046934269315
2001-12-13,-0.043311068539103936,0.0,-0.043311068539103936,0.7786536114656193,0.7786536114656193
2001-12-14,0.008802576350479763,0.0,0.008802576350479763,0.7855077693311222,0.7855077693311222
2001-12-17,0.017203000553275283,0.0,0.017203000553275283,0.7990208599215275,0.7990208599215275
2001-12-18,0.011274264389977251,0.0,0.011274264389977251,0.8080292323493897,0.8080292323493897
2001-12-19,-0.018177764474667124,0.0,-0.018177764474667124,0.7933410672750965,0.7933410672750965
2001-12-20,-0.04245802564056722,0.0,-0.04245802564056722,0.7596573718990155,0.7596573718990155
2001-12-21,0.017788051713787167,0.0,0.017788051713787167,0.7731701965151149,0.7731701965151149
2001-12-24,-0.0040526065993663485,0.0,-0.0040526065993663485,0.7700368418742843,0.7700368418742843
2001-12-26,0.009409858884930067,0.0,0.009409858884930067,0.7772827798925186,0.7772827798925186
2001-12-27,0.008062214660699896,0.0,0.008062214660699896,0.7835494005160776,0.7835494005160776
2001-12-28,0.007998414098770557,0.0,0.007998414098770557,0.7898165530882486,0.7898165530882486
2001-12-31,-0.03520993165454467,0.0,-0.03520993165454467,0.7620071662343834,0.7620071662343834
2002-01-02,0.030840396439933748,0.0,0.030840396439933748,0.7855077693311222,0.7855077693311222
2002-01-03,0.03465498626066954,0.0,0.03465498626066954,0.8127295302849414,0.8127295302849414
2002-01-04,0.00409632019520445,0.0,0.00409632019520445,0.8160587306730867,0.8160587306730867
2002-01-07,-0.011039638075001745,0.0,-0.011039638075001745,0.8070497376385104,0.8070497376385104
2002-01-08,0.0067948347259962905,0.0,0.0067948347259962905,0.8125335072214227,0.8125335072214227
2002-01-09,-0.009158959003674583,0.0,-0.009158959003674583,0.8050915461396697,0.8050915461396697
2002-01-10,0.006568102548030419,0.0,0.006568102548030419,0.8103794699752674,0.8103794699752674
2002-01-11,-0.01280816007787755,0.0,-0.01280816007787755,0.7999999999999986,0.7999999999999986
2002-01-14,-0.02178717445299061,0.0,-0.02178717445299061,0.7825702604376061,0.7825702604376061
2002-01-15,0.009509526236646915,0.0,0.009509526236646915,0.7900121328612572,0.7900121328612572
2002-01-16,-0.03867117237429041,0.0,-0.03867117237429041,0.7594614374935986,0.7594614374935986
2002-01-17,0.02243461556151849,0.0,0.02243461556151849,0.7764996628775657,0.7764996628775657
2002-01-18,-0.026734682436588275,0.0,-0.026734682436588275,0.755740190978416,0.755740190978416
2002-01-22,-0.030836585541250794,0.0,-0.030836585541250794,0.7324357439323489,0.7324357439323489
2002-01-23,0.02753974334586773,0.0,0.02753974334586773,0.7526068363375855,0.7526068363375855
2002-01-24,0.013270793381495949,0.0,0.013270793381495949,0.7625945261601229,0.7625945261601229
2002-01-25,-0.002824849233060034,0.0,-0.002824849233060034,0.7604403115977637,0.7604403115977637
2002-01-28,0.005665936399228411,0.0,0.005665936399228411,0.764748918038686,0.764748918038686
2002-01-29,-0.027400638153747936,0.0,-0.027400638153747936,0.7437943096570377,0.7437943096570377
2002-01-30,0.007635645073084563,0.0,0.007635645073084563,0.7494736590129588,0.7494736590129588
2002-01-31,0.006270755390028304,0.0,0.006270755390028304,0.7541734249998986,0.7541734249998986
2002-02-01,-0.009607905073474643,0.0,-0.009607905073474643,0.7469273983235624,0.7469273983235624
2002-02-04,-0.03198749834862691,0.0,-0.03198749834862691,0.7230350594031432,0.7230350594031432
2002-02-05,-0.016521427090799734,0.0,-0.016521427090799734,0.7110894883851221,0.7110894883851221
2002-02-06,-0.006884788022214372,0.0,-0.006884788022214372,0.7061937879927657,0.7061937879927657
2002-02-07,-0.024126715662981302,0.0,-0.024126715662981302,0.6891556512669005,0.6891556512669005
2002-02-08,0.02784837305386989,0.0,0.02784837305386989,0.7083475149355638,0.7083475149355638
2002-02-11,0.012718386348043786,0.0,0.012718386348043786,0.717356552299191,0.717356552299191
2002-02-12,-0.008190433416563003,0.0,-0.008190433416563003,0.7114810912216494,0.7114810912216494
2002-02-13,0.01706548711912448,0.0,0.01706548711912448,0.723622862619393,0.723622862619393
2002-02-14,-0.0018941555438630742,0.0,-0.0018941555438630742,0.7222522083624964,0.7222522083624964
2002-02-15,-0.029826593384376543,0.0,-0.029826593384376543,0.7007098854227002,0.7007098854227002
2002-02-19,-0.030743632588902114,0.0,-0.030743632588902114,0.679167518153853,0.679167518153853
2002-02-20,0.013552662977101892,0.0,0.013552662977101892,0.6883720466323869,0.6883720466323869
2002-02-21,-0.04751051424882036,0.0,-0.04751051424882036,0.6556671367023693,0.6556671367023693
2002-02-22,0.005077644632214495,0.0,0.005077644632214495,0.6589963814195655,0.6589963814195655
2002-02-25,0.04041661195575186,0.0,0.04041661195575186,0.6856307824476447,0.6856307824476447
2002-02-26,-0.003713943045933754,0.0,-0.003713943045933754,0.6830843887710952,0.6830843887710952
2002-02-27,-0.013761074647454019,0.0,-0.013761074647454019,0.6736844135067057,0.6736844135067057
2002-02-28,-0.01802352869647006,0.0,-0.01802352869647006,0.661542243147503,0.661542243147503
2002-03-01,0.05802245285556351,0.0,0.05802245285556351,0.6999265467624927,0.6999265467624927
2002-03-04,0.039451929029088006,0.0,0.039451929029088006,0.7275399992109411,0.7275399992109411
2002-03-05,0.00726706653842113,0.0,0.00726706653842113,0.7328270807945699,0.7328270807945699
2002-03-06,0.00481086718465451,0.0,0.00481086718465451,0.7363526145495907,0.7363526145495907
2002-03-07,0.0021273775270960193,0.0,0.0021273775270960193,0.7379191145538019,0.7379191145538019
2002-03-08,0.026274029219530926,0.0,0.026274029219530926,0.7573072229312389,0.7573072229312389
2002-03-11,-0.003619927407115364,0.0,-0.003619927407115364,0.7545658257593436,0.7545658257593436
2002-03-12,-0.013756140168862174,0.0,-0.013756140168862174,0.7441859124935648,0.7441859124935648
2002-03-13,-0.024210064826954425,0.0,-0.024210064826954425,0.7261691233087894,0.7261691233087894
2002-03-14,-0.005932849070866442,0.0,-0.005932849070866442,0.7218608715002749,0.7218608715002749
2002-03-15,0.01003779810661265,0.0,0.01003779810661265,0.7291067651894582,0.7291067651894582
2002-03-18,0.005640577722982876,0.0,0.005640577722982876,0.7332193485668619,0.7332193485668619
2002-03-19,-0.0016028652304239666,0.0,-0.0016028652304239666,0.73204409676677,0.73204409676677
2002-03-20,-0.03531250219512472,0.0,-0.03531250219512472,0.7061937879927653,0.7061937879927653
2002-03-21,0.02662214556251752,0.0,0.02662214556251752,0.7249941818120543,0.7249941818120543
2002-03-22,-0.009184686213835724,0.0,-0.009184686213835724,0.718335337745254,0.718335337745254
2002-03-25,-0.03053413539276273,0.0,-0.03053413539276273,0.6964015892851345,0.6964015892851345
2002-03-26,0.009279671115347998,0.0,0.009279671115347998,0.7028639669979062,0.7028639669979062
2002-03-27,-0.007801089406485051,0.0,-0.007801089406485051,0.6973808623507588,0.6973808623507588
2002-03-28,0.012637177355712792,0.0,0.012637177355712792,0.7061937879927652,0.7061937879927652
2002-04-01,0.019133533307529982,0.0,0.019133533307529982,0.7197057703568955,0.7197057703568955
2002-04-02,-0.04516932089633274,0.0,-0.04516932089633274,0.6871971494647026,0.6871971494647026
2002-04-03,-0.001709952500244305,0.0,-0.001709952500244305,0.6860220749808147,0.6860220749808147
2002-04-04,-0.007708160360286653,0.0,-0.007708160360286653,0.680734106816166,0.680734106816166
2002-04-05,-0.011219825912187176,0.0,-0.011219825912187176,0.6730963886452004,0.6730963886452004
2002-04-08,0.012510988473989793,0.0,0.012510988473989793,0.6815174898054246,0.6815174898054246
2002-04-09,-0.03476973551553719,0.0,-0.03476973551553719,0.6578213069356772,0.6578213069356772
2002-04-10,0.007442093093652513,0.0,0.007442093093652513,0.6627168743408807,0.6627168743408807
2002-04-11,-0.024822365567231164,0.0,-0.024822365567231164,0.6462666738184185,0.6462666738184185
2002-04-12,0.01575789369423597,0.0,0.01575789369423597,0.6564504753625766,0.6564504753625766
2002-04-15,0.008054787682603592,0.0,0.008054787682603592,0.6617380445657663,0.6617380445657663
2002-04-16,0.04172840802944089,0.0,0.04172840802944089,0.689351319698011,0.689351319698011
2002-04-17,-0.0051133126441246235,0.0,-0.0051133126441246235,0.6858264508787552,0.6858264508787552
2002-04-18,-0.019132567319644966,0.0,-0.019132567319644966,0.6727048301377242,0.6727048301377242
2002-04-19,0.003202515357398461,0.0,0.003202515357398461,0.6748591776872364,0.6748591776872364
2002-04-22,-0.025246557081654353,0.0,-0.025246557081654353,0.6578213069356772,0.6578213069356772
2002-04-23,-0.01726741883895344,0.0,-0.01726741883895344,0.6464624309076311,0.6464624309076311
2002-04-24,-0.015449486356556075,0.0,-0.015449486356556075,0.6364749184012976,0.6364749184012976
2002-04-25,-0.0024619089447500686,0.0,-0.0024619089447500686,0.6349079751065764,0.6349079751065764
2002-04-26,-0.0425660368189722,0.0,-0.0425660368189722,0.6078824588615308,0.6078824588615308
2002-04-29,0.0025772701573745227,0.0,0.0025772701573745227,0.6094491361819461,0.6094491361819461
2002-04-30,0.019601331102657715,0.0,0.019601331102657715,0.6213951504904771,0.6213951504904771
2002-05-01,-0.005357479419360489,0.0,-0.005357479419360489,0.618066038760434,0.618066038760434
2002-05-02,-0.0332695579603528,0.0,-0.0332695579603528,0.5975032548605681,0.5975032548605681
2002-05-03,-0.025237819426167873,0.0,-0.025237819426167873,0.5824235756078495,0.5824235756078495
2002-05-06,-0.025891029994497883,0.0,-0.025891029994497883,0.567344029342284,0.567344029342284
2002-05-07,-0.009319864014995516,0.0,-0.009319864014995516,0.5620564601390943,0.5620564601390943
2002-05-08,0.1069683473471097,0.0,0.1069683473471097,0.6221787107959398,0.6221787107959398
2002-05-09,-0.025810550447145975,0.0,-0.025810550447145975,0.606119935793801,0.606119935793801
2002-05-10,-0.04491128959653112,0.0,-0.04491128959653112,0.5788983078271347,0.5788983078271347
2002-05-13,0.04059531432367791,0.0,0.04059531432367791,0.6023988665948224,0.6023988665948224
2002-05-14,0.058843099368861784,0.0,0.058843099368861784,0.6378458829615513,0.6378458829615513
2002-05-15,0.007368948725791302,0.0,0.007368948725791302,0.642546136568052,0.642546136568052
2002-05-16,0.0015231541087286082,0.0,0.0015231541087286082,0.6435248333560134,0.6435248333560134
2002-05-17,0.00213067438175929,0.0,0.00213067438175929,0.644895975232471,0.644895975232471
2002-05-20,-0.021864827376483986,0.0,-0.021864827376483986,0.6307954360582237,0.6307954360582237
2002-05-21,-0.02732025926076631,0.0,-0.02732025926076631,0.6135619412046049,0.6135619412046049
2002-05-22,0.002233929722247119,0.0,0.002233929722247119,0.6149325954615016,0.6149325954615016
2002-05-23,0.020063365051903093,0.0,0.020063365051903093,0.6272702126065599,0.6272702126065599
2002-05-24,-0.02466396693954387,0.0,-0.02466396693954387,0.611799240820671,0.611799240820671
2002-05-28,-0.004481311782151831,0.0,-0.004481311782151831,0.6090575776744699,0.6090575776744699
2002-05-29,-0.02636652307061671,0.0,-0.02636652307061671,0.5929988470013821,0.5929988470013821
2002-05-30,0.008586546398403394,0.0,0.008586546398403394,0.5980906591153592,0.5980906591153592
2002-05-31,-0.016371987397041377,0.0,-0.016371987397041377,0.5882987263820344,0.5882987263820344
2002-06-03,-0.03528624211053455,0.0,-0.03528624211053455,0.5675398750895988,0.5675398750895988
2002-06-04,0.013112354025123008,0.0,0.013112354025123008,0.5749816588551477,0.5749816588551477
2002-06-05,0.010217825256862323,0.0,0.010217825256862323,0.5808567209712304,0.5808567209712304
2002-06-06,-0.026297808864440775,0.0,-0.026297808864440775,0.5655814619455032,0.5655814619455032
2002-06-07,-0.020083301531526376,0.0,-0.020083301531526376,0.5542227189046102,0.5542227189046102
2002-06-10,-0.001766290698351547,0.0,-0.001766290698351547,0.5532438004713939,0.5532438004713939
2002-06-11,-0.027965234096469227,0.0,-0.027965234096469227,0.537772208078791,0.537772208078791
2002-06-12,0.01456702506526053,0.0,0.01456702506526053,0.5456059493132752,0.5456059493132752
2002-06-13,-0.006461278719931407,0.0,-0.006461278719931407,0.5420806372035094,0.5420806372035094
2002-06-14,-0.0021677115972079664,0.0,-0.0021677115972079664,0.5409055627196214,0.5409055627196214
2002-06-17,0.03403360876232653,0.0,0.03403360876232653,0.5593145310185871,0.5593145310185871
2002-06-18,0.016106490308255283,0.0,0.016106490308255283,0.5683231250917044,0.5683231250917044
2002-06-19,-0.05789108850730895,0.0,-0.05789108850730895,0.5354222807562701,0.5354222807562701
2002-06-20,-0.03218764532704399,0.0,-0.03218764532704399,0.5181882982830903,0.5181882982830903
2002-06-21,-0.02418699651236611,0.0,-0.02418699651236611,0.5056548797197683,0.5056548797197683
2002-06-24,0.01975190172993413,0.0,0.01975190172993413,0.5156425252132548,0.5156425252132548
2002-06-25,-0.033042106202477606,0.0,-0.033042106202477606,0.49860461013264473,0.49860461013264473
2002-06-26,0.007462610267050307,0.0,0.007462610267050307,0.5023255020154193,0.5023255020154193
2002-06-27,0.021832030283067683,0.0,0.021832030283067683,0.5132922875873771,0.5132922875873771
2002-06-28,-0.004196339279082917,0.0,-0.004196339279082917,0.5111383389993238,0.5111383389993238
2002-07-01,-0.04789259835827431,0.0,-0.04789259835827431,0.48665859582411375,0.48665859582411375
2002-07-02,-0.036217647833612476,0.0,-0.036217647833612476,0.46903296618535567,0.46903296618535567
2002-07-03,0.03340332546587366,0.0,0.03340332546587366,0.48470022700906923,0.48470022700906923
2002-07-05,0.06424206595413406,0.0,0.06424206595413406,0.5158383709605696,0.5158383709605696
2002-07-08,-0.0364459442365177,0.0,-0.0364459442365177,0.49703815445748456,0.49703815445748456
2002-07-09,-0.028369217487315468,0.0,-0.028369217487315468,0.48293757095418627,0.48293757095418627
2002-07-10,-0.030819373767082325,0.0,-0.030819373767082325,0.46805373744878237,0.46805373744878237
2002-07-11,0.03765708842904991,0.0,0.03765708842904991,0.4856792784294385,0.4856792784294385
2002-07-12,0.0,0.0,0.0,0.4856792784294385,0.4856792784294385
2002-07-15,0.03104836243853959,0.0,0.03104836243853959,0.5007588246950041,0.5007588246950041
2002-07-16,-0.014861102246440772,0.0,-0.014861102246440772,0.4933169966004041,0.4933169966004041
2002-07-17,0.018261088665291414,0.0,0.018261088665291414,0.5023255020154194,0.5023255020154194
2002-07-18,-0.035867644391927245,0.0,-0.035867644391927245,0.48430826954013395,0.48430826954013395
2002-07-19,-0.029922559577758134,0.0,-0.029922559577758134,0.46981652649081834,0.46981652649081834
2002-07-22,-0.024594020845998377,0.0,-0.024594020845998377,0.4582618490445086,0.4582618490445086
2002-07-23,-0.042734905489908215,0.0,-0.042734905489908215,0.43867807223596095,0.43867807223596095
2002-07-24,0.05446399789813006,0.0,0.05446399789813006,0.4625702338401761,0.4625702338401761
2002-07-25,-0.05800129047430436,0.0,-0.05800129047430436,0.43574056334244515,0.43574056334244515
2002-07-26,0.018875988282024192,0.0,0.018875988282024192,0.44396559711009975,0.44396559711009975
2002-07-29,0.05116907461626696,0.0,0.05116907461626696,0.46668290587568195,0.46668290587568195
2002-07-30,0.020143053102107178,0.0,0.020143053102107178,0.4760833244305815,0.4760833244305815
2002-07-31,-0.018922584761911332,0.0,-0.018922584761911332,0.46707459737031126,0.46707459737031126
2002-08-01,-0.046959935120986174,0.0,-0.046959935120986174,0.4451408045811407,0.4451408045811407
2002-08-02,-0.02111745573974233,0.0,-0.02111745573974233,0.43574056334244515,0.43574056334244515
2002-08-05,-0.036404730813320185,0.0,-0.036404730813320185,0.41987754542951894,0.41987754542951894
2002-08-06,0.04944035671221969,0.0,0.04944035671221969,0.4406364410510056,0.4406364410510056
2002-08-07,0.013333228706914113,0.0,0.013333228706914113,0.4465115474961393,0.4465115474961393
2002-08-08,0.03377200585108486,0.0,0.03377200585108486,0.46159113809075586,0.46159113809075586
2002-08-09,-0.010182720634416942,0.0,-0.010182720634416942,0.45689088448425513,0.45689088448425513
2002-08-12,0.0030006388982812826,0.0,0.0030006388982812826,0.45826184904450873,0.45826184904450873
2002-08-13,-0.03418786635211668,0.0,-0.03418786635211668,0.4425948541951012,0.4425948541951012
2002-08-14,0.0637168909169159,0.0,0.0637168909169159,0.47079562224023874,0.47079562224023874
2002-08-15,0.020382043140062756,0.0,0.020382043140062756,0.48039139892289195,0.48039139892289195
2002-08-16,0.006930829109279335,0.0,0.006930829109279335,0.4837209096143942,0.4837209096143942
2002-08-19,0.0242911232461136,0.0,0.0242911232461136,0.4954710338465596,0.4954710338465596
2002-08-20,-0.004347453431197579,0.0,-0.004347453431197579,0.49331699660040434,0.49331699660040434
2002-08-21,0.02223106636045058,0.0,0.02223106636045058,0.5042839594885661,0.5042839594885661
2002-08-22,0.015922397519322562,0.0,0.015922397519322562,0.512313369154161,0.512313369154161
2002-08-23,-0.038608531566470594,0.0,-0.038608531566470594,0.4925337022692477,0.4925337022692477
2002-08-26,0.0039758412853159175,0.0,0.0039758412853159175,0.49449193809713926,0.49449193809713926
2002-08-27,-0.03485127024747847,0.0,-0.03485127024747847,0.47725826592731646,0.47725826592731646
2002-08-28,-0.036520468010072915,0.0,-0.036520468010072915,0.45982857069397504,0.45982857069397504
2002-08-29,0.013202835224848997,0.0,0.013202835224848997,0.4658996115445254,0.4658996115445254
2002-08-30,-0.012609860543676854,0.0,-0.012609860543676854,0.46002468241559574,0.46002468241559574
2002-09-03,-0.03618598276906604,0.0,-0.03618598276906604,0.4433782371843599,0.4433782371843599
2002-09-04,0.0039753132855007145,0.0,0.0039753132855007145,0.4451408045811408,0.4451408045811408
2002-09-05,-0.024637064891144367,0.0,-0.024637064891144367,0.434173841692979,0.434173841692979
2002-09-06,0.030671793028239414,0.0,0.030671793028239414,0.4474907319036617,0.4474907319036617
2002-09-09,0.010065528114561628,0.0,0.010065528114561628,0.4519949624466437,0.4519949624466437
2002-09-10,0.024696950676516005,0.0,0.024696950676516005,0.46315785974022217,0.46315785974022217
2002-09-11,-0.00845649753894917,0.0,-0.00845649753894917,0.459241166439184,0.459241166439184
2002-09-12,-0.027292934706226624,0.0,-0.027292934706226624,0.446707127269148,0.446707127269148
2002-09-13,0.007892171874494425,0.0,0.007892171874494425,0.45023261669511777,0.45023261669511777
2002-09-16,-0.014354502745208886,0.0,-0.014354502745208886,0.4437697513627851,0.4437697513627851
2002-09-17,-0.021182299815669325,0.0,-0.021182299815669325,0.4343696874402936,0.4343696874402936
2002-09-18,-0.011270917062048413,0.0,-0.011270917062048413,0.4294739427188861,0.4294739427188861
2002-09-19,-0.015960252336886582,0.0,-0.015960252336886582,0.42261943022097515,0.42261943022097515
2002-09-20,0.004169739104166403,0.0,0.004169739104166403,0.4243816429853481,0.4243816429853481
2002-09-23,-0.029995373660239077,0.0,-0.029995373660239077,0.4116521570294564,0.4116521570294564
2002-09-24,0.0004759707973609473,0.0,0.0004759707973609473,0.41184809143487305,0.41184809143487305
2002-09-25,0.03994304414390992,0.0,0.03994304414390992,0.42829855793164123,0.42829855793164123
2002-09-26,-0.012345625345497102,0.0,-0.012345625345497102,0.4230109443994005,0.4230109443994005
2002-09-27,-0.013425696058128045,0.0,-0.013425696058128045,0.41733172803063245,0.41733172803063245
2002-09-30,-0.02768682084808949,0.0,-0.02768682084808949,0.4057771392424247,0.4057771392424247
2002-10-01,0.060810911197943796,0.0,0.060810911197943796,0.4304528168230515,0.4304528168230515
2002-10-02,-0.03321181413741969,0.0,-0.03321181413741969,0.4161566978757955,0.4161566978757955
2002-10-03,-0.024000681728608142,0.0,-0.024000681728608142,0.40616865342085,0.40616865342085
2002-10-04,-0.01880321097192672,0.0,-0.01880321097192672,0.3985313785403944,0.3985313785403944
2002-10-07,-0.009336731663399767,0.0,-0.009336731663399767,0.39481039799951795,0.39481039799951795
2002-10-08,0.001984088221021363,0.0,0.001984088221021363,0.3955937366597255,0.3955937366597255
2002-10-09,-0.006930501906706077,0.0,-0.006930501906706077,0.3928520735135243,0.3928520735135243
2002-10-10,0.050846964195382593,0.0,0.050846964195382593,0.41282740882954827,0.41282740882954827
2002-10-11,0.05407935490050453,0.0,0.05407935490050453,0.4351528487842971,0.4351528487842971
2002-10-14,0.011701509286577316,0.0,0.011701509286577316,0.44024479388542714,0.44024479388542714
2002-10-15,0.04804258619698354,0.0,0.04804258619698354,0.461395292343441,0.461395292343441
2002-10-16,-0.03310637601218547,0.0,-0.03310637601218547,0.44612016630486684,0.44612016630486684
2002-10-17,0.0338004416408737,0.0,0.0338004416408737,0.46119922495087134,0.46119922495087134
2002-10-18,0.011040662745416485,0.0,0.011040662745416485,0.4662911700520014,0.4662911700520014
2002-10-21,0.020159880412919273,0.0,0.020159880412919273,0.47569154427784993,0.47569154427784993
2002-10-22,-0.006175797958068996,0.0,-0.006175797958068996,0.4727537694100281,0.4727537694100281
2002-10-23,0.019056229604931252,0.0,0.019056229604931252,0.48176267378650234,0.48176267378650234
2002-10-24,-0.02520317445624387,0.0,-0.02520317445624387,0.4696207250725546,0.4696207250725546
2002-10-25,0.030024621548933705,0.0,0.030024621548933705,0.4837209096143939,0.4837209096143939
2002-10-28,-0.008501975613752544,0.0,-0.008501975613752544,0.4796083262369901,0.4796083262369901
2002-10-29,-0.023275305431656346,0.0,-0.023275305431656346,0.4684452959562587,0.4684452959562587
2002-10-30,0.02675639245623551,0.0,0.02675639245623551,0.48097920213914175,0.48097920213914175
2002-10-31,-0.00040754997855796393,0.0,-0.00040754997855796393,0.4807831790756231,0.4807831790756231
2002-11-01,0.02851339152062904,0.0,0.02851339152062904,0.4944919380971391,0.4944919380971391
2002-11-04,0.025742913668281187,0.0,0.025742913668281187,0.5072216013692348,0.5072216013692348
2002-11-05,0.007721945633853089,0.0,0.007721945633853089,0.5111383389993239,0.5111383389993239
2002-11-06,0.014176080065565033,0.0,0.014176080065565033,0.5183842770175583,0.5183842770175583
2002-11-07,-0.03513397630649817,0.0,-0.03513397630649817,0.5001713761111622,0.5001713761111622
2002-11-08,-0.01840248349064899,0.0,-0.01840248349064899,0.4909669806197814,0.4909669806197814
2002-11-11,-0.030314984055366145,0.0,-0.030314984055366145,0.47608332443058143,0.47608332443058143
2002-11-12,0.02550355180223307,0.0,0.02550355180223307,0.4882251401573761,0.4882251401573761
2002-11-13,0.012033873205285595,0.0,0.012033873205285595,0.49410037958966274,0.49410037958966274
2002-11-14,0.03448278955747952,0.0,0.03448278955747952,0.5111383389993238,0.5111383389993238
2002-11-15,0.013026351735173192,0.0,0.013026351735173192,0.5177966067884612,0.5177966067884612
2002-11-18,-0.014750335830290395,0.0,-0.014750335830290395,0.5101589329465466,0.5101589329465466
2002-11-19,-0.015354883400518715,0.0,-0.015354883400518715,0.5023255020154193,0.5023255020154193
2002-11-20,0.042495396781343064,0.0,0.042495396781343064,0.5236720235369519,0.5236720235369519
2002-11-21,0.037023126153150177,0.0,0.037023126153150177,0.5430599989272359,0.5430599989272359
2002-11-22,-0.0003608786043066692,0.0,-0.0003608786043066692,0.5428640201927682,0.5428640201927682
2002-11-25,0.009740298978396345,0.0,0.009740298978396345,0.54815167805406,0.54815167805406
2002-11-26,-0.03358355064462326,0.0,-0.03358355064462326,0.5297427984131962,0.5297427984131962
2002-11-27,0.0317935037287953,0.0,0.0317935037287953,0.5465851780498485,0.5465851780498485
2002-11-29,-0.0068080109130604916,0.0,-0.0068080109130604916,0.542864020192768,0.542864020192768
2002-12-02,0.010101144547598029,0.0,0.010101144547598029,0.5483475681304254,0.5483475681304254
2002-12-03,-0.029642592359201192,0.0,-0.029642592359201192,0.5320931246971758,0.5320931246971758
2002-12-04,-0.02208350064899034,0.0,-0.02208350064899034,0.5203426458326025,0.5203426458326025
2002-12-05,-0.013925149933729064,0.0,-0.013925149933729064,0.5130967964724702,0.5130967964724702
2002-12-06,0.010305035193045597,0.0,0.010305035193045597,0.518384277017558,0.518384277017558
2002-12-09,-0.04722358664368964,0.0,-0.04722358664368964,0.4939043121970929,0.4939043121970929
2002-12-10,0.015068155657424365,0.0,0.015068155657424365,0.5013465392531519,0.5013465392531519
2002-12-11,0.004686789462566621,0.0,0.004686789462566621,0.5036962449304178,0.5036962449304178
2002-12-12,0.005443616362250214,0.0,0.005443616362250214,0.506438174050925,0.506438174050925
2002-12-13,-0.03170960077888607,0.0,-0.03170960077888607,0.4903792217325821,0.4903792217325821
2002-12-16,0.03234883234465591,0.0,0.03234883234465591,0.5062424169617122,0.5062424169617122
2002-12-17,0.003094542475747808,0.0,0.003094542475747808,0.5078090056240255,0.5078090056240255
2002-12-18,-0.021210437481913647,0.0,-0.021210437481913647,0.4970381544574844,0.4970381544574844
2002-12-19,-0.012608818574319502,0.0,-0.012608818574319502,0.4907710905434154,0.4907710905434154
2002-12-20,0.010374855456922294,0.0,0.010374855456922294,0.49586276967023946,0.49586276967023946
2002-12-23,0.013823585022467944,0.0,0.013823585022467944,0.5027173708262525,0.5027173708262525
2002-12-24,-0.012466199935893929,0.0,-0.012466199935893929,0.4964503955702855,0.4964503955702855
2002-12-26,-0.002761533825909712,0.0,-0.002761533825909712,0.4950794310100319,0.4950794310100319
2002-12-27,-0.018196080973585604,0.0,-0.018196080973585604,0.48607092559501663,0.48607092559501663
2002-12-30,-0.007655130179346825,0.0,-0.007655130179346825,0.4823499893831912,0.4823499893831912
2002-12-31,-0.010556076641332846,0.0,-0.010556076641332846,0.4772582659273161,0.4772582659273161
2003-01-02,0.042264707608878904,0.0,0.042264707608878904,0.4974294469906547,0.4974294469906547
2003-01-03,0.011023859363137767,0.0,0.011023859363137767,0.5029130392573631,0.5029130392573631
2003-01-06,0.024922434986552222,0.0,0.024922434986552222,0.5154468567821441,0.5154468567821441
2003-01-07,0.012537857730613888,0.0,0.012537857730613888,0.5219094561401707,0.5219094561401707
2003-01-08,-0.028142534300032884,0.0,-0.028142534300032884,0.5072216013692344,0.5072216013692344
2003-01-09,0.030887520347933295,0.0,0.030887520347933295,0.522888418902438,0.522888418902438
2003-01-10,0.01498158425821794,0.0,0.01498158425821794,0.5307221158078712,0.5307221158078712
2003-01-13,-0.005903528234933675,0.0,-0.005903528234933675,0.5275889828122957,0.5275889828122957
2003-01-14,0.005196505056902501,0.0,0.005196505056902501,0.5303306016294459,0.5303306016294459
2003-01-15,-0.012555523049274875,0.0,-0.012555523049274875,0.5236720235369515,0.5236720235369515
2003-01-16,-0.011219649865592096,0.0,-0.011219649865592096,0.5177966067884608,0.5177966067884608
2003-01-17,-0.042738005458724304,0.0,-0.042738005458724304,0.4956670125810267,0.4956670125810267
2003-01-21,-0.011062788405066581,0.0,-0.011062788405066581,0.49018355330147134,0.49018355330147134
2003-01-22,-0.003995264898027151,0.0,-0.003995264898027151,0.4882251401573757,0.4882251401573757
2003-01-23,0.023265470037619584,0.0,0.023265470037619584,0.4995839275273198,0.4995839275273198
2003-01-24,-0.027048512147269443,0.0,-0.027048512147269443,0.4860709255950165,0.4860709255950165
2003-01-27,-0.01168456365739734,0.0,-0.01168456365739734,0.4803913989228915,0.4803913989228915
2003-01-28,0.010192634583387594,0.0,0.010192634583387594,0.4852878529091149,0.4852878529091149
2003-01-29,0.014931033852787046,0.0,0.014931033852787046,0.49253370226924725,0.49253370226924725
2003-01-30,-0.025844813396915578,0.0,-0.025844813396915578,0.4798042606424066,0.4798042606424066
2003-01-31,-0.002449809667638525,0.0,-0.002449809667638525,0.4786288315261107,0.4786288315261107
2003-02-03,0.0020464599003702233,0.0,0.0020464599003702233,0.4796083262369899,0.4796083262369899
2003-02-04,-0.012249523489460179,0.0,-0.012249523489460179,0.4737333527790092,0.4737333527790092
2003-02-05,-0.004547595259811077,0.0,-0.004547595259811077,0.471579005229497,0.471579005229497
2003-02-06,0.005398496054012325,0.0,0.005398496054012325,0.47412482262838346,0.47412482262838346
2003-02-07,-0.016522342224048137,0.0,-0.016522342224048137,0.46629117005200116,0.46629117005200116
2003-02-10,0.008819775371138094,0.0,0.008819775371138094,0.47040375342940494,0.47040375342940494
2003-02-11,0.005412454780770792,0.0,0.005412454780770792,0.47294979247354646,0.47294979247354646
2003-02-12,-0.013664638655043193,0.0,-0.013664638655043193,0.46648710445741776,0.46648710445741776
2003-02-13,0.00503797199390843,0.0,0.00503797199390843,0.46883725342519367,0.46883725342519367
2003-02-14,0.022974012267808597,0.0,0.022974012267808597,0.47960832623698973,0.47960832623698973
2003-02-18,0.03103284710865184,0.0,0.03103284710865184,0.49449193809713865,0.49449193809713865
2003-02-19,-0.006732477928568681,0.0,-0.006732477928568681,0.49116278203804453,0.49116278203804453
2003-02-20,-0.003987119052196175,0.0,-0.003987119052196175,0.48920445755205094,0.48920445755205094
2003-02-21,0.007605552607058197,0.0,0.007605552607058197,0.4929251277895704,0.4929251277895704
2003-02-24,-0.017083665851715613,0.0,-0.017083665851715613,0.4845041596164992,0.4845041596164992
2003-02-25,0.0012127482485599916,0.0,0.0012127482485599916,0.4850917411874941,0.4850917411874941
2003-02-26,-0.022204563000046806,0.0,-0.022204563000046806,0.474320491059494,0.474320491059494
2003-02-27,0.02270880202527259,0.0,0.02270880202527259,0.4850917411874941,0.4850917411874941
2003-02-28,0.01574516840757023,0.0,0.01574516840757023,0.49272959234561264,0.49272959234561264
2003-03-03,-0.020270483636257275,0.0,-0.020270483636257275,0.4827417252068712,0.4827417252068712
2003-03-04,-0.0060849609865525345,0.0,-0.0060849609865525345,0.47980426064240633,0.47980426064240633
2003-03-05,0.0020402453948733523,0.0,0.0020402453948733523,0.4807831790756226,0.4807831790756226
2003-03-06,-0.0024436230087994115,0.0,-0.0024436230087994115,0.4796083262369897,0.4796083262369897
2003-03-07,0.0020415410344387652,0.0,0.0020415410344387652,0.480587466315461,0.480587466315461
2003-03-10,-0.021597093945541546,0.0,-0.021597093945541546,0.4702081736563962,0.4702081736563962
2003-03-11,-0.008746209187248222,0.0,-0.008746209187248222,0.46609563460804343,0.46609563460804343
2003-03-12,0.018066754032141086,0.0,0.018066754032141086,0.47451646979396167,0.47451646979396167
2003-03-13,0.05736727459973756,0.0,0.05736727459973756,0.5017381864187299,0.5017381864187299
2003-03-14,0.0039025503035032827,0.0,0.0039025503035032827,0.5036962449304175,0.5036962449304175
2003-03-17,0.03421467864894745,0.0,0.03421467864894745,0.5209300500873933,0.5209300500873933
2003-03-18,0.012406227425633132,0.0,0.012406227425633132,0.527392826761624,0.527392826761624
2003-03-19,-0.008540897089641342,0.0,-0.008540897089641342,0.522888418902438,0.522888418902438
2003-03-20,0.003745459647504612,0.0,0.003745459647504612,0.5248468763755846,0.5248468763755846
2003-03-21,0.013806404587241694,0.0,0.013806404587241694,0.532093124697176,0.532093124697176
2003-03-24,-0.041589868085836645,0.0,-0.041589868085836645,0.5099634418316398,0.5099634418316398
2003-03-25,0.01420891397687396,0.0,0.01420891397687396,0.5172094685079761,0.5172094685079761
2003-03-26,0.005679362838981961,0.0,0.005679362838981961,0.5201468887433899,0.5201468887433899
2003-03-27,-0.00715396671317059,0.0,-0.00715396671317059,0.5164257752153604,0.5164257752153604
2003-03-28,-0.010996901499052303,0.0,-0.010996901499052303,0.5107466918337453,0.5107466918337453
2003-03-31,-0.031825470426928626,0.0,-0.031825470426928626,0.4944919380971388,0.4944919380971388
2003-04-01,0.007921089596254927,0.0,0.007921089596254927,0.498408853043432,0.498408853043432
2003-04-02,0.027504869304998847,0.0,0.027504869304998847,0.512117523406846,0.512117523406846
2003-04-03,0.012619540868541002,0.0,0.012619540868541002,0.5185802114229747,0.5185802114229747
2003-04-04,-0.016239104946408234,0.0,-0.016239104946408234,0.5101589329465465,0.5101589329465465
2003-04-07,0.001535566543418243,0.0,0.001535566543418243,0.5109423159358051,0.5109423159358051
2003-04-08,-0.001149648867338593,0.0,-0.001149648867338593,0.5103549116810141,0.5103549116810141
2003-04-09,-0.023023784584860985,0.0,-0.023023784584860985,0.4986046101326447,0.4986046101326447
2003-04-10,0.01217624022176067,0.0,0.01217624022176067,0.5046757396412971,0.5046757396412971
2003-04-11,-0.010089274585689645,0.0,-0.010089274585689645,0.49958392752732,0.49958392752732
2003-04-14,0.020384211074118808,0.0,0.020384211074118808,0.5097675517552742,0.5097675517552742
2003-04-15,0.009603963676387162,0.0,0.009603963676387162,0.5146633408057327,0.5146633408057327
2003-04-16,-0.0022829321686201887,0.0,-0.0022829321686201887,0.5134883993089978,0.5134883993089978
2003-04-17,0.022883457975455546,0.0,0.022883457975455546,0.5252387895154692,0.5252387895154692
2003-04-21,0.003728277246427325,0.0,0.003728277246427325,0.5271970253433608,0.5271970253433608
2003-04-22,0.018944890320715668,0.0,0.018944890320715668,0.5371847151658983,0.5371847151658983
2003-04-23,0.007291560678682973,0.0,0.007291560678682973,0.5411016301121915,0.5411016301121915
2003-04-24,-0.005429165937204328,0.0,-0.005429165937204328,0.5381638995734206,0.5381638995734206
2003-04-25,-0.019286407613444467,0.0,-0.019286407613444467,0.5277846512434068,0.5277846512434068
2003-04-28,0.019665688089946176,0.0,0.019665688089946176,0.5381638995734207,0.5381638995734207
2003-04-29,0.00909778481554846,0.0,0.00909778481554846,0.5430599989272361,0.5430599989272361
2003-04-30,-0.010097417632376815,0.0,-0.010097417632376815,0.5375764953186297,0.5375764953186297
2003-05-01,0.008743001232708325,0.0,0.008743001232708325,0.5422765272798755,0.5422765272798755
2003-05-02,0.021307394933844037,0.0,0.021307394933844037,0.5538310274099812,0.5538310274099812
2003-05-05,-0.0010602998198442348,0.0,-0.0010602998198442348,0.5532438004713943,0.5532438004713943
2003-05-06,0.012742631659958592,0.0,0.012742631659958592,0.5602935824389569,0.5602935824389569
2003-05-07,-0.011184372196766601,0.0,-0.011184372196766601,0.5540270504734999,0.5540270504734999
2003-05-08,-0.01838117569945663,0.0,-0.01838117569945663,0.5438433819164947,0.5438433819164947
2003-05-09,0.023046170346426198,0.0,0.023046170346426198,0.5563768891379188,0.5563768891379188
2003-05-12,0.015135605602296653,0.0,0.015135605602296653,0.5647979902981431,0.5647979902981431
2003-05-13,-0.006241329687894259,0.0,-0.006241329687894259,0.5612728998336324,0.5612728998336324
2003-05-14,-0.002093667471362415,0.0,-0.002093667471362415,0.5600977810206934,0.5600977810206934
2003-05-15,0.011188756949443324,0.0,0.011188756949443324,0.5663645789604564,0.5663645789604564
2003-05-16,-0.007606617683028283,0.0,-0.007606617683028283,0.5620564601390949,0.5620564601390949
2003-05-19,-0.035192074572586995,0.0,-0.035192074572586995,0.5422765272798756,0.5422765272798756
2003-05-20,0.0028894015466218725,0.0,0.0028894015466218725,0.5438433819164948,0.5438433819164948
2003-05-21,-0.002881076958402451,0.0,-0.002881076958402451,0.5422765272798755,0.5422765272798755
2003-05-22,0.014445863286166594,0.0,0.014445863286166594,0.5501101798562578,0.5501101798562578
2003-05-23,0.0003556895296170648,0.0,0.0003556895296170648,0.5503058482873684,0.5503058482873684
2003-05-27,0.03558748015262947,0.0,0.03558748015262947,0.569889846741171,0.569889846741171
2003-05-28,0.003092665624343738,0.0,0.003092665624343738,0.57165232547985,0.57165232547985
2003-05-29,0.004110918255515239,0.0,0.004110918255515239,0.5740023414604729,0.5740023414604729
2003-05-30,0.016376969005006847,0.0,0.016376969005006847,0.5834027600153724,0.5834027600153724
2003-06-02,-0.007049607878953812,0.0,-0.007049607878953812,0.5792899993217646,0.5792899993217646
2003-06-03,0.009465827626880197,0.0,0.009465827626880197,0.58477345860132,0.58477345860132
2003-06-04,0.018754207679659185,0.0,0.018754207679659185,0.5957404214894818,0.5957404214894818
2003-06-05,0.007232206557426846,0.0,0.007232206557426846,0.6000489392723023,0.6000489392723023
2003-06-06,-0.016645013691388266,0.0,-0.016645013691388266,0.5900611164626118,0.5900611164626118
2003-06-09,-0.01327540101427882,0.0,-0.01327540101427882,0.5822278185186376,0.5822278185186376
2003-06-10,0.01513617817021129,0.0,0.01513617817021129,0.5910405225153891,0.5910405225153891
2003-06-11,0.011265332131205952,0.0,0.011265332131205952,0.5976987903045264,0.5976987903045264
2003-06-12,0.0042595134845284655,0.0,0.0042595134845284655,0.6002446963615149,0.6002446963615149
2003-06-13,-0.022511897867327324,0.0,-0.022511897867327324,0.5867320490616196,0.5867320490616196
2003-06-16,0.030707165002648917,0.0,0.030707165002648917,0.604748926904497,0.604748926904497
2003-06-17,-0.003886009887943187,0.0,-0.003886009887943187,0.6023988665948231,0.6023988665948231
2003-06-18,0.005201608888550702,0.0,0.005201608888550702,0.6055323098937556,0.6055323098937556
2003-06-19,-0.016170711693306528,0.0,-0.016170711693306528,0.5957404214894817,0.5957404214894817
2003-06-20,-0.001314452834917268,0.0,-0.001314452834917268,0.5949573488035801,0.5949573488035801
2003-06-23,-0.015471128282047109,0.0,-0.015471128282047109,0.5857526873378932,0.5857526873378932
2003-06-24,-0.007689569866766721,0.0,-0.007689569866766721,0.5812485011239621,0.5812485011239621
2003-06-25,-0.00539080782801582,0.0,-0.00539080782801582,0.5781151021540806,0.5781151021540806
2003-06-26,0.02371254730110528,0.0,0.02371254730110528,0.5918236838593925,0.5918236838593925
2003-06-27,-0.012905094985310117,0.0,-0.012905094985310117,0.5841861430046309,0.5841861430046309
2003-06-30,0.004022793655438006,0.0,0.004022793655438006,0.5865362033143047,0.5865362033143047
2003-07-01,0.01335540907255739,0.0,0.01335540907255739,0.5943696342454319,0.5943696342454319
2003-07-02,0.020428428157276857,0.0,0.020428428157276857,0.6065116716174817,0.6065116716174817
2003-07-03,-0.012593081906815629,0.0,-0.012593081906815629,0.598873820459363,0.598873820459363
2003-07-07,0.042838509735607655,0.0,0.042838509735607655,0.6245286824475119,0.6245286824475119
2003-07-08,0.012229358552246383,0.0,0.012229358552246383,0.6321662676313246,0.6321662676313246
2003-07-09,-0.002478057456516858,0.0,-0.002478057456516858,0.6305997232980624,0.6305997232980624
2003-07-10,-0.018633393666608877,0.0,-0.018633393666608877,0.6188495104077949,0.6188495104077949
2003-07-11,0.007595076344736107,0.0,0.007595076344736107,0.6235497196852446,0.6235497196852446
2003-07-14,0.011934334253493661,0.0,0.011934334253493661,0.6309913704636406,0.6309913704636406
2003-07-15,0.0012416519211426724,0.0,0.0012416519211426724,0.6317748421110012,0.6317748421110012
2003-07-16,-0.0030999996702202326,0.0,-0.0030999996702202326,0.6298163403088036,0.6298163403088036
2003-07-17,-0.030472722082220405,0.0,-0.030472722082220405,0.6106241220077323,0.6106241220077323
2003-07-18,0.003207522254213835,0.0,0.003207522254213835,0.6125827124680319,0.6125827124680319
2003-07-21,-0.012788127062831611,0.0,-0.012788127062831611,0.6047489269044967,0.6047489269044967
2003-07-22,0.014896420104834496,0.0,0.014896420104834496,0.6137575209776139,0.6137575209776139
2003-07-23,0.008296418791040372,0.0,0.008296418791040372,0.618849510407795,0.618849510407795
2003-07-24,-0.013291419418983486,0.0,-0.013291419418983486,0.6106241220077324,0.6106241220077324
2003-07-25,0.019884416529393212,0.0,0.019884416529393212,0.6227660263926292,0.6227660263926292
2003-07-28,0.0028303664300588505,0.0,0.0028303664300588505,0.624528682447512,0.624528682447512
2003-07-29,-0.007525797329079098,0.0,-0.007525797329079098,0.6198286061572152,0.6198286061572152
2003-07-30,-0.007267039882217996,0.0,-0.007267039882217996,0.6153242869561312,0.6153242869561312
2003-07-31,0.012094012205028593,0.0,0.012094012205028593,0.6227660263926291,0.6227660263926291
2003-08-01,-0.010691514687717563,0.0,-0.010691514687717563,0.6161077142744408,0.6161077142744408
2003-08-04,-0.0003177319236186138,0.0,-0.0003177319236186138,0.6159119571852281,0.6159119571852281
2003-08-05,-0.039427834548106167,0.0,-0.039427834548106167,0.5916278824411286,0.5916278824411286
2003-08-06,-0.0006618324103669915,0.0,-0.0006618324103669915,0.5912363239336523,0.5912363239336523
2003-08-07,0.003974524058054207,0.0,0.003974524058054207,0.5935862069271222,0.5935862069271222
2003-08-08,-0.007918176946326572,0.0,-0.007918176946326572,0.5888860863077744,0.5888860863077744
2003-08-11,0.010974127000424883,0.0,0.010974127000424883,0.595348597007699,0.595348597007699
2003-08-12,0.015131703421233933,0.0,0.015131703421233933,0.6043572354098673,0.6043572354098673
2003-08-13,0.00032434965949512673,0.0,0.00032434965949512673,0.6045532584733859,0.6045532584733859
2003-08-14,0.0009716335931664322,0.0,0.0009716335931664322,0.6051406627281769,0.6051406627281769
2003-08-15,0.008737825530352517,0.0,0.008737825530352517,0.6104282762604176,0.6104282762604176
2003-08-18,0.02566572374970666,0.0,0.02566572374970666,0.6260953597679271,0.6260953597679271
2003-08-19,0.012511986845481493,0.0,0.012511986845481493,0.6339290566733604,0.6339290566733604
2003-08-20,-0.0024715861989199617,0.0,-0.0024715861989199617,0.6323622463657922,0.6323622463657922
2003-08-21,0.010839394475558262,0.0,0.010839394475558262,0.6392166702056011,0.6392166702056011
2003-08-22,-0.0061277489432248755,0.0,-0.0061277489432248755,0.6352997109302571,0.6352997109302571
2003-08-25,0.002158259877766744,0.0,0.002158259877766744,0.6366708528067146,0.6366708528067146
2003-08-26,0.0009224095386950459,0.0,0.0009224095386950459,0.6372581240743527,0.6372581240743527
2003-08-27,0.007990187840089424,0.0,0.007990187840089424,0.6423499361883298,0.6423499361883298
2003-08-28,0.008841795339510794,0.0,0.008841795339510794,0.6480294628604548,0.6480294628604548
2003-08-29,0.009066246891463958,0.0,0.009066246891463958,0.6539046579636905,0.6539046579636905
2003-09-02,0.01437494314004173,0.0,0.01437494314004173,0.6633045002409269,0.6633045002409269
2003-09-03,-0.0005903148664513358,0.0,-0.0005903148664513358,0.6629129417334506,0.6629129417334506
2003-09-04,0.00915792629952672,0.0,0.00915792629952672,0.668983849596848,0.668983849596848
2003-09-05,-0.0064399274841383525,0.0,-0.0064399274841383525,0.6646756421173846,0.6646756421173846
2003-09-08,0.01649978805041874,0.0,0.01649978805041874,0.6756426493345974,0.6756426493345974
2003-09-09,-0.011884369628984759,0.0,-0.011884369628984759,0.6676130623527985,0.6676130623527985
2003-09-10,-0.024053550783126765,0.0,-0.024053550783126765,0.6515545976540167,0.6515545976540167
2003-09-11,0.011120862911905949,0.0,0.011120862911905949,0.6588004470141491,0.6588004470141491
2003-09-12,0.005350838496753552,0.0,0.005350838496753552,0.6623255818077108,0.6623255818077108
2003-09-15,-0.00975743582240629,0.0,-0.00975743582240629,0.6558629824496842,0.6558629824496842
2003-09-16,0.027172491105471153,0.0,0.027172491105471153,0.673684413506706,0.673684413506706
2003-09-17,-0.004070049811950804,0.0,-0.004070049811950804,0.6709424843861989,0.6709424843861989
2003-09-18,0.015177295396129331,0.0,0.015177295396129331,0.6811255766655411,0.6811255766655411
2003-09-19,-0.0057493485774592346,0.0,-0.0057493485774592346,0.6772095483002679,0.6772095483002679
2003-09-22,-0.019086555571985575,0.0,-0.019086555571985575,0.6642839506227556,0.6642839506227556
2003-09-23,0.017688672949803586,0.0,0.017688672949803586,0.676034252171125,0.676034252171125
2003-09-24,-0.03765935847047863,0.0,-0.03765935847047863,0.6505752359302907,0.6505752359302907
2003-09-25,-0.012943812458491077,0.0,-0.012943812458491077,0.6421543120862704,0.6421543120862704
2003-09-26,-0.00640462987820789,0.0,-0.00640462987820789,0.6380415513926626,0.6380415513926626
2003-09-29,0.01718896389675617,0.0,0.01718896389675617,0.6490088245841814,0.6490088245841814
2003-09-30,-0.02172674537459285,0.0,-0.02172674537459285,0.6349079751065771,0.6349079751065771
2003-10-01,0.02251711558838143,0.0,0.02251711558838143,0.6492042713700371,0.6492042713700371
2003-10-02,0.003318648123060708,0.0,0.003318648123060708,0.6513587519067022,0.6513587519067022
2003-10-03,0.027961533503900515,0.0,0.027961533503900515,0.6695717414712004,0.6695717414712004
2003-10-06,0.007312218723577901,0.0,0.007312218723577901,0.6744677964959648,0.6744677964959648
2003-10-07,0.006097063633595523,0.0,0.006097063633595523,0.6785800695700116,0.6785800695700116
2003-10-08,-0.006348921817353692,0.0,-0.006348921817353692,0.6742718177614971,0.6742718177614971
2003-10-09,0.007551045954244495,0.0,0.007551045954244495,0.6793632752430662,0.6793632752430662
2003-10-10,0.009225560805206312,0.0,0.009225560805206312,0.6856307824476452,0.6856307824476452
2003-10-13,0.006569146270895443,0.0,0.006569146270895443,0.6901347913453723,0.6901347913453723
2003-10-14,0.0025537538923261494,0.0,0.0025537538923261494,0.6918972257550002,0.6918972257550002
2003-10-15,-0.004245905937207972,0.0,-0.004245905937207972,0.6889594952162293,0.6889594952162293
2003-10-16,0.007959173181779633,0.0,0.007959173181779633,0.6944430431538868,0.6944430431538868
2003-10-17,-0.02397099333688335,0.0,-0.02397099333688335,0.6777965535936,0.6777965535936
2003-10-20,0.012424231305952382,0.0,0.012424231305952382,0.6862176547538242,0.6862176547538242
2003-10-21,0.005993634791117808,0.0,0.005993634791117808,0.6903305927636361,0.6903305927636361
2003-10-22,-0.019290855231511306,0.0,-0.019290855231511306,0.6770135252367494,0.6770135252367494
2003-10-23,-0.011571026194409972,0.0,-0.011571026194409972,0.6691797840022652,0.6691797840022652
2003-10-24,0.0008781948336546996,0.0,0.0008781948336546996,0.6697674542313622,0.6697674542313622
2003-10-27,0.0002927395043323955,0.0,0.0002927395043323955,0.6699635216239318,0.6699635216239318
2003-10-28,0.033615557141636776,0.0,0.033615557141636776,0.6924847186678933,0.6924847186678933
2003-10-29,-0.0011310718937052044,0.0,-0.0011310718937052044,0.6917014686657876,0.6917014686657876
2003-10-30,0.001981505013267215,0.0,0.001981505013267215,0.6930720785936332,0.6930720785936332
2003-10-31,-0.005933846571555712,0.0,-0.005933846571555712,0.6889594952162293,0.6889594952162293
2003-11-03,0.01648693686329139,0.0,0.01648693686329139,0.7003183269152244,0.7003183269152244
2003-11-04,-0.006710899609955079,0.0,-0.006710899609955079,0.6956185609282847,0.6956185609282847
2003-11-05,0.009008702434846416,0.0,0.009008702434846416,0.7018851815518437,0.7018851815518437
2003-11-06,0.0027897134220136177,0.0,0.0027897134220136177,0.7038432400635313,0.7038432400635313
2003-11-07,-0.00862574717227571,0.0,-0.00862574717227571,0.6977720662258279,0.6977720662258279
2003-11-10,-0.01234846646345722,0.0,-0.01234846646345722,0.689155651266901,0.689155651266901
2003-11-11,-0.003693982246397609,0.0,-0.003693982246397609,0.6866099225261165,0.6866099225261165
2003-11-12,0.02139152471266903,0.0,0.02139152471266903,0.7012975556517977,0.7012975556517977
2003-11-13,-0.0011175536195020541,0.0,-0.0011175536195020541,0.7005138180301311,0.7005138180301311
2003-11-14,-0.020408110316093797,0.0,-0.020408110316093797,0.6862176547538241,0.6862176547538241
2003-11-17,-0.010273907339938382,0.0,-0.010273907339938382,0.6791675181538535,0.6791675181538535
2003-11-18,-0.023068069494984966,0.0,-0.023068069494984966,0.6635004346463439,0.6635004346463439
2003-11-19,0.009740893359071467,0.0,0.009740893359071467,0.6699635216239315,0.6699635216239315
2003-11-20,-0.009646923704027532,0.0,-0.009646923704027532,0.6635004346463438,0.6635004346463438
2003-11-21,0.010331033903116627,0.0,0.010331033903116627,0.6703550801314078,0.6703550801314078
2003-11-24,0.027753075401732552,0.0,0.027753075401732552,0.6889594952162292,0.6889594952162292
2003-11-25,0.0,0.0,0.0,0.6889594952162292,0.6889594952162292
2003-11-26,0.004548402287719355,0.0,0.004548402287719355,0.6920931601604167,0.6920931601604167
2003-11-28,0.00113100725105153,0.0,0.00113100725105153,0.6928759225429613,0.6928759225429613
2003-12-01,0.014697871888493363,0.0,0.014697871888493363,0.7030597240871194,0.7030597240871194
2003-12-02,-0.005570421024636674,0.0,-0.005570421024636674,0.6991433854184892,0.6991433854184892
2003-12-03,-0.012605129131813886,0.0,-0.012605129131813886,0.6903305927636356,0.6903305927636356
2003-12-04,0.010779579436572817,0.0,0.010779579436572817,0.6977720662258277,0.6977720662258277
2003-12-05,-0.016559005485129674,0.0,-0.016559005485129674,0.6862176547538239,0.6862176547538239
2003-12-08,0.00570830051429283,0.0,0.00570830051429283,0.6901347913453719,0.6901347913453719
2003-12-09,-0.022985326609822665,0.0,-0.022985326609822665,0.6742718177614967,0.6742718177614967
2003-12-10,0.0037755887207138183,0.0,0.0037755887207138183,0.6768175908313322,0.6768175908313322
2003-12-11,0.021411724375569596,0.0,0.021411724375569596,0.6913094225387497,0.6913094225387497
2003-12-12,-0.0016991395677268262,0.0,-0.0016991395677268262,0.6901347913453717,0.6901347913453717
2003-12-15,-0.013054282718117038,0.0,-0.013054282718117038,0.6811255766655405,0.6811255766655405
2003-12-16,0.0020133133149615734,0.0,0.0020133133149615734,0.6824968958582022,0.6824968958582022
2003-12-17,0.0017219884914114747,0.0,0.0017219884914114747,0.6836721476582941,0.6836721476582941
2003-12-18,0.01861921927116872,0.0,0.01861921927116872,0.6964015892851347,0.6964015892851347
2003-12-19,-0.0028123803296586924,0.0,-0.0028123803296586924,0.6944430431538862,0.6944430431538862
2003-12-22,0.0031019475614213476,0.0,0.0031019475614213476,0.6965971690581434,0.6965971690581434
2003-12-23,0.007591205833996639,0.0,0.007591205833996639,0.7018851815518431,0.7018851815518431
2003-12-24,0.0020649853987040334,0.0,0.0020649853987040334,0.7033345642033144,0.7033345642033144
2003-12-26,-0.0013926440711594656,0.0,-0.0013926440711594656,0.7023550694924351,0.7023550694924351
2003-12-29,0.01645714001517029,0.0,0.01645714001517029,0.7139138252114368,0.7139138252114368
2003-12-30,0.0032931022438857926,0.0,0.0032931022438857926,0.7162648164311817,0.7162648164311817
2003-12-31,-0.0027348834100450192,0.0,-0.0027348834100450192,0.7143059156675251,0.7143059156675251
2004-01-02,-0.0027422593913758453,0.0,-0.0027422593913758453,0.7123471035619705,0.7123471035619705
2004-01-05,0.0200763780799591,0.0,0.0200763780799591,0.7266484533372444,0.7266484533372444
2004-01-06,0.0067407265062851,0.0,0.0067407265062851,0.7315465918274058,0.7315465918274058
2004-01-07,0.009105207074381116,0.0,0.009105207074381116,0.7382074750305521,0.7382074750305521
2004-01-08,0.007961914152515792,0.0,0.007961914152515792,0.7440850195734907,0.7440850195734907
2004-01-09,-0.006582588513629695,0.0,-0.006582588513629695,0.7391870140704824,0.7391870140704824
2004-01-12,0.01590248684827733,0.0,0.01590248684827733,0.7509419258401556,0.7509419258401556
2004-01-13,-0.009913946584734434,0.0,-0.009913946584734434,0.7434971276991387,0.7434971276991387
2004-01-14,0.0034255428854073067,0.0,0.0034255428854073067,0.7460440089952493,0.7460440089952493
2004-01-15,0.0026261927881483516,0.0,0.0026261927881483516,0.7480032643913138,0.7480032643913138
2004-01-16,0.010215075556996744,0.0,0.010215075556996744,0.7556441742539513,0.7556441742539513
2004-01-20,-0.0007784702467146243,0.0,-0.0007784702467146243,0.7550559277471913,0.7550559277471913
2004-01-21,-0.004151005384729456,0.0,-0.004151005384729456,0.7519216865253409,0.7519216865253409
2004-01-22,-0.005992709233983762,0.0,-0.005992709233983762,0.7474156384912678,0.7474156384912678
2004-01-23,-0.0036696142041684476,0.0,-0.0036696142041684476,0.7446729114478426,0.7446729114478426
2004-01-26,0.015259106090951047,0.0,0.015259106090951047,0.7560359544066827,0.7560359544066827
2004-01-27,-0.022026620791798845,0.0,-0.022026620791798845,0.739383037134001,0.739383037134001
2004-01-28,-0.016958259469871395,0.0,-0.016958259469871395,0.726844387742661,0.726844387742661
2004-01-29,0.0037739600416428765,0.0,0.0037739600416428765,0.7295874694184942,0.7295874694184942
2004-01-30,-0.004565314473720217,0.0,-0.004565314473720217,0.726256673184513,0.726256673184513
2004-02-02,-0.002697378893840252,0.0,-0.002697378893840252,0.7242976837627545,0.7242976837627545
2004-02-03,-0.0010819432135880103,0.0,-0.0010819432135880103,0.7235140347991899,0.7235140347991899
2004-02-04,-0.016246910046305962,0.0,-0.016246910046305962,0.7117591673585675,0.7117591673585675
2004-02-05,0.003853074459577055,0.0,0.003853074459577055,0.7145016284276866,0.7145016284276866
2004-02-06,0.018097193006511025,0.0,0.018097193006511025,0.7274321023008089,0.7274321023008089
2004-02-09,-0.0002691679644661882,0.0,-0.0002691679644661882,0.7272363008825452,0.7272363008825452
2004-02-10,0.0016164788556654042,0.0,0.0016164788556654042,0.7284118629859941,0.7284118629859941
2004-02-11,0.01075832236383678,0.0,0.01075832236383678,0.7362483526216403,0.7362483526216403
2004-02-12,-0.008781416497729233,0.0,-0.008781416497729233,0.7297830491915027,0.7297830491915027
2004-02-13,-0.008321457107518748,0.0,-0.008321457107518748,0.7237101908498614,0.7237101908498614
2004-02-17,0.0135354526653928,0.0,0.0135354526653928,0.7335059358815721,0.7335059358815721
2004-02-18,0.0029371762411505298,0.0,0.0029371762411505298,0.7356603720891863,0.7356603720891863
2004-02-19,-0.01517844112173905,0.0,-0.01517844112173905,0.724494194445834,0.724494194445834
2004-02-20,-0.003246295343491079,0.0,-0.003246295343491079,0.7221422723160181,0.7221422723160181
2004-02-23,-0.011122742295707755,0.0,-0.011122742295707755,0.7141100699202102,0.7141100699202102
2004-02-24,-0.002468759974826984,0.0,-0.002468759974826984,0.7123471035619703,0.7123471035619703
2004-02-25,0.0060504562298391296,0.0,0.0060504562298391296,0.7166571285325247,0.7166571285325247
2004-02-26,0.0024604187852110826,0.0,0.0024604187852110826,0.7184204051941215,0.7184204051941215
2004-02-27,-0.0027271094373831906,0.0,-0.0027271094373831906,0.716461194127108,0.716461194127108
2004-03-01,0.013125017788265803,0.0,0.013125017788265803,0.7258647600446284,0.7258647600446284
2004-03-02,-0.01160550469080801,0.0,-0.01160550469080801,0.7174407331670383,0.7174407331670383
2004-03-03,-0.005461852024880476,0.0,-0.005461852024880476,0.7135221780458582,0.7135221780458582
2004-03-04,0.009335588132236339,0.0,0.009335588132236339,0.7201833272233105,0.7201833272233105
2004-03-05,-0.0035361884726288206,0.0,-0.0035361884726288206,0.7176366232434039,0.7176366232434039
2004-03-08,-0.023478249482236424,0.0,-0.023478249482236424,0.7007877715653056,0.7007877715653056
2004-03-09,-0.0030751918080913487,0.0,-0.0030751918080913487,0.6986327147509773,0.6986327147509773
2004-03-10,-0.013179819614718258,0.0,-0.013179819614718258,0.6894248615936185,0.6894248615936185
2004-03-11,-0.009093686205745577,0.0,-0.009093686205745577,0.6831554482398465,0.6831554482398465
2004-03-12,0.018353436925937938,0.0,0.018353436925937938,0.6956936986697274,0.6956936986697274
2004-03-15,-0.01745950883323444,0.0,-0.01745950883323444,0.6835472283925778,0.6835472283925778
2004-03-16,0.0017192127963907566,0.0,0.0017192127963907566,0.6847223915345677,0.6847223915345677
2004-03-17,0.015737366698350463,0.0,0.015737366698350463,0.6954981188967188,0.6954981188967188
2004-03-18,-0.0045072983151791535,0.0,-0.0045072983151791535,0.6923633013972053,0.6923633013972053
2004-03-19,-0.01669483157589169,0.0,-0.01669483157589169,0.6808044126910506,0.6808044126910506
2004-03-22,-0.012661761245330916,0.0,-0.012661761245330916,0.6721842297627888,0.6721842297627888
2004-03-23,-0.008161630070600334,0.0,-0.008161630070600334,0.6666981107401735,0.6666981107401735
2004-03-24,0.011460890721897377,0.0,0.011460890721897377,0.674339064931862,0.674339064931862
2004-03-25,0.026728744340452026,0.0,0.026728744340452026,0.6923633013972053,0.6923633013972053
2004-03-26,-0.0033950912513607268,0.0,-0.0033950912513607268,0.6900126648098683,0.6900126648098683
2004-03-29,0.016183725510817037,0.0,0.016183725510817037,0.7011796403761387,0.7011796403761387
2004-03-30,0.0033525924586583766,0.0,0.0033525924586583766,0.7035304099506285,0.7035304099506285
2004-03-31,-0.001948944718045409,0.0,-0.001948944718045409,0.702159268074171,0.702159268074171
2004-04-01,0.00892819432478209,0.0,0.00892819432478209,0.7084282824664839,0.7084282824664839
2004-04-02,0.02599572283034579,0.0,0.02599572283034579,0.7268443877426606,0.7268443877426606
2004-04-05,0.009434229232089475,0.0,0.009434229232089475,0.7337016043126826,0.7337016043126826
2004-04-06,-0.012549256826927757,0.0,-0.012549256826927757,0.7244941944458339,0.7244941944458339
2004-04-07,-0.0010821392386343165,0.0,-0.0010821392386343165,0.7237101908498612,0.7237101908498612
2004-04-08,0.0,0.0,0.0,0.7237101908498612,0.7237101908498612
2004-04-12,0.006225335536544474,0.0,0.006225335536544474,0.7282155296191183,0.7282155296191183
2004-04-13,-0.014527163930776799,0.0,-0.014527163930776799,0.7176366232434039,0.7176366232434039
2004-04-14,0.004914430025197536,0.0,0.004914430025197536,0.7211633982118527,0.7211633982118527
2004-04-15,-0.017930265486834407,0.0,-0.017930265486834407,0.7082327470225265,0.7082327470225265
2004-04-16,-0.0016598527932958351,0.0,-0.0016598527932958351,0.7070571849190775,0.7070571849190775
2004-04-19,0.01219163472505902,0.0,0.01219163472505902,0.7156773678473395,0.7156773678473395
2004-04-20,-0.02326843962876146,0.0,-0.02326843962876146,0.6990246722199127,0.6990246722199127
2004-04-21,0.008688377580387652,0.0,0.008688377580387652,0.705098062510166,0.705098062510166
2004-04-22,0.025839676640342812,0.0,0.025839676640342812,0.7233175684451609,0.7233175684451609
2004-04-23,0.007854809183790445,0.0,0.007854809183790445,0.728999089924581,0.728999089924581
2004-04-26,-0.007255014646543434,0.0,-0.007255014646543434,0.7237101908498613,0.7237101908498613
2004-04-27,-0.001894968273354225,0.0,-0.001894968273354225,0.7223387829990977,0.7223387829990977
2004-04-28,-0.018172400863336047,0.0,-0.018172400863336047,0.7092121530753038,0.7092121530753038
2004-04-29,-0.015469523612128167,0.0,-0.015469523612128167,0.6982409789272972,0.6982409789272972
2004-04-30,-0.02441065566703693,0.0,-0.02441065566703693,0.6811964588180881,0.6811964588180881
2004-05-03,0.009490448835926868,0.0,0.009490448835926868,0.6876613189577158,0.6876613189577158
2004-05-04,0.004274251939835549,0.0,0.004274251939835549,0.6906005566842206,0.6906005566842206
2004-05-05,0.007942378185554322,0.0,0.007942378185554322,0.696085567480561,0.696085567480561
2004-05-06,-0.0075990140545938445,0.0,-0.0075990140545938445,0.6907960034700763,0.6907960034700763
2004-05-07,-0.008224472626909285,0.0,-0.008224472626909285,0.6851145706487584,0.6851145706487584
2004-05-10,-0.008578857414055618,0.0,-0.008578857414055618,0.6792370704348707,0.6792370704348707
2004-05-11,0.01499887388688248,0.0,0.01499887388688248,0.6894248615936188,0.6894248615936188
2004-05-12,0.001988819888636195,0.0,0.001988819888636195,0.6907960034700764,0.6907960034700764
2004-05-13,-0.00708941647410033,0.0,-0.00708941647410033,0.685898662902833,0.685898662902833
2004-05-14,-0.007427117863479049,0.0,-0.007427117863479049,0.680804412691051,0.680804412691051
2004-05-17,-0.009496630219584912,0.0,-0.009496630219584912,0.6743390649318624,0.6743390649318624
2004-05-18,0.009006828434554581,0.0,0.009006828434554581,0.6804127211964216,0.6804127211964216
2004-05-19,-0.0011517259145106262,0.0,-0.0011517259145106262,0.679629072232857,0.679629072232857
2004-05-20,0.004612085215628614,0.0,0.004612085215628614,0.6827635794290136,0.6827635794290136
2004-05-21,0.004878143794023737,0.0,0.004878143794023737,0.6860941983467906,0.6860941983467906
2004-05-24,0.006853002305827971,0.0,0.006853002305827971,0.6907960034700764,0.6907960034700764
2004-05-25,0.01985263777988977,0.0,0.01985263777988977,0.7045101263067634,0.7045101263067634
2004-05-26,0.0063960017972986005,0.0,0.0063960017972986005,0.7090161743408365,0.7090161743408365
2004-05-27,0.006355290426500071,0.0,0.006355290426500071,0.7135221780458586,0.7135221780458586
2004-05-28,0.003569822142589052,0.0,0.003569822142589052,0.7160693253162751,0.7160693253162751
2004-06-01,-0.0013680626489614989,0.0,-0.0013680626489614989,0.7150896976182428,0.7150896976182428
2004-06-02,-0.0021920600696740955,0.0,-0.0021920600696740955,0.7135221780458585,0.7135221780458585
2004-06-03,-0.012081356656668318,0.0,-0.012081356656668318,0.7049018621304437,0.7049018621304437
2004-06-04,0.005836716330920089,0.0,0.005836716330920089,0.7090161743408364,0.7090161743408364
2004-06-07,0.023763330532559745,0.0,0.023763330532559745,0.7258647600446287,0.7258647600446287
2004-06-08,0.0013496008512274837,0.0,0.0013496008512274837,0.726844387742661,0.726844387742661
2004-06-09,-0.014015736218001673,0.0,-0.014015736218001673,0.716657128532525,0.716657128532525
2004-06-10,0.00710785587217222,0.0,0.00710785587217222,0.721751024111899,0.721751024111899
2004-06-14,-0.014115811577325221,0.0,-0.014115811577325221,0.7115629226497939,0.7115629226497939
2004-06-15,0.012941069317776721,0.0,0.012941069317776721,0.7207713077557647,0.7207713077557647
2004-06-16,-0.0016308549365081637,0.0,-0.0016308549365081637,0.7195958343104177,0.7195958343104177
2004-06-17,-0.00925716191526016,0.0,-0.00925716191526016,0.7129344191586595,0.7129344191586595
2004-06-18,0.0013737673851306198,0.0,0.0013737673851306198,0.7139138252114368,0.7139138252114368
2004-06-21,-0.007957652574142937,0.0,-0.007957652574142937,0.7082327470225267,0.7082327470225267
2004-06-22,0.014660770754043373,0.0,0.014660770754043373,0.7186159849671303,0.7186159849671303
2004-06-23,0.011995719683036477,0.0,0.011995719683036477,0.7272363008825452,0.7272363008825452
2004-06-24,-0.001885963113024136,0.0,-0.001885963113024136,0.7258647600446286,0.7258647600446286
2004-06-25,0.0075572517732023226,0.0,0.0075572517732023226,0.731350302789581,0.731350302789581
2004-06-28,-0.008303806405261849,0.0,-0.008303806405261849,0.7252773114607867,0.7252773114607867
2004-06-29,0.009454246654848841,0.0,0.009454246654848841,0.7321342620565026,0.7321342620565026
2004-06-30,0.009900882192204863,0.0,0.009900882192204863,0.7393830371340009,0.7393830371340009
2004-07-01,-0.018548302387420557,0.0,-0.018548302387420557,0.72566873698111,0.72566873698111
2004-07-02,-0.005939017042649097,0.0,-0.005939017042649097,0.7213589779848616,0.7213589779848616
2004-07-06,-0.021455706497709337,0.0,-0.021455706497709337,0.7058817114737308,0.7058817114737308
2004-07-07,0.0019428295541195073,0.0,0.0019428295541195073,0.7072531193244944,0.7072531193244944
2004-07-08,-0.011080114166311383,0.0,-0.011080114166311383,0.6994166740178992,0.6994166740178992
2004-07-09,0.001400191661216077,0.0,0.001400191661216077,0.7003959914125746,0.7003959914125746
2004-07-12,-0.004196094008505846,0.0,-0.004196094008505846,0.6974570639894268,0.6974570639894268
2004-07-13,-0.0014043163836148231,0.0,-0.0014043163836148231,0.6964776136075985,0.6964776136075985
2004-07-14,-0.01012631544242737,0.0,-0.01012631544242737,0.6894248615936189,0.6894248615936189
2004-07-15,-0.003410461857461744,0.0,-0.003410461857461744,0.6870736043995681,0.6870736043995681
2004-07-16,-0.011405668787910384,0.0,-0.011405668787910384,0.6792370704348709,0.6792370704348709
2004-07-19,-0.00201904152534782,0.0,-0.00201904152534782,0.6778656625841073,0.6778656625841073
2004-07-20,0.023988534941876916,0.0,0.023988534941876916,0.6941266667169047,0.6941266667169047
2004-07-21,-0.029071485432357713,0.0,-0.029071485432357713,0.6739473734372332,0.6739473734372332
2004-07-22,0.013662898863528783,0.0,0.013662898863528783,0.683155448239847,0.683155448239847
2004-07-23,-0.01892744213390296,0.0,-0.01892744213390296,0.6702250630248268,0.6702250630248268
2004-07-26,-0.00438478743652404,0.0,-0.00438478743652404,0.667286268588832,0.667286268588832
2004-07-27,0.013799419970366156,0.0,0.013799419970366156,0.6764944320495478,0.6764944320495478
2004-07-28,-0.004343627477737533,0.0,-0.004343627477737533,0.673555992245961,0.673555992245961
2004-07-29,0.011634108747530458,0.0,0.011634108747530458,0.6813922159073013,0.6813922159073013
2004-07-30,0.003162660850781318,0.0,0.003162660850781318,0.6835472283925784,0.6835472283925784
2004-08-02,0.0020063751601182567,0.0,0.0020063751601182567,0.684918680572393,0.684918680572393
2004-08-03,-0.0208806852932919,0.0,-0.0208806852932919,0.6706171091518641,0.6706171091518641
2004-08-04,0.0002920381013875595,0.0,0.0002920381013875595,0.6708129548991788,0.6708129548991788
2004-08-05,-0.018691920433136944,0.0,-0.018691920433136944,0.6582741725206859,0.6582741725206859
2004-08-06,-0.02619011639542934,0.0,-0.02619011639542934,0.6410338953222642,0.6410338953222642
2004-08-09,0.002444607521239428,0.0,0.002444607521239428,0.6426009716041384,0.6426009716041384
2004-08-10,0.012500207813669784,0.0,0.012500207813669784,0.6506336172904563,0.6506336172904563
2004-08-11,-0.0087322219439403,0.0,-0.0087322219439403,0.6449521401400874,0.6449521401400874
2004-08-12,-0.013669481987941934,0.0,-0.013669481987941934,0.6361359784773579,0.6361359784773579
2004-08-13,0.0015398265041930426,0.0,0.0015398265041930426,0.6371155175172881,0.6371155175172881
2004-08-16,0.011377976491772523,0.0,0.011377976491772523,0.6443646028981433,0.6443646028981433
2004-08-17,0.011249080211096052,0.0,0.011249080211096052,0.6516131120013356,0.6516131120013356
2004-08-18,0.017738814895241095,0.0,0.017738814895241095,0.6631719563784394,0.6631719563784394
2004-08-19,-0.005317839434216487,0.0,-0.005317839434216487,0.6596453143971437,0.6596453143971437
2004-08-20,0.010098144201313719,0.0,0.010098144201313719,0.666306507903647,0.666306507903647
2004-08-23,0.002352882943574608,0.0,0.002352882943574608,0.6678742491212862,0.6678742491212862
2004-08-24,-0.000293702071804236,0.0,-0.000293702071804236,0.6676780930706147,0.6676780930706147
2004-08-25,0.013791255437657357,0.0,0.013791255437657357,0.6768862122022795,0.6768862122022795
2004-08-26,-0.004341702803317804,0.0,-0.004341702803317804,0.6739473734372337,0.6739473734372337
2004-08-27,0.0046511646262858974,0.0,0.0046511646262858974,0.6770820136205432,0.6770820136205432
2004-08-30,-0.016782438551467993,0.0,-0.016782438551467993,0.6657189263326523,0.6657189263326523
2004-08-31,0.0011776130073999358,0.0,0.0011776130073999358,0.6665028855995739,0.6665028855995739
2004-09-01,0.007348215060079655,0.0,0.007348215060079655,0.6714004921411233,0.6714004921411233
2004-09-02,0.01488191308039477,0.0,0.01488191308039477,0.6813922159073018,0.6813922159073018
2004-09-03,-0.0184013853409557,0.0,-0.0184013853409557,0.6688536551740639,0.6688536551740639
2004-09-07,0.008494747813251324,0.0,0.008494747813251324,0.674535398298739,0.674535398298739
2004-09-08,-0.003775493452722656,0.0,-0.003775493452722656,0.6719886943188325,0.6719886943188325
2004-09-09,0.008454391499655989,0.0,0.008454391499655989,0.6776699498239466,0.6776699498239466
2004-09-10,0.015321968972213051,0.0,0.015321968972213051,0.6880531877685503,0.6880531877685503
2004-09-13,0.013098479682628561,0.0,0.013098479682628561,0.6970656384691044,0.6970656384691044
2004-09-14,0.0014052321415263247,0.0,0.0014052321415263247,0.6980451775090347,0.6980451775090347
2004-09-15,-0.010664955599835158,0.0,-0.010664955599835158,0.6906005566842218,0.6906005566842218
2004-09-16,0.001985369884422994,0.0,0.001985369884422994,0.6919716542316284,0.6919716542316284
2004-09-17,0.003114307460571064,0.0,0.003114307460571064,0.6941266667169057,0.6941266667169057
2004-09-20,0.0,0.0,0.0,0.6941266667169057,0.6941266667169057
2004-09-21,0.003951015757890142,0.0,0.003951015757890142,0.6968691721150759,0.6968691721150759
2004-09-22,-0.01743050355296938,0.0,-0.01743050355296938,0.6847223915345693,0.6847223915345693
2004-09-23,-0.0008577426471664262,0.0,-0.0008577426471664262,0.6841350759378803,0.6841350759378803
2004-09-24,-0.0034365726309585343,0.0,-0.0034365726309585343,0.6817839960600334,0.6817839960600334
2004-09-27,-0.00862076588458105,0.0,-0.00862076588458105,0.6759064958461457,0.6759064958461457
2004-09-28,0.002028859318691456,0.0,0.002028859318691456,0.6772778150388072,0.6772778150388072
2004-09-29,0.01475283535554306,0.0,0.01475283535554306,0.6872695831340367,0.6872695831340367
2004-09-30,0.0017104172849282673,0.0,0.0017104172849282673,0.6884451009084347,0.6884451009084347
2004-10-01,0.027319561706870887,0.0,0.027319561706870887,0.7072531193244956,0.7072531193244956
2004-10-04,0.00581706150425787,0.0,0.00581706150425787,0.7113672542186844,0.7113672542186844
2004-10-05,0.0013774169916824786,0.0,0.0013774169916824786,0.7123471035619717,0.7123471035619717
2004-10-06,0.007975714538544176,0.0,0.007975714538544176,0.7180285807123408,0.7180285807123408
2004-10-07,-0.011187453920921353,0.0,-0.011187453920921353,0.7099956690517168,0.7099956690517168
2004-10-08,-0.01821142176808188,0.0,-0.01821142176808188,0.6970656384691045,0.6970656384691045
2004-10-11,0.004777674812353805,0.0,0.004777674812353805,0.7003959914125757,0.7003959914125757
2004-10-12,-0.0016785515279432728,0.0,-0.0016785515279432728,0.6992203406510248,0.6992203406510248
2004-10-13,-0.0022412400209440575,0.0,-0.0022412400209440575,0.6976532200400996,0.6976532200400996
2004-10-14,-0.004492993703988479,0.0,-0.004492993703988479,0.6945186685148921,0.6945186685148921
2004-10-15,0.005077630240931663,0.0,0.005077630240931663,0.6980451775090349,0.6980451775090349
2004-10-18,0.014313546519407305,0.0,0.014313546519407305,0.7080366796299584,0.7080366796299584
2004-10-19,-0.007194082002617619,0.0,-0.007194082002617619,0.7029430056958395,0.7029430056958395
2004-10-20,0.00473766519822405,0.0,0.00473766519822405,0.7062733143102596,0.7062733143102596
2004-10-21,0.015256786812578804,0.0,0.015256786812578804,0.7170487756981048,0.7170487756981048
2004-10-22,-0.021858175850718364,0.0,-0.021858175850718364,0.7013753974653533,0.7013753974653533
2004-10-25,-0.004748127705010763,0.0,-0.004748127705010763,0.698045177509035,0.698045177509035
2004-10-26,0.005332096772564965,0.0,0.005332096772564965,0.7017672219471355,0.7017672219471355
2004-10-27,0.02540530792221407,0.0,0.02540530792221407,0.7195958343104192,0.7195958343104192
2004-10-28,0.006261976721199547,0.0,0.006261976721199547,0.7241019266735432,0.7241019266735432
2004-10-29,-0.0016235984441469453,0.0,-0.0016235984441469453,0.7229262759119922,0.7229262759119922
2004-11-01,0.00379355566466244,0.0,0.00379355566466244,0.7256687369811115,0.7256687369811115
2004-11-02,0.0032402468679233465,0.0,0.0032402468679233465,0.7280200828332644,0.7280200828332644
2004-11-03,0.006727417711597683,0.0,0.006727417711597683,0.7329177780329157,0.7329177780329157
2004-11-04,0.005613606783335445,0.0,0.005613606783335445,0.7370320902433084,0.7370320902433084
2004-11-05,0.00903762031324895,0.0,0.00903762031324895,0.7436931064336076,0.7436931064336076
2004-11-08,0.0010540243038941188,0.0,0.0010540243038941188,0.7444769770424272,0.7444769770424272
2004-11-09,-0.0021053526617544893,0.0,-0.0021053526617544893,0.742909590457196,0.742909590457196
2004-11-10,-0.0034286100262199692,0.0,-0.0034286100262199692,0.7403624431867795,0.7403624431867795
2004-11-11,0.013231731391122548,0.0,0.013231731391122548,0.7501587201671022,0.7501587201671022
2004-11-12,0.009662752116884832,0.0,0.009662752116884832,0.7574073179283964,0.7574073179283964
2004-11-15,0.004396926470789708,0.0,0.004396926470789708,0.7607375822137656,0.7607375822137656
2004-11-16,-0.006180354325863391,0.0,-0.006180354325863391,0.7560359544066839,0.7560359544066839
2004-11-17,0.01347527336413945,0.0,0.01347527336413945,0.766223745565432,0.766223745565432
2004-11-18,0.004601932598788938,0.0,0.004601932598788938,0.7697498555981158,0.7697498555981158
2004-11-19,-0.01552539279088272,0.0,-0.01552539279088272,0.7577991867392299,0.7577991867392299
2004-11-22,0.009565327976247318,0.0,0.009565327976247318,0.7650477845005241,0.7650477845005241
2004-11-23,-0.0015361809077837352,0.0,-0.0015361809077837352,0.7638725327004322,0.7638725327004322
2004-11-24,0.008720120483717508,0.0,0.008720120483717508,0.7705335932197824,0.7705335932197824
2004-11-26,-0.0030507182776615682,0.0,-0.0030507182776615682,0.7681829123033946,0.7681829123033946
2004-11-29,-0.00025575465280724963,0.0,-0.00025575465280724963,0.767986445949366,0.767986445949366
2004-11-30,-0.0020406730838717912,0.0,-0.0020406730838717912,0.7664192366803388,0.7664192366803388
2004-12-01,0.02045042599125635,0.0,0.02045042599125635,0.7820928365583453,0.7820928365583453
2004-12-02,0.0037573196599922642,0.0,0.0037573196599922642,0.7850314093490851,0.7850314093490851
2004-12-03,0.001496850278719819,0.0,0.001496850278719819,0.7862064838329731,0.7862064838329731
2004-12-06,0.0034888964593096095,0.0,0.0034888964593096095,0.7889494768507042,0.7889494768507042
2004-12-07,-0.01713391017606225,0.0,-0.01713391017606225,0.7754316873808929,0.7754316873808929
2004-12-08,0.005810447028262722,0.0,0.005810447028262722,0.779937292124456,0.779937292124456
2004-12-09,0.006028894634446225,0.0,0.006028894634446225,0.7846394518801496,0.7846394518801496
2004-12-10,-0.0029966649235744214,0.0,-0.0029966649235744214,0.7822881503570477,0.7822881503570477
2004-12-13,0.00876587253960981,0.0,0.00876587253960981,0.7891455885723246,0.7891455885723246
2004-12-14,0.004964836527319827,0.0,0.004964836527319827,0.7930635674158418,0.7930635674158418
2004-12-15,-0.0037048961508923117,0.0,-0.0037048961508923117,0.79012534925751,0.79012534925751
2004-12-16,-0.009422748909930778,0.0,-0.009422748909930778,0.7826801964840852,0.7826801964840852
2004-12-17,-0.002552199103926789,0.0,-0.002552199103926789,0.7806826407879572,0.7806826407879572
2004-12-20,-0.006841373307855392,0.0,-0.006841373307855392,0.7753416994073644,0.7753416994073644
2004-12-21,0.01224634946771408,0.0,0.01224634946771408,0.7848368048151984,0.7848368048151984
2004-12-22,0.0012596586823141465,0.0,0.0012596586823141465,0.7858254313105835,0.7858254313105835
2004-12-23,0.000755115135032236,0.0,0.000755115135032236,0.7864188199872594,0.7864188199872594
2004-12-27,-0.0042758698127964845,0.0,-0.0042758698127964845,0.7830561954946608,0.7830561954946608
2004-12-28,0.009598617078151905,0.0,0.009598617078151905,0.7905724520658884,0.7905724520658884
2004-12-29,0.0012501833557396758,0.0,0.0012501833557396758,0.7915608125869675,0.7915608125869675
2004-12-30,-0.0007496438267788896,0.0,-0.0007496438267788896,0.7909674239102916,0.7909674239102916
2004-12-31,-0.0017492481965291073,0.0,-0.0017492481965291073,0.7895838255705032,0.7895838255705032
2005-01-03,-0.010521965056808691,0.0,-0.010521965056808691,0.7812758521484291,0.7812758521484291
2005-01-04,-0.01822795652361897,0.0,-0.01822795652361897,0.7670347898825142,0.7670347898825142
2005-01-05,-0.006188794586529878,0.0,-0.006188794586529878,0.7622877691272092,0.7622877691272092
2005-01-06,-0.00492948351959821,0.0,-0.00492948351959821,0.7585300841321053,0.7585300841321053
2005-01-07,0.0052149000014845015,0.0,0.0052149000014845015,0.7624857426689718,0.7624857426689718
2005-01-10,-0.0005185869227261053,0.0,-0.0005185869227261053,0.7620903275340586,0.7620903275340586
2005-01-11,-0.007006998971827549,0.0,-0.007006998971827549,0.7567503613925877,0.7567503613925877
2005-01-12,0.008363439583588983,0.0,0.008363439583588983,0.7630793973199537,0.7630793973199537
2005-01-13,-0.013219720250633449,0.0,-0.013219720250633449,0.7529917011583619,0.7529917011583619
2005-01-14,0.009456261991935166,0.0,0.009456261991935166,0.7601121879622683,0.7601121879622683
2005-01-18,0.007546256952510211,0.0,0.007546256952510211,0.7658481898453663,0.7658481898453663
2005-01-19,-0.016528636686724774,0.0,-0.016528636686724774,0.7531897633582264,0.7531897633582264
2005-01-20,-0.01917069176624364,0.0,-0.01917069176624364,0.7387505945633959,0.7387505945633959
2005-01-21,-0.008031727513878262,0.0,-0.008031727513878262,0.7328171510871471,0.7328171510871471
2005-01-24,-0.01403500642750144,0.0,-0.01403500642750144,0.7225320576614557,0.7225320576614557
2005-01-25,0.00492671766684305,0.0,0.00492671766684305,0.7260917691147968,0.7260917691147968
2005-01-26,0.011986440199487358,0.0,0.011986440199487358,0.7347950246846313,0.7347950246846313
2005-01-27,-0.0013459279044759631,0.0,-0.0013459279044759631,0.7338060435568382,0.7338060435568382
2005-01-28,-0.0048520519536064954,0.0,-0.0048520519536064954,0.73024557850963,0.73024557850963
2005-01-31,0.013001708947620427,0.0,0.013001708947620427,0.7397400189816989,0.7397400189816989
2005-02-01,0.0032077946834023763,0.0,0.0032077946834023763,0.7421129530816885,0.7421129530816885
2005-02-02,0.0015991272209610052,0.0,0.0015991272209610052,0.7432996861059892,0.7432996861059892
2005-02-03,-0.011441766464226788,0.0,-0.011441766464226788,0.7347950246846314,0.7347950246846314
2005-02-04,0.016151074525252662,0.0,0.016151074525252662,0.7466627538890978,0.7466627538890978
2005-02-07,-0.0021194938577424605,0.0,-0.0021194938577424605,0.7450802067684248,0.7450802067684248
2005-02-08,0.0018584069532834313,0.0,0.0018584069532834313,0.7464648690054371,0.7464648690054371
2005-02-09,-0.016693211902242266,0.0,-0.016693211902242266,0.7340039727695498,0.7340039727695498
2005-02-10,0.0010777215715831456,0.0,0.0010777215715831456,0.7347950246846312,0.7347950246846312
2005-02-11,0.014804784650026992,0.0,0.014804784650026992,0.7456735067869984,0.7456735067869984
2005-02-14,0.004509750954264646,0.0,0.004509750954264646,0.749036308595801,0.749036308595801
2005-02-15,0.006600743271602427,0.0,0.006600743271602427,0.7539805049699506,0.7539805049699506
2005-02-16,-0.0036724687486808794,0.0,-0.0036724687486808794,0.7512115351283338,0.7512115351283338
2005-02-17,-0.013427507122811377,0.0,-0.013427507122811377,0.74112463688966,0.74112463688966
2005-02-18,-0.0032032970003909034,0.0,-0.0032032970003909034,0.7387505945633955,0.7387505945633955
2005-02-22,-0.012315575544832869,0.0,-0.012315575544832869,0.7296524558072598,0.7296524558072598
2005-02-23,0.0013552317034910555,0.0,0.0013552317034910555,0.7306413039479,0.7306413039479
2005-02-24,0.012723344417800986,0.0,0.012723344417800986,0.7399375049039003,0.7399375049039003
2005-02-25,0.005613730034366382,0.0,0.005613730034366382,0.7440913142987334,0.7440913142987334
2005-02-28,-0.010632721929630828,0.0,-0.010632721929630828,0.7361795982635415,0.7361795982635415
2005-03-01,0.01101591187270512,0.0,0.01101591187270512,0.7442892878404962,0.7442892878404962
2005-03-02,-0.0005320992094032251,0.0,-0.0005320992094032251,0.743893252098869,0.743893252098869
2005-03-03,-0.008242632455619292,0.0,-0.008242632455619292,0.7377616134356028,0.7377616134356028
2005-03-04,0.005898029345580147,0.0,0.005898029345580147,0.7421129530816885,0.7421129530816885
2005-03-07,0.014392981258534832,0.0,0.014392981258534832,0.7527941709071091,0.7527941709071091
2005-03-08,-0.009984595417725672,0.0,-0.009984595417725672,0.7452778256777793,0.7452778256777793
2005-03-09,-0.002919333001911273,0.0,-0.002919333001911273,0.7431021115256855,0.7431021115256855
2005-03-10,-0.001331120486209092,0.0,-0.001331120486209092,0.7421129530816885,0.7421129530816885
2005-03-11,-0.009328590568058459,0.0,-0.009328590568058459,0.7351900851871366,0.7351900851871366
2005-03-14,0.004574660577007839,0.0,0.004574660577007839,0.7385533302864492,0.7385533302864492
2005-03-15,-0.008035013160005766,0.0,-0.008035013160005766,0.7326190445582315,0.7326190445582315
2005-03-16,-0.01133864808259144,0.0,-0.01133864808259144,0.7243121350333813,0.7243121350333813
2005-03-17,0.0024569988480638294,0.0,0.0024569988480638294,0.726091769114797,0.726091769114797
2005-03-18,-0.005447876845772526,0.0,-0.005447876845772526,0.7221361105779305,0.7221361105779305
2005-03-21,0.0019176374147209518,0.0,0.0019176374147209518,0.7235209058020958,0.7235209058020958
2005-03-22,-0.012301737385134515,0.0,-0.012301737385134515,0.7146203416262638,0.7146203416262638
2005-03-23,0.0035980815607747907,0.0,0.0035980815607747907,0.7171916039004238,0.7171916039004238
2005-03-24,0.0002759781509364956,0.0,0.0002759781509364956,0.7173895331131355,0.7173895331131355
2005-03-28,0.001929892836323388,0.0,0.001929892836323388,0.7187740180339439,0.7187740180339439
2005-03-29,-0.007980689399632923,0.0,-0.007980689399632923,0.7130377058474888,0.7130377058474888
2005-03-30,0.01886309643744455,0.0,0.01886309643744455,0.7264878048564242,0.7264878048564242
2005-03-31,-0.004356767655614657,0.0,-0.004356767655614657,0.7233226662860273,0.7233226662860273
2005-04-01,-0.010117407325126226,0.0,-0.010117407325126226,0.7160045162437152,0.7160045162437152
2005-04-04,0.00718274684593978,0.0,0.00718274684593978,0.7211473954244434,0.7211473954244434
2005-04-05,0.0027424915112772563,0.0,0.0027424915112772563,0.7231251360347747,0.7231251360347747
2005-04-06,-0.001640871889204587,0.0,-0.001640871889204587,0.721938580326678,0.721938580326678
2005-04-07,0.012054659299804316,0.0,0.012054659299804316,0.7306413039479005,0.7306413039479005
2005-04-08,-0.008121598646007921,0.0,-0.008121598646007921,0.7247073285230398,0.7247073285230398
2005-04-11,-0.004366125754135197,0.0,-0.004366125754135197,0.7215431651917648,0.7215431651917648
2005-04-12,0.004933777035570852,0.0,0.004933777035570852,0.725103098290361,0.725103098290361
2005-04-13,-0.01636634285791494,0.0,-0.01636634285791494,0.7132358123764045,0.7132358123764045
2005-04-14,-0.014143377266529034,0.0,-0.014143377266529034,0.7031482492019657,0.7031482492019657
2005-04-15,-0.022784552206122077,0.0,-0.022784552206122077,0.6871273312093802,0.6871273312093802
2005-04-18,0.0002879886662525699,0.0,0.0002879886662525699,0.6873252160930409,0.6873252160930409
2005-04-19,0.006906190837915327,0.0,0.006906190837915327,0.6920720152030908,0.6920720152030908
2005-04-20,-0.008288221581197464,0.0,-0.008288221581197464,0.6863359689909417,0.6863359689909417
2005-04-21,0.026513299503873933,0.0,0.026513299503873933,0.7045330000970801,0.7045330000970801
2005-04-22,-0.014879391933321107,0.0,-0.014879391933321107,0.694049977458677,0.694049977458677
2005-04-25,0.008264026276164849,0.0,0.008264026276164849,0.6997856247093671,0.6997856247093671
2005-04-26,-0.009327028993682651,0.0,-0.009327028993682651,0.6932587038983405,0.6932587038983405
2005-04-27,0.0014263128699703032,0.0,0.0014263128699703032,0.6942475077099297,0.6942475077099297
2005-04-28,-0.009970927572679367,0.0,-0.009970927572679367,0.6873252160930409,0.6873252160930409
2005-04-29,0.006618349580272964,0.0,0.006618349580272964,0.6918741746484812,0.6918741746484812
2005-05-02,0.0040020010646033555,0.0,0.0040020010646033555,0.694643055831996,0.694643055831996
2005-05-03,0.0051255399276868285,0.0,0.0051255399276868285,0.6982034765501534,0.6982034765501534
2005-05-04,0.012181476212268505,0.0,0.012181476212268505,0.7067086255910722,0.7067086255910722
2005-05-05,0.0008394629243795304,0.0,0.0008394629243795304,0.7073018812805951,0.7073018812805951
2005-05-06,0.002796364112453986,0.0,0.002796364112453986,0.7092797548780794,0.7092797548780794
2005-05-09,0.00474083764610711,0.0,0.00474083764610711,0.712642335041627,0.712642335041627
2005-05-10,-0.007216323368121058,0.0,-0.007216323368121058,0.7074996775061537,0.7074996775061537
2005-05-11,0.005032461724588266,0.0,0.005032461724588266,0.711060142553362,0.711060142553362
2005-05-12,-0.0027818958261899285,0.0,-0.0027818958261899285,0.7090820473106229,0.7090820473106229
2005-05-13,0.010878553267195112,0.0,0.010878553267195112,0.7167958341331032,0.7167958341331032
2005-05-16,0.006622989186876982,0.0,0.006622989186876982,0.7215431651917652,0.7215431651917652
2005-05-17,0.006030786296870039,0.0,0.006030786296870039,0.725894637825004,0.725894637825004
2005-05-18,0.013624123633714458,0.0,0.013624123633714458,0.7357843161157822,0.7357843161157822
2005-05-19,0.008332689690871975,0.0,0.008332689690871975,0.7419153785013854,0.7419153785013854
2005-05-20,0.003999032058578322,0.0,0.003999032058578322,0.7448823218847648,0.7448823218847648
2005-05-23,0.0050451454103555005,0.0,0.0050451454103555005,0.7486403615122766,0.7486403615122766
2005-05-24,0.0031708425073613267,0.0,0.0031708425073613267,0.7510141821932861,0.7510141821932861
2005-05-25,-0.004214426726406817,0.0,-0.004214426726406817,0.7478490879519402,0.7478490879519402
2005-05-26,0.010050261979468678,0.0,0.010050261979468678,0.7553651672069639,0.7553651672069639
2005-05-27,0.0005239449533853691,0.0,0.0005239449533853691,0.755760936974285,0.755760936974285
2005-05-31,-0.0034020991166225922,0.0,-0.0034020991166225922,0.753189763358227,0.753189763358227
2005-06-01,0.008140129730742629,0.0,0.008140129730742629,0.7593208257438303,0.7593208257438303
2005-06-02,0.00703372348211162,0.0,0.00703372348211162,0.764661678466321,0.764661678466321
2005-06-03,-0.014485259257653205,0.0,-0.014485259257653205,0.7535853558093442,0.7535853558093442
2005-06-06,0.0002615323655419388,0.0,0.0002615323655419388,0.7537824427700868,0.7537824427700868
2005-06-07,-0.008395781432105176,0.0,-0.008395781432105176,0.7474538501332308,0.7474538501332308
2005-06-08,-0.0021173692241907016,0.0,-0.0021173692241907016,0.7458712143544559,0.7458712143544559
2005-06-09,0.006364278451624461,0.0,0.006364278451624461,0.7506181464516589,0.7506181464516589
2005-06-10,-0.010540090304822503,0.0,-0.010540090304822503,0.74270656340362,0.74270656340362
2005-06-13,0.004793368284554234,0.0,0.004793368284554234,0.7462666294893692,0.7462666294893692
2005-06-14,-0.003975714933695307,0.0,-0.003975714933695307,0.7432996861059898,0.7432996861059898
2005-06-15,0.0031936252972815105,0.0,0.0031936252972815105,0.7456735067869993,0.7456735067869993
2005-06-16,0.005305288619305237,0.0,0.005305288619305237,0.7496295199562738,0.7496295199562738
2005-06-17,0.00013222499300735713,0.0,0.00013222499300735713,0.7497286397143081,0.7497286397143081
2005-06-20,0.0,0.0,0.0,0.7497286397143081,0.7497286397143081
2005-06-21,-0.0005282387795377819,0.0,-0.0005282387795377819,0.749332603972681,0.749332603972681
2005-06-22,-0.0010569176103557565,0.0,-0.0010569176103557565,0.7485406211475285,0.7485406211475285
2005-06-23,-0.01110825141244176,0.0,-0.01110825141244176,0.7402256437353965,0.7402256437353965
2005-06-24,-0.011233030742048067,0.0,-0.011233030742048067,0.7319106663232644,0.7319106663232644
2005-06-27,-0.004598731331830197,0.0,-0.004598731331830197,0.7285448058099429,0.7285448058099429
2005-06-28,0.009511510515195942,0.0,0.009511510515195942,0.7354743673911955,0.7354743673911955
2005-06-29,-0.002153725608377899,0.0,-0.002153725608377899,0.7338903574118396,0.7338903574118396
2005-06-30,-0.007823192715757488,0.0,-0.007823192715757488,0.7281489917135706,0.7281489917135706
2005-07-01,-0.0013593692925849554,0.0,-0.0013593692925849554,0.7271591683338084,0.7271591683338084
2005-07-05,0.01034585490040607,0.0,0.01034585490040607,0.73468225157889,0.73468225157889
2005-07-06,-0.004850790553840523,0.0,-0.004850790553840523,0.7311184618528568,0.7311184618528568
2005-07-07,0.0035205872653631953,0.0,0.0035205872653631953,0.7336924281991278,0.7336924281991278
2005-07-08,0.0191579363051968,0.0,0.0191579363051968,0.7477484610061719,0.7477484610061719
2005-07-11,0.009266465482611785,0.0,0.009266465482611785,0.7546774463097616,0.7546774463097616
2005-07-12,0.0047222687566184085,0.0,0.0047222687566184085,0.7582412360357947,0.7582412360357947
2005-07-13,0.0023500953356003773,0.0,0.0023500953356003773,0.7600231752278623,0.7600231752278623
2005-07-14,0.009897908642478193,0.0,0.009897908642478193,0.7675458151824339,0.7675458151824339
2005-07-15,0.003095975589809674,0.0,0.003095975589809674,0.7699221182902993,0.7699221182902993
2005-07-18,-0.00411461266711588,0.0,-0.00411461266711588,0.7667541869896893,0.7667541869896893
2005-07-19,0.011618975401225695,0.0,0.011618975401225695,0.7756630850271093,0.7756630850271093
2005-07-20,0.007146363696111324,0.0,0.007146363696111324,0.7812062555383608,0.7812062555383608
2005-07-21,0.0002535338119229458,0.0,0.0002535338119229458,0.7814043177382255,0.7814043177382255
2005-07-22,-0.0012672342841504314,0.0,-0.0012672342841504314,0.7804140953970045,0.7804140953970045
2005-07-25,-0.003804822554649978,0.0,-0.003804822554649978,0.7774447582448711,0.7774447582448711
2005-07-26,0.00381935452087534,0.0,0.00381935452087534,0.7804140953970046,0.7804140953970046
2005-07-27,0.007610667544597716,0.0,0.007610667544597716,0.7863535676241892,0.7863535676241892
2005-07-28,0.004783242719493153,0.0,0.004783242719493153,0.7901148876014751,0.7901148876014751
2005-07-29,-0.008268129544539815,0.0,-0.008268129544539815,0.7835821153557165,0.7835821153557165
2005-08-01,0.0017682241476419946,0.0,0.0017682241476419946,0.7849676641737489,0.7849676641737489
2005-08-02,0.010844970235627915,0.0,0.010844970235627915,0.7934806151276436,0.7934806151276436
2005-08-03,-0.0004992237896895846,0.0,-0.0004992237896895846,0.7930844907279143,0.7930844907279143
2005-08-04,-0.009735254642987412,0.0,-0.009735254642987412,0.785363611257274,0.785363611257274
2005-08-05,-0.004789497806586773,0.0,-0.004789497806586773,0.7816021139637843,0.7816021139637843
2005-08-08,-0.007345013500019815,0.0,-0.007345013500019815,0.7758612358850763,0.7758612358850763
2005-08-09,0.006633749125830146,0.0,0.006633749125830146,0.7810081046803944,0.7810081046803944
2005-08-10,-0.00861859055967884,0.0,-0.00861859055967884,0.7742769156023632,0.7742769156023632
2005-08-11,0.00818213983504501,0.0,0.00818213983504501,0.7806121575968691,0.7806121575968691
2005-08-12,-0.0055793766703348124,0.0,-0.0055793766703348124,0.7762568283361934,0.7762568283361934
2005-08-15,0.0061207530430162915,0.0,0.0061207530430162915,0.7810081046803943,0.7810081046803943
2005-08-16,-0.016222675056216662,0.0,-0.016222675056216662,0.7683380639818926,0.7683380639818926
2005-08-17,0.005925824896057197,0.0,0.005925824896057197,0.7728911008100249,0.7728911008100249
2005-08-18,-0.005122476114287067,0.0,-0.005122476114287067,0.7689319846071805,0.7689319846071805
2005-08-19,-0.0005155077197598334,0.0,-0.0005155077197598334,0.7685355942331452,0.7685355942331452
2005-08-22,0.0005157736050349637,0.0,0.0005157736050349637,0.7689319846071805,0.7689319846071805
2005-08-23,-0.0028322370002639152,0.0,-0.0028322370002639152,0.7667541869896897,0.7667541869896897
2005-08-24,-0.005938875212046946,0.0,-0.005938875212046946,0.7622005295548434,0.7622005295548434
2005-08-25,0.002337887633203639,0.0,0.002337887633203639,0.7639824687469109,0.7639824687469109
2005-08-26,-0.0033683889014219925,0.0,-0.0033683889014219925,0.7614090786783029,0.7614090786783029
2005-08-29,0.0077995843109399665,0.0,0.0077995843109399665,0.7673477529825694,0.7673477529825694
2005-08-30,-0.0036124224073249556,0.0,-0.0036124224073249556,0.7645757687654847,0.7645757687654847
2005-08-31,0.00932215103477918,0.0,0.00932215103477918,0.771703259559449,0.771703259559449
2005-09-01,-0.0015391312369884558,0.0,-0.0015391312369884558,0.7705155069669752,0.7705155069669752
2005-09-02,-0.003854162255904625,0.0,-0.003854162255904625,0.7675458151824339,0.7675458151824339
2005-09-06,0.01470238991804429,0.0,0.01470238991804429,0.7788305730372093,0.7788305730372093
2005-09-07,0.0017793533540086948,0.0,0.0017793533540086948,0.7802163878295475,0.7802163878295475
2005-09-08,-0.00025396910531172434,0.0,-0.00025396910531172434,0.7800182369715809,0.7800182369715809
2005-09-09,0.005583511251586737,0.0,0.005583511251586737,0.7843734775741545,0.7843734775741545
2005-09-12,0.0027762543782352544,0.0,0.0027762543782352544,0.7865510978754414,0.7865510978754414
2005-09-13,-0.002516193564865654,0.0,-0.002516193564865654,0.7845719830645292,0.7845719830645292
2005-09-14,-0.011355106006490145,0.0,-0.011355106006490145,0.7756630850271093,0.7756630850271093
2005-09-15,-0.0005103484142336967,0.0,-0.0005103484142336967,0.7752672266016861,0.7752672266016861
2005-09-16,0.006128222897697544,0.0,0.006128222897697544,0.780018236971581,0.780018236971581
2005-09-19,-0.00786799526440407,0.0,-0.00786799526440407,0.7738810571769398,0.7738810571769398
2005-09-20,-0.004092990751905279,0.0,-0.004092990751905279,0.7707135691668399,0.7707135691668399
2005-09-21,-0.011045659441547784,0.0,-0.011045659441547784,0.7622005295548432,0.7622005295548432
2005-09-22,0.0036364685345962044,0.0,0.0036364685345962044,0.764972247797622,0.764972247797622
2005-09-23,0.002847013446387159,0.0,0.002847013446387159,0.7671501340732148,0.7671501340732148
2005-09-26,0.0002576013489110629,0.0,0.0002576013489110629,0.7673477529825693,0.7673477529825693
2005-09-27,-0.0023212812187540788,0.0,-0.0023212812187540788,0.7655665230553177,0.7655665230553177
2005-09-28,0.00025813420963860523,0.0,0.00025813420963860523,0.7657641419646724,0.7657641419646724
2005-09-29,0.013443943874871689,0.0,0.013443943874871689,0.7760590321106347,0.7760590321106347
2005-09-30,0.0066325153303445905,0.0,0.0066325153303445905,0.7812062555383609,0.7812062555383609
2005-10-03,0.0025338627658020307,0.0,0.0025338627658020307,0.7831857249816812,0.7831857249816812
2005-10-04,-0.0065719355541656865,0.0,-0.0065719355541656865,0.778038678870159,0.778038678870159
2005-10-05,-0.013740866846253086,0.0,-0.013740866846253086,0.7673477529825695,0.7673477529825695
2005-10-06,-0.013158086287283322,0.0,-0.013158086287283322,0.757250925036472,0.757250925036472
2005-10-07,0.002353754117225604,0.0,0.002353754117225604,0.7590333075190494,0.7590333075190494
2005-10-10,-0.0054779892851047896,0.0,-0.0054779892851047896,0.7548753311934224,0.7548753311934224
2005-10-11,-0.004982703529785915,0.0,-0.004982703529785915,0.7511140112161366,0.7511140112161366
2005-10-12,-0.011860854111807262,0.0,-0.011860854111807262,0.7422051575077677,0.7422051575077677
2005-10-13,0.007735670250055948,0.0,0.007735670250055948,0.7479466118641387,0.7479466118641387
2005-10-14,0.0074111847334075165,0.0,0.0074111847334075165,0.7534897823753901,0.7534897823753901
2005-10-17,0.003152906060201799,0.0,0.003152906060201799,0.7558654648765416,0.7558654648765416
2005-10-18,-0.007071390216455753,0.0,-0.007071390216455753,0.7505204452232569,0.7505204452232569
2005-10-19,0.020047525590839,0.0,0.020047525590839,0.765566523055318,0.765566523055318
2005-10-20,-0.009310202624352892,0.0,-0.009310202624352892,0.7584389436032517,0.7584389436032517
2005-10-21,0.006264313123776288,0.0,0.006264313123776288,0.7631900426312486,0.7631900426312486
2005-10-24,0.015824608938554086,0.0,0.015824608938554086,0.7752672266016865,0.7752672266016865
2005-10-25,-0.003830996996955771,0.0,-0.003830996996955771,0.7722971801847371,0.7722971801847371
2005-10-26,-0.00512641545822734,0.0,-0.00512641545822734,0.7683380639818927,0.7683380639818927
2005-10-27,-0.020098302575123128,0.0,-0.020098302575123128,0.7528957730920004,0.7528957730920004
2005-10-28,0.0076258877929979985,0.0,0.0076258877929979985,0.7586372717774225,0.7586372717774225
2005-10-31,0.014353001781255426,0.0,0.014353001781255426,0.7695259938905705,0.7695259938905705
2005-11-01,-0.000771915813248425,0.0,-0.000771915813248425,0.7689319846071807,0.7689319846071807
2005-11-02,0.013130746063387821,0.0,0.013130746063387821,0.7790286352370744,0.7790286352370744
2005-11-03,0.01499336625056924,0.0,0.01499336625056924,0.790708896884865,0.790708896884865
2005-11-04,0.0035053586138948933,0.0,0.0035053586138948933,0.7934806151276437,0.7934806151276437
2005-11-07,0.0012475008083894235,0.0,0.0012475008083894235,0.7944704828364567,0.7944704828364567
2005-11-08,0.0002493008917807682,0.0,0.0002493008917807682,0.7946685450363213,0.7946685450363213
2005-11-09,0.0004981428142536437,0.0,0.0004981428142536437,0.7950644034617446,0.7950644034617446
2005-11-10,0.010956361668100323,0.0,0.010956361668100323,0.8037754166155039,0.8037754166155039
2005-11-11,0.002709129438611013,0.0,0.002709129438611013,0.8059529482586888,0.8059529482586888
2005-11-14,0.0,0.0,0.0,0.8059529482586888,0.8059529482586888
2005-11-15,-0.004667472556460384,0.0,-0.004667472556460384,0.802191184990893,0.802191184990893
2005-11-16,0.006169663764155731,0.0,0.006169663764155731,0.8071404348768565,0.8071404348768565
2005-11-17,0.013245214970572627,0.0,0.013245214970572627,0.8178311834482419,0.8178311834482419
2005-11-18,0.003389324857112186,0.0,0.003389324857112186,0.8206030790072245,0.8206030790072245
2005-11-21,0.0024119969541314124,0.0,0.0024119969541314124,0.8225823711343409,0.8225823711343409
2005-11-22,0.0036109604283875996,0.0,0.0036109604283875996,0.8255526835255962,0.8255526835255962
2005-11-23,0.0023975358164465277,0.0,0.0023975358164465277,0.8275319756527123,0.8275319756527123
2005-11-25,0.0021535319005236975,0.0,0.0021535319005236975,0.8293140921609838,0.8293140921609838
2005-11-28,-0.00835497275517505,0.0,-0.00835497275517505,0.822385195515496,0.822385195515496
2005-11-29,-0.004815265164619276,0.0,-0.004815265164619276,0.8184251927316317,0.8184251927316317
2005-11-30,-0.0024187404285724856,0.0,-0.0024187404285724856,0.8164456346302095,0.8164456346302095
2005-12-01,0.018671130163646632,0.0,0.018671130163646632,0.8316895973459312,0.8316895973459312
2005-12-02,0.0023801645562711027,0.0,0.0023801645562711027,0.8336691554473533,0.8336691554473533
2005-12-05,-0.007361649108090118,0.0,-0.007361649108090118,0.8275319756527121,0.8275319756527121
2005-12-06,0.0033495932973421905,0.0,0.0033495932973421905,0.8303038712116948,0.8303038712116948
2005-12-07,-0.0019074803683495345,0.0,-0.0019074803683495345,0.8287200828775939,0.8287200828775939
2005-12-08,-0.007166721762378092,0.0,-0.007166721762378092,0.8227808766247153,0.8227808766247153
2005-12-09,0.0038495190929681566,0.0,0.0038495190929681566,0.8259481873186112,0.8259481873186112
2005-12-12,0.0035959234036113674,0.0,0.0035959234036113674,0.8289182337355606,0.8289182337355606
2005-12-13,0.004059529787622029,0.0,0.004059529787622029,0.8322832519969131,0.8322832519969131
2005-12-14,-0.0033303648658437046,0.0,-0.0033303648658437046,0.8295114450960325,0.8295114450960325
2005-12-15,0.0016711741484023435,0.0,0.0016711741484023435,0.8308977031788808,0.8308977031788808
2005-12-16,-0.006902525541158444,0.0,-0.006902525541158444,0.8251624105605987,0.8251624105605987
2005-12-19,-0.015872693543371952,0.0,-0.015872693543371952,0.8120648604942602,0.8120648604942602
2005-12-20,0.0007323535066445785,0.0,0.0007323535066445785,0.812659579042466,0.812659579042466
2005-12-21,0.004396141964314815,0.0,0.004396141964314815,0.816232145920597,0.816232145920597
2005-12-22,0.006564699020204623,0.0,0.006564699020204623,0.8215904642891815,0.8215904642891815
2005-12-23,0.0,0.0,0.0,0.8215904642891815,0.8215904642891815
2005-12-27,-0.00869573850218086,0.0,-0.00869573850218086,0.8144461284558374,0.8144461284558374
2005-12-28,-0.0012186532874247646,0.0,-0.0012186532874247646,0.8134536010039644,0.8134536010039644
2005-12-29,-0.006586904336974508,0.0,-0.006586904336974508,0.8080954599515838,0.8080954599515838
2005-12-30,-0.007612834552914838,0.0,-0.007612834552914838,0.8019435629120109,0.8019435629120109
2006-01-03,0.022271664446372963,0.0,0.022271664446372963,0.819804180850116,0.819804180850116
2006-01-04,0.010409541457833349,0.0,0.010409541457833349,0.8283379664579804,0.8283379664579804
2006-01-05,0.004311756533726729,0.0,0.004311756533726729,0.8319095580969895,0.8319095580969895
2006-01-06,0.0181302083638617,0.0,0.0181302083638617,0.846992251725176,0.846992251725176
2006-01-09,0.003982742600147082,0.0,0.003982742600147082,0.8503656038481163,0.8503656038481163
2006-01-10,0.00070093194860954,0.0,0.00070093194860954,0.8509616522678521,0.8509616522678521
2006-01-11,0.007695369952759101,0.0,0.007695369952759101,0.8575101169976644,0.8575101169976644
2006-01-12,-0.004860164301427328,0.0,-0.004860164301427328,0.8533424769389196,0.8533424769389196
2006-01-13,-0.0004649305726188713,0.0,-0.0004649305726188713,0.8529457319324764,0.8529457319324764
2006-01-17,-0.006515277916657736,0.0,-0.006515277916657736,0.8473885534411092,0.8473885534411092
2006-01-18,-0.01147496577974938,0.0,-0.01147496577974938,0.8376647987882211,0.8376647987882211
2006-01-19,0.007344526928767747,0.0,0.007344526928767747,0.843817050460202,0.843817050460202
2006-01-20,-0.02986818283877335,0.0,-0.02986818283877335,0.8186137685145822,0.8186137685145822
2006-01-23,0.00024173168259755684,0.0,0.00024173168259755684,0.8188116533982428,0.8188116533982428
2006-01-24,0.004363328464497718,0.0,0.004363328464497718,0.8223843975925778,0.8223843975925778
2006-01-25,-0.004344372540132979,0.0,-0.004344372540132979,0.8188116533982428,0.8188116533982428
2006-01-26,0.007028880604529553,0.0,0.007028880604529553,0.8245669827475764,0.8245669827475764
2006-01-27,0.013477624813908351,0.0,0.013477624813908351,0.8356801871749847,0.8356801871749847
2006-01-30,0.0019000888511677694,0.0,0.0019000888511677694,0.8372680537817777,0.8372680537817777
2006-01-31,-0.0045034909202189555,0.0,-0.0045034909202189555,0.8334974247037821,0.8334974247037821
2006-02-01,0.0035718635437502755,0.0,0.0035718635437502755,0.8364745637688913,0.8364745637688913
2006-02-02,-0.017082545693697826,0.0,-0.017082545693697826,0.8221854488116932,0.8221854488116932
2006-02-03,-0.012309374158908537,0.0,-0.012309374158908537,0.81206486049426,0.81206486049426
2006-02-06,-0.0026881347705134395,0.0,-0.0026881347705134395,0.8098819207068532,0.8098819207068532
2006-02-07,-0.004411109976267924,0.0,-0.004411109976267924,0.8063094424868241,0.8063094424868241
2006-02-08,0.011568410860341771,0.0,0.011568410860341771,0.8156371613980848,0.8156371613980848
2006-02-09,-0.009489223900857047,0.0,-0.009489223900857047,0.807897397751719,0.807897397751719
2006-02-10,0.006140572762374452,0.0,0.006140572762374452,0.8128583505071464,0.8128583505071464
2006-02-13,-0.011474662977788763,0.0,-0.011474662977788763,0.8035310748863956,0.8035310748863956
2006-02-14,0.010126272500743605,0.0,0.010126272500743605,0.8116678495135107,0.8116678495135107
2006-02-15,0.006356394346148209,0.0,0.006356394346148209,0.8168271304431086,0.8168271304431086
2006-02-16,0.00923237962468293,0.0,0.00923237962468293,0.8243683885990998,0.8243683885990998
2006-02-17,-0.00794382964774365,0.0,-0.00794382964774365,0.8178197465530835,0.8178197465530835
2006-02-21,-0.011162433808860839,0.0,-0.011162433808860839,0.8086908877646054,0.8086908877646054
2006-02-22,0.012514998977684932,0.0,0.012514998977684932,0.8188116533982426,0.8188116533982426
2006-02-23,-0.0026652273103779933,0.0,-0.0026652273103779933,0.8166293342175498,0.8166293342175498
2006-02-24,0.0026723497298608567,0.0,0.0026723497298608567,0.8188116533982425,0.8188116533982425
2006-02-27,0.011148803381693329,0.0,0.011148803381693329,0.8279404235286187,0.8279404235286187
2006-02-28,-0.014860081451390394,0.0,-0.014860081451390394,0.8156371613980848,0.8156371613980848
2006-03-01,0.013624638090115937,0.0,0.013624638090115937,0.8267499225349833,0.8267499225349833
2006-03-02,0.0007202030466433307,0.0,0.0007202030466433307,0.827345350348005,0.827345350348005
2006-03-03,-0.005756942021443945,0.0,-0.005756942021443945,0.8225823711343404,0.8225823711343404
2006-03-06,-0.00868492944869026,0.0,-0.00868492944869026,0.8154383012753024,0.8154383012753024
2006-03-07,-0.005840678849534098,0.0,-0.005840678849534098,0.8106755880359438,0.8106755880359438
2006-03-08,0.0004896191873853262,0.0,0.0004896191873853262,0.8110725103585911,0.8110725103585911
2006-03-09,-0.00856386933641795,0.0,-0.00856386933641795,0.8041265913575196,0.8041265913575196
2006-03-10,0.0009873237770388066,0.0,0.0009873237770388066,0.8049205246609161,0.8049205246609161
2006-03-13,0.002958719355412809,0.0,0.002958719355412809,0.8073020585967994,0.8073020585967994
2006-03-14,0.016961405874723612,0.0,0.016961405874723612,0.8209950364761596,0.8209950364761596
2006-03-15,0.00845971868754547,0.0,0.00845971868754547,0.827940423528619,0.827940423528619
2006-03-16,-0.008388752203762118,0.0,-0.008388752203762118,0.8209950364761596,0.8209950364761596
2006-03-17,0.0026363256145605085,0.0,0.0026363256145605085,0.8231594467202487,0.8231594467202487
2006-03-20,0.002412691916227283,0.0,0.002412691916227283,0.8251454768631167,0.8251454768631167
2006-03-21,-0.01058992800189873,0.0,-0.01058992800189873,0.8164072456720439,0.8164072456720439
2006-03-22,0.0024326463947943466,0.0,0.0024326463947943466,0.8183932758149121,0.8183932758149121
2006-03-23,-0.0029117449225648517,0.0,-0.0029117449225648517,0.8160103233493968,0.8160103233493968
2006-03-24,0.0051109228116039684,0.0,0.0051109228116039684,0.8201808891255076,0.8201808891255076
2006-03-27,0.0002419183803272773,0.0,0.0002419183803272773,0.8203793059577802,0.8203793059577802
2006-03-28,-0.0041158325058801015,0.0,-0.0041158325058801015,0.8170027621431678,0.8170027621431678
2006-03-29,0.018959856246311135,0.0,0.018959856246311135,0.8324930170662413,0.8324930170662413
2006-03-30,0.003101941378451656,0.0,0.003101941378451656,0.8350753616031512,0.8350753616031512
2006-03-31,-0.002853471575114841,0.0,-0.002853471575114841,0.8326924977957378,0.8326924977957378
2006-04-03,0.0011914171966111997,0.0,0.0011914171966111997,0.8336845819571008,0.8336845819571008
2006-04-04,0.005479101845020207,0.0,0.005479101845020207,0.8382524246882669,0.8382524246882669
2006-04-05,0.009476579733149748,0.0,0.009476579733149748,0.8461961906273313,0.8461961906273313
2006-04-06,0.002816494714017237,0.0,0.002816494714017237,0.8485794977252548,0.8485794977252548
2006-04-07,-0.009595491554500568,0.0,-0.009595491554500568,0.8404369603215097,0.8404369603215097
2006-04-10,-0.001417581128511869,0.0,-0.001417581128511869,0.8392455727468541,0.8392455727468541
2006-04-11,-0.008045983082772268,0.0,-0.008045983082772268,0.8324930170662413,0.8324930170662413
2006-04-12,0.00023961850178588762,0.0,0.00023961850178588762,0.832692497795738,0.832692497795738
2006-04-13,0.004053693201660602,0.0,0.004053693201660602,0.8360679777131264,0.8360679777131264
2006-04-17,-0.010451155637565934,0.0,-0.010451155637565934,0.8273301011544615,0.8273301011544615
2006-04-18,0.019203377051021375,0.0,0.019203377051021375,0.8432176330325902,0.8432176330325902
2006-04-19,0.004474974587031388,0.0,0.004474974587031388,0.8469910105117479,0.8469910105117479
2006-04-20,-0.0035177856634663884,0.0,-0.0035177856634663884,0.8440114776778848,0.8440114776778848
2006-04-21,-0.011764476021986048,0.0,-0.011764476021986048,0.8340821248864623,0.8340821248864623
2006-04-24,-0.000952077254633088,0.0,-0.000952077254633088,0.8332880142668618,0.8332880142668618
2006-04-25,-0.002145039846713881,0.0,-0.002145039846713881,0.8315005782724704,0.8315005782724704
2006-04-26,-0.0002389448808218786,0.0,-0.0002389448808218786,0.8313018954658917,0.8313018954658917
2006-04-27,0.009555706927036889,0.0,0.009555706927036889,0.8392455727468541,0.8392455727468541
2006-04-28,-0.009702210733259498,0.0,-0.009702210733259498,0.831103035343109,0.831103035343109
2006-05-01,-0.00979641246956553,0.0,-0.00979641246956553,0.8229612072041801,0.8229612072041801
2006-05-02,0.0026541587134554234,0.0,0.0026541587134554234,0.8251454768631169,0.8251454768631169
2006-05-03,-0.001443744103261091,0.0,-0.001443744103261091,0.8239541779465632,0.8239541779465632
2006-05-04,0.008194874458956392,0.0,0.008194874458956392,0.830706378994768,0.830706378994768
2006-05-05,0.007888450671275526,0.0,0.007888450671275526,0.8372593652877821,0.8372593652877821
2006-05-08,0.0009492055380488917,0.0,0.0009492055380488917,0.8380540965140966,0.8380540965140966
2006-05-09,-0.0037919521200984185,0.0,-0.0037919521200984185,0.8348762355060628,0.8348762355060628
2006-05-10,-0.008800753801155747,0.0,-0.008800753801155747,0.8275286953029383,0.8275286953029383
2006-05-11,-0.022318139879313414,0.0,-0.022318139879313414,0.8090597941270216,0.8090597941270216
2006-05-12,-0.013500568071240338,0.0,-0.013500568071240338,0.798137027302706,0.798137027302706
2006-05-15,-0.0007464663648587555,0.0,-0.0007464663648587555,0.7975412448572762,0.7975412448572762
2006-05-16,-0.007469684110010366,0.0,-0.007469684110010366,0.7915838636934879,0.7915838636934879
2006-05-17,-0.013547404379235073,0.0,-0.013547404379235073,0.7808599569919549,0.7808599569919549
2006-05-18,-0.006866842076938107,0.0,-0.006866842076938107,0.7754979149830864,0.7754979149830864
2006-05-19,0.007682465266623195,0.0,0.007682465266623195,0.7814556507792827,0.7814556507792827
2006-05-22,-0.009657304225504593,0.0,-0.009657304225504593,0.7739088958209674,0.7739088958209674
2006-05-23,-0.009751133531038958,0.0,-0.009751133531038958,0.7663624068369582,0.7663624068369582
2006-05-24,0.006737258821705616,0.0,0.006737258821705616,0.7715255887230441,0.7715255887230441
2006-05-25,0.01312774375659087,0.0,0.01312774375659087,0.7816539789534531,0.7816539789534531
2006-05-26,0.0033031255720807895,0.0,0.0033031255720807895,0.784235880199853,0.784235880199853
2006-05-30,-0.02152500333498386,0.0,-0.02152500333498386,0.7673552002631372,0.7673552002631372
2006-05-31,0.004658577057215618,0.0,0.004658577057215618,0.7709299835938181,0.7709299835938181
2006-06-01,0.023699393447605743,0.0,0.023699393447605743,0.7892005565955643,0.7892005565955643
2006-06-02,-0.0025163964573631237,0.0,-0.0025163964573631237,0.7872146151107983,0.7872146151107983
2006-06-05,-0.021695491652530707,0.0,-0.021695491652530707,0.7701356069999118,0.7701356069999118
2006-06-06,-0.0007731467128774261,0.0,-0.0007731467128774261,0.76954017918689,0.76954017918689
2006-06-07,-0.007483989090611209,0.0,-0.007483989090611209,0.7637809488810683,0.7637809488810683
2006-06-08,-0.0015600872116610098,0.0,-0.0015600872116610098,0.7625893839902086,0.7625893839902086
2006-06-09,-0.006510520361478034,0.0,-0.006510520361478034,0.7576245302782934,0.7576245302782934
2006-06-12,-0.019659028422450597,0.0,-0.019659028422450597,0.7427303681040066,0.7427303681040066
2006-06-13,-0.004011176408622252,0.0,-0.004011176408622252,0.7397511455735005,0.7397511455735005
2006-06-14,0.010201748254765386,0.0,0.010201748254765386,0.7472979005318157,0.7472979005318157
2006-06-15,0.027105870148556477,0.0,0.027105870148556477,0.7675540603859199,0.7675540603859199
2006-06-16,-0.00735273309345541,0.0,-0.00735273309345541,0.7619104402451042,0.7619104402451042
2006-06-19,-0.008085242799900638,0.0,-0.008085242799900638,0.7557502093439434,0.7557502093439434
2006-06-20,0.0013140047970969793,0.0,0.0013140047970969793,0.7567432687444284,0.7567432687444284
2006-06-21,0.015756620888960127,0.0,0.015756620888960127,0.7686669855403069,0.7686669855403069
2006-06-22,-0.012667568933568019,0.0,-0.012667568933568019,0.7589298435140172,0.7589298435140172
2006-06-23,-0.0010479912469191222,0.0,-0.0010479912469191222,0.7581344916809888,0.7581344916809888
2006-06-26,0.002621147988911554,0.0,0.002621147988911554,0.7601216743791829,0.7601216743791829
2006-06-27,-0.01882376762512117,0.0,-0.01882376762512117,0.7458133206138511,0.7458133206138511
2006-06-28,0.007461626456018111,0.0,0.007461626456018111,0.7513783010181941,0.7513783010181941
2006-06-29,0.030414595381008436,0.0,0.030414595381008436,0.7742311680217321,0.7742311680217321
2006-06-30,-0.004876342843637138,0.0,-0.004876342843637138,0.7704557514062285,0.7704557514062285
2006-07-03,0.005932091243114446,0.0,0.005932091243114446,0.7750261652223525,0.7750261652223525
2006-07-05,-0.021794971962678877,0.0,-0.021794971962678877,0.7581344916809888,0.7581344916809888
2006-07-06,-0.0010485059725431345,0.0,-0.0010485059725431345,0.7573395831384703,0.7573395831384703
2006-07-07,-0.011020516962219173,0.0,-0.011020516962219173,0.7489933094163328,0.7489933094163328
2006-07-10,-0.008755746404313647,0.0,-0.008755746404313647,0.7424353139405557,0.7424353139405557
2006-07-11,0.0074943222524535,0.0,0.0074943222524535,0.7479993634348278,0.7479993634348278
2006-07-12,-0.018862679150559836,0.0,-0.018862679150559836,0.7338900914375336,0.7338900914375336
2006-07-13,-0.01678879014969703,0.0,-0.01678879014969703,0.7215689646994469,0.7215689646994469
2006-07-14,-0.010190099697964583,0.0,-0.010190099697964583,0.7142161050102024,0.7142161050102024
2006-07-17,0.002504888685199713,0.0,0.002504888685199713,0.7160051368504299,0.7160051368504299
2006-07-18,0.003330412754986245,0.0,0.003330412754986245,0.7183897294908322,0.7183897294908322
2006-07-19,0.013001543578875507,0.0,0.013001543578875507,0.7277299048654239,0.7277299048654239
2006-07-20,-0.014746341891893722,0.0,-0.014746341891893722,0.7169985508833231,0.7169985508833231
2006-07-21,-0.010532282310224628,0.0,-0.010532282310224628,0.709446919729398,0.709446919729398
2006-07-24,0.019887706331399357,0.0,0.019887706331399357,0.7235561917266922,0.7235561917266922
2006-07-25,0.005768333111449975,0.0,0.005768333111449975,0.7277299048654239,0.7277299048654239
2006-07-26,-0.0008195390187436535,0.0,-0.0008195390187436535,0.7271335018132801,0.7271335018132801
2006-07-27,-0.006559190181948615,0.0,-0.006559190181948615,0.7223640948872205,0.7223640948872205
2006-07-28,0.020907918081193078,0.0,0.020907918081193078,0.7374672242079178,0.7374672242079178
2006-07-31,-0.00026875118040736723,0.0,-0.00026875118040736723,0.7372690290209002,0.7372690290209002
2006-08-01,-0.01671226724091024,0.0,-0.01671226724091024,0.7249475919794565,0.7249475919794565
2006-08-02,0.011238991154400413,0.0,0.011238991154400413,0.7330952715531175,0.7330952715531175
2006-08-03,0.006234648223340633,0.0,0.006234648223340633,0.7376658626854455,0.7376658626854455
2006-08-04,-0.004579738805254863,0.0,-0.004579738805254863,0.7342875457087932,0.7342875457087932
2006-08-07,-0.00649498321015507,0.0,-0.00649498321015507,0.7295183604279886,0.7295183604279886
2006-08-08,-0.006265460468809048,0.0,-0.006265460468809048,0.7249475919794566,0.7249475919794566
2006-08-09,0.0013702641609301125,0.0,0.0013702641609301125,0.7259409616832986,0.7259409616832986
2006-08-10,0.007118322393670384,0.0,0.007118322393670384,0.7311084434873314,0.7311084434873314
2006-08-11,-0.0070680100196686135,0.0,-0.0070680100196686135,0.7259409616832986,0.7259409616832986
2006-08-14,0.006570331682766328,0.0,0.006570331682766328,0.7307106345836643,0.7307106345836643
2006-08-15,0.02529242825086242,0.0,0.02529242825086242,0.7491920808810137,0.7491920808810137
2006-08-16,0.023607303412603864,0.0,0.023607303412603864,0.7668784856486919,0.7668784856486919
2006-08-17,0.0036279279584445767,0.0,0.0036279279584445767,0.7696606655475065,0.7696606655475065
2006-08-18,0.0015486299048681484,0.0,0.0015486299048681484,0.770852585070774,0.770852585070774
2006-08-21,-0.009538376747306954,0.0,-0.009538376747306954,0.7634999026977335,0.7634999026977335
2006-08-22,0.000261039212432701,0.0,0.000261039212432701,0.7636992061110262,0.7636992061110262
2006-08-23,-0.007546220498977241,0.0,-0.007546220498977241,0.7579361635068185,0.7579361635068185
2006-08-24,0.0028835025660376434,0.0,0.0028835025660376434,0.7601216743791831,0.7601216743791831
2006-08-25,0.0018302634741951262,0.0,0.0018302634741951262,0.7615128973157433,0.7615128973157433
2006-08-28,0.007568118597500284,0.0,0.007568118597500284,0.767276117236155,0.767276117236155
2006-08-29,0.003107809897616498,0.0,0.003107809897616498,0.7696606655475062,0.7696606655475062
2006-08-30,0.004647387199636199,0.0,0.004647387199636199,0.7732375766726352,0.7732375766726352
2006-08-31,-0.0010277969543776022,0.0,-0.0010277969543776022,0.7724428454463207,0.7724428454463207
2006-09-01,0.005402403851064941,0.0,0.005402403851064941,0.7766158936492874,0.7766158936492874
2006-09-05,0.009723651753170692,0.0,0.009723651753170692,0.7841674361451105,0.7841674361451105
2006-09-06,-0.020020016172126454,0.0,-0.020020016172126454,0.7684683913918304,0.7684683913918304
2006-09-07,-0.00465505907283692,0.0,-0.00465505907283692,0.7648911256342935,0.7648911256342935
2006-09-08,0.005975247539097728,0.0,0.005975247539097728,0.7694615394504175,0.7694615394504175
2006-09-11,0.006198657537479058,0.0,0.006198657537479058,0.7742311680217321,0.7742311680217321
2006-09-12,0.01848106913106884,0.0,0.01848106913106884,0.7885397877613699,0.7885397877613699
2006-09-13,0.006804123827250708,0.0,0.006804123827250708,0.7939051101200123,0.7939051101200123
2006-09-14,0.0010010405729650174,0.0,0.0010010405729650174,0.7946998413463267,0.7946998413463267
2006-09-15,0.003577785200352679,0.0,0.003577785200352679,0.7975431066774181,0.7975431066774181
2006-09-18,0.0002490074164192002,0.0,0.0002490074164192002,0.7977417008258948,0.7977417008258948
2006-09-19,-0.006729528350660985,0.0,-0.006729528350660985,0.7923732754336824,0.7923732754336824
2006-09-20,0.014554785707348472,0.0,0.014554785707348472,0.8039060986578495,0.8039060986578495
2006-09-21,-0.006183522092010896,0.0,-0.006183522092010896,0.7989351275368963,0.7989351275368963
2006-09-22,-0.007715323794248996,0.0,-0.007715323794248996,0.7927710843373496,0.7927710843373496
2006-09-25,0.017557024571200897,0.0,0.017557024571200897,0.806689785744398,0.806689785744398
2006-09-26,0.004929725447648359,0.0,0.004929725447648359,0.8106665449095402,0.8106665449095402
2006-09-27,-0.0012265223230890632,0.0,-0.0012265223230890632,0.8096722442956271,0.8096722442956271
2006-09-28,0.002701443762972877,0.0,0.002701443762972877,0.8118595283300318,0.8118595283300318
2006-09-29,-0.004408009221164355,0.0,-0.004408009221164355,0.8082808440428629,0.8082808440428629
2006-10-02,-0.012546795322496918,0.0,-0.012546795322496918,0.798139509729562,0.798139509729562
2006-10-03,0.004235739121036364,0.0,0.004235739121036364,0.8015202204749683,0.8015202204749683
2006-10-04,0.024559389198142823,0.0,0.024559389198142823,0.8212050675197943,0.8212050675197943
2006-10-05,0.004842805577609521,0.0,0.004842805577609521,0.8251820040011404,0.8251820040011404
2006-10-06,-0.0021683674702762668,0.0,-0.0021683674702762668,0.823392706186607,0.823392706186607
2006-10-09,0.0033799989469469605,0.0,0.0033799989469469605,0.8261757726664415,0.8261757726664415
2006-10-10,0.0016850040434945868,0.0,0.0016850040434945868,0.8275678821840217,0.8275678821840217
2006-10-11,-0.0019215000384600334,0.0,-0.0019215000384600334,0.8259777104665768,0.8259777104665768
2006-10-12,0.01588804648300135,0.0,0.01588804648300135,0.8391008827243928,0.8391008827243928
2006-10-13,0.005449863056077753,0.0,0.005449863056077753,0.8436738676254747,0.8436738676254747
2006-10-16,0.0009424090151803899,0.0,0.0009424090151803899,0.844468953484197,0.844468953484197
2006-10-17,-0.011066554708731968,0.0,-0.011066554708731968,0.8351235916106385,0.8351235916106385
2006-10-18,-0.0047615625169527,0.0,-0.0047615625169527,0.8311470984198024,0.8311470984198024
2006-10-19,0.002391958394601712,0.0,0.002391958394601712,0.8331351676990165,0.8331351676990165
2006-10-20,0.0023866762426003607,0.0,0.0023866762426003607,0.8351235916106386,0.8351235916106386
2006-10-23,0.010238336098667533,0.0,0.010238336098667533,0.8436738676254747,0.8436738676254747
2006-10-24,-0.006834461989327911,0.0,-0.006834461989327911,0.8379078106457991,0.8379078106457991
2006-10-25,0.00688149329367338,0.0,0.00688149329367338,0.8436738676254747,0.8436738676254747
2006-10-26,0.00919185064204231,0.0,0.00919185064204231,0.8514287918072823,0.8514287918072823
2006-10-27,-0.014245940129377743,0.0,-0.014245940129377743,0.8392993882147672,0.8392993882147672
2006-10-30,0.0063968457002478996,0.0,0.0063968457002478996,0.8446682568974896,0.8446682568974896
2006-10-31,0.0023537737106620327,0.0,0.0023537737106620327,0.8466564148348056,0.8466564148348056
2006-11-01,-0.013621609689707936,0.0,-0.013621609689707936,0.8351235916106384,0.8351235916106384
2006-11-02,0.0009530131703086031,0.0,0.0009530131703086031,0.8359194753922788,0.8359194753922788
2006-11-03,-0.0026167265590745226,0.0,-0.0026167265590745226,0.8337321026997723,0.8337321026997723
2006-11-06,0.014547790906370484,0.0,0.014547790906370484,0.8458610630017772,0.8458610630017772
2006-11-07,0.006817313767489841,0.0,0.006817313767489841,0.8516275632719629,0.8516275632719629
2006-11-08,0.004669703042448514,0.0,0.004669703042448514,0.855604411095207,0.855604411095207
2006-11-09,-0.0046479982707822165,0.0,-0.0046479982707822165,0.8516275632719629,0.8516275632719629
2006-11-10,0.004669703042448514,0.0,0.004669703042448514,0.855604411095207,0.855604411095207
2006-11-13,0.01022547185119782,0.0,0.01022547185119782,0.8643533699166217,0.8643533699166217
2006-11-14,0.010582003526821593,0.0,0.010582003526821593,0.8734999603254995,0.8734999603254995
2006-11-15,0.0040972529181813044,0.0,0.0040972529181813044,0.8770789105869744,0.8770789105869744
2006-11-16,0.004307162879594539,0.0,0.004307162879594539,0.8808566323131298,0.8808566323131298
2006-11-17,0.0,0.0,0.0,0.8808566323131298,0.8808566323131298
2006-11-20,0.0020318188447348007,0.0,0.0020318188447348007,0.8826463734181733,0.8826463734181733
2006-11-21,0.0013516988394495222,0.0,0.0013516988394495222,0.883839445496767,0.883839445496767
2006-11-22,0.006299379571448771,0.0,0.006299379571448771,0.8894070856441699,0.8894070856441699
2006-11-24,-0.0017886983451549376,0.0,-0.0017886983451549376,0.8878162046619091,0.8878162046619091
2006-11-27,-0.02262048514010284,0.0,-0.02262048514010284,0.867733371397212,0.867733371397212
2006-11-28,0.0029791327881159013,0.0,0.0029791327881159013,0.8703184643352837,0.8703184643352837
2006-11-29,0.006853819613164225,0.0,0.006853819613164225,0.8762834700958438,0.8762834700958438
2006-11-30,-0.0006803016354657299,0.0,-0.0006803016354657299,0.875687333018006,0.875687333018006
2006-12-01,-0.008629027448973758,0.0,-0.008629027448973758,0.868131002984675,0.868131002984675
2006-12-04,0.013742995866888652,0.0,0.013742995866888652,0.8800617237706113,0.8800617237706113
2006-12-05,0.0036146798251583956,0.0,0.0036146798251583956,0.8832428651284191,0.8832428651284191
2006-12-06,-0.0036016609738989125,0.0,-0.0036016609738989125,0.8800617237706114,0.8800617237706114
2006-12-07,-0.01265273938854583,0.0,-0.01265273938854583,0.8689265321339075,0.8689265321339075
2006-12-08,0.0045766345232616246,0.0,0.0045766345232616246,0.8729032912990495,0.8729032912990495
2006-12-11,0.0036446274906114517,0.0,0.0036446274906114517,0.8760846986311632,0.8760846986311632
2006-12-12,-0.005900962080163219,0.0,-0.005900962080163219,0.8709149560455295,0.8709149560455295
2006-12-13,0.0018266777613791252,0.0,0.0018266777613791252,0.8725058370277904,0.8725058370277904
2006-12-14,0.011166273525231807,0.0,0.011166273525231807,0.882248475856404,0.882248475856404
2006-12-15,0.0025729736074247,0.0,0.0025729736074247,0.8845184778999732,0.8845184778999732
2006-12-18,-0.009903038428600297,0.0,-0.009903038428600297,0.8757590574225227,0.8757590574225227
2006-12-19,-0.003183357332948944,0.0,-0.003183357332948944,0.8729712034051802,0.8729712034051802
2006-12-20,-0.0036481016435194746,0.0,-0.0036481016435194746,0.8697865157232926,0.8697865157232926
2006-12-21,-0.007095816043308445,0.0,-0.007095816043308445,0.8636146706107699,0.8636146706107699
2006-12-22,-0.010373314487818197,0.0,-0.010373314487818197,0.8546561240362308,0.8546561240362308
2006-12-26,0.004192570262585349,0.0,0.004192570262585349,0.8582393298866016,0.8582393298866016
2006-12-27,0.005103340527994549,0.0,0.005103340527994549,0.8626192174415307,0.8626192174415307
2006-12-28,-0.004846795306096996,0.0,-0.004846795306096996,0.858438278667486,0.858438278667486
2006-12-29,0.0009280593891911604,0.0,0.0009280593891911604,0.8592349603720445,0.8592349603720445
2007-01-03,0.0018535723262600445,0.0,0.0018535723262600445,0.8608276145163453,0.8608276145163453
2007-01-04,0.01896406825466146,0.0,0.01896406825466146,0.8771524081535307,0.8771524081535307
2007-01-05,-0.004766793899765198,0.0,-0.004766793899765198,0.8729712034051801,0.8729712034051801
2007-01-08,0.0006844062519328897,0.0,0.0006844062519328897,0.873568670354548,0.873568670354548
2007-01-09,0.00501338139879004,0.0,0.00501338139879004,0.8779482032770692,0.8779482032770692
2007-01-10,0.011791819302916284,0.0,0.011791819302916284,0.8883008098474324,0.8883008098474324
2007-01-11,0.01030960143513604,0.0,0.01030960143513604,0.897458837151468,0.897458837151468
2007-01-12,0.005101902714830686,0.0,0.005101902714830686,0.9020375848291798,0.9020375848291798
2007-01-16,-0.0006621560378516911,0.0,-0.0006621560378516911,0.9014402951960161,0.9014402951960161
2007-01-17,-0.00817134659676888,0.0,-0.00817134659676888,0.8940743141076758,0.8940743141076758
2007-01-18,-0.018481496241912976,0.0,-0.018481496241912976,0.8775504830315038,0.8775504830315038
2007-01-19,0.0020415952812153915,0.0,0.0020415952812153915,0.8793420859566893,0.8793420859566893
2007-01-22,-0.010866726824522277,0.0,-0.010866726824522277,0.8697865157232924,0.8697865157232924
2007-01-23,-0.002517896513658191,0.0,-0.002517896513658191,0.8675964832877258,0.8675964832877258
2007-01-24,0.016521068953719853,0.0,0.016521068953719853,0.8819301046121272,0.8819301046121272
2007-01-25,-0.01286629529850647,0.0,-0.01286629529850647,0.8705829314535448,0.8705829314535448
2007-01-26,-0.0036588223516895724,0.0,-0.0036588223516895724,0.8673976231649432,0.8673976231649432
2007-01-29,0.0009177579884755982,0.0,0.0009177579884755982,0.8681936842627875,0.8681936842627875
2007-01-30,0.00045850929946733565,0.0,0.00045850929946733565,0.8685917591407608,0.8685917591407608
2007-01-31,0.010084827194676294,0.0,0.010084827194676294,0.8773513569344152,0.8773513569344152
2007-02-01,-0.001588537308799487,0.0,-0.001588537308799487,0.875957651570999,0.875957651570999
2007-02-02,0.0036365748950220045,0.0,0.0036365748950220045,0.8791431371758046,0.8791431371758046
2007-02-05,-0.0009060008031378519,0.0,-0.0009060008031378519,0.8783466327874502,0.8783466327874502
2007-02-06,-0.0013596279524972221,0.0,-0.0013596279524972221,0.8771524081535306,0.8771524081535306
2007-02-07,0.009078346398276427,0.0,0.009078346398276427,0.8851155015588307,0.8851155015588307
2007-02-08,-0.00022497187851522327,0.0,-0.00022497187851522327,0.8849163754617421,0.8849163754617421
2007-02-09,-0.012823477361093238,0.0,-0.012823477361093238,0.8735686703545478,0.8735686703545478
2007-02-12,-0.003873958082781015,0.0,-0.003873958082781015,0.8701845019431635,0.8701845019431635
2007-02-13,0.0034317674504045215,0.0,0.0034317674504045215,0.8731707727927785,0.8731707727927785
2007-02-14,0.016871697928527274,0.0,0.016871697928527274,0.8879026463113571,0.8879026463113571
2007-02-15,0.005829410098366461,0.0,0.005829410098366461,0.8930785949641308,0.8930785949641308
2007-02-16,-0.0033433969127061314,0.0,-0.0033433969127061314,0.8900926787469238,0.8900926787469238
2007-02-20,0.007604280206529923,0.0,0.007604280206529923,0.8968611928858962,0.8968611928858962
2007-02-21,0.003107962245376239,0.0,0.003107962245376239,0.8996486036127286,0.8996486036127286
2007-02-22,0.005089386012742336,0.0,0.005089386012742336,0.9042272626323383,0.9042272626323383
2007-02-23,-0.0035222933302428983,0.0,-0.0035222933302428983,0.9010423089761447,0.9010423089761447
2007-02-26,-0.004861207387933164,0.0,-0.004861207387933164,0.8966621554469095,0.8966621554469095
2007-02-27,-0.04107464838810848,0.0,-0.04107464838810848,0.8598320726890043,0.8598320726890043
2007-02-28,0.003241498940380394,0.0,0.003241498940380394,0.8626192174415308,0.8626192174415308
2007-03-01,-0.004615545264985865,0.0,-0.004615545264985865,0.8586377593969827,0.8586377593969827
2007-03-02,-0.015070698268011218,0.0,-0.015070698268011218,0.8456974888035896,0.8456974888035896
2007-03-05,-0.007768011764085481,0.0,-0.007768011764085481,0.8391281007617059,0.8391281007617059
2007-03-06,0.016606645806842568,0.0,0.016606645806842568,0.853063203917624,0.853063203917624
2007-03-07,-0.003967182096173305,0.0,-0.003967182096173305,0.8496789468481378,0.8496789468481378
2007-03-08,0.006794402746058914,0.0,0.006794402746058914,0.8554520078178712,0.8554520078178712
2007-03-09,-0.0009303663728261746,0.0,-0.0009303663728261746,0.8546561240362308,0.8546561240362308
2007-03-12,0.006522260062594043,0.0,0.006522260062594043,0.8602304135412837,0.8602304135412837
2007-03-13,-0.01943978140706837,0.0,-0.01943978140706837,0.8435077223423292,0.8435077223423292
2007-03-14,0.014632604609296163,0.0,0.014632604609296163,0.8558504373282525,0.8558504373282525
2007-03-15,-0.0023260244260534524,0.0,-0.0023260244260534524,0.8538597083059785,0.8538597083059785
2007-03-16,-0.0007699155024225579,0.0,-0.0007699155024225579,0.8532023084796597,0.8532023084796597
2007-03-19,0.010273068709219624,0.0,0.010273068709219624,0.861967314417536,0.861967314417536
2007-03-20,0.00716440170225896,0.0,0.00716440170225896,0.8681427945122406,0.8681427945122406
2007-03-21,0.01927465500003578,0.0,0.01927465500003578,0.8848759473672311,0.8848759473672311
2007-03-22,-0.0036014262629889826,0.0,-0.0036014262629889826,0.8816891318908955,0.8816891318908955
2007-03-23,-0.0031632538859666104,0.0,-0.0031632538859666104,0.878900125318227,0.878900125318227
2007-03-26,0.0040794422479148995,0.0,0.0040794422479148995,0.882485547621148,0.882485547621148
2007-03-27,-0.006997423899963495,0.0,-0.006997423899963495,0.8763104221588514,0.8763104221588514
2007-03-28,-0.010683968432304014,0.0,-0.010683968432304014,0.8669479492716072,0.8669479492716072
2007-03-29,0.0011493520564851423,0.0,0.0011493520564851423,0.8679443776799681,0.8679443776799681
2007-03-30,-0.0009188142097401597,0.0,-0.0009188142097401597,0.8671468980524917,0.8671468980524917
2007-04-02,0.0013787219998533384,0.0,0.0013787219998533384,0.8683424525579412,0.8683424525579412
2007-04-03,0.01307599679078053,0.0,0.01307599679078053,0.8796968956808873,0.8796968956808873
2007-04-04,0.004075848145681515,0.0,0.004075848145681515,0.88328240664191,0.88328240664191
2007-04-05,0.004961861100410081,0.0,0.004961861100410081,0.8876651312561031,0.8876651312561031
2007-04-09,-0.002468381662902641,0.0,-0.002468381662902641,0.8854740349233126,0.8854740349233126
2007-04-10,0.005174460831794514,0.0,0.005174460831794514,0.8900558856345943,0.8900558856345943
2007-04-11,-0.01051956959891398,0.0,-0.01051956959891398,0.8806928807987381,0.8806928807987381
2007-04-12,0.007916778492681242,0.0,0.007916778492681242,0.887665131256103,0.887665131256103
2007-04-13,0.0020195305180825684,0.0,0.0020195305180825684,0.8894577980785124,0.8894577980785124
2007-04-16,0.009182903315322344,0.0,0.009182903315322344,0.8976256030413269,0.8976256030413269
2007-04-17,0.0022188585693720952,0.0,0.0022188585693720952,0.8996173073027229,0.8996173073027229
2007-04-18,-0.0033211655812926955,0.0,-0.0033211655812926955,0.8966295292653739,0.8966295292653739
2007-04-19,0.0031104462027382596,0.0,0.0031104462027382596,0.8994184471799404,0.8994184471799404
2007-04-20,0.005537124104109781,0.0,0.005537124104109781,0.9043986387435013,0.9043986387435013
2007-04-23,0.0015421082504898376,0.0,0.0015421082504898376,0.9057933193460395,0.9057933193460395
2007-04-24,0.005057797032525402,0.0,0.005057797032525402,0.9103746381087092,0.9103746381087092
2007-04-25,0.013347778981581904,0.0,0.013347778981581904,0.9225261175686219,0.9225261175686219
2007-04-26,0.005182964479620411,0.0,0.005182964479620411,0.9273075376675022,0.9273075376675022
2007-04-27,0.00042928032157973917,0.0,0.00042928032157973917,0.9277056125454755,0.9277056125454755
2007-04-30,-0.013098517410790045,0.0,-0.013098517410790045,0.9155540444274609,0.9155540444274609
2007-05-01,-0.0008703571630888085,0.0,-0.0008703571630888085,0.9147571854066986,0.9147571854066986
2007-05-02,0.01088855412782963,0.0,0.01088855412782963,0.9247175685338205,0.9247175685338205
2007-05-03,0.0036622665074999006,0.0,0.0036622665074999006,0.9281041307139586,0.9281041307139586
2007-05-04,0.0008585879476146197,0.0,0.0008585879476146197,0.9289009897347209,0.9289009897347209
2007-05-07,0.0,0.0,0.0,0.9289009897347209,0.9289009897347209
2007-05-08,0.002144246740513056,0.0,0.002144246740513056,0.9308927826542189,0.9308927826542189
2007-05-09,0.002140515942915089,0.0,0.002140515942915089,0.9328853734966349,0.9328853734966349
2007-05-10,-0.013666619782024436,0.0,-0.013666619782024436,0.9201359837968446,0.9201359837968446
2007-05-11,0.012772877250956771,0.0,0.012772877250956771,0.93188876777207,0.93188876777207
2007-05-14,-0.006840237202050181,0.0,-0.006840237202050181,0.9255144275545828,0.9255144275545828
2007-05-15,-0.007748721853646723,0.0,-0.007748721853646723,0.9183428736839253,0.9183428736839253
2007-05-16,0.009761783142733238,0.0,0.009761783142733238,0.9273075376675023,0.9273075376675023
2007-05-17,-0.004726099077133394,0.0,-0.004726099077133394,0.922924990369513,0.922924990369513
2007-05-18,0.00820187716848153,0.0,0.00820187716848153,0.9304947077762458,0.9304947077762458
2007-05-21,0.006422579979733722,0.0,0.006422579979733722,0.9364708844576577,0.9364708844576577
2007-05-22,0.0008506330091808678,0.0,0.0008506330091808678,0.9372674775041142,0.9372674775041142
2007-05-23,-0.004675403886997609,0.0,-0.004675403886997609,0.932885373496635,0.932885373496635
2007-05-24,-0.01430754551294966,0.0,-0.01430754551294966,0.9195380735569669,0.9195380735569669
2007-05-25,0.006282557243091125,0.0,0.006282557243091125,0.9253151241412904,0.9253151241412904
2007-05-29,0.007750774104898772,0.0,0.007750774104898772,0.9324870326443558,0.9324870326443558
2007-05-30,0.008117201841033594,0.0,0.008117201841033594,0.9400562181024765,0.9400562181024765
2007-05-31,0.004662665721791193,0.0,0.004662665721791193,0.9444393860071796,0.9444393860071796
2007-06-01,0.0006321460833838,0.0,0.0006321460833838,0.9450364096660374,0.9450364096660374
2007-06-04,0.0029514036288380563,0.0,0.0029514036288380563,0.9478255935549098,0.9478255935549098
2007-06-05,0.0,0.0,0.0,0.9478255935549098,0.9478255935549098
2007-06-06,-0.010718379690191404,0.0,-0.010718379690191404,0.9376664389631072,0.9376664389631072
2007-06-07,-0.015509530023381735,0.0,-0.015509530023381735,0.9231236731760915,0.9231236731760915
2007-06-08,0.012300696060141059,0.0,0.012300696060141059,0.9344787369057516,0.9344787369057516
2007-06-11,-0.0019187397037565557,0.0,-0.0019187397037565557,0.9326857154509343,0.9326857154509343
2007-06-12,-0.005979831992842577,0.0,-0.005979831992842577,0.9271084115704135,0.9271084115704135
2007-06-13,0.01095779717551304,0.0,0.01095779717551304,0.9372674775041141,0.9372674775041141
2007-06-14,0.006588623767193047,0.0,0.006588623767193047,0.9434427802826147,0.9434427802826147
2007-06-15,0.009234909823556459,0.0,0.009234909823556459,0.9521553892822101,0.9521553892822101
2007-06-18,0.00020875948077181405,0.0,0.00020875948077181405,0.9523541607468907,0.9523541607468907
2007-06-19,-0.00020871590934690154,0.0,-0.00020871590934690154,0.9521553892822101,0.9521553892822101
2007-06-20,-0.00942294857030479,0.0,-0.00942294857030479,0.9431832780180653,0.9431832780180653
2007-06-21,0.009089872540438915,0.0,0.009089872540438915,0.9517566937975229,0.9517566937975229
2007-06-22,-0.0094266164328628,0.0,-0.0094266164328628,0.9427848485076841,0.9427848485076841
2007-06-25,-0.004228724652266647,0.0,-0.004228724652266647,0.9387980709770162,0.9387980709770162
2007-06-26,-0.0057341737927132375,0.0,-0.0057341737927132375,0.9334148396817701,0.9334148396817701
2007-06-27,0.015378241326290398,0.0,0.015378241326290398,0.947769118343937,0.947769118343937
2007-06-28,-0.00042048022115293016,0.0,-0.00042048022115293016,0.9473706001754538,0.9473706001754538
2007-06-29,0.0016834706466037908,0.0,0.0016834706466037908,0.9489654707723046,0.9489654707723046
2007-07-02,0.009033739138753827,0.0,0.009033739138753827,0.9575381772869463,0.9575381772869463
2007-07-03,0.005829257692299805,0.0,0.005829257692299805,0.963119914072567,0.963119914072567
2007-07-05,0.0072451254240883944,0.0,0.0072451254240883944,0.97009783864846,0.97009783864846
2007-07-06,0.004110213754145775,0.0,0.004110213754145775,0.9740851481277399,0.9740851481277399
2007-07-09,0.0006138172222696081,0.0,0.0006138172222696081,0.9746830583676178,0.9746830583676178
2007-07-10,-0.008386145263917788,0.0,-0.008386145263917788,0.9665092246538673,0.9665092246538673
2007-07-11,0.006807299487145535,0.0,0.006807299487145535,0.973088542403175,0.973088542403175
2007-07-12,0.015365155689232246,0.0,0.015365155689232246,0.9880401993566078,0.9880401993566078
2007-07-13,0.0068609426431440745,0.0,0.0068609426431440745,0.9948190864935141,0.9948190864935141
2007-07-16,-0.0010023306616397942,0.0,-0.0010023306616397942,0.9938219488203373,0.9938219488203373
2007-07-17,0.007622929665382472,0.0,0.007622929665382472,1.001397783636108,1.001397783636108
2007-07-18,-0.0011951251924404716,0.0,-0.0011951251924404716,1.0002009879172304,1.0002009879172304
2007-07-19,0.0029901027801848556,0.0,0.0029901027801848556,1.0031916916719454,1.0031916916719454
2007-07-20,-0.005365132208335899,0.0,-0.005365132208335899,0.9978094356158214,0.9978094356158214
2007-07-23,0.00039948191744576533,0.0,0.00039948191744576533,0.9982080424424067,0.9982080424424067
2007-07-24,-0.014779280674350415,0.0,-0.014779280674350415,0.9834552456117565,0.9834552456117565
2007-07-25,0.001419225232658139,0.0,0.001419225232658139,0.9848509901115187,0.9848509901115187
2007-07-26,-0.00850256314694764,0.0,-0.00850256314694764,0.9764772323777615,0.9764772323777615
2007-07-27,-0.020211976340945292,0.0,-0.020211976340945292,0.9567406976594705,0.9567406976594705
2007-07-30,0.011668696532991962,0.0,0.011668696532991962,0.9679046145212218,0.9679046145212218
2007-07-31,-0.0210091861776458,0.0,-0.0210091861776458,0.947569726272543,0.947569726272543
2007-08-01,0.007784871671343785,0.0,0.007784871671343785,0.9549464349912251,0.9549464349912251
2007-08-02,0.009185216049631961,0.0,0.009185216049631961,0.9637178243124453,0.9637178243124453
2007-08-03,-0.01903174668593921,0.0,-0.01903174668593921,0.9453765908034064,0.9453765908034064
2007-08-06,0.011598612495418825,0.0,0.011598612495418825,0.9563416475423753,0.9563416475423753
2007-08-07,0.007087704009975049,0.0,0.007087704009975049,0.9631199140725675,0.9631199140725675
2007-08-08,0.010971063683755888,0.0,0.010971063683755888,0.9736863639849511,0.9736863639849511
2007-08-09,-0.023136929106943538,0.0,-0.023136929106943538,0.9511582516090337,0.9511582516090337
2007-08-10,-0.009012912940764117,0.0,-0.009012912940764117,0.9425855450943921,0.9425855450943921
2007-08-13,0.006768537573185629,0.0,0.006768537573185629,0.9489654707723051,0.9489654707723051
2007-08-14,-0.017017089120610396,0.0,-0.017017089120610396,0.9328168407837908,0.9328168407837908
2007-08-15,-0.019020754346311786,0.0,-0.019020754346311786,0.9150739608051397,0.9150739608051397
2007-08-16,-0.00980430911370378,0.0,-0.00980430911370378,0.9061022928315049,0.9061022928315049
2007-08-17,0.018921769134143007,0.0,0.018921769134143007,0.9232473512283803,0.9232473512283803
2007-08-20,0.004751492523697554,0.0,0.004751492523697554,0.9276341541152655,0.9276341541152655
2007-08-21,0.010530294703743115,0.0,0.010530294703743115,0.9374024151353567,0.9374024151353567
2007-08-22,0.01361079004342014,0.0,0.01361079004342014,0.950161202593959,0.950161202593959
2007-08-23,-0.0027274070066647393,0.0,-0.0027274070066647393,0.9475697262725432,0.9475697262725432
2007-08-24,0.014096489781116217,0.0,0.014096489781116217,0.9609271332358392,0.9609271332358392
2007-08-27,-0.006639159350434687,0.0,-0.006639159350434687,0.9545473848741302,0.9545473848741302
2007-08-28,-0.02380934689575509,0.0,-0.02380934689575509,0.9318202350592262,0.9318202350592262
2007-08-29,0.02866920780121074,0.0,0.02866920780121074,0.9585347830115122,0.9585347830115122
2007-08-30,0.005199976654676197,0.0,0.005199976654676197,0.9635191415058671,0.9635191415058671
2007-08-31,0.011172999299674746,0.0,0.011172999299674746,0.9742845401991355,0.9742845401991355
2007-09-04,0.016574041154646446,0.0,0.016574041154646446,0.9904323722647317,0.9904323722647317
2007-09-05,-0.010063762104716045,0.0,-0.010063762104716045,0.9804648964894499,0.9804648964894499
2007-09-06,-0.0008137305708149078,0.0,-0.0008137305708149078,0.9796670622295656,0.9796670622295656
2007-09-07,-0.018518464889957786,0.0,-0.018518464889957786,0.9615251321338193,0.9615251321338193
2007-09-10,-0.000621927475418893,0.0,-0.000621927475418893,0.9609271332358394,0.9609271332358394
2007-09-11,0.015145169967516914,0.0,0.015145169967516914,0.975480537995095,0.975480537995095
2007-09-12,0.00020458571937154169,0.0,0.00020458571937154169,0.9756801073826937,0.9756801073826937
2007-09-13,0.004904055202674673,0.0,0.004904055202674673,0.98046489648945,0.98046489648945
2007-09-14,0.0008129167498196477,0.0,0.0008129167498196477,0.9812619328264165,0.9812619328264165
2007-09-17,-0.008329468564726605,0.0,-0.008329468564726605,0.973088542403176,0.973088542403176
2007-09-18,0.025199205192760088,0.0,0.025199205192760088,0.9976096002539174,0.9976096002539174
2007-09-19,0.0025975969584235425,0.0,0.0025975969584235425,1.000200987917231,1.000200987917231
2007-09-20,-0.002790130294129778,0.0,-0.002790130294129778,0.9974102968406248,0.9974102968406248
2007-09-21,0.007119419203871935,0.0,0.007119419203871935,1.0045112788620916,1.0045112788620916
2007-09-24,0.004567098690231308,0.0,0.004567098690231308,1.0090989810081052,1.0090989810081052
2007-09-25,0.009487946448378803,0.0,0.009487946448378803,1.0186732581010238,1.0186732581010238
2007-09-26,0.004895601408749561,0.0,0.004895601408749561,1.0236602763384388,1.0236602763384388
2007-09-27,0.0050659284354031,0.0,0.0050659284354031,1.0288460660405343,1.0288460660405343
2007-09-28,-0.0032955760484936203,0.0,-0.0032955760484936203,1.0254554255877042,1.0254554255877042
2007-10-01,0.011476341307116611,0.0,0.011476341307116611,1.0372239020469831,1.0372239020469831
2007-10-02,0.00019215081034995585,0.0,0.00019215081034995585,1.0374232054602759,1.0374232054602759
2007-10-03,-0.006921826052831981,0.0,-0.006921826052831981,1.0302423424889084,1.0302423424889084
2007-10-04,0.002324016984961874,0.0,0.002324016984961874,1.0326366431914795,1.0326366431914795
2007-10-05,0.020281430976501813,0.0,0.020281430976501813,1.053579991994174,1.053579991994174
2007-10-08,0.006247838938761907,0.0,0.006247838938761907,1.0601625900932556,1.0601625900932556
2007-10-09,0.004327189878871485,0.0,0.004327189878871485,1.0647501149230654,1.0647501149230654
2007-10-10,0.0024356307693331747,0.0,0.0024356307693331747,1.067343453064623,1.067343453064623
2007-10-11,-0.01588504437002436,0.0,-0.01588504437002436,1.0503886549546366,1.0503886549546366
2007-10-12,0.016521274755894266,0.0,0.016521274755894266,1.0677424145236163,1.0677424145236163
2007-10-15,-0.0076596494453256,0.0,-0.0076596494453256,1.0595638819304598,1.0595638819304598
2007-10-16,-0.004706252291102664,0.0,-0.004706252291102664,1.054577306983555,1.054577306983555
2007-10-17,0.012862006655301572,0.0,0.012862006655301572,1.0681412873245073,1.0681412873245073
2007-10-18,0.004294784057264911,0.0,0.004294784057264911,1.072728723496215,1.072728723496215
2007-10-19,-0.024916086159119333,0.0,-0.024916086159119333,1.0460005221962212,1.0460005221962212
2007-10-22,0.012013675378267363,0.0,0.012013675378267363,1.0585668329153848,1.0585668329153848
2007-10-23,0.020916128365476405,0.0,0.020916128365476405,1.0807079526760788,1.0807079526760788
2007-10-24,-0.007567836649120863,0.0,-0.007567836649120863,1.0725293314248203,1.0725293314248203
2007-10-25,-0.01339060310990059,0.0,-0.01339060310990059,1.0581675168239835,1.0581675168239835
2007-10-26,0.016588337875992565,0.0,0.016588337875992565,1.0757207571224598,1.0757207571224598
2007-10-29,0.004079743444540984,0.0,0.004079743444540984,1.0801094218294869,1.0801094218294869
2007-10-30,0.0020313781769834005,0.0,0.0020313781769834005,1.0823035325377455,1.0823035325377455
2007-10-31,0.014190492651714681,0.0,0.014190492651714681,1.0976619528631473,1.0976619528631473
2007-11-01,-0.01871690148376015,0.0,-0.01871690148376015,1.077117122228936,1.077117122228936
2007-11-02,0.007777935356751531,0.0,0.007777935356751531,1.0854948695772828,1.0854948695772828
2007-11-05,-0.0064316019316531525,0.0,-0.0064316019316531525,1.0785133986773099,1.0785133986773099
2007-11-06,0.011281428639540403,0.0,0.011281428639540403,1.090680570621276,1.090680570621276
2007-11-07,-0.02432292640840017,0.0,-0.02432292640840017,1.0641520273669829,1.0641520273669829
2007-11-08,-0.03036564409490594,0.0,-0.03036564409490594,1.0318383656410846,1.0318383656410846
2007-11-09,-0.03344300191117355,0.0,-0.03344300191117355,0.9973305932069275,0.9973305932069275
2007-11-12,-0.025399993741763827,0.0,-0.025399993741763827,0.971998402381002,0.971998402381002
2007-11-13,0.04124779369116305,0.0,0.04124779369116305,1.0120911919505537,1.0120911919505537
2007-11-14,-0.012810554619463677,0.0,-0.012810554619463677,0.9991257424561931,0.9991257424561931
2007-11-15,-0.005390160135957278,0.0,-0.005390160135957278,0.9937402947083971,0.9937402947083971
2007-11-16,0.009233290628334556,0.0,0.009233290628334556,1.0029157876585266,1.0029157876585266
2007-11-19,-0.011535537867039314,0.0,-0.011535537867039314,0.9913466146125401,0.9913466146125401
2007-11-20,0.004024260752922615,0.0,0.004024260752922615,0.9953360518862681,0.9953360518862681
2007-11-21,-0.01182344306807026,0.0,-0.01182344306807026,0.983567752743193,0.983567752743193
2007-11-23,0.010748209315337043,0.0,0.010748209315337043,0.9941393448254925,0.9941393448254925
2007-11-26,-0.017255406828802666,0.0,-0.017255406828802666,0.9769850659860093,0.9769850659860093
2007-11-27,0.02000836139445994,0.0,0.02000836139445994,0.9965329362632477,0.9965329362632477
2007-11-28,0.030424426514915837,0.0,0.030424426514915837,1.026851879352282,1.026851879352282
2007-11-29,0.0042732980175106405,0.0,0.0042732980175106405,1.0312399234525953,1.0312399234525953
2007-11-30,-0.007543556377947791,0.0,-0.007543556377947791,1.0234607069508401,1.0234607069508401
2007-12-03,-0.008380526347020356,0.0,-0.008380526347020356,1.0148835675310985,1.0148835675310985
2007-12-04,-0.004127660998216043,0.0,-0.004127660998216043,1.01069447221167,1.01069447221167
2007-12-05,0.01795952617524832,0.0,0.01795952617524832,1.0288460660405343,1.0288460660405343
2007-12-06,0.014347009922231146,0.0,0.014347009922231146,1.0436069307584663,1.0436069307584663
2007-12-07,0.0001909755554687642,0.0,0.0001909755554687642,1.0438062341717589,1.0438062341717589
2007-12-10,0.00401320333620192,0.0,0.00401320333620192,1.0479952408330853,1.0479952408330853
2007-12-11,-0.023220491416833133,0.0,-0.023220491416833133,1.0236602763384386,1.0236602763384386
2007-12-12,0.008963589267285244,0.0,0.008963589267285244,1.032835946604772,1.032835946604772
2007-12-13,-0.005407801486928654,0.0,-0.005407801486928654,1.0272505748369694,1.0272505748369694
2007-12-14,-0.010290893348656738,0.0,-0.010290893348656738,1.0166792487289757,1.0166792487289757
2007-12-17,-0.02432849949182092,0.0,-0.02432849949182092,0.991944968142928,0.991944968142928
2007-12-18,0.003217698997982632,0.0,0.003217698997982632,0.9951367484729754,0.9951367484729754
2007-12-19,-0.0002007228696047081,0.0,-0.0002007228696047081,0.9949370017691728,0.9949370017691728
2007-12-20,0.020448971670205207,0.0,0.020448971670205207,1.0152824403319896,1.0152824403319896
2007-12-21,0.019725961127033065,0.0,0.019725961127033065,1.0353098622829378,1.0353098622829378
2007-12-24,0.007521865664516181,0.0,0.007521865664516181,1.0430973239881787,1.0430973239881787
2007-12-26,0.004976884748081556,0.0,0.004976884748081556,1.0482886991507,1.0482886991507
2007-12-27,-0.012000138363272406,0.0,-0.012000138363272406,1.0357090897162369,1.0357090897162369
2007-12-28,-0.0009637000603831547,0.0,-0.0009637000603831547,1.034710976803938,1.034710976803938
2007-12-31,-0.01157889776193577,0.0,-0.01157889776193577,1.0227301641903725,1.0227301641903725
2008-01-02,-0.01581382607764703,0.0,-0.01581382607764703,1.0065568872495025,1.0065568872495025
2008-01-03,0.004165682366323198,0.0,0.004165682366323198,1.010749883525419,1.010749883525419
2008-01-04,-0.04385662217986941,0.0,-0.04385662217986941,0.9664218077652976,0.9664218077652976
2008-01-07,-0.004751229456650186,0.0,-0.004751229456650186,0.961830116004694,0.961830116004694
2008-01-08,-0.02595016424002905,0.0,-0.02595016424002905,0.936870466523366,0.936870466523366
2008-01-09,0.021312777455660292,0.0,0.021312777455660292,0.9568377782811591,0.9568377782811591
2008-01-10,0.0014607439314497928,0.0,0.0014607439314497928,0.9582354732591652,0.9582354732591652
2008-01-11,-0.019586960321185454,0.0,-0.019586960321185454,0.9394665530660856,0.9394665530660856
2008-01-14,0.017427811852410713,0.0,0.017427811852410713,0.9558393993945542,0.9558393993945542
2008-01-15,-0.027574612623751493,0.0,-0.027574612623751493,0.92948249822573,0.92948249822573
2008-01-16,-0.010741329226972685,0.0,-0.010741329226972685,0.9194986207015784,0.9194986207015784
2008-01-17,-0.013897503752427265,0.0,-0.013897503752427265,0.9067198851700266,0.9067198851700266
2008-01-18,-0.0013214822660306824,0.0,-0.0013214822660306824,0.905521670921517,0.905521670921517
2008-01-22,-0.025798841294242147,0.0,-0.025798841294242147,0.8821602610449158,0.8821602610449158
2008-01-23,-0.0038482887220547823,0.0,-0.0038482887220547823,0.8787654536612918,0.8787654536612918
2008-01-24,0.020449571149511403,0.0,0.020449571149511403,0.8967358303296711,0.8967358303296711
2008-01-25,-0.020485066101381344,0.0,-0.020485066101381344,0.8783661375698907,0.8783661375698907
2008-01-28,0.007729015511930504,0.0,0.007729015511930504,0.8851550430723228,0.8851550430723228
2008-01-29,0.0018047026837966218,0.0,0.0018047026837966218,0.8867524847541316,0.8867524847541316
2008-01-30,-0.0009007257996302975,0.0,-0.0009007257996302975,0.8859537639132273,0.8859537639132273
2008-01-31,0.017128318285186683,0.0,0.017128318285186683,0.9011286619674922,0.9011286619674922
2008-02-01,0.01019265183385376,0.0,0.01019265183385376,0.9103135526764333,0.9103135526764333
2008-02-04,-0.014037437451827062,0.0,-0.014037437451827062,0.8975350831191874,0.8975350831191874
2008-02-05,-0.028476264363285875,0.0,-0.028476264363285875,0.8719766368169617,0.8719766368169617
2008-02-06,-0.019693301853441203,0.0,-0.019693301853441203,0.8548045376989768,0.8548045376989768
2008-02-07,0.007007873395076913,0.0,0.007007873395076913,0.8607948996767085,0.8607948996767085
2008-02-08,0.011366596317226918,0.0,0.011366596317226918,0.8705792078132615,0.8705792078132615
2008-02-11,0.010779151833528067,0.0,0.010779151833528067,0.8799633132773932,0.8799633132773932
2008-02-12,-0.005672541551905885,0.0,-0.005672541551905885,0.8749716848186744,0.8749716848186744
2008-02-13,0.021907669984613465,0.0,0.021907669984613465,0.8941402757355631,0.8941402757355631
2008-02-14,-0.018088174795243273,0.0,-0.018088174795243273,0.8779669101365912,0.8779669101365912
2008-02-15,-0.0034115469311376545,0.0,-0.0034115469311376545,0.8749716848186744,0.8749716848186744
2008-02-19,-0.0018256053897763858,0.0,-0.0018256053897763858,0.8733743317949677,0.8733743317949677
2008-02-20,0.004572817605616786,0.0,0.004572817605616786,0.8773681133156935,0.8773681133156935
2008-02-21,-0.009559032688179259,0.0,-0.009559032688179259,0.8689813228409426,0.8689813228409426
2008-02-22,0.003675870439263873,0.0,0.003675870439263873,0.8721755855978461,0.8721755855978461
2008-02-25,0.005037348347149084,0.0,0.005037348347149084,0.8765690378423813,0.8765690378423813
2008-02-26,0.00387222829974343,0.0,0.00387222829974343,0.8799633132773934,0.8799633132773934
2008-02-27,0.004992364506384961,0.0,0.004992364506384961,0.8843564108895203,0.8843564108895203
2008-02-28,-0.003838331140497697,0.0,-0.003838331140497697,0.8809619581383044,0.8809619581383044
2008-02-29,-0.026518270144347822,0.0,-0.026518270144347822,0.8576003709454991,0.8576003709454991
2008-03-03,-0.006519717166717398,0.0,-0.006519717166717398,0.8520090590848626,0.8520090590848626
2008-03-04,0.005625151078771262,0.0,0.005625151078771262,0.8568017387626967,0.8568017387626967
2008-03-05,0.004892948766834326,0.0,0.004892948766834326,0.8609940257737971,0.8609940257737971
2008-03-06,-0.02203091892958342,0.0,-0.02203091892958342,0.8420255361931189,0.8420255361931189
2008-03-07,-0.0023714796588472087,0.0,-0.0023714796588472087,0.840028689761807,0.840028689761807
2008-03-10,-0.01925408786963234,0.0,-0.01925408786963234,0.823854703556121,0.823854703556121
2008-03-11,0.03805211777422035,0.0,0.03805211777422035,0.8552041197646839,0.8552041197646839
2008-03-12,-0.002802067697681876,0.0,-0.002802067697681876,0.8528077799257668,0.8528077799257668
2008-03-13,0.007726844883627848,0.0,0.007726844883627848,0.8593972933568043,0.8593972933568043
2008-03-14,-0.01835570992884117,0.0,-0.01835570992884117,0.8436224459263155,0.8436224459263155
2008-03-17,-0.01822445120350491,0.0,-0.01822445120350491,0.8282478898263499,0.8282478898263499
2008-03-18,0.044599982616224,0.0,0.044599982616224,0.8651877313145293,0.8651877313145293
2008-03-19,-0.024694172860542207,0.0,-0.024694172860542207,0.843822635920628,0.843822635920628
2008-03-20,0.02043746629968779,0.0,0.02043746629968779,0.8610682326051695,0.8610682326051695
2008-03-24,0.03457824430506928,0.0,0.03457824430506928,0.8908424603155253,0.8908424603155253
2008-03-25,0.005608243417190906,0.0,0.005608243417190906,0.895838521679344,0.895838521679344
2008-03-26,-0.0029003154857607516,0.0,-0.0029003154857607516,0.8932403073421763,0.8932403073421763
2008-03-27,-0.022147545357312115,0.0,-0.022147545357312115,0.873457227120336,0.873457227120336
2008-03-28,-0.005032900516475203,0.0,-0.005032900516475203,0.8690612037908431,0.8690612037908431
2008-03-31,0.005288098646156536,0.0,0.005288098646156536,0.8736568851660366,0.8736568851660366
2008-04-01,0.042772313398567574,0.0,0.042772313398567574,0.9110252112611746,0.9110252112611746
2008-04-02,-0.0021931324862809465,0.0,-0.0021931324862809465,0.9090272122745368,0.9090272122745368
2008-04-03,0.002197952888163268,0.0,0.002197952888163268,0.9110252112611745,0.9110252112611745
2008-04-04,0.005922703368612892,0.0,0.005922703368612892,0.9164209433488023,0.9164209433488023
2008-04-07,-0.0021808001549449285,0.0,-0.0021808001549449285,0.9144224124135525,0.9144224124135525
2008-04-08,-0.007648416026672766,0.0,-0.007648416026672766,0.9074285293792999,0.9074285293792999
2008-04-09,-0.011230813046615329,0.0,-0.011230813046615329,0.8972373692126758,0.8972373692126758
2008-04-10,0.014253676509822455,0.0,0.014253676509822455,0.9100263004259574,0.9100263004259574
2008-04-11,-0.02766822486084486,0.0,-0.02766822486084486,0.8848474881164893,0.8848474881164893
2008-04-14,-0.004516430977490327,0.0,-0.004516430977490327,0.8808511355108055,0.8808511355108055
2008-04-15,0.0013611972819131957,0.0,0.0013611972819131957,0.882050147682233,0.882050147682233
2008-04-16,0.027865506671846507,0.0,0.027865506671846507,0.9066289219573754,0.9066289219573754
2008-04-17,-0.002204158251130517,0.0,-0.002204158251130517,0.9046305683383296,0.9046305683383296
2008-04-18,0.031809993074983556,0.0,0.031809993074983556,0.9334068604525902,0.9334068604525902
2008-04-21,0.007064290994002631,0.0,0.007064290994002631,0.9400007181306258,0.9400007181306258
2008-04-22,-0.014880873783404303,0.0,-0.014880873783404303,0.9260126860878145,0.9260126860878145
2008-04-23,0.011005708986543628,0.0,0.011005708986543628,0.9362041122287446,0.9362041122287446
2008-04-24,0.008964542881042314,0.0,0.008964542881042314,0.9445967541382273,0.9445967541382273
2008-04-25,-0.0025386751884859393,0.0,-0.0025386751884859393,0.9421987297953722,0.9421987297953722
2008-04-28,0.001909040541517193,0.0,0.001909040541517193,0.9439974253687176,0.9439974253687176
2008-04-29,0.007620203433331918,0.0,0.007620203433331918,0.9511908777905688,0.9511908777905688
2008-04-30,-0.008193030448179761,0.0,-0.008193030448179761,0.9433977419667998,0.9433977419667998
2008-05-01,0.03156128851336337,0.0,0.03156128851336337,0.9731725902838695,0.9731725902838695
2008-05-02,0.0014372273028364635,0.0,0.0014372273028364635,0.9745712605009975,0.9745712605009975
2008-05-05,-0.0028706931756083964,0.0,-0.0028706931756083964,0.9717735654343332,0.9717735654343332
2008-05-06,0.006169286476279234,0.0,0.006169286476279234,0.977768714949573,0.977768714949573
2008-05-07,-0.01818963756917058,0.0,-0.01818963756917058,0.9599834563981665,0.9599834563981665
2008-05-08,0.007493678152798777,0.0,0.007493678152798777,0.9671772634524257,0.9671772634524257
2008-05-09,-0.003925449910111456,0.0,-0.003925449910111456,0.9633806575505446,0.9633806575505446
2008-05-12,0.0182536837702445,0.0,0.0182536837702445,0.9809659034238424,0.9809659034238424
2008-05-13,0.0026481766976718113,0.0,0.0026481766976718113,0.9835636744705,0.9835636744705
2008-05-14,-0.0022347426219555544,0.0,-0.0022347426219555544,0.9813656628057535,0.9813656628057535
2008-05-15,0.017511807415650615,0.0,0.017511807415650615,0.9985511492971402,0.9985511492971402
2008-05-16,0.0007998797472383856,0.0,0.0007998797472383856,0.9993498701380445,0.9993498701380445
2008-05-19,-0.007197777279392192,0.0,-0.007197777279392192,0.9921567723486014,0.9921567723486014
2008-05-20,-0.007653684685633877,0.0,-0.007653684685633877,0.984563117254329,0.984563117254329
2008-05-21,-0.02212339336064073,0.0,-0.02212339336064073,0.9627812401229329,0.9627812401229329
2008-05-22,0.003528528611488335,0.0,0.003528528611488335,0.9661784412753108,0.9661784412753108
2008-05-23,-0.0031022769545638873,0.0,-0.0031022769545638873,0.963181088162946,0.963181088162946
2008-05-27,0.01763495082931743,0.0,0.01763495082931743,0.980166739292428,0.980166739292428
2008-05-28,0.004077036211578289,0.0,0.004077036211578289,0.9841629145819079,0.9841629145819079
2008-05-29,0.00893406820895426,0.0,0.00893406820895426,0.9929554931895058,0.9929554931895058
2008-05-30,0.006439741753176964,0.0,0.006439741753176964,0.9993498701380447,0.9993498701380447
2008-06-02,-0.012197000129170132,0.0,-0.012197000129170132,0.9871607996428847,0.9871607996428847
2008-06-03,-0.005466089623680226,0.0,-0.005466089623680226,0.9817648902390529,0.9817648902390529
2008-06-04,0.012823194179023556,0.0,0.012823194179023556,0.994354252064736,0.994354252064736
2008-06-05,0.01587636155160599,0.0,0.01587636155160599,1.0101409796808924,1.0101409796808924
2008-06-06,-0.030069333247203622,0.0,-0.030069333247203622,0.979766713936211,0.979766713936211
2008-06-09,-0.005302745399811126,0.0,-0.005302745399811126,0.9745712605009976,0.9745712605009976
2008-06-10,-0.004715592960160775,0.0,-0.004715592960160775,0.9699755791258041,0.9699755791258041
2008-06-11,-0.024104276983658468,0.0,-0.024104276983658468,0.9465950190991712,0.9465950190991712
2008-06-12,0.0010555483489378403,0.0,0.0010555483489378403,0.9475941959086941,0.9475941959086941
2008-06-13,0.020033990803864254,0.0,0.020033990803864254,0.966578289315324,0.966578289315324
2008-06-16,0.008889674043450535,0.0,0.008889674043450535,0.9751708552448132,0.9751708552448132
2008-06-17,-0.005327554747014074,0.0,-0.005327554747014074,0.9699755791258039,0.9699755791258039
2008-06-18,-0.010713001836914149,0.0,-0.010713001836914149,0.9595842289648673,0.9595842289648673
2008-06-19,0.01561825536909578,0.0,0.01561825536909578,0.9745712605009974,0.9745712605009974
2008-06-20,-0.027002764711506533,0.0,-0.027002764711506533,0.9482551420590927,0.9482551420590927
2008-06-23,-0.007802899125251006,0.0,-0.007802899125251006,0.940856002840605,0.940856002840605
2008-06-24,-0.0051005528268782685,0.0,-0.0051005528268782685,0.936057117095631,0.936057117095631
2008-06-25,0.016236039687234083,0.0,0.016236039687234083,0.9512549775983136,0.9512549775983136
2008-06-26,-0.0403617101152004,0.0,-0.0403617101152004,0.9128606999468489,0.9128606999468489
2008-06-27,0.0,0.0,0.0,0.9128606999468489,0.9128606999468489
2008-06-30,-0.010514435314190829,0.0,-0.010514435314190829,0.9032624851663908,0.9032624851663908
2008-07-01,0.014168316049373075,0.0,0.014168316049373075,0.9160601935317705,0.9160601935317705
2008-07-02,-0.02401199167210577,0.0,-0.02401199167210577,0.894063763793538,0.894063763793538
2008-07-03,-0.0017893974852246641,0.0,-0.0017893974852246641,0.8924639283429754,0.8924639283429754
2008-07-07,0.006049657497674277,0.0,0.006049657497674277,0.8978630294384793,0.8978630294384793
2008-07-08,0.023830549113367683,0.0,0.023830549113367683,0.9192595984585901,0.9192595984585901
2008-07-09,-0.026538900029907664,0.0,-0.026538900029907664,0.8948634598735645,0.8948634598735645
2008-07-10,0.011843557485966105,0.0,0.011843557485966105,0.9054618267026676,0.9054618267026676
2008-07-11,-0.015900871852847387,0.0,-0.015900871852847387,0.8910641942286234,0.8910641942286234
2008-07-14,-0.007406049827835548,0.0,-0.007406049827835548,0.884464928406366,0.884464928406366
2008-07-15,0.00022634022885825722,0.0,0.00022634022885825722,0.8846651184006786,0.8846651184006786
2008-07-16,0.02486433182106529,0.0,0.02486433182106529,0.9066617254551151,0.9066617254551151
2008-07-17,0.006616831415178659,0.0,0.006616831415178659,0.9126609532430466,0.9126609532430466
2008-07-18,-0.023006241498216062,0.0,-0.023006241498216062,0.891664054946745,0.891664054946745
2008-07-21,0.004260970577388612,0.0,0.004260970577388612,0.8954634092497882,0.8954634092497882
2008-07-22,0.0,0.0,0.0,0.8954634092497882,0.8954634092497882
2008-07-23,0.013175102599585431,0.0,0.013175102599585431,0.9072612315408287,0.9072612315408287
2008-07-24,-0.01498721130650671,0.0,-0.01498721130650671,0.8936639157535248,0.8936639157535248
2008-07-25,0.012978018609330011,0.0,0.012978018609330011,0.9052619026826607,0.9052619026826607
2008-07-28,-0.01877627083021771,0.0,-0.01877627083021771,0.8882644600256129,0.8882644600256129
2008-07-29,0.020711473054963125,0.0,0.020711473054963125,0.9066617254551147,0.9066617254551147
2008-07-30,0.0050729986106679,0.0,0.0050729986106679,0.9112612191286943,0.9112612191286943
2008-07-31,-0.0024139029759081554,0.0,-0.0024139029759081554,0.9090615229600099,0.9090615229600099
2008-08-01,-0.012758685662858316,0.0,-0.012758685662858316,0.8974630927403638,0.8974630927403638
2008-08-04,-0.010026631124254726,0.0,-0.010026631124254726,0.8884645613618234,0.8884645613618234
2008-08-05,0.03376117438501902,0.0,0.03376117438501902,0.9184601683528694,0.9184601683528694
2008-08-06,0.015240395020104103,0.0,0.015240395020104103,0.9324578641287984,0.9324578641287984
2008-08-07,-0.0077204967207855635,0.0,-0.0077204967207855635,0.9252588262465213,0.9252588262465213
2008-08-08,0.022692137354212605,0.0,0.022692137354212605,0.946254926619905,0.946254926619905
2008-08-11,0.009087911745055077,0.0,0.009087911745055077,0.9548544078813502,0.9548544078813502
2008-08-12,0.0010466965178979049,0.0,0.0010466965178979049,0.9558538506651791,0.9558538506651791
2008-08-13,-0.0020918534491234375,0.0,-0.0020918534491234375,0.9538543444908073,0.9538543444908073
2008-08-14,0.01153038049335442,0.0,0.01153038049335442,0.9648526480180255,0.9648526480180255
2008-08-15,-0.0018651367730211366,0.0,-0.0018651367730211366,0.9630530658636602,0.9630530658636602
2008-08-18,-0.01162756443008317,0.0,-0.01162756443008317,0.9518551042907414,0.9518551042907414
2008-08-19,-0.012395488366742757,0.0,-0.012395488366742757,0.9400563954186808,0.9400563954186808
2008-08-20,0.00170185050424565,0.0,0.00170185050424565,0.9416562308692434,0.9416562308692434
2008-08-21,-0.0046721611447435585,0.0,-0.0046721611447435585,0.9372566612156705,0.9372566612156705
2008-08-22,0.013228479929925374,0.0,0.013228479929925374,0.9496551421477509,0.9496551421477509
2008-08-25,-0.021057130461840212,0.0,-0.021057130461840212,0.9296581299257883,0.9296581299257883
2008-08-26,-0.0012905928058105642,0.0,-0.0012905928058105642,0.9284583198314428,0.9284583198314428
2008-08-27,0.006461493919318606,0.0,0.006461493919318606,0.9344575476193744,0.9344575476193744
2008-08-28,0.008131299268796077,0.0,0.008131299268796077,0.9420559015930527,0.9420559015930527
2008-08-29,-0.02101429955267964,0.0,-0.02101429955267964,0.9222592566816067,0.9222592566816067
2008-09-02,-0.012359041281239658,0.0,-0.012359041281239658,0.9108610164562733,0.9108610164562733
2008-09-03,-0.009440170545425897,0.0,-0.009440170545425897,0.9022623331177461,0.9022623331177461
2008-09-04,-0.03235836466089681,0.0,-0.03235836466089681,0.8730665995229305,0.8730665995229305
2008-09-05,-0.004809817490959989,0.0,-0.004809817490959989,0.8688673085217722,0.8688673085217722
2008-09-08,-0.0018406763452426533,0.0,-0.0018406763452426533,0.8672680050198215,0.8672680050198215
2008-09-09,-0.02121320202903998,0.0,-0.02121320202903998,0.8488704736160135,0.8488704736160135
2008-09-10,0.008244999400500497,0.0,0.008244999400500497,0.8558694101620802,0.8558694101620802
2008-09-11,0.018691585880700412,0.0,0.018691585880700412,0.8718669667447891,0.8718669667447891
2008-09-12,-0.0038991112092735536,0.0,-0.0038991112092735536,0.8684674604817592,0.8684674604817592
2008-09-15,-0.03108427663915936,0.0,-0.03108427663915936,0.8414717776880359,0.8414717776880359
2008-09-16,0.0078417902899528,0.0,0.0078417902899528,0.8480704229035793,0.8480704229035793
2008-09-17,-0.05187437771989456,0.0,-0.05187437771989456,0.8040772974528083,0.8040772974528083
2008-09-18,0.03382246069400052,0.0,0.03382246069400052,0.8312731702408441,0.8312731702408441
2008-09-19,0.032689797440681234,0.0,0.032689797440681234,0.8584473217938903,0.8584473217938903
2008-09-22,-0.04708617621251654,0.0,-0.04708617621251654,0.8180263199307403,0.8180263199307403
2008-09-23,-0.0075832752413850235,0.0,-0.0075832752413850235,0.8118230011920082,0.8118230011920082
2008-09-24,0.0069015504681064765,0.0,0.0069015504681064765,0.8174258386059046,0.8174258386059046
2008-09-25,0.015911749907456363,0.0,0.015911749907456363,0.8304325141176945,0.8304325141176945
2008-09-26,-0.01012022930204226,0.0,-0.01012022930204226,0.822028346654952,0.822028346654952
2008-09-29,-0.07935683461369047,0.0,-0.07935683461369047,0.7567947791016895,0.7567947791016895
2008-09-30,0.02882040799877794,0.0,0.02882040799877794,0.7786059134067452,0.7786059134067452
2008-10-01,-0.010537435274725282,0.0,-0.010537435274725282,0.7704014039897032,0.7704014039897032
2008-10-02,-0.04545445652878155,0.0,-0.04545445652878155,0.735383226862341,0.735383226862341
2008-10-03,-0.01551009651222357,0.0,-0.01551009651222357,0.7239773620402358,0.7239773620402358
2008-10-06,-0.0364843783580765,0.0,-0.0364843783580765,0.6975634980408777,0.6975634980408777
2008-10-07,-0.06339652904940796,0.0,-0.06339652904940796,0.6533403934735226,0.6533403934735226
2008-10-08,-0.007963266088472865,0.0,-0.007963266088472865,0.6481376700739454,0.6481376700739454
2008-10-09,-0.026860161086826873,0.0,-0.026860161086826873,0.6307285878493186,0.6307285878493186
2008-10-10,-0.006345155634865263,0.0,-0.006345155634865263,0.626726516796056,0.626726516796056
2008-10-13,0.12164750537803859,0.0,0.12164750537803859,0.7029662341185635,0.7029662341185635
2008-10-14,-0.04326786254912607,0.0,-0.04326786254912607,0.6725503877240447,0.6725503877240447
2008-10-15,-0.08955629779640151,0.0,-0.08955629779640151,0.6123192649179449,0.6123192649179449
2008-10-16,0.054248349404733,0.0,0.054248349404733,0.6455365743484628,0.6455365743484628
2008-10-17,0.0012394263520898452,0.0,0.0012394263520898452,0.646336669389948,0.646336669389948
2008-10-20,0.027863991126188203,0.0,0.027863991126188203,0.6643461886103595,0.6643461886103595
2008-10-21,-0.0518071356602855,0.0,-0.0518071356602855,0.6299283154916291,0.6299283154916291
2008-10-22,-0.02763667884986376,0.0,-0.02763667884986376,0.6125191889379513,0.6125191889379513
2008-10-23,-0.003920374636413704,0.0,-0.003920374636413704,0.6101178842453223,0.6101178842453223
2008-10-24,-0.0321414343722225,0.0,-0.0321414343722225,0.5905078203095321,0.5905078203095321
2008-10-27,-0.027787228177558854,0.0,-0.027787228177558854,0.5740992447659582,0.5740992447659582
2008-10-28,0.11049136667238568,0.0,0.11049136667238568,0.6375322549257334,0.6375322549257334
2008-10-29,-0.0025110180800532733,0.0,-0.0025110180800532733,0.6359313999069978,0.6359313999069978
2008-10-30,0.03335444766980045,0.0,0.03335444766980045,0.6571425405067787,0.6571425405067787
2008-10-31,0.0015225109004224358,0.0,0.0015225109004224358,0.6581430471878316,0.6581430471878316
2008-11-03,-0.0021286117124766912,0.0,-0.0021286117124766912,0.6567421161891025,0.6567421161891025
2008-11-04,0.028336914011678482,0.0,0.028336914011678482,0.6753521610634009,0.6753521610634009
2008-11-05,-0.05214861142900162,0.0,-0.05214861142900162,0.6401334836383691,0.6401334836383691
2008-11-06,-0.044701165389332886,0.0,-0.044701165389332886,0.6115187709150005,0.6115187709150005
2008-11-07,0.020615239345243452,0.0,0.020615239345243452,0.6241253767415224,0.6241253767415224
2008-11-10,-0.013465937694966068,0.0,-0.013465937694966068,0.6157209433044738,0.6157209433044738
2008-11-11,-0.02177456467285599,0.0,-0.02177456467285599,0.6023138878040586,0.6023138878040586
2008-11-12,-0.04617975262266194,0.0,-0.04617975262266194,0.5744991814640734,0.5744991814640734
2008-11-13,0.06095465390111632,0.0,0.06095465390111632,0.6095175802366907,0.6095175802366907
2008-11-14,-0.04858825681307677,0.0,-0.04858825681307677,0.5799021835160653,0.5799021835160653
2008-11-17,-0.021048843259976247,0.0,-0.021048843259976247,0.5676959133491176,0.5676959133491176
2008-11-18,-0.0010576736271403764,0.0,-0.0010576736271403764,0.5670954763533329,0.5670954763533329
2008-11-19,-0.05222286832900502,0.0,-0.05222286832900502,0.5374801239617584,0.5374801239617584
2008-11-20,-0.04839905176034898,0.0,-0.04839905176034898,0.5114665956219745,0.5114665956219745
2008-11-21,0.04342710644997316,0.0,0.04342710644997316,0.5336781099156553,0.5336781099156553
2008-11-24,0.06111729240307451,0.0,0.06111729240307451,0.5662950710084906,0.5662950710084906
2008-11-25,-0.0045936506124906185,0.0,-0.0045936506124906185,0.5636937093087021,0.5636937093087021
2008-11-26,0.04188839303548786,0.0,0.04188839303548786,0.5873059329558571,0.5873059329558571
2008-11-28,-0.007835965600460515,0.0,-0.007835965600460515,0.5827038238682686,0.5827038238682686
2008-12-01,-0.07520643835871754,0.0,-0.07520643835871754,0.5388807446571307,0.5388807446571307
2008-12-02,0.03341998468458418,0.0,0.03341998468458418,0.5568901308903893,0.5568901308903893
2008-12-03,0.02838677682924251,0.0,0.02838677682924251,0.5726984467543824,0.5726984467543824
2008-12-04,-0.028302012391114073,0.0,-0.028302012391114073,0.556489928217968,0.556489928217968
2008-12-05,0.04063291081765508,0.0,0.04063291081765508,0.579101733842172,0.579101733842172
2008-12-08,0.03939211128969755,0.0,0.03939211128969755,0.6019137737897396,0.6019137737897396
2008-12-09,-0.0023274612739107026,0.0,-0.0023274612739107026,0.6005128427910106,0.6005128427910106
2008-12-10,-0.003332247953027112,0.0,-0.003332247953027112,0.5985117850998537,0.5985117850998537
2008-12-11,-0.027415552413534106,0.0,-0.027415552413534106,0.5821032538853308,0.5821032538853308
2008-12-12,0.020282045722864517,0.0,0.020282045722864517,0.5939094986960612,0.5939094986960612
2008-12-15,-0.017520181935040013,0.0,-0.017520181935040013,0.5835040962259579,0.5835040962259579
2008-12-16,0.04801110201323122,0.0,0.04801110201323122,0.6115187709150006,0.6115187709150006
2008-12-17,-0.012107439882699467,0.0,-0.012107439882699467,0.604114844159005,0.604114844159005
2008-12-18,-0.01755536977745842,0.0,-0.01755536977745842,0.593509384681742,0.593509384681742
2008-12-19,0.00820451659206034,0.0,0.00820451659206034,0.5983788422759069,0.5983788422759069
2008-12-22,-0.021768081969565478,0.0,-0.021768081969565478,0.5853532825883913,0.5853532825883913
2008-12-23,-0.00513520417262503,0.0,-0.00513520417262503,0.5823473739691836,0.5823473739691836
2008-12-24,0.002753155913819638,0.0,0.002753155913819638,0.5839506670857242,0.5839506670857242
2008-12-26,-0.00034335143184305306,0.0,-0.00034335143184305306,0.5837501667880546,0.5837501667880546
2008-12-29,-0.008239088089222135,0.0,-0.008239088089222135,0.5789405977417896,0.5789405977417896
2008-12-30,0.020768338796294472,0.0,0.020768338796294472,0.5909642322186204,0.5909642322186204
2008-12-31,0.008477337707597732,0.0,0.008477337707597732,0.5959740355882488,0.5959740355882488
2009-01-02,0.04337608099538226,0.0,0.04337608099538226,0.6218250536270695,0.6218250536270695
2009-01-05,-0.00032236714723754556,0.0,-0.00032236714723754556,0.6216245976584509,0.6216245976584509
2009-01-06,0.009993751676714124,0.0,0.009993751676714124,0.6278369595235868,0.6278369595235868
2009-01-07,-0.02840740278402254,0.0,-0.02840740278402254,0.6100017421317042,0.6100017421317042
2009-01-08,0.010512422745040384,0.0,0.010512422745040384,0.6164143383202038,0.6164143383202038
2009-01-09,-0.022431531403640514,0.0,-0.022431531403640514,0.6025872207325198,0.6025872207325198
2009-01-12,-0.01829064554795501,0.0,-0.01829064554795501,0.5915655114663739,0.5915655114663739
2009-01-13,0.0003387068830633666,0.0,0.0003387068830633666,0.5917658787768905,0.5917658787768905
2009-01-14,-0.03047771763687812,0.0,-0.03047771763687812,0.5737302054163893,0.5737302054163893
2009-01-15,0.0164164928148145,0.0,0.0164164928148145,0.5831488432112495,0.5831488432112495
2009-01-16,0.010996879970541995,0.0,0.010996879970541995,0.589561661045004,0.589561661045004
2009-01-20,-0.04962665233447938,0.0,-0.04962665233447938,0.5603036894625854,0.5603036894625854
2009-01-21,0.04256098863497004,0.0,0.04256098863497004,0.5841507684219343,0.5841507684219343
2009-01-22,-0.013378833757816122,0.0,-0.013378833757816122,0.5763355124017167,0.5763355124017167
2009-01-23,0.004867972868877413,0.0,0.004867972868877413,0.5791410980394588,0.5791410980394588
2009-01-26,0.007266279589991154,0.0,0.007266279589991154,0.583349299179868,0.583349299179868
2009-01-27,0.007214165616603596,0.0,0.007214165616603596,0.5875576776364813,0.5875576776364813
2009-01-28,0.035129455660249054,0.0,0.035129455660249054,0.6081982590208509,0.6081982590208509
2009-01-29,-0.025370910657027346,0.0,-0.025370910657027346,0.5927677153294734,0.5927677153294734
2009-01-30,-0.01757913106738318,0.0,-0.01757913106738318,0.5823473739691832,0.5823473739691832
2009-02-02,0.012043991424476541,0.0,0.012043991424476541,0.5893611607473345,0.5893611607473345
2009-02-03,0.015640596623805125,0.0,0.015640596623805125,0.5985791209283211,0.5985791209283211
2009-02-04,0.00133947128690326,0.0,0.00133947128690326,0.5993809004737444,0.5993809004737444
2009-02-05,0.022066349850042632,0.0,0.022066349850042632,0.6126070491170316,0.6126070491170316
2009-02-06,0.02616932446154685,0.0,0.02616932446154685,0.628638561752806,0.628638561752806
2009-02-09,0.004144011358146571,0.0,0.004144011358146571,0.6312436470928785,0.6312436470928785
2009-02-10,-0.03682547008227699,0.0,-0.03682547008227699,0.6079978030522323,0.6079978030522323
2009-02-11,-0.004614393826107399,0.0,-0.004614393826107399,0.6051922617435412,0.6051922617435412
2009-02-12,0.01225195337450069,0.0,0.01225195337450069,0.6126070491170317,0.6126070491170317
2009-02-13,-0.0045796751975590855,0.0,-0.0045796751975590855,0.6098015078083405,0.6098015078083405
2009-02-17,-0.03976374375283964,0.0,-0.03976374375283964,0.5855535169117544,0.5855535169117544
2009-02-18,0.0006845203172018977,0.0,0.0006845203172018977,0.5859543401908895,0.5859543401908895
2009-02-19,-0.01538980981809146,0.0,-0.01538980981809146,0.5769366143332665,0.5769366143332665
2009-02-20,0.0027788225233222885,0.0,0.0027788225233222885,0.578539818791705,0.578539818791705
2009-02-23,-0.03498428591580238,0.0,-0.03498428591580238,0.5583000163574195,0.5583000163574195
2009-02-24,0.033022085124797096,0.0,0.033022085124797096,0.5767362470227498,0.5767362470227498
2009-02-25,-0.0066015159475018015,0.0,-0.0066015159475018015,0.5729289134905268,0.5729289134905268
2009-02-26,-0.027981910574657043,0.0,-0.027981910574657043,0.5568972678675994,0.5568972678675994
2009-02-27,-0.009356110410365326,0.0,-0.009356110410365326,0.5516868755421993,0.5516868755421993
2009-03-02,-0.03232827387311177,0.0,-0.03232827387311177,0.5338517911374697,0.5338517911374697
2009-03-03,-0.0007508137760128264,0.0,-0.0007508137760128264,0.5334509678583346,0.5334509678583346
2009-03-04,0.0266715894302183,0.0,0.0266715894302183,0.5476789530542047,0.5476789530542047
2009-03-05,-0.0300034302307417,0.0,-0.0300034302307417,0.5312467057973972,0.5312467057973972
2009-03-06,-0.00792170268669512,0.0,-0.00792170268669512,0.527038327340784,0.527038327340784
2009-03-09,-0.021292882609480812,0.0,-0.021292882609480812,0.5158161621060197,0.5158161621060197
2009-03-10,0.06177160253779723,0.0,0.06177160253779723,0.5476789530542047,0.5476789530542047
2009-03-11,0.015367886985957036,0.0,0.015367886985957036,0.556095621309329,0.556095621309329
2009-03-12,0.033153066285566135,0.0,0.033153066285566135,0.5745318963037103,0.5745318963037103
2009-03-13,0.0024413187704475092,0.0,0.0024413187704475092,0.5759345118063773,0.5759345118063773
2009-03-16,-0.01670109870808456,0.0,-0.01670109870808456,0.5663157726753065,0.5663157726753065
2009-03-17,0.03786227990100244,0.0,0.03786227990100244,0.5877577789726914,0.5877577789726914
2009-03-18,0.012615228552735003,0.0,0.012615228552735003,0.5951724776880798,0.5951724776880798
2009-03-19,-0.000673308387158289,0.0,-0.000673308387158289,0.5947717430670466,0.5947717430670466
2009-03-20,-0.015220612348329055,0.0,-0.015220612348329055,0.5857189529300831,0.5857189529300831
2009-03-23,0.058944604632020337,0.0,0.058944604632020337,0.6202439250360278,0.6202439250360278
2009-03-24,-0.018446640521859403,0.0,-0.018446640521859403,0.608802508315021,0.608802508315021
2009-03-25,0.004616085641509615,0.0,0.004616085641509615,0.6116127928321691,0.6116127928321691
2009-03-26,0.030850011342955064,0.0,0.030850011342955064,0.630481054428538,0.630481054428538
2009-03-27,-0.018783918807268707,0.0,-0.018783918807268707,0.6186381494926312,0.6186381494926312
2009-03-30,-0.024659434010395276,0.0,-0.024659434010395276,0.6033828828689046,0.6033828828689046
2009-03-31,0.008649773297564334,0.0,0.008649773297564334,0.6086020080173514,0.6086020080173514
2009-04-01,0.01484129691254199,0.0,0.01484129691254199,0.6176344511199062,0.6176344511199062
2009-04-02,0.03217401914167506,0.0,0.03217401914167506,0.637506233772796,0.637506233772796
2009-04-03,0.018576924127972738,0.0,0.018576924127972738,0.6493491387087029,0.6493491387087029
2009-04-06,-0.0024727635559625982,0.0,-0.0024727635559625982,0.6477434518234083,0.6477434518234083
2009-04-07,-0.026340311217378676,0.0,-0.026340311217378676,0.6306816877133606,0.6306816877133606
2009-04-08,0.016868442218423096,0.0,0.016868442218423096,0.641320305320771,0.641320305320771
2009-04-09,0.030985668407769396,0.0,0.030985668407769396,0.6611920436446098,0.6611920436446098
2009-04-13,-0.001517946341491827,0.0,-0.001517946341491827,0.660188389600936,0.660188389600936
2009-04-14,-0.012161830605793122,0.0,-0.012161830605793122,0.652159290238698,0.652159290238698
2009-04-15,-0.0027698210026372294,0.0,-0.0027698210026372294,0.6503529257395299,0.6503529257395299
2009-04-16,0.02592598802865398,0.0,0.02592598802865398,0.667213967906653,0.667213967906653
2009-04-17,0.0021058515979217596,0.0,0.0021058515979217596,0.6686190215071249,0.6686190215071249
2009-04-20,-0.03212233250098839,0.0,-0.03212233250098839,0.6471414189817876,0.6471414189817876
2009-04-21,0.013957380115949602,0.0,0.013957380115949602,0.6561738177552914,0.6561738177552914
2009-04-22,0.0030591103043620116,0.0,0.0030591103043620116,0.6581811258426391,0.6581811258426391
2009-04-23,0.009759338614761637,0.0,0.009759338614761637,0.6646045383195824,0.6646045383195824
2009-04-24,0.01751725926408132,0.0,0.01751725926408132,0.6762465883254116,0.6762465883254116
2009-04-27,0.0011873362684720057,0.0,0.0011873362684720057,0.6770495204261608,0.6770495204261608
2009-04-28,-0.007412231134015901,0.0,-0.007412231134015901,0.6720310728915875,0.6720310728915875
2009-04-29,0.01373972134674939,0.0,0.01373972134674939,0.6812645925694749,0.6812645925694749
2009-04-30,0.010017793055925539,0.0,0.010017793055925539,0.6880893602741653,0.6880893602741653
2009-05-01,0.0026254465185340248,0.0,0.0026254465185340248,0.6898959020895374,0.6898959020895374
2009-05-04,0.01978472749423066,0.0,0.01978472749423066,0.7035453045117653,0.7035453045117653
2009-05-05,-0.0008563430503580882,0.0,-0.0008563430503580882,0.7029428283796346,0.7029428283796346
2009-05-06,0.0002859235617977962,0.0,0.0002859235617977962,0.7031438162968652,0.7031438162968652
2009-05-07,-0.02340870609665824,0.0,-0.02340870609665824,0.6866841293574892,0.6866841293574892
2009-05-08,0.0005848703718096537,0.0,0.0005848703718096537,0.6870857505595424,0.6870857505595424
2009-05-11,0.003505364500616448,0.0,0.003505364500616448,0.6894942365584332,0.6894942365584332
2009-05-12,-0.012227012414295357,0.0,-0.012227012414295357,0.6810637819684482,0.6810637819684482
2009-05-13,-0.026819688456487856,0.0,-0.026819688456487856,0.662797863517057,0.662797863517057
2009-05-14,0.011205360809407816,0.0,0.011205360809407816,0.6702247527214703,0.6702247527214703
2009-05-15,-0.0005994320376482287,0.0,-0.0005994320376482287,0.6698229985322642,0.6698229985322642
2009-05-18,0.026071708017518347,0.0,0.026071708017518347,0.687286428173416,0.687286428173416
2009-05-19,0.004673185631840715,0.0,0.004673185631840715,0.6904982452345152,0.6904982452345152
2009-05-20,-0.0034886185113066626,0.0,-0.0034886185113066626,0.6880893602741653,0.6880893602741653
2009-05-21,-0.01837825447652386,0.0,-0.01837825447652386,0.6754434789084582,0.6754434789084582
2009-05-22,-0.003268876584223479,0.0,-0.003268876584223479,0.673235537536288,0.673235537536288
2009-05-26,0.03726926916433948,0.0,0.03726926916433948,0.6983265339957266,0.6983265339957266
2009-05-27,-0.006898640839019365,0.0,-0.006898640839019365,0.6935090300493328,0.6935090300493328
2009-05-28,0.011577434013535282,0.0,0.011577434013535282,0.7015380850825198,0.7015380850825198
2009-05-29,0.012303092388480152,0.0,0.012303092388480152,0.7101691729573275,0.7101691729573275
2009-06-01,0.02854760002574208,0.0,0.02854760002574208,0.7304427984575254,0.7304427984575254
2009-06-02,0.001373731660491151,0.0,0.001373731660491151,0.7314462308559442,0.7314462308559442
2009-06-03,-0.0030190211971469205,0.0,-0.0030190211971469205,0.7292379791804169,0.7292379791804169
2009-06-04,0.011285873081813724,0.0,0.011285873081813724,0.7374680664598854,0.7374680664598854
2009-06-05,0.0010887686359135618,0.0,0.0010887686359135618,0.7382709985606347,0.7382709985606347
2009-06-08,-0.002990572186057472,0.0,-0.002990572186057472,0.7360631458465664,0.7360631458465664
2009-06-09,0.007635626225418468,0.0,0.007635626225418468,0.7416834489065565,0.7416834489065565
2009-06-10,-0.0035184317218762695,0.0,-0.0035184317218762695,0.7390738863323331,0.7390738863323331
2009-06-11,0.0,0.0,0.0,0.7390738863323331,0.7390738863323331
2009-06-12,-0.004616957915603237,0.0,-0.004616957915603237,0.7356616133026154,0.7356616133026154
2009-06-15,-0.020463711973517595,0.0,-0.020463711973517595,0.7206072459380174,0.7206072459380174
2009-06-16,-0.009749586441672231,0.0,-0.009749586441672231,0.7135816233032494,0.7135816233032494
2009-06-17,0.009563481165041798,0.0,0.009563481165041798,0.7204059477174299,0.7204059477174299
2009-06-18,-0.0019499944866043784,0.0,-0.0019499944866043784,0.7190011600912639,0.7190011600912639
2009-06-19,0.010733778398753335,0.0,0.010733778398753335,0.7267187592121301,0.7267187592121301
2009-06-22,-0.02986720049657987,0.0,-0.02986720049657987,0.7050137043261157,0.7050137043261157
2009-06-23,-0.0022802294829490366,0.0,-0.0022802294829490366,0.7034061112916281,0.7034061112916281
2009-06-24,0.016857055996797543,0.0,0.016857055996797543,0.7152634674981607,0.7152634674981607
2009-06-25,0.019667411636868026,0.0,0.019667411636868026,0.7293308485422606,0.7293308485422606
2009-06-26,0.0022048712971112217,0.0,0.0022048712971112217,0.7309389291963092,0.7309389291963092
2009-06-29,0.0021997173013639237,0.0,0.0021997173013639237,0.7325467882051028,0.7325467882051028
2009-06-30,-0.0019204599421683843,0.0,-0.0019204599421683843,0.7311399614425907,0.7311399614425907
2009-07-01,0.0005500357959804525,0.0,0.0005500357959804525,0.7315421145932559,0.7315421145932559
2009-07-02,-0.021978126524007435,0.0,-0.021978126524007435,0.7154641894410854,0.7154641894410854
2009-07-06,-0.0053371626958839125,0.0,-0.0053371626958839125,0.7116456406589596,0.7116456406589596
2009-07-07,-0.024851828624265493,0.0,-0.024851828624265493,0.6939599451560975,0.6939599451560975
2009-07-08,0.005212988471737345,0.0,0.005212988471737345,0.6975775503500438,0.6975775503500438
2009-07-09,0.0017285454722923976,0.0,0.0017285454722923976,0.6987833448662741,0.6987833448662741
2009-07-10,0.00431406549018476,0.0,0.00431406549018476,0.7017979419794776,0.7017979419794776
2009-07-13,0.01918718296708377,0.0,0.01918718296708377,0.7152634674981607,0.7152634674981607
2009-07-14,0.0036522979617201745,0.0,0.0036522979617201745,0.7178758228025972,0.7178758228025972
2009-07-15,0.033594388922686846,0.0,0.033594388922686846,0.7419924223920215,0.7419924223920215
2009-07-16,0.01191830371182534,0.0,0.01191830371182534,0.7508357134339626,0.7508357134339626
2009-07-17,0.005352885679233088,0.0,0.005352885679233088,0.75485485117186,0.75485485117186
2009-07-20,0.009584433012853832,0.0,0.009584433012853832,0.7620897069273445,0.7620897069273445
2009-07-21,0.006857164528788262,0.0,0.006857164528788262,0.7673154814334413,0.7673154814334413
2009-07-22,0.008380927511649539,0.0,0.008380927511649539,0.7737462968619014,0.7737462968619014
2009-07-23,0.022077949607582248,0.0,0.022077949607582248,0.7908290286130719,0.7908290286130719
2009-07-24,-0.007623890889514873,0.0,-0.007623890889514873,0.7847998343866648,0.7847998343866648
2009-07-27,0.007682461134970842,0.0,0.007682461134970842,0.7908290286130719,0.7908290286130719
2009-07-28,-0.006861557854462963,0.0,-0.006861557854462963,0.7854027094802546,0.7854027094802546
2009-07-29,0.006652946946086535,0.0,0.006652946946086535,0.7906279520377394,0.7906279520377394
2009-07-30,0.00584645085211255,0.0,0.00584645085211255,0.7952503195016344,0.7952503195016344
2009-07-31,-0.003032490491763795,0.0,-0.003032490491763795,0.7928387304691735,0.7928387304691735
2009-08-03,0.014955962737683848,0.0,0.014955962737683848,0.804696396979063,0.804696396979063
2009-08-04,0.0,0.0,0.0,0.804696396979063,0.804696396979063
2009-08-05,-0.007742276673570969,0.0,-0.007742276673570969,0.7984662148354255,0.7984662148354255
2009-08-06,-0.008809335154907894,0.0,-0.008809335154907894,0.7914322583390695,0.7914322583390695
2009-08-07,0.012696501205920585,0.0,0.012696501205920585,0.8014806789614759,0.8014806789614759
2009-08-10,-0.007021470600696023,0.0,-0.007021470600696023,0.795853105937122,0.795853105937122
2009-08-11,-0.008585938591372688,0.0,-0.008585938591372688,0.7890199600417926,0.7890199600417926
2009-08-12,0.015537922515677982,0.0,0.015537922515677982,0.8012796910442453,0.8012796910442453
2009-08-13,0.00551767663635494,0.0,0.00551767663635494,0.8057008932747058,0.8057008932747058
2009-08-14,-0.011473712357211285,0.0,-0.011473712357211285,0.7964565129793236,0.7964565129793236
2009-08-17,-0.029018663187680427,0.0,-0.029018663187680427,0.7733444096855422,0.7733444096855422
2009-08-18,0.014293162769816847,0.0,0.014293162769816847,0.7843979472103055,0.7843979472103055
2009-08-19,0.006917701013896993,0.0,0.006917701013896993,0.789824177685021,0.789824177685021
2009-08-20,0.011704688879978775,0.0,0.011704688879978775,0.7990688239547092,0.7990688239547092
2009-08-21,0.013329967796248177,0.0,0.013329967796248177,0.8097203856450114,0.8097203856450114
2009-08-24,-0.0009924376991868877,0.0,-0.0009924376991868877,0.8089167886084971,0.8089167886084971
2009-08-25,0.002981366840848265,0.0,0.002981366840848265,0.81132846629906,0.81132846629906
2009-08-26,-0.0017345256717558044,0.0,-0.0017345256717558044,0.809921196246038,0.809921196246038
2009-08-27,0.0024816832053833338,0.0,0.0024816832053833338,0.8119311640764457,0.8119311640764457
2009-08-28,0.000990063008278197,0.0,0.000990063008278197,0.8127350270872661,0.8127350270872661
2009-08-31,-0.010138135740209275,0.0,-0.010138135740209275,0.8044954090618327,0.8044954090618327
2009-09-01,-0.018736225268022877,0.0,-0.018736225268022877,0.78942220185056,0.78942220185056
2009-09-02,-0.0007640285090561028,0.0,-0.0007640285090561028,0.7888190607826643,0.7888190607826643
2009-09-03,0.006624919989907108,0.0,0.006624919989907108,0.7940449239468631,0.7940449239468631
2009-09-04,0.021513446629893185,0.0,0.021513446629893185,0.8111275670399315,0.8111275670399315
2009-09-08,0.009415299413407352,0.0,0.009415299413407352,0.8187645759460811,0.8187645759460811
2009-09-09,0.008590614113858752,0.0,0.008590614113858752,0.825798266468131,0.825798266468131
2009-09-10,0.009491203633422263,0.0,0.009491203633422263,0.8336360859753071,0.8336360859753071
2009-09-11,0.0009642852850830774,0.0,0.0009642852850830774,0.8344399489861274,0.8344399489861274
2009-09-14,0.0038535315876115916,0.0,0.0038535315876115916,0.8376554896875105,0.8376554896875105
2009-09-15,0.0031193391725685693,0.0,0.0031193391725685693,0.8402684212696099,0.8402684212696099
2009-09-16,0.014589833510012529,0.0,0.014589833510012529,0.8525277976396546,0.8525277976396546
2009-09-17,-0.00023565127106095485,0.0,-0.00023565127106095485,0.852326898380526,0.852326898380526
2009-09-18,0.0016755363578282445,0.0,0.0016755363578282445,0.8537550030875175,0.8537550030875175
2009-09-21,0.0030631129834577386,0.0,0.0030631129834577386,0.8563701511221669,0.8563701511221669
2009-09-22,0.00187944334768253,0.0,0.00187944334768253,0.8579796503058473,0.8579796503058473
2009-09-23,-0.004689897500329887,0.0,-0.004689897500329887,0.853955813688544,0.853955813688544
2009-09-24,-0.008951505557873607,0.0,-0.008951505557873607,0.8463116234761325,0.8463116234761325
2009-09-25,-0.00879508139190155,0.0,-0.00879508139190155,0.8388682438647476,0.8388682438647476
2009-09-28,0.017026931565275794,0.0,0.017026931565275794,0.8531515960453157,0.8531515960453157
2009-09-29,-0.004479919858172199,0.0,-0.004479919858172199,0.849329545268161,0.849329545268161
2009-09-30,0.0007106597925015112,0.0,0.0007106597925015112,0.8499331296265666,0.8499331296265666
2009-10-01,-0.02958628457651158,0.0,-0.02958628457651158,0.82478676618243,0.82478676618243
2009-10-02,-0.0029263662655238942,0.0,-0.0029263662655238942,0.8223731380136231,0.8223731380136231
2009-10-05,0.008072204378261949,0.0,0.008072204378261949,0.8290115020588616,0.8290115020588616
2009-10-06,0.017713942453455367,0.0,0.017713942453455367,0.8436965640995849,0.8436965640995849
2009-10-07,0.0028615131058371546,0.0,0.0028615131058371546,0.8461108128751057,0.8461108128751057
2009-10-08,0.0042792364456529786,0.0,0.0042792364456529786,0.849731521102622,0.849731521102622
2009-10-09,0.0056818584936881855,0.0,0.0056818584936881855,0.8545595753631535,0.8545595753631535
2009-10-12,0.002118723856372018,0.0,0.002118723856372018,0.8563701511221665,0.8563701511221665
2009-10-13,0.0002349045365148683,0.0,0.0002349045365148683,0.856571316355601,0.856571316355601
2009-10-14,0.013621573931699382,0.0,0.013621573931699382,0.8682391658691119,0.8682391658691119
2009-10-15,-0.0023166270759350516,0.0,-0.0023166270759350516,0.8662277795090723,0.8662277795090723
2009-10-16,-0.006502886771616034,0.0,-0.006502886771616034,0.8605947983404963,0.8605947983404963
2009-10-19,0.010050897846417106,0.0,0.010050897846417106,0.8692445487457746,0.8692445487457746
2009-10-20,0.0002319353330837437,0.0,0.0002319353330837437,0.8694461572697192,0.8694461572697192
2009-10-21,-0.0018510755520876332,0.0,-0.0018510755520876332,0.8678367467441407,0.8678367467441407
2009-10-22,0.003940919712750901,0.0,0.003940919712750901,0.8712568216868343,0.8712568216868343
2009-10-23,-0.004156137168502716,0.0,-0.004156137168502716,0.8676357588269101,0.8676357588269101
2009-10-26,-0.0032464735690496127,0.0,-0.0032464735690496127,0.8648190022683163,0.8648190022683163
2009-10-27,-0.0151192162828796,0.0,-0.0151192162828796,0.8517436167274774,0.8517436167274774
2009-10-28,-0.022438084329449826,0.0,-0.022438084329449826,0.8326321216282757,0.8326321216282757
2009-10-29,0.016913068686082555,0.0,0.016913068686082555,0.8467144858916134,0.8467144858916134
2009-10-30,-0.026847856839352424,0.0,-0.026847856839352424,0.8239820165905895,0.8239820165905895
2009-11-02,0.004150774570235605,0.0,0.004150774570235605,0.8274021801913851,0.8274021801913851
2009-11-03,0.003160137605069613,0.0,0.003160137605069613,0.8300168849355245,0.8300168849355245
2009-11-04,0.001697073818758943,0.0,0.001697073818758943,0.8314254848600764,0.8314254848600764
2009-11-05,0.02467944531202937,0.0,0.02467944531202937,0.8519446046447081,0.8519446046447081
2009-11-06,0.005902599204148151,0.0,0.005902599204148151,0.8569732921900622,0.8569732921900622
2009-11-09,0.021361681912128283,0.0,0.021361681912128283,0.8752796830650157,0.8752796830650157
2009-11-10,0.0025281262784844216,0.0,0.0025281262784844216,0.8774925006327958,0.8774925006327958
2009-11-11,0.006419507656892254,0.0,0.006419507656892254,0.8831255704594736,0.8831255704594736
2009-11-12,-0.005694594682776111,0.0,-0.005694594682776111,0.8780965282817115,0.8780965282817115
2009-11-13,0.00824692222096246,0.0,0.00824692222096246,0.8853381220529479,0.8853381220529479
2009-11-16,0.010225234756605195,0.0,0.010225234756605195,0.8943909121899113,0.8943909121899113
2009-11-17,0.0031488616774830724,0.0,0.0031488616774830724,0.8972072254579952,0.8972072254579952
2009-11-18,-0.005605909807412268,0.0,-0.005605909807412268,0.8921775626735191,0.8921775626735191
2009-11-19,-0.015557692068815632,0.0,-0.015557692068815632,0.8782973388827381,0.8782973388827381
2009-11-20,-0.005038577444494874,0.0,-0.005038577444494874,0.8738719697214836,0.8738719697214836
2009-11-23,0.016114093925005513,0.0,0.016114093925005513,0.8879536247200052,0.8879536247200052
2009-11-24,-0.0033980391557790757,0.0,-0.0033980391557790757,0.8849363235346906,0.8849363235346906
2009-11-25,0.004318611456112231,0.0,0.004318611456112231,0.8887580196794373,0.8887580196794373
2009-11-27,-0.015165361454947401,0.0,-0.015165361454947401,0.8752796830650155,0.8752796830650155
2009-11-30,0.00114935089073942,0.0,0.00114935089073942,0.8762856865483923,0.8762856865483923
2009-12-01,0.01033046145054839,0.0,0.01033046145054839,0.8853381220529478,0.8853381220529478
2009-12-02,0.0013637117875548999,0.0,0.0013637117875548999,0.8865454680859631,0.8865454680859631
2009-12-03,-0.004084463786997894,0.0,-0.004084463786997894,0.8829244052260389,0.8829244052260389
2009-12-04,0.005240413561693913,0.0,0.005240413561693913,0.887551294253136,0.887551294253136
2009-12-07,-0.004759990666214908,0.0,-0.004759990666214908,0.883326558376704,0.883326558376704
2009-12-08,-0.006148770908250056,0.0,-0.006148770908250056,0.8778951857320727,0.8778951857320727
2009-12-09,0.010082579026724714,0.0,0.010082579026724714,0.8867466333193975,0.8867466333193975
2009-12-10,0.00499066774326562,0.0,0.00499066774326562,0.8911720911387541,0.8911720911387541
2009-12-11,-0.0038375277463185142,0.0,-0.0038375277463185142,0.8877521935122644,0.8877521935122644
2009-12-14,0.0095174274783012,0.0,0.0095174274783012,0.8962013106327202,0.8962013106327202
2009-12-15,-0.005611707363399776,0.0,-0.005611707363399776,0.8911720911387541,0.8911720911387541
2009-12-16,0.001354286960404183,0.0,0.001354286960404183,0.8923789938812594,0.8923789938812594
2009-12-17,-0.012172694231533998,0.0,-0.012172694231533998,0.8815163372500989,0.8815163372500989
2009-12-18,0.01629840627569057,0.0,0.01629840627569057,0.8958836486532598,0.8958836486532598
2009-12-21,0.01124560325868762,0.0,0.01124560325868762,0.9059584007319598,0.9059584007319598
2009-12-22,0.006005541092225952,0.0,0.006005541092225952,0.9113991711354028,0.9113991711354028
2009-12-23,0.007295963367847547,0.0,0.007295963367847547,0.9180487061014934,0.9180487061014934
2009-12-24,0.009218504842088304,0.0,0.009218504842088304,0.9265117425439628,0.9265117425439628
2009-12-28,0.005219900884081863,0.0,0.005219900884081863,0.9313480420079803,0.9313480420079803
2009-12-29,-0.004110732664822425,0.0,-0.004110732664822425,0.9275195191893797,0.9275195191893797
2009-12-30,0.003041171764933903,0.0,0.003041171764933903,0.9303402653625635,0.9303402653625635
2009-12-31,-0.009096806206999264,0.0,-0.009096806206999264,0.9218771402619921,0.9218771402619921
2010-01-04,0.014644962091686864,0.0,0.014644962091686864,0.9353779960343217,0.9353779960343217
2010-01-05,0.0,0.0,0.0,0.9353779960343217,0.9353779960343217
2010-01-06,-0.006032285994979292,0.0,-0.006032285994979292,0.9297355284488321,0.9297355284488321
2010-01-07,0.0006504397167015341,0.0,0.0006504397167015341,0.9303402653625638,0.9303402653625638
2010-01-08,0.008230180511442642,0.0,0.008230180511442642,0.9379971336835611,0.9379971336835611
2010-01-11,-0.004081404265450783,0.0,-0.004081404265450783,0.9341687881811643,0.9341687881811643
2010-01-12,-0.01251077656159072,0.0,-0.01251077656159072,0.9224816112014178,0.9224816112014178
2010-01-13,0.012451305549012082,0.0,0.012451305549012082,0.9339677116058316,0.9339677116058316
2010-01-14,0.0008625003891977734,0.0,0.0008625003891977734,0.9347732591205897,0.9347732591205897
2010-01-15,-0.011640265435610364,0.0,-0.011640265435610364,0.9238922502623155,0.9238922502623155
2010-01-19,0.016139671604334493,0.0,0.016139671604334493,0.9388035677793388,0.9388035677793388
2010-01-20,-0.014381010995054955,0.0,-0.014381010995054955,0.9253026233489073,0.9253026233489073
2010-01-21,-0.009363832732635635,0.0,-0.009363832732635635,0.9166382443567992,0.9166382443567992
2010-01-22,-0.02923699567773519,0.0,-0.02923699567773519,0.8898384959684927,0.8898384959684927
2010-01-25,0.003396620138288009,0.0,0.003396620138288009,0.8928609393237232,0.8928609393237232
2010-01-26,0.0009022093802966147,0.0,0.0009022093802966147,0.8936664868384816,0.8936664868384816
2010-01-27,0.007892027703794158,0.0,0.007892027703794158,0.9007193275105633,0.9007193275105633
2010-01-28,-0.02572693260573633,0.0,-0.02572693260573633,0.8775465820750149,0.8775465820750149
2010-01-29,-0.017451534628167953,0.0,-0.017451534628167953,0.8622320475101023,0.8622320475101023
2010-02-01,0.01098437374201322,0.0,0.01098437374201322,0.8717031265722945,0.8717031265722945
2010-02-02,0.009014880512862478,0.0,0.009014880512862478,0.8795614261010324,0.8795614261010324
2010-02-03,0.005498132010002488,0.0,0.005498132010002488,0.8843973709326419,0.8843973709326419
2010-02-04,-0.02893596929236708,0.0,-0.02893596929236708,0.8588064757650848,0.8588064757650848
2010-02-05,0.008446716190810832,0.0,0.008446716190810832,0.866060570328703,0.866060570328703
2010-02-08,-0.007212436162441382,0.0,-0.007212436162441382,0.8598141637523996,0.8598141637523996
2010-02-09,0.010311928463432318,0.0,0.010311928463432318,0.8686805059008602,0.8686805059008602
2010-02-10,-0.002087344529727475,0.0,-0.002087344529727475,0.8668672703987872,0.8668672703987872
2010-02-11,0.015108753714980105,0.0,0.015108753714980105,0.8799645544908196,0.8799645544908196
2010-02-12,0.002061081646217655,0.0,0.002061081646217655,0.8817782332834027,0.8817782332834027
2010-02-16,0.01279692349395134,0.0,0.01279692349395134,0.8930622818733619,0.8930622818733619
2010-02-17,0.005640664486339153,0.0,0.005640664486339153,0.8980997465708139,0.8980997465708139
2010-02-18,0.006281982597498459,0.0,0.006281982597498459,0.9037415935495896,0.9037415935495896
2010-02-19,-0.0004454773842972326,0.0,-0.0004454773842972326,0.9033389971084145,0.9033389971084145
2010-02-22,-0.002007749912700141,0.0,-0.002007749912700141,0.9015253183158314,0.9015253183158314
2010-02-23,-0.012963387838259566,0.0,-0.012963387838259566,0.8898384959684928,0.8898384959684928
2010-02-24,0.010190059682713803,0.0,0.010190059682713803,0.8989060033503881,0.8989060033503881
2010-02-25,-0.00022447935534575247,0.0,-0.00022447935534575247,0.8987042175102395,0.8987042175102395
2010-02-26,0.0035873462683913004,0.0,0.0035873462683913004,0.9019281807313124,0.9019281807313124
2010-03-01,0.01452231152632355,0.0,0.01452231152632355,0.9150262627462628,0.9150262627462628
2010-03-02,0.0030830817873193084,0.0,0.0030830817873193084,0.9178473635518546,0.9178473635518546
2010-03-03,0.001097012536485753,0.0,0.001097012536485753,0.9188542536162514,0.9188542536162514
2010-03-04,0.0032898434477977023,0.0,0.0032898434477977023,0.9218771402619919,0.9218771402619919
2010-03-05,0.015082060546550924,0.0,0.015082060546550924,0.9357809471079044,0.9357809471079044
2010-03-08,0.001938144603379932,0.0,0.001938144603379932,0.9375946259004874,0.9375946259004874
2010-03-09,0.005587686211685483,0.0,0.005587686211685483,0.9428336104637819,0.9428336104637819
2010-03-10,0.008121029604713392,0.0,0.008121029604713392,0.9504903901266771,0.9504903901266771
2010-03-11,0.0038163944432774155,0.0,0.0038163944432774155,0.9541178363699452,0.9541178363699452
2010-03-12,0.00021121066828522217,0.0,0.00021121066828522217,0.9543193562357877,0.9543193562357877
2010-03-15,-0.0025337141073425995,0.0,-0.0025337141073425995,0.9519013838199829,0.9519013838199829
2010-03-16,0.006350328734897603,0.0,0.006350328734897603,0.9579462705304438,0.9579462705304438
2010-03-17,0.0027347653376244008,0.0,0.0027347653376244008,0.960566028786397,0.960566028786397
2010-03-18,0.003356408391048671,0.0,0.003356408391048671,0.9637900806655719,0.9637900806655719
2010-03-19,-0.006048737804901005,0.0,-0.006048737804901005,0.9579603671686615,0.9579603671686615
2010-03-22,0.00905442129777878,0.0,0.00905442129777878,0.9666341439195815,0.9666341439195815
2010-03-23,0.006886031311548857,0.0,0.006886031311548857,0.9732904169014239,0.9732904169014239
2010-03-24,-0.004766524382356696,0.0,-0.004766524382356696,0.9686512043981492,0.9686512043981492
2010-03-25,-0.001457207336870936,0.0,-0.001457207336870936,0.9672396787562314,0.9672396787562314
2010-03-26,0.0010427348985844187,0.0,0.0010427348985844187,0.9682482533245661,0.9682482533245661
2010-03-29,0.004791162980302133,0.0,0.004791162980302133,0.972887288511637,0.972887288511637
2010-03-30,0.0033173636094971926,0.0,0.0033173636094971926,0.9761147093986878,0.9761147093986878
2010-03-31,-0.004752823737524392,0.0,-0.004752823737524392,0.971475408237311,0.971475408237311
2010-04-01,0.0,0.0,0.0,0.971475408237311,0.971475408237311
2010-04-05,0.009343787496983724,0.0,0.009343787496983724,0.980552668010426,0.980552668010426
2010-04-06,0.0028799451135914644,0.0,0.0028799451135914644,0.9833766058752816,0.9833766058752816
2010-04-07,-0.0024611007155295184,0.0,-0.0024611007155295184,0.980956417006927,0.980956417006927
2010-04-08,0.0022614695105158678,0.0,0.0022614695105158678,0.9831748200351331,0.9831748200351331
2010-04-09,0.005950398705659499,0.0,0.005950398705659499,0.9890251022117071,0.9890251022117071
2010-04-12,0.0008153828390955464,0.0,0.0008153828390955464,0.9898315363074853,0.9898315363074853
2010-04-13,0.0050951257332108035,0.0,0.0050951257332108035,0.9948748524396692,0.9948748524396692
2010-04-14,0.011962685482490354,0.0,0.011962685482490354,1.006776227393844,1.006776227393844
2010-04-15,0.004407912279595472,0.0,0.004407912279595472,1.0112140086893782,1.0112140086893782
2010-04-16,-0.011969028661017345,0.0,-0.011969028661017345,0.9991107592369528,0.9991107592369528
2010-04-19,-0.0006059850451516358,0.0,-0.0006059850451516358,0.9985053130584051,0.9985053130584051
2010-04-20,0.00505113196748197,0.0,0.00505113196748197,1.003548895164895,1.003548895164895
2010-04-21,0.0056277262031956266,0.0,0.0056277262031956266,1.0091965935784024,1.0091965935784024
2010-04-22,0.005596671391834951,0.0,0.005596671391834951,1.01484473528242,1.01484473528242
2010-04-23,0.004173945678601632,0.0,0.004173945678601632,1.0190806420797036,1.0190806420797036
2010-04-26,-0.002177041004215896,0.0,-0.002177041004215896,1.0168620617352935,1.0168620617352935
2010-04-27,-0.021225989641899146,0.0,-0.021225989641899146,0.9952781581456599,0.9952781581456599
2010-04-28,0.0006080513264443699,0.0,0.0006080513264443699,0.9958833383499015,0.9958833383499015
2010-04-29,0.017419529786380172,0.0,0.017419529786380172,1.0132311578260473,1.0132311578260473
2010-04-30,-0.019709196017718145,0.0,-0.019709196017718145,0.9932611863251942,0.9932611863251942
2010-05-03,0.014012865522548879,0.0,0.014012865522548879,1.0071796217579365,1.0071796217579365
2010-05-04,-0.03004225429228502,0.0,-0.03004225429228502,0.9769216754430772,0.9769216754430772
2010-05-05,-0.005161640217450247,0.0,-0.005161640217450247,0.9718791572338114,0.9718791572338114
2010-05-06,-0.033416766236986306,0.0,-0.033416766236986306,0.9394020986259298,0.9394020986259298
2010-05-07,-0.024908491905837216,0.0,-0.024908491905837216,0.9160030090559793,0.9160030090559793
2010-05-10,0.051971092520716855,0.0,0.051971092520716855,0.9636086861888826,0.9636086861888826
2010-05-11,-0.0010467560544997756,0.0,-0.0010467560544997756,0.9626000229624458,0.9626000229624458
2010-05-12,0.018859602263517017,0.0,0.018859602263517017,0.98075427653437,0.98075427653437
2010-05-13,-0.015836894030277993,0.0,-0.015836894030277993,0.9652221749871532,0.9652221749871532
2010-05-14,-0.019227307096820634,0.0,-0.019227307096820634,0.9466635518120141,0.9466635518120141
2010-05-17,0.003197040407998397,0.0,0.003197040407998397,0.9496900734399364,0.9496900734399364
2010-05-18,-0.013806237499212282,0.0,-0.013806237499212282,0.9365784267353803,0.9365784267353803
2010-05-19,-0.007969757481468775,0.0,-0.007969757481468775,0.9291141238119237,0.9291141238119237
2010-05-20,-0.03712514705751846,0.0,-0.03712514705751846,0.8946206253321887,0.8946206253321887
2010-05-21,0.011048808301441726,0.0,0.011048808301441726,0.904505117124,0.904505117124
2010-05-24,-0.004014929763478725,0.0,-0.004014929763478725,0.90087359260804,0.90087359260804
2010-05-25,0.0008960547021465981,0.0,0.0008960547021465981,0.9016808246267362,0.9016808246267362
2010-05-26,-0.01118539592923129,0.0,-0.01118539592923129,0.8915951676014904,0.8915951676014904
2010-05-27,0.037782020007644856,0.0,0.037782020007644856,0.9252814340625294,0.9252814340625294
2010-05-28,-0.005886353037647729,0.0,-0.005886353037647729,0.9198349008824563,0.9198349008824563
2010-06-01,-0.009210049464678849,0.0,-0.009210049464678849,0.9113631759459909,0.9113631759459909
2010-06-02,0.023683292759149932,0.0,0.023683292759149932,0.9329472568518284,0.9329472568518284
2010-06-03,0.009513466625132194,0.0,0.009513466625132194,0.9418228194428969,0.9418228194428969
2010-06-04,-0.034268754998546536,0.0,-0.034268754998546536,0.909547723991368,0.909547723991368
2010-06-07,-0.018185605525970816,0.0,-0.018185605525970816,0.8930070478758164,0.8930070478758164
2010-06-08,-0.001807399785613839,0.0,-0.001807399785613839,0.891393027128934,0.891393027128934
2010-06-09,-0.008372457648865073,0.0,-0.008372457648865073,0.8839298767608034,0.8839298767608034
2010-06-10,0.028525499802058096,0.0,0.028525499802058096,0.909144418285377,0.909144418285377
2010-06-11,0.009540787901973546,0.0,0.009540787901973546,0.9178183723525009,0.9178183723525009
2010-06-14,-0.00021975718521471954,0.0,-0.00021975718521471954,0.9176166751704543,0.9176166751704543
2010-06-15,0.02681926481585606,0.0,0.02681926481585606,0.9422264797812961,0.9422264797812961
2010-06-16,0.004067130231440785,0.0,0.004067130231440785,0.9460586375820786,0.9460586375820786
2010-06-17,0.0031986160447161627,0.0,0.0031986160447161627,0.949084715919491,0.949084715919491
2010-06-18,0.0008302664634096679,0.0,0.0008302664634096679,0.9498727091300536,0.9498727091300536
2010-06-21,-0.008510358287399988,0.0,-0.008510358287399988,0.9417889520479336,0.9417889520479336
2010-06-22,-0.007725432672240018,0.0,-0.007725432672240018,0.9345132249074277,0.9345132249074277
2010-06-23,-0.004109048017098771,0.0,-0.004109048017098771,0.9306732651936693,0.9306732651936693
2010-06-24,-0.015200819179812308,0.0,-0.015200819179812308,0.9165262691739748,0.9165262691739748
2010-06-25,0.00019859232574637176,0.0,0.00019859232574637176,0.9167082842573777,0.9167082842573777
2010-06-28,-0.0035342028396255776,0.0,-0.0035342028396255776,0.913468451236047,0.913468451236047
2010-06-29,-0.03857231358856816,0.0,-0.03857231358856816,0.8782338596817065,0.8782338596817065
2010-06-30,-0.015217674404518489,0.0,-0.015217674404518489,0.8648691827540468,0.8648691827540468
2010-07-01,-0.0028097080646791728,0.0,-0.0028097080646791728,0.8624391528363703,0.8624391528363703
2010-07-02,-0.0028178303662212967,0.0,-0.0028178303662212967,0.8600089456024897,0.8600089456024897
2010-07-06,0.0030608375876752802,0.0,0.0030608375876752802,0.8626412933089268,0.8626412933089268
2010-07-07,0.031925152546609326,0.0,0.031925152546609326,0.8901812481908187,0.8901812481908187
2010-07-08,0.005459430345253979,0.0,0.005459430345253979,0.8950411307099677,0.8950411307099677
2010-07-09,0.009502721232907074,0.0,0.009502721232907074,0.9035464570670905,0.9035464570670905
2010-07-12,0.002913252581255632,0.0,0.002913252581255632,0.9061787161154256,0.9061787161154256
2010-07-13,0.012960999693964803,0.0,0.012960999693964803,0.917923698177675,0.917923698177675
2010-07-14,0.00507392507844906,0.0,0.00507392507844906,0.9225811742499614,0.9225811742499614
2010-07-15,0.0008777581054724148,0.0,0.0008777581054724148,0.9233909773536156,0.9233909773536156
2010-07-16,-0.027631565050661555,0.0,-0.027631565050661555,0.8978762394956753,0.8978762394956753
2010-07-19,0.008570016278607318,0.0,0.008570016278607318,0.905571053484328,0.905571053484328
2010-07-20,0.01207525527711728,0.0,0.01207525527711728,0.9165060551267192,0.9165060551267192
2010-07-21,-0.013698335956944474,0.0,-0.013698335956944474,0.9039514472770196,0.9039514472770196
2010-07-22,0.025313738055768642,0.0,0.025313738055768642,0.926833837428523,0.926833837428523
2010-07-23,0.0063353600809945565,0.0,0.0063353600809945565,0.9327056635238826,0.9327056635238826
2010-07-26,0.008250371925466071,0.0,0.008250371925466071,0.9404008321449433,0.9404008321449433
2010-07-27,-0.0004307512862437024,0.0,-0.0004307512862437024,0.9399957532769122,0.9399957532769122
2010-07-28,-0.007970776648482225,0.0,-0.007970776648482225,0.9325032570770201,0.9325032570770201
2010-07-29,-0.007382983598546056,0.0,-0.007382983598546056,0.9256186008244297,0.9256186008244297
2010-07-30,0.002187673246671906,0.0,0.002187673246671906,0.9276435518740752,0.9276435518740752
2010-08-02,0.01877358991875866,0.0,0.01877358991875866,0.9450587515077399,0.9450587515077399
2010-08-03,-0.004286094761457471,0.0,-0.004286094761457471,0.941008140143633,0.941008140143633
2010-08-04,0.01011447348424932,0.0,0.01011447348424932,0.9505259420255785,0.9505259420255785
2010-08-05,-0.0023440357204517204,0.0,-0.0023440357204517204,0.9482978752642545,0.9482978752642545
2010-08-06,-0.0014947473486185414,0.0,-0.0014947473486185414,0.9468804095295026,0.9468804095295026
2010-08-09,0.006843640725856082,0.0,0.006843640725856082,0.9533605188626739,0.9533605188626739
2010-08-10,-0.008707899258129537,0.0,-0.008707899258129537,0.9450587515077397,0.9450587515077397
2010-08-11,-0.027212874194844527,0.0,-0.027212874194844527,0.9193409865962227,0.9193409865962227
2010-08-12,-0.007929690788638144,0.0,-0.007929690788638144,0.9120508968431931,0.9120508968431931
2010-08-13,-0.007104694903862896,0.0,-0.007104694903862896,0.9055710534843276,0.9055710534843276
2010-08-16,0.0017891769042177597,0.0,0.0017891769042177597,0.90719128029835,0.90719128029835
2010-08-17,0.012722931288626338,0.0,0.012722931288626338,0.9187334126232268,0.9187334126232268
2010-08-18,0.003967612164294643,0.0,0.003967612164294643,0.9223785904868946,0.9223785904868946
2010-08-19,-0.015148065062177918,0.0,-0.015148065062177918,0.9084063395862392,0.9084063395862392
2010-08-20,0.0013368892622749318,0.0,0.0013368892622749318,0.9096207782674145,0.9096207782674145
2010-08-23,-0.00979495650628004,0.0,-0.00979495650628004,0.9007110823070765,0.9007110823070765
2010-08-24,-0.01866029777219602,0.0,-0.01866029777219602,0.8839035453045095,0.8839035453045095
2010-08-25,0.009622058617023477,0.0,0.009622058617023477,0.8924085170292244,0.8924085170292244
2010-08-26,-0.012025854061255337,0.0,-0.012025854061255337,0.8816765424404097,0.8816765424404097
2010-08-27,0.012172235590060643,0.0,0.012172235590060643,0.8924085170292245,0.8924085170292245
2010-08-30,-0.010437096961670944,0.0,-0.010437096961670944,0.8830943628075695,0.8830943628075695
2010-08-31,-0.0034400286004770964,0.0,-0.0034400286004770964,0.8800564929425914,0.8800564929425914
2010-09-01,0.029911827118127787,0.0,0.029911827118127787,0.906380590613676,0.906380590613676
2010-09-02,0.011171316572641476,0.0,0.011171316572641476,0.9165060551267191,0.9165060551267191
2010-09-03,0.016570781442729166,0.0,0.016570781442729166,0.9316932766571618,0.9316932766571618
2010-09-07,-0.00673747439535155,0.0,-0.00673747439535155,0.925416017061363,0.925416017061363
2010-09-08,0.012034357820933872,0.0,0.012034357820933872,0.9365528045439029,0.9365528045439029
2010-09-09,0.003892690080678607,0.0,0.003892690080678607,0.9401985143561826,0.9401985143561826
2010-09-10,0.0036612779894173997,0.0,0.0036612779894173997,0.9436408424824778,0.9436408424824778
2010-09-13,0.013948296036094598,0.0,0.013948296036094598,0.9568030243051732,0.9568030243051732
2010-09-14,0.004232836492478631,0.0,0.004232836492478631,0.960853015062566,0.960853015062566
2010-09-15,0.006322538796159849,0.0,0.006322538796159849,0.9669280455277063,0.9669280455277063
2010-09-16,0.003978816930501505,0.0,0.003978816930501505,0.9707752752058286,0.9707752752058286
2010-09-17,0.003387505227335552,0.0,0.003387505227335552,0.9740637815251565,0.9740637815251565
2010-09-20,0.017503367467501585,0.0,0.017503367467501585,0.9911131778299754,0.9911131778299754
2010-09-21,-0.00020475804379760376,0.0,-0.00020475804379760376,0.990910239434501,0.990910239434501
2010-09-22,-0.002662489188502648,0.0,-0.002662489188502648,0.9882719516352301,0.9882719516352301
2010-09-23,-0.00041141110510356516,0.0,-0.00041141110510356516,0.9878653655794649,0.9878653655794649
2010-09-24,0.02034110199629069,0.0,0.02034110199629069,1.00795963573932,1.00795963573932
2010-09-27,-0.0054367712240867005,0.0,-0.0054367712240867005,1.0024795897966914,1.0024795897966914
2010-09-28,-0.00040460755587590214,0.0,-0.00040460755587590214,1.0020739789800484,1.0020739789800484
2010-09-29,-0.0016206778605919459,0.0,-0.0016206778605919459,1.00044993986764,1.00044993986764
2010-09-30,-0.004463257109840524,0.0,-0.004463257109840524,0.9959846745604863,0.9959846745604863
2010-10-01,-0.0012228063124472,0.0,-0.0012228063124472,0.9947667782133331,0.9947667782133331
2010-10-04,-0.010814368083158166,0.0,-0.010814368083158166,0.9840090041168368,0.9840090041168368
2010-10-05,0.02433985006466388,0.0,0.02433985006466388,1.00795963573932,1.00795963573932
2010-10-06,-0.008658496425035467,0.0,-0.008658496425035467,0.9992322208366909,0.9992322208366909
2010-10-07,0.0036564076970000414,0.0,0.0036564076970000414,1.0028858212200487,1.0028858212200487
2010-10-08,0.006881200088226125,0.0,0.006881200088226125,1.0097868792215088,1.0097868792215088
2010-10-11,0.00040203082195322537,0.0,0.00040203082195322537,1.0101928446705597,1.0101928446705597
2010-10-12,0.0068311630433341985,0.0,0.0068311630433341985,1.017093636697714,1.017093636697714
2010-10-13,0.008182119228677509,0.0,0.008182119228677509,1.025415618099904,1.025415618099904
2010-10-14,-0.0019794301464945985,0.0,-0.0019794301464945985,1.0233858795127506,1.0233858795127506
2010-10-15,0.021221667285653334,0.0,0.021221667285653334,1.045103834152606,1.045103834152606
2010-10-18,-0.003690016240211258,0.0,-0.003690016240211258,1.0412473840318759,1.0412473840318759
2010-10-19,-0.009356529160904459,0.0,-0.009356529160904459,1.0315049225194661,1.0315049225194661
2010-10-20,0.007280415600382284,0.0,0.007280415600382284,1.039014707049248,1.039014707049248
2010-10-21,0.0019535224798865602,0.0,0.0019535224798865602,1.0410444456364014,1.0410444456364014
2010-10-22,0.006823912683758593,0.0,0.006823912683758593,1.048148442033336,1.048148442033336
2010-10-25,0.004841332508343399,0.0,0.004841332508343399,1.0532228771593215,1.0532228771593215
2010-10-26,0.0026979862370799523,0.0,0.0026979862370799523,1.056064457986475,1.056064457986475
2010-10-27,0.0030751402072526357,0.0,0.0030751402072526357,1.0593120042626798,1.0593120042626798
2010-10-28,0.0021079181090637444,0.0,0.0021079181090637444,1.0615449472196137,1.0615449472196137
2010-10-29,-0.0022949073735362147,0.0,-0.0022949073735362147,1.0591087998928992,1.0591087998928992
2010-11-01,0.0007667845025820519,0.0,0.0007667845025820519,1.0599209081072054,1.0599209081072054
2010-11-02,0.01072383031580526,0.0,0.01072383031580526,1.0712873200739212,1.0712873200739212
2010-11-03,0.004546998743312658,0.0,0.004546998743312658,1.0761584621720242,1.0761584621720242
2010-11-04,0.012259626514359745,0.0,0.012259626514359745,1.089351762988521,1.089351762988521
2010-11-05,0.0,0.0,0.0,1.089351762988521,1.089351762988521
2010-11-08,0.0013045379511160693,0.0,0.0013045379511160693,1.0907728637054548,1.0907728637054548
2010-11-09,-0.005396590690927794,0.0,-0.005396590690927794,1.0848864090232653,1.0848864090232653
2010-11-10,0.0050515075784463015,0.0,0.0050515075784463015,1.0903667209401997,1.0903667209401997
2010-11-11,-0.0063290351868109385,0.0,-0.0063290351868109385,1.0834657515968416,1.0834657515968416
2010-11-12,-0.01629846819978431,0.0,-0.01629846819978431,1.065806919498885,1.065806919498885
2010-11-15,-0.003808996185180935,0.0,-0.003808996185180935,1.0617472650083744,1.0617472650083744
2010-11-16,-0.016440139448468782,0.0,-0.016440139448468782,1.0442919919126064,1.0442919919126064
2010-11-17,0.0029155605543385033,0.0,0.0029155605543385033,1.0473366884514383,1.0473366884514383
2010-11-18,0.016085299091889382,0.0,0.016085299091889382,1.0641834123350886,1.0641834123350886
2010-11-19,0.0007625448754284836,0.0,0.0007625448754284836,1.0649948999426808,1.0649948999426808
2010-11-22,0.00838593114887054,0.0,0.00838593114887054,1.0739258738474984,1.0739258738474984
2010-11-23,-0.015876014066075195,0.0,-0.015876014066075195,1.0568762115683734,1.0568762115683734
2010-11-24,0.020165076058602738,0.0,0.020165076058602738,1.0781882007591777,1.0781882007591777
2010-11-26,-0.0065883344330062155,0.0,-0.0065883344330062155,1.0710847363108549,1.0710847363108549
2010-11-29,-0.0007583765345288151,0.0,-0.0007583765345288151,1.0702724507803447,1.0702724507803447
2010-11-30,-0.012137517946624543,0.0,-0.012137517946624543,1.0572819997012204,1.0572819997012204
2010-12-01,0.02111705408253073,0.0,0.02111705408253073,1.0796086808693972,1.0796086808693972
2010-12-02,0.010152568559606445,0.0,0.010152568559606445,1.09056948201947,1.09056948201947
2010-12-03,0.002605756157870065,0.0,0.002605756157870065,1.0934112401628273,1.0934112401628273
2010-12-06,-0.0003711212377757178,0.0,-0.0003711212377757178,1.0930054520299801,1.0930054520299801
2010-12-07,0.000556929086850344,0.0,0.000556929086850344,1.0936141785583016,1.0936141785583016
2010-12-08,0.0037119829405085625,0.0,0.0037119829405085625,1.0976736557326083,1.0976736557326083
2010-12-09,0.0009246445392745439,0.0,0.0009246445392745439,1.098688613684287,1.098688613684287
2010-12-10,0.006650596630747296,0.0,0.006650596630747296,1.1059955484766961,1.1059955484766961
2010-12-13,-0.003486778466639917,0.0,-0.003486778466639917,1.102139187014068,1.102139187014068
2010-12-14,0.001841635440485767,0.0,0.001841635440485767,1.1041689256012213,1.1041689256012213
2010-12-15,-0.004411992835208878,0.0,-0.004411992835208878,1.0992973402126085,1.0992973402126085
2010-12-16,0.00775528401308212,0.0,0.00775528401308212,1.107822703300783,1.107822703300783
2010-12-17,0.0008810408398323144,0.0,0.0008810408398323144,1.1087987403456845,1.1087987403456845
2010-12-20,0.0007335410820186183,0.0,0.0007335410820186183,1.1096120897734185,1.1096120897734185
2010-12-21,0.006048196850801935,0.0,0.006048196850801935,1.116323242120398,1.116323242120398
2010-12-22,-0.0001818712053247573,0.0,-0.0001818712053247573,1.1161202150668215,1.1161202150668215
2010-12-23,-0.0025507906164077276,0.0,-0.0025507906164077276,1.113273226095446,1.113273226095446
2010-12-27,0.0005473473364421277,0.0,0.0005473473364421277,1.1138825732304818,1.1138825732304818
2010-12-28,-0.0018254828814119328,0.0,-0.0018254828814119328,1.1118491996611464,1.1118491996611464
2010-12-29,0.0021949045934952505,0.0,0.0021949045934952505,1.1142896025767566,1.1142896025767566
2010-12-30,-0.0023722211038963437,0.0,-0.0023722211038963437,1.1116462612656717,1.1116462612656717
2010-12-31,-0.0036596662698911153,0.0,-0.0036596662698911153,1.1075780069392671,1.1075780069392671
2011-01-03,0.015608010061565647,0.0,0.015608010061565647,1.124865095615544,1.124865095615544
2011-01-04,-0.0007232216086258125,0.0,-0.0007232216086258125,1.1240515688716057,1.1240515688716057
2011-01-05,0.008503609812455792,0.0,0.008503609812455792,1.1336100648223686,1.1336100648223686
2011-01-06,0.0032297822256943665,0.0,0.0032297822256943665,1.1372713784606001,1.1372713784606001
2011-01-07,-0.0008942431044042243,0.0,-0.0008942431044042243,1.1362543813725754,1.1362543813725754
2011-01-10,0.0037583087633972223,0.0,0.0037583087633972223,1.1405247761715365,1.1405247761715365
2011-01-11,0.0014268941405612967,0.0,0.0014268941405612967,1.1421521842918205,1.1421521842918205
2011-01-12,0.007122131609465843,0.0,0.007122131609465843,1.1502867424663858,1.1502867424663858
2011-01-13,0.0003536191081336959,0.0,0.0003536191081336959,1.1506935058383547,1.1506935058383547
2011-01-14,0.007422990985437972,0.0,0.007422990985437972,1.1592350933591948,1.1592350933591948
2011-01-18,0.0028076510115260245,0.0,0.0028076510115260245,1.1624898209416612,1.1624898209416612
2011-01-19,-0.01137220758852886,0.0,-0.01137220758852886,1.149269745378361,1.149269745378361
2011-01-20,-0.00707794627777758,0.0,-0.00707794627777758,1.1411352758618978,1.1411352758618978
2011-01-21,-0.007663549368784106,0.0,-0.007663549368784106,1.132390129338869,1.132390129338869
2011-01-24,0.013828952415222195,0.0,0.013828952415222195,1.1480498985529635,1.1480498985529635
2011-01-25,0.0014172323780761165,0.0,0.0014172323780761165,1.1496769520408396,1.1496769520408396
2011-01-26,0.005306714445475924,0.0,0.005306714445475924,1.1557779593298656,1.1557779593298656
2011-01-27,0.006158549452764728,0.0,0.006158549452764728,1.162895875048814,1.162895875048814
2011-01-28,-0.02535841131192651,0.0,-0.02535841131192651,1.1334066831363836,1.1334066831363836
2011-01-31,0.004844956010305657,0.0,0.004844956010305657,1.1388979886579658,1.1388979886579658
2011-02-01,0.018750260295945287,0.0,0.018750260295945287,1.1602526223958312,1.1602526223958312
2011-02-02,-0.0015779998502309933,0.0,-0.0015779998502309933,1.1584217439314604,1.1584217439314604
2011-02-03,0.001756138314145561,0.0,0.001756138314145561,1.1604560927399177,1.1604560927399177
2011-02-04,0.005607865772437659,0.0,0.005607865772437659,1.1669637747428105,1.1669637747428105
2011-02-07,0.0047054070281542515,0.0,0.0047054070281542515,1.1724548142900868,1.1724548142900868
2011-02-08,0.006591728715866552,0.0,0.006591728715866552,1.1801833183574988,1.1801833183574988
2011-02-09,-0.0017236814982154458,0.0,-0.0017236814982154458,1.1781490582071434,1.1781490582071434
2011-02-10,0.0015538038054798697,0.0,0.0015538038054798697,1.1799796706972083,1.1799796706972083
2011-02-11,0.007238908473734318,0.0,0.007238908473734318,1.1885214355342526,1.1885214355342526
2011-02-14,0.0023954785705633252,0.0,0.0023954785705633252,1.1913685131637302,1.1913685131637302
2011-02-15,-0.0013655524329344582,0.0,-0.0013655524329344582,1.189741636992058,1.189741636992058
2011-02-16,0.006495653505531385,0.0,0.006495653505531385,1.197469786427062,1.197469786427062
2011-02-17,-0.0003394635942138846,0.0,-0.0003394635942138846,1.197063289029399,1.197063289029399
2011-02-18,-0.0022090031282731015,0.0,-0.0022090031282731015,1.1944189724791923,1.1944189724791923
2011-02-22,-0.028945772150515636,0.0,-0.028945772150515636,1.1598455930495566,1.1598455930495566
2011-02-23,-0.008241485453281738,0.0,-0.008241485453281738,1.1502867424663858,1.1502867424663858
2011-02-24,0.005304132472438772,0.0,0.005304132472438772,1.1563880157297177,1.1563880157297177
2011-02-25,0.013893951114869463,0.0,0.013893951114869463,1.1724548142900872,1.1724548142900872
2011-02-28,0.0020816741593527865,0.0,0.0020816741593527865,1.1748954831800036,1.1748954831800036
2011-03-01,-0.016098498782936677,0.0,-0.016098498782936677,1.1559814296739526,1.1559814296739526
2011-03-02,0.0052778494450802516,0.0,0.0052778494450802516,1.1620825256210803,1.1620825256210803
2011-03-03,0.019775990161327917,0.0,0.019775990161327917,1.185063858214414,1.185063858214414
2011-03-04,-0.005148476363564858,0.0,-0.005148476363564858,1.178962584951082,1.178962584951082
2011-03-07,-0.013454651144865104,0.0,-0.013454651144865104,1.1631000546577168,1.1631000546577168
2011-03-08,0.004021057498789782,0.0,0.004021057498789782,1.167776946854341,1.167776946854341
2011-03-09,-0.006791839679785916,0.0,-0.006791839679785916,1.1598455930495566,1.1598455930495566
2011-03-10,-0.015605903244775843,0.0,-0.015605903244775843,1.1417451549455455,1.1417451549455455
2011-03-11,0.006234397408493519,0.0,0.006234397408493519,1.1488632479806982,1.1488632479806982
2011-03-14,-0.003540572584979196,0.0,-0.003540572584979196,1.1447956142610076,1.1447956142610076
2011-03-15,-0.014211759231924193,0.0,-0.014211759231924193,1.1285260546213673,1.1285260546213673
2011-03-16,-0.024148463893417293,0.0,-0.024148463893417293,1.1012738839385625,1.1012738839385625
2011-03-17,0.009233364961081403,0.0,0.009233364961081403,1.1114423476310749,1.1114423476310749
2011-03-18,-0.0022540986058458,0.0,-0.0022540986058458,1.1089370469848017,1.1089370469848017
2011-03-21,0.019283632249620375,0.0,0.019283632249620375,1.1303213811868367,1.1303213811868367
2011-03-22,-0.001801522399375588,0.0,-0.001801522399375588,1.1282850819001353,1.1282850819001353
2011-03-23,0.00559583581933687,0.0,0.00559583581933687,1.1345987799758555,1.1345987799758555
2011-03-24,0.0177708659911735,0.0,0.0177708659911735,1.1547615828485553,1.1547615828485553
2011-03-25,0.0024687358084158895,0.0,0.0024687358084158895,1.1576123841183166,1.1576123841183166
2011-03-28,-0.0054537628742808986,0.0,-0.0054537628742808986,1.1512990406750043,1.1512990406750043
2011-03-29,0.009729374248700351,0.0,0.009729374248700351,1.162500459913901,1.162500459913901
2011-03-30,0.004729955535977437,0.0,0.004729955535977437,1.167999035399847,1.167999035399847
2011-03-31,0.0013950758581511291,0.0,0.0013950758581511291,1.1696284826564771,1.1696284826564771
2011-04-01,0.0005226425504714083,0.0,0.0005226425504714083,1.1702397802697566,1.1702397802697566
2011-04-04,-0.0033067241800956992,0.0,-0.0033067241800956992,1.1663701200918288,1.1663701200918288
2011-04-05,-0.002619220799674915,0.0,-0.002619220799674915,1.163315139213165,1.163315139213165
2011-04-06,0.002450812465137897,0.0,0.002450812465137897,1.1661662064572325,1.1661662064572325
2011-04-07,-0.0006986722414477065,0.0,-0.0006986722414477065,1.1653514384998664,1.1653514384998664
2011-04-08,-0.004718003525626346,0.0,-0.004718003525626346,1.1598533063044303,1.1598533063044303
2011-04-11,-0.0033366416160564016,0.0,-0.0033366416160564016,1.1559832914940944,1.1559832914940944
2011-04-12,-0.0068711789128718115,0.0,-0.0068711789128718115,1.148040323477948,1.148040323477948
2011-04-13,0.008515126255359995,0.0,0.008515126255359995,1.157816031778607,1.157816031778607
2011-04-14,-0.00175889480453717,0.0,-0.00175889480453717,1.1557795551757017,1.1557795551757017
2011-04-15,-0.0017620706750585136,0.0,-0.0017620706750585136,1.1537429899146945,1.1537429899146945
2011-04-18,-0.007061031570852028,0.0,-0.007061031570852028,1.1455963742382576,1.1455963742382576
2011-04-19,0.0062223387548883125,0.0,0.0062223387548883125,1.1527246629551398,1.1527246629551398
2011-04-20,0.022614831205568953,0.0,0.022614831205568953,1.1787933366343666,1.1787933366343666
2011-04-21,0.007947460075424573,0.0,0.007947460075424573,1.1881617496144448,1.1881617496144448
2011-04-25,0.0025714811237302904,0.0,0.0025714811237302904,1.1912170851255166,1.1912170851255166
2011-04-26,0.005641825363162267,0.0,0.005641825363162267,1.19793772388941,1.19793772388941
2011-04-27,0.0068001635005519034,0.0,0.0068001635005519034,1.206083896275337,1.206083896275337
2011-04-28,-0.0015195059249778486,0.0,-0.0015195059249778486,1.2042512446489264,1.2042512446489264
2011-04-29,-0.000845904537353892,0.0,-0.000845904537353892,1.2032325630569638,1.2032325630569638
2011-05-02,-0.001861755018917055,0.0,-0.001861755018917055,1.200992438793768,1.200992438793768
2011-05-03,-0.004748590319921142,0.0,-0.004748590319921142,1.1952894177246134,1.1952894177246134
2011-05-04,-0.0015330800080997076,0.0,-0.0015330800080997076,1.1934569434144067,1.1934569434144067
2011-05-05,-0.005460897246418517,0.0,-0.005460897246418517,1.1869395976783959,1.1869395976783959
2011-05-06,0.003260349137985674,0.0,0.003260349137985674,1.1908094351725276,1.1908094351725276
2011-05-09,0.0037621322268381885,0.0,0.0037621322268381885,1.1952894177246132,1.1952894177246132
2011-05-10,0.008519575345219188,0.0,0.008519575345219188,1.205472775978261,1.205472775978261
2011-05-11,-0.007264686117857577,0.0,-0.007264686117857577,1.1967153946371565,1.1967153946371565
2011-05-12,0.00595661876410114,0.0,0.00595661876410114,1.2038437720121409,1.2038437720121409
2011-05-13,-0.011842474170742134,0.0,-0.011842474170742134,1.1895872832364782,1.1895872832364782
2011-05-16,-0.0172913467843282,0.0,-0.0172913467843282,1.1690177169918095,1.1690177169918095
2011-05-17,0.002787644539335332,0.0,0.002787644539335332,1.1722765228469678,1.1722765228469678
2011-05-18,0.008338853620144748,0.0,0.008338853620144748,1.182051965173321,1.182051965173321
2011-05-19,0.0029287388954422067,0.0,0.0029287388954422067,1.185513886740158,1.185513886740158
2011-05-20,-0.007558472717368536,0.0,-0.007558472717368536,1.176553212371171,1.176553212371171
2011-05-23,-0.014713640500233605,0.0,-0.014713640500233605,1.1592418313749466,1.1592418313749466
2011-05-24,-0.006149095489788925,0.0,-0.006149095489788925,1.1521135426580642,1.1521135426580642
2011-05-25,0.0038891061089030288,0.0,0.0038891061089030288,1.1565942344749656,1.1565942344749656
2011-05-26,0.006163018272276055,0.0,0.006163018272276055,1.1637223458756438,1.1637223458756438
2011-05-27,0.005075211283658065,0.0,0.005075211283658065,1.169628482656477,1.169628482656477
2011-05-31,0.016193581039877447,0.0,0.016193581039877447,1.1885689562769235,1.1885689562769235
2011-06-01,-0.021761187056026587,0.0,-0.021761187056026587,1.162704284890395,1.162704284890395
2011-06-02,0.0021016475461881345,0.0,0.0021016475461881345,1.1651478794976773,1.1651478794976773
2011-06-03,-0.01503222293959805,0.0,-0.01503222293959805,1.1476331168154683,1.1476331168154683
2011-06-06,-0.008163324585976017,0.0,-0.008163324585976017,1.1382646151772884,1.1382646151772884
2011-06-07,-0.001789418038788848,0.0,-0.001789418038788848,1.136227783941975,1.136227783941975
2011-06-08,-0.007169332756026825,0.0,-0.007169332756026825,1.128081788872252,1.128081788872252
2011-06-09,0.0018048632044940227,0.0,0.0018048632044940227,1.1301178221846473,1.1301178221846473
2011-06-10,-0.01531758139867656,0.0,-0.01531758139867656,1.1128071504532389,1.1128071504532389
2011-06-13,0.0,0.0,0.0,1.1128071504532389,1.1128071504532389
2011-06-14,0.012811045288080747,0.0,0.012811045288080747,1.1270633732545954,1.1270633732545954
2011-06-15,-0.01897349759515643,0.0,-0.01897349759515643,1.1056790390525604,1.1056790390525604
2011-06-16,-0.003868331282085302,0.0,-0.003868331282085302,1.1014019062378473,1.1014019062378473
2011-06-17,-0.0031319261506818075,0.0,-0.0031319261506818075,1.0979523968052902,1.0979523968052902
2011-06-20,0.005205053763215117,0.0,0.005205053763215117,1.1036672980601125,1.1036672980601125
2011-06-21,0.021454177336559965,0.0,0.021454177336559965,1.1273455719932561,1.1273455719932561
2011-06-22,-0.007242491379915061,0.0,-0.007242491379915061,1.1191807814059096,1.1191807814059096
2011-06-23,0.009301418086610891,0.0,0.009301418086610891,1.1295907497682658,1.1295907497682658
2011-06-24,-0.017347258169232882,0.0,-0.017347258169232882,1.1099954474064584,1.1099954474064584
2011-06-27,0.015998460058362918,0.0,0.015998460058362918,1.1277536652367552,1.1277536652367552
2011-06-28,0.014841526368771785,0.0,0.014841526368771785,1.1444912509968457,1.1444912509968457
2011-06-29,0.004101775786167883,0.0,0.004101775786167883,1.1491856974976655,1.1491856974976655
2011-06-30,0.013321871104235328,0.0,0.013321871104235328,1.1644950012345603,1.1644950012345603
2011-07-01,0.015074302203686774,0.0,0.015074302203686774,1.1820489507978527,1.1820489507978527
2011-07-05,0.0050076252560722345,0.0,0.0050076252560722345,1.1879682089777817,1.1879682089777817
2011-07-06,0.003264690622706956,0.0,0.003264690622706956,1.1918465576497055,1.1918465576497055
2011-07-07,0.013700927987484013,0.0,0.013700927987484013,1.2081759615081948,1.2081759615081948
2011-07-08,-0.0027028710841372483,0.0,-0.0027028710841372483,1.2049104176372847,1.2049104176372847
2011-07-11,-0.01812674238999401,0.0,-0.01812674238999401,1.1830693168937536,1.1830693168937536
2011-07-12,-0.007591251794041076,0.0,-0.007591251794041076,1.1740883398194089,1.1740883398194089
2011-07-13,0.004172431715555369,0.0,0.004172431715555369,1.1789871432453352,1.1789871432453352
2011-07-14,-0.01159937350599316,0.0,-0.01159937350599316,1.1653116310120686,1.1653116310120686
2011-07-15,0.013312124987123308,0.0,0.013312124987123308,1.1808244050930499,1.1808244050930499
2011-07-18,-0.005358869061942606,0.0,-0.005358869061942606,1.17449652172101,1.17449652172101
2011-07-19,0.0227670452971398,0.0,0.0227670452971398,1.2012363372323653,1.2012363372323653
2011-07-20,-0.004248256727556576,0.0,-0.004248256727556576,1.1961331768813326,1.1961331768813326
2011-07-21,0.006655362287752986,0.0,0.006655362287752986,1.2040938765178788,1.2040938765178788
2011-07-22,0.010340454438958036,0.0,0.010340454438958036,1.2165447543882404,1.2165447543882404
2011-07-25,-0.0020132264422444424,0.0,-0.0020132264422444424,1.2140955743205322,1.2140955743205322
2011-07-26,0.0025219564879257472,0.0,0.0025219564879257472,1.2171574705311519,1.2171574705311519
2011-07-27,-0.025825743011010704,0.0,-0.025825743011010704,1.1857234744932825,1.1857234744932825
2011-07-28,0.0017211608725005156,0.0,0.0017211608725005156,1.1877642953431857,1.1877642953431857
2011-07-29,-0.0032650271714871337,0.0,-0.0032650271714871337,1.183886212645568,1.183886212645568
2011-08-01,-0.004655297269082981,0.0,-0.004655297269082981,1.1783748703929342,1.1783748703929342
2011-08-02,-0.025290142534631466,0.0,-0.025290142534631466,1.148573601961469,1.148573601961469
2011-08-03,0.009596692079846036,0.0,0.009596692079846036,1.159596109150533,1.159596109150533
2011-08-04,-0.0464705799150803,0.0,-0.0464705799150803,1.1057090054910368,1.1057090054910368
2011-08-05,-0.006276817414147207,0.0,-0.006276817414147207,1.0987686719503913,1.0987686719503913
2011-08-08,-0.06018917441445293,0.0,-0.06018917441445293,1.0326346927132324,1.0326346927132324
2011-08-09,0.048230585055988096,0.0,0.048230585055988096,1.0824392680919022,1.0824392680919022
2011-08-10,-0.04092007783348561,0.0,-0.04092007783348561,1.0381457689915603,1.0381457689915603
2011-08-11,0.04404228619701778,0.0,0.04404228619701778,1.0838680820637097,1.0838680820637097
2011-08-12,0.00885134766492035,0.0,0.00885134766492035,1.0934617752809659,1.0934617752809659
2011-08-15,0.01474694828307399,0.0,0.01474694828307399,1.1095869995305525,1.1095869995305525
2011-08-16,-0.008462089907527948,0.0,-0.008462089907527948,1.1001975745803008,1.1001975745803008
2011-08-17,-0.00593701151107362,0.0,-0.00593701151107362,1.0936656889155623,1.0936656889155623
2011-08-18,-0.04908531427352669,0.0,-0.04908531427352669,1.0399827648649689,1.0399827648649689
2011-08-19,-0.018056970935517058,0.0,-0.018056970935517058,1.0212038263063634,1.0212038263063634
2011-08-22,0.003597967052682227,0.0,0.003597967052682227,1.0248780840274867,1.0248780840274867
2011-08-23,0.04122659623463609,0.0,0.04122659623463609,1.0671303189874153,1.0671303189874153
2011-08-24,0.007842417546610747,0.0,0.007842417546610747,1.0754992005255626,1.0754992005255626
2011-08-25,-0.01632192337197469,0.0,-0.01632192337197469,1.0579449849879643,1.0579449849879643
2011-08-26,0.025082161757827848,0.0,0.025082161757827848,1.0844805322323152,1.0844805322323152
2011-08-29,0.02785639336944845,0.0,0.02785639336944845,1.1146902485396875,1.1146902485396875
2011-08-30,0.006592189603853882,0.0,0.006592189603853882,1.1220384980076281,1.1220384980076281
2011-08-31,0.0016369580031023734,0.0,0.0016369580031023734,1.1238752279067308,1.1238752279067308
2011-09-01,-0.00908104904907181,0.0,-0.00908104904907181,1.113669261837073,1.113669261837073
2011-09-02,-0.023460534990028536,0.0,-0.023460534990028536,1.087541985152425,1.087541985152425
2011-09-06,0.00018815172398500835,0.0,0.00018815172398500835,1.0877466080518376,1.0877466080518376
2011-09-07,0.025333107724147874,0.0,0.025333107724147874,1.1153026100501913,1.1153026100501913
2011-09-08,-0.004575663109857908,0.0,-0.004575663109857908,1.1101993610410563,1.1101993610410563
2011-09-09,-0.022246711954037046,0.0,-0.022246711954037046,1.0855010756444199,1.0855010756444199
2011-09-12,0.012786764367172188,0.0,0.012786764367172188,1.099381122118997,1.099381122118997
2011-09-13,0.013368135905188261,0.0,0.013368135905188261,1.1140777983710821,1.1140777983710821
2011-09-14,0.014290624360128623,0.0,0.014290624360128623,1.1299986656955623,1.1299986656955623
2011-09-15,0.014812354120962823,0.0,0.014812354120962823,1.1467366060880604,1.1467366060880604
2011-09-16,0.009166121671648542,0.0,0.009166121671648542,1.1572477333447968,1.1572477333447968
2011-09-19,0.00035325410155140347,0.0,0.00035325410155140347,1.157656535853112,1.157656535853112
2011-09-20,-0.00441622302764888,0.0,-0.00441622302764888,1.152544066401369,1.152544066401369
2011-09-21,-0.01738793909755887,0.0,-0.01738793909755887,1.1325037003675293,1.1325037003675293
2011-09-22,-0.03250285427270372,0.0,-0.03250285427270372,1.0956940976311857,1.0956940976311857
2011-09-23,0.010638382230545362,0.0,0.010638382230545362,1.107350510249539,1.107350510249539
2011-09-26,0.011634393963485756,0.0,0.011634393963485756,1.120233862341449,1.120233862341449
2011-09-27,0.010405259430283254,0.0,0.010405259430283254,1.1318901863017,1.1318901863017
2011-09-28,-0.014815172220189243,0.0,-0.014815172220189243,1.115121038257298,1.115121038257298
2011-09-29,-0.011919682411060561,0.0,-0.011919682411060561,1.101829149631379,1.101829149631379
2011-09-30,-0.025798197515337518,0.0,-0.025798197515337518,1.0734039436010323,1.0734039436010323
2011-10-03,-0.02571909724347332,0.0,-0.02571909724347332,1.0457969631940296,1.0457969631940296
2011-10-04,0.020531726348996582,0.0,0.020531726348996582,1.067268980258941,1.067268980258941
2011-10-05,0.02567554444742659,0.0,0.02567554444742659,1.094671692398939,1.094671692398939
2011-10-06,0.016812916767432462,0.0,0.016812916767432462,1.1130763164509068,1.1130763164509068
2011-10-07,-0.00661393477584693,0.0,-0.00661393477584693,1.1057145022933605,1.1057145022933605
2011-10-10,0.03458454517995957,0.0,0.03458454517995957,1.1439551354540618,1.1439551354540618
2011-10-11,0.006793073484638867,0.0,0.006793073484638867,1.1517261067523312,1.1517261067523312
2011-10-12,0.004971653836794987,0.0,0.004971653836794987,1.1574520902699035,1.1574520902699035
2011-10-13,0.009187427691824901,0.0,0.009187427691824901,1.16808609765601,1.16808609765601
2011-10-14,0.01855762685826745,0.0,0.01855762685826745,1.1897630035946398,1.1897630035946398
2011-10-17,-0.015469374968516414,0.0,-0.015469374968516414,1.171358113568366,1.171358113568366
2011-10-18,0.01239539687991642,0.0,0.01239539687991642,1.185877562274556,1.185877562274556
2011-10-19,-0.01931376179354871,0.0,-0.01931376179354871,1.162973805520471,1.162973805520471
2011-10-20,-0.004923646730900844,0.0,-0.004923646730900844,1.1572477333447968,1.1572477333447968
2011-10-21,0.012545921692506123,0.0,0.012545921692506123,1.1717664727861707,1.1717664727861707
2011-10-24,0.02076866761173446,0.0,0.02076866761173446,1.1961025011780413,1.1961025011780413
2011-10-25,-0.01966165897559302,0.0,-0.01966165897559302,1.1725851417000248,1.1725851417000248
2011-10-26,-0.0012210868928457241,0.0,-0.0012210868928457241,1.1711533133527492,1.1711533133527492
2011-10-27,0.02758889403995779,0.0,0.02758889403995779,1.2034641380193836,1.2034641380193836
2011-10-28,0.0015291491994195994,0.0,0.0015291491994195994,1.2053044142425662,1.2053044142425662
2011-10-31,-0.01679672455375414,0.0,-0.01679672455375414,1.18505924799311,1.18505924799311
2011-11-01,-0.026056622687214648,0.0,-0.026056622687214648,1.154180606306159,1.154180606306159
2011-11-02,0.008504161669866672,0.0,0.008504161669866672,1.1639959447784114,1.1639959447784114
2011-11-03,0.020731139408343813,0.0,0.020731139408343813,1.1881269069803595,1.1881269069803595
2011-11-04,-0.005163708205117468,0.0,-0.005163708205117468,1.1819917663220643,1.1819917663220643
2011-11-07,0.00709329762582156,0.0,0.00709329762582156,1.1903759857118572,1.1903759857118572
2011-11-08,0.011510219646239328,0.0,0.011510219646239328,1.2040774747690093,1.2040774747690093
2011-11-09,-0.035156271571745945,0.0,-0.035156271571745945,1.161746600072608,1.161746600072608
2011-11-10,-0.0005281726014030319,0.0,-0.0005281726014030319,1.1611329973486766,1.1611329973486766
2011-11-11,0.018845056979785113,0.0,0.018845056979785113,1.183014614844821,1.183014614844821
2011-11-14,-0.006223452079014313,0.0,-0.006223452079014313,1.1756521800805608,1.1756521800805608
2011-11-15,0.0111325984599695,0.0,0.0111325984599695,1.1887402437299854,1.1887402437299854
2011-11-16,-0.016514744028627404,0.0,-0.016514744028627404,1.1691085028882566,1.1691085028882566
2011-11-17,-0.02343875362979142,0.0,-0.02343875362979142,1.1417060567225645,1.1417060567225645
2011-11-18,-0.007702039537094918,0.0,-0.007702039537094918,1.1329125915339466,1.1329125915339466
2011-11-21,-0.0191336284762057,0.0,-0.0191336284762057,1.1112358629115207,1.1112358629115207
2011-11-22,0.003312763594162549,0.0,0.003312763594162549,1.1149171246227016,1.1149171246227016
2011-11-23,-0.022560671300662527,0.0,-0.022560671300662527,1.089763845846609,1.089763845846609
2011-11-25,-0.007693692610421743,0.0,-0.007693692610421743,1.081379537798714,1.081379537798714
2011-11-28,0.034795725047445325,0.0,0.034795725047445325,1.1190069228678916,1.1190069228678916
2011-11-29,-0.00621315937966016,0.0,-0.00621315937966016,1.1120543545091703,1.1120543545091703
2011-11-30,0.03696192464142656,0.0,0.03696192464142656,1.1531580237577086,1.1531580237577086
2011-12-01,0.006915768200597805,0.0,0.006915768200597805,1.1611329973486764,1.1611329973486764
2011-12-02,-0.0028177219539198273,0.0,-0.0028177219539198273,1.1578612474106262,1.1578612474106262
2011-12-05,0.010950357994239823,0.0,0.010950357994239823,1.1705402425774296,1.1705402425774296
2011-12-06,-0.0027953798181711287,0.0,-0.0027953798181711287,1.1672681380069716,1.1672681380069716
2011-12-07,0.0,0.0,0.0,1.1672681380069716,1.1672681380069716
2011-12-08,-0.016818383785446533,0.0,-0.016818383785446533,1.1476365744814467,1.1476365744814467
2011-12-09,0.016036979354970393,0.0,0.016036979354970393,1.1660411985334147,1.1660411985334147
2011-12-12,-0.011224053689936175,0.0,-0.011224053689936175,1.1529534895163982,1.1529534895163982
2011-12-13,-0.010996970200525369,0.0,-0.010996970200525369,1.1402744943495946,1.1402744943495946
2011-12-14,-0.015602946503594728,0.0,-0.015602946503594728,1.1224828524148442,1.1224828524148442
2011-12-15,-0.0027323699190036077,0.0,-0.0027323699190036077,1.1194158140343085,1.1194158140343085
2011-12-16,0.005148496658934132,0.0,0.005148496658934132,1.125179122612822,1.125179122612822
2011-12-19,-0.009843343616561251,0.0,-0.009843343616561251,1.1141035978787632,1.1141035978787632
2011-12-20,0.029639530897419775,0.0,0.029639530897419775,1.1471251058910175,1.1471251058910175
2011-12-21,-0.014303853594523908,0.0,-0.014303853594523908,1.1307167963217497,1.1307167963217497
2011-12-22,0.00852561970951582,0.0,0.00852561970951582,1.140356857726351,1.140356857726351
2011-12-23,0.00863290782987014,0.0,0.00863290782987014,1.1502014533722629,1.1502014533722629
2011-12-27,0.0037300024280357835,0.0,0.0037300024280357835,1.1544917075860717,1.1544917075860717
2011-12-28,-0.011557659166626322,0.0,-0.011557659166626322,1.1411484859190955,1.1411484859190955
2011-12-29,0.007195677155267255,0.0,0.007195677155267255,1.1493598220099912,1.1493598220099912
2011-12-30,-0.002857538018677497,0.0,-0.002857538018677497,1.1460754826214572,1.1460754826214572
2012-01-03,0.01916490187292985,0.0,0.01916490187292985,1.1680399067848681,1.1680399067848681
2012-01-04,0.004218402683030309,0.0,0.004218402683030309,1.1729671694615358,1.1729671694615358
2012-01-05,0.008225102040924304,0.0,0.008225102040924304,1.182614944121011,1.182614944121011
2012-01-06,0.003471686254141959,0.0,0.003471686254141959,1.1867206121664589,1.1867206121664589
2012-01-09,-0.00328672519827633,0.0,-0.00328672519827633,1.1828201876271374,1.1828201876271374
2012-01-10,0.007289283571112692,0.0,0.007289283571112692,1.1914420993883883,1.1914420993883883
2012-01-11,0.0020674749592870523,0.0,0.0020674749592870523,1.1939053760943141,1.1939053760943141
2012-01-12,0.0039544350349340895,0.0,0.0039544350349340895,1.1986265973419377,1.1986265973419377
2012-01-13,-0.0035963206446675278,0.0,-0.0035963206446675278,1.1943159517646693,1.1943159517646693
2012-01-17,0.009109696882866336,0.0,0.009109696882866336,1.2051958080676175,1.2051958080676175
2012-01-18,0.013285520173356158,0.0,0.013285520173356158,1.2212074612885442,1.2212074612885442
2012-01-19,0.006219750380907385,0.0,0.006219750380907385,1.2288030668610606,1.2288030668610606
2012-01-20,-0.0015036053339028133,0.0,-0.0015036053339028133,1.2269554320154121,1.2269554320154121
2012-01-23,0.00033462965291297664,0.0,0.00033462965291297664,1.227366007685767,1.227366007685767
2012-01-24,-0.0018398835407389402,0.0,-0.0018398835407389402,1.2251077971697635,1.2251077971697635
2012-01-25,0.0125669219312885,0.0,0.0125669219312885,1.2405036312142088,1.2405036312142088
2012-01-26,-0.0034749871962495016,0.0,-0.0034749871962495016,1.2361928969788385,1.2361928969788385
2012-01-27,0.0029890187251691014,0.0,0.0029890187251691014,1.2398879006958292,1.2398879006958292
2012-01-30,0.0008278841211066812,0.0,0.0008278841211066812,1.2409143842007675,1.2409143842007675
2012-01-31,0.0013236760542378878,0.0,0.0013236760542378878,1.2425569528564935,1.2425569528564935
2012-02-01,0.00809466667294556,0.0,0.00809466667294556,1.2526150372120177,1.2526150372120177
2012-02-02,0.0031138961944006116,0.0,0.0031138961944006116,1.2565155504094412,1.2565155504094412
2012-02-03,0.013723243524105033,0.0,0.013723243524105033,1.2737590192995347,1.2737590192995347
2012-02-06,-0.0008055214517678211,0.0,-0.0008055214517678211,1.2727329790851063,1.2727329790851063
2012-02-07,0.002096615392074286,0.0,0.002096615392074286,1.2754014106390568,1.2754014106390568
2012-02-08,0.005311208084519903,0.0,0.005311208084519903,1.282175332922251,1.282175332922251
2012-02-09,0.00720466385714702,0.0,0.00720466385714702,1.2914129752018813,1.2914129752018813
2012-02-10,-0.00699392395347731,0.0,-0.00699392395347731,1.2823809310607854,1.2823809310607854
2012-02-13,0.009284212069130104,0.0,0.009284212069130104,1.2942868275781623,1.2942868275781623
2012-02-14,0.002537635380854164,0.0,0.002537635380854164,1.297571255624798,1.297571255624798
2012-02-15,-0.006960935729924622,0.0,-0.006960935729924622,1.2885389455093963,1.2885389455093963
2012-02-16,0.013700823418627328,0.0,0.013700823418627328,1.3061929900698448,1.3061929900698448
2012-02-17,-0.003143164462340531,0.0,-0.003143164462340531,1.302087410682499,1.302087410682499
2012-02-21,0.002838094414540082,0.0,0.002838094414540082,1.30578285769,1.30578285769
2012-02-22,-0.004559250808155224,0.0,-0.004559250808155224,1.2998294661408016,1.2998294661408016
2012-02-23,0.006633109946991178,0.0,0.006633109946991178,1.3084513779020523,1.3084513779020523
2012-02-24,0.003451526846142361,0.0,0.003451526846142361,1.3129675329597532,1.3129675329597532
2012-02-27,0.0014073555632307944,0.0,0.0014073555632307944,1.3148153451216056,1.3148153451216056
2012-02-28,0.010148159391489386,0.0,0.010148159391489386,1.3281583008142757,1.3281583008142757
2012-02-29,-0.004482307740985791,0.0,-0.004482307740985791,1.3222050865812813,1.3222050865812813
2012-03-01,0.007917643632009863,0.0,0.007917643632009863,1.3326738352652627,1.3326738352652627
2012-03-02,-0.0007698444504407043,0.0,-0.0007698444504407043,1.3316478837089363,1.3316478837089363
2012-03-05,-0.010328404006488379,0.0,-0.010328404006488379,1.317894086371605,1.317894086371605
2012-03-06,-0.009813114824899993,0.0,-0.009813114824899993,1.3049614403749838,1.3049614403749838
2012-03-07,0.007708115588035858,0.0,0.007708115588035858,1.315020233995324,1.315020233995324
2012-03-08,0.010771153160548552,0.0,0.010771153160548552,1.329184518344908,1.329184518344908
2012-03-09,0.004170020899463278,0.0,0.004170020899463278,1.3347272455656494,1.3347272455656494
2012-03-12,0.00046158131021467597,0.0,0.00046158131021467597,1.3353433307164368,1.3353433307164368
2012-03-13,0.01860073332935852,0.0,0.01860073332935852,1.3601816959142308,1.3601816959142308
2012-03-14,0.0034709573020301754,0.0,0.0034709573020301754,1.364902828503752,1.364902828503752
2012-03-15,0.0028573974831518356,0.0,0.0028573974831518356,1.3688028984106655,1.3688028984106655
2012-03-16,-0.0007058045673334901,0.0,-0.0007058045673334901,1.367836791073188,1.367836791073188
2012-03-19,0.007065623444206581,0.0,0.007065623444206581,1.377501410772043,1.377501410772043
2012-03-20,0.0017916319838457984,0.0,0.0017916319838457984,1.3799693863573748,1.3799693863573748
2012-03-21,0.0001489232170395205,0.0,0.0001489232170395205,1.380174895837807,1.380174895837807
2012-03-22,-0.0020860278019700917,0.0,-0.0020860278019700917,1.3772958126335082,1.3772958126335082
2012-03-23,-0.0005969779552018606,0.0,-0.0005969779552018606,1.3764735973955742,1.3764735973955742
2012-03-26,0.017478379954498413,0.0,0.017478379954498413,1.4005321259281893,1.4005321259281893
2012-03-27,0.0014678102508192126,0.0,0.0014678102508192126,1.4025878413392283,1.4025878413392283
2012-03-28,-0.0039580439878463824,0.0,-0.0039580439878463824,1.3970363369663892,1.3970363369663892
2012-03-29,-0.0038273665401856727,0.0,-0.0038273665401856727,1.3916893668348604,1.3916893668348604
2012-03-30,-0.001919952786667678,0.0,-0.001919952786667678,1.38901738895683,1.38901738895683
2012-04-02,0.010362017327622874,0.0,0.010362017327622874,1.4034104112095702,1.4034104112095702
2012-04-03,-0.0002929978812930001,0.0,-0.0002929978812930001,1.4029992149325012,1.4029992149325012
2012-04-04,-0.01362991117502188,0.0,-0.01362991117502188,1.3838764602543459,1.3838764602543459
2012-04-05,0.0062405115670391975,0.0,0.0062405115670391975,1.3925125573119164,1.3925125573119164
2012-04-09,-0.007531254802933707,0.0,-0.007531254802933707,1.3820251904265155,1.3820251904265155
2012-04-10,-0.016069148466640537,0.0,-0.016069148466640537,1.3598172224569147,1.3598172224569147
2012-04-11,0.004839296674626459,0.0,0.004839296674626459,1.3663977814196502,1.3663977814196502
2012-04-12,0.011436939681378044,0.0,0.011436939681378044,1.3820251904265155,1.3820251904265155
2012-04-13,-0.0151762326715702,0.0,-0.0151762326715702,1.3610512545786315,1.3610512545786315
2012-04-16,-0.011180140811904327,0.0,-0.011180140811904327,1.3458345099002234,1.3458345099002234
2012-04-17,0.020321209724526,0.0,0.020321209724526,1.3731834952304105,1.3731834952304105
2012-04-18,-0.002545948846785162,0.0,-0.002545948846785162,1.3696874402943042,1.3696874402943042
2012-04-19,-0.011259429759477801,0.0,-0.011259429759477801,1.3542655407678716,1.3542655407678716
2012-04-20,-0.002733066987833266,0.0,-0.002733066987833266,1.3505642423256388,1.3505642423256388
2012-04-23,-0.00913492779910774,0.0,-0.00913492779910774,1.3382269354839373,1.3382269354839373
2012-04-24,-0.005378408178535299,0.0,-0.005378408178535299,1.3310294047893942,1.3310294047893942
2012-04-25,0.026572197806443265,0.0,0.026572197806443265,1.3663977814196504,1.3663977814196504
2012-04-26,0.00586887222221133,0.0,0.00586887222221133,1.3744169954035155,1.3744169954035155
2012-04-27,0.005984476896251367,0.0,0.005984476896251367,1.3826421621583231,1.3826421621583231
2012-04-30,-0.007138151029017603,0.0,-0.007138151029017603,1.3727726535857496,1.3727726535857496
2012-05-01,0.0016473246329380409,0.0,0.0016473246329380409,1.375034055793425,1.375034055793425
2012-05-02,0.002841373435376493,0.0,0.002841373435376493,1.3789410410322944,1.3789410410322944
2012-05-03,-0.010587541596025929,0.0,-0.010587541596025929,1.3643414454018976,1.3643414454018976
2012-05-04,-0.02486828729161139,0.0,-0.02486828729161139,1.330412610373791,1.330412610373791
2012-05-07,0.000927422662632571,0.0,0.000927422662632571,1.3316464651793039,1.3316464651793039
2012-05-08,-0.0037061202315309405,0.0,-0.0037061202315309405,1.3267112232734561,1.3267112232734561
2012-05-09,-0.0030996994591280247,0.0,-0.0030996994591280247,1.3225988172122563,1.3225988172122563
2012-05-10,-0.0020212536974705264,0.0,-0.0020212536974705264,1.3199255094626958,1.3199255094626958
2012-05-11,-0.00015556344866163307,0.0,-0.00015556344866163307,1.3197201772984672,1.3197201772984672
2012-05-14,-0.009348896577206056,0.0,-0.009348896577206056,1.3073822498500518,1.3073822498500518
2012-05-15,-0.0033025828719362993,0.0,-0.0033025828719362993,1.3030645116246236,1.3030645116246236
2012-05-16,-0.0067858531807427624,0.0,-0.0067858531807427624,1.2942221071637026,1.2942221071637026
2012-05-17,-0.021130916090670526,0.0,-0.021130916090670526,1.2668740084145356,1.2668740084145356
2012-05-18,-0.012985119843453519,0.0,-0.012985119843453519,1.2504234975887165,1.2504234975887165
2012-05-21,0.027955918238970145,0.0,0.027955918238970145,1.2853802346513938,1.2853802346513938
2012-05-22,-0.001120003421121396,0.0,-0.001120003421121396,1.2839406043911425,1.2839406043911425
2012-05-23,0.001921843024811798,0.0,0.001921843024811798,1.2864081366859643,1.2864081366859643
2012-05-24,-0.006553449111922127,0.0,-0.006553449111922127,1.2779777264250303,1.2779777264250303
2012-05-25,-0.0012874379755353216,0.0,-0.0012874379755353216,1.2763324093681423,1.2763324093681423
2012-05-29,0.012728015478062682,0.0,0.012728015478062682,1.292577588029733,1.292577588029733
2012-05-30,-0.008431582448354513,0.0,-0.008431582448354513,1.2816791135253651,1.2816791135253651
2012-05-31,-0.004331915001939635,0.0,-0.004331915001939635,1.276126988545812,1.276126988545812
2012-06-01,-0.026587280634717714,0.0,-0.026587280634717714,1.2421982421758073,1.2421982421758073
2012-06-04,0.007614815330807545,0.0,0.007614815330807545,1.2516573523942298,1.2516573523942298
2012-06-05,0.004106943008117314,0.0,0.004106943008117314,1.256797837806204,1.256797837806204
2012-06-06,0.022905968990350578,0.0,0.022905968990350578,1.2855860101061325,1.2855860101061325
2012-06-07,-0.00399869218221649,0.0,-0.00399869218221649,1.2804453473779542,1.2804453473779542
2012-06-08,0.009635307108709856,0.0,0.009635307108709856,1.2927828315358596,1.2927828315358596
2012-06-11,-0.016860144787296583,0.0,-0.016860144787296583,1.2709863258176337,1.2709863258176337
2012-06-12,0.01213373468704293,0.0,0.01213373468704293,1.2864081366859643,1.2864081366859643
2012-06-13,-0.006873164856437408,0.0,-0.006873164856437408,1.2775664414898593,1.2775664414898593
2012-06-14,0.0037018644505815157,0.0,0.0037018644505815157,1.2822958192828666,1.2822958192828666
2012-06-15,0.012423997710078849,0.0,0.012423997710078849,1.2982270596052807,1.2982270596052807
2012-06-18,0.009366818016955936,0.0,0.009366818016955936,1.3103873162172912,1.3103873162172912
2012-06-19,0.010380351269181798,0.0,0.010380351269181798,1.323989596858307,1.323989596858307
2012-06-20,0.000778844778532406,0.0,0.000778844778532406,1.3250207792426514,1.3250207792426514
2012-06-21,-0.02488764518205644,0.0,-0.02488764518205644,1.2920441322300082,1.2920441322300082
2012-06-22,0.010528133095693892,0.0,0.010528133095693892,1.3056469448196362,1.3056469448196362
2012-06-25,-0.01925793066283943,0.0,-0.01925793066283943,1.2805028864861514,1.2805028864861514
2012-06-26,0.006276951777232531,0.0,0.006276951777232531,1.288540541355232,1.288540541355232
2012-06-27,0.006078238502537747,0.0,0.006078238502537747,1.296372598085778,1.296372598085778
2012-06-28,-0.011129070159010768,0.0,-0.011129070159010768,1.2819451764894625,1.2819451764894625
2012-06-29,0.03151155734062727,0.0,0.03151155734062727,1.3223412654259508,1.3223412654259508
2012-07-02,0.002961234360107312,0.0,0.002961234360107312,1.326257027816918,1.326257027816918
2012-07-03,0.00839167467899915,0.0,0.00839167467899915,1.3373865453350937,1.3373865453350937
2012-07-05,0.0006163835244621385,0.0,0.0006163835244621385,1.3382108883674757,1.3382108883674757
2012-07-06,-0.012474839443484487,0.0,-0.012474839443484487,1.3215169223935688,1.3215169223935688
2012-07-09,-0.0018715576240765364,0.0,-0.0018715576240765364,1.3190436273221169,1.3190436273221169
2012-07-10,-0.00984361402832623,0.0,-0.00984361402832623,1.3060594709682345,1.3060594709682345
2012-07-11,-0.0055235691176211965,0.0,-0.0055235691176211965,1.2988453612086177,1.2988453612086177
2012-07-12,-0.009362154264761058,0.0,-0.009362154264761058,1.2866853705709134,1.2866853705709134
2012-07-13,0.01521736778702465,0.0,0.01521736778702465,1.3062653350810751,1.3062653350810751
2012-07-16,-0.0028402159153220197,0.0,-0.0028402159153220197,1.3025552594867444,1.3025552594867444
2012-07-17,0.005221723655469246,0.0,0.005221723655469246,1.3093568430977622,1.3093568430977622
2012-07-18,0.01353668446364864,0.0,0.01353668446364864,1.3270811935330957,1.3270811935330957
2012-07-19,0.01102640226389684,0.0,0.01102640226389684,1.341714124609844,1.341714124609844
2012-07-20,-0.01321036085588756,0.0,-0.01321036085588756,1.3239895968583066,1.3239895968583066
2012-07-23,-0.012141835863903605,0.0,-0.012141835863903605,1.3079139324877371,1.3079139324877371
2012-07-24,-0.007878888859213729,0.0,-0.007878888859213729,1.297609023976249,1.297609023976249
2012-07-25,-0.0066711751530564856,0.0,-0.0066711751530564856,1.2889524468971167,1.2889524468971167
2012-07-26,0.013272036615702643,0.0,0.013272036615702643,1.3060594709682347,1.3060594709682347
2012-07-27,0.023670363821755913,0.0,0.023670363821755913,1.3369743738189028,1.3369743738189028
2012-07-30,-0.0007706837779419828,0.0,-0.0007706837779419828,1.3359439893574765,1.3359439893574765
2012-07-31,-0.0003087236394508919,0.0,-0.0003087236394508919,1.3355315518669795,1.3355315518669795
2012-08-01,-0.0029321206988310866,0.0,-0.0029321206988310866,1.3316156121598084,1.3316156121598084
2012-08-02,-0.003559864689455239,0.0,-0.003559864689455239,1.3268752407621534,1.3268752407621534
2012-08-03,0.0189500290120328,0.0,0.0189500290120328,1.3520195650699443,1.3520195650699443
2012-08-06,0.007621732304407214,0.0,0.007621732304407214,1.3623242962652284,1.3623242962652284
2012-08-07,0.008320684230762376,0.0,0.008320684230762376,1.373659766554347,1.373659766554347
2012-08-08,-0.0004494026681468588,0.0,-0.0004494026681468588,1.3730424401901316,1.3730424401901316
2012-08-09,0.003001626467519003,0.0,0.003001626467519003,1.3771638007196332,1.3771638007196332
2012-08-10,0.0005987733675958395,0.0,0.0005987733675958395,1.377988409726321,1.377988409726321
2012-08-13,0.0023930811613201985,0.0,0.0023930811613201985,1.3812860478301547,1.3812860478301547
2012-08-14,0.0004475633024791925,0.0,0.0004475633024791925,1.38190426077539,1.38190426077539
2012-08-15,0.002535271303605535,0.0,0.002535271303605535,1.385407762992064,1.385407762992064
2012-08-16,0.01190132678595579,0.0,0.01190132678595579,1.4018959535112325,1.4018959535112325
2012-08-17,0.004410150929802903,0.0,0.004410150929802903,1.408078526254097,1.408078526254097
2012-08-20,0.0014635956322957,0.0,0.0014635956322957,1.4101393838350518,1.4101393838350518
2012-08-21,-0.003945712905407239,0.0,-0.003945712905407239,1.4045753786698307,1.4045753786698307
2012-08-22,0.004108162508112523,0.0,0.004108162508112523,1.4103456025803,1.4103456025803
2012-08-23,-0.008183212018841202,0.0,-0.008183212018841202,1.3988044454945452,1.3988044454945452
2012-08-24,0.006188173878343584,0.0,0.006188173878343584,1.4074604906250654,1.4074604906250654
2012-08-27,0.0016105046705705561,0.0,0.0016105046705705561,1.4097272123188607,1.4097272123188607
2012-08-28,0.0,0.0,0.0,1.4097272123188607,1.4097272123188607
2012-08-29,0.0,0.0,0.0,1.4097272123188607,1.4097272123188607
2012-08-30,-0.010087282238566031,0.0,-0.010087282238566031,1.3955068960488135,1.3955068960488135
2012-08-31,0.006645989408093245,0.0,0.006645989408093245,1.404781420098875,1.404781420098875
2012-09-04,-0.0010273948827795865,0.0,-0.0010273948827795865,1.4033381548564416,1.4033381548564416
2012-09-05,-0.0010276933896641305,0.0,-0.0010276933896641305,1.4018959535112323,1.4018959535112323
2012-09-06,0.022199435581630178,0.0,0.022199435581630178,1.4330172524233529,1.4330172524233529
2012-09-07,-0.0014382484884067903,0.0,-0.0014382484884067903,1.430956217526194,1.430956217526194
2012-09-10,-0.012819077477718155,0.0,-0.012819077477718155,1.4126126789065032,1.4126126789065032
2012-09-11,-0.0016048817627477563,0.0,-0.0016048817627477563,1.4103456025802998,1.4103456025802998
2012-09-12,0.0029233659946856783,0.0,0.0029233659946856783,1.4144685589556376,1.4144685589556376
2012-09-13,0.013550418153370769,0.0,0.013550418153370769,1.4336351993942822,1.4336351993942822
2012-09-14,0.008913395974615268,0.0,0.008913395974615268,1.4464137576096299,1.4464137576096299
2012-09-17,0.0004277173336402207,0.0,0.0004277173336402207,1.4470324138453752,1.4470324138453752
2012-09-18,0.0008545175192633536,0.0,0.0008545175192633536,1.448268928393948,1.448268928393948
2012-09-19,0.001849353534322029,0.0,0.001849353534322029,1.4509472896553222,1.4509472896553222
2012-09-20,-0.000994094459321082,0.0,-0.000994094459321082,1.4495049109939089,1.4495049109939089
2012-09-21,0.00028545426710091526,0.0,0.00028545426710091526,1.449918678355936,1.449918678355936
2012-09-24,-0.005844241846941101,0.0,-0.005844241846941101,1.4414450029412267,1.4414450029412267
2012-09-25,-0.014052430151941131,0.0,-0.014052430151941131,1.4211891977195306,1.4211891977195306
2012-09-26,-0.008144417734799458,0.0,-0.008144417734799458,1.4096144392131182,1.4096144392131182
2012-09-27,0.013782809875792612,0.0,0.013782809875792612,1.4290428870269647,1.4290428870269647
2012-09-28,-0.00824396339578759,0.0,-0.00824396339578759,1.4172619097753039,1.4172619097753039
2012-10-01,-0.0014585534910229736,0.0,-0.0014585534910229736,1.4151947574691073,1.4151947574691073
2012-10-02,0.002920929422514318,0.0,0.002920929422514318,1.4193284414747869,1.4193284414747869
2012-10-03,0.006407954020891893,0.0,0.006407954020891893,1.4284234328683014,1.4284234328683014
2012-10-04,0.00347246812000912,0.0,0.00347246812000912,1.4333835877008105,1.4333835877008105
2012-10-05,-0.005335381222451696,0.0,-0.005335381222451696,1.4257359398224212,1.4257359398224212
2012-10-08,-0.009133040512566137,0.0,-0.009133040512566137,1.4127146357238014,1.4127146357238014
2012-10-09,-0.015947247752050586,0.0,-0.015947247752050586,1.390185725424966,1.390185725424966
2012-10-10,-0.005055196325631783,0.0,-0.005055196325631783,1.383158063653852,1.383158063653852
2012-10-11,-0.003137997135318038,0.0,-0.003137997135318038,1.3788177176124143,1.3788177176124143
2012-10-12,-0.0004495219224081026,0.0,-0.0004495219224081026,1.378197908821343,1.378197908821343
2012-10-15,0.00734830239290396,0.0,0.00734830239290396,1.38832532381263,1.38832532381263
2012-10-16,0.014143273298573567,0.0,0.014143273298573567,1.4079607882946428,1.4079607882946428
2012-10-17,-0.0005871244070903003,0.0,-0.0005871244070903003,1.4071341401516089,1.4071341401516089
2012-10-18,-0.011604094315919244,0.0,-0.011604094315919244,1.3908056228741397,1.3908056228741397
2012-10-19,-0.023926371490607057,0.0,-0.023926371490607057,1.357528690870028,1.357528690870028
2012-10-22,0.005176609410961541,0.0,0.005176609410961541,1.364556086666836,1.364556086666836
2012-10-23,-0.009542390312604954,0.0,-0.009542390312604954,1.3515349598844202,1.3515349598844202
2012-10-24,-0.0035175003876846134,0.0,-0.0035175003876846134,1.3467809351390574,1.3467809351390574
2012-10-25,0.0,0.0,0.0,1.3467809351390574,1.3467809351390574
2012-10-26,0.0029161871526086625,0.0,0.0029161871526086625,1.3507084003994883,1.3507084003994883
2012-10-31,-0.006121092679532869,0.0,-0.006121092679532869,1.3424405890976194,1.3424405890976194
2012-11-01,0.014164526340051387,0.0,0.014164526340051387,1.3614556241818467,1.3614556241818467
2012-11-02,-0.010626815954889013,0.0,-0.010626815954889013,1.3469876858329177,1.3469876858329177
2012-11-05,0.006598145021232682,0.0,0.006598145021232682,1.355875305925858,1.355875305925858
2012-11-06,0.0018296242590876144,0.0,0.0018296242590876144,1.3583560482778778,1.3583560482778778
2012-11-07,-0.02358529327011405,0.0,-0.02358529327011405,1.3263188225140108,1.3263188225140108
2012-11-08,-0.01573931371862214,0.0,-0.01573931371862214,1.3054434744755492,1.3054434744755492
2012-11-09,0.0042749249565467995,0.0,0.0042749249565467995,1.311024147363946,1.311024147363946
2012-11-12,-0.00015783691740578476,0.0,-0.00015783691740578476,1.3108172193538814,1.3108172193538814
2012-11-13,-0.006937939670401572,0.0,-0.006937939670401572,1.3017228485670806,1.3017228485670806
2012-11-14,-0.011749563408909203,0.0,-0.011749563408909203,1.2864281734170158,1.2864281734170158
2012-11-15,-0.0033740202439835887,0.0,-0.0033740202439835887,1.2820877387174758,1.2820877387174758
2012-11-16,0.004352524470416563,0.0,0.004352524470416563,1.2876680569734646,1.2876680569734646
2012-11-19,0.02375603097636847,0.0,0.02375603097636847,1.3182579392222065,1.3182579392222065
2012-11-20,0.00031387435623653204,0.0,0.00031387435623653204,1.3186717065842335,1.3186717065842335
2012-11-21,0.0020375597851614025,0.0,0.0020375597851614025,1.3213585790233997,1.3213585790233997
2012-11-23,0.015172591482275122,0.0,0.015172591482275122,1.3414070129445212,1.3414070129445212
2012-11-26,0.004314706989611228,0.0,0.004314706989611228,1.3471947911591864,1.3471947911591864
2012-11-27,-0.003375628167324951,0.0,-0.003375628167324951,1.342647162475276,1.342647162475276
2012-11-28,0.008620783011205724,0.0,0.008620783011205724,1.3542218323235864,1.3542218323235864
2012-11-29,0.00595247525737741,0.0,0.00595247525737741,1.362282804273493,1.362282804273493
2012-11-30,-0.0016689253953122707,0.0,-0.0016689253953122707,1.3600092559058437,1.3600092559058437
2012-12-03,-0.001976019189654843,0.0,-0.001976019189654843,1.3573218515180654,1.3573218515180654
2012-12-04,-0.0006090288328515214,0.0,-0.0006090288328515214,1.3564952033750315,1.3564952033750315
2012-12-05,-0.011122922066344354,0.0,-0.011122922066344354,1.341407012944521,1.341407012944521
2012-12-06,0.006471531737504588,0.0,0.006471531737504588,1.3500879710017026,1.3500879710017026
2012-12-07,-0.005970504255081721,0.0,-0.005970504255081721,1.3420272650261023,1.3420272650261023
2012-12-10,0.002926318554376417,0.0,0.002926318554376417,1.3459544643122272,1.3459544643122272
2012-12-11,0.013052811189268043,0.0,0.013052811189268043,1.363522953804247,1.363522953804247
2012-12-12,-0.002122296834942805,0.0,-0.002122296834942805,1.3606291533550163,1.3606291533550163
2012-12-13,-0.007898911860122593,0.0,-0.007898911860122593,1.349881663598352,1.349881663598352
2012-12-14,-0.00949322527043095,0.0,-0.00949322527043095,1.3370669328773888,1.3370669328773888
2012-12-17,0.01329400479101106,0.0,0.01329400479101106,1.3548419070889632,1.3548419070889632
2012-12-18,0.01525561902747663,0.0,0.01525561902747663,1.3755108590659724,1.3755108590659724
2012-12-19,-0.004357909319881337,0.0,-0.004357909319881337,1.3695165074736508,1.3695165074736508
2012-12-20,0.0,0.0,0.0,1.3695165074736508,1.3695165074736508
2012-12-21,-0.010517009364888752,0.0,-0.010517009364888752,1.3551132895391806,1.3551132895391806
2012-12-24,-0.0019935610157838513,0.0,-0.0019935610157838513,1.3524117885131848,1.3524117885131848
2012-12-26,-0.008759926257870143,0.0,-0.008759926257870143,1.340564760975535,1.340564760975535
2012-12-27,-0.0015504002086688118,0.0,-0.0015504002086688118,1.3384863490903844,1.3384863490903844
2012-12-28,-0.009627500361160446,0.0,-0.009627500361160446,1.3256000712811085,1.3256000712811085
2012-12-31,0.021166853187982948,0.0,0.021166853187982948,1.3536588533758953,1.3536588533758953
2013-01-02,0.03178263938155812,0.0,0.03178263938155812,1.3966817045583948,1.3966817045583948
2013-01-03,-0.005208342921106612,0.0,-0.005208342921106612,1.3894073072894189,1.3894073072894189
2013-01-04,-0.003291065366278101,0.0,-0.003291065366278101,1.384834677020745,1.384834677020745
2013-01-07,0.00030006507705371277,0.0,0.00030006507705371277,1.3852502175448118,1.3852502175448118
2013-01-08,-0.0019503819353953178,0.0,-0.0019503819353953178,1.38254845054451,1.38254845054451
2013-01-09,0.003757817510890993,0.0,0.003757817510890993,1.3877438153216215,1.3877438153216215
2013-01-10,0.005990893106505579,0.0,0.005990893106505579,1.3960576401784275,1.3960576401784275
2013-01-11,0.0013401046020800056,0.0,0.0013401046020800056,1.3979285034467996,1.3979285034467996
2013-01-14,-0.004460846820772191,0.0,-0.004460846820772191,1.391692558526532,1.391692558526532
2013-01-15,-0.004927727366055401,0.0,-0.004927727366055401,1.3848346770207451,1.3848346770207451
2013-01-16,0.004052254985532855,0.0,0.004052254985532855,1.3904463802448412,1.3904463802448412
2013-01-17,0.0047830037171525674,0.0,0.0047830037171525674,1.3970968904500536,1.3970968904500536
2013-01-18,-0.0022315289498443525,0.0,-0.0022315289498443525,1.3939792282932768,1.3939792282932768
2013-01-22,0.001639944924308523,0.0,0.001639944924308523,1.396265277453308,1.396265277453308
2013-01-23,0.006103293479902128,0.0,0.006103293479902128,1.4047870942174026,1.4047870942174026
2013-01-24,-0.013759109028378291,0.0,-0.013759109028378291,1.3854584754264065,1.3854584754264065
2013-01-25,0.005100217374040428,0.0,0.005100217374040428,1.392524614813788,1.392524614813788
2013-01-28,0.0022389197158254603,0.0,0.0022389197158254603,1.3956423656286667,1.3956423656286667
2013-01-29,0.0001489659917945918,0.0,0.0001489659917945918,1.3958502688778531,1.3958502688778531
2013-01-30,-0.0020848956818555475,0.0,-0.0020848956818555475,1.392940066679753,1.392940066679753
2013-01-31,-0.0022379337050726367,0.0,-0.0022379337050726367,1.3898227591553842,1.3898227591553842
2013-02-01,0.011814082322337383,0.0,0.011814082322337383,1.406242239645504,1.406242239645504
2013-02-04,-0.017440319134361837,0.0,-0.017440319134361837,1.3817169262058668,1.3817169262058668
2013-02-05,0.014741691236045185,0.0,0.014741691236045185,1.402085770507611,1.402085770507611
2013-02-06,-0.003261685064837594,0.0,-0.003261685064837594,1.397512608290325,1.397512608290325
2013-02-07,0.0008922191750613262,0.0,0.0008922191750613262,1.3987594958368317,1.3987594958368317
2013-02-08,0.010252578324900341,0.0,0.010252578324900341,1.413100387125597,1.413100387125597
2013-02-11,0.0002941884695937258,0.0,0.0002941884695937258,1.4135161049658678,1.4135161049658678
2013-02-12,-0.004116486449514567,0.0,-0.004116486449514567,1.4076973850736052,1.4076973850736052
2013-02-13,0.0035432446015888353,0.0,0.0035432446015888353,1.412685201233938,1.412685201233938
2013-02-14,-0.00029427493110834035,0.0,-0.00029427493110834035,1.412269483393667,1.412269483393667
2013-02-15,-0.0029433016581300597,0.0,-0.0029433016581300597,1.408112748281468,1.408112748281468
2013-02-19,0.007232297424115464,0.0,0.007232297424115464,1.4182966384837281,1.4182966384837281
2013-02-20,-0.015386902298702543,0.0,-0.015386902298702543,1.3964734466768007,1.3964734466768007
2013-02-21,-0.010715930484631597,0.0,-0.010715930484631597,1.3815089342985782,1.3815089342985782
2013-02-22,0.01007987648655373,0.0,0.01007987648655373,1.3954343737213784,1.3954343737213784
2013-02-25,-0.012362525828326754,0.0,-0.012362525828326754,1.3781832802345129,1.3781832802345129
2013-02-26,0.0037701057618686473,0.0,0.0037701057618686473,1.383379176960236,1.383379176960236
2013-02-27,0.010216599733086085,0.0,0.010216599733086085,1.3975126082903246,1.3975126082903246
2013-02-28,-0.00208209850152985,0.0,-0.00208209850152985,1.3946028493827343,1.3946028493827343
2013-03-01,0.0041726310722427495,0.0,0.0041726310722427495,1.400422012565507,1.400422012565507
2013-03-04,0.004452904099131905,0.0,0.004452904099131905,1.4066579574857745,1.4066579574857745
2013-03-05,0.014775153257613027,0.0,0.014775153257613027,1.4274415443886677,1.4274415443886677
2013-03-06,-0.0024752616685672635,0.0,-0.0024752616685672635,1.423908253049722,1.423908253049722
2013-03-07,0.0026272881443840657,0.0,0.0026272881443840657,1.4276492703216501,1.4276492703216501
2013-03-08,0.0011648239198209787,0.0,0.0011648239198209787,1.4293122303408357,1.4293122303408357
2013-03-11,0.002908020409859491,0.0,0.002908020409859491,1.4334686994787287,1.4334686994787287
2013-03-12,-0.003624763753624194,0.0,-0.003624763753624194,1.4282727140949034,1.4282727140949034
2013-03-13,-0.001309319520704566,0.0,-0.001309319520704566,1.4264026487494492,1.4264026487494492
2013-03-14,0.003351337159845702,0.0,0.003351337159845702,1.4311830049511056,1.4311830049511056
2013-03-15,-0.002780448228027921,0.0,-0.002780448228027921,1.4272036747010057,1.4272036747010057
2013-03-18,-0.002189486699362142,0.0,-0.002189486699362142,1.424078831237967,1.424078831237967
2013-03-19,-0.0019014989549319683,0.0,-0.0019014989549319683,1.4213709468286273,1.4213709468286273
2013-03-20,0.007035220952432253,0.0,0.007035220952432253,1.4313706054949344,1.4313706054949344
2013-03-21,-0.01135217407273914,0.0,-0.01135217407273914,1.415121437218754,1.415121437218754
2013-03-22,0.009715906179083467,0.0,0.009715906179083467,1.428870624334781,1.428870624334781
2013-03-25,-0.003644742554573588,0.0,-0.003644742554573588,1.423662758765288,1.423662758765288
2013-03-26,0.005414095917161799,0.0,0.005414095917161799,1.4313706054949344,1.4313706054949344
2013-03-27,0.0013095827477229705,0.0,0.0013095827477229705,1.4332451037454883,1.4332451037454883
2013-03-28,0.0024707441182036938,0.0,0.0024707441182036938,1.4367862856555118,1.4367862856555118
2013-04-01,-0.006814360824394905,0.0,-0.006814360824394905,1.426995505477513,1.426995505477513
2013-04-02,0.007883326812872848,0.0,0.007883326812872848,1.4382449774076929,1.4382449774076929
2013-04-03,-0.009125482551106123,0.0,-0.009125482551106123,1.425120297962143,1.425120297962143
2013-04-04,0.00029189382480332426,0.0,0.00029189382480332426,1.4255362817767199,1.4255362817767199
2013-04-05,-0.008328985019618762,0.0,-0.008328985019618762,1.4136630114408786,1.4136630114408786
2013-04-08,0.005305138102545293,0.0,0.005305138102545293,1.4211626889470326,1.4211626889470326
2013-04-09,0.00674267183681998,0.0,0.00674267183681998,1.4307451225853351,1.4307451225853351
2013-04-10,0.019511231469107715,0.0,0.019511231469107715,1.4586607218453944,1.4586607218453944
2013-04-11,-0.00042904942364907495,0.0,-0.00042904942364907495,1.458034884303387,1.458034884303387
2013-04-12,-0.0007141123721244869,0.0,-0.0007141123721244869,1.4569936835535169,1.4569936835535169
2013-04-15,-0.01973098569069065,0.0,-0.01973098569069065,1.4282457620318958,1.4282457620318958
2013-04-16,0.013272838522095265,0.0,0.013272838522095265,1.4472026374012121,1.4472026374012121
2013-04-17,-0.019576974444863282,0.0,-0.019576974444863282,1.4188707883522698,1.4188707883522698
2013-04-18,-0.013800993361096636,0.0,-0.013800993361096636,1.3992889620219662,1.3992889620219662
2013-04-19,0.013696210328861147,0.0,0.013696210328861147,1.4184539179566729,1.4184539179566729
2013-04-22,0.010280298710943603,0.0,0.010280298710943603,1.4330360479409758,1.4330360479409758
2013-04-23,0.009594879167552861,0.0,0.009594879167552861,1.446785855663717,1.446785855663717
2013-04-24,-0.00043159048723828697,0.0,-0.00043159048723828697,1.4461614366513416,1.4461614366513416
2013-04-25,0.005329620816805436,0.0,0.005329620816805436,1.4538689287485798,1.4538689287485798
2013-04-26,-0.003152402869464166,0.0,-0.003152402869464166,1.449285748165768,1.449285748165768
2013-04-29,0.009199293786891882,0.0,0.009199293786891882,1.4626181535443001,1.4626181535443001
2013-04-30,0.007263982253566947,0.0,0.007263982253566947,1.4732425858553908,1.4732425858553908
2013-05-01,-0.004666331229539522,0.0,-0.004666331229539522,1.4663679479683263,1.4663679479683263
2013-05-02,0.012643668987523338,0.0,0.012643668987523338,1.4849082189163516,1.4849082189163516
2013-05-03,0.011784852833082171,0.0,0.011784852833082171,1.502407643746915,1.502407643746915
2013-05-06,0.003882194848084053,0.0,0.003882194848084053,1.5082402829611914,1.5082402829611914
2013-05-07,-0.0005529079927241165,0.0,-0.0005529079927241165,1.5074063648537936,1.5074063648537936
2013-05-08,0.004836945417211913,0.0,0.004836945417211913,1.5146976071621492,1.5146976071621492
2013-05-09,-0.0013746797867051352,0.0,-0.0013746797867051352,1.5126153829786126,1.5126153829786126
2013-05-10,0.00606017623593158,0.0,0.00606017623593158,1.5217820987766442,1.5217820987766442
2013-05-13,0.001231487058199976,0.0,0.001231487058199976,1.523656153736688,1.523656153736688
2013-05-14,0.005195582945686672,0.0,0.005195582945686672,1.531572435664133,1.531572435664133
2013-05-15,0.0020401687011817327,0.0,0.0020401687011817327,1.5346971018109676,1.5346971018109676
2013-05-16,-0.0010861750060050523,0.0,-0.0010861750060050523,1.533030152177192,1.533030152177192
2013-05-17,0.0096483332488988,0.0,0.0096483332488988,1.5478213379660077,1.5478213379660077
2013-05-20,-0.0014804404410551086,0.0,-0.0014804404410551086,1.5455298806617548,1.5455298806617548
2013-05-21,0.0010779882508917815,0.0,0.0010779882508917815,1.5471959437145104,1.5471959437145104
2013-05-22,-0.008751343169182468,0.0,-0.008751343169182468,1.5336559010610975,1.5336559010610975
2013-05-23,-0.0023093275722312345,0.0,-0.0023093275722312345,1.530114187202462,1.530114187202462
2013-05-24,-0.0005446561869408839,0.0,-0.0005446561869408839,1.529280801043676,1.529280801043676
2013-05-28,0.006538624355433731,0.0,0.006538624355433731,1.5392801937356775,1.5392801937356775
2013-05-29,-0.004736786933287607,0.0,-0.004736786933287607,1.531988951427322,1.531988951427322
2013-05-30,0.00530297330862628,0.0,0.00530297330862628,1.5401130479458514,1.5401130479458514
2013-05-31,-0.009197430209032409,0.0,-0.009197430209032409,1.5259479656733492,1.5259479656733492
2013-06-03,0.001774500711787308,0.0,0.001774500711787308,1.528655761424587,1.528655761424587
2013-06-04,-0.005178706314017512,0.0,-0.005178706314017512,1.5207393021809383,1.5207393021809383
2013-06-05,-0.013013346118767921,0.0,-0.013013346118767921,1.5009493952852442,1.5009493952852442
2013-06-06,0.0048575173146072625,0.0,0.0048575173146072625,1.5082402829611916,1.5082402829611916
2013-06-07,0.013674567972296048,0.0,0.013674567972296048,1.5288648172290995,1.5288648172290995
2013-06-10,0.00040824606010647635,0.0,0.00040824606010647635,1.5294889702671688,1.5294889702671688
2013-06-11,-0.00994253151399449,0.0,-0.00994253151399449,1.5142819779799805,1.5142819779799805
2013-06-12,-0.011556076814438931,0.0,-0.011556076814438931,1.4967828191237234,1.4967828191237234
2013-06-13,0.012665199281628903,0.0,0.012665199281628903,1.5157398718092436,1.5157398718092436
2013-06-14,-0.006597154428793495,0.0,-0.006597154428793495,1.5057403018010385,1.5057403018010385
2013-06-17,0.00968459474669614,0.0,0.00968459474669614,1.5203227864177495,1.5203227864177495
2013-06-18,0.008221293090789894,0.0,0.008221293090789894,1.5328218056374963,1.5328218056374963
2013-06-19,-0.011144109357935417,0.0,-0.011144109357935417,1.515739871809244,1.515739871809244
2013-06-20,-0.023776732285311408,0.0,-0.023776732285311408,1.4797005306630635,1.4797005306630635
2013-06-21,-0.005310616607681173,0.0,-0.005310616607681173,1.4718424084505295,1.4718424084505295
2013-06-24,-0.00993848083255977,0.0,-0.00993848083255977,1.4572145308855953,1.4572145308855953
2013-06-25,0.0073139162750242015,0.0,0.0073139162750242015,1.4678724759592412,1.4678724759592412
2013-06-26,0.008969500412887799,0.0,0.008969500412887799,1.4810385587384243,1.4810385587384243
2013-06-27,0.0042326706357644905,0.0,0.0042326706357644905,1.4873073071564313,1.4873073071564313
2013-06-28,0.0014055396466914338,0.0,0.0014055396466914338,1.4893977765434536,1.4893977765434536
2013-07-01,0.006173217974846823,0.0,0.006173217974846823,1.4985921536693085,1.4985921536693085
2013-07-02,0.0004187410459937091,0.0,0.0004187410459937091,1.499219675715254,1.499219675715254
2013-07-03,0.004041838600138181,0.0,0.004041838600138181,1.5052792796706467,1.5052792796706467
2013-07-05,0.007636021941665572,0.0,0.007636021941665572,1.5167736252785462,1.5167736252785462
2013-07-08,0.0009644541931603801,0.0,0.0009644541931603801,1.5182364839615212,1.5182364839615212
2013-07-09,0.006056425654242137,0.0,0.006056425654242137,1.5274315703521921,1.5274315703521921
2013-07-10,0.005746115004954699,0.0,0.005746115004954699,1.5362083678176344,1.5362083678176344
2013-07-11,0.01986099187110857,0.0,0.01986099187110857,1.5667189897231895,1.5667189897231895
2013-07-12,0.004402237052152369,0.0,0.004402237052152369,1.5736160581100596,1.5736160581100596
2013-07-15,0.002258009120828852,0.0,0.002258009120828852,1.577169297521955,1.577169297521955
2013-07-16,-0.0013251754899085144,0.0,-0.0013251754899085144,1.5750792714254425,1.5750792714254425
2013-07-17,0.0025211406565706085,0.0,0.0025211406565706085,1.5790502678139549,1.5790502678139549
2013-07-18,-0.0025148004908099875,0.0,-0.0025148004908099875,1.5750792714254427,1.5750792714254427
2013-07-19,-0.010348778617395027,0.0,-0.010348778617395027,1.5587791247406129,1.5587791247406129
2013-07-22,0.00294893946131225,0.0,0.00294893946131225,1.5633758700130302,1.5633758700130302
2013-07-23,-0.007351806154580087,0.0,-0.007351806154580087,1.5518822336699465,1.5518822336699465
2013-07-24,0.0032314674223592466,0.0,0.0032314674223592466,1.556897090551389,1.556897090551389
2013-07-25,0.006308637373277914,0.0,0.006308637373277914,1.5667189897231892,1.5667189897231892
2013-07-26,0.005336171806872958,0.0,0.005336171806872958,1.5750792714254427,1.5750792714254427
2013-07-29,-0.0018578425655451092,0.0,-0.0018578425655451092,1.5721530221108808,1.5721530221108808
2013-07-30,0.0053171637898259405,0.0,0.0053171637898259405,1.580512417232114,1.580512417232114
2013-07-31,0.001850446372226422,0.0,0.001850446372226422,1.58343707070084,1.58343707070084
2013-08-01,0.010162800325508758,0.0,0.010162800325508758,1.5995292254783813,1.5995292254783813
2013-08-02,0.005618365521447011,0.0,0.005618365521447011,1.608515965329356,1.608515965329356
2013-08-05,0.0006492894469520838,0.0,0.0006492894469520838,1.6095603577708981,1.6095603577708981
2013-08-06,-0.0059727816889189045,0.0,-0.0059727816889189045,1.5999468051387944,1.5999468051387944
2013-08-07,-0.0018281908446826645,0.0,-0.0018281908446826645,1.5970217970376603,1.5970217970376603
2013-08-08,0.0049725579994830404,0.0,0.0049725579994830404,1.6049630805498687,1.6049630805498687
2013-08-09,-0.004036384133403237,0.0,-0.004036384133403237,1.5984848330368393,1.5984848330368393
2013-08-12,0.002353108742509491,0.0,0.002353108742509491,1.6022462416722272,1.6022462416722272
2013-08-13,0.005608506151329129,0.0,0.005608506151329129,1.6112324495745898,1.6112324495745898
2013-08-14,-0.003761840697056984,0.0,-0.003761840697056984,1.6051712497733612,1.6051712497733612
2013-08-15,-0.016924213529119658,0.0,-0.016924213529119658,1.578004988791393,1.578004988791393
2013-08-16,-0.00039778034075166335,0.0,-0.00039778034075166335,1.5773772894292437,1.5773772894292437
2013-08-19,-0.0017220400897317578,0.0,-0.0017220400897317578,1.5746609825002142,1.5746609825002142
2013-08-20,0.004379583414268806,0.0,0.004379583414268806,1.5815573416222684,1.5815573416222684
2013-08-21,-0.003435650173587601,0.0,-0.003435650173587601,1.576123663866985,1.576123663866985
2013-08-22,0.009811701816246021,0.0,0.009811701816246021,1.591588119282377,1.591588119282377
2013-08-23,0.006696533016755435,0.0,0.006696533016755435,1.6022462416722272,1.6022462416722272
2013-08-26,0.0005215748039861801,0.0,0.0005215748039861801,1.603081932941665,1.603081932941665
2013-08-27,-0.020466088820148776,0.0,-0.020466088820148776,1.5702731157161052,1.5702731157161052
2013-08-28,0.003858723213395532,0.0,0.003858723213395532,1.57633236503909,1.57633236503909
2013-08-29,0.007026922870553509,0.0,0.007026922870553509,1.5874091309865768,1.5874091309865768
2013-08-30,-0.006450658034363843,0.0,-0.006450658034363843,1.5771692975219558,1.5771692975219558
2013-09-03,0.005697231522110213,0.0,0.005697231522110213,1.5861547961595024,1.5861547961595024
2013-09-04,0.010671806322527955,0.0,0.010671806322527955,1.6030819329416655,1.6030819329416655
2013-09-05,0.0016946492288467674,0.0,0.0016946492288467674,1.6057985945031032,1.6057985945031032
2013-09-06,0.001171361276836702,0.0,0.001171361276836702,1.607679564795103,1.607679564795103
2013-09-09,0.011698915310004443,0.0,0.011698915310004443,1.6264876718692658,1.6264876718692658
2013-09-10,0.00488269187770074,0.0,0.00488269187770074,1.6344293100138823,1.6344293100138823
2013-09-11,-0.0019183958682507107,0.0,-0.0019183958682507107,1.6312938275786038,1.6312938275786038
2013-09-12,-0.0006402233760011145,0.0,-0.0006402233760011145,1.6302494351370616,1.6302494351370616
2013-09-13,0.0006406335245590089,0.0,0.0006406335245590089,1.6312938275786038,1.6312938275786038
2013-09-16,-0.002689372965877679,0.0,-0.002689372965877679,1.6269066700593107,1.6269066700593107
2013-09-17,0.006678893867057667,0.0,0.006678893867057667,1.637772607040245,1.637772607040245
2013-09-18,0.011994107694166534,0.0,0.011994107694166534,1.6574162280676414,1.6574162280676414
2013-09-19,0.002395895684659699,0.0,0.002395895684659699,1.6613872244561536,1.6613872244561536
2013-09-20,-0.0034315122368759887,0.0,-0.0034315122368759887,1.655686153865243,1.655686153865243
2013-09-23,-0.0020256004886972656,0.0,-0.0020256004886972656,1.6523323951828444,1.6523323951828444
2013-09-24,0.0,0.0,0.0,1.6523323951828444,1.6523323951828444
2013-09-25,-0.0034247766072111885,0.0,-0.0034247766072111885,1.646673525848485,1.646673525848485
2013-09-26,0.007764371436416839,0.0,0.007764371436416839,1.659458910737687,1.659458910737687
2013-09-27,-0.0012629885064839863,0.0,-0.0012629885064839863,1.6573630332064428,1.6573630332064428
2013-09-30,-0.002402605773978328,0.0,-0.002402605773978328,1.6533810432132827,1.6533810432132827
2013-10-01,0.010141479233475525,0.0,0.010141479233475525,1.6701487727280524,1.6701487727280524
2013-10-02,-0.0003766837434210357,0.0,-0.0003766837434210357,1.6695196548362712,1.6695196548362712
2013-10-03,-0.011675861085992945,0.0,-0.011675861085992945,1.6500265752660679,1.6500265752660679
2013-10-04,0.008638598859176616,0.0,0.008638598859176616,1.6642804929567725,1.6642804929567725
2013-10-07,-0.008312746705260499,0.0,-0.008312746705260499,1.6504457507723167,1.6504457507723167
2013-10-08,-0.019303982284341825,0.0,-0.019303982284341825,1.6185855752381406,1.6185855752381406
2013-10-09,-0.0031083744036640715,0.0,-0.0031083744036640715,1.6135544052659305,1.6135544052659305
2013-10-10,0.021174478316723144,0.0,0.021174478316723144,1.647720578033087,1.647720578033087
2013-10-11,0.007887066581795832,0.0,0.007887066581795832,1.6607162599402292,1.6607162599402292
2013-10-14,0.007068448488262602,0.0,0.007068448488262602,1.6724549472772368,1.6724549472772368
2013-10-15,-0.003885370388276188,0.0,-0.003885370388276188,1.6659568403493599,1.6659568403493599
2013-10-16,0.011323625250268643,0.0,0.011323625250268643,1.6848215112925977,1.6848215112925977
2013-10-17,0.005722710592140023,0.0,0.005722710592140023,1.6944632572011373,1.6944632572011373
2013-10-18,0.01620513747823793,0.0,0.01620513747823793,1.7219222672359047,1.7219222672359047
2013-10-21,0.002190808674593203,0.0,0.002190808674593203,1.7256946694759403,1.7256946694759403
2013-10-22,0.0014576203510352492,0.0,0.0014576203510352492,1.7282100771458415,1.7282100771458415
2013-10-23,-0.006064133671957905,0.0,-0.006064133671957905,1.7177299802248045,1.7177299802248045
2013-10-24,0.004392930474618417,0.0,0.004392930474618417,1.7252758486020998,1.7252758486020998
2013-10-25,0.0071680819376154226,0.0,0.0071680819376154226,1.7376427672498687,1.7376427672498687
2013-10-28,0.00024102818009241744,0.0,0.00024102818009241744,1.7380615881237096,1.7380615881237096
2013-10-29,0.0016882189697946526,0.0,0.0016882189697946526,1.7409958166674515,1.7409958166674515
2013-10-30,-0.000962968832401101,0.0,-0.000962968832401101,1.73931929195866,1.73931929195866
2013-10-31,-0.002289701471250405,0.0,-0.002289701471250405,1.735336770016888,1.735336770016888
2013-11-01,0.00024145064939795624,0.0,0.00024145064939795624,1.7357557682069327,1.7357557682069327
2013-11-04,0.001449273585709454,0.0,0.001449273585709454,1.7382713531930378,1.7382713531930378
2013-11-05,0.001084948642942063,0.0,0.001084948642942063,1.7401572883387497,1.7401572883387497
2013-11-06,-0.00024057799857646334,0.0,-0.00024057799857646334,1.739738644781113,1.739738644781113
2013-11-07,-0.018795283577319077,0.0,-0.018795283577319077,1.7070397636020311,1.7070397636020311
2013-11-08,0.013506775772626822,0.0,0.013506775772626822,1.7300963669239617,1.7300963669239617
2013-11-11,-0.0015751566163187958,0.0,-0.0015751566163187958,1.7273711941847323,1.7273711941847323
2013-11-12,0.0015776416490005385,0.0,0.0015776416490005385,1.730096366923962,1.730096366923962
2013-11-13,0.01211545409124093,0.0,0.01211545409124093,1.751057270030852,1.751057270030852
2013-11-14,0.0031121975888013242,0.0,0.0031121975888013242,1.7565069062444951,1.7565069062444951
2013-11-15,0.001909637029655853,0.0,0.001909637029655853,1.7598611968755058,1.7598611968755058
2013-11-18,-0.009766359415245618,0.0,-0.009766359415245618,1.7426737599058753,1.7426737599058753
2013-11-19,-0.0028869388934150697,0.0,-0.0028869388934150697,1.737642767249869,1.737642767249869
2013-11-20,-0.002413036991805062,0.0,-0.002413036991805062,1.7334497709739527,1.7334497709739527
2013-11-21,0.010157490197715058,0.0,0.010157490197715058,1.751057270030852,1.751057270030852
2013-11-22,0.005386246565560304,0.0,0.005386246565560304,1.760488896237655,1.760488896237655
2013-11-25,0.002381823367975544,0.0,0.002381823367975544,1.7646820698297754,1.7646820698297754
2013-11-26,0.005226193748985253,0.0,0.005226193748985253,1.7739046402320662,1.7739046402320662
2013-11-27,0.006971180469619309,0.0,0.006971180469619309,1.786270849615019,1.786270849615019
2013-11-29,0.005984556770253224,0.0,0.005984556770253224,1.7969608889215887,1.7969608889215887
2013-12-02,-0.0029159628217947375,0.0,-0.0029159628217947375,1.791721017777274,1.791721017777274
2013-12-03,-0.0008192254944399124,0.0,-0.0008192254944399124,1.790253194240587,1.790253194240587
2013-12-04,0.0009369687456544096,0.0,0.0009369687456544096,1.7919306055303985,1.7919306055303985
2013-12-05,-0.0012866807416853643,0.0,-0.0012866807416853643,1.789624962929826,1.789624962929826
2013-12-06,0.007261480781682428,0.0,0.007261480781682428,1.80262029020456,1.80262029020456
2013-12-09,0.004069885366452919,0.0,0.004069885366452919,1.8099567481449348,1.8099567481449348
2013-12-10,-0.0006944887337351213,0.0,-0.0006944887337351213,1.8086997535748002,1.8086997535748002
2013-12-11,-0.012864078145801816,0.0,-0.012864078145801816,1.7854324986025214,1.7854324986025214
2013-12-12,-0.002582627956279726,0.0,-0.002582627956279726,1.78082139071758,1.78082139071758
2013-12-13,-0.0012950060916863126,0.0,-0.0012950060916863126,1.7785152161683955,1.7785152161683955
2013-12-16,0.005539675719004267,0.0,0.005539675719004267,1.7883676137272833,1.7883676137272833
2013-12-17,-0.0019927117000870798,0.0,-0.0019927117000870798,1.784803912659352,1.784803912659352
2013-12-18,0.011626564627283065,0.0,0.011626564627283065,1.8055550506969136,1.8055550506969136
2013-12-19,-0.0027861020938976244,0.0,-0.0027861020938976244,1.8005245899895195,1.8005245899895195
2013-12-20,0.010183650989751714,0.0,0.010183650989751714,1.8188605040124386,1.8188605040124386
2013-12-23,0.010520073509491246,0.0,0.010520073509491246,1.8379950502181597,1.8379950502181597
2013-12-24,0.00045776259727459134,0.0,0.00045776259727459134,1.8388364156061254,1.8388364156061254
2013-12-26,0.003315789778195244,0.0,0.003315789778195244,1.8449336105967653,1.8449336105967653
2013-12-27,-0.002507024184878359,0.0,-0.002507024184878359,1.8403083174155042,1.8403083174155042
2013-12-30,-0.0014854488735128735,0.0,-0.0014854488735128735,1.8375746334984828,1.8375746334984828
2013-12-31,0.00652246242110599,0.0,0.00652246242110599,1.8495601449914543,1.8495601449914543
2014-01-02,-0.007844417017277006,0.0,-0.007844417017277006,1.835051423915606,1.835051423915606
2014-01-03,-0.007218838009421913,0.0,-0.007218838009421913,1.8218044849474002,1.8218044849474002
2014-01-06,-0.0036935756175149326,0.0,-0.0036935756175149326,1.815075512321919,1.815075512321919
2014-01-07,0.009267732128271478,0.0,0.009267732128271478,1.8318971459627038,1.8318971459627038
2014-01-08,0.0021811504808955107,0.0,0.0021811504808955107,1.8358927893035715,1.8358927893035715
2014-01-09,-0.0033218789004478833,0.0,-0.0033218789004478833,1.8297941757832996,1.8297941757832996
2014-01-10,0.0032181181339778764,0.0,0.0032181181339778764,1.835682669601835,1.835682669601835
2014-01-13,-0.014776586428483562,0.0,-0.014776586428483562,1.808557545979194,1.808557545979194
2014-01-14,0.01906738075876957,0.0,0.01906738075876957,1.8430420013325253,1.8430420013325253
2014-01-15,0.008214565612138625,0.0,0.008214565612138625,1.8581817907783986,1.8581817907783986
2014-01-16,0.00011307811904037735,0.0,0.00011307811904037735,1.858391910480135,1.858391910480135
2014-01-17,-0.00565717865639459,0.0,-0.00565717865639459,1.8478786554289504,1.8478786554289504
2014-01-21,0.007623658106535869,0.0,0.007623658106535869,1.8619662505203058,1.8619662505203058
2014-01-22,0.0025975104429900586,0.0,0.0025975104429900586,1.8668027273005274,1.8668027273005274
2014-01-23,-0.0033792422184439896,0.0,-0.0033792422184439896,1.8604943487109271,1.8604943487109271
2014-01-24,-0.019665527538038297,0.0,-0.019665527538038297,1.8239067458619878,1.8239067458619878
2014-01-27,-0.009683670773081743,0.0,-0.009683670773081743,1.8062446334142574,1.8062446334142574
2014-01-28,-0.0005824333087847133,0.0,-0.0005824333087847133,1.8051926163759433,1.8051926163759433
2014-01-29,-0.010716221110242508,0.0,-0.010716221110242508,1.7858477731522815,1.7858477731522815
2014-01-30,0.01848574741725284,0.0,0.01848574741725284,1.818860504012438,1.818860504012438
2014-01-31,-0.002659167146549013,0.0,-0.002659167146549013,1.8140238499160124,1.8140238499160124
2014-02-03,-0.02295110105659126,0.0,-0.02295110105659126,1.7723900052175232,1.7723900052175232
2014-02-04,0.007355502585825846,0.0,0.007355502585825846,1.7854268244839926,1.7854268244839926
2014-02-05,-0.0025908791480210303,0.0,-0.0025908791480210303,1.7808009993541196,1.7808009993541196
2014-02-06,0.012752261980163215,0.0,0.012752261980163215,1.80351024023242,1.80351024023242
2014-02-07,0.017838783862557106,0.0,0.017838783862557106,1.8356826696018345,1.8356826696018345
2014-02-10,0.00572735683443204,0.0,0.00572735683443204,1.846196279285427,1.846196279285427
2014-02-11,0.011389289952916215,0.0,0.011389289952916215,1.8672231440202038,1.8672231440202038
2014-02-12,0.0019144442826917185,0.0,0.0019144442826917185,1.870797838692783,1.870797838692783
2014-02-13,0.0074182292983235865,0.0,0.0074182292983235865,1.8846758460310142,1.8846758460310142
2014-02-14,0.0020082985084624028,0.0,0.0020082985084624028,1.8884608377215335,1.8884608377215335
2014-02-18,0.00489951216141149,0.0,0.00489951216141149,1.8977133745622994,1.8977133745622994
2014-02-19,-0.006870125228628066,0.0,-0.006870125228628066,1.884675846031014,1.884675846031014
2014-02-20,0.004685904408904928,0.0,0.004685904408904928,1.8935072568872873,1.8935072568872873
2014-02-21,-0.001332745996143303,0.0,-0.001332745996143303,1.8909836926720025,1.8909836926720025
2014-02-24,0.005337910775141896,0.0,0.005337910775141896,1.901077594900734,1.901077594900734
2014-02-25,-0.001106385566509105,0.0,-0.001106385566509105,1.8989742700889218,1.8989742700889218
2014-02-26,-0.0008858460347861419,0.0,-0.0008858460347861419,1.8972920712616026,1.8972920712616026
2014-02-27,0.006488381501804419,0.0,0.006488381501804419,1.9096024260402966,1.9096024260402966
2014-02-28,-0.00110599634615427,0.0,-0.00110599634615427,1.9074904127344887,1.9074904127344887
2014-03-03,-0.007416363035348872,0.0,-0.007416363035348872,1.8933437713472023,1.8933437713472023
2014-03-04,0.012713220779371648,0.0,0.012713220779371648,1.9174142687235876,1.9174142687235876
2014-03-05,0.0027529398121668436,0.0,0.0027529398121668436,1.9226927948003736,1.9226927948003736
2014-03-06,-0.0008781459518780732,0.0,-0.0008781459518780732,1.9210043899059146,1.9210043899059146
2014-03-07,-0.004946658497155809,0.0,-0.004946658497155809,1.911501837217513,1.911501837217513
2014-03-10,0.0008838436661626758,0.0,0.0008838436661626758,1.913191306009196,1.913191306009196
2014-03-11,-0.004304098857106031,0.0,-0.004304098857106031,1.9049567414955766,1.9049567414955766
2014-03-12,0.003768683199489864,0.0,0.003768683199489864,1.912135919963006,1.912135919963006
2014-03-13,-0.014134398168802464,0.0,-0.014134398168802464,1.8851090295173794,1.8851090295173794
2014-03-14,-0.006832251923816535,0.0,-0.006832251923816535,1.8722294897238554,1.8722294897238554
2014-03-17,0.008796722704157434,0.0,0.008796722704157434,1.8886989733835022,1.8886989733835022
2014-03-18,0.012073318276422107,0.0,0.012073318276422107,1.911501837217513,1.911501837217513
2014-03-19,-0.005412058250937601,0.0,-0.005412058250937601,1.9011566779277176,1.9011566779277176
2014-03-20,0.002776667894067497,0.0,0.002776667894067497,1.9064355586369115,1.9064355586369115
2014-03-21,-0.012033261979711884,0.0,-0.012033261979711884,1.8834949201123952,1.8834949201123952
2014-03-24,-0.00876453719075021,0.0,-0.00876453719075021,1.866986958836481,1.866986958836481
2014-03-25,0.003287638238986146,0.0,0.003287638238986146,1.87312493655404,1.87312493655404
2014-03-26,-0.012880173763969327,0.0,-0.012880173763969327,1.8489987618896,1.8489987618896
2014-03-27,-0.005608527754751513,0.0,-0.005608527754751513,1.838628601015041,1.838628601015041
2014-03-28,0.001957237235476361,0.0,0.001957237235476361,1.8422272333751595,1.8422272333751595
2014-03-31,0.007122284867717044,0.0,0.007122284867717044,1.8553481005223236,1.8553481005223236
2014-04-01,0.017565537344100823,0.0,0.017565537344100823,1.887938286868355,1.887938286868355
2014-04-02,0.0025783069637299594,0.0,0.0025783069637299594,1.8928059713004801,1.8928059713004801
2014-04-03,-0.007938453634834919,0.0,-0.007938453634834919,1.8777800188575726,1.8777800188575726
2014-04-04,-0.02659724147517173,0.0,-0.02659724147517173,1.8278362502587653,1.8278362502587653
2014-04-07,-0.009494251403935672,0.0,-0.009494251403935672,1.8104823133735815,1.8104823133735815
2014-04-08,0.009234635848897499,0.0,0.009234635848897499,1.827201458248456,1.827201458248456
2014-04-09,0.01714129669940001,0.0,0.01714129669940001,1.858522060573869,1.858522060573869
2014-04-10,-0.030972293777548843,0.0,-0.030972293777548843,1.8009593693217198,1.8009593693217198
2014-04-11,-0.011633327809922211,0.0,-0.011633327809922211,1.7800082186060495,1.7800082186060495
2014-04-14,0.00784670387633346,0.0,0.00784670387633346,1.793975415994891,1.793975415994891
2014-04-15,0.0033029302052507425,0.0,0.0033029302052507425,1.7999007915838579,1.7999007915838579
2014-04-16,0.01328614886102053,0.0,0.01328614886102053,1.8238145414359097,1.8238145414359097
2014-04-17,0.00023245951500250328,0.0,0.00023245951500250328,1.8242385044796665,1.8242385044796665
2014-04-21,0.00742433966854561,0.0,0.00742433966854561,1.8377822707733633,1.8377822707733633
2014-04-22,0.007946019247551783,0.0,0.007946019247551783,1.8523853240697379,1.8523853240697379
2014-04-23,-0.008797342648091622,0.0,-0.008797342648091622,1.8360892556576,1.8360892556576
2014-04-24,0.009566497442222266,0.0,0.009566497442222266,1.8536541988255402,1.8536541988255402
2014-04-25,-0.015983149713691858,0.0,-0.015983149713691858,1.824026966248298,1.824026966248298
2014-04-28,0.0032485131517294707,0.0,0.0032485131517294707,1.8299523418372647,1.8299523418372647
2014-04-29,0.00797972767591415,0.0,0.00797972767591415,1.8445548631850275,1.8445548631850275
2014-04-30,0.0026386596466470014,0.0,0.0026386596466470014,1.8494220156685404,1.8494220156685404
2014-05-01,0.002975337003679357,0.0,0.002975337003679357,1.8549246694271782,1.8549246694271782
2014-05-02,-0.001825618538449869,0.0,-0.001825618538449869,1.851538284563244,1.851538284563244
2014-05-05,0.005257797968859279,0.0,0.005257797968859279,1.8612732987950857,1.8612732987950857
2014-05-06,-0.012961997600057007,0.0,-0.012961997600057007,1.8371474787630537,1.8371474787630537
2014-05-07,-0.0028799746739047727,0.0,-0.0028799746739047727,1.8318565405519882,1.8318565405519882
2014-05-08,-0.000924013669129975,0.0,-0.000924013669129975,1.830163880068633,1.830163880068633
2014-05-09,0.003700538779844331,0.0,0.003700538779844331,1.8369364724802975,1.8369364724802975
2014-05-12,0.016474953581993246,0.0,0.016474953581993246,1.8671999155974808,1.8671999155974808
2014-05-13,0.0006794652404384927,0.0,0.0006794652404384927,1.868468613037079,1.868468613037079
2014-05-14,-0.005209966884919037,0.0,-0.005209966884919037,1.858733953437645,1.858733953437645
2014-05-15,-0.007856356178980506,0.0,-0.007856356178980506,1.8441310774574744,1.8441310774574744
2014-05-16,0.006541291354814849,0.0,0.006541291354814849,1.8561940761315923,1.8561940761315923
2014-05-19,0.006954539102016044,0.0,0.006954539102016044,1.86910305041498,1.86910305041498
2014-05-20,-0.003622875963386285,0.0,-0.003622875963386285,1.8623315219005394,1.8623315219005394
2014-05-21,0.00954528299084334,0.0,0.00954528299084334,1.880108003299848,1.880108003299848
2014-05-22,0.004389927245116221,0.0,0.004389927245116221,1.8883615406472951,1.8883615406472951
2014-05-23,0.007284441491409499,0.0,0.007284441491409499,1.9021171998047683,1.9021171998047683
2014-05-27,0.01246142887732482,0.0,0.01246142887732482,1.9258202980064718,1.9258202980064718
2014-05-28,-0.0030771743656027306,0.0,-0.0030771743656027306,1.9198942131526888,1.9198942131526888
2014-05-29,0.006393432584774539,0.0,0.006393432584774539,1.9321689273743794,1.9321689273743794
2014-05-30,0.00010957403598244042,0.0,0.00010957403598244042,1.9323806429219517,1.9323806429219517
2014-06-02,-0.0009856912354779812,0.0,-0.0009856912354779812,1.9304759122586161,1.9304759122586161
2014-06-03,-0.00043886422892802646,0.0,-0.00043886422892802646,1.9296286954359185,1.9296286954359185
2014-06-04,0.0037292270392899063,0.0,0.0037292270392899063,1.936824718942728,1.936824718942728
2014-06-05,0.008413440301514363,0.0,0.008413440301514363,1.95312007809005,1.95312007809005
2014-06-06,0.005743130281993469,0.0,0.005743130281993469,1.9643371011548985,1.9643371011548985
2014-06-09,-0.000754186683906588,0.0,-0.000754186683906588,1.9628556242705038,1.9628556242705038
2014-06-10,0.0017246917831608144,0.0,0.0017246917831608144,1.966240945237214,1.966240945237214
2014-06-11,-0.0002150800223935656,0.0,-0.0002150800223935656,1.9658180460906813,1.9658180460906813
2014-06-12,-0.009042971228730101,0.0,-0.009042971228730101,1.9480412100589648,1.9480412100589648
2014-06-13,0.0029330283219324293,0.0,0.0029330283219324293,1.9537548701003593,1.9537548701003593
2014-06-16,0.0008667257976351372,0.0,0.0008667257976351372,1.9554482398485307,1.9554482398485307
2014-06-17,0.0005408944789679904,0.0,0.0005408944789679904,1.9565059310053725,1.9565059310053725
2014-06-18,0.005624980401475632,0.0,0.005624980401475632,1.9675112385226485,1.9675112385226485
2014-06-19,-0.000645634576597498,0.0,-0.000645634576597498,1.966240945237214,1.966240945237214
2014-06-20,0.001176402051205061,0.0,0.001176402051205061,1.9685540351183546,1.9685540351183546
2014-06-23,0.0002157280425107988,0.0,0.0002157280425107988,1.9689787074269274,1.9689787074269274
2014-06-24,-0.0009698914009806936,0.0,-0.0009698914009806936,1.96706901190988,1.96706901190988
2014-06-25,0.0063642295002346305,0.0,0.0063642295002346305,1.9795878905444741,1.9795878905444741
2014-06-26,0.0005360901054158873,0.0,0.0005360901054158873,1.9806491280253962,1.9806491280253962
2014-06-27,0.004392509216301743,0.0,0.004392509216301743,1.9893491475745078,1.9893491475745078
2014-06-30,0.001706446919919058,0.0,0.001706446919919058,1.9927438663000299,1.9927438663000299
2014-07-01,0.010968323411514547,0.0,0.010968323411514547,2.0146009255019206,2.0146009255019206
2014-07-02,0.0016849696465182085,0.0,0.0016849696465182085,2.017995466911239,2.017995466911239
2014-07-03,0.006309237518400623,0.0,0.006309237518400623,2.030727479623038,2.030727479623038
2014-07-07,-0.003030147712606568,0.0,-0.003030147712606568,2.024574075395731,2.024574075395731
2014-07-08,-0.012053119521199807,0.0,-0.012053119521199807,2.0001716420854634,2.0001716420854634
2014-07-09,0.007425897273757975,0.0,0.007425897273757975,2.015024711229474,2.015024711229474
2014-07-10,-0.003159181624036389,0.0,-0.003159181624036389,2.0086588821897786,2.0086588821897786
2014-07-11,0.006444230188986433,0.0,0.006444230188986433,2.021603142397762,2.021603142397762
2014-07-14,0.005983096922328457,0.0,0.005983096922328457,2.0336985899372113,2.0336985899372113
2014-07-15,-0.0034428331621376707,0.0,-0.0034428331621376707,2.026696904989983,2.026696904989983
2014-07-16,0.003978093843084229,0.0,0.003978093843084229,2.0347592954695215,2.0347592954695215
2014-07-17,-0.01324425516859451,0.0,-0.01324425516859451,2.0078104241536536,2.0078104241536536
2014-07-18,0.015852841208502833,0.0,0.015852841208502833,2.0396399239845384,2.0396399239845384
2014-07-21,-0.0012483873547749491,0.0,-0.0012483873547749491,2.037093663295142,2.037093663295142
2014-07-22,0.006354191329053016,0.0,0.006354191329053016,2.050037746186921,2.050037746186921
2014-07-23,0.006417776962811095,0.0,0.006417776962811095,2.0631944312072923,2.0631944312072923
2014-07-24,-0.0011314337564657384,0.0,-0.0011314337564657384,2.0608600633816723,2.0608600633816723
2014-07-25,-0.003912750718132019,0.0,-0.003912750718132019,2.052796431688706,2.052796431688706
2014-07-28,0.00030992383371297727,0.0,0.00030992383371297727,2.053432642228647,2.053432642228647
2014-07-29,-0.0017564680873037863,0.0,-0.0017564680873037863,2.0498258533231444,2.0498258533231444
2014-07-30,0.003933380535168451,0.0,0.003933380535168451,2.0578885984350905,2.0578885984350905
2014-07-31,-0.020210230165100818,0.0,-0.020210230165100818,2.0162981962065807,2.0162981962065807
2014-08-01,-0.0036835159276491503,0.0,-0.0036835159276491503,2.0088711296859634,2.0088711296859634
2014-08-04,0.006866081488598352,0.0,0.006866081488598352,2.02266420256248,2.02266420256248
2014-08-05,-0.007658473847391378,0.0,-0.007658473847391378,2.0071736816651002,2.0071736816651002
2014-08-06,-0.0007402112168281016,0.0,-0.0007402112168281016,2.0056879491918096,2.0056879491918096
2014-08-07,-0.0031736228427997615,0.0,-0.0031736228427997615,1.9993226521007263,1.9993226521007263
2014-08-08,0.007216908570954805,0.0,0.007216908570954805,2.0137515808847763,2.0137515808847763
2014-08-11,0.005901025804803561,0.0,0.005901025804803561,2.0256347809280415,2.0256347809280415
2014-08-12,-0.0004186852495339233,0.0,-0.0004186852495339233,2.024786677524324,2.024786677524324
2014-08-13,0.010584834688420086,0.0,0.010584834688420086,2.0462187097852342,2.0462187097852342
2014-08-14,0.0051846881032850956,0.0,0.0051846881032850956,2.0568277155865773,2.0568277155865773
2014-08-15,0.004849232825504535,0.0,0.004849232825504535,2.0668017520614073,2.0668017520614073
2014-08-18,0.007700225025293772,0.0,0.007700225025293772,2.0827165906349516,2.0827165906349516
2014-08-19,0.005603120168210296,0.0,0.005603120168210296,2.0943863019686044,2.0943863019686044
2014-08-20,0.0,0.0,0.0,2.0943863019686044,2.0943863019686044
2014-08-21,0.0020264841566630665,0.0,0.0020264841566630665,2.098630542627476,2.098630542627476
2014-08-22,0.0015169583506471351,0.0,0.0015169583506471351,2.1018140777540375,2.1018140777540375
2014-08-25,0.0035333083617639094,0.0,0.0035333083617639094,2.109240435009839,2.109240435009839
2014-08-26,0.0010064426790878933,0.0,0.0010064426790878933,2.111363264604091,2.111363264604091
2014-08-27,0.0002007166339670352,0.0,0.0002007166339670352,2.111787050331644,2.111787050331644
2014-08-28,-0.0011049794268952473,0.0,-0.0011049794268952473,2.1094535690870435,2.1094535690870435
2014-08-29,0.003721410652689272,0.0,0.003721410652689272,2.1173037120703975,2.1173037120703975
2014-09-02,0.0029065804102827997,0.0,0.0029065804102827997,2.1234578255625203,2.1234578255625203
2014-09-03,-0.005895515551987862,0.0,-0.005895515551987862,2.1109389469279263,2.1109389469279263
2014-09-04,-0.0009051703826167268,0.0,-0.0009051703826167268,2.109028187513655,2.109028187513655
2014-09-05,0.005030617954265848,0.0,0.005030617954265848,2.119637902579814,2.119637902579814
2014-09-08,0.0019025430818135902,0.0,0.0019025430818135902,2.1236706050073173,2.1236706050073173
2014-09-09,-0.008293740627147161,0.0,-0.008293740627147161,2.10605743183189,2.10605743183189
2014-09-10,0.008262069907322367,0.0,0.008262069907322367,2.123457825562521,2.123457825562521
2014-09-11,-0.0007997132155093123,0.0,-0.0007997132155093123,2.1217596682768423,2.1217596682768423
2014-09-12,-0.005099880778534738,0.0,-0.005099880778534738,2.110938946927927,2.110938946927927
2014-09-15,-0.009650446818678104,0.0,-0.009650446818678104,2.0905674428831227,2.0905674428831227
2014-09-16,0.008729053211211202,0.0,0.008729053211211202,2.1088161173336752,2.1088161173336752
2014-09-17,0.001509295113776954,0.0,0.001509295113776954,2.111998943195421,2.111998943195421
2014-09-18,0.007535942440713539,0.0,0.007535942440713539,2.1279148456661896,2.1279148456661896
2014-09-19,-0.0006201315775549165,0.0,-0.0006201315775549165,2.126595258476044,2.126595258476044
2014-09-22,-0.009301658926610057,0.0,-0.009301658926610057,2.106814394706754,2.106814394706754
2014-09-23,-0.002725961311868308,0.0,-0.002725961311868308,2.101071300175496,2.101071300175496
2014-09-24,0.01073059983082536,0.0,0.01073059983082536,2.1236170555137113,2.1236170555137113
2014-09-25,-0.02103329361368711,0.0,-0.02103329361368711,2.0789503944620575,2.0789503944620575
2014-09-26,0.010640420171815768,0.0,0.010640420171815768,2.101071300175496,2.101071300175496
2014-09-29,-0.0013161124998956053,0.0,-0.0013161124998956053,2.0983060539741634,2.0983060539741634
2014-09-30,0.0014191677731116847,0.0,0.0014191677731116847,2.101283902304089,2.101283902304089
2014-10-01,-0.015993515879934028,0.0,-0.015993515879934028,2.0676769848443386,2.0676769848443386
2014-10-02,0.0,0.0,0.0,2.0676769848443386,2.0676769848443386
2014-10-03,0.009875259830687932,0.0,0.009875259830687932,2.08809583231561,2.08809583231561
2014-10-06,-0.002138905924314205,0.0,-0.002138905924314205,2.083629591769334,2.083629591769334
2014-10-07,-0.014189690242283892,0.0,-0.014189690242283892,2.054063533282471,2.054063533282471
2014-10-08,0.019468009140738873,0.0,0.019468009140738873,2.0940520609240725,2.0940520609240725
2014-10-09,-0.016150445756265674,0.0,-0.016150445756265674,2.0602321867033218,2.0602321867033218
2014-10-10,-0.024984480125739172,0.0,-0.024984480125739172,2.0087583565802243,2.0087583565802243
2014-10-13,-0.015671288770738423,0.0,-0.015671288770738423,1.9772785243036217,1.9772785243036217
2014-10-14,0.00010761227726940881,0.0,0.00010761227726940881,1.9774913037484179,1.9774913037484179
2014-10-15,-0.006453531203843732,0.0,-0.006453531203843732,1.9647295019143478,1.9647295019143478
2014-10-16,-0.006279121314699543,0.0,-0.006279121314699543,1.9523927270212584,1.9523927270212584
2014-10-17,0.01318215202768691,0.0,0.01318215202768691,1.9781294647666028,1.9781294647666028
2014-10-20,0.014946293648147924,0.0,0.014946293648147924,2.007695168621058,2.007695168621058
2014-10-21,0.026273808071814786,0.0,0.026273808071814786,2.0604449661481175,2.0604449661481175
2014-10-22,-0.005161541054509278,0.0,-0.005161541054509278,2.049809894864787,2.049809894864787
2014-10-23,0.015046458991392342,0.0,0.015046458991392342,2.08065227538802,2.08065227538802
2014-10-24,0.008177765127126868,0.0,0.008177765127126868,2.0976673610073653,2.0976673610073653
2014-10-27,0.0007099689994010117,0.0,0.0007099689994010117,2.0991566398047357,2.0991566398047357
2014-10-28,0.015097614198023246,0.0,0.015097614198023246,2.1308488968937263,2.1308488968937263
2014-10-29,-0.003693281627556999,0.0,-0.003693281627556999,2.1229790718117285,2.1229790718117285
2014-10-30,0.0021040115534798343,0.0,0.0021040115534798343,2.1274458443066164,2.1274458443066164
2014-10-31,0.01379734379815889,0.0,0.01379734379815889,2.1567989460324792,2.1567989460324792
2014-11-03,0.0029585052092004904,0.0,0.0029585052092004904,2.1631798469495145,2.1631798469495145
2014-11-04,-0.0033430711154278647,0.0,-0.0033430711154278647,2.155948182885702,2.155948182885702
2014-11-05,9.852964652612428e-05,0.0,9.852964652612428e-05,2.1561606076980904,2.1561606076980904
2014-11-06,0.003156914385103571,0.0,0.003156914385103571,2.1629674221371262,2.1629674221371262
2014-11-07,-0.0008849548091002246,0.0,-0.0008849548091002246,2.161053293714979,2.161053293714979
2014-11-10,0.0035432827944017475,0.0,0.0035432827944017475,2.1687105166683844,2.1687105166683844
2014-11-11,0.00313856417005276,0.0,0.00313856417005276,2.1755171537912164,2.1755171537912164
2014-11-12,0.0017598626928914118,0.0,0.0017598626928914118,2.179345765267919,2.179345765267919
2014-11-13,0.004294048905634673,0.0,0.004294048905634673,2.1887039825662673,2.1887039825662673
2014-11-14,0.003110055909551823,0.0,0.003110055909551823,2.195510974321507,2.195510974321507
2014-11-17,-0.003003174715473733,0.0,-0.003003174715473733,2.1889174712758797,2.1889174712758797
2014-11-18,0.007481827036548205,0.0,0.007481827036548205,2.2052945731932443,2.2052945731932443
2014-11-19,-0.004532899340544239,0.0,-0.004532899340544239,2.195298194876711,2.195298194876711
2014-11-20,0.004456695774074815,0.0,0.004456695774074815,2.205081971064652,2.205081971064652
2014-11-21,0.001929337656525032,0.0,0.001929337656525032,2.2093363187471518,2.2093363187471518
2014-11-24,0.007798397848066907,0.0,0.007798397848066907,2.2265656023409255,2.2265656023409255
2014-11-25,0.001528306764160936,0.0,0.001528306764160936,2.2299684776118314,2.2299684776118314
2014-11-26,0.006486207109049014,0.0,0.006486207109049014,2.2444325150042723,2.2444325150042723
2014-11-28,0.0046436990575848824,0.0,0.0046436990575848824,2.2548549841590106,2.2548549841590106
2014-12-01,-0.011320028284343198,0.0,-0.011320028284343198,2.2293299619612386,2.2293299619612386
2014-12-02,0.0040075961867624965,0.0,0.0040075961867624965,2.2382642162158297,2.2382642162158297
2014-12-03,0.0018054330940084906,0.0,0.0018054330940084906,2.242305252504921,2.242305252504921
2014-12-04,-0.00047407044236036366,0.0,-0.00047407044236036366,2.241242241861959,2.241242241861959
2014-12-05,9.438436748032686e-05,0.0,9.438436748032686e-05,2.2414537800933276,2.2414537800933276
2014-12-08,-0.007117080471019777,0.0,-0.007117080471019777,2.225501173168332,2.225501173168332
2014-12-09,0.003154402216041019,0.0,0.003154402216041019,2.2325212990007763,2.2325212990007763
2014-12-10,-0.01572058949907318,0.0,-0.01572058949907318,2.1974247481112474,2.1974247481112474
2014-12-11,0.004743199418366872,0.0,0.004743199418366872,2.2078475718983936,2.2078475718983936
2014-12-12,-0.010886585207482757,0.0,-0.010886585207482757,2.183811651181788,2.183811651181788
2014-12-15,-0.010323957201075595,0.0,-0.010323957201075595,2.161266073159777,2.161266073159777
2014-12-16,-0.016041900215017613,0.0,-0.016041900215017613,2.1265952584760446,2.1265952584760446
2014-12-17,0.018203592574715266,0.0,0.018203592574715266,2.1653069321326637,2.1653069321326637
2014-12-18,0.0240667918104136,0.0,0.0240667918104136,2.217418923273946,2.217418923273946
2014-12-19,0.00439992163416747,0.0,0.00439992163416747,2.2271753927664713,2.2271753927664713
2014-12-22,0.002492342446021034,0.0,0.002492342446021034,2.232726276532597,2.232726276532597
2014-12-23,-0.0035378641523063914,0.0,-0.0035378641523063914,2.2248271942769398,2.2248271942769398
2014-12-24,0.0008638560064651024,0.0,0.0008638560064651024,2.2267491246120628,2.2267491246120628
2014-12-26,0.007094562070012467,0.0,0.007094562070012467,2.242546934490969,2.242546934490969
2014-12-29,-0.0001903193625321098,0.0,-0.0001903193625321098,2.242120134387948,2.242120134387948
2014-12-30,-0.00666545087940007,0.0,-0.00666545087940007,2.2271753927664713,2.2271753927664713
2014-12-31,-0.010256620112952808,0.0,-0.010256620112952808,2.204332100837949,2.204332100837949
2015-01-02,-0.003002579304669628,0.0,-0.003002579304669628,2.1977134188913543,2.1977134188913543
2015-01-05,-0.01466865704107323,0.0,-0.01466865704107323,2.1654759144750724,2.1654759144750724
2015-01-06,-0.013408463943939464,0.0,-0.013408463943939464,2.136440208754364,2.136440208754364
2015-01-07,0.012891203152125552,0.0,0.012891203152125552,2.163981493507786,2.163981493507786
2015-01-08,0.01913957969145086,0.0,0.01913957969145086,2.205399189753603,2.205399189753603
2015-01-09,-0.006582506697600632,0.0,-0.006582506697600632,2.190882134816167,2.190882134816167
2015-01-12,-0.010427093625402617,0.0,-0.010427093625402617,2.1680376016742167,2.1680376016742167
2015-01-13,-0.0002952492594845424,0.0,-0.0002952492594845424,2.1673974901777875,2.1673974901777875
2015-01-14,-0.005516165089643588,0.0,-0.005516165089643588,2.155441767807088,2.155441767807088
2015-01-15,-0.012975322889972718,0.0,-0.012975322889972718,2.1274742148992574,2.1274742148992574
2015-01-16,0.011740850331308117,0.0,0.011740850331308117,2.1524525712401066,2.1524525712401066
2015-01-20,0.007935291216463636,0.0,0.007935291216463636,2.169532909222523,2.169532909222523
2015-01-21,0.005117041630875674,0.0,0.005117041630875674,2.180634499438569,2.180634499438569
2015-01-22,0.01850382326425626,0.0,0.01850382326425626,2.2209845748201205,2.2209845748201205
2015-01-23,0.002210919289111102,0.0,0.002210919289111102,2.2258949924574085,2.2258949924574085
2015-01-26,-0.001151175806874627,0.0,-0.001151175806874627,2.223332595993448,2.223332595993448
2015-01-27,-0.025926482125364303,0.0,-0.025926482125364303,2.1656894031846843,2.1656894031846843
2015-01-28,-0.0051263686049960455,0.0,-0.0051263686049960455,2.1545872810200257,2.1545872810200257
2015-01-29,0.00961180311053278,0.0,0.00961180311053278,2.1752967497496485,2.1752967497496485
2015-01-30,-0.007753733810589858,0.0,-0.007753733810589858,2.1584300777930485,2.1584300777930485
2015-02-02,0.008704342987062796,0.0,0.008704342987062796,2.1772177935037518,2.1772177935037518
2015-02-03,0.009609788634492356,0.0,0.009609788634492356,2.1981403963105786,2.1981403963105786
2015-02-04,-0.0008740210923432468,0.0,-0.0008740210923432468,2.1962191752402713,2.1962191752402713
2015-02-05,0.008651618200095523,0.0,0.008651618200095523,2.215220025028179,2.215220025028179
2015-02-06,-0.006071456215372195,0.0,-0.006071456215372195,2.2017704136388048,2.2017704136388048
2015-02-09,-0.0032001583610086204,0.0,-0.0032001583610086204,2.194724399640577,2.194724399640577
2015-02-10,0.015564177499731269,0.0,0.015564177499731269,2.228883479759574,2.228883479759574
2015-02-11,0.0036400647695413735,0.0,0.0036400647695413735,2.2369967599896596,2.2369967599896596
2015-02-12,0.011643358178775154,0.0,0.011643358178775154,2.263042914510979,2.263042914510979
2015-02-13,0.00858482491982726,0.0,0.00858482491982726,2.2824707417181114,2.2824707417181114
2015-02-17,0.0009355734580536179,0.0,0.0009355734580536179,2.2846061607628467,2.2846061607628467
2015-02-18,0.0014020096610138921,0.0,0.0014020096610138921,2.2878092006718482,2.2878092006718482
2015-02-19,0.004945504047068283,0.0,0.004945504047068283,2.299123570332691,2.299123570332691
2015-02-20,0.006685749564156351,0.0,0.006685749564156351,2.3144949347409844,2.3144949347409844
2015-02-23,0.0010147151703328028,0.0,0.0010147151703328028,2.3168434878629247,2.3168434878629247
2015-02-24,0.0007370178665222493,0.0,0.0007370178665222493,2.318551042907415,2.318551042907415
2015-02-25,-0.0024858901547814005,0.0,-0.0024858901547814005,2.3127873796964935,2.3127873796964935
2015-02-26,0.00507701505463265,0.0,0.00507701505463265,2.324529436041377,2.324529436041377
2015-02-27,-0.004408477354044038,0.0,-0.004408477354044038,2.3142818006637795,2.3142818006637795
2015-03-02,0.009040416276105079,0.0,0.009040416276105079,2.335203871521994,2.335203871521994
2015-03-03,-0.004662439544059982,0.0,-0.004662439544059982,2.324316124647968,2.324316124647968
2015-03-04,-0.0038578575181915653,0.0,-0.0038578575181915653,2.315349244211841,2.315349244211841
2015-03-05,0.0017519108587074061,0.0,0.0017519108587074061,2.3194055296944756,2.3194055296944756
2015-03-06,-0.011321789230447687,0.0,-0.011321789230447687,2.29314570914734,2.29314570914734
2015-03-09,0.0028857480389361534,0.0,0.0028857480389361534,2.2997631498805067,2.2997631498805067
2015-03-10,-0.01856645593678008,0.0,-0.01856645593678008,2.25706469869322,2.25706469869322
2015-03-11,-0.0057694854866486844,0.0,-0.0057694854866486844,2.244042596671682,2.244042596671682
2015-03-12,0.006564367799925419,0.0,0.006564367799925419,2.258773317634935,2.258773317634935
2015-03-13,-0.004347862265727143,0.0,-0.004347862265727143,2.248952482360359,2.248952482360359
2015-03-16,0.012910611191672139,0.0,0.012910611191672139,2.2779878334486594,2.2779878334486594
2015-03-17,0.0015929743177356404,0.0,0.0015929743177356404,2.2816166095634576,2.2816166095634576
2015-03-18,0.009825294761951486,0.0,0.009825294761951486,2.304034165286183,2.304034165286183
2015-03-19,0.0014825384993253365,0.0,0.0014825384993253365,2.3074499846399807,2.3074499846399807
2015-03-20,0.006473046238536506,0.0,0.006473046238536506,2.322386215083666,2.322386215083666
2015-03-23,-0.0019351127564892767,0.0,-0.0019351127564892767,2.3178921358933624,2.3178921358933624
2015-03-24,-0.0036004208357611756,0.0,-0.0036004208357611756,2.3095467487522447,2.3095467487522447
2015-03-25,-0.022885342653653162,0.0,-0.022885342653653162,2.256691980032419,2.256691980032419
2015-03-26,-0.003413468882062398,0.0,-0.003413468882062398,2.248988832182179,2.248988832182179
2015-03-27,0.003996217761148335,0.0,0.003996217761148335,2.2579762812979696,2.2579762812979696
2015-03-30,0.011467091832147114,0.0,0.011467091832147114,2.2838687026704236,2.2838687026704236
2015-03-31,-0.010587566050007102,0.0,-0.010587566050007102,2.2596880919313564,2.2596880919313564
2015-04-01,-0.005208244646645932,0.0,-0.005208244646645932,2.2479190835234655,2.2479190835234655
2015-04-02,0.000666379542905382,0.0,0.000666379542905382,2.249417050814832,2.249417050814832
2015-04-06,0.00818136155488447,0.0,0.00818136155488447,2.26782034499527,2.26782034499527
2015-04-07,-0.0016987112125260717,0.0,-0.0016987112125260717,2.2639679731472317,2.2639679731472317
2015-04-08,0.007939398353849603,0.0,0.007939398353849603,2.281942516746405,2.281942516746405
2015-04-09,0.00628291738348663,0.0,0.00628291738348663,2.2962797730529885,2.2962797730529885
2015-04-10,0.004100169286999966,0.0,0.004100169286999966,2.3056949088528196,2.3056949088528196
2015-04-13,-0.0025055956970906346,0.0,-0.0025055956970906346,2.2999177696103943,2.2999177696103943
2015-04-14,-0.0028843439150689765,0.0,-0.0028843439150689765,2.2932840157864596,2.2932840157864596
2015-04-15,0.006251458444255009,0.0,0.006251458444255009,2.3076203855120228,2.3076203855120228
2015-04-16,-0.001390793439204785,0.0,-0.001390793439204785,2.3044109622196776,2.3044109622196776
2015-04-17,-0.015600119851764238,0.0,-0.015600119851764238,2.2684618750213312,2.2684618750213312
2015-04-20,0.014998459351501792,0.0,0.014998459351501792,2.30248530824427,2.30248530824427
2015-04-21,0.004274868746666494,0.0,0.004274868746666494,2.312328130728142,2.312328130728142
2015-04-22,0.005460441399482763,0.0,0.005460441399482763,2.3249544629823586,2.3249544629823586
2015-04-23,0.0037735915250194374,0.0,0.0037735915250194374,2.333727891439925,2.333727891439925
2015-04-24,0.013570146195033717,0.0,0.013570146195033717,2.3653969201061926,2.3653969201061926
2015-04-27,-0.0025330597999564386,0.0,-0.0025330597999564386,2.359405228256931,2.359405228256931
2015-04-28,-0.0019950095451729544,0.0,-0.0019950095451729544,2.3546981923056274,2.3546981923056274
2015-04-29,-0.006270418450598392,0.0,-0.006270418450598392,2.3399332493150036,2.3399332493150036
2015-04-30,-0.015729229523202104,0.0,-0.015729229523202104,2.3031279021675557,2.3031279021675557
2015-05-01,0.013192886373494472,0.0,0.013192886373494472,2.333512806884477,2.333512806884477
2015-05-04,0.001650813537628526,0.0,0.001650813537628526,2.337365001416311,2.337365001416311
2015-05-05,-0.016296053764012663,0.0,-0.016296053764012663,2.2992751756871095,2.2992751756871095
2015-05-06,-0.006886818862211985,0.0,-0.006886818862211985,2.283440484037772,2.283440484037772
2015-05-07,0.005997613875923458,0.0,0.005997613875923458,2.297135678369682,2.297135678369682
2015-05-08,0.012482570468414389,0.0,0.012482570468414389,2.3258098363504405,2.3258098363504405
2015-05-11,-0.0038643760154964957,0.0,-0.0038643760154964957,2.316822032602242,2.316822032602242
2015-05-12,-0.004525698971869718,0.0,-0.004525698971869718,2.306336793511289,2.306336793511289
2015-05-13,0.002041606330171364,0.0,0.002041606330171364,2.311045425308429,2.311045425308429
2015-05-14,0.014629411814351734,0.0,0.014629411814351734,2.3448546605569396,2.3448546605569396
2015-05-15,0.0,0.0,0.0,2.3448546605569396,2.3448546605569396
2015-05-18,0.004380095132069828,0.0,0.004380095132069828,2.3551253470410565,2.3551253470410565
2015-05-19,-0.0010901166347251356,0.0,-0.0010901166347251356,2.3525579857233843,2.3525579857233843
2015-05-20,0.0006367397957698362,0.0,0.0006367397957698362,2.3540559530147505,2.3540559530147505
2015-05-21,0.0051814419878708495,0.0,0.0051814419878708495,2.3662533573714986,2.3662533573714986
2015-05-22,-0.0009948427191578402,0.0,-0.0009948427191578402,2.3638993074472348,2.3638993074472348
2015-05-26,-0.011496565252329671,0.0,-0.011496565252329671,2.336722584809231,2.336722584809231
2015-05-27,0.016117429588686782,0.0,0.016117429588686782,2.3743845465381876,2.3743845465381876
2015-05-28,-0.0022530595907004347,0.0,-0.0022530595907004347,2.369034916663599,2.369034916663599
2015-05-29,-0.0059615239238621776,0.0,-0.0059615239238621776,2.354911858331444,2.354911858331444
2015-06-01,0.0033622820086740557,0.0,0.0033622820086740557,2.3628297361047252,2.3628297361047252
2015-06-02,-0.0031698587259103572,0.0,-0.0031698587259103572,2.3553398996478934,2.3553398996478934
2015-06-03,0.0029979805432018836,0.0,0.0029979805432018836,2.3624011628396646,2.3624011628396646
2015-06-04,-0.007608665792295466,0.0,-0.007608665792295466,2.3444264419242873,2.3444264419242873
2015-06-05,-0.0023729880370393364,0.0,-0.0023729880370393364,2.3388631460238822,2.3388631460238822
2015-06-08,-0.01015537720297377,0.0,-0.01015537720297377,2.3151111085498757,2.3151111085498757
2015-06-09,-0.0016640116467029342,0.0,-0.0016640116467029342,2.3112587367018373,2.3112587367018373
2015-06-10,0.013702223293211802,0.0,0.013702223293211802,2.3429281200005128,2.3429281200005128
2015-06-11,0.0014615602170453545,0.0,0.0014615602170453545,2.3463524505321023,2.3463524505321023
2015-06-12,-0.008208068730918838,0.0,-0.008208068730918838,2.327093428351175,2.327093428351175
2015-06-15,-0.004965568739653925,0.0,-0.004965568739653925,2.3155380859691004,2.3155380859691004
2015-06-16,0.005452488883555651,0.0,0.005452488883555651,2.328163531642297,2.328163531642297
2015-06-17,0.0027574236424801057,0.0,0.0027574236424801057,2.3345832648080074,2.3345832648080074
2015-06-18,0.014573664488997107,0.0,0.014573664488997107,2.3686066980309466,2.3686066980309466
2015-06-19,-0.0049438187106769504,0.0,-0.0049438187106769504,2.3568967359189865,2.3568967359189865
2015-06-22,0.007370944522874678,0.0,0.007370944522874678,2.37426929100559,2.37426929100559
2015-06-23,0.0008129182682936609,0.0,0.0008129182682936609,2.376199377886097,2.376199377886097
2015-06-24,-0.005145096435579255,0.0,-0.005145096435579255,2.3639736029367096,2.3639736029367096
2015-06-25,-0.0019958796774609544,0.0,-0.0019958796774609544,2.359255396064554,2.359255396064554
2015-06-26,-0.006636499869939638,0.0,-0.006636499869939638,2.3435981979354175,2.3435981979354175
2015-06-29,-0.023611158188328818,0.0,-0.023611158188328818,2.288263130154082,2.288263130154082
2015-06-30,0.0035618791062617117,0.0,0.0035618791062617117,2.296413646787007,2.296413646787007
2015-07-01,0.007938875844802684,0.0,0.007938875844802684,2.3146445896171595,2.3146445896171595
2015-07-02,0.0002778508090537368,0.0,0.0002778508090537368,2.3152877154890565,2.3152877154890565
2015-07-06,-0.002315929019532592,0.0,-0.002315929019532592,2.3099256734801883,2.3099256734801883
2015-07-07,0.0025071475698261736,0.0,0.0025071475698261736,2.3157169980189334,2.3157169980189334
2015-07-08,-0.017412419899330844,0.0,-0.017412419899330844,2.27539476128141,2.27539476128141
2015-07-09,-0.0005656769307533782,0.0,-0.0005656769307533782,2.274107622956596,2.274107622956596
2015-07-10,0.015278724918234898,0.0,0.015278724918234898,2.308853087762211,2.308853087762211
2015-07-13,0.017557033941663525,0.0,0.017557033941663525,2.3493896997903665,2.3493896997903665
2015-07-14,0.006573196501238776,0.0,0.006573196501238776,2.364832699945075,2.364832699945075
2015-07-15,0.001088416113867119,0.0,0.001088416113867119,2.3674066219622953,2.3674066219622953
2015-07-16,0.014132677598264198,0.0,0.014132677598264198,2.400864416494484,2.400864416494484
2015-07-17,0.014740084890587646,0.0,0.014740084890587646,2.436253361804404,2.436253361804404
2015-07-20,0.003433288222843167,0.0,0.003433288222843167,2.444617721779349,2.444617721779349
2015-07-21,-0.000614066964198301,0.0,-0.000614066964198301,2.4431165627963107,2.4431165627963107
2015-07-22,-0.011324688437706176,0.0,-0.011324688437706176,2.415449028905643,2.415449028905643
2015-07-23,-0.0037296283020105125,0.0,-0.0037296283020105125,2.4064403018453726,2.4064403018453726
2015-07-24,-0.009803511972143353,0.0,-0.009803511972143353,2.3828487355359833,2.3828487355359833
2015-07-27,-0.008280812878602162,0.0,-0.008280812878602162,2.363116811038996,2.363116811038996
2015-07-28,0.008622033814622121,0.0,0.008622033814622121,2.3834916840916764,2.3834916840916764
2015-07-29,0.0037794855706807517,0.0,0.0037794855706807517,2.3925000565195385,2.3925000565195385
2015-07-30,0.004751036567899547,0.0,0.004751036567899547,2.4038669117767646,2.4038669117767646
2015-07-31,-0.0011598479008921858,0.0,-0.0011598479008921858,2.401078791785116,2.401078791785116
2015-08-03,-0.003126304811691294,0.0,-0.003126304811691294,2.3935722876051084,2.3935722876051084
2015-08-04,-0.001881561834852774,0.0,-0.001881561834852774,2.3890686333397895,2.3890686333397895
2015-08-05,0.007720492377143673,0.0,0.007720492377143673,2.4075134195119623,2.4075134195119623
2015-08-06,-0.01603585044833311,0.0,-0.01603585044833311,2.3689068943643132,2.3689068943643132
2015-08-07,-0.0012673105291790554,0.0,-0.0012673105291790554,2.3659047537144406,2.3659047537144406
2015-08-10,0.011422216396383522,0.0,0.011422216396383522,2.3929286297845995,2.3929286297845995
2015-08-11,-0.01281709091679728,0.0,-0.01281709091679728,2.3622582459792434,2.3622582459792434
2015-08-12,0.0034502321372329448,0.0,0.0034502321372329448,2.3704085852959644,2.3704085852959644
2015-08-13,-0.0016286341592625098,0.0,-0.0016286341592625098,2.366548056902542,2.366548056902542
2015-08-14,0.0015404055824437268,0.0,0.0015404055824437268,2.370193500740516,2.370193500740516
2015-08-17,0.008325101645509703,0.0,0.008325101645509703,2.3899256025537072,2.3899256025537072
2015-08-18,-0.005115175282152995,0.0,-0.005115175282152995,2.37770071418534,2.37770071418534
2015-08-19,-0.006584792647416515,0.0,-0.006584792647416515,2.3620440480048157,2.3620440480048157
2015-08-20,-0.027694668091575725,0.0,-0.027694668091575725,2.2966280220776403,2.2966280220776403
2015-08-21,-0.043705602485948125,0.0,-0.043705602485948125,2.1962525106866257,2.1962525106866257
2015-08-24,-0.03847666400319261,0.0,-0.03847666400319261,2.111748040766768,2.111748040766768
2015-08-25,-0.0037577551508441998,0.0,-0.0037577551508441998,2.103812608689292,2.103812608689292
2015-08-26,0.05036178171796446,0.0,0.05036178171796446,2.209764360063603,2.209764360063603
2015-08-27,0.025332521389944684,0.0,0.025332521389944684,2.265743262981652,2.265743262981652
2015-08-28,-0.0001888404600977056,0.0,-0.0001888404600977056,2.265315398981407,2.265315398981407
2015-08-31,-0.012403283172749524,0.0,-0.012403283172749524,2.2372180506122508,2.2372180506122508
2015-09-01,-0.031252957293706696,0.0,-0.031252957293706696,2.1672983704197564,2.1672983704197564
2015-09-02,0.028203876235111114,0.0,0.028203876235111114,2.228424585423633,2.228424585423633
2015-09-03,-0.004908686026946607,0.0,-0.004908686026946607,2.2174859487990597,2.2174859487990597
2015-09-04,-0.011896693285722515,0.0,-0.011896693285722515,2.191105198600798,2.191105198600798
2015-09-08,0.028190951723914726,0.0,0.028190951723914726,2.2528745394765717,2.2528745394765717
2015-09-09,-0.011233563789023071,0.0,-0.011233563789023071,2.2275667296286956,2.2275667296286956
2015-09-10,0.010879844109696446,0.0,0.010879844109696446,2.251802308391002,2.251802308391002
2015-09-11,0.005524057905280211,0.0,0.005524057905280211,2.264241394733798,2.264241394733798
2015-09-14,-0.003030734455631512,0.0,-0.003030734455631512,2.257379080322911,2.257379080322911
2015-09-15,0.0117812604397316,0.0,0.0117812604397316,2.2839738511793968,2.2839738511793968
2015-09-16,0.005634512028604544,0.0,0.005634512028604544,2.2968429293168855,2.2968429293168855
2015-09-17,0.00037357065221543806,0.0,0.00037357065221543806,2.297700962428027,2.297700962428027
2015-09-18,-0.014223104236911643,0.0,-0.014223104236911643,2.265020522134161,2.265020522134161
2015-09-21,0.0031323230341604447,0.0,0.0031323230341604447,2.272115298088488,2.272115298088488
2015-09-22,-0.01495069657851722,0.0,-0.01495069657851722,2.2381455916753596,2.2381455916753596
2015-09-23,0.0007684786839461388,0.0,0.0007684786839461388,2.23986555885413,2.23986555885413
2015-09-24,-0.003647391581455439,0.0,-0.003647391581455439,2.2316958920711736,2.2316958920711736
2015-09-25,-0.008478093101626616,0.0,-0.008478093101626616,2.2127753665236765,2.2127753665236765
2015-09-28,-0.028468590530433602,0.0,-0.028468590530433602,2.1497807706782837,2.1497807706782837
2015-09-29,-0.0052006784892273394,0.0,-0.0052006784892273394,2.1386004520676627,2.1386004520676627
2015-09-30,0.02302199944249783,0.0,0.02302199944249783,2.18783531048289,2.18783531048289
2015-10-01,0.0045208499596671725,0.0,0.0045208499596671725,2.197726185658045,2.197726185658045
2015-10-02,0.017510906143827887,0.0,0.017510906143827887,2.2362103626249357,2.2362103626249357
2015-10-05,0.014325500199144692,0.0,0.014325500199144692,2.268245194620049,2.268245194620049
2015-10-06,-0.004739256096657263,0.0,-0.004739256096657263,2.2574953997527323,2.2574953997527323
2015-10-07,0.005999937006473832,0.0,0.005999937006473832,2.271040229943653,2.271040229943653
2015-10-08,0.003976309850478366,0.0,0.003976309850478366,2.2800705895808107,2.2800705895808107
2015-10-09,0.004526167056400299,0.0,0.004526167056400299,2.2903905699696385,2.2903905699696385
2015-10-12,0.0024407400365287213,0.0,0.0024407400365287213,2.295980817933051,2.295980817933051
2015-10-13,-0.006461515150274821,0.0,-0.006461515150274821,2.2811453030932363,2.2811453030932363
2015-10-14,-0.001601962682174718,0.0,-0.001601962682174718,2.277490993445063,2.277490993445063
2015-10-15,0.01642565711387256,0.0,0.01642565711387256,2.3149002795833247,2.3149002795833247
2015-10-16,0.004179480835620364,0.0,0.004179480835620364,2.3245753609382156,2.3245753609382156
2015-10-19,0.0057344237970844425,0.0,0.0057344237970844425,2.3379054612060957,2.3379054612060957
2015-10-20,-0.005149886412167959,0.0,-0.005149886412167959,2.325865513638497,2.325865513638497
2015-10-21,-0.006100914458662565,0.0,-0.006100914458662565,2.311675607097435,2.311675607097435
2015-10-22,0.020368145368145463,0.0,0.020368145368145463,2.358760151906792,2.358760151906792
2015-10-23,0.02798302643009265,0.0,0.02798302643009265,2.424765399579849,2.424765399579849
2015-10-26,0.0006207764495447243,0.0,0.0006207764495447243,2.426270636835579,2.426270636835579
2015-10-27,0.002038104992078349,0.0,0.002038104992078349,2.431215631132647,2.431215631132647
2015-10-28,0.008312482354737138,0.0,0.008312482354737138,2.4514250681669982,2.4514250681669982
2015-10-29,-0.001578498796505845,0.0,-0.001578498796505845,2.447555496647172,2.447555496647172
2015-10-30,-0.004480293100118216,0.0,-0.004480293100118216,2.4365897306433877,2.4365897306433877
2015-11-02,0.01129462260110703,0.0,0.01129462260110703,2.464110092084738,2.464110092084738
2015-11-03,0.0034902530816669497,0.0,0.0034902530816669497,2.472710459927203,2.472710459927203
2015-11-04,8.719844379467823e-05,0.0,8.719844379467823e-05,2.4729260764312637,2.4729260764312637
2015-11-05,-0.0026955306591606165,0.0,-0.0026955306591606165,2.4662602283744053,2.4662602283744053
2015-11-06,0.0006976864905778868,0.0,0.0006976864905778868,2.4679809048179915,2.4679809048179915
2015-11-09,-0.010628421248508269,0.0,-0.010628421248508269,2.4417501641283113,2.4417501641283113
2015-11-10,-0.0025534112607165094,0.0,-0.0025534112607165094,2.4355153717633695,2.4355153717633695
2015-11-11,-0.0012359272759888684,0.0,-0.0012359272759888684,2.432505251884317,2.432505251884317
2015-11-12,-0.009722301191241622,0.0,-0.009722301191241622,2.4088557031762203,2.4088557031762203
2015-11-13,-0.019635799113513097,0.0,-0.019635799113513097,2.361555896495212,2.361555896495212
2015-11-16,0.014384610203786119,0.0,0.014384610203786119,2.395525957540748,2.395525957540748
2015-11-17,0.0006279094383307982,0.0,0.0006279094383307982,2.3970301308992545,2.3970301308992545
2015-11-18,0.019194737125929118,0.0,0.019194737125929118,2.4430404941447974,2.4430404941447974
2015-11-19,0.0007040998702629864,0.0,0.0007040998702629864,2.4447606386397718,2.4447606386397718
2015-11-20,0.006771531123382468,0.0,0.006771531123382468,2.4613154113935414,2.4613154113935414
2015-11-23,-0.0028826580103838984,0.0,-0.0028826580103838984,2.4542202808068065,2.4542202808068065
2015-11-24,-0.0008758807666394697,0.0,-0.0008758807666394697,2.4520706764657514,2.4520706764657514
2015-11-25,0.0008766486062927736,0.0,0.0008766486062927736,2.4542202808068065,2.4542202808068065
2015-11-27,0.001401784924056848,0.0,0.001401784924056848,2.457660569796756,2.457660569796756
2015-11-30,-0.002537169577600862,0.0,-0.002537169577600862,2.4514250681669987,2.4514250681669987
2015-12-01,0.0099982922441193,0.0,0.0099982922441193,2.4759351324130923,2.4759351324130923
2015-12-02,-0.006165265466714365,0.0,-0.006165265466714365,2.460670335043401,2.460670335043401
2015-12-03,-0.01695055832542658,0.0,-0.01695055832542658,2.418960599009601,2.418960599009601
2015-12-04,0.023375626270288885,0.0,0.023375626270288885,2.475505317934603,2.475505317934603
2015-12-07,-0.004516378344906702,0.0,-0.004516378344906702,2.4643249993239817,2.4643249993239817
2015-12-08,8.720734452771772e-05,0.0,8.720734452771772e-05,2.464539906563226,2.464539906563226
2015-12-09,-0.015179158053413966,0.0,-0.015179158053413966,2.427130265792557,2.427130265792557
2015-12-10,0.0045177042590205385,0.0,0.0045177042590205385,2.4380953225315256,2.4380953225315256
2015-12-11,-0.02301587797980298,0.0,-0.02301587797980298,2.3819804180850115,2.3819804180850115
2015-12-14,0.00758215383341887,0.0,0.00758215383341887,2.4000409600431234,2.4000409600431234
2015-12-15,0.006091446464016936,0.0,0.006091446464016936,2.414660681062674,2.414660681062674
2015-12-16,0.01486933704454807,0.0,0.01486933704454807,2.4505650845776126,2.4505650845776126
2015-12-17,-0.014563999319552212,0.0,-0.014563999319552212,2.414875056353306,2.414875056353306
2015-12-18,-0.01918227374750281,0.0,-0.01918227374750281,2.3685522619563204,2.3685522619563204
2015-12-21,0.011108276310419107,0.0,0.011108276310419107,2.3948627949377994,2.3948627949377994
2015-12-22,0.006573440138840203,0.0,0.006573440138840203,2.4106052821610584,2.4106052821610584
2015-12-23,0.007425550307202267,0.0,0.007425550307202267,2.428505352954553,2.428505352954553
2015-12-24,-0.00017793643675312332,0.0,-0.00017793643675312332,2.4280732333654123,2.4280732333654123
2015-12-28,-0.0005327358707237773,0.0,-0.0005327358707237773,2.4267797116572543,2.4267797116572543
2015-12-29,0.015729455355296684,0.0,0.015729455355296684,2.464951634788907,2.464951634788907
2015-12-30,-0.009011724391836617,0.0,-0.009011724391836617,2.442738170016982,2.442738170016982
2015-12-31,-0.01244816229764878,0.0,-0.01244816229764878,2.4123305688259493,2.4123305688259493
2016-01-04,-0.02109795730616859,0.0,-0.02109795730616859,2.361435321476494,2.361435321476494
2016-01-05,-0.0017350657409478387,0.0,-0.0017350657409478387,2.357338075950736,2.357338075950736
2016-01-06,-0.009605293720491681,0.0,-0.009605293720491681,2.3346951513327303,2.3346951513327303
2016-01-07,-0.03131380134619943,0.0,-0.03131380134619943,2.261586971159962,2.261586971159962
2016-01-08,-0.008200608065738413,0.0,-0.008200608065738413,2.243040582802899,2.243040582802899
2016-01-11,0.0030763765255301667,0.0,0.0030763765255301667,2.2499410201976455,2.2499410201976455
2016-01-12,0.011597887060487588,0.0,0.011597887060487588,2.276035582042656,2.276035582042656
2016-01-13,-0.03448933225210571,0.0,-0.03448933225210571,2.197536634635972,2.197536634635972
2016-01-14,0.021295583322662237,0.0,0.021295583322662237,2.2443344591434653,2.2443344591434653
2016-01-15,-0.031036693295949713,0.0,-0.031036693295949713,2.174677738881498,2.174677738881498
2016-01-19,0.002181434810738958,0.0,0.002181434810738958,2.179421656603233,2.179421656603233
2016-01-20,-0.0030673266857910164,0.0,-0.0030673266857910164,2.1727366583963432,2.1727366583963432
2016-01-21,0.0009923729285234995,0.0,0.0009923729285234995,2.1748928234369465,2.1748928234369465
2016-01-22,0.028953779581265326,0.0,0.028953779581265326,2.2378641908596157,2.2378641908596157
2016-01-25,-0.014840317781330659,0.0,-0.014840317781330659,2.2046535751157985,2.2046535751157985
2016-01-26,0.008999185906286122,0.0,0.008999185906286122,2.224493662497224,2.224493662497224
2016-01-27,-0.02491505019111062,0.0,-0.02491505019111062,2.1690702912462982,2.1690702912462982
2016-01-28,0.014118048872124866,0.0,0.014118048872124866,2.1996933316251877,2.1996933316251877
2016-01-29,0.020882458112879698,0.0,0.020882458112879698,2.2456283354840316,2.2456283354840316
2016-02-01,0.0026890828495087504,0.0,0.0026890828495087504,2.2516670161273526,2.2516670161273526
2016-02-02,-0.02164554084203163,0.0,-0.02164554084203163,2.2029284657671124,2.2029284657671124
2016-02-03,-0.004796627485998739,0.0,-0.004796627485998739,2.192361838538525,2.192361838538525
2016-02-04,-9.859159600056344e-05,0.0,-9.859159600056344e-05,2.1921456900858525,2.1921456900858525
2016-02-05,-0.03472699568176385,0.0,-0.03472699568176385,2.1160190561724437,2.1160190561724437
2016-02-08,-0.015287267679946481,0.0,-0.015287267679946481,2.0836709064448677,2.0836709064448677
2016-02-09,-0.0031050554247458173,0.0,-0.0031050554247458173,2.077200992793426,2.077200992793426
2016-02-10,0.0038415931612589826,0.0,0.0038415931612589826,2.0851807539219016,2.0851807539219016
2016-02-11,-0.0014481693965325837,0.0,-0.0014481693965325837,2.082161058967833,2.082161058967833
2016-02-12,0.01522527635173132,0.0,0.01522527635173132,2.1138625364994317,2.1138625364994317
2016-02-16,0.02254645814692191,0.0,0.02254645814692191,2.161522649706962,2.161522649706962
2016-02-17,0.02264767274408208,0.0,0.02264767274408208,2.2104761073064467,2.2104761073064467
2016-02-18,-0.011414538160696486,0.0,-0.011414538160696486,2.1852445434262893,2.1852445434262893
2016-02-19,0.0029603218046612145,0.0,0.0029603218046612145,2.1917135704967112,2.1917135704967112
2016-02-22,0.016235775937845753,0.0,0.016235775937845753,2.2272977409472317,2.2272977409472317
2016-02-23,-0.01646025929286965,0.0,-0.01646025929286965,2.1906358426088173,2.1906358426088173
2016-02-24,0.009549146162708189,0.0,0.009549146162708189,2.2115545444591564,2.2115545444591564
2016-02-25,0.009848724104475126,0.0,0.009848724104475126,2.233335535009533,2.233335535009533
2016-02-26,-0.001255159300985298,0.0,-0.001255159300985298,2.2305323431405446,2.2305323431405446
2016-02-29,-0.008991681244065242,0.0,-0.008991681244065242,2.2104761073064467,2.2104761073064467
2016-03-01,0.03209766815240611,0.0,0.03209766815240611,2.2814272358575916,2.2814272358575916
2016-03-02,0.00037819336733080355,0.0,0.00037819336733080355,2.2822900565062407,2.2822900565062407
2016-03-03,-0.0018900188792119188,0.0,-0.0018900188792119188,2.2779764852116062,2.2779764852116062
2016-03-04,0.00037868842722721396,0.0,0.00037868842722721396,2.2788391285440515,2.2788391285440515
2016-03-07,-0.006150948992665439,0.0,-0.006150948992665439,2.264822105301887,2.264822105301887
2016-03-08,-0.008284096493584414,0.0,-0.008284096493584414,2.246060100440763,2.246060100440763
2016-03-09,0.00643294816379214,0.0,0.00643294816379214,2.2605088886396603,2.2605088886396603
2016-03-10,-0.0015263802017843053,0.0,-0.0015263802017843053,2.2570584926260833,2.2570584926260833
2016-03-11,0.01748510861376973,0.0,0.01748510861376973,2.2965234055172816,2.2965234055172816
2016-03-14,0.0016902968759542336,0.0,0.0016902968759542336,2.300405211855183,2.300405211855183
2016-03-15,-0.00037515041280800077,0.0,-0.00037515041280800077,2.29954221389033,2.29954221389033
2016-03-16,0.00890936844666923,0.0,0.00890936844666923,2.3200296827325486,2.3200296827325486
2016-03-17,-0.0005578510407028281,0.0,-0.0005578510407028281,2.318735451759575,2.318735451759575
2016-03-18,0.0015671983114573518,0.0,0.0015671983114573518,2.3223693700442887,2.3223693700442887
2016-03-21,0.0039117124074039555,0.0,0.0039117124074039555,2.331453811123666,2.331453811123666
2016-03-22,0.003061626644304871,0.0,0.003061626644304871,2.3385918522317684,2.3385918522317684
2016-03-23,-0.008231440230219156,0.0,-0.008231440230219156,2.319341873177245,2.319341873177245
2016-03-24,0.00027950516881958265,0.0,0.00027950516881958265,2.3199901412190576,2.3199901412190576
2016-03-28,-0.0013985875022881622,0.0,-0.0013985875022881622,2.316745432002117,2.316745432002117
2016-03-29,0.016058408574077143,0.0,0.016058408574077143,2.3539486767113336,2.3539486767113336
2016-03-30,0.0048701251010419,0.0,0.0048701251010419,2.3654127012483497,2.3654127012483497
2016-03-31,-0.0014634842574431373,0.0,-0.0014634842574431373,2.361950956997717,2.361950956997717
2016-04-01,0.010622977609272999,0.0,0.010622977609272999,2.3870419091281043,2.3870419091281043
2016-04-04,-0.0038057317069456476,0.0,-0.0038057317069456476,2.377957468048727,2.377957468048727
2016-04-05,-0.009641610549086077,0.0,-0.009641610549086077,2.3550301282395107,2.3550301282395107
2016-04-06,0.01644012646737636,0.0,0.01644012646737636,2.39374712138225,2.39374712138225
2016-04-07,-0.014367018724169234,0.0,-0.014367018724169234,2.3593561116684247,2.3593561116684247
2016-04-08,-0.0007332071990485689,0.0,-0.0007332071990485689,2.35762621478223,2.35762621478223
2016-04-11,-0.003670004495279766,0.0,-0.003670004495279766,2.3489737159757897,2.3489737159757897
2016-04-12,0.008379548788997493,0.0,0.008379548788997493,2.3686570558328817,2.3686570558328817
2016-04-13,0.012784260725047458,0.0,0.012784260725047458,2.3989385852028726,2.3989385852028726
2016-04-14,8.995387443233582e-05,0.0,8.995387443233582e-05,2.3991543790231367,2.3991543790231367
2016-04-15,-0.0025240989291278604,0.0,-0.0025240989291278604,2.393098676024232,2.393098676024232
2016-04-18,0.005332603845179973,0.0,0.005332603845179973,2.4058601232258936,2.4058601232258936
2016-04-19,-0.006113416298458629,0.0,-0.006113416298458629,2.391152098736753,2.391152098736753
2016-04-20,0.000814075059678121,0.0,0.000814075059678121,2.3930986760242314,2.3930986760242314
2016-04-21,9.032157964816712e-05,0.0,9.032157964816712e-05,2.393314824476904,2.393314824476904
2016-04-22,-0.015092713877594588,0.0,-0.015092713877594588,2.357193208612068,2.357193208612068
2016-04-25,0.0,0.0,0.0,2.357193208612068,2.357193208612068
2016-04-26,-0.00486349689594201,0.0,-0.00486349689594201,2.3457290067588477,2.3457290067588477
2016-04-27,-0.00802187726985859,0.0,-0.00802187726985859,2.3269118565582807,2.3269118565582807
2016-04-28,-0.012083867416711414,0.0,-0.012083867416711414,2.298793762193257,2.298793762193257
2016-04-29,-0.0052690546208359335,0.0,-0.0052690546208359335,2.2866812922982236,2.2866812922982236
2016-05-02,0.009458931852468266,0.0,0.009458931852468266,2.3083108548103866,2.3083108548103866
2016-05-03,-0.009276813236515968,0.0,-0.009276813236515968,2.286897086118488,2.286897086118488
2016-05-04,-0.006431432607273413,0.0,-0.006431432607273413,2.272189061629347,2.272189061629347
2016-05-05,-0.0002853055024162332,0.0,-0.0002853055024162332,2.2715407935875342,2.2715407935875342
2016-05-06,0.005332036290350839,0.0,0.005332036290350839,2.283652731533955,2.283652731533955
2016-05-09,0.002841295334997218,0.0,0.002841295334997218,2.290141263386816,2.290141263386816
2016-05-10,0.0136950123331685,0.0,0.0136950123331685,2.3215047762335965,2.3215047762335965
2016-05-11,-0.009037570258966676,0.0,-0.009037570258966676,2.3005240137118586,2.3005240137118586
2016-05-12,-0.004418946529991641,0.0,-0.004418946529991641,2.2903581211043043,2.2903581211043043
2016-05-13,-0.00368326491985127,0.0,-0.00368326491985127,2.2819221253829443,2.2819221253829443
2016-05-16,0.012511864545067697,0.0,0.012511864545067697,2.3104732259181286,2.3104732259181286
2016-05-17,-0.01254450895505177,0.0,-0.01254450895505177,2.281489473845191,2.281489473845191
2016-05-18,0.0036027647932252993,0.0,0.0036027647932252993,2.289709143797675,2.289709143797675
2016-05-19,-0.005195947291212866,0.0,-0.005195947291212866,2.277811935774294,2.277811935774294
2016-05-20,0.011015452615960708,0.0,0.011015452615960708,2.3029030652208853,2.3029030652208853
2016-05-23,-0.001314951626750216,0.0,-0.001314951626750216,2.2998748590890252,2.2998748590890252
2016-05-24,0.020031807631981424,0.0,0.020031807631981424,2.345945509843927,2.345945509843927
2016-05-25,0.0071919036719818585,0.0,0.0071919036719818585,2.362817323970443,2.362817323970443
2016-05-26,0.002928907815086035,0.0,0.002928907815086035,2.369737798096241,2.369737798096241
2016-05-27,0.005202898370710196,0.0,0.005202898370710196,2.382067303024966,2.382067303024966
2016-05-31,0.0019070258109121774,0.0,0.0019070258109121774,2.386609966855165,2.386609966855165
2016-06-01,9.049284946760494e-05,0.0,9.049284946760494e-05,2.3868259379916332,2.3868259379916332
2016-06-02,0.002084267369544701,0.0,0.002084267369544701,2.391800721410972,2.391800721410972
2016-06-03,-0.00470253284533706,0.0,-0.00470253284533706,2.3805531999590364,2.3805531999590364
2016-06-06,0.0036342119593737454,0.0,0.0036342119593737454,2.389204634868253,2.389204634868253
2016-06-07,-0.002534758866164055,0.0,-0.002534758866164055,2.3831485772369403,2.3831485772369403
2016-06-08,0.0017245399701459885,0.0,0.0017245399701459885,2.387258412213182,2.387258412213182
2016-06-09,-0.0016308056786145109,0.0,-0.0016308056786145109,2.3833652576382245,2.3833652576382245
2016-06-10,-0.011344191585831442,0.0,-0.011344191585831442,2.356327905536562,2.356327905536562
2016-06-13,-0.008353170143354016,0.0,-0.008353170143354016,2.336645097628082,2.336645097628082
2016-06-14,0.0,0.0,0.0,2.336645097628082,2.336645097628082
2016-06-15,-0.002869893046988037,0.0,-0.002869893046988037,2.3299391761091206,2.3299391761091206
2016-06-16,0.0029707708296422553,0.0,0.0029707708296422553,2.3368608914483464,2.3368608914483464
2016-06-17,-0.011721093917168579,0.0,-0.011721093917168579,2.309470325468322,2.309470325468322
2016-06-20,0.0062915622583656905,0.0,0.0062915622583656905,2.3240005018048544,2.3240005018048544
2016-06-21,0.0031728454178421295,0.0,0.0031728454178421295,2.3313741961480687,2.3313741961480687
2016-06-22,-0.0024185212224685504,0.0,-0.0024185212224685504,2.325735718177169,2.325735718177169
2016-06-23,0.014267189923269585,0.0,0.014267189923269585,2.3589174313797345,2.3589174313797345
2016-06-24,-0.04118788425649855,0.0,-0.04118788425649855,2.261758613245429,2.261758613245429
2016-06-27,-0.019848441967432073,0.0,-0.019848441967432073,2.2168662286660874,2.2168662286660874
2016-06-28,0.021913190122195614,0.0,0.021913190122195614,2.265444839810322,2.265444839810322
2016-06-29,0.01771013655832565,0.0,0.01771013655832565,2.3055661772887173,2.3055661772887173
2016-06-30,0.01157017509386038,0.0,0.01157017509386038,2.33224198165043,2.33224198165043
2016-07-01,0.005021359747969578,0.0,0.005021359747969578,2.3439530076596142,2.3439530076596142
2016-07-05,-0.006106638317695423,0.0,-0.006106638317695423,2.3296393344081627,2.3296393344081627
2016-07-06,0.008192363521308144,0.0,0.008192363521308144,2.3487245867091726,2.3487245867091726
2016-07-07,0.0029547861624599214,0.0,0.0029547861624599214,2.3556645656174102,2.3556645656174102
2016-07-08,0.0154667941678448,0.0,0.0154667941678448,2.3920991445823003,2.3920991445823003
2016-07-11,0.005711390996861132,0.0,0.005711390996861132,2.405761358100267,2.405761358100267
2016-07-12,0.005048264126228608,0.0,0.005048264126228608,2.417906276860631,2.417906276860631
2016-07-13,-0.002421288684096301,0.0,-0.002421288684096301,2.412051827753263,2.412051827753263
2016-07-14,0.006832775740253538,0.0,0.006832775740253538,2.42853283696617,2.42853283696617
2016-07-15,-0.0016072509044026129,0.0,-0.0016072509044026129,2.4246295753675846,2.4246295753675846
2016-07-18,0.00661867111148684,0.0,0.00661867111148684,2.440677401094127,2.440677401094127
2016-07-19,-0.0036430546066604785,0.0,-0.0036430546066604785,2.4317858800446985,2.4317858800446985
2016-07-20,0.011682973002907993,0.0,0.011682973002907993,2.4601963688301134,2.4601963688301134
2016-07-21,-0.002292025415023713,0.0,-0.002292025415023713,2.4545575362268055,2.4545575362268055
2016-07-22,0.004152836700191287,0.0,0.004152836700191287,2.4647509128459792,2.4647509128459792
2016-07-25,8.783974232517977e-05,0.0,8.783974232517977e-05,2.4649674159310595,2.4649674159310595
2016-07-26,0.0011437585849332077,0.0,0.0011437585849332077,2.4677867435746115,2.4677867435746115
2016-07-27,0.006942658614895736,0.0,0.006942658614895736,2.4849197444696154,2.4849197444696154
2016-07-28,0.0034909942936589555,0.0,0.0034909942936589555,2.4935945851177594,2.4935945851177594
2016-07-29,0.002174503245470971,0.0,0.002174503245470971,2.4990169146359866,2.4990169146359866
2016-08-01,0.005293693673749766,0.0,0.005293693673749766,2.5122459446675887,2.5122459446675887
2016-08-02,-0.007596817909216069,0.0,-0.007596817909216069,2.4931608696827823,2.4931608696827823
2016-08-03,0.0033054216425318916,0.0,0.0033054216425318916,2.5014018175797452,2.5014018175797452
2016-08-04,0.0028614138841025483,0.0,0.0028614138841025483,2.508559363470287,2.508559363470287
2016-08-05,0.009596124455005128,0.0,0.009596124455005128,2.5326318113249164,2.5326318113249164
2016-08-08,-0.0011131307419980363,0.0,-0.0011131307419980363,2.5298126609975684,2.5298126609975684
2016-08-09,0.002314393135209869,0.0,0.002314393135209869,2.535667642053548,2.535667642053548
2016-08-10,-0.002565757725087381,0.0,-0.002565757725087381,2.529161733212695,2.529161733212695
2016-08-11,0.0042874966488049004,0.0,0.0042874966488049004,2.5400055056681303,2.5400055056681303
2016-08-12,0.0006830149525405282,0.0,0.0006830149525405282,2.5417403674080368,2.5417403674080368
2016-08-15,0.004266139044754036,0.0,0.004266139044754036,2.5525837852310636,2.5525837852310636
2016-08-16,-0.00552235882203389,0.0,-0.00552235882203389,2.538487501645712,2.538487501645712
2016-08-17,0.0017939864050156018,0.0,0.0017939864050156018,2.5430415137129665,2.5430415137129665
2016-08-18,0.0002559642779571547,0.0,0.0002559642779571547,2.5436924414978392,2.5436924414978392
2016-08-19,-0.00025589877701159836,0.0,-0.00025589877701159836,2.5430415137129665,2.5430415137129665
2016-08-22,0.000767335025584126,0.0,0.000767335025584126,2.5449928785379528,2.5449928785379528
2016-08-23,0.0017894703839307358,0.0,0.0017894703839307358,2.549547067921411,2.549547067921411
2016-08-24,-0.006464497701921479,0.0,-0.006464497701921479,2.5330655267598927,2.5330655267598927
2016-08-25,-0.0016268148365513602,0.0,-0.0016268148365513602,2.528944698179003,2.528944698179003
2016-08-26,0.0014579651142898609,0.0,0.0014579651142898609,2.5326318113249164,2.5326318113249164
2016-08-29,0.0013702171049527756,0.0,0.0013702171049527756,2.536102066753341,2.536102066753341
2016-08-30,-0.003249664102094263,0.0,-0.003249664102094263,2.527860586907766,2.527860586907766
2016-08-31,-0.001029584960399732,0.0,-0.001029584960399732,2.5252579396654986,2.5252579396654986
2016-09-01,0.002576193942907423,0.0,0.002576193942907423,2.5317634938739437,2.5317634938739437
2016-09-02,0.0032554430199069895,0.0,0.0032554430199069895,2.5400055056681308,2.5400055056681308
2016-09-06,0.006232930298198491,0.0,0.006232930298198491,2.5558371829420006,2.5558371829420006
2016-09-07,0.0005937973671168439,0.0,0.0005937973671168439,2.557354832332011,2.557354832332011
2016-09-08,-0.005851385540451948,0.0,-0.005851385540451948,2.5423907632442986,2.5423907632442986
2016-09-09,-0.025164150946686004,0.0,-0.025164150946686004,2.478413658312559,2.478413658312559
2016-09-12,0.017938500148132253,0.0,0.017938500148132253,2.5228726820893317,2.5228726820893317
2016-09-13,-0.008940125526247344,0.0,-0.008940125526247344,2.500317883624713,2.500317883624713
2016-09-14,0.004770617816637124,0.0,0.004770617816637124,2.5122459446675895,2.5122459446675895
2016-09-15,0.015538634526451434,0.0,0.015538634526451434,2.551282816242339,2.551282816242339
2016-09-16,-0.0004771925122892817,0.0,-0.0004771925122892817,2.5500653631856958,2.5500653631856958
2016-09-19,-0.004348307685375641,0.0,-0.004348307685375641,2.538976894368745,2.538976894368745
2016-09-20,0.0018840105421344955,0.0,0.0018840105421344955,2.5437603536039717,2.5437603536039717
2016-09-21,0.00982901106441636,0.0,0.00982901106441636,2.568763002264769,2.568763002264769
2016-09-22,0.007955943660844067,0.0,0.007955943660844067,2.589199935988848,2.589199935988848
2016-09-23,-0.006381726212871808,0.0,-0.006381726212871808,2.572676370886982,2.572676370886982
2016-09-26,-0.008366476611890272,0.0,-0.008366476611890272,2.5511521341999934,2.5511521341999934
2016-09-27,0.009885814062206233,0.0,0.009885814062206233,2.576372349843095,2.576372349843095
2016-09-28,0.0016879081563232479,0.0,0.0016879081563232479,2.5807210297461207,2.5807210297461207
2016-09-29,-0.007245190851611016,0.0,-0.007245190851611016,2.562023213350844,2.562023213350844
2016-09-30,0.0074674914586894126,0.0,0.0074674914586894126,2.5811550998135053,2.5811550998135053
2016-10-03,-0.0014316341127907917,0.0,-0.0014316341127907917,2.5774598301222085,2.5774598301222085
2016-10-04,-0.0015183732032136854,0.0,-0.0015183732032136854,2.573546284183791,2.573546284183791
2016-10-05,0.003547844990599014,0.0,0.003547844990599014,2.5826768274762073,2.5826768274762073
2016-10-06,-0.0005048960637742406,0.0,-0.0005048960637742406,2.5813728441120136,2.5813728441120136
2016-10-07,-0.0021896521642366107,0.0,-0.0021896521642366107,2.575720535477202,2.575720535477202
2016-10-10,0.00633065501282748,0.0,0.00633065501282748,2.5920265335967634,2.5920265335967634
2016-10-11,-0.014259305738918426,0.0,-0.014259305738918426,2.5550660347708183,2.5550660347708183
2016-10-12,-0.0008508181907704859,0.0,-0.0008508181907704859,2.5528921381098155,2.5528921381098155
2016-10-13,-0.0035770349908340604,0.0,-0.0035770349908340604,2.5437603536039717,2.5437603536039717
2016-10-14,0.0011966486032000123,0.0,0.0011966486032000123,2.5468043408779875,2.5468043408779875
2016-10-17,-0.002731659103982431,0.0,-0.002731659103982431,2.539847339614166,2.539847339614166
2016-10-18,0.008902576412692875,0.0,0.008902576412692875,2.562458524631656,2.562458524631656
2016-10-19,-8.504395783093255e-05,0.0,-8.504395783093255e-05,2.5622406030169436,2.5622406030169436
2016-10-20,-0.0011879485299811643,0.0,-0.0011879485299811643,2.5591967930591317,2.5591967930591317
2016-10-21,0.00373797327020009,0.0,0.00373797327020009,2.5687630022647685,2.5687630022647685
2016-10-24,0.012018578157308335,0.0,0.012018578157308335,2.5996358811750895,2.5996358811750895
2016-10-25,-0.003177815017880392,0.0,-0.003177815017880392,2.5913747192308705,2.5913747192308705
2016-10-26,-0.006796229506637497,0.0,-0.006796229506637497,2.573763141901279,2.573763141901279
2016-10-27,-0.004561386539152612,0.0,-0.004561386539152612,2.5620232133508436,2.5620232133508436
2016-10-28,-0.006279926596462926,0.0,-0.006279926596462926,2.545933895632566,2.545933895632566
2016-10-31,-0.0009390480964931447,0.0,-0.0009390480964931447,2.5435431412540748,2.5435431412540748
2016-11-01,-0.007522304096977073,0.0,-0.007522304096977073,2.5244098362617815,2.5244098362617815
2016-11-02,-0.00800947181203826,0.0,-0.00800947181203826,2.5041906468362107,2.5041906468362107
2016-11-03,-0.00981077326354518,0.0,-0.00981077326354518,2.4796226001914103,2.4796226001914103
2016-11-04,-0.0035070331234891006,0.0,-0.0035070331234891006,2.470926481598787,2.470926481598787
2016-11-07,0.023756700864619784,0.0,0.023756700864619784,2.529627542880597,2.529627542880597
2016-11-08,0.006532155210271506,0.0,0.006532155210271506,2.546151462614871,2.546151462614871
2016-11-09,0.004611339873632492,0.0,0.004611339873632492,2.5578926323787345,2.5578926323787345
2016-11-10,-0.016149761535048768,0.0,-0.016149761535048768,2.51658327633356,2.51658327633356
2016-11-11,0.00043191431045541684,0.0,0.00043191431045541684,2.517670224664061,2.517670224664061
2016-11-14,-0.0101035583388972,0.0,-0.0101035583388972,2.4922327966710633,2.4922327966710633
2016-11-15,0.013870566423972885,0.0,0.013870566423972885,2.526801477221293,2.526801477221293
2016-11-16,0.005937085906591033,0.0,0.005937085906591033,2.541803314660457,2.541803314660457
2016-11-17,0.0072703873954280684,0.0,0.0072703873954280684,2.560283209441022,2.560283209441022
2016-11-18,-0.003736317862866878,0.0,-0.003736317862866878,2.550717177551589,2.550717177551589
2016-11-21,0.010399139166805016,0.0,0.010399139166805016,2.577242440456108,2.577242440456108
2016-11-22,0.003036933754375637,0.0,0.003036933754375637,2.5850693550167385,2.5850693550167385
2016-11-23,-0.0040373507762982985,0.0,-0.0040373507762982985,2.574632523249477,2.574632523249477
2016-11-25,0.003208951621028744,0.0,0.003208951621028744,2.5828943944585117,2.5828943944585117
2016-11-28,-0.002272596057240839,0.0,-0.002272596057240839,2.577024518841396,2.577024518841396
2016-11-29,0.0034591812280280188,0.0,0.0034591812280280188,2.5859389136811397,2.5859389136811397
2016-11-30,-0.01210695093882097,0.0,-0.01210695093882097,2.554631078122414,2.554631078122414
2016-12-01,-0.017276771082470832,0.0,-0.017276771082470832,2.5104953017855274,2.5104953017855274
2016-12-02,0.0019919063706537177,0.0,0.0019919063706537177,2.5154959733706503,2.5154959733706503
2016-12-05,0.00777873439942689,0.0,0.00777873439942689,2.5350633484303287,2.5350633484303287
2016-12-06,0.0024013679655749964,0.0,0.0024013679655749964,2.5411509683459523,2.5411509683459523
2016-12-07,0.012662736914321737,0.0,0.012662736914321737,2.573328894517691,2.573328894517691
2016-12-08,0.0017741757107847533,0.0,0.0017741757107847533,2.577894432138205,2.577894432138205
2016-12-09,0.007843708831018148,0.0,0.007843708831018148,2.5981146854609998,2.5981146854609998
2016-12-12,-0.0045189066829697255,0.0,-0.0045189066829697255,2.5863740476457484,2.5863740476457484
2016-12-13,0.01260901981150031,0.0,0.01260901981150031,2.618985689252464,2.618985689252464
2016-12-14,-0.002075335357281216,0.0,-0.002075335357281216,2.613550415651345,2.613550415651345
2016-12-15,0.0015805160151403097,0.0,0.0015805160151403097,2.6176811739396584,2.6176811739396584
2016-12-16,-0.003706752912356781,0.0,-0.003706752912356781,2.607978076624536,2.607978076624536
2016-12-19,0.004096868221405536,0.0,0.004096868221405536,2.6186626191287816,2.6186626191287816
2016-12-20,0.0038304963712529894,0.0,0.0038304963712529894,2.6286933967888904,2.6286933967888904
2016-12-21,-0.0007464473094608293,0.0,-0.0007464473094608293,2.6267312156754596,2.6267312156754596
2016-12-22,-0.0028224310736760794,0.0,-0.0028224310736760794,2.6193174478701424,2.6193174478701424
2016-12-23,0.0006657859923502318,0.0,0.0006657859923502318,2.621061352736453,2.621061352736453
2016-12-27,0.005157947425927567,0.0,0.005157947425927567,2.6345806493939983,2.6345806493939983
2016-12-28,-0.0077800697572696365,0.0,-0.0077800697572696365,2.6140834281605603,2.6140834281605603
2016-12-29,-0.001418009541939158,0.0,-0.001418009541939158,2.6103766329160036,2.6103766329160036
2016-12-30,-0.010274908466075483,0.0,-0.010274908466075483,2.5835552519508096,2.5835552519508096
2017-01-03,0.008946607104520998,0.0,0.008946607104520998,2.606669305722835,2.606669305722835
2017-01-04,0.0054375704856706175,0.0,0.0054375704856706175,2.6208432538055373,2.6208432538055373
2017-01-05,0.005657746810197928,0.0,0.005657746810197928,2.6356713213647844,2.6356713213647844
2017-01-06,0.008769702650198719,0.0,0.008769702650198719,2.65878537513681,2.65878537513681
2017-01-09,0.0032807146093070116,0.0,0.0032807146093070116,2.667508091160033,2.667508091160033
2017-01-10,0.0022070898082078294,0.0,0.0022070898082078294,2.6733955210813445,2.6733955210813445
2017-01-11,0.0026915177726065664,0.0,0.0026915177726065664,2.6805910126395416,2.6805910126395416
2017-01-12,-0.001545618262188242,0.0,-0.001545618262188242,2.676447842216948,2.676447842216948
2017-01-13,0.0034220408634861865,0.0,0.0034220408634861865,2.685606756102004,2.685606756102004
2017-01-17,-0.0030041868861607757,0.0,-0.0030041868861607757,2.6775386915039374,2.6775386915039374
2017-01-18,0.002035977815364909,0.0,0.002035977815364909,2.6829901008796204,2.6829901008796204
2017-01-19,-0.000487935282981633,0.0,-0.000487935282981633,2.6816809753455106,2.6816809753455106
2017-01-20,0.0021956235376450195,0.0,0.0021956235376450195,2.687568937215434,2.687568937215434
2017-01-23,0.0008113121603532392,0.0,0.0008113121603532392,2.6897493945759843,2.6897493945759843
2017-01-24,0.006728821017553566,0.0,0.006728821017553566,2.707848236834159,2.707848236834159
2017-01-25,0.010066270734323979,0.0,0.010066270734323979,2.7351061702935935,2.7351061702935935
2017-01-26,0.0010363032893114799,0.0,0.0010363032893114799,2.737940569814485,2.737940569814485
2017-01-27,0.0019114687216623683,0.0,0.0019114687216623683,2.7431740575754557,2.7431740575754557
2017-01-30,-0.0077901707382705965,0.0,-0.0077901707382705965,2.721804263302148,2.721804263302148
2017-01-31,-0.002002670618370561,0.0,-0.002002670618370561,2.7163533858750775,2.7163533858750775
2017-02-01,0.006903661547142503,0.0,0.006903661547142503,2.7351061702935935,2.7351061702935935
2017-02-02,-0.0008771462936744134,0.0,-0.0008771462936744134,2.7327070820535146,2.7327070820535146
2017-02-03,0.0028729212507732083,0.0,0.0028729212507732083,2.740557934301685,2.740557934301685
2017-02-06,0.0011933409710433995,0.0,0.0011933409710433995,2.743828354368205,2.743828354368205
2017-02-07,0.0036557598962558835,0.0,0.0036557598962558835,2.7538591320283143,2.7538591320283143
2017-02-08,0.0016626337078604614,0.0,0.0016626337078604614,2.758437791047924,2.758437791047924
2017-02-09,0.0036364622790721057,0.0,0.0036364622790721057,2.7684687460242365,2.7684687460242365
2017-02-10,0.003308039736186874,0.0,0.003308039736186874,2.777626950644476,2.777626950644476
2017-02-13,0.005652601373153043,0.0,0.005652601373153043,2.793327768559796,2.793327768559796
2017-02-14,0.0033566151242558906,0.0,0.0033566151242558906,2.802703894794748,2.802703894794748
2017-02-15,0.005912978209629438,0.0,0.005912978209629438,2.8192762218527125,2.8192762218527125
2017-02-16,-0.0003093767119023427,0.0,-0.0003093767119023427,2.8184040034452513,2.8184040034452513
2017-02-17,0.00433255146292888,0.0,0.00433255146292888,2.8306148838335026,2.8306148838335026
2017-02-21,0.004930261589199958,0.0,0.004930261589199958,2.8445705556690846,2.8445705556690846
2017-02-22,0.00038336003035954747,0.0,0.00038336003035954747,2.845661050323666,2.845661050323666
2017-02-23,-0.0037547408603826327,0.0,-0.0037547408603826327,2.834976330503216,2.834976330503216
2017-02-24,0.0019227241400294748,0.0,0.0019227241400294748,2.840427207930287,2.840427207930287
2017-02-27,0.0012286039934843451,0.0,0.0012286039934843451,2.8439169681411514,2.8439169681411514
2017-02-28,-0.0030670239280987666,0.0,-0.0030670239280987666,2.835194606750336,2.835194606750336
2017-03-01,0.010921428108624287,0.0,0.010921428108624287,2.8661589808219192,2.8661589808219192
2017-03-02,-0.005021370799707436,0.0,-0.005021370799707436,2.851766933808301,2.851766933808301
2017-03-03,0.001834987196997373,0.0,0.001834987196997373,2.8569998896206594,2.8569998896206594
2017-03-06,-0.002213194287302378,0.0,-0.002213194287302378,2.8506767937861275,2.8506767937861275
2017-03-07,-0.0016827977810008887,0.0,-0.0016827977810008887,2.8458796812031935,2.8458796812031935
2017-03-08,0.0017623334054424067,0.0,0.0017623334054424067,2.8508950700332476,2.8508950700332476
2017-03-09,0.0007647081616781737,0.0,0.0007647081616781737,2.85307517276139,2.85307517276139
2017-03-10,0.004203706525735651,0.0,0.004203706525735651,2.8650686634835414,2.8650686634835414
2017-03-13,0.0016742209398548091,0.0,0.0016742209398548091,2.8698654214340675,2.8698654214340675
2017-03-14,-0.0024315084045334334,0.0,-0.0024315084045334334,2.862887319541971,2.862887319541971
2017-03-15,0.006170202632149957,0.0,0.006170202632149957,2.8805519144165577,2.8805519144165577
2017-03-16,-0.0006816747975396664,0.0,-0.0006816747975396664,2.8785883147734954,2.8785883147734954
2017-03-17,-0.0003493856707154075,0.0,-0.0003493856707154075,2.8775825772644246,2.8775825772644246
2017-03-20,0.000911357567228599,0.0,0.000911357567228599,2.8802050839215396,2.8802050839215396
2017-03-21,-0.015173369347301846,0.0,-0.015173369347301846,2.8365026683872214,2.8365026683872214
2017-03-22,0.006779204995279953,0.0,0.006779204995279953,2.855731901445877,2.855731901445877
2017-03-23,-0.002524944106933158,0.0,-0.002524944106933158,2.8485213380103405,2.8485213380103405
2017-03-24,0.0020710701178401347,0.0,0.0020710701178401347,2.8544208254335235,2.8544208254335235
2017-03-27,0.0016075375733488606,0.0,0.0016075375733488606,2.8590094141605573,2.8590094141605573
2017-03-28,0.006114318896839999,0.0,0.006114318896839999,2.8764903094478025,2.8764903094478025
2017-03-29,0.004634031128730287,0.0,0.004634031128730287,2.8898200550832747,2.8898200550832747
2017-03-30,0.0016636854418381475,0.0,0.0016636854418381475,2.8946278066384488,2.8946278066384488
2017-03-31,-0.0006797688847048899,0.0,-0.0006797688847048899,2.8926601287226945,2.8926601287226945
2017-04-03,-0.0006039757455894579,0.0,-0.0006039757455894579,2.8909130321647125,2.8909130321647125
2017-04-04,0.0015870001660971411,0.0,0.0015870001660971411,2.89550091162693,2.89550091162693
2017-04-05,-0.0040751176238962294,0.0,-0.0040751176238962294,2.883701404831952,2.883701404831952
2017-04-06,0.0005300360418358796,0.0,0.0005300360418358796,2.8852298705104054,2.8852298705104054
2017-04-07,-0.0005297552524587967,0.0,-0.0005297552524587967,2.8837014048319514,2.8837014048319514
2017-04-10,0.00037871136678280237,0.0,0.00037871136678280237,2.8847934953323686,2.8847934953323686
2017-04-11,-0.004317420815425299,0.0,-0.004317420815425299,2.8723386278474172,2.8723386278474172
2017-04-12,-0.004031801294934745,0.0,-0.004031801294934745,2.860757929248171,2.860757929248171
2017-04-13,-0.003972070303735364,0.0,-0.003972070303735364,2.849394797631229,2.849394797631229
2017-04-17,0.00828230105501282,0.0,0.00828230105501282,2.872994343169798,2.872994343169798
2017-04-18,-0.0015212316051048669,0.0,-0.0015212316051048669,2.868623853373681,2.868623853373681
2017-04-19,0.001600011076761998,0.0,0.001600011076761998,2.8732136833141424,2.8732136833141424
2017-04-20,0.008365332835346129,0.0,0.008365332835346129,2.897249072082136,2.897249072082136
2017-04-21,-0.00022644582445829897,0.0,-0.00022644582445829897,2.896593002127347,2.896593002127347
2017-04-24,0.012070153624422097,0.0,0.012070153624422097,2.93155532465045,2.93155532465045
2017-04-25,0.007230058034501274,0.0,0.007230058034501274,2.952750639779024,2.952750639779024
2017-04-26,-0.0014060987272870307,0.0,-0.0014060987272870307,2.9485987808624348,2.9485987808624348
2017-04-27,0.006002810865303632,0.0,0.006002810865303632,2.9662986616616167,2.9662986616616167
2017-04-28,0.0017681415785315568,0.0,0.0017681415785315568,2.9715434976596433,2.9715434976596433
2017-05-01,0.008897664299720498,0.0,0.008897664299720498,2.997983294153836,2.997983294153836
2017-05-02,0.0016761738569635032,0.0,0.0016761738569635032,3.00300843537511,3.00300843537511
2017-05-03,-0.0032013662815791877,0.0,-0.0032013662815791877,2.993394705426802,2.993394705426802
2017-05-04,0.00036489268008699227,0.0,0.00036489268008699227,2.9944869732434234,2.9944869732434234
2017-05-05,0.003648543247340763,0.0,0.003648543247340763,3.0054124884689006,3.0054124884689006
2017-05-08,0.002181191462709231,0.0,0.002181191462709231,3.0119678685306686,3.0119678685306686
2017-05-09,0.0034824284949472872,0.0,0.0034824284949472872,3.0224568312619056,3.0224568312619056
2017-05-10,0.0005783318791925396,0.0,0.0005783318791925396,3.0242048144009077,3.0242048144009077
2017-05-11,-0.0007944682029199512,0.0,-0.0007944682029199512,3.0218021798367487,3.0218021798367487
2017-05-12,0.002241418847822141,0.0,0.002241418847822141,3.028575304197025,3.028575304197025
2017-05-15,0.0031741065411747815,0.0,0.0031741065411747815,3.038188324880517,3.038188324880517
2017-05-16,0.004171983488554076,0.0,0.004171983488554076,3.0508635964070363,3.0508635964070363
2017-05-17,-0.025426397408312762,0.0,-0.025426397408312762,2.9732911261662367,2.9732911261662367
2017-05-18,0.008745729068881714,0.0,0.008745729068881714,2.9992947247985966,2.9992947247985966
2017-05-19,0.0042253745946632115,0.0,0.0042253745946632115,3.011967868530668,3.011967868530668
2017-05-22,0.008415427333666958,0.0,0.008415427333666958,3.037314865259628,3.037314865259628
2017-05-23,0.0010075093246277866,0.0,0.0010075093246277866,3.0403749883082076,3.0403749883082076
2017-05-24,0.004599854851927709,0.0,0.004599854851927709,3.054360271949857,3.054360271949857
2017-05-25,0.008513076543496645,0.0,0.008513076543496645,3.0803622747363812,3.0803622747363812
2017-05-26,0.0017734140096252737,0.0,0.0017734140096252737,3.08582503234912,3.08582503234912
2017-05-30,0.0008495111460988802,0.0,0.0008495111460988802,3.0884464751090115,3.0884464751090115
2017-05-31,-0.0003538921882719759,0.0,-0.0003538921882719759,3.087353498027574,3.087353498027574
2017-06-01,0.003892928667546869,0.0,0.003892928667546869,3.0993723449668966,3.0993723449668966
2017-06-02,0.011421704877846661,0.0,0.011421704877846661,3.134772461197668,3.134772461197668
2017-06-05,-0.00020962728878948234,0.0,-0.00020962728878948234,3.134115327345655,3.134115327345655
2017-06-06,-0.003973343577389654,0.0,-0.003973343577389654,3.121662410338948,3.121662410338948
2017-06-07,0.003919441342432162,0.0,0.003919441342432162,3.1338975830471467,3.1338975830471467
2017-06-08,0.001045826364080904,0.0,0.001045826364080904,3.137175095761827,3.137175095761827
2017-06-09,-0.025005106670345834,0.0,-0.025005106670345834,3.05872969784875,3.05872969784875
2017-06-12,-0.0053582167613460685,0.0,-0.0053582167613460685,3.0423403611133097,3.0423403611133097
2017-06-13,0.008116000548324953,0.0,0.008116000548324953,3.0670319971522964,3.0670319971522964
2017-06-14,-0.004345618109628968,0.0,-0.004345618109628968,3.0537038473626597,3.0537038473626597
2017-06-15,-0.0044364705706105845,0.0,-0.0044364705706105845,3.040156180112475,3.040156180112475
2017-06-16,-0.004338891249743182,0.0,-0.004338891249743182,3.0269652730647323,3.0269652730647323
2017-06-19,0.016721221167919742,0.0,0.016721221167919742,3.0775798288632603,3.0775798288632603
2017-06-20,-0.007831555415998115,0.0,-0.007831555415998115,3.0534775918863595,3.0534775918863595
2017-06-21,0.00990283569801198,0.0,0.00990283569801198,3.0837156787863713,3.0837156787863713
2017-06-22,-0.00028497410220218455,0.0,-0.00028497410220218455,3.0828368996793625,3.0828368996793625
2017-06-23,0.003838123999991172,0.0,0.003838123999991172,3.0946692099720803,3.0946692099720803
2017-06-26,-0.0046728243697812255,0.0,-0.0046728243697812255,3.080208364271311,3.080208364271311
2017-06-27,-0.01813948706352797,0.0,-0.01813948706352797,3.024334964494641,3.024334964494641
2017-06-28,0.014417892694302825,0.0,0.014417892694302825,3.067939501484353,3.067939501484353
2017-06-29,-0.01735490561193731,0.0,-0.01735490561193731,3.014695701012958,3.014695701012958
2017-06-30,0.0003632555270893789,0.0,0.0003632555270893789,3.0157908058888436,3.0157908058888436
2017-07-03,-0.010534700706997469,0.0,-0.010534700706997469,2.98402035235389,2.98402035235389
2017-07-05,0.009839437231680348,0.0,0.009839437231680348,3.013381433308933,3.013381433308933
2017-07-06,-0.009016149678535146,0.0,-0.009016149678535146,2.986212335267701,2.986212335267701
2017-07-07,0.010785711444038615,0.0,0.010785711444038615,3.018420759826527,3.018420759826527
2017-07-10,0.0065329974233401256,0.0,0.0065329974233401256,3.03814009487303,3.03814009487303
2017-07-11,0.002812765991223154,0.0,0.002812765991223154,3.0466856720084605,3.0466856720084605
2017-07-12,0.011865755631781605,0.0,0.011865755631781605,3.0828368996793634,3.0828368996793634
2017-07-13,0.002203484646181142,0.0,0.002203484646181142,3.0896298834544873,3.0896298834544873
2017-07-14,0.007872175628578004,0.0,0.007872175628578004,3.113951992524344,3.113951992524344
2017-07-17,0.0004920970646369316,0.0,0.0004920970646369316,3.115484359159286,3.115484359159286
2017-07-18,0.006681419661383803,0.0,0.006681419661383803,3.136300217611306,3.136300217611306
2017-07-19,0.005868740223383462,0.0,0.005868740223383462,3.154706348851008,3.154706348851008
2017-07-20,0.0013192879082810638,0.0,0.0013192879082810638,3.1588683147912247,3.1588683147912247
2017-07-21,-0.000416056502853146,0.0,-0.000416056502853146,3.1575540470871992,3.1575540470871992
2017-07-24,0.004579761893263257,0.0,0.004579761893263257,3.1720148927879683,3.1720148927879683
2017-07-25,-0.002555868037562692,0.0,-0.002555868037562692,3.1639076413088185,3.1639076413088185
2017-07-26,0.003255113906008855,0.0,0.003255113906008855,3.1742065210693706,3.1742065210693706
2017-07-27,-0.006281635113250972,0.0,-0.006281635113250972,3.154267313929911,3.154267313929911
2017-07-28,-0.0008335516337679705,0.0,-0.0008335516337679705,3.151638069257044,3.151638069257044
2017-07-31,-0.0042408869708934205,0.0,-0.0042408869708934205,3.13827232843216,3.13827232843216
2017-08-01,0.002304006602958264,0.0,0.002304006602958264,3.1455029285987486,3.1455029285987486
2017-08-02,0.002716647447799092,0.0,0.002716647447799092,3.154048151101771,3.154048151101771
2017-08-03,-0.0038899905237910204,0.0,-0.0038899905237910204,3.1417789336824047,3.1417789336824047
2017-08-04,0.001812680637367281,0.0,0.001812680637367281,3.147473975522379,3.147473975522379
2017-08-07,0.0063349871339764,0.0,0.0063349871339764,3.167413182661839,3.167413182661839
2017-08-08,-0.0017292652475682235,0.0,-0.0017292652475682235,3.1619358851203723,3.1619358851203723
2017-08-09,-0.001316607922706936,0.0,-0.001316607922706936,3.1577728552829316,3.1577728552829316
2017-08-10,-0.02144040753092169,0.0,-0.02144040753092169,3.090068918375583,3.090068918375583
2017-08-11,0.007587128025870804,0.0,0.007587128025870804,3.1135136668680627,3.1135136668680627
2017-08-14,0.012877422447068021,0.0,0.012877422447068021,3.1536076976510428,3.1536076976510428
2017-08-15,0.0006955213373800451,0.0,0.0006955213373800451,3.155801099094485,3.155801099094485
2017-08-16,0.001735965375087245,0.0,0.001735965375087245,3.161279460533175,3.161279460533175
2017-08-17,-0.02044649220354433,0.0,-0.02044649220354433,3.0966423846901585,3.0966423846901585
2017-08-18,-0.0007080869878508533,0.0,-0.0007080869878508533,3.094449692511532,3.094449692511532
2017-08-21,-0.0012742678460816448,0.0,-0.0012742678460816448,3.0905065347670475,3.0905065347670475
2017-08-22,0.015242792732627075,0.0,0.015242792732627075,3.137614485315331,3.137614485315331
2017-08-23,-0.0035610011040392298,0.0,-0.0035610011040392298,3.1264414366690736,3.1264414366690736
2017-08-24,-0.002943509793437049,0.0,-0.002943509793437049,3.1172387256816307,3.1172387256816307
2017-08-25,-0.002108974049767176,0.0,-0.002108974049767176,3.1106645501022387,3.1106645501022387
2017-08-28,0.0030992355029084706,0.0,0.0030992355029084706,3.1203052321135543,3.1203052321135543
2017-08-29,0.003932397763624973,0.0,0.003932397763624973,3.1325755134301447,3.1325755134301447
2017-08-30,0.011750530916917468,0.0,0.011750530916917468,3.169384938850284,3.169384938850284
2017-08-31,0.010715557699428002,0.0,0.010715557699428002,3.2033466660342325,3.2033466660342325
2017-09-01,-0.0013676723830147175,0.0,-0.0013676723830147175,3.198965537265875,3.198965537265875
2017-09-05,-0.008972884130400205,0.0,-0.008972884130400205,3.1702615901628453,3.1702615901628453
2017-09-06,0.003040973666409652,0.0,0.003040973666409652,3.1799022721741603,3.1799022721741603
2017-09-07,0.002342764763533234,0.0,0.002342764763533234,3.1873520351688893,3.1873520351688893
2017-09-08,-0.008661332080073803,0.0,-0.008661332080073803,3.1597453207361923,3.1597453207361923
2017-09-11,0.011510544935491529,0.0,0.011510544935491529,3.1961157112352354,3.1961157112352354
2017-09-12,0.002399451870878977,0.0,0.002399451870878977,3.2037846370581047,3.2037846370581047
2017-09-13,0.001368260258354459,0.0,0.001368260258354459,3.208168248253318,3.208168248253318
2017-09-14,-0.005873678115674186,0.0,-0.005873678115674186,3.189324500622152,3.189324500622152
2017-09-15,0.0034347696763987745,0.0,0.0034347696763987745,3.2002790957050844,3.2002790957050844
2017-09-18,-0.0013105849096015643,0.0,-0.0013105849096015643,3.19608485821574,3.19608485821574
2017-09-19,0.0017179686449362297,0.0,0.0017179686449362297,3.2015756317887103,3.2015756317887103
2017-09-20,-0.003086885047427046,0.0,-0.003086885047427046,3.191692735842735,3.191692735842735
2017-09-21,-0.0061226646257784845,0.0,-0.0061226646257784845,3.1721510716326367,3.1721510716326367
2017-09-22,-0.0009692675121317773,0.0,-0.0009692675121317773,3.169076408655329,3.169076408655329
2017-09-25,-0.010531959286182113,0.0,-0.010531959286182113,3.135699824944571,3.135699824944571
2017-09-26,0.0025906703522111663,0.0,0.0025906703522111663,3.143823389514489,3.143823389514489
2017-09-27,0.009010583168453046,0.0,0.009010583168453046,3.172151071632637,3.172151071632637
2017-09-28,-0.00034623085179608104,0.0,-0.00034623085179608104,3.17105277506508,3.17105277506508
2017-09-29,0.007201344874332882,0.0,0.007201344874332882,3.193888619713034,3.193888619713034
2017-10-02,0.0008941622960640938,0.0,0.0008941622960640938,3.1967444744946096,3.1967444744946096
2017-10-03,0.002129295754898175,0.0,0.002129295754898175,3.203551288933645,3.203551288933645
2017-10-04,0.0009596563524734147,0.0,0.0009596563524734147,3.2066255972785447,3.2066255972785447
2017-10-05,0.009792514159580712,0.0,0.009792514159580712,3.238026523844369,3.238026523844369
2017-10-06,0.0013563099956892533,0.0,0.0013563099956892533,3.2424182915849658,3.2424182915849658
2017-10-09,-0.0011512582248355274,0.0,-0.0011512582248355274,3.238685430858421,3.238685430858421
2017-10-10,0.0007456873320972335,0.0,0.0007456873320972335,3.24110047755686,3.24110047755686
2017-10-11,0.002980855039169228,0.0,0.002980855039169228,3.250761728247839,3.250761728247839
2017-10-12,-0.0018232561874036435,0.0,-0.0018232561874036435,3.2448347568130362,3.2448347568130362
2017-10-13,0.0038570014341212655,0.0,0.0038570014341212655,3.2573500891235505,3.2573500891235505
2017-10-16,0.0034377247174650627,0.0,0.0034377247174650627,3.2685479620383675,3.2685479620383675
2017-10-17,0.0012768098329112298,0.0,0.0012768098329112298,3.27272127621564,3.27272127621564
2017-10-18,-0.0012077816856042034,0.0,-0.0012077816856042034,3.2687685433961393,3.2687685433961393
2017-10-19,-0.003694882570823288,0.0,-0.003694882570823288,3.2566908274770894,3.2566908274770894
2017-10-20,0.0026971826860233694,0.0,0.0026971826860233694,3.2654747175906915,3.2654747175906915
2017-10-23,-0.006522550093369328,0.0,-0.006522550093369328,3.244175495166575,3.244175495166575
2017-10-24,0.0016918461367763094,0.0,0.0016918461367763094,3.249664140945097,3.249664140945097
2017-10-25,-0.0037840460471750825,0.0,-0.0037840460471750825,3.2373672621979073,3.2373672621979073
2017-10-26,-0.0031881528310904184,0.0,-0.0031881528310904184,3.2270460405956514,3.2270460405956514
2017-10-27,0.02912394956621056,0.0,0.02912394956621056,3.3210303667297985,3.3210303667297985
2017-10-30,0.00224801360682525,0.0,0.00224801360682525,3.328496088182887,3.328496088182887
2017-10-31,0.0037601627315582142,0.0,0.0037601627315582142,3.3410117751258097,3.3410117751258097
2017-11-01,-0.00032841329039967615,0.0,-0.00032841329039967615,3.3399145424554764,3.3399145424554764
2017-11-02,-0.0019063572352490121,0.0,-0.0019063572352490121,3.333547472202353,3.333547472202353
2017-11-03,0.009617119474792046,0.0,0.009617119474792046,3.3656065965174142,3.3656065965174142
2017-11-06,0.0033925829750856007,0.0,0.0033925829750856007,3.377024696157595,3.377024696157595
2017-11-07,0.0005855539964585432,0.0,0.0005855539964585432,3.3790021264645693,3.3790021264645693
2017-11-08,0.004028890296176035,0.0,0.004028890296176035,3.3926157553426406,3.3926157553426406
2017-11-09,-0.0052428404328823675,0.0,-0.0052428404328823675,3.3748288122872965,3.3748288122872965
2017-11-10,-6.483534659174062e-05,0.0,-6.483534659174062e-05,3.374610004091564,3.374610004091564
2017-11-13,0.0012360499073278408,0.0,0.0012360499073278408,3.378781190474389,3.378781190474389
2017-11-14,-0.00363912729378002,0.0,-0.00363912729378002,3.366485375624423,3.366485375624423
2017-11-15,-0.004696674467946416,0.0,-0.004696674467946416,3.350674089714013,3.350674089714013
2017-11-16,0.012779544938339216,0.0,0.012779544938339216,3.393494179817242,3.393494179817242
2017-11-17,-0.003818039560261277,0.0,-0.003818039560261277,3.380537684791183,3.380537684791183
2017-11-20,-0.0007792279726477336,0.0,-0.0007792279726477336,3.377903475264604,3.377903475264604
2017-11-21,0.010855757282560496,0.0,0.010855757282560496,3.414573175515994,3.414573175515994
2017-11-22,0.0012222066896083739,0.0,0.0012222066896083739,3.418746489693267,3.418746489693267
2017-11-24,0.003661210586360042,0.0,0.003661210586360042,3.431263240533413,3.431263240533413
2017-11-27,-0.0004478298854152518,0.0,-0.0004478298854152518,3.4297266183095756,3.4297266183095756
2017-11-28,0.0025604846381261925,0.0,0.0025604846381261925,3.4385083806287295,3.4385083806287295
2017-11-29,-0.0174338248876158,0.0,-0.0174338248876158,3.378562027646249,3.378562027646249
2017-11-30,0.008384118259995521,0.0,0.008384118259995521,3.406888291234765,3.406888291234765
2017-12-01,-0.004253750670357381,0.0,-0.004253750670357381,3.3923962378820924,3.3923962378820924
2017-12-04,-0.01152180269374159,0.0,-0.01152180269374159,3.3533097177702236,3.3533097177702236
2017-12-05,0.0006549465118201869,0.0,0.0006549465118201869,3.35550595627293,3.35550595627293
2017-12-06,0.004515147918600526,0.0,0.004515147918600526,3.3706565620072477,3.3706565620072477
2017-12-07,0.0033875001591325837,0.0,0.0033875001591325837,3.3820746616474286,3.3820746616474286
2017-12-08,0.004415401066558022,0.0,0.004415401066558022,3.3970078777156454,3.3970078777156454
2017-12-11,0.007756691622416101,0.0,0.007756691622416101,3.4233574202620036,3.4233574202620036
2017-12-12,-0.0013469030553007189,0.0,-0.0013469030553007189,3.4187464896932664,3.4187464896932664
2017-12-13,0.0019271276462218268,0.0,0.0019271276462218268,3.4253348505689782,3.4253348505689782
2017-12-14,-0.0007054683216355384,0.0,-0.0007054683216355384,3.4229183853409078,3.4229183853409078
2017-12-15,0.011355034770966999,0.0,0.011355034770966999,3.461785742624636,3.461785742624636
2017-12-18,0.008383959337884273,0.0,0.008383959337884273,3.4908092135272684,3.4908092135272684
2017-12-19,-0.005925356719152952,0.0,-0.005925356719152952,3.4701249236986134,3.4701249236986134
2017-12-20,-0.0010781663446134404,0.0,-0.0010781663446134404,3.4663835517942774,3.4663835517942774
2017-12-21,0.0001272688694002877,0.0,0.0001272688694002877,3.466824714509822,3.466824714509822
2017-12-22,-0.0011429213244998904,0.0,-0.0011429213244998904,3.4628624066153053,3.4628624066153053
2017-12-26,-0.005401011177765369,0.0,-0.005401011177765369,3.4441594480501125,3.4441594480501125
2017-12-27,0.00012767823108816856,0.0,0.00012767823108816856,3.444599192236025,3.444599192236025
2017-12-28,0.001214023786712426,0.0,0.001214023786712426,3.44878101759109,3.44878101759109
2017-12-29,-0.006189134623472481,0.0,-0.006189134623472481,3.427436047586342,3.427436047586342
2018-01-02,0.017526772789010714,0.0,0.017526772789010714,3.487507940441253,3.487507940441253
2018-01-03,0.00971695669854089,0.0,0.00971695669854089,3.521395904084338,3.521395904084338
2018-01-04,0.0017496991603076495,0.0,0.0017496991603076495,3.527557287540825,3.527557287540825
2018-01-05,0.010042745203341585,0.0,0.010042745203341585,3.5629836465697884,3.5629836465697884
2018-01-08,0.003891220214796931,0.0,0.003891220214796931,3.576848000560312,3.576848000560312
2018-01-09,6.1570054229243e-05,0.0,6.1570054229243e-05,3.577068227285676,3.577068227285676
2018-01-10,-0.002337931768122581,0.0,-0.002337931768122581,3.568705285840363,3.568705285840363
2018-01-11,0.006844603025843554,0.0,0.006844603025843554,3.5931316568381697,3.5931316568381697
2018-01-12,0.007348705175262316,0.0,0.007348705175262316,3.619536522040175,3.619536522040175
2018-01-16,-0.0028573119379654566,0.0,-0.0028573119379654566,3.609194377125848,3.609194377125848
2018-01-17,0.010791190536806328,0.0,0.010791190536806328,3.648141881333783,3.648141881333783
2018-01-18,0.00018129487898832508,0.0,0.00018129487898832508,3.6488032707746916,3.6488032707746916
2018-01-19,0.0031355899174776436,0.0,0.0031355899174776436,3.660244421521392,3.660244421521392
2018-01-22,0.010700948093905538,0.0,0.010700948093905538,3.6994125070870996,3.6994125070870996
2018-01-23,0.008267985929785837,0.0,0.008267985929785837,3.7299991976441693,3.7299991976441693
2018-01-24,-0.006489108932165477,0.0,-0.006489108932165477,3.7057948265337664,3.7057948265337664
2018-01-25,-0.0003562788866529054,0.0,-0.0003562788866529054,3.7044745300788047,3.7044745300788047
2018-01-26,0.015325356530316636,0.0,0.015325356530316636,3.7612469230097396,3.7612469230097396
2018-01-29,-0.004856099031835037,0.0,-0.004856099031835037,3.7429819354684195,3.7429819354684195
2018-01-30,-0.008230297104374062,0.0,-0.008230297104374062,3.7121760820832095,3.7121760820832095
2018-01-31,0.004149155213388989,0.0,0.004149155213388989,3.727578476827203,3.727578476827203
2018-02-01,-0.008500533483396855,0.0,-0.008500533483396855,3.6958920711729437,3.6958920711729437
2018-02-02,-0.01994481735561815,0.0,-0.01994481735561815,3.622178178847322,3.622178178847322
2018-02-05,-0.0394271724939409,0.0,-0.0394271724939409,3.47936593498612,3.47936593498612
2018-02-06,0.026499537772685988,0.0,0.026499537772685988,3.5715675240052818,3.5715675240052818
2018-02-07,-0.012938501161035565,0.0,-0.012938501161035565,3.5253567934492227,3.5253567934492227
2018-02-08,-0.042194772372173284,0.0,-0.042194772372173284,3.3766051660189382,3.3766051660189382
2018-02-09,0.017269687524648303,0.0,0.017269687524648303,3.4349180821301983,3.4349180821301983
2018-02-12,0.01774484544730437,0.0,0.01774484544730437,3.49587017262175,3.49587017262175
2018-02-13,0.0051615336554697855,0.0,0.0051615336554697855,3.51391422417289,3.51391422417289
2018-02-14,0.01872381696322689,0.0,0.01872381696322689,3.5797081109307824,3.5797081109307824
2018-02-15,0.01856394459476829,0.0,0.01856394459476829,3.646161613967544,3.646161613967544
2018-02-16,-0.004465680379679093,0.0,-0.004465680379679093,3.6298790215869103,3.6298790215869103
2018-02-20,0.002000271600813175,0.0,0.002000271600813175,3.637139765508178,3.637139765508178
2018-02-21,-0.0028432879449895587,0.0,-0.0028432879449895587,3.6267983298586666,3.6267983298586666
2018-02-22,-0.00012144415285031407,0.0,-0.00012144415285031407,3.626357876407938,3.626357876407938
2018-02-23,0.020448907021449303,0.0,0.020448907021449303,3.7005129314491043,3.7005129314491043
2018-02-26,0.013260071961233466,0.0,0.013260071961233466,3.7495819992135946,3.7495819992135946
2018-02-27,-0.012382212265766412,0.0,-0.012382212265766412,3.703153878991435,3.703153878991435
2018-02-28,-0.006417593480014583,0.0,-0.006417593480014583,3.679388542802129,3.679388542802129
2018-03-01,-0.016326982237867216,0.0,-0.016326982237867216,3.6193152314175863,3.6193152314175863
2018-03-02,0.009180838152967885,0.0,0.009180838152967885,3.6525435787818026,3.6525435787818026
2018-03-05,0.011084885509227593,0.0,0.011084885509227593,3.6930316061700634,3.6930316061700634
2018-03-06,0.004230681365652522,0.0,0.004230681365652522,3.7086556461690527,3.7086556461690527
2018-03-07,0.002313882934238398,0.0,0.002313882934238398,3.71723704117769,3.71723704117769
2018-03-08,0.005505085697843803,0.0,0.005505085697843803,3.7377007496485724,3.7377007496485724
2018-03-09,0.01942787842630045,0.0,0.01942787842630045,3.810316345406637,3.810316345406637
2018-03-12,0.005312901749570109,0.0,0.005312901749570109,3.8305601817845636,3.8305601817845636
2018-03-13,-0.013614411708749552,0.0,-0.013614411708749552,3.778409358394606,3.778409358394606
2018-03-14,-0.00017476283828743444,0.0,-0.00017476283828743444,3.777749032850921,3.777749032850921
2018-03-15,-0.0008735914323829697,0.0,-0.0008735914323829697,3.7744488236621296,3.7744488236621296
2018-03-16,-0.002973334043641307,0.0,-0.002973334043641307,3.763226126478753,3.763226126478753
2018-03-19,-0.02133584630063723,0.0,-0.02133584630063723,3.68293451224966,3.68293451224966
2018-03-20,0.0032914093176867887,0.0,0.0032914093176867887,3.6950565572197087,3.6950565572197087
2018-03-21,-0.004354569778928674,0.0,-0.004354569778928674,3.6789661756042076,3.6789661756042076
2018-03-22,-0.02468241117938097,0.0,-0.02468241117938097,3.58816041974291,3.58816041974291
2018-03-23,-0.026351330716405497,0.0,-0.026351330716405497,3.493607617858748,3.493607617858748
2018-03-26,0.03715836277853923,0.0,0.03715836277853923,3.6234243571290117,3.6234243571290117
2018-03-27,-0.03236025884840277,0.0,-0.03236025884840277,3.5061694070147094,3.5061694070147094
2018-03-28,-0.01150325015113629,0.0,-0.01150325015113629,3.465837063253558,3.465837063253558
2018-03-29,0.018314667870522605,0.0,0.018314667870522605,3.5293127179603943,3.5293127179603943
2018-04-02,-0.028851497749554866,0.0,-0.028851497749554866,3.4274867600206846,3.4274867600206846
2018-04-03,0.011253401483719339,0.0,0.011253401483719339,3.46605764461133,3.46605764461133
2018-04-04,0.01576982959203721,0.0,0.01576982959203721,3.5207167830230284,3.5207167830230284
2018-04-05,0.005696936438636113,0.0,0.005696936438636113,3.54077408275435,3.54077408275435
2018-04-06,-0.02502346171758807,0.0,-0.02502346171758807,3.4521716580439183,3.4521716580439183
2018-04-09,0.007023159981291327,0.0,0.007023159981291327,3.4764168118812404,3.4764168118812404
2018-04-10,0.022062611434156887,0.0,0.022062611434156887,3.553115645184947,3.553115645184947
2018-04-11,-0.005768652453685963,0.0,-0.005768652453685963,3.5326189559001206,3.5326189559001206
2018-04-12,0.0120415357189394,0.0,0.0120415357189394,3.5751571132389945,3.5751571132389945
2018-04-13,-0.0051785959435406426,0.0,-0.0051785959435406426,3.5566428191148547,3.5566428191148547
2018-04-16,0.007622321331621329,0.0,0.007622321331621329,3.5837526935439517,3.5837526935439517
2018-04-17,0.02152492167169262,0.0,0.02152492167169262,3.6608926895632026,3.6608926895632026
2018-04-18,0.0020471637148780086,0.0,0.0020471637148780086,3.6683871362413387,3.6683871362413387
2018-04-19,-0.009192691244442774,0.0,-0.009192691244442774,3.6346647859327863,3.6346647859327863
2018-04-20,-0.01582684536844925,0.0,-0.01582684536844925,3.5771395083996804,3.5771395083996804
2018-04-23,-0.0025260501399142488,0.0,-0.0025260501399142488,3.5681034746439946,3.5681034746439946
2018-04-24,-0.021187280435930766,0.0,-0.021187280435930766,3.4925050657022934,3.4925050657022934
2018-04-25,0.0011990975037163842,0.0,0.0011990975037163842,3.496692919808294,3.496692919808294
2018-04-26,0.021052532294717707,0.0,0.021052532294717707,3.570307160427269,3.570307160427269
2018-04-27,0.0006173251534522528,0.0,0.0006173251534522528,3.572511200842951,3.572511200842951
2018-04-30,-0.00709441272809197,0.0,-0.00709441272809197,3.5471663319084397,3.5471663319084397
2018-05-01,0.011432484784863695,0.0,0.011432484784863695,3.5877192570273637,3.5877192570273637
2018-05-02,-0.005897559556564125,0.0,-0.005897559556564125,3.566560469036813,3.566560469036813
2018-05-03,-0.0001232964335611264,0.0,-0.0001232964335611264,3.5661207248509004,3.5661207248509004
2018-05-04,0.018973782653095572,0.0,0.018973782653095572,3.633783524398921,3.633783524398921
2018-05-07,0.008309666992627918,0.0,0.008309666992627918,3.663979055409974,3.663979055409974
2018-05-08,-0.0010225744562933903,0.0,-0.0010225744562933903,3.660232364019518,3.660232364019518
2018-05-09,0.010899216089290453,0.0,0.010899216089290453,3.700126027491981,3.700126027491981
2018-05-10,0.010364497942914497,0.0,0.010364497942914497,3.738475976092446,3.738475976092446
2018-05-11,-0.000943289374505385,0.0,-0.000943289374505385,3.7349495114273545,3.7349495114273545
2018-05-14,0.0017110888928768553,0.0,0.0017110888928768553,3.7413403420518136,3.7413403420518136
2018-05-15,-0.011075069732815801,0.0,-0.011075069732815801,3.6999047368693927,3.6999047368693927
2018-05-16,0.006612243567808873,0.0,0.006612243567808873,3.724369408167263,3.724369408167263
2018-05-17,-0.003846580136308564,0.0,-0.003846580136308564,3.7100433227815315,3.7100433227815315
2018-05-18,-0.0051682051575184795,0.0,-0.0051682051575184795,3.690869057746115,3.690869057746115
2018-05-21,0.005612922337167259,0.0,0.005612922337167259,3.711585619123898,3.711585619123898
2018-05-22,-0.001306228697704026,0.0,-0.001306228697704026,3.7067374394742125,3.7067374394742125
2018-05-23,0.008443470584616586,0.0,0.008443470584616586,3.73803516800931,3.73803516800931
2018-05-24,-0.00029457551289102657,0.0,-0.00029457551289102657,3.736934034382489,3.736934034382489
2018-05-25,0.0010021365627437273,0.0,0.0010021365627437273,3.740678952610905,3.740678952610905
2018-05-29,-0.004419017512817036,0.0,-0.004419017512817036,3.7241488268094916,3.7241488268094916
2018-05-30,0.007161212459174671,0.0,0.007161212459174671,3.75081824778786,3.75081824778786
2018-05-31,-0.0006467084007893975,0.0,-0.0006467084007893975,3.7483925621171816,3.7483925621171816
2018-06-01,0.015699450046202434,0.0,0.015699450046202434,3.807240263899697,3.807240263899697
2018-06-04,0.009031052083336322,0.0,0.009031052083336322,3.8416236490167504,3.8416236490167504
2018-06-05,0.0030979372440387287,0.0,0.0030979372440387287,3.8535247579966194,3.8535247579966194
2018-06-06,0.00583430292563647,0.0,0.00583430292563647,3.8760073887662116,3.8760073887662116
2018-06-07,-0.008131643397847776,0.0,-0.008131643397847776,3.844489078873342,3.844489078873342
2018-06-08,5.7375987614127766e-05,0.0,5.7375987614127766e-05,3.844709660231114,3.844709660231114
2018-06-11,0.0026943029650983163,0.0,0.0026943029650983163,3.855068472868617,3.855068472868617
2018-06-12,0.0052595973508002825,0.0,0.0052595973508002825,3.8753445807956703,3.8753445807956703
2018-06-13,-5.6553120263536094e-05,0.0,-5.6553120263536094e-05,3.87512541796753,3.87512541796753
2018-06-14,0.010123764077421438,0.0,0.010123764077421438,3.9143562734694526,3.9143562734694526
2018-06-15,-0.003491189581967813,0.0,-0.003491189581967813,3.9006905136274055,3.9006905136274055
2018-06-18,-0.0005771302588812866,0.0,-0.0005771302588812866,3.89843930710146,3.89843930710146
2018-06-19,-0.002833282785564717,0.0,-0.002833282785564717,3.8873939261220807,3.8873939261220807
2018-06-20,0.007102511677873569,0.0,0.007102511677873569,3.9150041868788574,3.9150041868788574
2018-06-21,-0.0086881676638636,0.0,-0.0086881676638636,3.880989974098526,3.880989974098526
2018-06-22,-0.002219633619275685,0.0,-0.002219633619275685,3.8723755982759447,3.8723755982759447
2018-06-25,-0.02252997804734269,0.0,-0.02252997804734269,3.785131061055722,3.785131061055722
2018-06-26,0.004084549308734253,0.0,0.004084549308734253,3.8005916155146258,3.8005916155146258
2018-06-27,-0.013598968889489416,0.0,-0.013598968889489416,3.7489074883735882,3.7489074883735882
2018-06-28,0.008601632598002285,0.0,0.008601632598002285,3.7811542132324774,3.7811542132324774
2018-06-29,0.002686974210431181,0.0,0.002686974210431181,3.7913140770890963,3.7913140770890963
2018-07-02,0.0066999487785230905,0.0,0.0066999487785230905,3.816715687208887,3.816715687208887
2018-07-03,-0.011574031057595024,0.0,-0.011574031057595024,3.772540901307121,3.772540901307121
2018-07-05,0.012412140714733733,0.0,0.012412140714733733,3.8193662098262338,3.8193662098262338
2018-07-06,0.015556461369758301,0.0,0.015556461369758301,3.8787820327263556,3.8787820327263556
2018-07-09,0.00899696017507523,0.0,0.00899696017507523,3.913679280202592,3.913679280202592
2018-07-10,0.0007335167593400804,0.0,0.0007335167593400804,3.9165500295453026,3.9165500295453026
2018-07-11,-0.005075348350697451,0.0,-0.005075348350697451,3.896672173812426,3.896672173812426
2018-07-12,0.01723165232652324,0.0,0.01723165232652324,3.963818273941999,3.963818273941999
2018-07-13,0.0008357147311339741,0.0,0.0008357147311339741,3.9671308952650706,3.9671308952650706
2018-07-16,-0.0023938462088570756,0.0,-0.0023938462088570756,3.9576341940114004,3.9576341940114004
2018-07-17,0.006082893265044298,0.0,0.006082893265044298,3.981708060395661,3.981708060395661
2018-07-18,-0.001886137906188301,0.0,-0.001886137906188301,3.9741980098915732,3.9741980098915732
2018-07-19,-0.005001727564505232,0.0,-0.005001727564505232,3.9543201541586965,3.9543201541586965
2018-07-20,-0.00022366758154535038,0.0,-0.00022366758154535038,3.9534357009331598,3.9534357009331598
2018-07-23,0.003184791651080987,0.0,0.003184791651080987,3.9660265699465773,3.9660265699465773
2018-07-24,0.004121165797498216,0.0,0.004121165797498216,3.9823712229986103,3.9823712229986103
2018-07-25,0.013976664299405916,0.0,0.013976664299405916,4.038031488698077,4.038031488698077
2018-07-26,-0.015151239706365227,0.0,-0.015151239706365227,3.9768503056709616,3.9768503056709616
2018-07-27,-0.013496602953788073,0.0,-0.013496602953788073,3.92317633608867,3.92317633608867
2018-07-30,-0.014131416542284225,0.0,-0.014131416542284225,3.8677362971145683,3.8677362971145683
2018-07-31,0.00765271528218725,0.0,0.00765271528218725,3.8973349817829672,3.8973349817829672
2018-08-01,0.003796706542473771,0.0,0.003796706542473771,3.9121320190065143,3.9121320190065143
2018-08-02,0.013606837067589916,0.0,0.013606837067589916,3.9653637619760373,3.9653637619760373
2018-08-03,0.003063599835336772,0.0,0.003063599835336772,3.9775120497442775,3.9775120497442775
2018-08-06,0.005886300602726102,0.0,0.005886300602726102,4.000924881320038,4.000924881320038
2018-08-07,0.003643803393632572,0.0,0.003643803393632572,4.01550346498026,4.01550346498026
2018-08-08,0.0012101031157638609,0.0,0.0012101031157638609,4.020362638234594,4.020362638234594
2018-08-09,-0.0006044084771023028,0.0,-0.0006044084771023028,4.017932696975019,4.017932696975019
2018-08-10,-0.007641141296461762,0.0,-0.007641141296461762,3.9872311055177594,3.9872311055177594
2018-08-13,-0.001108039745344791,0.0,-0.001108039745344791,3.9828130949789706,3.9828130949789706
2018-08-14,0.00626668344193182,0.0,0.00626668344193182,4.007772123853584,4.007772123853584
2018-08-15,-0.012234894326717982,0.0,-0.012234894326717982,3.9587374554326695,3.9587374554326695
2018-08-16,0.003291877080322525,0.0,0.003291877080322525,3.971769132529223,3.971769132529223
2018-08-17,0.00022250637719167798,0.0,0.00022250637719167798,3.972652876489944,3.972652876489944
2018-08-20,-0.0008897382480592686,0.0,-0.0008897382480592686,3.969118255279468,3.969118255279468
2018-08-21,0.003673271144807533,0.0,0.003673271144807533,3.983697902836915,3.983697902836915
2018-08-22,0.003880777501496402,0.0,0.003880777501496402,3.9991577480310028,3.9991577480310028
2018-08-23,-0.0014359430021166908,0.0,-0.0014359430021166908,3.993415185448357,3.993415185448357
2018-08-24,0.009291859479285458,0.0,0.009291859479285458,4.030521438193988,4.030521438193988
2018-08-27,0.010192998895766525,0.0,0.010192998895766525,4.0716045387628625,4.0716045387628625
2018-08-28,0.0014646556452257986,0.0,0.0014646556452257986,4.077568037335689,4.077568037335689
2018-08-29,0.01153773264998037,0.0,0.01153773264998037,4.124613927212573,4.124613927212573
2018-08-30,-0.001766965525815567,0.0,-0.001766965525815567,4.117325876595889,4.117325876595889
2018-08-31,0.0012872387312348188,0.0,0.0012872387312348188,4.122625857933359,4.122625857933359
2018-09-04,-0.00428599643460148,0.0,-0.00428599643460148,4.104956298205061,4.104956298205061
2018-09-05,-0.012913422206341618,0.0,-0.012913422206341618,4.051947264387758,4.051947264387758
2018-09-06,-0.008939968756583205,0.0,-0.008939968756583205,4.015722982440809,4.015722982440809
2018-09-07,-0.003849916912620044,0.0,-0.003849916912620044,4.000262782614313,4.000262782614313
2018-09-10,0.003367722733972345,0.0,0.003367722733972345,4.013734558529187,4.013734558529187
2018-09-11,0.007704178489265079,0.0,0.007704178489265079,4.0446570859766275,4.0446570859766275
2018-09-12,-0.0029486524141160153,0.0,-0.0029486524141160153,4.032730798095791,4.032730798095791
2018-09-13,0.010679782404907634,0.0,0.010679782404907634,4.075799485517024,4.075799485517024
2018-09-14,-0.002925948309870696,0.0,-0.002925948309870696,4.063873906901003,4.063873906901003
2018-09-17,-0.014402938095002926,0.0,-0.014402938095002926,4.005342182594011,4.005342182594011
2018-09-18,0.008271393065682586,0.0,0.008271393065682586,4.038471942148805,4.038471942148805
2018-09-19,-0.0007653825784488255,0.0,-0.0007653825784488255,4.035380966080729,4.035380966080729
2018-09-20,0.01105645610403605,0.0,0.01105645610403605,4.079997978595263,4.079997978595263
2018-09-21,-0.00546794768995551,0.0,-0.00546794768995551,4.05768876307318,4.05768876307318
2018-09-24,0.002781254989858706,0.0,0.002781254989858706,4.068974230192771,4.068974230192771
2018-09-25,0.001359447366081623,0.0,0.001359447366081623,4.074505786492661,4.074505786492661
2018-09-26,0.0007063045536495061,0.0,0.0007063045536495061,4.077383628483531,4.077383628483531
2018-09-27,0.008465584627883604,0.0,0.008465584627883604,4.111901064650806,4.111901064650806
2018-09-28,-0.00021518218557137203,0.0,-0.00021518218557137203,4.111016256792861,4.111016256792861
2018-10-01,0.002045317719102435,0.0,0.002045317719102435,4.119424591186397,4.119424591186397
2018-10-02,-0.002256276471475971,0.0,-0.002256276471475971,4.1101300304052835,4.1101300304052835
2018-10-03,0.0010769785101285567,0.0,0.0010769785101285567,4.114556552121864,4.114556552121864
2018-10-04,-0.019198928765416956,0.0,-0.019198928765416956,4.035561473976397,4.035561473976397
2018-10-05,-0.01222700838573576,0.0,-0.01222700838573576,3.9862186299929356,3.9862186299929356
2018-10-08,-0.0061059974250081694,0.0,-0.0061059974250081694,3.9618787893026792,3.9618787893026792
2018-10-09,0.003239409262078885,0.0,0.003239409262078885,3.9747129361479803,3.9747129361479803
2018-10-10,-0.043979468200335825,0.0,-0.043979468200335825,3.799907174967197,3.799907174967197
2018-10-11,-0.01240338480637393,0.0,-0.01240338480637393,3.7527754640475774,3.7527754640475774
2018-10-12,0.027830340055466918,0.0,0.027830340055466918,3.8572164813638343,3.8572164813638343
2018-10-15,-0.012103898429858262,0.0,-0.012103898429858262,3.8105291248514312,3.8105291248514312
2018-10-16,0.029092106094633197,0.0,0.029092106094633197,3.921385442428299,3.921385442428299
2018-10-17,0.0003951126491574808,0.0,0.0003951126491574808,3.922934831418824,3.922934831418824
2018-10-18,-0.023182388316733693,0.0,-0.023182388316733693,3.831991832815633,3.831991832815633
2018-10-19,-0.0009236935303139626,0.0,-0.0009236935303139626,3.828452246751445,3.828452246751445
2018-10-22,0.005143507728322616,0.0,0.005143507728322616,3.8481439204701253,3.8481439204701253
2018-10-23,-0.0036799108807438197,0.0,-0.0036799108807438197,3.833983093786519,3.833983093786519
2018-10-24,-0.04576683676579363,0.0,-0.04576683676579363,3.658513815370379,3.658513815370379
2018-10-25,0.03459545546852549,0.0,0.03459545546852549,3.78508176715101,3.78508176715101
2018-10-26,-0.025721865140659106,0.0,-0.025721865140659106,3.687722404389984,3.687722404389984
2018-10-29,-0.020580613879518594,0.0,-0.020580613879518594,3.6118268134903837,3.6118268134903837
2018-10-30,0.01647961168442169,0.0,0.01647961168442169,3.6713483168480874,3.6713483168480874
2018-10-31,0.02350523243267877,0.0,0.02350523243267877,3.757644212376926,3.757644212376926
2018-11-01,0.013190214880588025,0.0,0.013190214880588025,3.8072083469829754,3.8072083469829754
2018-11-02,-0.015575866084270418,0.0,-0.015575866084270418,3.747907779615452,3.747907779615452
2018-11-05,-0.0024796492951176807,0.0,-0.0024796492951176807,3.7386142827315623,3.7386142827315623
2018-11-06,0.007575725956875834,0.0,0.007575725956875834,3.7669369999959983,3.7669369999959983
2018-11-07,0.031367935252660795,0.0,0.031367935252660795,3.885098035912725,3.885098035912725
2018-11-08,-0.006379114659029295,0.0,-0.006379114659029295,3.860314550080068,3.860314550080068
2018-11-09,-0.016851934752586395,0.0,-0.016851934752586395,3.795260781157659,3.795260781157659
2018-11-12,-0.030259045144733765,0.0,-0.030259045144733765,3.680419813844572,3.680419813844572
2018-11-13,0.0008418668264384976,0.0,0.0008418668264384976,3.6835182371932147,3.6835182371932147
2018-11-14,-0.007629059899990964,0.0,-0.007629059899990964,3.6554164559189584,3.6554164559189584
2018-11-15,0.01749404639538077,0.0,0.01749404639538077,3.719364480993243,3.719364480993243
2018-11-16,-0.0035104119082264296,0.0,-0.0035104119082264296,3.70630797962813,3.70630797962813
2018-11-19,-0.03247755313637979,0.0,-0.03247755313637979,3.585936165279969,3.585936165279969
2018-11-20,-0.017894322210342706,0.0,-0.017894322210342706,3.5217682681127287,3.5217682681127287
2018-11-21,0.007602542283533964,0.0,0.007602542283533964,3.548542660283864,3.548542660283864
2018-11-23,-0.007233674613162044,0.0,-0.007233674613162044,3.522873657328446,3.522873657328446
2018-11-26,0.023114547255179696,0.0,0.023114547255179696,3.604303286954792,3.604303286954792
2018-11-27,0.0033763005250853073,0.0,0.0033763005250853073,3.616472498035104,3.616472498035104
2018-11-28,0.03218329511269391,0.0,0.03218329511269391,3.732862499706309,3.732862499706309
2018-11-29,-0.003260496266152213,0.0,-0.003260496266152213,3.7206915154639573,3.7206915154639573
2018-11-30,0.007255555232548394,0.0,0.007255555232548394,3.74768719825768,3.74768719825768
2018-12-03,0.01747666119596425,0.0,0.01747666119596425,3.813184257690082,3.813184257690082
2018-12-04,-0.038356947380971396,0.0,-0.038356947380971396,3.666922149763915,3.666922149763915
2018-12-06,0.007060497201903493,0.0,0.007060497201903493,3.692812443341921,3.692812443341921
2018-12-07,-0.03301581253023245,0.0,-0.03301581253023245,3.5708912400032347,3.5708912400032347
2018-12-10,0.010471955528079224,0.0,0.010471955528079224,3.608285454264156,3.608285454264156
2018-12-11,0.0033118356082526557,0.0,0.0033118356082526557,3.620235502516328,3.620235502516328
2018-12-12,0.008800874807524117,0.0,0.008800874807524117,3.6520967419477284,3.6520967419477284
2018-12-13,0.00030344932056491913,0.0,0.00030344932056491913,3.6532049682227097,3.6532049682227097
2018-12-14,-0.02434905597645365,0.0,-0.02434905597645365,3.5642528759579966,3.5642528759579966
2018-12-17,-0.022659741411320877,0.0,-0.022659741411320877,3.4834878274642316,3.4834878274642316
2018-12-18,0.006288422674848748,0.0,0.006288422674848748,3.505393471306017,3.505393471306017
2018-12-19,-0.024554804183444023,0.0,-0.024554804183444023,3.4193192210321746,3.4193192210321746
2018-12-20,-0.014495944717772047,0.0,-0.014495944717772047,3.369752958631677,3.369752958631677
2018-12-21,-0.030993145621163176,0.0,-0.030993145621163176,3.2653137144774598,3.2653137144774598
2018-12-24,-0.024797990269126546,0.0,-0.024797990269126546,3.1843404967602025,3.1843404967602025
2018-12-26,0.062438921823386284,0.0,0.062438921823386284,3.383167284096456,3.383167284096456
2018-12-27,0.0038698409327451166,0.0,0.0038698409327451166,3.3962596033347765,3.3962596033347765
2018-12-28,-0.0005224058653972019,0.0,-0.0005224058653972019,3.394485377397583,3.394485377397583
2018-12-31,0.00843296410450578,0.0,0.00843296410450578,3.4231109507384465,3.4231109507384465
2019-01-02,0.004019037020330574,0.0,0.004019037020330574,3.436868560374163,3.436868560374163
2019-01-03,-0.03267025096077891,0.0,-0.03267025096077891,3.3245852019875284,3.3245852019875284
2019-01-04,0.04278424480433363,0.0,0.04278424480433363,3.4668250691422275,3.4668250691422275
2019-01-07,0.01190579579609996,0.0,0.01190579579609996,3.508100380476235,3.508100380476235
2019-01-08,0.009045597063388033,0.0,0.009045597063388033,3.5398332429759414,3.5398332429759414
2019-01-09,0.00814921550914649,0.0,0.00814921550914649,3.5686801069393934,3.5686801069393934
2019-01-10,0.002860268865074511,0.0,0.002860268865074511,3.578887491538683,3.578887491538683
2019-01-11,-0.00365741650443141,0.0,-0.00365741650443141,3.5657980093596264,3.5657980093596264
2019-01-14,-0.008837570250483484,0.0,-0.008837570250483484,3.5342850189528767,3.5342850189528767
2019-01-15,0.019526689204511394,0.0,0.019526689204511394,3.60329790407813,3.60329790407813
2019-01-16,-0.00018502742342618728,0.0,-0.00018502742342618728,3.6026311951511016,3.6026311951511016
2019-01-17,0.007884315984524104,0.0,0.007884315984524104,3.6310354778693767,3.6310354778693767
2019-01-18,0.009900407964901659,0.0,0.009900407964901659,3.666984210435315,3.666984210435315
2019-01-22,-0.020030386141907774,0.0,-0.020030386141907774,3.593533100724017,3.593533100724017
2019-01-23,0.001296639011810763,0.0,0.001296639011810763,3.598192615932649,3.598192615932649
2019-01-24,0.006476080841610665,0.0,0.006476080841610665,3.621494802197115,3.621494802197115
2019-01-25,0.0119482356388112,0.0,0.0119482356388112,3.664765275458496,3.664765275458496
2019-01-28,-0.012352352427906998,0.0,-0.012352352427906998,3.619496803210477,3.619496803210477
2019-01-29,-0.009441685917784048,0.0,-0.009441685917784048,3.5853226512141405,3.5853226512141405
2019-01-30,0.025437763459017493,0.0,0.025437763459017493,3.6765252407399833,3.6765252407399833
2019-01-31,0.014968731986360062,0.0,0.014968731986360062,3.731558161709708,3.731558161709708
2019-02-01,-0.004221879818028795,0.0,-0.004221879818028795,3.7158039716169853,3.7158039716169853
2019-02-04,0.012421474029679302,0.0,0.012421474029679302,3.761959734149805,3.761959734149805
2019-02-05,0.008847899906995194,0.0,0.008847899906995194,3.795245177331709,3.795245177331709
2019-02-06,-0.0029817099055093887,0.0,-0.0029817099055093887,3.783928857192622,3.783928857192622
2019-02-07,-0.013429705689867233,0.0,-0.013429705689867233,3.7331118062891298,3.7331118062891298
2019-02-08,0.001961676907918486,0.0,0.001961676907918486,3.740434965514205,3.740434965514205
2019-02-11,-0.0009490528338945703,0.0,-0.0009490528338945703,3.7368850951101855,3.7368850951101855
2019-02-12,0.01478607330800874,0.0,0.01478607330800874,3.79213895207009,3.79213895207009
2019-02-13,0.0007023185114514163,0.0,0.0007023185114514163,3.7948022414541245,3.7948022414541245
2019-02-14,0.0012276808242928094,0.0,0.0012276808242928094,3.799461047397941,3.799461047397941
2019-02-15,0.004205323582172182,0.0,0.004205323582172182,3.8154390105401084,3.8154390105401084
2019-02-19,0.001977719564236091,0.0,0.001977719564236091,3.8229848789174032,3.8229848789174032
2019-02-20,-0.00017439486373727053,0.0,-0.00017439486373727053,3.8223181699903748,3.8223181699903748
2019-02-21,-0.003657549729297549,0.0,-0.003657549729297549,3.8083378512024373,3.8083378512024373
2019-02-22,0.007400153014778477,0.0,0.007400153014778477,3.836520134033308,3.836520134033308
2019-02-25,0.00364391783885476,0.0,0.00364391783885476,3.8505000981888378,3.8505000981888378
2019-02-26,0.0010372341454312206,0.0,0.0010372341454312206,3.8544939683676653,3.8544939683676653
2019-02-27,-0.0006332698622060207,0.0,-0.0006332698622060207,3.8520530335034433,3.8520530335034433
2019-02-28,-0.002304342410367921,0.0,-0.002304342410367921,3.843176584331355,3.843176584331355
2019-03-01,0.006928994005852784,0.0,0.006928994005852784,3.869805931847621,3.869805931847621
2019-03-04,0.00017219320719341624,0.0,0.00017219320719341624,3.870472286142242,3.870472286142242
2019-03-05,0.0007450953084284784,0.0,0.0007450953084284784,3.8733561568840487,3.8733561568840487
2019-03-06,-0.005671765652472738,0.0,-0.005671765652472738,3.85138738847364,3.85138738847364
2019-03-07,-0.012272306722218573,0.0,-0.012272306722218573,3.804121981136207,3.804121981136207
2019-03-08,-0.0015168346175761238,0.0,-0.0015168346175761238,3.798351757225737,3.798351757225737
2019-03-11,0.02079822621790428,0.0,0.02079822621790428,3.877350736327692,3.877350736327692
2019-03-12,0.005493881337943485,0.0,0.005493881337943485,3.898652441178664,3.898652441178664
2019-03-13,0.007513528672344005,0.0,0.007513528672344005,3.927945078078964,3.927945078078964
2019-03-14,-0.0016945490665805085,0.0,-0.0016945490665805085,3.921288982413326,3.921288982413326
2019-03-15,0.009280356367999731,0.0,0.009280356367999731,3.9576799415920325,3.9576799415920325
2019-03-18,0.002381641494809461,0.0,0.002381641494809461,3.9671057163641033,3.9671057163641033
2019-03-19,0.0033621689086935636,0.0,0.0033621689086935636,3.980443795861163,3.980443795861163
2019-03-20,0.0039658272259612826,0.0,0.0039658272259612826,3.996229548238198,3.996229548238198
2019-03-21,0.01563168197654141,0.0,0.01563168197654141,4.058697337641515,4.058697337641515
2019-03-22,-0.021964121525573033,0.0,-0.021964121525573033,3.9695516160820374,3.9695516160820374
2019-03-25,-0.0019044213987745584,0.0,-0.0019044213987745584,3.9619919170408306,3.9619919170408306
2019-03-26,0.004657222732073141,0.0,0.004657222732073141,3.9804437958611634,3.9804437958611634
2019-03-27,-0.006422496511982234,0.0,-0.006422496511982234,3.9548794094661037,3.9548794094661037
2019-03-28,0.0023045084165220775,0.0,0.0023045084165220775,3.963993462351548,3.963993462351548
2019-03-29,0.007571289149080229,0.0,0.007571289149080229,3.9940060030400755,3.9940060030400755
2019-04-01,0.01324710765030801,0.0,0.01324710765030801,4.046915030518324,4.046915030518324
2019-04-02,0.0037901860540396903,0.0,0.0037901860540396903,4.062253591428878,4.062253591428878
2019-04-03,0.005746397436400041,0.0,0.005746397436400041,4.0855969150526725,4.0855969150526725
2019-04-04,-0.000380881187897919,0.0,-0.000380881187897919,4.084040788046395,4.084040788046395
2019-04-05,0.00517112101883721,0.0,0.00517112101883721,4.1051598572072505,4.1051598572072505
2019-04-08,0.002545219918386854,0.0,0.002545219918386854,4.115608391843977,4.115608391843977
2019-04-09,-0.0035111604373181393,0.0,-0.0035111604373181393,4.101157830483039,4.101157830483039
2019-04-10,0.00536649472715367,0.0,0.00536649472715367,4.123166672355552,4.123166672355552
2019-04-11,-0.0023722340671941122,0.0,-0.0023722340671941122,4.1133855559106705,4.1133855559106705
2019-04-12,0.0043233854745559075,0.0,0.0043233854745559075,4.131169307274343,4.131169307274343
2019-04-15,0.00016172841318407016,0.0,0.00016172841318407016,4.131837434731003,4.131837434731003
2019-04-16,0.003443125220634835,0.0,0.003443125220634835,4.146063868410089,4.146063868410089
2019-04-17,0.0034855397997752835,0.0,0.0034855397997752835,4.160515139035843,4.160515139035843
2019-04-18,0.0012824852289596844,0.0,0.0012824852289596844,4.165850938246519,4.165850938246519
2019-04-22,0.002828392549388381,0.0,0.002828392549388381,4.177633600002118,4.177633600002118
2019-04-23,0.012717802274668122,0.0,0.012717802274668122,4.230763918102955,4.230763918102955
2019-04-24,-0.003152808575491828,0.0,-0.003152808575491828,4.217425129341079,4.217425129341079
2019-04-25,0.004058983963267204,0.0,0.004058983963267204,4.2345435903073545,4.2345435903073545
2019-04-26,0.0008925807761315241,0.0,0.0008925807761315241,4.238323262511754,4.238323262511754
2019-04-29,0.0019406234327037364,0.0,0.0019406234327037364,4.246548251950357,4.246548251950357
2019-04-30,-0.007748043405878868,0.0,-0.007748043405878868,4.213645811769087,4.213645811769087
2019-05-01,-0.0032177979499278253,0.0,-0.0032177979499278253,4.200087150914254,4.200087150914254
2019-05-02,-0.0043406106052309434,0.0,-0.0043406106052309434,4.181856208084102,4.181856208084102
2019-05-03,0.015948237152592304,0.0,0.015948237152592304,4.248549442628668,4.248549442628668
2019-05-06,-0.006122043547034051,0.0,-0.006122043547034051,4.2225396379291675,4.2225396379291675
2019-05-07,-0.019479949578421807,0.0,-0.019479949578421807,4.14028477868942,4.14028477868942
2019-05-08,-0.0025236270438462327,0.0,-0.0025236270438462327,4.129836244052695,4.129836244052695
2019-05-09,-0.0053829838391123985,0.0,-0.0053829838391123985,4.107605402292778,4.107605402292778
2019-05-10,0.0012448724232396735,0.0,0.0012448724232396735,4.112718846983642,4.112718846983642
2019-05-13,-0.03470297656351584,0.0,-0.03470297656351584,3.9699952612244394,3.9699952612244394
2019-05-14,0.010975662808315079,0.0,0.010975662808315079,4.013568590562247,4.013568590562247
2019-05-15,0.014124440050873321,0.0,0.014124440050873321,4.070257999509712,4.070257999509712
2019-05-16,0.010049662815620364,0.0,0.010049662815620364,4.111162719977366,4.111162719977366
2019-05-17,-0.01022018600600516,0.0,-0.01022018600600516,4.069145872278243,4.069145872278243
2019-05-20,-0.016881779955559728,0.0,-0.016881779955559728,4.000451447055368,4.000451447055368
2019-05-21,0.010447710122141185,0.0,0.010447710122141185,4.0422470041319025,4.0422470041319025
2019-05-22,-0.004455181220825999,0.0,-0.004455181220825999,4.024238061189154,4.024238061189154
2019-05-23,-0.015301870910159887,0.0,-0.015301870910159887,3.962659689865085,3.962659689865085
2019-05-24,-0.0005048330086507846,0.0,-0.0005048330086507846,3.9606592084515913,3.9606592084515913
2019-05-28,-0.0037604477151550464,0.0,-0.0037604477151550464,3.9457653565806616,3.9457653565806616
2019-05-29,-0.008226055743512761,0.0,-0.008226055743512761,3.9133072708066075,3.9133072708066075
2019-05-30,0.004203781355158531,0.0,0.004203781355158531,3.9297579589486307,3.9297579589486307
2019-05-31,-0.015952853545391887,0.0,-0.015952853545391887,3.867067105760685,3.867067105760685
2019-06-03,-0.022018007713923482,0.0,-0.022018007713923482,3.7819219923957865,3.7819219923957865
2019-06-04,0.028156818647260495,0.0,0.028156818647260495,3.888408884073761,3.888408884073761
2019-06-05,0.0074322698702316,0.0,0.0074322698702316,3.9173085882660033,3.9173085882660033
2019-06-06,0.007945059391948783,0.0,0.007945059391948783,3.9484318376563676,3.9484318376563676
2019-06-07,0.01931214944809856,0.0,0.01931214944809856,4.024684543390817,4.024684543390817
2019-06-10,0.011654618940299954,0.0,0.011654618940299954,4.071590708098952,4.071590708098952
2019-06-11,0.0013650191034737524,0.0,0.0013650191034737524,4.077148507197034,4.077148507197034
2019-06-12,-0.005779593157418161,0.0,-0.005779593157418161,4.053584247583061,4.053584247583061
2019-06-13,0.005922986132660624,0.0,0.005922986132660624,4.077593570869067,4.077593570869067
2019-06-14,-0.004252447255347347,0.0,-0.004252447255347347,4.060253819280203,4.060253819280203
2019-06-17,0.00602260945970845,0.0,0.00602260945970845,4.084707142341017,4.084707142341017
2019-06-18,0.014531507854043113,0.0,0.014531507854043113,4.1440640962614115,4.1440640962614115
2019-06-19,0.0037554169604776533,0.0,0.0037554169604776533,4.159626784853818,4.159626784853818
2019-06-20,0.009299023206976287,0.0,0.009299023206976287,4.198307250858534,4.198307250858534
2019-06-21,-0.001482707740422029,0.0,-0.001482707740422029,4.192082388201015,4.192082388201015
2019-06-24,3.1892602633476486e-05,0.0,3.1892602633476486e-05,4.192216084618829,4.192216084618829
2019-06-25,-0.01716613232047237,0.0,-0.01716613232047237,4.12025194859425,4.12025194859425
2019-06-26,0.004650392559234273,0.0,0.004650392559234273,4.139412737598163,4.139412737598163
2019-06-27,0.003821492127928483,0.0,0.003821492127928483,4.155231470789142,4.155231470789142
2019-06-28,0.0012869324170585728,0.0,0.0012869324170585728,4.160578972869282,4.160578972869282
2019-07-01,0.013494612937218653,0.0,0.013494612937218653,4.216724375702884,4.216724375702884
2019-07-02,0.0039626895929316674,0.0,0.0039626895929316674,4.233433945502743,4.233433945502743
2019-07-03,0.007526014391422864,0.0,0.007526014391422864,4.265294830301735,4.265294830301735
2019-07-05,-0.002037103875336288,0.0,-0.002037103875336288,4.256605981673475,4.256605981673475
2019-07-08,-0.0070140736364009415,0.0,-0.0070140736364009415,4.226749833876873,4.226749833876873
2019-07-09,0.005007937540729035,0.0,0.005007937540729035,4.247917133045215,4.247917133045215
2019-07-10,0.009964964339463034,0.0,0.009964964339463034,4.290247475793005,4.290247475793005
2019-07-11,-0.0007268305106139517,0.0,-0.0007268305106139517,4.287129193029514,4.287129193029514
2019-07-12,0.005768662226574461,0.0,0.005768662226574461,4.3118601932657885,4.3118601932657885
2019-07-15,0.003203556308561506,0.0,0.003203556308561506,4.32567348018956,4.32567348018956
2019-07-16,-0.005150674401723787,0.0,-0.005150674401723787,4.303393344524933,4.303393344524933
2019-07-17,-0.0049184164551537846,0.0,-0.0049184164551537846,4.2822274638862226,4.2822274638862226
2019-07-18,0.001144668092629475,0.0,0.001144668092629475,4.287129193029514,4.287129193029514
2019-07-19,-0.007327608099239158,0.0,-0.007327608099239158,4.255714790432187,4.255714790432187
2019-07-22,0.007957681251929527,0.0,0.007957681251929527,4.289580412233568,4.289580412233568
2019-07-23,0.006544227979017547,0.0,0.006544227979017547,4.317652404385552,4.317652404385552
2019-07-24,0.007017983068265732,0.0,0.007017983068265732,4.347953615854187,4.347953615854187
2019-07-25,-0.009479585255094958,0.0,-0.009479585255094958,4.306736818867498,4.306736818867498
2019-07-26,0.010294684849460944,0.0,0.010294684849460944,4.351073317147309,4.351073317147309
2019-07-29,-0.003430853836286163,0.0,-0.003430853836286163,4.336145420565211,4.336145420565211
2019-07-30,-0.004316048990954946,0.0,-0.004316048990954946,4.317430404498147,4.317430404498147
2019-07-31,-0.013829777971481438,0.0,-0.013829777971481438,4.257721300596614,4.257721300596614
2019-08-01,-0.004971508859768825,0.0,-0.004971508859768825,4.236554001428272,4.236554001428272
2019-08-02,-0.014725365332016294,0.0,-0.014725365332016294,4.174169196008425,4.174169196008425
2019-08-05,-0.03533470496484792,0.0,-0.03533470496484792,4.0266761589941105,4.0266761589941105
2019-08-06,0.013999022590765131,0.0,0.013999022590765131,4.083045689509564,4.083045689509564
2019-08-07,0.00540176501258216,0.0,0.00540176501258216,4.105101342859932,4.105101342859932
2019-08-08,0.02176404404693577,0.0,0.02176404404693577,4.194444949303071,4.194444949303071
2019-08-09,-0.009402088422953647,0.0,-0.009402088422953647,4.1550084070045115,4.1550084070045115
2019-08-12,-0.011475045067243839,0.0,-0.011475045067243839,4.107329498279357,4.107329498279357
2019-08-13,0.02191499088882809,0.0,0.02191499088882809,4.197341586811564,4.197341586811564
2019-08-14,-0.02988495957967352,0.0,-0.02988495957967352,4.071904203147618,4.071904203147618
2019-08-15,-0.0011490987404505493,0.0,-0.0011490987404505493,4.067225183156546,4.067225183156546
2019-08-16,0.01605043505677295,0.0,0.01605043505677295,4.1325059168200715,4.1325059168200715
2019-08-19,0.015904672199124503,0.0,0.015904672199124503,4.1982320687880375,4.1982320687880375
2019-08-20,-0.007748348913320435,0.0,-0.007748348913320435,4.165702701899977,4.165702701899977
2019-08-21,0.008878446473203017,0.0,0.008878446473203017,4.202687670362073,4.202687670362073
2019-08-22,-0.00323378248338424,0.0,-0.00323378248338424,4.18909709259052,4.18909709259052
2019-08-23,-0.03164561623465978,0.0,-0.03164561623465978,4.056530533628671,4.056530533628671
2019-08-26,0.015104175818719145,0.0,0.015104175818719145,4.117801084022601,4.117801084022601
2019-08-27,-0.0021101561448372275,0.0,-0.0021101561448372275,4.109111880761934,4.109111880761934
2019-08-28,0.003578591487448657,0.0,0.003578591487448657,4.123816713559402,4.123816713559402
2019-08-29,0.015289945517991788,0.0,0.015289945517991788,4.18686964643591,4.18686964643591
2019-08-30,-0.0023947538179861505,0.0,-0.0023947538179861505,4.176843124364697,4.176843124364697
2019-09-03,-0.009708310044760804,0.0,-0.009708310044760804,4.136293036305037,4.136293036305037
2019-09-04,0.014435843045809138,0.0,0.014435843045809138,4.19600391336861,4.19600391336861
2019-09-05,0.018318741384050652,0.0,0.018318741384050652,4.2728694239040745,4.2728694239040745
2019-09-06,-0.000990560995318357,0.0,-0.000990560995318357,4.268636886114667,4.268636886114667
2019-09-09,-0.0020878484825650467,0.0,-0.0020878484825650467,4.259724619069371,4.259724619069371
2019-09-10,-0.002876704322848922,0.0,-0.002876704322848922,4.247470650843549,4.247470650843549
2019-09-11,0.00938941186804021,0.0,0.00938941186804021,4.287351902181731,4.287351902181731
2019-09-12,0.004157469341744768,0.0,0.004157469341744768,4.305176436272323,4.305176436272323
2019-09-13,-0.003570890790215442,0.0,-0.003570890790215442,4.289803121385785,4.289803121385785
2019-09-16,-0.004466754703311149,0.0,-0.004466754703311149,4.270641623117056,4.270641623117056
2019-09-17,0.004799772405041258,0.0,0.004799772405041258,4.291139730931514,4.291139730931514
2019-09-18,-0.0004152807789791213,0.0,-0.0004152807789791213,4.289357703081344,4.289357703081344
2019-09-19,0.0016621439441129038,0.0,0.0016621439441129038,4.296487233011655,4.296487233011655
2019-09-20,-0.010578667053614543,0.0,-0.010578667053614543,4.25103612507352,4.25103612507352
2019-09-23,0.0004412220340395123,0.0,0.0004412220340395123,4.2529117758794,4.2529117758794
2019-09-24,-0.013280771378594736,0.0,-0.013280771378594736,4.196429826890612,4.196429826890612
2019-09-25,0.011225044962546837,0.0,0.011225044962546837,4.243534940379632,4.243534940379632
2019-09-26,-0.0036826811944833393,0.0,-0.0036826811944833393,4.227907354056563,4.227907354056563
2019-09-27,-0.012408715592751918,0.0,-0.012408715592751918,4.175444454147571,4.175444454147571
2019-09-30,0.009516726123909969,0.0,0.009516726123909969,4.215181015463292,4.215181015463292
2019-10-01,-0.008156279243823228,0.0,-0.008156279243823228,4.180800822037911,4.180800822037911
2019-10-02,-0.017194426280319197,0.0,-0.017194426280319197,4.108914350510682,4.108914350510682
2019-10-03,0.010975622807559704,0.0,0.010975622807559704,4.154012244570457,4.154012244570457
2019-10-04,0.014725226429649352,0.0,0.014725226429649352,4.215181015463293,4.215181015463293
2019-10-07,-0.003018747091655394,0.0,-0.003018747091655394,4.202456450032062,4.202456450032062
2019-10-08,-0.014980790158728441,0.0,-0.014980790158728441,4.139500331802937,4.139500331802937
2019-10-09,0.009761450076764877,0.0,0.009761450076764877,4.179907857634583,4.179907857634583
2019-10-10,0.007744561978173081,0.0,0.007744561978173081,4.212279413101086,4.212279413101086
2019-10-11,0.01287898719257452,0.0,0.01287898719257452,4.26652930571396,4.26652930571396
2019-10-14,-0.00010473075468486748,0.0,-0.00010473075468486748,4.266082468879888,4.266082468879888
2019-10-15,0.0127165597497505,0.0,0.0127165597497505,4.320332361492762,4.320332361492762
2019-10-16,-0.002480265855343222,0.0,-0.002480265855343222,4.309616788652817,4.309616788652817
2019-10-17,0.002641629202716267,0.0,0.002641629202716267,4.321001198214239,4.321001198214239
2019-10-18,-0.00960987080993636,0.0,-0.00960987080993636,4.27947693492982,4.27947693492982
2019-10-21,0.008868799803768201,0.0,0.008868799803768201,4.317430759130556,4.317430759130556
2019-10-22,-0.007963278303302901,0.0,-0.007963278303302901,4.283049856440359,4.283049856440359
2019-10-23,0.001928555194045778,0.0,0.001928555194045778,4.291309954487354,4.291309954487354
2019-10-24,0.009728589034361246,0.0,0.009728589034361246,4.333058345453625,4.333058345453625
2019-10-25,0.007985873821966027,0.0,0.007985873821966027,4.367661602663635,4.367661602663635
2019-10-28,0.009864952368966451,0.0,0.009864952368966451,4.410748376337675,4.410748376337675
2019-10-29,-0.007744147105830268,0.0,-0.007744147105830268,4.376590892064514,4.376590892064514
2019-10-30,0.004846042574128129,0.0,0.004846042574128129,4.397800037857,4.397800037857
2019-10-31,0.0004571401845494538,0.0,0.0004571401845494538,4.3998104489779175,4.3998104489779175
2019-11-01,0.00908228543673939,0.0,0.00908228543673939,4.439770783343083,4.439770783343083
2019-11-04,0.006184900825601414,0.0,0.006184900825601414,4.4672303253264625,4.4672303253264625
2019-11-05,0.0005498225698910009,0.0,0.0005498225698910009,4.469686509384228,4.469686509384228
2019-11-06,-0.0022476702706034635,0.0,-0.0022476702706034635,4.459640127898168,4.459640127898168
2019-11-07,0.0033540913409590978,0.0,0.0033540913409590978,4.4745981682349445,4.4745981682349445
2019-11-08,0.003991419264902651,0.0,0.003991419264902651,4.492458165566336,4.492458165566336
2019-11-11,-0.0013414978880920136,0.0,-0.0013414978880920136,4.486431542424887,4.486431542424887
2019-11-12,0.0028861107894395666,0.0,0.0028861107894395666,4.499379880905561,4.499379880905561
2019-11-13,0.0002477251727632801,0.0,0.0002477251727632801,4.500494490563886,4.500494490563886
2019-11-14,-0.0007935801251163221,0.0,-0.0007935801251163221,4.4969229875829795,4.4969229875829795
2019-11-15,0.007347491060894384,0.0,0.007347491060894384,4.529964089035776,4.529964089035776
2019-11-18,0.000788495790057242,0.0,0.000788495790057242,4.533535946649091,4.533535946649091
2019-11-19,0.001477343013531085,0.0,0.001477343013531085,4.5402335343064655,4.5402335343064655
2019-11-20,-0.005998837584133998,0.0,-0.005998837584133998,4.512997410740122,4.512997410740122
2019-11-21,-0.0022259423852842852,0.0,-0.0022259423852842852,4.5029517385188775,4.5029517385188775
2019-11-22,0.0006441415838795983,0.0,0.0006441415838795983,4.505852276983861,4.505852276983861
2019-11-25,0.011841852372061812,0.0,0.011841852372061812,4.559209914458222,4.559209914458222
2019-11-26,0.0019096686513706551,0.0,0.0019096686513706551,4.567916494706881,4.567916494706881
2019-11-27,0.0069889791772315135,0.0,0.0069889791772315135,4.59984156797172,4.59984156797172
2019-11-29,-0.0045623488760965225,0.0,-0.0045623488760965225,4.578855485963862,4.578855485963862
2019-12-02,-0.010238814011078734,0.0,-0.010238814011078734,4.53197343625947,4.53197343625947
2019-12-03,-0.007832476678204858,0.0,-0.007832476678204858,4.496476860013724,4.496476860013724
2019-12-04,0.005064333008051536,0.0,0.005064333008051536,4.519248516195831,4.519248516195831
2019-12-05,0.0019755211157899133,0.0,0.0019755211157899133,4.528176387067078,4.528176387067078
2019-12-06,0.010698940091386389,0.0,0.010698940091386389,4.576623074955539,4.576623074955539
2019-12-09,-0.004536367693201648,0.0,-0.004536367693201648,4.55586182989435,4.55586182989435
2019-12-10,-0.0008333647291650648,0.0,-0.0008333647291650648,4.552065135334367,4.552065135334367
2019-12-11,0.0052966615015102025,0.0,0.0052966615015102025,4.576175883489059,4.576175883489059
2019-12-12,0.007464353295776993,0.0,0.007464353295776993,4.610334077027035,4.610334077027035
2019-12-13,0.00329291945012411,0.0,0.00329291945012411,4.625515535780847,4.625515535780847
2019-12-16,0.010039080352433949,0.0,0.010039080352433949,4.671951457915982,4.671951457915982
2019-12-17,0.0005735510094528884,0.0,0.0005735510094528884,4.6746310603907855,4.6746310603907855
2019-12-18,0.0007638664249565164,0.0,0.0007638664249565164,4.678201854106877,4.678201854106877
2019-12-19,0.006251509946448852,0.0,0.006251509946448852,4.707447679529322,4.707447679529322
2019-12-20,0.004031441233837585,0.0,0.004031441233837585,4.726425478210709,4.726425478210709
2019-12-23,0.0026410457938086385,0.0,0.0026410457938086385,4.738908184339688,4.738908184339688
2019-12-24,0.000519499023937442,0.0,0.000519499023937442,4.741370042515982,4.741370042515982
2019-12-26,0.008823980823670308,0.0,0.008823980823670308,4.783207800849068,4.783207800849068
2019-12-27,-0.0008420948990089938,0.0,-0.0008420948990089938,4.779179885959073,4.779179885959073
2019-12-30,-0.006553662975952168,0.0,-0.006553662975952168,4.747858751685048,4.747858751685048
2019-12-31,0.0018846569341026687,0.0,0.0018846569341026687,4.756806836603552,4.756806836603552
2020-01-02,0.01669732643125177,0.0,0.01669732643125177,4.836232793124731,4.836232793124731
2020-01-03,-0.009159722971799678,0.0,-0.009159722971799678,4.7919342405125755,4.7919342405125755
2020-01-06,0.0064431198666587974,0.0,0.0064431198666587974,4.822809247217345,4.822809247217345
2020-01-07,-0.00013934376806135074,0.0,-0.00013934376806135074,4.822137218804197,4.822137218804197
2020-01-08,0.0075164928426523225,0.0,0.0075164928426523225,4.858382778695626,4.858382778695626
2020-01-09,0.008473353313716014,0.0,0.008473353313716014,4.899549572512788,4.899549572512788
2020-01-10,-0.002557207104244119,0.0,-0.002557207104244119,4.887020409538362,4.887020409538362
2020-01-13,0.011536789167088335,0.0,0.011536789167088335,4.943400933658464,4.943400933658464
2020-01-14,-0.00393737023841656,0.0,-0.00393737023841656,4.923936933945717,4.923936933945717
2020-01-15,0.0004088696112864998,0.0,0.0004088696112864998,4.925950182125899,4.925950182125899
2020-01-16,0.009583666989457784,0.0,0.009583666989457784,4.973158848278052,4.973158848278052
2020-01-17,0.004948579230214856,0.0,0.004948579230214856,4.9977689188632,4.9977689188632
2020-01-21,-0.0004477458903703324,0.0,-0.0004477458903703324,4.9955311883687585,4.9955311883687585
2020-01-22,0.0026423161742390455,0.0,0.0026423161742390455,5.008730961226701,5.008730961226701
2020-01-23,0.003216077683749985,0.0,0.003216077683749985,5.024839429095009,5.024839429095009
2020-01-24,-0.008414972557632128,0.0,-0.008414972557632128,4.982555543192667,4.982555543192667
2020-01-27,-0.02065571068182903,0.0,-0.02065571068182903,4.8796373174363366,4.8796373174363366
2020-01-28,0.015359922323916031,0.0,0.015359922323916031,4.954588167601041,4.954588167601041
2020-01-29,0.0016255038185024606,0.0,0.0016255038185024606,4.962641869586584,4.962641869586584
2020-01-30,0.0035616581472759368,0.0,0.0035616581472759368,4.98031710343341,4.98031710343341
2020-01-31,-0.01585782396028823,0.0,-0.01585782396028823,4.90134011154075,4.90134011154075
2020-02-03,0.015109215367476336,0.0,0.015109215367476336,4.97539551487527,4.97539551487527
2020-02-04,0.022888686493235832,0.0,0.022888686493235832,5.089275782995102,5.089275782995102
2020-02-05,0.0032974358030968265,0.0,0.0032974358030968265,5.106057343173784,5.106057343173784
2020-02-06,0.008631930907325724,0.0,0.008631930907325724,5.150132477368904,5.150132477368904
2020-02-07,-0.004300926296679997,0.0,-0.004300926296679997,5.127982137165602,5.127982137165602
2020-02-10,0.012085483028933641,0.0,0.012085483028933641,5.189956278256991,5.189956278256991
2020-02-11,0.00017239790036716052,0.0,0.00017239790036716052,5.19085101582236,5.19085101582236
2020-02-12,0.009741022780747732,0.0,0.009741022780747732,5.241415213818953,5.241415213818953
2020-02-13,-0.0012805945173748334,0.0,-0.0012805945173748334,5.234703086232851,5.234703086232851
2020-02-14,0.0028635735411468577,0.0,0.0028635735411468577,5.249693043486347,5.249693043486347
2020-02-18,0.00038349826618522265,0.0,0.00038349826618522265,5.251706291666529,5.251706291666529
2020-02-19,0.009585536995286636,0.0,0.009585536995286636,5.3020467166136775,5.3020467166136775
2020-02-20,-0.009283501698635455,0.0,-0.009283501698635455,5.25282515691375,5.25282515691375
2020-02-21,-0.01920959101616604,0.0,-0.01920959101616604,5.151920533970009,5.151920533970009
2020-02-24,-0.03856322098200693,0.0,-0.03856322098200693,4.953245883936784,4.953245883936784
2020-02-25,-0.02719178868766603,0.0,-0.02719178868766603,4.8185582685427235,4.8185582685427235
2020-02-26,0.005153791289962406,0.0,0.005153791289962406,4.843392112177315,4.843392112177315
2020-02-27,-0.05007373238147539,0.0,-0.05007373238147539,4.600865391733599,4.600865391733599
2020-02-28,0.000778194640847385,0.0,0.000778194640847385,4.604445760524706,4.604445760524706
2020-03-02,0.05160310832478299,0.0,0.05160310832478299,4.8420494738806505,4.8420494738806505
2020-03-03,-0.03206731882621827,0.0,-0.03206731882621827,4.686777929629398,4.686777929629398
2020-03-04,0.04172262209481992,0.0,0.04172262209481992,4.8823225940296675,4.8823225940296675
2020-03-05,-0.030382406048777844,0.0,-0.030382406048777844,4.733985886516736,4.733985886516736
2020-03-06,-0.016872207748389156,0.0,-0.016872207748389156,4.654113093161484,4.654113093161484
2020-03-09,-0.06946443044897099,0.0,-0.06946443044897099,4.330817777899923,4.330817777899923
2020-03-10,0.05445068887234439,0.0,0.05445068887234439,4.566633789287169,4.566633789287169
2020-03-11,-0.0435551010705757,0.0,-0.0435551010705757,4.367733593042461,4.367733593042461
2020-03-12,-0.09169138473240346,0.0,-0.09169138473240346,3.967250051754162,3.967250051754162
2020-03-13,0.08470567812312502,0.0,0.08470567812312502,4.303298657672001,4.303298657672001
2020-03-16,-0.11978771659362586,0.0,-0.11978771659362586,3.787816337649057,3.787816337649057
2020-03-17,0.07584136826588228,0.0,0.07584136826588228,4.075089511436224,4.075089511436224
2020-03-18,-0.03041608824418085,0.0,-0.03041608824418085,3.951141229253444,3.951141229253444
2020-03-19,0.006002237398299304,0.0,0.006002237398299304,3.9748569169056314,3.9748569169056314
2020-03-20,-0.03917602409481613,0.0,-0.03917602409481613,3.81913782655549,3.81913782655549
2020-03-23,0.0007223320097544672,0.0,0.0007223320097544672,3.821896512057275,3.821896512057275
2020-03-24,0.07743750269669891,0.0,0.07743750269669891,4.117854633516214,4.117854633516214
2020-03-25,-0.007404999856178485,0.0,-0.007404999856178485,4.087361920547263,4.087361920547263
2020-03-26,0.05266028841807335,0.0,0.05266028841807335,4.302603578152332,4.302603578152332
2020-03-27,-0.03439286950921294,0.0,-0.03439286950921294,4.1546246947390655,4.1546246947390655
2020-03-30,0.036373292734568796,0.0,0.036373292734568796,4.305742074963078,4.305742074963078
2020-03-31,-0.008539608578006064,0.0,-0.008539608578006064,4.268972723005041,4.268972723005041
2020-04-01,-0.04248945400050175,0.0,-0.04248945400050175,4.087586402861522,4.087586402861522
2020-04-02,0.020295042721131695,0.0,0.020295042721131695,4.170544143533913,4.170544143533913
2020-04-03,-0.01419296917762125,0.0,-0.01419296917762125,4.111351739050828,4.111351739050828
2020-04-06,0.07149471197833024,0.0,0.07149471197833024,4.405291647475874,4.405291647475874
2020-04-07,-0.00040709588166609745,0.0,-0.00040709588166609745,4.403498271388648,4.403498271388648
2020-04-08,0.02123237044979498,0.0,0.02123237044979498,4.496994977961804,4.496994977961804
2020-04-09,0.0014455801491428666,0.0,0.0014455801491428666,4.50349574463274,4.50349574463274
2020-04-13,0.010803797732004128,0.0,0.010803797732004128,4.552150601744694,4.552150601744694
2020-04-14,0.04349128106017863,0.0,0.04349128106017863,4.750129462993434,4.750129462993434
2020-04-15,-0.011469917987331546,0.0,-0.011469917987331546,4.695645867623692,4.695645867623692
2020-04-16,0.01823972149287334,0.0,0.01823972149287334,4.78129314047831,4.78129314047831
2020-04-17,0.009566180837940363,0.0,0.009566180837940363,4.827031855299329,4.827031855299329
2020-04-20,-0.011844218145025454,0.0,-0.011844218145025454,4.769859437012177,4.769859437012177
2020-04-21,-0.03689966008560053,0.0,-0.03689966008560053,4.593853245130334,4.593853245130334
2020-04-22,0.029674432571950682,0.0,0.029674432571950682,4.730173233498391,4.730173233498391
2020-04-23,-0.0021329645891141613,0.0,-0.0021329645891141613,4.720083941490963,4.720083941490963
2020-04-24,0.015770342934709802,0.0,0.015770342934709802,4.794521283928892,4.794521283928892
2020-04-27,0.008043821705123078,0.0,0.008043821705123078,4.833087558298234,4.833087558298234
2020-04-28,-0.018835020258733848,0.0,-0.018835020258733848,4.742056256225452,4.742056256225452
2020-04-29,0.035461249614953116,0.0,0.035461249614953116,4.910215496815613,4.910215496815613
2020-04-30,-0.00041102331154352356,0.0,-0.00041102331154352356,4.908197283781719,4.908197283781719
2020-05-01,-0.028185062411133166,0.0,-0.028185062411133166,4.769859437012177,4.769859437012177
2020-05-04,0.011657415593326892,0.0,0.011657415593326892,4.82546367079118,4.82546367079118
2020-05-05,0.011337298710327737,0.0,0.011337298710327737,4.880171393842774,4.880171393842774
2020-05-06,0.006156362256199754,0.0,0.006156362256199754,4.9102154968156135,4.9102154968156135
2020-05-07,0.012876780396838594,0.0,0.012876780396838594,4.973443263469262,4.973443263469262
2020-05-08,0.013704647124428426,0.0,0.013704647124428426,5.041602548388474,5.041602548388474
2020-05-11,0.008938749549992187,0.0,0.008938749549992187,5.086668170899121,5.086668170899121
2020-05-12,-0.020936947375796433,0.0,-0.020936947375796433,4.980168867086867,4.980168867086867
2020-05-13,-0.012515749631173412,0.0,-0.012515749631173412,4.917838320425443,4.917838320425443
2020-05-14,0.01135221571416456,0.0,0.01135221571416456,4.973666681886297,4.973666681886297
2020-05-15,0.006491263258340485,0.0,0.006491263258340485,5.005952061677658,5.005952061677658
2020-05-18,0.018632406458253703,0.0,0.018632406458253703,5.09922499520137,5.09922499520137
2020-05-19,-0.0025063108082723495,0.0,-0.0025063108082723495,5.086444752482084,5.086444752482084
2020-05-20,0.01996832571456264,0.0,0.01996832571456264,5.188012538028774,5.188012538028774
2020-05-21,-0.01089090718688046,0.0,-0.01089090718688046,5.131510374992731,5.131510374992731
2020-05-22,0.0034519143200435476,0.0,0.0034519143200435476,5.14922390913962,5.14922390913962
2020-05-26,-0.00269967591354503,0.0,-0.00269967591354503,5.135322673378665,5.135322673378665
2020-05-27,0.00545768116606582,0.0,0.00545768116606582,5.163349627214835,5.163349627214835
2020-05-28,-0.0013028407202526626,0.0,-0.0013028407202526626,5.156622605067598,5.156622605067598
2020-05-29,0.014652885263033877,0.0,0.014652885263033877,5.232182004444421,5.232182004444421
2020-06-01,0.002999494774843958,0.0,0.002999494774843958,5.247875907027784,5.247875907027784
2020-06-02,0.006707833290715115,0.0,0.006707833290715115,5.2830777837424865,5.2830777837424865
2020-06-03,0.004498589848452861,0.0,0.004498589848452861,5.306844183829018,5.306844183829018
2020-06-04,-0.007013534565345703,0.0,-0.007013534565345703,5.269624448712829,5.269624448712829
2020-06-05,0.019827316030749387,0.0,0.019827316030749387,5.374106958020822,5.374106958020822
2020-06-08,0.0077601185850277865,0.0,0.0077601185850277865,5.415810665303686,5.415810665303686
2020-06-09,0.007244811911874649,0.0,0.007244811911874649,5.455047194924136,5.455047194924136
2020-06-10,0.012001553998119086,0.0,0.012001553998119086,5.520516238396306,5.520516238396306
2020-06-11,-0.04954914183449477,0.0,-0.04954914183449477,5.246979396300376,5.246979396300376
2020-06-12,0.007948001100871904,0.0,0.007948001100871904,5.288682394318424,5.288682394318424
2020-06-15,0.012167324397633461,0.0,0.012167324397633461,5.353031508646149,5.353031508646149
2020-06-16,0.01717277287123764,0.0,0.01717277287123764,5.444957902916708,5.444957902916708
2020-06-17,0.0031705489608830906,0.0,0.0031705489608830906,5.462221408537853,5.462221408537853
2020-06-18,0.002709172699891127,0.0,0.002709172699891127,5.477019509658624,5.477019509658624
2020-06-19,-0.00016375062353435332,0.0,-0.00016375062353435332,5.476122644298807,5.476122644298807
2020-06-22,0.011992860624619572,0.0,0.011992860624619572,5.541797019935206,5.541797019935206
2020-06-23,0.00851078561634555,0.0,0.00851078561634555,5.588962066301177,5.588962066301177
2020-06-24,-0.020615520149463107,0.0,-0.020615520149463107,5.4737427062087605,5.4737427062087605
2020-06-25,0.009519418753874298,0.0,0.009519418753874298,5.525849555180127,5.525849555180127
2020-06-26,-0.023615015568054898,0.0,-0.023615015568054898,5.395356531907819,5.395356531907819
2020-06-29,0.010906510022616667,0.0,0.010906510022616667,5.454201041998662,5.454201041998662
2020-06-30,0.019601528543280455,0.0,0.019601528543280455,5.561111719404188,5.561111719404188
2020-07-01,0.01167215227320173,0.0,0.01167215227320173,5.626021862201361,5.626021862201361
2020-07-02,0.006786462953223049,0.0,0.006786462953223049,5.6642026511432135,5.6642026511432135
2020-07-06,0.024585026370145924,0.0,0.024585026370145924,5.8034572226874195,5.8034572226874195
2020-07-07,-0.00688921381567853,0.0,-0.00688921381567853,5.763475965010182,5.763475965010182
2020-07-08,0.013171878464964148,0.0,0.013171878464964148,5.839391769957038,5.839391769957038
2020-07-09,0.00842357917121661,0.0,0.00842357917121661,5.888580348843021,5.888580348843021
2020-07-10,0.006827085078818351,0.0,0.006827085078818351,5.9287821878780305,5.9287821878780305
2020-07-13,-0.020570332548435766,0.0,-0.020570332548435766,5.806825166666137,5.806825166666137
2020-07-14,0.007077899152258205,0.0,0.007077899152258205,5.847925289590594,5.847925289590594
2020-07-15,0.002035705778447472,0.0,0.002035705778447472,5.859829944894543,5.859829944894543
2020-07-16,-0.006822454063330818,0.0,-0.006822454063330818,5.81985152427657,5.81985152427657
2020-07-17,0.0011577032663758757,0.0,0.0011577032663758757,5.826589185396047,5.826589185396047
2020-07-20,0.028371132213507844,0.0,0.028371132213507844,5.9918961175287135,5.9918961175287135
2020-07-21,-0.010420762785394722,0.0,-0.010420762785394722,5.929455989453219,5.929455989453219
2020-07-22,0.0035228456257732077,0.0,0.0035228456257732077,5.9503445475488785,5.9503445475488785
2020-07-23,-0.02612017420919166,0.0,-0.02612017420919166,5.794920511362188,5.794920511362188
2020-07-24,-0.009495588912062147,0.0,-0.009495588912062147,5.739894328408216,5.739894328408216
2020-07-27,0.017843034088092402,0.0,0.017843034088092402,5.842311458572052,5.842311458572052
2020-07-28,-0.012725052405951232,0.0,-0.012725052405951232,5.767967739089833,5.767967739089833
2020-07-29,0.011526294037408125,0.0,0.011526294037408125,5.834451031248867,5.834451031248867
2020-07-30,0.005235377421824783,0.0,0.005235377421824783,5.86499658444661,5.86499658444661
2020-07-31,0.017845669449026103,0.0,0.017845669449026103,5.969661374812311,5.969661374812311
2020-08-03,0.013506498814438883,0.0,0.013506498814438883,6.050290599093815,6.050290599093815
2020-08-04,0.00371285228106788,0.0,0.00371285228106788,6.072754434345784,6.072754434345784
2020-08-05,0.0024770962904756555,0.0,0.0024770962904756555,6.0877972318280715,6.0877972318280715
2020-08-06,0.013245448984941621,0.0,0.013245448984941621,6.168432839492919,6.168432839492919
2020-08-07,-0.011542451890257044,0.0,-0.011542451890257044,6.09723400020479,6.09723400020479
2020-08-10,-0.004273223401699888,0.0,-0.004273223401699888,6.071179157189475,6.071179157189475
2020-08-11,-0.01894105249876754,0.0,-0.01894105249876754,5.9561846340437254,5.9561846340437254
2020-08-12,0.025151803686919605,0.0,0.025151803686919605,6.10599342068224,6.10599342068224
2020-08-13,0.002280661710170939,0.0,0.002280661710170939,6.1199191260793455,6.1199191260793455
2020-08-14,-0.0011747064016283115,0.0,-0.0011747064016283115,6.112730017904493,6.112730017904493
2020-08-17,0.011610735770884784,0.0,0.011610735770884784,6.183703310981138,6.183703310981138
2020-08-18,0.009625313802228419,0.0,0.009625313802228419,6.243223395809211,6.243223395809211
2020-08-19,-0.006727038927054618,0.0,-0.006727038927054618,6.201224988995304,6.201224988995304
2020-08-20,0.013871394286719463,0.0,0.013871394286719463,6.287244625878316,6.287244625878316
2020-08-21,0.006930376865893484,0.0,0.006930376865893484,6.330817600583716,6.330817600583716
2020-08-24,0.006244085321716497,0.0,0.006244085321716497,6.370347765837985,6.370347765837985
2020-08-25,0.007862277867213496,0.0,0.007862277867213496,6.420433210083786,6.420433210083786
2020-08-26,0.021339145230068635,0.0,0.021339145230068635,6.55743976679372,6.55743976679372
2020-08-27,-0.0031166837057634567,0.0,-0.0031166837057634567,6.537002301121029,6.537002301121029
2020-08-28,0.005084961475443794,0.0,0.005084961475443794,6.570242705987116,6.570242705987116
2020-08-31,0.008033179844885163,0.0,0.008033179844885163,6.623022647268856,6.623022647268856
2020-09-01,0.017092013489157676,0.0,0.017092013489157676,6.736223439694972,6.736223439694972
2020-09-02,0.00946925566411183,0.0,0.00946925566411183,6.800010461656027,6.800010461656027
2020-09-03,-0.05070067433248637,0.0,-0.05070067433248637,6.455245345782104,6.455245345782104
2020-09-04,-0.013325541056191992,0.0,-0.013325541056191992,6.3692257088990925,6.3692257088990925
2020-09-08,-0.04806415651424234,0.0,-0.04806415651424234,6.06309424755203,6.06309424755203
2020-09-09,0.0293758344377284,0.0,0.0293758344377284,6.241202700348462,6.241202700348462
2020-09-10,-0.019936728496427913,0.0,-0.019936728496427913,6.1167735366204425,6.1167735366204425
2020-09-11,-0.006939851374705097,0.0,-0.006939851374705097,6.074324037383567,6.074324037383567
2020-09-14,0.017415527376932083,0.0,0.017415527376932083,6.180111593952978,6.180111593952978
2020-09-15,0.014173219309787655,0.0,0.014173219309787655,6.2677036709330345,6.2677036709330345
2020-09-16,-0.015946312406768803,0.0,-0.015946312406768803,6.167756910123285,6.167756910123285
2020-09-17,-0.015622035270066004,0.0,-0.015622035270066004,6.071403994136146,6.071403994136146
2020-09-18,-0.012762763025872093,0.0,-0.012762763025872093,5.993916103724653,5.993916103724653
2020-09-21,0.0023984467427438094,0.0,0.0023984467427438094,6.008292192279911,6.008292192279911
2020-09-22,0.018578812452375137,0.0,0.018578812452375137,6.119919126079349,6.119919126079349
2020-09-23,-0.030534543565254757,0.0,-0.030534543565254757,5.933050188908243,5.933050188908243
2020-09-24,0.004656207021805692,0.0,0.004656207021805692,5.960675698858563,5.960675698858563
2020-09-25,0.023248873753275223,0.0,0.023248873753275223,6.099254695665541,6.099254695665541
2020-09-28,0.020768881192231525,0.0,0.020768881192231525,6.225929391800979,6.225929391800979
2020-09-29,-0.004509225559705787,0.0,-0.004509225559705787,6.1978552718545465,6.1978552718545465
2020-09-30,0.006848833805462862,0.0,0.006848833805462862,6.24030335256179,6.24030335256179
2020-10-01,0.015872324900236157,0.0,0.015872324900236157,6.339351474849684,6.339351474849684
2020-10-02,-0.02813093293864044,0.0,-0.02813093293864044,6.161019603636216,6.161019603636216
2020-10-05,0.021326227737404002,0.0,0.021326227737404002,6.292410910797972,6.292410910797972
2020-10-06,-0.017846786936988823,0.0,-0.017846786936988823,6.180111593952978,6.180111593952978
2020-10-07,0.017298863073620385,0.0,0.017298863073620385,6.287020498196464,6.287020498196464
2020-10-08,0.005323022421697576,0.0,0.005323022421697576,6.320486449274036,6.320486449274036
2020-10-09,0.01528033834714293,0.0,0.01528033834714293,6.417065620737475,6.417065620737475
2020-10-12,0.030870333194104926,0.0,0.030870333194104926,6.615162574578076,6.615162574578076
2020-10-13,-3.398812109811633e-05,0.0,-3.398812109811633e-05,6.614937737631408,6.614937737631408
2020-10-14,-0.008352462576680986,0.0,-0.008352462576680986,6.5596867177307665,6.5596867177307665
2020-10-15,-0.006710981976460806,0.0,-0.006710981976460806,6.515664778396846,6.515664778396846
2020-10-16,-0.005481083393521269,0.0,-0.005481083393521269,6.4799518763822235,6.4799518763822235
2020-10-19,-0.01632492363032889,0.0,-0.01632492363032889,6.374167156872077,6.374167156872077
2020-10-20,0.00214921409866653,0.0,0.00214921409866653,6.387866606792883,6.387866606792883
2020-10-21,-0.0007735678086534525,0.0,-0.0007735678086534525,6.382925158819896,6.382925158819896
2020-10-22,-3.533586966353308e-05,0.0,-3.533586966353308e-05,6.382699612608412,6.382699612608412
2020-10-23,0.0019705444005335693,0.0,0.0019705444005335693,6.395277005590325,6.395277005590325
2020-10-26,-0.014995948105136159,0.0,-0.014995948105136159,6.299373763496521,6.299373763496521
2020-10-27,0.007808318228994526,0.0,0.007808318228994526,6.348561278485281,6.348561278485281
2020-10-28,-0.03898645321187666,0.0,-0.03898645321187666,6.1010533912388825,6.1010533912388825
2020-10-29,0.01748652048258892,0.0,0.01748652048258892,6.20773958633015,6.20773958633015
2020-10-30,-0.025363336371752587,0.0,-0.025363336371752587,6.050290599093814,6.050290599093814
2020-11-02,0.0022275706947729734,0.0,0.0022275706947729734,6.063768049127216,6.063768049127216
2020-11-03,0.0172975298416691,0.0,0.0172975298416691,6.168656257909953,6.168656257909953
2020-11-04,0.04463857212862821,0.0,0.04463857212862821,6.444016265215381,6.444016265215381
2020-11-05,0.026070919478504484,0.0,0.026070919478504484,6.612017694383984,6.612017694383984
2020-11-06,0.0007472361594507149,0.0,0.0007472361594507149,6.616958433092155,6.616958433092155
2020-11-09,-0.020433750798557693,0.0,-0.020433750798557693,6.481749153425936,6.481749153425936
2020-11-10,-0.01791460852089588,0.0,-0.01791460852089588,6.365631154811662,6.365631154811662
2020-11-11,0.022369877295425278,0.0,0.022369877295425278,6.508029542652735,6.508029542652735
2020-11-12,-0.004693790364591832,0.0,-0.004693790364591832,6.477482216292953,6.477482216292953
2020-11-13,0.008772460981020691,0.0,0.008772460981020691,6.534305676290638,6.534305676290638
2020-11-16,0.0078029590828485595,0.0,0.0078029590828485595,6.58529259611756,6.58529259611756
2020-11-17,-0.0031723246287376217,0.0,-0.0031723246287376217,6.564401910227453,6.564401910227453
2020-11-18,-0.007390315951430693,0.0,-0.007390315951430693,6.515888906078697,6.515888906078697
2020-11-19,0.007824469422012204,0.0,0.007824469422012204,6.566872279581538,6.566872279581538
2020-11-20,-0.006840050922899299,0.0,-0.006840050922899299,6.521954538785025,6.521954538785025
2020-11-23,3.414760880282586e-05,0.0,3.414760880282586e-05,6.522177247937245,6.522177247937245
2020-11-24,0.01405017373905837,0.0,0.01405017373905837,6.613814971427697,6.613814971427697
2020-11-25,0.0061464545204188425,0.0,0.0061464545204188425,6.654466484356043,6.654466484356043
2020-11-27,0.009214467007375493,0.0,0.009214467007375493,6.715783846227827,6.715783846227827
2020-11-30,0.002039888453006178,0.0,0.002039888453006178,6.729483296148633,6.729483296148633
2020-12-01,0.012816440186889322,0.0,0.012816440186889322,6.815731316302393,6.815731316302393
2020-12-02,0.0012852809677683652,0.0,0.0012852809677683652,6.824491446044659,6.824491446044659
2020-12-03,0.0014149978128072949,0.0,0.0014149978128072949,6.834148086514334,6.834148086514334
2020-12-04,0.004075122738346426,0.0,0.004075122738346426,6.861998078778916,6.861998078778916
2020-12-07,0.005662440293364046,0.0,0.005662440293364046,6.90085373319318,6.90085373319318
2020-12-08,0.0033850357677052134,0.0,0.0033850357677052134,6.924213369907741,6.924213369907741
2020-12-09,-0.022640870873325558,0.0,-0.022640870873325558,6.7674431491003055,6.7674431491003055
2020-12-10,0.004015934618178063,0.0,0.004015934618178063,6.794620758319329,6.794620758319329
2020-12-11,-0.0022150757092417317,0.0,-0.0022150757092417317,6.7795701589240664,6.7795701589240664
2020-12-14,0.007255255692577123,0.0,0.007255255692577123,6.828757673912826,6.828757673912826
2020-12-15,0.010689412416241106,0.0,0.010689412416241106,6.9017530809798515,6.9017530809798515
2020-12-16,0.005499722275175145,0.0,0.005499722275175145,6.939710806137075,6.939710806137075
2020-12-17,0.006537670481048696,0.0,0.006537670481048696,6.985080348621372,6.985080348621372
2020-12-18,-0.0030226416860751337,0.0,-0.0030226416860751337,6.963966953579044,6.963966953579044
2020-12-21,-0.0018708425085482983,0.0,-0.0018708425085482983,6.950938468174163,6.950938468174163
2020-12-22,0.0027193317035709708,0.0,0.0027193317035709708,6.96984037552024,6.96984037552024
2020-12-23,-0.005035997285804283,0.0,-0.005035997285804283,6.934740278306632,6.934740278306632
2020-12-24,0.00441233444924416,0.0,0.00441233444924416,6.965338671733165,6.965338671733165
2020-12-28,0.01007921690381508,0.0,0.01007921690381508,7.0355438310140945,7.0355438310140945
2020-12-29,0.0008951066829254728,0.0,0.0008951066829254728,7.04184139331525,7.04184139331525
2020-12-30,3.20294364621887e-05,0.0,3.20294364621887e-05,7.042066939526735,7.042066939526735
2020-12-31,0.002460345957193688,0.0,0.002460345957193688,7.059392860451687,7.059392860451687
2021-01-04,-0.014120104936013456,0.0,-0.014120104936013456,6.959713492477564,6.959713492477564
2021-01-05,0.008244218081820298,0.0,0.008244218081820298,7.017090888296536,7.017090888296536
2021-01-06,-0.013852064659612418,0.0,-0.013852064659612418,6.919889691589476,6.919889691589476
2021-01-07,0.024192055574449034,0.0,0.024192055574449034,7.087296047577466,7.087296047577466
2021-01-08,0.012857702422247819,0.0,0.012857702422247819,7.17842239113559,7.17842239113559
2021-01-11,-0.014449950963023817,0.0,-0.014449950963023817,7.074694539591809,7.074694539591809
2021-01-12,-0.0015903255911688952,0.0,-0.0015903255911688952,7.063443471815793,7.063443471815793
2021-01-13,0.006753207005164574,0.0,0.006753207005164574,7.111144367750243,7.111144367750243
2021-01-14,-0.005347355167194978,0.0,-0.005347355167194978,7.073118553170684,7.073118553170684
2021-01-15,-0.007921211054638944,0.0,-0.007921211054638944,7.017090888296537,7.017090888296537
2021-01-19,0.014590127165683198,0.0,0.014590127165683198,7.119471136689941,7.119471136689941
2021-01-20,0.023260632938353787,0.0,0.023260632938353787,7.28507454151569,7.28507454151569
2021-01-21,0.007999763223832224,0.0,0.007999763223832224,7.343353412915784,7.343353412915784
2021-01-22,-0.0028803864056424766,0.0,-0.0028803864056424766,7.322201717573393,7.322201717573393
2021-01-25,0.008266068686946904,0.0,0.008266068686946904,7.382727539910536,7.382727539910536
2021-01-26,0.001463158851400026,0.0,0.001463158851400026,7.393529643058031,7.393529643058031
2021-01-27,-0.027876820664498925,0.0,-0.027876820664498925,7.187421543120846,7.187421543120846
2021-01-28,0.005916838026916782,0.0,0.005916838026916782,7.229948352222664,7.229948352222664
2021-01-29,-0.021038043451069854,0.0,-0.021038043451069854,7.077844384639612,7.077844384639612
2021-02-01,0.024987253395286624,0.0,0.024987253395286624,7.254700275771009,7.254700275771009
2021-02-02,0.01631396026721088,0.0,0.01631396026721088,7.373053167820461,7.373053167820461
2021-02-03,-0.003967256116342854,0.0,-0.003967256116342854,7.343802377544304,7.343802377544304
2021-02-04,0.011826710275779417,0.0,0.011826710275779417,7.430655400586101,7.430655400586101
2021-02-05,0.0033913803767648965,0.0,0.0033913803767648965,7.4558555794981505,7.4558555794981505
2021-02-08,0.006699714328929796,0.0,0.006699714328929796,7.5058076819585455,7.5058076819585455
2021-02-09,-0.00020959094990435911,0.0,-0.00020959094990435911,7.504234532596684,7.504234532596684
2021-02-10,-0.002279141423211062,0.0,-0.002279141423211062,7.487131320823952,7.487131320823952
2021-02-11,0.005499618896446012,0.0,0.005499618896446012,7.5283076897161285,7.5283076897161285
2021-02-12,0.0055890948773444915,0.0,0.0055890948773444915,7.570384115659794,7.570384115659794
2021-02-16,-0.0027044384889209905,0.0,-0.0027044384889209905,7.549910477481488,7.549910477481488
2021-02-17,-0.004798444747005082,0.0,-0.004798444747005082,7.513682649210458,7.513682649210458
2021-02-18,-0.004372065038007356,0.0,-0.004372065038007356,7.480832339993163,7.480832339993163
2021-02-19,-0.004361303669515593,0.0,-0.004361303669515593,7.44820615845772,7.44820615845772
2021-02-22,-0.025920016607459795,0.0,-0.025920016607459795,7.2551485311347115,7.2551485311347115
2021-02-23,-0.002977189317820428,0.0,-0.002977189317820428,7.233548580428617,7.233548580428617
2021-02-24,0.008243046118719288,0.0,0.008243046118719288,7.293175054979087,7.293175054979087
2021-02-25,-0.03486274309582338,0.0,-0.03486274309582338,7.038914966684484,7.038914966684484
2021-02-26,0.0041879273185727595,0.0,0.0041879273185727595,7.068393430966572,7.068393430966572
2021-03-01,0.030081870974170366,0.0,0.030081870974170366,7.281023930151582,7.281023930151582
2021-03-02,-0.01603852792527427,0.0,-0.01603852792527427,7.164247024523255,7.164247024523255
2021-03-03,-0.029020147415866338,0.0,-0.029020147415866338,6.9563395197479085,6.9563395197479085
2021-03-04,-0.016366842896844425,0.0,-0.016366842896844425,6.8424862036910845,6.8424862036910845
2021-03-05,0.015060803578702986,0.0,0.015060803578702986,6.945539544394861,6.945539544394861
2021-03-08,-0.02831436831318379,0.0,-0.02831436831318379,6.748880979601082,6.748880979601082
2021-03-09,0.03944124206450672,0.0,0.03944124206450672,7.015065227982073,7.015065227982073
2021-03-10,-0.0028543220012102744,0.0,-0.0028543220012102744,6.995041972961919,6.995041972961919
2021-03-11,0.02303114541068374,0.0,0.02303114541068374,7.156145801795041,7.156145801795041
2021-03-12,-0.008112373167976417,0.0,-0.008112373167976417,7.098092476606431,7.098092476606431
2021-03-15,0.010682899806108814,0.0,0.010682899806108814,7.173920687348512,7.173920687348512
2021-03-16,0.005488805425273524,0.0,0.005488805425273524,7.213296942137712,7.213296942137712
2021-03-17,0.004117657007243869,0.0,0.004117657007243869,7.242998824836836,7.242998824836836
2021-03-18,-0.030630491772360324,0.0,-0.030630491772360324,7.021142208925456,7.021142208925456
2021-03-19,0.0035250383794298568,0.0,0.0035250383794298568,7.045892004679353,7.045892004679353
2021-03-22,0.01875332567350485,0.0,0.01875332567350485,7.178025912103449,7.178025912103449
2021-03-23,-0.004362881810209607,0.0,-0.004362881810209607,7.146709033418319,7.146709033418319
2021-03-24,-0.016864755149772925,0.0,-0.016864755149772925,7.026181535443049,7.026181535443049
2021-03-25,-0.0017316274269433274,0.0,-0.0017316274269433274,7.014014806789593,7.014014806789593
2021-03-26,0.015000100109878067,0.0,0.015000100109878067,7.119225731063604,7.119225731063604
2021-03-29,-0.0002852311817158615,0.0,-0.0002852311817158615,7.11719510589543,7.11719510589543
2021-03-30,-0.005032782044621764,0.0,-0.005032782044621764,7.0813758141584096,7.0813758141584096
2021-03-31,0.015302920932237507,0.0,0.015302920932237507,7.189741548333934,7.189741548333934
2021-04-01,0.01704615013693056,0.0,0.01704615013693056,7.312298962212562,7.312298962212562
2021-04-05,0.01996491067430939,0.0,0.01996491067430939,7.458288357816981,7.458288357816981
2021-04-06,-0.0006948776665347545,0.0,-0.0006948776665347545,7.453105759806558,7.453105759806558
2021-04-07,0.002418394069476859,0.0,0.002418394069476859,7.471130306575258,7.471130306575258
2021-04-08,0.010433729088160204,0.0,0.010433729088160204,7.549082056176408,7.549082056176408
2021-04-09,0.00605813991616122,0.0,0.00605813991616122,7.594815451511306,7.594815451511306
2021-04-12,-0.001305377814796782,0.0,-0.001305377814796782,7.584901347913427,7.584901347913427
2021-04-13,0.011673332221810107,0.0,0.011673332221810107,7.673442421217276,7.673442421217276
2021-04-14,-0.012008003055402838,0.0,-0.012008003055402838,7.581299701177841,7.581299701177841
2021-04-15,0.015155176535030845,0.0,0.015155176535030845,7.696195636514167,7.696195636514167
2021-04-16,0.0011709575974374609,0.0,0.0011709575974374609,7.705207555266108,7.705207555266108
2021-04-19,-0.009151616942144836,0.0,-0.009151616942144836,7.634692447260592,7.634692447260592
2021-04-20,-0.00728858179783165,0.0,-0.00728858179783165,7.579046366857446,7.579046366857446
2021-04-21,0.008561098686497237,0.0,0.008561098686497237,7.6439313307536505,7.6439313307536505
2021-04-22,-0.012054640975535547,0.0,-0.012054640975535547,7.551786482919767,7.551786482919767
2021-04-23,0.012589430753810582,0.0,0.012589430753810582,7.646859175914049,7.646859175914049
2021-04-26,0.006510942746889459,0.0,0.006510942746889459,7.696647438201952,7.696647438201952
2021-04-27,-0.004332178202539061,0.0,-0.004332178202539061,7.663304189937545,7.663304189937545
2021-04-28,-0.0033806052880936965,0.0,-0.0033806052880936965,7.637397583268771,7.637397583268771
2021-04-29,0.003598423781171922,0.0,0.003598423781171922,7.66488017635867,7.66488017635867
2021-04-30,-0.006554486639703372,0.0,-0.006554486639703372,7.6146408216478,7.6146408216478
2021-05-03,-0.0053255585921822,0.0,-0.0053255585921822,7.574088605793692,7.574088605793692
2021-05-04,-0.0179954878774633,0.0,-0.0179954878774633,7.437789186105299,7.437789186105299
2021-05-05,-0.0033626665908875752,0.0,-0.0033626665908875752,7.412778380899118,7.412778380899118
2021-05-06,0.00753749155013872,0.0,0.00753749155013872,7.468652135308196,7.468652135308196
2021-05-07,0.00811423826405977,0.0,0.00811423826405977,7.529254558245466,7.529254558245466
2021-05-10,-0.025254211358856082,0.0,-0.025254211358856082,7.339109172256904,7.339109172256904
2021-05-11,-0.0013813980745858156,0.0,-0.0013813980745858156,7.3289709409771735,7.3289709409771735
2021-05-12,-0.025882897388745385,0.0,-0.025882897388745385,7.139275938146764,7.139275938146764
2021-05-13,0.007731373179580059,0.0,0.007731373179580059,7.194472344656574,7.194472344656574
2021-05-14,0.022076858003445166,0.0,0.022076858003445166,7.3533036890192705,7.3533036890192705
2021-05-17,-0.006066457095109001,0.0,-0.006066457095109001,7.308695187682528,7.308695187682528
2021-05-18,-0.006750766914254913,0.0,-0.006750766914254913,7.259355890023147,7.259355890023147
2021-05-19,0.0011486028930216552,0.0,0.0011486028930216552,7.267694007199902,7.267694007199902
2021-05-20,0.01934311388366261,0.0,0.01934311388366261,7.4082738400527814,7.4082738400527814
2021-05-21,-0.0055346077416533745,0.0,-0.0055346077416533745,7.367271950305337,7.367271950305337
2021-05-24,0.01681878505217238,0.0,0.01681878505217238,7.4911805136584215,7.4911805136584215
2021-05-25,0.0013838425774919116,0.0,0.0013838425774919116,7.5015471282089,7.5015471282089
2021-05-26,0.003483662996237591,0.0,0.003483662996237591,7.527679990353974,7.527679990353974
2021-05-27,-0.0037410410053144716,0.0,-0.0037410410053144716,7.4995186308351744,7.4995186308351744
2021-05-28,0.0031540666511500337,0.0,0.0031540666511500337,7.52317261244837,7.52317261244837
2021-06-01,-0.003324125264059119,0.0,-0.003324125264059119,7.498164644301453,7.498164644301453
2021-06-02,0.001953131281485998,0.0,0.001953131281485998,7.5128095442219704,7.5128095442219704
2021-06-03,-0.010405678038667432,0.0,-0.010405678038667432,7.434633666938969,7.434633666938969
2021-06-04,0.016969484082922204,0.0,0.016969484082922204,7.560795564612447,7.560795564612447
2021-06-07,0.0029800059024136516,0.0,0.0029800059024136516,7.5833267800219355,7.5833267800219355
2021-06-08,0.0004753169551319214,0.0,0.0004753169551319214,7.586931263816786,7.586931263816786
2021-06-09,0.00023745208305769872,0.0,0.00023745208305769872,7.588732796449395,7.588732796449395
2021-06-10,0.010420643706887223,0.0,0.010420643706887223,7.667812277107964,7.667812277107964
2021-06-11,0.0026145761742977225,0.0,0.0026145761742977225,7.687860356396678,7.687860356396678
2021-06-14,0.009582998591408431,0.0,0.009582998591408431,7.761533111362972,7.761533111362972
2021-06-15,-0.006531257961661208,0.0,-0.006531257961661208,7.710840536434685,7.710840536434685
2021-06-16,-0.003651901707900085,0.0,-0.003651901707900085,7.682681304710334,7.682681304710334
2021-06-17,0.01269731775440186,0.0,0.01269731775440186,7.780230750442044,7.780230750442044
2021-06-18,-0.007847353964608894,0.0,-0.007847353964608894,7.719176525816991,7.719176525816991
2021-06-21,0.006215090593897132,0.0,0.006215090593897132,7.7671519072352275,7.7671519072352275
2021-06-22,0.009321622976552701,0.0,0.009321622976552701,7.839554368916087,7.839554368916087
2021-06-23,0.000489185313294449,0.0,0.000489185313294449,7.843389363776134,7.843389363776134
2021-06-24,0.006182767646687015,0.0,0.006182767646687015,7.891883217774858,7.891883217774858
2021-06-25,-0.0012290091085976895,0.0,-0.0012290091085976895,7.882184021416223,7.882184021416223
2021-06-28,0.012161421016046337,0.0,0.012161421016046337,7.978042579826619,7.978042579826619
2021-06-29,0.003618849274207525,0.0,0.003618849274207525,8.00691391342622,8.00691391342622
2021-06-30,-0.0015774601775014885,0.0,-0.0015774601775014885,7.994283325583108,7.994283325583108
2021-07-01,0.0003952542869121167,0.0,0.0003952542869121167,7.9974431003383355,7.9974431003383355
2021-07-02,0.011478509500092215,0.0,0.011478509500092215,8.089241826942017,8.089241826942017
2021-07-06,0.0043220108042816285,0.0,0.0043220108042816285,8.124203617516507,8.124203617516507
2021-07-07,0.002109931370483764,0.0,0.002109931370483764,8.141345129589302,8.141345129589302
2021-07-08,-0.0060397772579491305,0.0,-0.0060397772579491305,8.092173218426494,8.092173218426494
2021-07-09,0.006243710690307935,0.0,0.006243710690307935,8.142698406858207,8.142698406858207
2021-07-12,0.0039056739541396546,0.0,0.0039056739541396546,8.174501131942288,8.174501131942288
2021-07-13,0.0,0.0,0.0,8.174501131942288,8.174501131942288
2021-07-14,0.001793616765041417,0.0,0.001793616765041417,8.189163054218389,8.189163054218389
2021-07-15,-0.007023651852054558,0.0,-0.007023651852054558,8.131645223965851,8.131645223965851
2021-07-16,-0.00809942142504072,0.0,-0.00809942142504072,8.065783602418032,8.065783602418032
2021-07-19,-0.008193345183456158,0.0,-0.008193345183456158,7.99969785318836,7.99969785318836
2021-07-20,0.011616157272646088,0.0,0.011616157272646088,8.092623601584645,8.092623601584645
2021-07-21,0.007720679874172243,0.0,0.007720679874172243,8.15510415775465,8.15510415775465
2021-07-22,0.0066102984457776515,0.0,0.0066102984457776515,8.20901183009381,8.20901183009381
2021-07-23,0.011677321175710409,0.0,0.011677321175710409,8.304871097769023,8.304871097769023
2021-07-26,0.0007875908073753379,0.0,0.0007875908073753379,8.311411937902063,8.311411937902063
2021-07-27,-0.011017764620064208,0.0,-0.011017764620064208,8.219838757509866,8.219838757509866
2021-07-28,0.0038414950145988502,0.0,0.0038414950145988502,8.251415227117647,8.251415227117647
2021-07-29,0.001776811929558697,0.0,0.001776811929558697,8.266076440128932,8.266076440128932
2021-07-30,-0.0052118383491803755,0.0,-0.0052118383491803755,8.222994985941012,8.222994985941012
2021-08-02,8.228615432814834e-05,0.0,8.228615432814834e-05,8.223671624575465,8.223671624575465
2021-08-03,0.006061679179055313,0.0,0.006061679179055313,8.273520883637541,8.273520883637541
2021-08-04,0.0014445870847861197,0.0,0.0014445870847861197,8.285472705051752,8.285472705051752
2021-08-05,0.00634304235931249,0.0,0.00634304235931249,8.338027809386823,8.338027809386823
2021-08-06,-0.004382489979052218,0.0,-0.004382489979052218,8.301486486067127,8.301486486067127
2021-08-09,0.00184777391387847,0.0,0.00184777391387847,8.316825756242496,8.316825756242496
2021-08-10,-0.005125711870077265,0.0,-0.005125711870077265,8.274196103742359,8.274196103742359
2021-08-11,-0.001717401957863962,0.0,-0.001717401957863962,8.25998598315404,8.25998598315404
2021-08-12,0.0036044624338884557,0.0,0.0036044624338884557,8.289758792334764,8.289758792334764
2021-08-13,0.0035099790645285456,0.0,0.0035099790645285456,8.318855672145851,8.318855672145851
2021-08-16,0.0004338023793140078,0.0,0.0004338023793140078,8.322464411529598,8.322464411529598
2021-08-17,-0.008808130881287735,0.0,-0.008808130881287735,8.249159055737985,8.249159055737985
2021-08-18,-0.0096245439929592,0.0,-0.0096245439929592,8.169764661501118,8.169764661501118
2021-08-19,0.00483138718310272,0.0,0.00483138718310272,8.20923595777566,8.20923595777566
2021-08-20,0.010358390048840205,0.0,0.010358390048840205,8.294270425829264,8.294270425829264
2021-08-23,0.014956585241547415,0.0,0.014956585241547415,8.418324388469626,8.418324388469626
2021-08-24,0.0030545741310303853,0.0,0.0030545741310303853,8.444038784373268,8.444038784373268
2021-08-25,0.0011484762299942552,0.0,0.0011484762299942552,8.45373656220227,8.45373656220227
2021-08-26,-0.006350022438938563,0.0,-0.006350022438938563,8.40005514533941,8.40005514533941
2021-08-27,0.009720241617916958,0.0,0.009720241617916958,8.481705710955936,8.481705710955936
2021-08-30,0.011222109359183552,0.0,0.011222109359183552,8.576888339996694,8.576888339996694
2021-08-31,-0.0008152888954162663,0.0,-0.0008152888954162663,8.56989569817587,8.56989569817587
2021-09-01,0.0016582266988567351,0.0,0.0016582266988567351,8.584106528029002,8.584106528029002
2021-09-02,-0.0004730301352007249,0.0,-0.0004730301352007249,8.58004598695747,8.58004598695747
2021-09-03,0.003075696336427125,0.0,0.003075696336427125,8.606435602965933,8.606435602965933
2021-09-07,0.0014151613957289477,0.0,0.0014151613957289477,8.618615098386076,8.618615098386076
2021-09-08,-0.003480811427285735,0.0,-0.003480811427285735,8.588615324464236,8.588615324464236
2021-09-09,-0.003440282496420033,0.0,-0.003440282496420033,8.559068061494997,8.559068061494997
2021-09-10,-0.00758913118941329,0.0,-0.00758913118941329,8.494112171117195,8.494112171117195
2021-09-13,-0.0006907182810467205,0.0,-0.0006907182810467205,8.488245132559342,8.488245132559342
2021-09-14,-0.0028430771009921862,0.0,-0.0028430771009921862,8.464112397195354,8.464112397195354
2021-09-15,0.007434695962892146,0.0,0.007434695962892146,8.527040499464247,8.527040499464247
2021-09-16,0.0006876350867737191,0.0,0.0006876350867737191,8.532903991698019,8.532903991698019
2021-09-17,-0.01184193814589296,0.0,-0.01184193814589296,8.431857870423487,8.431857870423487
2021-09-20,-0.020663153593245553,0.0,-0.020663153593245553,8.25762909617051,8.25762909617051
2021-09-21,0.001230403832710003,0.0,0.001230403832710003,8.267789314659534,8.267789314659534
2021-09-22,0.009340521328071283,0.0,0.009340521328071283,8.345014777089112,8.345014777089112
2021-09-23,0.009226715735749291,0.0,0.009226715735749291,8.422011856247941,8.422011856247941
2021-09-24,0.0009384144761908075,0.0,0.0009384144761908075,8.429915194092494,8.429915194092494
2021-09-27,-0.007982212166209979,0.0,-0.007982212166209979,8.362625822470092,8.362625822470092
2021-09-28,-0.02829739566966949,0.0,-0.02829739566966949,8.12598529073426,8.12598529073426
2021-09-29,-0.0016395341397809071,0.0,-0.0016395341397809071,8.112662460430743,8.112662460430743
2021-09-30,-0.0036739400298773095,0.0,-0.0036739400298773095,8.082857025068483,8.082857025068483
2021-10-01,0.006201592017483826,0.0,0.006201592017483826,8.13298360667361,8.13298360667361
2021-10-04,-0.020989327431066074,0.0,-0.020989327431066074,7.962277750761645,7.962277750761645
2021-10-05,0.01349898896321955,0.0,0.01349898896321955,8.069760450241265,8.069760450241265
2021-10-06,0.006407567262844749,0.0,0.006407567262844749,8.12146798312123,8.12146798312123
2021-10-07,0.00917519726573679,0.0,0.00917519726573679,8.195984053953733,8.195984053953733
2021-10-08,-0.0049864978943119365,0.0,-0.0049864978943119365,8.15511479672688,8.15511479672688
2021-10-11,-0.007669953938877816,0.0,-0.007669953938877816,8.092565441869723,8.092565441869723
2021-10-12,-0.0034877930311449923,0.0,-0.0034877930311449923,8.064340248517485,8.064340248517485
2021-10-13,0.008008180123850517,0.0,0.008008180123850517,8.128920937807631,8.128920937807631
2021-10-14,0.018416546753299734,0.0,0.018416546753299734,8.278627590312643,8.278627590312643
2021-10-15,0.006300652194865863,0.0,0.006300652194865863,8.330788343410024,8.330788343410024
2021-10-18,0.010055708202863167,0.0,0.010055708202863167,8.41456032009117,8.41456032009117
2021-10-19,0.0075674881981102615,0.0,0.0075674881981102615,8.478237406005746,8.478237406005746
2021-10-20,-0.001305050873141811,0.0,-0.001305050873141811,8.467172874876335,8.467172874876335
2021-10-21,0.006107158871488716,0.0,0.006107158871488716,8.518883244815564,8.518883244815564
2021-10-22,-0.008402476291464178,0.0,-0.008402476291464178,8.44730353032125,8.44730353032125
2021-10-25,0.010237664445581274,0.0,0.010237664445581274,8.533784189334654,8.533784189334654
2021-10-26,0.003148886295591735,0.0,0.003148886295591735,8.560656105417987,8.560656105417987
2021-10-27,0.0023210900630998843,0.0,0.0023210900630998843,8.580526159237888,8.580526159237888
2021-10-28,0.01110526522439037,0.0,0.01110526522439037,8.675815178001043,8.675815178001043
2021-10-29,0.004919096634403042,0.0,0.004919096634403042,8.718492351243851,8.718492351243851
2021-11-01,0.003418726934229843,0.0,0.003418726934229843,8.748298495870925,8.748298495870925
2021-11-02,0.004181260432781109,0.0,0.004181260432781109,8.784877410225869,8.784877410225869
2021-11-03,0.010615464756192017,0.0,0.010615464756192017,8.878132966761589,8.878132966761589
2021-11-04,0.012818742972767305,0.0,0.012818742972767305,8.991939471340558,8.991939471340558
2021-11-05,0.0009545008132700872,0.0,0.0009545008132700872,9.000522284878828,9.000522284878828
2021-11-08,-0.001354932398376918,0.0,-0.001354932398376918,8.988327185632732,8.988327185632732
2021-11-09,-0.006883279682733168,0.0,-0.006883279682733168,8.926458015734108,8.926458015734108
2021-11-10,-0.014696903772179915,0.0,-0.014696903772179915,8.79526672125046,8.79526672125046
2021-11-11,0.002772459909003988,0.0,0.002772459909003988,8.819651245624124,8.819651245624124
2021-11-12,0.010522624994772745,0.0,0.010522624994772745,8.912457128266507,8.912457128266507
2021-11-15,-0.00022815955220567563,0.0,-0.00022815955220567563,8.910423666039069,8.910423666039069
2021-11-16,0.007121205524106333,0.0,0.007121205524106333,8.973876624271794,8.973876624271794
2021-11-17,0.0005282807228752517,0.0,0.0005282807228752517,8.978617350301858,8.978617350301858
2021-11-18,0.010361600651170644,0.0,0.010361600651170644,9.071650197685358,9.071650197685358
2021-11-19,0.005575277227530817,0.0,0.005575277227530817,9.122227162448638,9.122227162448638
2021-11-22,-0.011609121002369438,0.0,-0.011609121002369438,9.016326123508671,9.016326123508671
2021-11-23,-0.004557899985006553,0.0,-0.004557899985006553,8.975230610805516,8.975230610805516
2021-11-24,0.0032203351389685775,0.0,0.0032203351389685775,9.00413386132184,9.00413386132184
2021-11-26,-0.018958609294476347,0.0,-0.018958609294476347,8.833428005409875,8.833428005409875
2021-11-29,0.02170230724315947,0.0,0.02170230724315947,9.025133773993609,9.025133773993609
2021-11-30,-0.014686554393085749,0.0,-0.014686554393085749,8.892585655916976,8.892585655916976
2021-12-01,-0.01701262052500485,0.0,-0.01701262052500485,8.741299470666759,8.741299470666759
2021-12-02,0.007206974168666891,0.0,0.007206974168666891,8.804297790152436,8.804297790152436
2021-12-03,-0.017388645202598862,0.0,-0.017388645202598862,8.65120297962145,8.65120297962145
2021-12-06,0.008013004058316175,0.0,0.008013004058316175,8.720525104206473,8.720525104206473
2021-12-07,0.0301138797613143,0.0,0.0301138797613143,8.98313394865007,8.98313394865007
2021-12-08,0.004474152289984046,0.0,0.004474152289984046,9.023325857977655,9.023325857977655
2021-12-09,-0.014714257091389848,0.0,-0.014714257091389848,8.890554321483986,8.890554321483986
2021-12-10,0.010870301423538953,0.0,0.010870301423538953,8.987197326780864,8.987197326780864
2021-12-13,-0.01444676073077844,0.0,-0.01444676073077844,8.857361437360568,8.857361437360568
2021-12-14,-0.010350343463306766,0.0,-0.010350343463306766,8.765684704305238,8.765684704305238
2021-12-15,0.02279746176661357,0.0,0.02279746176661357,8.965520066209827,8.965520066209827
2021-12-16,-0.02571448055160752,0.0,-0.02571448055160752,8.734976374832227,8.734976374832227
2021-12-17,-0.0049889018228682636,0.0,-0.0049889018228682636,8.691398435273115,8.691398435273115
2021-12-20,-0.009700757175458485,0.0,-0.009700757175458485,8.60708528953737,8.60708528953737
2021-12-21,0.022380391753887396,0.0,0.022380391753887396,8.799715230176337,8.799715230176337
2021-12-22,0.012178712791005353,0.0,0.012178712791005353,8.90688443460729,8.90688443460729
2021-12-23,0.007539072382341194,0.0,0.007539072382341194,8.974034081060942,8.974034081060942
2021-12-27,0.016527135243340707,0.0,0.016527135243340707,9.122349155996986,9.122349155996986
2021-12-28,-0.004634691674045843,0.0,-0.004634691674045843,9.080069880315948,9.080069880315948
2021-12-29,-0.00014958498563555356,0.0,-0.00014958498563555356,9.078711638193331,9.078711638193331
2021-12-30,-0.0029882410955103245,0.0,-0.0029882410955103245,9.051582258981794,9.051582258981794
2021-12-31,-0.006244670669511954,0.0,-0.006244670669511954,8.995058108736457,8.995058108736457
2022-01-03,0.009626857362917685,0.0,0.009626857362917685,9.081652250120419,9.081652250120419
2022-01-04,-0.01297054634225736,0.0,-0.01297054634225736,8.963858258745965,8.963858258745965
2022-01-05,-0.030720814822381537,0.0,-0.030720814822381537,8.688481229084955,8.688481229084955
2022-01-06,-0.0007030214411744007,0.0,-0.0007030214411744007,8.682373040489667,8.682373040489667
2022-01-07,-0.010832611055788699,0.0,-0.010832611055788699,8.588320270300777,8.588320270300777
2022-01-10,0.0006582009526323596,0.0,0.0006582009526323596,8.593973110884201,8.593973110884201
2022-01-11,0.015022034815652452,0.0,0.015022034815652452,8.723072074160685,8.723072074160685
2022-01-12,0.00396536168873074,0.0,0.00396536168873074,8.757662209971599,8.757662209971599
2022-01-13,-0.025016114570689973,0.0,-0.025016114570689973,8.538579528755548,8.538579528755548
2022-01-14,0.006222549834142388,0.0,0.006222549834142388,8.591711265386017,8.591711265386017
2022-01-18,-0.02489395135775696,0.0,-0.02489395135775696,8.377829623065605,8.377829623065605
2022-01-19,-0.010983753712646704,0.0,-0.010983753712646704,8.285809605839336,8.285809605839336
2022-01-20,-0.012988421495138236,0.0,-0.012988421495138236,8.17819001825023,8.17819001825023
2022-01-21,-0.027728765327695193,0.0,-0.027728765327695193,7.951418906428871,7.951418906428871
2022-01-24,0.004578089501275029,0.0,0.004578089501275029,7.987821213844633,7.987821213844633
2022-01-25,-0.023181704607145637,0.0,-0.023181704607145637,7.802649902010595,7.802649902010595
2022-01-26,-0.0015644885905776729,0.0,-0.0015644885905776729,7.790442745262627,7.790442745262627
2022-01-27,-0.010070623829870562,0.0,-0.010070623829870562,7.7119881269069435,7.7119881269069435
2022-01-28,0.031369105767623084,0.0,0.031369105767623084,7.95390629813854,7.95390629813854
2022-01-31,0.03197837546125282,0.0,0.03197837546125282,8.208259300124038,8.208259300124038
2022-02-01,0.006803387081833812,0.0,0.006803387081833812,8.264103265410844,8.264103265410844
2022-02-02,0.008125718192458109,0.0,0.008125718192458109,8.331255039658945,8.331255039658945
2022-02-03,-0.04054391479888386,0.0,-0.04054391479888386,7.993473345163241,7.993473345163241
2022-02-04,0.012614991389149566,0.0,0.012614991389149566,8.094310942581872,8.094310942581872
2022-02-07,-0.0080445976715382,0.0,-0.0080445976715382,8.029195467620472,8.029195467620472
2022-02-08,0.011235332735948234,0.0,0.011235332735948234,8.119406150301156,8.119406150301156
2022-02-09,0.02119083615247419,0.0,0.02119083615247419,8.291463155687579,8.291463155687579
2022-02-10,-0.022632675410270253,0.0,-0.022632675410270253,8.103805161408687,8.103805161408687
2022-02-11,-0.03172163382343274,0.0,-0.03172163382343274,7.846739221502037,7.846739221502037
2022-02-14,0.001238881947458026,0.0,0.001238881947458026,7.856460405069966,7.856460405069966
2022-02-15,0.024864070809658356,0.0,0.024864070809658356,8.051803992894904,8.051803992894904
2022-02-16,-0.0002524593202237746,0.0,-0.0002524593202237746,8.049771239932282,8.049771239932282
2022-02-17,-0.029743975439179615,0.0,-0.029743975439179615,7.810339041880722,7.810339041880722
2022-02-18,-0.011405591052572328,0.0,-0.011405591052572328,7.721257508787091,7.721257508787091
2022-02-22,-0.01004346478958884,0.0,-0.01004346478958884,7.64370933086624,7.64370933086624
2022-02-23,-0.02561513942677829,0.0,-0.02561513942677829,7.447914650618335,7.447914650618335
2022-02-24,0.03360447215256146,0.0,0.03360447215256146,7.698197891089693,7.698197891089693
2022-02-25,0.015506960668324465,0.0,0.015506960668324465,7.8175735430038,7.8175735430038
2022-02-28,0.0029788388398559462,0.0,0.0029788388398559462,7.840860834707129,7.840860834707129
2022-03-01,-0.015311472826606609,0.0,-0.015311472826606609,7.7208057070993075,7.7208057070993075
2022-03-02,0.016779527829583918,0.0,0.016779527829583918,7.85035718132839,7.85035718132839
2022-03-03,-0.014284937292097788,0.0,-0.014284937292097788,7.738215321272545,7.738215321272545
2022-03-04,-0.014491770630617684,0.0,-0.014491770630617684,7.626074879746332,7.626074879746332
2022-03-07,-0.03688140829256914,0.0,-0.03688140829256914,7.344814498436702,7.344814498436702
2022-03-08,-0.004647853920011102,0.0,-0.004647853920011102,7.310676873578388,7.310676873578388
2022-03-09,0.03599811436462019,0.0,0.03599811436462019,7.573847455756247,7.573847455756247
2022-03-10,-0.01110489089800315,0.0,-0.01110489089800315,7.489740706081955,7.489740706081955
2022-03-11,-0.02073823860437607,0.0,-0.02073823860437607,7.334416676234319,7.334416676234319
2022-03-14,-0.01920476338939303,0.0,-0.01920476338939303,7.19356093936802,7.19356093936802
2022-03-15,0.03136662197585194,0.0,0.03136662197585194,7.419198646013432,7.419198646013432
2022-03-16,0.037087084661237446,0.0,0.037087084661237446,7.69435509431667,7.69435509431667
2022-03-17,0.012105985120506313,0.0,0.012105985120506313,7.787502842600359,7.787502842600359
2022-03-18,0.020468077265983098,0.0,0.020468077265983098,7.9468980524917665,7.9468980524917665
2022-03-21,-0.0027801538250632474,0.0,-0.0027801538250632474,7.924804453473744,7.924804453473744
2022-03-22,0.019652624398273533,0.0,0.019652624398273533,8.080547658827628,8.080547658827628
2022-03-23,-0.014371382051023285,0.0,-0.014371382051023285,7.964419021241114,7.964419021241114
2022-03-24,0.02222676596445372,0.0,0.02222676596445372,8.141442298869084,8.141442298869084
2022-03-25,-0.0008341532573444832,0.0,-0.0008341532573444832,8.134651088256,8.134651088256
2022-03-28,0.015472227146067219,0.0,0.015472227146067219,8.2605122576475,8.2605122576475
2022-03-29,0.01720976725879453,0.0,0.01720976725879453,8.402673751040034,8.402673751040034
2022-03-30,-0.011045479035696637,0.0,-0.011045479035696637,8.309862194279123,8.309862194279123
2022-03-31,-0.012394842919136617,0.0,-0.012394842919136617,8.206862757701362,8.206862757701362
2022-04-01,-0.001903215667037661,0.0,-0.001903215667037661,8.191243327923678,8.191243327923678
2022-04-04,0.020588503462791063,0.0,0.020588503462791063,8.359888769545199,8.359888769545199
2022-04-05,-0.02220401713932385,0.0,-0.02220401713932385,8.174265656023376,8.174265656023376
2022-04-06,-0.021711266583970934,0.0,-0.021711266583970934,7.996791995237254,7.996791995237254
2022-04-07,0.002377699857433857,0.0,0.002377699857433857,8.015805966424258,8.015805966424258
2022-04-08,-0.013979119715225363,0.0,-0.013979119715225363,7.9037520552055955,7.9037520552055955
2022-04-11,-0.023657290150098875,0.0,-0.023657290150098875,7.716770699561156,7.716770699561156
2022-04-12,-0.004224281401112195,0.0,-0.004224281401112195,7.6841728886183525,7.6841728886183525
2022-04-13,0.020326847053769637,0.0,0.020326847053769637,7.840367895660021,7.840367895660021
2022-04-14,-0.022866927357502842,0.0,-0.022866927357502842,7.661082772533867,7.661082772533867
2022-04-18,0.0007680455998375635,0.0,0.0007680455998375635,7.666966833447303,7.666966833447303
2022-04-19,0.022350865488136806,0.0,0.022350865488136806,7.838330177843689,7.838330177843689
2022-04-20,-0.01458446913022804,0.0,-0.01458446913022804,7.724012293332393,7.724012293332393
2022-04-21,-0.020691050926950894,0.0,-0.020691050926950894,7.5641943616106575,7.5641943616106575
2022-04-22,-0.026185582940875474,0.0,-0.026185582940875474,7.366121522773799,7.366121522773799
2022-04-25,0.012845608037226341,0.0,0.012845608037226341,7.4607438326099285,7.4607438326099285
2022-04-26,-0.037744907254333215,0.0,-0.037744907254333215,7.179138748599728,7.179138748599728
2022-04-27,-0.0011982876016701782,0.0,-0.0011982876016701782,7.170536075646611,7.170536075646611
2022-04-28,0.03551568451054732,0.0,0.03551568451054732,7.425202572680774,7.425202572680774
2022-04-29,-0.04499844873449599,0.0,-0.04499844873449599,7.091079975370751,7.091079975370751
2022-05-02,0.01669589146160222,0.0,0.01669589146160222,7.209471876985082,7.209471876985082
2022-05-03,0.0010673200644859548,0.0,0.0010673200644859548,7.217166690973735,7.217166690973735
2022-05-04,0.0338121931372819,0.0,0.0338121931372819,7.461194925032896,7.461194925032896
2022-05-05,-0.050363996107082976,0.0,-0.050363996107082976,7.085419332874352,7.085419332874352
2022-05-06,-0.011980710740386646,0.0,-0.011980710740386646,7.000530973372841,7.000530973372841
2022-05-09,-0.03912686802383314,0.0,-0.03912686802383314,6.726622121880926,6.726622121880926
2022-05-10,0.012148647987502148,0.0,0.012148647987502148,6.808341486184601,6.808341486184601
2022-05-11,-0.02965803337023587,0.0,-0.02965803337023587,6.606419467191377,6.606419467191377
2022-05-12,-0.0023643880198757072,0.0,-0.0023643880198757072,6.590799328148876,6.590799328148876
2022-05-13,0.037059703815080614,0.0,0.037059703815080614,6.835052399154705,6.835052399154705
2022-05-16,-0.011591591535500378,0.0,-0.011591591535500378,6.755823263619962,6.755823263619962
2022-05-17,0.025901441317142115,0.0,0.025901441317142115,6.930808823431597,6.930808823431597
2022-05-18,-0.049090440768409516,0.0,-0.049090440768409516,6.590572363407759,6.590572363407759
2022-05-19,-0.005358197130083786,0.0,-0.005358197130083786,6.555258777484538,6.555258777484538
2022-05-20,-0.0031078746493443665,0.0,-0.0031078746493443665,6.534885854910102,6.534885854910102
2022-05-23,0.01662736789779906,0.0,0.01662736789779906,6.6435438061898155,6.6435438061898155
2022-05-24,-0.02126211045540294,0.0,-0.02126211045540294,6.502288043967299,6.502288043967299
2022-05-25,0.013995197239858204,0.0,0.013995197239858204,6.593288847652993,6.593288847652993
2022-05-26,0.027707448449582506,0.0,0.027707448449582506,6.775972058512546,6.775972058512546
2022-05-27,0.032639504936141206,0.0,0.032639504936141206,6.997136431963521,6.997136431963521
2022-05-31,-0.002653127815096412,0.0,-0.002653127815096412,6.978572134669855,6.978572134669855
2022-06-01,-0.0073958526756798815,0.0,-0.0073958526756798815,6.926959643275231,6.926959643275231
2022-06-02,0.02738574749288225,0.0,0.02738574749288225,7.116659610959353,7.116659610959353
2022-06-03,-0.026019314213661104,0.0,-0.026019314213661104,6.93148900839013,6.93148900839013
2022-06-06,0.0033308843542982913,0.0,0.0033308843542982913,6.954576996680168,6.954576996680168
2022-06-07,0.008625613084799255,0.0,0.008625613084799255,7.0145644870219765,7.0145644870219765
2022-06-08,-0.007196426175407722,0.0,-0.007196426175407722,6.964084691538486,6.964084691538486
2022-06-09,-0.026784503954021766,0.0,-0.026784503954021766,6.777555137581831,6.777555137581831
2022-06-10,-0.03527071196003828,0.0,-0.03527071196003828,6.538505942530905,6.538505942530905
2022-06-13,-0.046495989839792085,0.0,-0.046495989839792085,6.234491636659568,6.234491636659568
2022-06-14,0.0018153426659792693,0.0,0.0018153426659792693,6.245809375328287,6.245809375328287
2022-06-15,0.024971970920390607,0.0,0.024971970920390607,6.401779545423288,6.401779545423288
2022-06-16,-0.04034661442906151,0.0,-0.04034661442906151,6.143489414444242,6.143489414444242
2022-06-17,0.012159407123554677,0.0,0.012159407123554677,6.218190603393718,6.218190603393718
2022-06-21,0.025229685598179508,0.0,0.025229685598179508,6.375073597306896,6.375073597306896
2022-06-22,-0.0014587879065681708,0.0,-0.0014587879065681708,6.365773717039662,6.365773717039662
2022-06-23,0.014893196475789017,0.0,0.014893196475789017,6.460580435727947,6.460580435727947
2022-06-24,0.034263524854589056,0.0,0.034263524854589056,6.681942694062584,6.681942694062584
2022-06-27,-0.0073317509013429705,0.0,-0.0073317509013429705,6.6329523546926685,6.6329523546926685
2022-06-28,-0.03046663394593807,0.0,-0.03046663394593807,6.430868623321399,6.430868623321399
2022-06-29,0.0009168463485516032,0.0,0.0009168463485516032,6.436764741736707,6.436764741736707
2022-06-30,-0.012402836149211338,0.0,-0.012402836149211338,6.356930603313926,6.356930603313926
2022-07-01,0.006600351858099929,0.0,0.006600351858099929,6.3988885820333214,6.3988885820333214
2022-07-05,0.017119527778137966,0.0,0.017119527778137966,6.508434532862651,6.508434532862651
2022-07-06,0.006412162796138876,0.0,0.006412162796138876,6.550167674635379,6.550167674635379
2022-07-07,0.02139900040616549,0.0,0.02139900040616549,6.690334715365354,6.690334715365354
2022-07-08,0.0012542439795546478,0.0,0.0012542439795546478,6.698726027403306,6.698726027403306
2022-07-11,-0.02136436621753901,0.0,-0.02136436621753901,6.555611991362902,6.555611991362902
2022-07-12,-0.009687295889017511,0.0,-0.009687295889017511,6.492105838268978,6.492105838268978
2022-07-13,-0.002061117047653549,0.0,-0.002061117047653549,6.478724848250551,6.478724848250551
2022-07-14,0.00357066888625579,0.0,0.00357066888625579,6.501858229488811,6.501858229488811
2022-07-15,0.018139445026905676,0.0,0.018139445026905676,6.619798329415358,6.619798329415358
2022-07-18,-0.00846257989115129,0.0,-0.00846257989115129,6.563777757189371,6.563777757189371
2022-07-19,0.03075335464225426,0.0,0.03075335464225426,6.765635942349156,6.765635942349156
2022-07-20,0.015856475487532995,0.0,0.015856475487532995,6.872915082826587,6.872915082826587
2022-07-21,0.014354921200768311,0.0,0.014354921200768311,6.971575237260135,6.971575237260135
2022-07-22,-0.01753563682777748,0.0,-0.01753563682777748,6.849324225782015,6.849324225782015
2022-07-25,-0.005695181752802481,0.0,-0.005695181752802481,6.8103160794323125,6.8103160794323125
2022-07-26,-0.019649160372537278,0.0,-0.019649160372537278,6.676499086599878,6.676499086599878
2022-07-27,0.04225971705678799,0.0,0.04225971705678799,6.958646048929492,6.958646048929492
2022-07-28,0.009778241290526068,0.0,0.009778241290526068,7.026689369051291,7.026689369051291
2022-07-29,0.01823679489783192,0.0,0.01823679489783192,7.154833661885456,7.154833661885456
2022-08-01,-0.0006023191069974843,0.0,-0.0006023191069974843,7.150524168863513,7.150524168863513
2022-08-02,-0.0029813720044437053,0.0,-0.0029813720044437053,7.129205796289366,7.129205796289366
2022-08-03,0.02723243585586821,0.0,0.02723243585586821,7.3233514358401,7.3233514358401
2022-08-04,0.004676196876575833,0.0,0.004676196876575833,7.357596868950442,7.357596868950442
2022-08-05,-0.008168656566495902,0.0,-0.008168656566495902,7.2974951869732605,7.2974951869732605
2022-08-08,-0.0032323447129387617,0.0,-0.0032323447129387617,7.273907166987952,7.273907166987952
2022-08-09,-0.01131844690279682,0.0,-0.01131844690279682,7.1915778349425254,7.1915778349425254
2022-08-10,0.02791079465400692,0.0,0.02791079465400692,7.392300487131914,7.392300487131914
2022-08-11,-0.0056761905968087945,0.0,-0.0056761905968087945,7.3503403806180705,7.3503403806180705
2022-08-12,0.019470685223262896,0.0,0.019470685223262896,7.493456544452924,7.493456544452924
2022-08-15,0.008081321300765332,0.0,0.008081321300765332,7.554013574441971,7.554013574441971
2022-08-16,-0.002342147079888557,0.0,-0.002342147079888557,7.536320963607153,7.536320963607153
2022-08-17,-0.011406009615135715,0.0,-0.011406009615135715,7.450361614233501,7.450361614233501
2022-08-18,0.002405005015068129,0.0,0.002405005015068129,7.468279771279804,7.468279771279804
2022-08-19,-0.01949702396300257,0.0,-0.01949702396300257,7.322670541616755,7.322670541616755
2022-08-22,-0.026327180574083786,0.0,-0.026327180574083786,7.1298852719830865,7.1298852719830865
2022-08-23,-0.0008267594303148496,0.0,-0.0008267594303148496,7.123990572097411,7.123990572097411
2022-08-24,0.0028968986050641465,0.0,0.0028968986050641465,7.14462805044821,7.14462805044821
2022-08-25,0.01768191455281687,0.0,0.01768191455281687,7.270958753147894,7.270958753147894
2022-08-26,-0.04098834481371427,0.0,-0.04098834481371427,6.9729341886475735,6.9729341886475735
2022-08-29,-0.009855344416264344,0.0,-0.009855344416264344,6.904213520626507,6.904213520626507
2022-08-30,-0.011136263802191126,0.0,-0.011136263802191126,6.827326377514155,6.827326377514155
2022-08-31,-0.005813574183039183,0.0,-0.005813574183039183,6.787635209146656,6.787635209146656
2022-09-01,0.00043417113908228444,0.0,0.00043417113908228444,6.7905822044570865,6.7905822044570865
2022-09-02,-0.014128095821712594,0.0,-0.014128095821712594,6.694644208387301,6.694644208387301
2022-09-06,-0.0071824427763975685,0.0,-0.0071824427763975685,6.646560309452218,6.646560309452218
2022-09-07,0.02020135190740513,0.0,0.02020135190740513,6.780829813237253,6.780829813237253
2022-09-08,0.0051846352293698494,0.0,0.0051846352293698494,6.8159859423713245,6.8159859423713245
2022-09-09,0.021862175701365505,0.0,0.021862175701365505,6.964998224621484,6.964998224621484
2022-09-12,0.011885713121911667,0.0,0.011885713121911667,7.047782195413959,7.047782195413959
2022-09-13,-0.05483678102573453,0.0,-0.05483678102573453,6.661304506446973,6.661304506446973
2022-09-14,0.00793326635323166,0.0,0.00793326635323166,6.7141504093565985,6.7141504093565985
2022-09-15,-0.01665382821175465,0.0,-0.01665382821175465,6.602334101851292,6.602334101851292
2022-09-16,-0.0061148166645378366,0.0,-0.0061148166645378366,6.561962039260445,6.561962039260445
2022-09-19,0.007787366323021017,0.0,0.007787366323021017,6.613062441457924,6.613062441457924
2022-09-20,-0.007971190370649306,0.0,-0.007971190370649306,6.560348461804072,6.560348461804072
2022-09-21,-0.017906147410050588,0.0,-0.017906147410050588,6.44287789518571,6.44287789518571
2022-09-22,-0.012307513461755626,0.0,-0.012307513461755626,6.363582088758264,6.363582088758264
2022-09-23,-0.01628161668607131,0.0,-0.01628161668607131,6.259972684438753,6.259972684438753
2022-09-26,-0.004137773818768675,0.0,-0.004137773818768675,6.234070333358876,6.234070333358876
2022-09-27,0.0004009337524100154,0.0,0.0004009337524100154,6.236569782570417,6.236569782570417
2022-09-28,0.019891945939761735,0.0,0.019891945939761735,6.360627291534859,6.360627291534859
2022-09-29,-0.028827656280455805,0.0,-0.028827656280455805,6.177265314246406,6.177265314246406
2022-09-30,-0.016956407519606476,0.0,-0.016956407519606476,6.072521086221314,6.072521086221314
2022-10-03,0.023460261218784195,0.0,0.023460261218784195,6.214984017160641,6.214984017160641
2022-10-04,0.031440768760587545,0.0,0.031440768760587545,6.410387892494937,6.410387892494937
2022-10-05,-0.0005317504592239342,0.0,-0.0005317504592239342,6.406979165789299,6.406979165789299
2022-10-06,-0.007873008970839757,0.0,-0.007873008970839757,6.356536961341057,6.356536961341057
2022-10-07,-0.038103919048879886,0.0,-0.038103919048879886,6.114327991534904,6.114327991534904
2022-10-10,-0.009995991024349005,0.0,-0.009995991024349005,6.053209223811596,6.053209223811596
2022-10-11,-0.013738264668373579,0.0,-0.013738264668373579,5.970048633401832,5.970048633401832
2022-10-12,-0.0003426303293183608,0.0,-0.0003426303293183608,5.9680031136725225,5.9680031136725225
2022-10-13,0.023452194946466998,0.0,0.023452194946466998,6.107965886135492,6.107965886135492
2022-10-14,-0.030057296561904367,0.0,-0.030057296561904367,5.924376944105923,5.924376944105923
2022-10-17,0.033021216012466104,0.0,0.033021216012466104,6.1200070749165185,6.1200070749165185
2022-10-18,0.007908177663213944,0.0,0.007908177663213944,6.168405178165084,6.168405178165084
2022-10-19,-0.003646471731306611,0.0,-0.003646471731306611,6.14591226305566,6.14591226305566
2022-10-20,-0.005102140323111293,0.0,-0.005102140323111293,6.114554956276019,6.114554956276019
2022-10-21,0.023447809157570942,0.0,0.023447809157570942,6.257927873974259,6.257927873974259
2022-10-24,0.01100143838023726,0.0,0.01100143838023726,6.326774081867756,6.326774081867756
2022-10-25,0.02068589152737399,0.0,0.02068589152737399,6.457649044243473,6.457649044243473
2022-10-26,-0.022096480194642165,0.0,-0.022096480194642165,6.314957730033397,6.314957730033397
2022-10-27,-0.01820582092982037,0.0,-0.01820582092982037,6.199988740421024,6.199988740421024
2022-10-28,0.030600828468568597,0.0,0.030600828468568597,6.389713532373705,6.389713532373705
2022-10-31,-0.011628357434433023,0.0,-0.011628357434433023,6.31541165951563,6.31541165951563
2022-11-01,-0.010217576806182627,0.0,-0.010217576806182627,6.250883455821867,6.250883455821867
2022-11-02,-0.03427715762754158,0.0,-0.03427715762754158,6.036620938295269,6.036620938295269
2022-11-03,-0.01953467567514222,0.0,-0.01953467567514222,5.918697506091898,5.918697506091898
2022-11-04,0.016085100309658706,0.0,0.016085100309658706,6.013900349179913,6.013900349179913
2022-11-07,0.010994258563034487,0.0,0.010994258563034487,6.08001872459112,6.08001872459112
2022-11-08,0.007287090265218676,0.0,0.007287090265218676,6.124324369851435,6.124324369851435
2022-11-09,-0.023076290570080205,0.0,-0.023076290570080205,5.98299768114732,5.98299768114732
2022-11-10,0.07378881990522901,0.0,0.07378881990522901,6.424476019534902,6.424476019534902
2022-11-11,0.01842593959308836,0.0,0.01842593959308836,6.542853026588097,6.542853026588097
2022-11-14,-0.008751156388871029,0.0,-0.008751156388871029,6.485595496523026,6.485595496523026
2022-11-15,0.013838306844515147,0.0,0.013838306844515147,6.5753451570733175,6.5753451570733175
2022-11-16,-0.013649421955248209,0.0,-0.013649421955248209,6.485595496523026,6.485595496523026
2022-11-17,-0.00220710380780631,0.0,-0.00220710380780631,6.471281114006759,6.471281114006759
2022-11-18,3.529181729633457e-05,0.0,3.529181729633457e-05,6.471509497277507,6.471509497277507
2022-11-21,-0.010287201687809944,0.0,-0.010287201687809944,6.404935773854436,6.404935773854436
2022-11-22,0.014402705000350569,0.0,0.014402705000350569,6.497184174351453,6.497184174351453
2022-11-23,0.0100370625937658,0.0,0.0100370625937658,6.562396818592643,6.562396818592643
2022-11-25,-0.00657883857721997,0.0,-0.00657883857721997,6.5192238692434605,6.5192238692434605
2022-11-28,-0.014673193985371036,0.0,-0.014673193985371036,6.42356603277599,6.42356603277599
2022-11-29,-0.007569683019799545,0.0,-0.007569683019799545,6.374941674051125,6.374941674051125
2022-11-30,0.04558595155504541,0.0,0.04558595155504541,6.66554945637066,6.66554945637066
2022-12-01,0.001227091916654377,0.0,0.001227091916654377,6.673728698228632,6.673728698228632
2022-12-02,-0.003983479855858452,0.0,-0.003983479855858452,6.647144034395773,6.647144034395773
2022-12-05,-0.01678329393710698,0.0,-0.01678329393710698,6.535583062224222,6.535583062224222
2022-12-06,-0.020720731084233,0.0,-0.020720731084233,6.400161003113206,6.400161003113206
2022-12-07,-0.004082492072225774,0.0,-0.004082492072225774,6.374032396557028,6.374032396557028
2022-12-08,0.011834892357871718,0.0,0.011834892357871718,6.4494683838558675,6.4494683838558675
2022-12-09,-0.006376651321089888,0.0,-0.006376651321089888,6.408342372765626,6.408342372765626
2022-12-12,0.012551368593244794,0.0,0.012551368593244794,6.488775839957916,6.488775839957916
2022-12-13,0.010750176475204931,0.0,0.010750176475204931,6.55853132534551,6.55853132534551
2022-12-14,-0.007413801512564766,0.0,-0.007413801512564766,6.50990767588546,6.50990767588546
2022-12-15,-0.03357637528507185,0.0,-0.03357637528507185,6.29132857268876,6.29132857268876
2022-12-16,-0.009534722454742073,0.0,-0.009534722454742073,6.2313425008765835,6.2313425008765835
2022-12-19,-0.01405339351641699,0.0,-0.01405339351641699,6.143770992576191,6.143770992576191
2022-12-20,-0.0007785579776332652,0.0,-0.0007785579776332652,6.138987710657169,6.138987710657169
2022-12-21,0.014506279530615673,0.0,0.014506279530615673,6.228041582422976,6.228041582422976
2022-12-22,-0.02446514524229748,0.0,-0.02446514524229748,6.07567164053393,6.07567164053393
2022-12-23,0.0022490840113311705,0.0,0.0022490840113311705,6.089336336478753,6.089336336478753
2022-12-27,-0.014138155151407816,0.0,-0.014138155151407816,6.003244354584511,6.003244354584511
2022-12-28,-0.013202858966370412,0.0,-0.013202858966370412,5.923984366030272,5.923984366030272
2022-12-29,0.024375175737763266,0.0,0.024375175737763266,6.068382526020022,6.068382526020022
2022-12-30,-0.0006006397707680744,0.0,-0.0006006397707680744,6.06473761413066,6.06473761413066
2023-01-03,-0.006759650453563193,0.0,-0.006759650453563193,6.0237421077665605,6.0237421077665605
2023-01-04,0.004763958008406455,0.0,0.004763958008406455,6.05243896222143,6.05243896222143
2023-01-05,-0.015654256370088437,0.0,-0.015654256370088437,5.957692531042504,5.957692531042504
2023-01-06,0.027601325457920822,0.0,0.027601325457920822,6.122132741570032,6.122132741570032
2023-01-09,0.006473609942931002,0.0,0.006473609942931002,6.161765040957803,6.161765040957803
2023-01-10,0.008464308300003998,0.0,0.008464308300003998,6.213920119936657,6.213920119936657
2023-01-11,0.017300051865799082,0.0,0.017300051865799082,6.321421260301493,6.321421260301493
2023-01-12,0.005404459891172442,0.0,0.005404459891172442,6.355585127957998,6.355585127957998
2023-01-13,0.00688085347670131,0.0,0.00688085347670131,6.399316977982179,6.399316977982179
2023-01-17,0.002028270544690347,0.0,0.002028270544690347,6.4122965241147565,6.4122965241147565
2023-01-18,-0.012999784863338415,0.0,-0.012999784863338415,6.328938048821332,6.328938048821332
2023-01-19,-0.009824461683579644,0.0,-0.009824461683579644,6.266759639462937,6.266759639462937
2023-01-20,0.02736699190125913,0.0,0.02736699190125913,6.438261999763257,6.438261999763257
2023-01-23,0.022215676031416054,0.0,0.022215676031416054,6.581292342555375,6.581292342555375
2023-01-24,-0.002041699599333313,0.0,-0.002041699599333313,6.567855320616484,6.567855320616484
2023-01-25,-0.0022192011329480454,0.0,-0.0022192011329480454,6.5532799286479335,6.5532799286479335
2023-01-26,0.019497293100878776,0.0,0.019497293100878776,6.681051148188888,6.681051148188888
2023-01-27,0.009954366839230788,0.0,0.009954366839230788,6.7475567821896245,6.7475567821896245
2023-01-30,-0.02021873868707169,0.0,-0.02021873868707169,6.6111296948343545,6.6111296948343545
2023-01-31,0.014986103574448517,0.0,0.014986103574448517,6.710204769185254,6.710204769185254
2023-02-01,0.021383523086710765,0.0,0.021383523086710765,6.853692587783684,6.853692587783684
2023-02-02,0.03588995408716911,0.0,0.03588995408716911,7.099671300086811,7.099671300086811
2023-02-03,-0.017772501668847474,0.0,-0.017772501668847474,6.97349238005775,6.97349238005775
2023-02-06,-0.00845911223971596,0.0,-0.00845911223971596,6.914502825312037,6.914502825312037
2023-02-07,0.02071879182232217,0.0,0.02071879182232217,7.057762969904536,7.057762969904536
2023-02-08,-0.017780855135986373,0.0,-0.017780855135986373,6.932269908952534,6.932269908952534
2023-02-09,-0.008838147303000699,0.0,-0.008838147303000699,6.871001486353053,6.871001486353053
2023-02-10,-0.006563098129155787,0.0,-0.006563098129155787,6.825906429352543,6.825906429352543
2023-02-13,0.01601582640251098,0.0,0.01601582640251098,6.935228961764836,6.935228961764836
2023-02-14,0.0073892011016916115,0.0,0.0073892011016916115,6.986474763249593,6.986474763249593
2023-02-15,0.007660981055916505,0.0,0.007660981055916505,7.039998014058487,7.039998014058487
2023-02-16,-0.018763988841971724,0.0,-0.018763988841971724,6.90789956987519,6.90789956987519
2023-02-17,-0.007055891147008109,0.0,-0.007055891147008109,6.859158182455687,6.859158182455687
2023-02-21,-0.02367518716135175,0.0,-0.02367518716135175,6.696766328716731,6.696766328716731
2023-02-22,0.0007480531870793783,0.0,0.0007480531870793783,6.701775866112054,6.701775866112054
2023-02-23,0.008734239575908465,0.0,0.008734239575908465,6.760310782110718,6.760310782110718
2023-02-24,-0.01674407019972024,0.0,-0.01674407019972024,6.64711566380313,6.64711566380313
2023-02-27,0.007161454651536392,0.0,0.007161454651536392,6.694718681192973,6.694718681192973
2023-02-28,-0.001292939737502774,0.0,-0.001292939737502774,6.686062813378657,6.686062813378657
2023-03-01,-0.008039249153817707,0.0,-0.008039249153817707,6.63231188856383,6.63231188856383
2023-03-02,0.008275828585428746,0.0,0.008275828585428746,6.687199764878685,6.687199764878685
2023-03-03,0.020673916146975335,0.0,0.020673916146975335,6.825450372075861,6.825450372075861
2023-03-06,0.0011346449103866174,0.0,0.0011346449103866174,6.833194834601633,6.833194834601633
2023-03-07,-0.012265997549976704,0.0,-0.012265997549976704,6.749378883501896,6.749378883501896
2023-03-08,0.004994314325283744,0.0,0.004994314325283744,6.783087403146537,6.783087403146537
2023-03-09,-0.017325893834160055,0.0,-0.017325893834160055,6.665564350931791,6.665564350931791
2023-03-10,-0.014043637640524187,0.0,-0.014043637640524187,6.5719555805177094,6.5719555805177094
2023-03-13,0.007416249094796212,0.0,0.007416249094796212,6.6206948401427645,6.6206948401427645
2023-03-14,0.022979910843413665,0.0,0.022979910843413665,6.772837817290694,6.772837817290694
2023-03-15,0.005246046327317178,0.0,0.005246046327317178,6.808368438247607,6.808368438247607
2023-03-16,0.02636045058380443,0.0,0.02636045058380443,6.987840098020366,6.987840098020366
2023-03-17,-0.004726036643480702,0.0,-0.004726036643480702,6.954815309658338,6.954815309658338
2023-03-20,0.003549171764738457,0.0,0.003549171764738457,6.9794991437843485,6.9794991437843485
2023-03-21,0.014282346270046098,0.0,0.014282346270046098,7.079182767347367,7.079182767347367
2023-03-22,-0.01359781545263683,0.0,-0.01359781545263683,6.982921346521491,6.982921346521491
2023-03-23,0.011857846819216755,0.0,0.011857846819216755,7.065723758199181,7.065723758199181
2023-03-24,0.0036804714376243997,0.0,0.0036804714376243997,7.091728952677377,7.091728952677377
2023-03-27,-0.006851187913953671,0.0,-0.006851187913953671,7.043142184987758,7.043142184987758
2023-03-28,-0.005311574257157559,0.0,-0.005311574257157559,7.005732012268477,7.005732012268477
2023-03-29,0.018233743587417583,0.0,0.018233743587417583,7.133472733422344,7.133472733422344
2023-03-30,0.00946541800053069,0.0,0.00946541800053069,7.200994034639574,7.200994034639574
2023-03-31,0.016630653463817424,0.0,0.016630653463817424,7.320751271024681,7.320751271024681
2023-04-03,-0.0024302421958600773,0.0,-0.0024302421958600773,7.302960072380441,7.302960072380441
2023-04-04,-0.003373469543741958,0.0,-0.003373469543741958,7.278323758997102,7.278323758997102
2023-04-05,-0.009872355552922318,0.0,-0.009872355552922318,7.206469559019,7.206469559019
2023-04-06,0.006741907221294197,0.0,0.006741907221294197,7.2550549081789875,7.2550549081789875
2023-04-10,-0.0005657456135162997,0.0,-0.0005657456135162997,7.250950392688865,7.250950392688865
2023-04-11,-0.006417956348662934,0.0,-0.006417956348662934,7.204414109582268,7.204414109582268
2023-04-12,-0.008833600129164676,0.0,-0.008833600129164676,7.140773196173305,7.140773196173305
2023-04-13,0.019582329974656032,0.0,0.019582329974656032,7.2806061731749505,7.2806061731749505
2023-04-14,-0.0018800772021131396,0.0,-0.0018800772021131396,7.2669180714912,7.2669180714912
2023-04-17,0.0008473794629066944,0.0,0.0008473794629066944,7.273075908623607,7.273075908623607
2023-04-18,6.280238887024225e-05,0.0,6.280238887024225e-05,7.273532675165103,7.273532675165103
2023-04-19,-0.0004705007717675791,0.0,-0.0004705007717675791,7.270110472427961,7.270110472427961
2023-04-20,-0.007624529692378812,0.0,-0.007624529692378812,7.214679299264059,7.214679299264059
2023-04-21,0.0010435454868353844,0.0,0.0010435454868353844,7.222208145285771,7.222208145285771
2023-04-24,-0.0020845224453944766,0.0,-0.0020845224453944766,7.207153290301612,7.207153290301612
2023-04-25,-0.018863956513258673,0.0,-0.018863956513258673,7.071197864048973,7.071197864048973
2023-04-26,0.00606484190136225,0.0,0.00606484190136225,7.114083561147681,7.114083561147681
2023-04-27,0.02719092359072417,0.0,0.02719092359072417,7.307522063676875,7.307522063676875
2023-04-28,0.006898507641450058,0.0,0.006898507641450058,7.357933060473215,7.357933060473215
2023-05-01,-0.0011469990248724748,0.0,-0.0011469990248724748,7.349493518427775,7.349493518427775
2023-05-02,-0.00872147026928538,0.0,-0.00872147026928538,7.285395129212501,7.285395129212501
2023-05-03,-0.006543963855839219,0.0,-0.006543963855839219,7.237719766811428,7.237719766811428
2023-05-04,-0.0035299001287466547,0.0,-0.0035299001287466547,7.212171338874728,7.212171338874728
2023-05-05,0.021254525119051237,0.0,0.021254525119051237,7.365462615759742,7.365462615759742
2023-05-08,0.002477504284210452,0.0,0.002477504284210452,7.383710580945478,7.383710580945478
2023-05-09,-0.006333203078621952,0.0,-0.006333203078621952,7.336948042362581,7.336948042362581
2023-05-10,0.010881883322646502,0.0,0.010881883322646502,7.41678785490389,7.41678785490389
2023-05-11,0.003260014719315585,0.0,0.003260014719315585,7.4409666924809175,7.4409666924809175
2023-05-12,-0.003586755170907785,0.0,-0.003586755170907785,7.414277766720109,7.414277766720109
2023-05-15,0.005414853193710156,0.0,0.005414853193710156,7.454424992364287,7.454424992364287
2023-05-16,0.001132342277736731,0.0,0.001132342277736731,7.462865952939358,7.462865952939358
2023-05-17,0.012103907498725919,0.0,0.012103907498725919,7.553195792109127,7.553195792109127
2023-05-18,0.018573279391916664,0.0,0.018573279391916664,7.693483407857819,7.693483407857819
2023-05-19,-0.002253316178555731,0.0,-0.002253316178555731,7.676147557225443,7.676147557225443
2023-05-22,0.003358132485090204,0.0,0.003358132485090204,7.701925077697708,7.701925077697708
2023-05-23,-0.01267645919624838,0.0,-0.01267645919624838,7.604291938717711,7.604291938717711
2023-05-24,-0.005129567372534005,0.0,-0.005129567372534005,7.565285210897641,7.565285210897641
2023-05-25,0.024333006824436065,0.0,0.024333006824436065,7.749371347563218,7.749371347563218
2023-05-26,0.025550523383795376,0.0,0.025550523383795376,7.947371841388846,7.947371841388846
2023-05-30,0.0045349950076232215,0.0,0.0045349950076232215,7.98341313301327,7.98341313301327
2023-05-31,-0.005686085136336061,0.0,-0.005686085136336061,7.938018766260414,7.938018766260414
2023-06-01,0.011552197094022665,0.0,0.011552197094022665,8.029720323584305,8.029720323584305
2023-06-02,0.007499654629885111,0.0,0.007499654629885111,8.089940452785758,8.089940452785758
2023-06-05,0.0007047110697764314,0.0,0.0007047110697764314,8.095641523376669,8.095641523376669
2023-06-06,-0.00016882581775168326,0.0,-0.00016882581775168326,8.094274770076261,8.094274770076261
2023-06-07,-0.016965434547086655,0.0,-0.016965434547086655,7.956951881258397,7.956951881258397
2023-06-08,0.012413323562647127,0.0,0.012413323562647127,8.05572409953287,8.05572409953287
2023-06-09,0.0038227301978164263,0.0,0.0038227301978164263,8.086518959313432,8.086518959313432
2023-06-12,0.01689697874859375,0.0,0.01689697874859375,8.223156698319052,8.223156698319052
2023-06-13,0.0076841163934602275,0.0,0.0076841163934602275,8.286344391510598,8.286344391510598
2023-06-14,0.007267393962426594,0.0,0.007267393962426594,8.34656452071205,8.34656452071205
2023-06-15,0.011915879710160837,0.0,0.011915879710160837,8.446021179533952,8.446021179533952
2023-06-16,-0.006293008938847322,0.0,-0.006293008938847322,8.392870292753452,8.392870292753452
2023-06-20,-0.0014313967729937538,0.0,-0.0014313967729937538,8.38085676530025,8.38085676530025
2023-06-21,-0.013627832632984727,0.0,-0.013627832632984727,8.26664385198172,8.26664385198172
2023-06-22,0.011798910171563426,0.0,0.011798910171563426,8.364181240211558,8.364181240211558
2023-06-23,-0.009913380664116622,0.0,-0.009913380664116622,8.281263927633677,8.281263927633677
2023-06-26,-0.013405542829373673,0.0,-0.013405542829373673,8.170249089370436,8.170249089370436
2023-06-27,0.017194329422715038,0.0,0.017194329422715038,8.31073104367871,8.31073104367871
2023-06-28,0.001951288119843797,0.0,0.001951288119843797,8.326947674431457,8.326947674431457
2023-06-29,-0.0020025123821874047,0.0,-0.0020025123821874047,8.310272858607581,8.310272858607581
2023-06-30,0.015420242248229021,0.0,0.015420242248229021,8.438419279236193,8.438419279236193
2023-07-03,0.00235496494743348,0.0,0.00235496494743348,8.45829146085054,8.45829146085054
2023-07-05,-2.7001111489899365e-05,0.0,-2.7001111489899365e-05,8.458063077579792,8.458063077579792
2023-07-06,-0.007615944603627689,0.0,-0.007615944603627689,8.393646937726956,8.393646937726956
2023-07-07,-0.0033200972225461145,0.0,-0.0033200972225461145,8.365779213841977,8.365779213841977
2023-07-10,0.0003278507564348221,0.0,0.0003278507564348221,8.368521940885401,8.368521940885401
2023-07-11,0.00494047395055186,0.0,0.00494047395055186,8.409866405538967,8.409866405538967
2023-07-12,0.01263000583613616,0.0,0.01263000583613616,8.51608306732205,8.51608306732205
2023-07-13,0.016978548030151863,0.0,0.016978548030151863,8.660673792709341,8.660673792709341
2023-07-14,-0.00021079741369423033,0.0,-0.00021079741369423033,8.658848145072989,8.658848145072989
2023-07-17,0.009338557799092762,0.0,0.009338557799092762,8.73970929894932,8.73970929894932
2023-07-18,0.008180676045991486,0.0,0.008180676045991486,8.811206029460164,8.811206029460164
2023-07-19,-0.00023343773366413245,0.0,-0.00023343773366413245,8.8091491614938,8.8091491614938
2023-07-20,-0.023051803151871497,0.0,-0.023051803151871497,8.60608238908757,8.60608238908757
2023-07-21,-0.0029992235742665185,0.0,-0.0029992235742665185,8.580270823904138,8.580270823904138
2023-07-24,0.0015971180619991365,0.0,0.0015971180619991365,8.59397452941384,8.59397452941384
2023-07-25,0.006777815411675325,0.0,0.006777815411675325,8.652222902426846,8.652222902426846
2023-07-26,-0.0033264581012931727,0.0,-0.0033264581012931727,8.623441645458874,8.623441645458874
2023-07-27,-0.0023839716828413238,0.0,-0.0023839716828413238,8.602883604767465,8.602883604767465
2023-07-28,0.018214740722401368,0.0,0.018214740722401368,8.759582899093301,8.759582899093301
2023-07-31,0.0005212858806100673,0.0,0.0005212858806100673,8.764149145978632,8.764149145978632
2023-08-01,-0.002319395675225322,0.0,-0.002319395675225322,8.743821616352419,8.743821616352419
2023-08-02,-0.021944098506757825,0.0,-0.021944098506757825,8.551946333477662,8.551946333477662
2023-08-03,-0.001602822480319288,0.0,-0.001602822480319288,8.53823908164388,8.53823908164388
2023-08-04,-0.004681697874939994,0.0,-0.004681697874939994,8.498265625879618,8.498265625879618
2023-08-07,0.008466677989399818,0.0,0.008466677989399818,8.570217704402326,8.570217704402326
2023-08-08,-0.008502189106383007,0.0,-0.008502189106383007,8.497352092796627,8.497352092796627
2023-08-09,-0.010994609827447155,0.0,-0.010994609827447155,8.403927021969887,8.403927021969887
2023-08-10,0.0018481218244636999,0.0,0.0018481218244636999,8.41945850291039,8.41945850291039
2023-08-11,-0.006375622499933398,0.0,-0.006375622499933398,8.365779213841979,8.365779213841979
2023-08-14,0.011222381413956706,0.0,0.011222381413956706,8.459663179004664,8.459663179004664
2023-08-15,-0.010611644529485043,0.0,-0.010611644529485043,8.369892240509893,8.369892240509893
2023-08-16,-0.010588943122500138,0.0,-0.010588943122500138,8.28126392763368,8.28126392763368
2023-08-17,-0.010923066619092703,0.0,-0.010923066619092703,8.190807130061847,8.190807130061847
2023-08-18,-0.0012548160743229841,0.0,-0.0012548160743229841,8.180529173613365,8.180529173613365
2023-08-21,0.016111321362445974,0.0,0.016111321362445974,8.312328308044314,8.312328308044314
2023-08-22,-0.001428883481062515,0.0,-0.001428883481062515,8.300450959435782,8.300450959435782
2023-08-23,0.01576874916580473,0.0,0.01576874916580473,8.431338688578188,8.431338688578188
2023-08-24,-0.021376101856801055,0.0,-0.021376101856801055,8.251109533981953,8.251109533981953
2023-08-25,0.0077517807244651404,0.0,0.0077517807244651404,8.315070325822925,8.315070325822925
2023-08-28,0.007526929230897261,0.0,0.007526929230897261,8.377657271715327,8.377657271715327
2023-08-29,0.021839951207899055,0.0,0.021839951207899055,8.56062489776609,8.56062489776609
2023-08-30,0.005576684654386321,0.0,0.005576684654386321,8.608364803265419,8.608364803265419
2023-08-31,0.0029985107553127666,0.0,0.0029985107553127666,8.634177077713666,8.634177077713666
2023-09-01,-0.001057960878366293,0.0,-0.001057960878366293,8.625042456148558,8.625042456148558
2023-09-05,0.0012710785270291236,0.0,0.0012710785270291236,8.636005562409283,8.636005562409283
2023-09-06,-0.00880798581077058,0.0,-0.00880798581077058,8.559939747953846,8.559939747953846
2023-09-07,-0.007151610564474331,0.0,-0.007151610564474331,8.498722392421115,8.498722392421115
2023-09-08,0.0013976286463883714,0.0,0.0013976286463883714,8.510600450294465,8.510600450294465
2023-09-11,0.011782715927563858,0.0,0.011782715927563858,8.610878437773282,8.610878437773282
2023-09-12,-0.011088360026618171,0.0,-0.011088360026618171,8.515397917509809,8.515397917509809
2023-09-13,0.0038090280236049434,0.0,0.0038090280236049434,8.54783330680975,8.54783330680975
2023-09-14,0.008177282488642135,0.0,0.008177282488642135,8.617731354425358,8.617731354425358
2023-09-15,-0.017123048936271257,0.0,-0.017123048936271257,8.470169518723893,8.470169518723893
2023-09-18,0.0010424393130166187,0.0,0.0010424393130166187,8.478999156418125,8.478999156418125
2023-09-19,-0.002131307942503602,0.0,-0.002131307942503602,8.46092779817157,8.46092779817157
2023-09-20,-0.014410496236446635,0.0,-0.014410496236446635,8.33900162997917,8.33900162997917
2023-09-21,-0.018324442788349993,0.0,-0.018324442788349993,8.18619407169866,8.18619407169866
2023-09-22,0.00013983951552809515,0.0,0.00013983951552809515,8.187338825111665,8.187338825111665
2023-09-25,0.004749547274394361,0.0,0.004749547274394361,8.226224977913017,8.226224977913017
2023-09-26,-0.015016241254493523,0.0,-0.015016241254493523,8.102697999030934,8.102697999030934
2023-09-27,0.0023433834496957573,0.0,0.0023433834496957573,8.121685727419745,8.121685727419745
2023-09-28,0.008365317127958516,0.0,0.008365317127958516,8.189626204143226,8.189626204143226
2023-09-29,0.0007260120064354059,0.0,0.0007260120064354059,8.195571971095651,8.195571971095651
2023-10-02,0.008345806984044302,0.0,0.008345806984044302,8.26397063289026,8.26397063289026
2023-10-03,-0.017549560312613233,0.0,-0.017549560312613233,8.118941581846688,8.118941581846688
2023-10-04,0.01360856512223041,0.0,0.01360856512223041,8.229428727086832,8.229428727086832
2023-10-05,-0.0029464543734812887,0.0,-0.0029464543734812887,8.205181090822654,8.205181090822654
2023-10-06,0.016755654889816896,0.0,0.016755654889816896,8.34266427348893,8.34266427348893
2023-10-09,0.005099889810005864,0.0,0.005099889810005864,8.385210942005596,8.385210942005596
2023-10-10,0.005537878186811174,0.0,0.005537878186811174,8.43164721877314,8.43164721877314
2023-10-11,0.007135341077530333,0.0,0.007135341077530333,8.491809897524496,8.491809897524496
2023-10-12,-0.0034750744882542373,0.0,-0.0034750744882542373,8.462300225590504,8.462300225590504
2023-10-13,-0.01256993599996381,0.0,-0.01256993599996381,8.355929653342352,8.355929653342352
2023-10-16,0.011306570838717,0.0,0.011306570838717,8.450406563891203,8.450406563891203
2023-10-17,-0.0032757225382099575,0.0,-0.0032757225382099575,8.422725376652828,8.422725376652828
2023-10-18,-0.01311782701727704,0.0,-0.01311782701727704,8.312237522147866,8.312237522147866
2023-10-19,-0.00935687424527576,0.0,-0.00935687424527576,8.234460960956266,8.234460960956266
2023-10-20,-0.014918017056889776,0.0,-0.014918017056889776,8.111619131886428,8.111619131886428
2023-10-23,0.003017577337715238,0.0,0.003017577337715238,8.136096569950986,8.136096569950986
2023-10-24,0.009728040795144777,0.0,0.009728040795144777,8.215244849296706,8.215244849296706
2023-10-25,-0.02447568416545931,0.0,-0.02447568416545931,8.014171111023403,8.014171111023403
2023-10-26,-0.019067080911900014,0.0,-0.019067080911900014,7.861364262007708,7.861364262007708
2023-10-27,0.004801232354799012,0.0,0.004801232354799012,7.89910849845532,7.89910849845532
2023-10-30,0.011265114769754225,0.0,0.011265114769754225,7.98809286226916,7.98809286226916
2023-10-31,0.004782332017491342,0.0,0.004782332017491342,8.026294574523083,8.026294574523083
2023-11-01,0.017356997719584433,0.0,0.017356997719584433,8.165606951149794,8.165606951149794
2023-11-02,0.01815305014185986,0.0,0.01815305014185986,8.313837623572736,8.313837623572736
2023-11-03,0.011749080855379512,0.0,0.011749080855379512,8.411517574030588,8.411517574030588
2023-11-06,0.004079181158579637,0.0,0.004079181158579637,8.445829678033636,8.445829678033636
2023-11-07,0.00945274404773655,0.0,0.00945274404773655,8.525665944250866,8.525665944250866
2023-11-08,0.0006439039145613723,0.0,0.0006439039145613723,8.531155653926612,8.531155653926612
2023-11-09,-0.007695603162144349,0.0,-0.007695603162144349,8.465503265499509,8.465503265499509
2023-11-10,0.02248214857682518,0.0,0.02248214857682518,8.655825967692067,8.655825967692067
2023-11-13,-0.003118500818710901,0.0,-0.003118500818710901,8.6288327673252,8.6288327673252
2023-11-14,0.021526427633736134,0.0,0.021526427633736134,8.814580711454637,8.814580711454637
2023-11-15,0.0007528300931840537,0.0,0.0007528300931840537,8.82121659307302,8.82121659307302
2023-11-16,0.0008556638522707605,0.0,0.0008556638522707605,8.828764589244763,8.828764589244763
2023-11-17,0.00023329481772993432,0.0,0.00023329481772993432,8.830824294270391,8.830824294270391
2023-11-20,0.012174843881933128,0.0,0.012174843881933128,8.938338201401915,8.938338201401915
2023-11-21,-0.0058095144536796095,0.0,-0.0058095144536796095,8.886410796428994,8.886410796428994
2023-11-22,0.004092809946807607,0.0,0.004092809946807607,8.922781186928036,8.922781186928036
2023-11-24,-0.0014099000947829232,0.0,-0.0014099000947829232,8.91020095688686,8.91020095688686
2023-11-27,-0.0008729093776623786,0.0,-0.0008729093776623786,8.902423158914736,8.902423158914736
2023-11-28,0.0026210160424697815,0.0,0.0026210160424697815,8.925756552831107,8.925756552831107
2023-11-29,-0.0009739744522615501,0.0,-0.0009739744522615501,8.917063093981543,8.917063093981543
2023-11-30,-0.002513867432924921,0.0,-0.002513867432924921,8.894646779472247,8.894646779472247
2023-12-01,0.0028546351279681303,0.0,0.0028546351279681303,8.920037750619796,8.920037750619796
2023-12-04,-0.009283457915330029,0.0,-0.009283457915330029,8.837228955558762,8.837228955558762
2023-12-05,0.0025108142625871466,0.0,0.0025108142625871466,8.859417596062128,8.859417596062128
2023-12-06,-0.0057838503874834135,0.0,-0.0057838503874834135,8.808176050166267,8.808176050166267
2023-12-07,0.013972189290363701,0.0,0.013972189290363701,8.931245553242038,8.931245553242038
2023-12-08,0.004456706652611553,0.0,0.004456706652611553,8.97104949471528,8.97104949471528
2023-12-11,0.008542281073510072,0.0,0.008542281073510072,9.047682721023508,9.047682721023508
2023-12-12,0.007964144183354227,0.0,0.007964144183354227,9.119739770738981,9.119739770738981
2023-12-13,0.012717123276697828,0.0,0.012717123276697828,9.235716625654872,9.235716625654872
2023-12-14,-0.0008666412984337235,0.0,-0.0008666412984337235,9.227712572206448,9.227712572206448
2023-12-15,0.004834111565880761,0.0,0.004834111565880761,9.272320364278375,9.272320364278375
2023-12-18,0.006298561868404606,0.0,0.006298561868404606,9.33072264775645,9.33072264775645
2023-12-19,0.005109427740596306,0.0,0.005109427740596306,9.378397300892708,9.378397300892708
2023-12-20,-0.014859746517769223,0.0,-0.014859746517769223,9.23903669425851,9.23903669425851
2023-12-21,0.011635535599900937,0.0,0.011635535599900937,9.346537834623346,9.346537834623346
2023-12-22,0.0014959268945315962,0.0,0.0014959268945315962,9.360519571940916,9.360519571940916
2023-12-26,0.00612169156937048,0.0,0.00612169156937048,9.417821785689394,9.417821785689394
2023-12-27,0.002035729458174762,0.0,0.002035729458174762,9.436993922930363,9.436993922930363
2023-12-28,-0.000486046256090944,0.0,-0.000486046256090944,9.43240710736537,9.43240710736537
2023-12-29,-0.00432781749340605,0.0,-0.00432781749340605,9.391585370881186,9.391585370881186
2024-01-02,-0.016922135114266768,0.0,-0.016922135114266768,9.232659694297963,9.232659694297963
2024-01-03,-0.01058144112896564,0.0,-0.01058144112896564,9.134964849278976,9.134964849278976
2024-01-04,-0.005146557113623551,0.0,-0.005146557113623551,9.087951230951218,9.087951230951218
2024-01-05,0.0011860426112166866,0.0,0.0011860426112166866,9.098729928359784,9.098729928359784
2024-01-08,0.020667977508645574,0.0,0.020667977508645574,9.286782273876364,9.286782273876364
2024-01-09,0.001975479039920014,0.0,0.001975479039920014,9.305128117606708,9.305128117606708
2024-01-10,0.006777749499043306,0.0,0.006777749499043306,9.36819594504435,9.36819594504435
2024-01-11,0.0020806584092949443,0.0,0.0020806584092949443,9.38768796071733,9.38768796071733
2024-01-12,0.0005129270227015592,0.0,0.0005129270227015592,9.39250315955307,9.39250315955307
2024-01-16,-9.771502402478038e-05,0.0,-9.771502402478038e-05,9.391585370881183,9.391585370881183
2024-01-17,-0.005640686530986039,0.0,-0.005640686530986039,9.338610381775048,9.338610381775048
2024-01-18,0.014194318566227215,0.0,0.014194318566227215,9.47116559249984,9.47116559249984
2024-01-19,0.019830910210261843,0.0,0.019830910210261843,9.658987426951226,9.658987426951226
2024-01-22,0.001305815575193714,0.0,0.001305815575193714,9.67160028317394,9.67160028317394
2024-01-23,0.004149722662475375,0.0,0.004149722662475375,9.71173474205143,9.71173474205143
2024-01-24,0.005549170147724158,0.0,0.005549170147724158,9.765626810564637,9.765626810564637
2024-01-25,0.0012211063951679257,0.0,0.0012211063951679257,9.77755167991584,9.77755167991584
2024-01-26,-0.005957647883562123,0.0,-0.005957647883562123,9.71930046984357,9.71930046984357
2024-01-29,0.010240638325897722,0.0,0.010240638325897722,9.818832310735967,9.818832310735967
2024-01-30,-0.0066566134601820925,0.0,-0.0066566134601820925,9.753472139413052,9.753472139413052
2024-01-31,-0.019586265493191868,0.0,-0.019586265493191868,9.562438044610058,9.562438044610058
2024-02-01,0.011775541097461817,0.0,0.011775541097461817,9.675040926796296,9.675040926796296
2024-02-02,0.016900517801445192,0.0,0.016900517801445192,9.838554128209328,9.838554128209328
2024-02-05,-0.0013052678870217882,0.0,-0.0013052678870217882,9.82571217945105,9.82571217945105
2024-02-06,-0.0020073807279900047,0.0,-0.0020073807279900047,9.805988234183245,9.805988234183245
2024-02-07,0.010290355542018625,0.0,0.010290355542018625,9.906895339553841,9.906895339553841
2024-02-08,0.0018518257336479493,0.0,0.0018518257336479493,9.925241183284184,9.925241183284184
2024-02-09,0.009842998668758263,0.0,0.009842998668758263,10.022935319038355,10.022935319038355
2024-02-12,-0.003912551605664061,0.0,-0.003912551605664061,9.983720067362384,9.983720067362384
2024-02-13,-0.015596946125834288,0.0,-0.015596946125834288,9.828004523336322,9.828004523336322
2024-02-14,0.010897255663146366,0.0,0.010897255663146366,9.935102801285677,9.935102801285677
2024-02-15,0.0029778105567923596,0.0,0.0029778105567923596,9.964687655290163,9.964687655290163
2024-02-16,-0.009067770473430103,0.0,-0.009067770473430103,9.87433015479257,9.87433015479257
2024-02-20,-0.007548238846027289,0.0,-0.007548238846027289,9.799796352339666,9.799796352339666
2024-02-21,-0.004001784199958336,0.0,-0.004001784199958336,9.760579682134063,9.760579682134063
2024-02-22,0.029275855290957553,0.0,0.029275855290957553,10.04632900046408,10.04632900046408
2024-02-23,-0.0029448422406951336,0.0,-0.0029448422406951336,10.016744146459594,10.016744146459594
2024-02-26,-0.0005266693073300299,0.0,-0.0005266693073300299,10.011468634758275,10.011468634758275
2024-02-27,0.00240540815496626,0.0,0.00240540815496626,10.035550303055512,10.035550303055512
2024-02-28,-0.005324530403741479,0.0,-0.005324530403741479,9.982115710348616,9.982115710348616
2024-02-29,0.008569485155171419,0.0,0.008569485155171419,10.067657302745651,10.067657302745651
2024-03-01,0.015056750513949169,0.0,0.015056750513949169,10.219243507013031,10.219243507013031
2024-03-04,-0.003568032692449208,0.0,-0.003568032692449208,10.18278091208791,10.18278091208791
2024-03-05,-0.017949668627663895,0.0,-0.017949668627663895,10.000003369007832,10.000003369007832
2024-03-06,0.006283729520251358,0.0,0.006283729520251358,10.06284068538028,10.06284068538028
2024-03-07,0.015177999882433513,0.0,0.015177999882433513,10.21557448011993,10.21557448011993
2024-03-08,-0.014434654000643032,0.0,-0.014434654000643032,10.068116197081599,10.068116197081599
2024-03-11,-0.0037129598685297083,0.0,-0.0037129598685297083,10.03073368569014,10.03073368569014
2024-03-12,0.01433493998700941,0.0,0.01433493998700941,10.174523651100182,10.174523651100182
2024-03-13,-0.007686002165607109,0.0,-0.007686002165607109,10.096322240283806,10.096322240283806
2024-03-14,-0.002521195775569196,0.0,-0.002521195775569196,10.070867435302818,10.070867435302818
2024-03-15,-0.01188694461583728,0.0,-0.01188694461583728,9.951155591865934,9.951155591865934
2024-03-18,0.009537399217689702,0.0,0.009537399217689702,10.046063735422905,10.046063735422905
2024-03-19,0.00249158927120563,0.0,0.00249158927120563,10.071094400043933,10.071094400043933
2024-03-20,0.011856604914748603,0.0,0.011856604914748603,10.19050338740439,10.19050338740439
2024-03-21,0.004732351366770748,0.0,0.004732351366770748,10.238728430037856,10.238728430037856
2024-03-22,0.0011437622803256442,0.0,0.0011437622803256442,10.250439101414631,10.250439101414631
2024-03-25,-0.0036292044887551445,0.0,-0.0036292044887551445,10.213238161816067,10.213238161816067
2024-03-26,-0.0032376944243418526,0.0,-0.0032376944243418526,10.18017081756508,10.18017081756508
2024-03-27,0.0034060861006564025,0.0,0.0034060861006564025,10.214845355889095,10.214845355889095
2024-03-28,-0.0018434220924163913,0.0,-0.0018434220924163913,10.196015084289431,10.196015084289431
2024-04-01,0.0021171481697641603,0.0,0.0021171481697641603,10.217601558964022,10.217601558964022
2024-04-02,-0.00863014159818487,0.0,-0.00863014159818487,10.129422210716328,10.129422210716328
2024-04-03,0.0022442194771166157,0.0,0.0022442194771166157,10.152154857333555,10.152154857333555
2024-04-04,-0.015290669432515114,0.0,-0.015290669432515114,9.996921613382364,9.996921613382364
2024-04-05,0.011783877788393182,0.0,0.011783877788393182,10.114724115934608,10.114724115934608
2024-04-08,0.00029521367474627525,0.0,0.00029521367474627525,10.117710120809917,10.117710120809917
2024-04-09,0.0036995970646334086,0.0,0.0036995970646334086,10.155141571473678,10.155141571473678
2024-04-10,-0.008728619857657272,0.0,-0.008728619857657272,10.066501201095592,10.066501201095592
2024-04-11,0.01596816203519702,0.0,0.01596816203519702,10.227244723402192,10.227244723402192
2024-04-12,-0.015941744447328654,0.0,-0.015941744447328654,10.064204601621425,10.064204601621425
2024-04-15,-0.016451029128386696,0.0,-0.016451029128386696,9.898638078566107,9.898638078566107
2024-04-16,9.293363986384584e-05,0.0,9.293363986384584e-05,9.899557995032442,9.899557995032442
2024-04-17,-0.012201475737904754,0.0,-0.012201475737904754,9.778768778340073,9.778768778340073
2024-04-18,-0.005706383969467321,0.0,-0.005706383969467321,9.722967368942225,9.722967368942225
2024-04-19,-0.020689111840341612,0.0,-0.020689111840341612,9.521807809626187,9.521807809626187
2024-04-22,0.010056687209094584,0.0,0.010056687209094584,9.617565652432711,9.617565652432711
2024-04-23,0.014922888857358041,0.0,0.014922888857358041,9.76108751574231,9.76108751574231
2024-04-24,0.003387742755351031,0.0,0.003387742755351031,9.794155569258113,9.794155569258113
2024-04-25,-0.004830006537820175,0.0,-0.004830006537820175,9.746849733826169,9.746849733826169
2024-04-26,0.015431750419347301,0.0,0.015431750419347301,9.897260686293455,9.897260686293455
2024-04-29,0.004060410829587191,0.0,0.004060410829587191,9.937447630767329,9.937447630767329
2024-04-30,-0.018856230140034458,0.0,-0.018856230140034458,9.75006483123704,9.75006483123704
2024-05-01,-0.007230524808827132,0.0,-0.007230524808827132,9.679566745587108,9.679566745587108
2024-05-02,0.012763308030204312,0.0,0.012763308030204312,9.803110037559959,9.803110037559959
2024-05-03,0.020098456688050437,0.0,0.020098456688050437,10.000137420058051,10.000137420058051
2024-05-06,0.010953380664288304,0.0,0.010953380664288304,10.109672731915142,10.109672731915142
2024-05-07,0.0001589758754458881,0.0,0.0001589758754458881,10.11127992598817,10.11127992598817
2024-05-08,-0.0005903478822707475,0.0,-0.0005903478822707475,10.105310753296816,10.105310753296816
2024-05-09,0.002181281950590197,0.0,0.002181281950590197,10.127353285248088,10.127353285248088
2024-05-10,0.002358344055042094,0.0,0.002358344055042094,10.151237068661663,10.151237068661663
2024-05-13,0.002307240250142284,0.0,0.002307240250142284,10.174658411415216,10.174658411415216
2024-05-14,0.006432254501264056,0.0,0.006432254501264056,10.240104403780865,10.240104403780865
2024-05-15,0.015630333284571973,0.0,0.015630333284571973,10.400160648480773,10.400160648480773
2024-05-16,-0.0020313303345079747,0.0,-0.0020313303345079747,10.379034486671758,10.379034486671758
2024-05-17,-0.00048682780229569733,0.0,-0.00048682780229569733,10.37398168412266,10.37398168412266
2024-05-20,0.006972808800970398,0.0,0.006972808800970398,10.446317474910815,10.446317474910815
2024-05-21,0.001956427776752534,0.0,0.001956427776752534,10.466754940583506,10.466754940583506
2024-05-22,-0.00019739531695361912,0.0,-0.00019739531695361912,10.464688852174534,10.464688852174534
2024-05-23,-0.004498492504816931,0.0,-0.004498492504816931,10.417613527807786,10.417613527807786
2024-05-24,0.009456420739133442,0.0,0.009456420739133442,10.516126864424425,10.516126864424425
2024-05-28,0.003777619161087875,0.0,0.003777619161087875,10.555852786767906,10.555852786767906
2024-05-29,-0.007048333416091013,0.0,-0.007048333416091013,10.481451616835592,10.481451616835592
2024-05-30,-0.010713422940050399,0.0,-0.010713422940050399,10.369159392638757,10.369159392638757
2024-05-31,-0.0018602439412109817,0.0,-0.0018602439412109817,10.34987022670315,10.34987022670315
2024-06-03,0.005369441829687682,0.0,0.005369441829687682,10.40544325283025,10.40544325283025
2024-06-04,0.0027365345113694595,0.0,0.0027365345113694595,10.433918107397716,10.433918107397716
2024-06-05,0.020159688481160787,0.0,0.020159688481160787,10.644262646080797,10.644262646080797
2024-06-06,-0.0003452283294593794,0.0,-0.0003452283294593794,10.640587945069164,10.640587945069164
2024-06-07,-0.0008847989618643304,0.0,-0.0008847989618643304,10.63117316390174,10.63117316390174
2024-06-10,0.004039227689845104,0.0,0.004039227689845104,10.67411489292091,10.67411489292091
2024-06-11,0.006862664579693645,0.0,0.006862664579693645,10.747367763116138,10.747367763116138
2024-06-12,0.01309788509445231,0.0,0.01309788509445231,10.888135551145254,10.888135551145254
2024-06-13,0.00542012799178293,0.0,0.00542012799178293,10.947150639424343,10.947150639424343
2024-06-14,0.005181313244662755,0.0,0.005181313244662755,11.00387125602371,11.00387125602371
2024-06-17,0.012249850542799479,0.0,0.012249850542799479,11.138667034302209,11.138667034302209
2024-06-18,0.00030914656762948134,0.0,0.00030914656762948134,11.14211051498383,11.14211051498383
2024-06-20,-0.007707942643185195,0.0,-0.007707942643185195,11.056227766210304,11.056227766210304
2024-06-21,-0.002679318383353446,0.0,-0.002679318383353446,11.026604611905753,11.026604611905753
2024-06-24,-0.011384600560626845,0.0,-0.011384600560626845,10.901071122859241,10.901071122859241
2024-06-25,0.011435543662476233,0.0,0.011435543662476233,11.025730797652457,11.025730797652457
2024-06-26,0.0020651907860222973,0.0,0.0020651907860222973,11.048501035304932,11.048501035304932
2024-06-27,0.0025813038492497054,0.0,0.0025813038492497054,11.077020573555805,11.077020573555805
2024-06-28,-0.005190999467332036,0.0,-0.005190999467332036,11.01951976565885,11.01951976565885
2024-07-01,0.005865206264098255,0.0,0.005865206264098255,11.084151522015748,11.084151522015748
2024-07-02,0.010499650523561943,0.0,0.010499650523561943,11.200531239347121,11.200531239347121
2024-07-03,0.008337075794269344,0.0,0.008337075794269344,11.29391091722564,11.29391091722564
2024-07-05,0.010426789998747132,0.0,0.010426789998747132,11.41167015462411,11.41167015462411
2024-07-08,0.0023782687210582854,0.0,0.0023782687210582854,11.438810172807887,11.438810172807887
2024-07-09,0.0008646614210334747,0.0,0.0008646614210334747,11.448700870666839,11.448700870666839
2024-07-10,0.010426508574559845,0.0,0.010426508574559845,11.568070848462417,11.568070848462417
2024-07-11,-0.02193023815038997,0.0,-0.02193023815038997,11.314380299815053,11.314380299815053
2024-07-12,0.005874839717118441,0.0,0.005874839717118441,11.38085047057499,11.38085047057499
2024-07-15,0.0026879003104951504,0.0,0.0026879003104951504,11.411441062088548,11.411441062088548
2024-07-16,0.00038292977263143513,0.0,0.00038292977263143513,11.41581084261985,11.41581084261985
2024-07-17,-0.029354954091179386,0.0,-0.029354954091179386,11.080700239421157,11.080700239421157
2024-07-18,-0.004732571254686291,0.0,-0.004732571254686291,11.028260035986277,11.028260035986277
2024-07-19,-0.008863478810441472,0.0,-0.008863478810441472,10.930511286841273,10.930511286841273
2024-07-22,0.01489775773789237,0.0,0.01489775773789237,11.093351395943934,11.093351395943934
2024-07-23,-0.0035247292405153896,0.0,-0.0035247292405153896,11.054250335903339,11.054250335903339
2024-07-24,-0.03587031668207097,0.0,-0.03587031668207097,10.657730875671596,10.657730875671596
2024-07-25,-0.01102768931153919,0.0,-0.01102768931153919,10.540200730808692,10.540200730808692
2024-07-26,0.01025608346178708,0.0,0.01025608346178708,10.648301909207856,10.648301909207856
2024-07-29,0.002008571949638327,0.0,0.002008571949638327,10.66968978973397,10.66968978973397
2024-07-30,-0.013731220970067182,0.0,-0.013731220970067182,10.523181921549064,10.523181921549064
2024-07-31,0.02959361843897579,0.0,0.02959361843897579,10.834600952099315,10.834600952099315
2024-08-01,-0.02422141817731671,0.0,-0.02422141817731671,10.572171551654163,10.572171551654163
2024-08-02,-0.02373496199503855,0.0,-0.02373496199503855,10.321241461670624,10.321241461670624
2024-08-05,-0.029816119100375515,0.0,-0.029816119100375515,10.013502096985718,10.013502096985718
2024-08-06,0.009555151835478615,0.0,0.009555151835478615,10.1091826299273,10.1091826299273
2024-08-07,-0.01082989710829485,0.0,-0.01082989710829485,9.999701222196226,9.999701222196226
2024-08-08,0.030591009019635518,0.0,0.030591009019635518,10.30560217247809,10.30560217247809
2024-08-09,0.005222306599500737,0.0,0.005222306599500737,10.359421186715252,10.359421186715252
2024-08-12,0.002153656430180284,0.0,0.002153656430180284,10.381731820766968,10.381731820766968
2024-08-13,0.024812749115035615,0.0,0.024812749115035615,10.63933112781524,10.63933112781524
2024-08-14,0.0003243223928579564,0.0,0.0003243223928579564,10.64278170114502,10.64278170114502
2024-08-15,0.025263020821011395,0.0,0.025263020821011395,10.911650516854527,10.911650516854527
2024-08-16,0.0012858436556595354,0.0,0.0012858436556595354,10.9256811934444,10.9256811934444
2024-08-19,0.013135933925698673,0.0,0.013135933925698673,11.069200219694734,11.069200219694734
2024-08-20,-0.0020986015965186455,0.0,-0.0020986015965186455,11.045970378441497,11.045970378441497
2024-08-21,0.004664170299523596,0.0,0.004664170299523596,11.097490665410042,11.097490665410042
2024-08-22,-0.015854886118082834,0.0,-0.015854886118082834,10.921541214713478,10.921541214713478
2024-08-23,0.01084560944882762,0.0,0.01084560944882762,11.039991985307536,11.039991985307536
2024-08-26,-0.009708390441827364,0.0,-0.009708390441827364,10.932811432639525,10.932811432639525
2024-08-27,0.002987293541375058,0.0,0.002987293541375058,10.96547094962132,10.96547094962132
2024-08-28,-0.011347426258708215,0.0,-0.011347426258708215,10.841041076628485,10.841041076628485
2024-08-29,-0.001463863123989273,0.0,-0.001463863123989273,10.825171276370757,10.825171276370757
2024-08-30,0.011919522616311795,0.0,0.011919522616311795,10.954202150224907,10.954202150224907
2024-09-03,-0.030361011330545584,0.0,-0.030361011330545584,10.621621494624842,10.621621494624842
2024-09-04,-0.002598504481007957,0.0,-0.002598504481007957,10.594021163575489,10.594021163575489
2024-09-05,0.0009335443493485585,0.0,0.0009335443493485585,10.603911152169625,10.603911152169625
2024-09-06,-0.026787211481678286,0.0,-0.026787211481678286,10.31986194160353,10.31986194160353
2024-09-09,0.012859583000316865,0.0,0.012859583000316865,10.452571062793393,10.452571062793393
2024-09-10,0.009241788343518076,0.0,0.009241788343518076,10.54917151220131,10.54917151220131
2024-09-11,0.02171536023161913,0.0,0.02171536023161913,10.778250571733896,10.778250571733896
2024-09-12,0.009816160043484068,0.0,0.009816160043484068,10.88405160433481,10.88405160433481
2024-09-13,0.004479933583308338,0.0,0.004479933583308338,10.93281143263953,10.93281143263953
2024-09-16,-0.004417914367365827,0.0,-0.004417914367365827,10.88451120793557,10.88451120793557
2024-09-17,0.0005282745135144484,0.0,0.0005282745135144484,10.890261217798786,10.890261217798786
2024-09-18,-0.004329472632901732,0.0,-0.004329472632901732,10.843112129891175,10.843112129891175
2024-09-19,0.02528398589753067,0.0,0.02528398589753067,11.117269224068687,11.117269224068687
2024-09-20,-0.001903236088296123,0.0,-0.001903236088296123,11.096110436078137,11.096110436078137
2024-09-23,0.0026507038501140112,0.0,0.0026507038501140112,11.12552293873234,11.12552293873234
2024-09-24,0.00482360281558214,0.0,0.00482360281558214,11.179188042504434,11.179188042504434
2024-09-25,0.0009271233936332113,0.0,0.0009271233936332113,11.189552529260464,11.189552529260464
2024-09-26,0.00751318325010808,0.0,0.00751318325010808,11.273621687899508,11.273621687899508
2024-09-27,-0.0055571007849800624,0.0,-0.0055571007849800624,11.210973035968113,11.210973035968113
2024-09-30,0.0027118641923211673,0.0,0.0027118641923211673,11.241375672305432,11.241375672305432
2024-10-01,-0.013932508840276303,0.0,-0.013932508840276303,11.08475510637417,11.08475510637417
2024-10-02,0.0014129942232512516,0.0,0.0014129942232512516,11.10041780130563,11.10041780130563
2024-10-03,-0.0007470002582009583,0.0,-0.0007470002582009583,11.092125786341915,11.092125786341915
2024-10-04,0.011898082896591333,0.0,0.011898082896591333,11.22410081844723,11.22410081844723
2024-10-07,-0.01071160979107777,0.0,-0.01071160979107777,11.103872630224307,11.103872630224307
2024-10-08,0.014934654141287806,0.0,0.014934654141287806,11.269705127585619,11.269705127585619
2024-10-09,0.00786838822181779,0.0,0.00786838822181779,11.358379542674873,11.358379542674873
2024-10-10,-0.0011355476043286572,0.0,-0.0011355476043286572,11.345481561996133,11.345481561996133
2024-10-11,0.0015630670322137608,0.0,0.0015630670322137608,11.363215310190277,11.363215310190277
2024-10-14,0.00839154920399432,0.0,0.00839154920399432,11.45857029058132,11.45857029058132
2024-10-15,-0.013366853269091261,0.0,-0.013366853269091261,11.305405262833553,11.305405262833553
2024-10-16,0.0001222740002877476,0.0,0.0001222740002877476,11.306787619959913,11.306787619959913
2024-10-17,0.0006925921929847867,0.0,0.0006925921929847867,11.314618612793234,11.314618612793234
2024-10-18,0.0065546677936720865,0.0,0.0065546677936720865,11.388782179012193,11.388782179012193
2024-10-21,0.001921260695770366,0.0,0.001921260695770366,11.410662998585419,11.410662998585419
2024-10-22,0.0010898796402165623,0.0,0.0010898796402165623,11.423099247868949,11.423099247868949
2024-10-23,-0.015323786851351717,0.0,-0.015323786851351717,11.248054109812768,11.248054109812768
2024-10-24,0.008108898361541828,0.0,0.008108898361541828,11.339263437354363,11.339263437354363
2024-10-25,0.006093568489282886,0.0,0.006093568489282886,11.408360015727903,11.408360015727903
2024-10-28,0.00016145710028259153,0.0,0.00016145710028259153,11.410201976455022,11.410201976455022
2024-10-29,0.009608472238927801,0.0,0.009608472238927801,11.519836585386349,11.519836585386349
2024-10-30,-0.007557594720827732,0.0,-0.007557594720827732,11.432774329223834,11.432774329223834
2024-10-31,-0.025242769642891516,0.0,-0.025242769642891516,11.144179440452074,11.144179440452074
2024-11-01,0.007398918184909675,0.0,0.007398918184909675,11.226634312369931,11.226634312369931
2024-11-04,-0.0029131535792505936,0.0,-0.0029131535792505936,11.193929402439913,11.193929402439913
2024-11-05,0.012756836078578582,0.0,0.012756836078578582,11.33672852490202,11.33672852490202
2024-11-06,0.027163109288206977,0.0,0.027163109288206977,11.644669320794666,11.644669320794666
2024-11-07,0.015744420601289777,0.0,0.015744420601289777,11.828007892344193,11.828007892344193
2024-11-08,0.0011685351916363995,0.0,0.0011685351916363995,11.84182933581335,11.84182933581335
2024-11-11,-0.0005837353926148037,0.0,-0.0005837353926148037,11.834916840916732,11.834916840916732
2024-11-12,-0.0018098815336647922,0.0,-0.0018098815336647922,11.813497043473898,11.813497043473898
2024-11-13,-0.0012866854086897028,0.0,-0.0012866854086897028,11.798296789202462,11.798296789202462
2024-11-14,-0.006949694563313513,0.0,-0.006949694563313513,11.716302230150182,11.716302230150182
2024-11-15,-0.023825985434052344,0.0,-0.023825985434052344,11.43714978387367,11.43714978387367
2024-11-18,0.006947690280880048,0.0,0.006947690280880048,11.516611558268059,11.516611558268059
2024-11-19,0.0068797374061218,0.0,0.0068797374061218,11.59584282159725,11.59584282159725
2024-11-20,-0.0005759949384376295,0.0,-0.0005759949384376295,11.589163674825091,11.589163674825091
2024-11-21,0.003597131768452,0.0,0.003597131768452,11.630851423649593,11.630851423649593
2024-11-22,0.0016041749283668416,0.0,0.0016041749283668416,11.649509343898972,11.649509343898972
2024-11-25,0.001581514063487166,0.0,0.001581514063487166,11.667933206759074,11.667933206759074
2024-11-26,0.005369179981718819,0.0,0.005369179981718819,11.730580440160837,11.730580440160837
2024-11-27,-0.007873356845336521,0.0,-0.007873356845336521,11.638221394352525,11.638221394352525
2024-11-29,0.008786903556690095,0.0,0.008786903556690095,11.740485323316108,11.740485323316108
2024-12-02,0.010887852288115063,0.0,0.010887852288115063,11.868313993307156,11.868313993307156
2024-12-03,0.0030664672554581163,0.0,0.0030664672554581163,11.904707789545128,11.904707789545128
2024-12-04,0.012362661095837169,0.0,0.012362661095837169,12.051881657392247,12.051881657392247
2024-12-05,-0.0027710563441453173,0.0,-0.0027710563441453173,12.018485214266642,12.018485214266642
2024-12-06,0.008949547919473444,0.0,0.008949547919473444,12.126045223611204,12.126045223611204
2024-12-09,-0.007787495086753915,0.0,-0.007787495086753915,12.031613706010576,12.031613706010576
2024-12-10,-0.0034075515076488205,0.0,-0.0034075515076488205,11.990615362587212,11.990615362587212
2024-12-11,0.017902605133796268,0.0,0.017902605133796268,12.205278614734842,12.205278614734842
2024-12-12,-0.006453842878155869,0.0,-0.006453842878155869,12.126507664271228,12.126507664271228
2024-12-13,0.0076543115716805055,0.0,0.0076543115716805055,12.219327732209932,12.219327732209932
2024-12-16,0.014400493146105031,0.0,0.014400493146105031,12.395292077467632,12.395292077467632
2024-12-17,-0.0044036897151986665,0.0,-0.0044036897151986665,12.340707057229205,12.340707057229205
2024-12-18,-0.03607686610732597,0.0,-0.03607686610732597,11.895493021055813,11.895493021055813
2024-12-19,-0.004453306790021316,0.0,-0.004453306790021316,11.842518741214494,11.842518741214494
2024-12-20,0.008732462979789135,0.0,0.008732462979789135,11.94593309770961,11.94593309770961
2024-12-23,0.009742738366501635,0.0,0.009742738366501635,12.062319198424326,12.062319198424326
2024-12-24,0.013559876548146166,0.0,0.013559876548146166,12.225882757639294,12.225882757639294
2024-12-26,-0.000679336712110068,0.0,-0.000679336712110068,12.217577266644076,12.217577266644076
2024-12-27,-0.013293283079716,0.0,-0.013293283079716,12.055165553490273,12.055165553490273
2024-12-30,-0.013299929998200843,0.0,-0.013299929998200843,11.89483269551213,11.89483269551213
2024-12-31,-0.008494601670501645,0.0,-0.008494601670501645,11.793790829826495,11.793790829826495
2025-01-02,-0.001956075678947844,0.0,-0.001956075678947844,11.770721282421674,11.770721282421674
2025-01-03,0.016365177291780775,0.0,0.016365177291780775,11.963351223060641,11.963351223060641
2025-01-06,0.011493037160282604,0.0,0.011493037160282604,12.10084646322879,12.10084646322879
2025-01-07,-0.017844382007456527,0.0,-0.017844382007456527,11.884914336325355,11.884914336325355
2025-01-08,0.00017467674209914463,0.0,0.00017467674209914463,11.886990354441751,11.886990354441751
2025-01-10,-0.015680988453538935,0.0,-0.015680988453538935,11.700590595946421,11.700590595946421
2025-01-13,-0.0032138379431098096,0.0,-0.0032138379431098096,11.662986793932374,11.662986793932374
2025-01-14,-0.0009494173750556056,0.0,-0.0009494173750556056,11.651913751625171,11.651913751625171
2025-01-15,0.023006293402236144,0.0,0.023006293402236144,11.91998109809261,11.91998109809261
2025-01-16,-0.007005905233978038,0.0,-0.007005905233978038,11.836470840128563,11.836470840128563
2025-01-17,0.016878345069852863,0.0,0.016878345069852863,12.036250879377503,12.036250879377503
2025-01-21,0.005864924993096654,0.0,0.005864924993096654,12.106842587983145,12.106842587983145
2025-01-22,0.012785796662902804,0.0,0.012785796662902804,12.26163821554287,12.26163821554287
2025-01-23,0.0021261219029773404,0.0,0.0021261219029773404,12.28770795311932,12.28770795311932
2025-01-24,-0.0056511647908144,0.0,-0.0056511647908144,12.218268090574842,12.218268090574842
2025-01-27,-0.029114687659237193,0.0,-0.029114687659237193,11.862537031380931,11.862537031380931
2025-01-28,0.01477986671184417,0.0,0.01477986671184417,12.037863747569057,12.037863747569057
2025-01-29,-0.001877882046947943,0.0,-0.001877882046947943,12.015258059353892,12.015258059353892
2025-01-30,0.004262345015831892,0.0,0.004262345015831892,12.066471234657113,12.066471234657113
2025-01-31,-0.0014530367586559345,0.0,-0.0014530367586559345,12.048938208405891,12.048938208405891
2025-02-03,-0.008003213576513124,0.0,-0.008003213576513124,11.95250798255381,11.95250798255381
2025-02-04,0.012275361548277353,0.0,0.012275361548277353,12.099229339448328,12.099229339448328
2025-02-05,0.004537825332942003,0.0,0.004537825332942003,12.154133528853952,12.154133528853952
2025-02-06,0.005219930951021912,0.0,0.005219930951021912,12.21757726664407,12.21757726664407
2025-02-07,-0.01261348455551159,0.0,-0.01261348455551159,12.063471044485487,12.063471044485487
2025-02-10,0.012105066103745399,0.0,0.012105066103745399,12.209500158919603,12.209500158919603
2025-02-11,-0.0023805783841158723,0.0,-0.0023805783841158723,12.18043448676042,12.18043448676042
2025-02-12,0.000586956840737507,0.0,0.000586956840737507,12.18758387610558,12.18758387610558
2025-02-13,0.014385973815199904,0.0,0.014385973815199904,12.362914138617787,12.362914138617787
2025-02-14,0.004198477574271164,0.0,0.004198477574271164,12.414819556381413,12.414819556381413
2025-02-18,0.0022670523965500067,0.0,0.0022670523965500067,12.442964602809443,12.442964602809443
2025-02-19,0.00027816620978238227,0.0,0.00027816620978238227,12.446425815111462,12.446425815111462
2025-02-20,-0.004244502103559866,0.0,-0.004244502103559866,12.39359693455742,12.39359693455742
2025-02-21,-0.020754768378648203,0.0,-0.020754768378648203,12.136370700802356,12.136370700802356
2025-02-24,-0.011804082916929581,0.0,-0.011804082916929581,11.99311197473949,11.99311197473949
2025-02-25,-0.01259951969387585,0.0,-0.01259951969387585,11.8420045242229,11.8420045242229
2025-02-26,0.0024157639046276103,0.0,0.0024157639046276103,11.870612011310955,11.870612011310955
2025-02-27,-0.027771334774733702,0.0,-0.027771334774733702,11.540949271163864,11.540949271163864
2025-02-28,0.01579152082814672,0.0,0.01579152082814672,11.723198411956034,11.723198411956034
2025-03-03,-0.021882533504526847,0.0,-0.021882533504526847,11.46666512992619,11.46666512992619
2025-03-04,-0.0030178191056544623,0.0,-0.0030178191056544623,11.432060808818957,11.432060808818957
2025-03-05,0.013036146007515459,0.0,0.013036146007515459,11.581090822689516,11.581090822689516
2025-03-06,-0.027509533599419322,0.0,-0.027509533599419322,11.262500415584812,11.262500415584812
2025-03-07,0.0073536195553418615,0.0,0.0073536195553418615,11.345320558882902,11.345320558882902
2025-03-10,-0.038756397894258776,0.0,-0.038756397894258776,10.905616801064921,10.905616801064921
2025-03-11,-0.0023902921088753137,0.0,-0.0023902921088753137,10.879549191282917,10.879549191282917
2025-03-12,0.01128077671887806,0.0,0.01128077671887806,11.00227895651183,11.00227895651183
2025-03-13,-0.017990450115811796,0.0,-0.017990450115811796,10.804343005784458,10.804343005784458
2025-03-14,0.024170431370829304,0.0,0.024170431370829304,11.065488636912672,11.065488636912672
2025-03-17,0.006483733779448553,0.0,0.006483733779448553,11.137234319373928,11.137234319373928
2025-03-18,-0.01704753477231813,0.0,-0.01704753477231813,10.947371930046947,10.947371930046947
2025-03-19,0.013381500628190102,0.0,0.013381500628190102,11.093864194405901,11.093864194405901
2025-03-20,-0.0033896036002503127,0.0,-0.0033896036002503127,11.056260392391854,11.056260392391854
2025-03-21,0.0032966950487798297,0.0,0.0032966950487798297,11.092709511285474,11.092709511285474
2025-03-24,0.0219443700079458,0.0,0.0219443700079458,11.336132033191781,11.336132033191781
2025-03-25,0.005706524578436234,0.0,0.005706524578436234,11.400821949263587,11.400821949263587
2025-03-26,-0.018400548956273854,0.0,-0.018400548956273854,11.191040566844402,11.191040566844402
2025-03-27,-0.005698054811375641,0.0,-0.005698054811375641,11.127273404298194,11.127273404298194
2025-03-28,-0.026327821447878152,0.0,-0.026327821447878152,10.834316536908108,10.834316536908108
2025-03-31,-4.261749171119433e-05,0.0,-4.261749171119433e-05,10.8338548055129,10.8338548055129
2025-04-01,0.008061072224538668,0.0,0.008061072224538668,10.921187291570304,10.921187291570304
2025-04-02,0.007298463725373461,0.0,0.007298463725373461,11.000895180855839,11.000895180855839
2025-04-03,-0.053533595366014985,0.0,-0.053533595366014985,10.411977709579958,10.411977709579958
2025-04-04,-0.06210882892171765,0.0,-0.06210882892171765,9.76530196727892,9.76530196727892
2025-04-07,0.002413241582797765,0.0,0.002413241582797765,9.788868000054933,9.788868000054933
2025-04-08,-0.01800849752587219,0.0,-0.01800849752587219,9.612585194894853,9.612585194894853
2025-04-09,0.12003081852824549,0.0,0.12003081852824549,10.766391664010577,10.766391664010577
2025-04-10,-0.042532271824449186,0.0,-0.042532271824449186,10.308472567188396,10.308472567188396
2025-04-11,0.018423114037577237,0.0,0.018423114037577237,10.498386732846944,10.498386732846944
2025-04-14,0.006778235627900919,0.0,0.006778235627900919,10.56954727183501,10.56954727183501
2025-04-15,0.0011146738413072566,0.0,0.0011146738413072566,10.581328869693385,10.581328869693385
2025-04-16,-0.030153509065920403,0.0,-0.030153509065920403,10.2622646736916,10.2622646736916
2025-04-17,-0.0001800416286655837,0.0,-0.0001800416286655837,10.26041703884595,10.26041703884595
2025-04-21,-0.024746736736785846,0.0,-0.024746736736785846,10.006505199575999,10.006505199575999
2025-04-22,0.02625210532426414,0.0,0.02625210532426414,10.269197028003065,10.269197028003065
2025-04-23,0.022678150241908,0.0,0.022678150241908,10.502083421067873,10.502083421067873
2025-04-24,0.028137166754721887,0.0,0.028137166754721887,10.79758229355846,10.79758229355846
2025-04-25,0.011147804077688228,0.0,0.011147804077688228,10.917951625479764,10.917951625479764
2025-04-28,-0.00031728015291809797,0.0,-0.00031728015291809797,10.91448757611848,10.91448757611848
2025-04-29,0.0066043680027074725,0.0,0.0066043680027074725,10.986570868632146,10.986570868632146
2025-04-30,-0.00012608066722430422,0.0,-0.00012608066722430422,10.985185674446521,10.985185674446521
2025-05-01,0.013060647089093491,0.0,0.013060647089093491,11.128659307748633,11.128659307748633
2025-05-02,0.014843903108999967,0.0,0.014843903108999967,11.293852048245924,11.293852048245924
2025-05-05,-0.005932556033219738,0.0,-0.005932556033219738,11.226850638138812,11.226850638138812
2025-05-06,-0.00930174612745227,0.0,-0.00930174612745227,11.122421323692018,11.122421323692018
2025-05-07,0.003925933672668913,0.0,0.003925933672668913,11.16608721208831,11.16608721208831
2025-05-08,0.010324975537034042,0.0,0.010324975537034042,11.28137678939751,11.28137678939751
2025-05-09,-0.0006554240537044453,0.0,-0.0006554240537044453,11.273982703690837,11.273982703690837
2025-05-12,0.04074013539089649,0.0,0.04074013539089649,11.733286285433827,11.733286285433827
2025-05-13,0.015240811986542813,0.0,0.015240811986542813,11.912111095694405,11.912111095694405
2025-05-14,0.005993088900442478,0.0,0.005993088900442478,11.983501436482848,11.983501436482848
2025-05-15,0.0010990984315149,0.0,0.0010990984315149,11.996672484115743,11.996672484115743
2025-05-16,0.004352310089560163,0.0,0.004352310089560163,12.048885722809509,12.048885722809509
2025-05-19,0.0009589205274451729,0.0,0.0009589205274451729,12.060439646661951,12.060439646661951
2025-05-20,-0.0033333054969783005,0.0,-0.0033333054969783005,12.020238516891759,12.020238516891759
2025-05-21,-0.013896771091742255,0.0,-0.013896771091742255,11.85319601375437,11.85319601375437
2025-05-22,0.0018712960255318212,0.0,0.0018712960255318212,11.87537685234476,11.87537685234476
2025-05-23,-0.009260823186937772,0.0,-0.009260823186937772,11.76540108703694,11.76540108703694
2025-05-27,0.02352532805921137,0.0,0.02352532805921137,12.042186007357687,12.042186007357687
2025-05-28,-0.004431982601900364,0.0,-0.004431982601900364,11.98881524848423,11.98881524848423
2025-05-29,0.001965786511609169,0.0,0.001965786511609169,12.012382699789875,12.012382699789875
2025-05-30,-0.0015771959850230388,0.0,-0.0015771959850230388,11.993436818025206,11.993436818025206
2025-06-02,0.007898200757743723,0.0,0.007898200757743723,12.088163389789283,12.088163389789283
2025-06-03,0.007816945496833538,0.0,0.007816945496833538,12.182655904164085,12.182655904164085
2025-06-04,0.0027880023678923394,0.0,0.0027880023678923394,12.216621177672112,12.216621177672112
2025-06-05,-0.007527021058102434,0.0,-0.007527021058102434,12.124666412808914,12.124666412808914
2025-06-06,0.009775312763678379,0.0,0.009775312763678379,12.243188819149387,12.243188819149387
2025-06-09,0.0014720363493916366,0.0,0.0014720363493916366,12.26121123812364,12.26121123812364
2025-06-10,0.0066137905869378955,0.0,0.0066137905869378955,12.3423043215948,12.3423043215948
2025-06-11,-0.003369470735531177,0.0,-0.003369470735531177,12.300717288374166,12.300717288374166
2025-06-12,0.0023478179442990577,0.0,0.0023478179442990577,12.32959713315156,12.32959713315156
2025-06-13,-0.012554685068653648,0.0,-0.012554685068653648,12.174802924121467,12.174802924121467
2025-06-16,0.013909971370287932,0.0,0.013909971370287932,12.344154084234894,12.344154084234894
2025-06-17,-0.009751465081267341,0.0,-0.009751465081267341,12.223780496724695,12.223780496724695
2025-06-18,-0.0001700084447198158,0.0,-0.0001700084447198158,12.22170235081385,12.22170235081385
2025-06-20,-0.0040832177891801935,0.0,-0.0040832177891801935,12.171798478360941,12.171798478360941
2025-06-23,0.010282412342111469,0.0,0.010282412342111469,12.296953929260534,12.296953929260534
2025-06-24,0.01529196130077004,0.0,0.01529196130077004,12.484998472864138,12.484998472864138
2025-06-25,0.002556534974230029,0.0,0.002556534974230029,12.516916808113224,12.516916808113224
2025-06-26,0.009350208927673131,0.0,0.009350208927673131,12.633952595399387,12.633952595399387
2025-06-27,0.0034238408186857416,0.0,0.0034238408186857416,12.677209237996857,12.677209237996857
2025-06-30,0.006476879031195093,0.0,0.006476879031195093,12.759317988684511,12.759317988684511
2025-07-01,-0.008429251333194498,0.0,-0.008429251333194498,12.65176649051774,12.65176649051774
2025-07-02,0.00696518528567891,0.0,0.00696518528567891,12.73988838831534,12.73988838831534
2025-07-03,0.009840272609489498,0.0,0.009840272609489498,12.865252363070832,12.865252363070832
2025-07-07,-0.007532889615530336,0.0,-0.007532889615530336,12.768339837143879,12.768339837143879
2025-07-08,0.0005613752705360131,0.0,0.0005613752705360131,12.775507667374251,12.775507667374251
2025-07-09,0.007079042104727762,0.0,0.007079042104727762,12.865946024060866,12.865946024060866
2025-07-10,-0.001438160900480101,0.0,-0.001438160900480101,12.847442723541375,12.847442723541375
2025-07-11,-0.002250445600816109,0.0,-0.002250445600816109,12.818530252582445,12.818530252582445
2025-07-14,0.003626960951989,0.0,0.003626960951989,12.86502256127045,12.86502256127045
2025-07-15,0.0009167224778718897,0.0,0.0009167224778718897,12.876816216630695,12.876816216630695
2025-07-16,0.001023841155902705,0.0,0.001023841155902705,12.890000031030278,12.890000031030278
2025-07-17,0.008092992155498191,0.0,0.008092992155498191,12.994318700165778,12.994318700165778
2025-07-18,-0.0009613102639247639,0.0,-0.0009613102639247639,12.981827128226598,12.981827128226598
2025-07-21,0.005184771900194951,0.0,0.005184771900194951,13.049134940734216,13.049134940734216
2025-07-22,-0.0051758566122592775,0.0,-0.0051758566122592775,12.981594489366953,12.981594489366953
2025-07-23,0.004561247383473077,0.0,0.004561247383473077,13.040806753264887,13.040806753264887
2025-07-24,0.002128533024350787,0.0,0.002128533024350787,13.068564541103388,13.068564541103388
2025-07-25,0.002406989267270232,0.0,0.002406989267270232,13.100020435692452,13.100020435692452
2025-07-28,0.003125199988001981,0.0,0.003125199988001981,13.140960619400904,13.140960619400904
2025-07-29,-0.0015490420227574075,0.0,-0.0015490420227574075,13.120604719182051,13.120604719182051
2025-07-30,0.0013399730145824407,0.0,0.0013399730145824407,13.138185975440758,13.138185975440758
2025-07-31,-0.00529916645018691,0.0,-0.00529916645018691,13.068564541103386,13.068564541103386
2025-08-01,-0.019698778454303678,0.0,-0.019698778454303678,12.811129783492422,12.811129783492422
2025-08-04,0.018451438855692004,0.0,0.018451438855692004,13.047513561364868,13.047513561364868
2025-08-05,-0.006789365501786548,0.0,-0.006789365501786548,12.958929222907246,12.958929222907246
2025-08-06,0.01258315667750276,0.0,0.01258315667750276,13.121993459691756,13.121993459691756
2025-08-07,0.0033842791337344025,0.0,0.0033842791337344025,13.16640194835039,13.16640194835039
2025-08-08,0.009328222932698305,0.0,0.009328222932698305,13.289221080946117,13.289221080946117
2025-08-11,-0.002958805683887178,0.0,-0.002958805683887178,13.24990085807738,13.24990085807738
2025-08-12,0.01256869481878442,0.0,0.01256869481878442,13.416434818341704,13.416434818341704
2025-08-13,0.0005000006872497575,0.0,0.0005000006872497575,13.423143044971317,13.423143044971317
2025-08-14,-0.0007752531091496095,0.0,-0.0007752531091496095,13.412736711591142,13.412736711591142
2025-08-15,-0.004397496451755467,0.0,-0.004397496451755467,13.35375424949359,13.35375424949359
2025-08-18,-0.00039856381057601364,0.0,-0.00039856381057601364,13.348431926314417,13.348431926314417
2025-08-19,-0.013567305926601048,0.0,-0.013567305926601048,13.167329666729701,13.167329666729701
2025-08-20,-0.005937378768955726,0.0,-0.005937378768955726,13.089150243122619,13.089150243122619
2025-08-21,-0.004629757069970708,0.0,-0.004629757069970708,13.028550657244613,13.028550657244613
2025-08-22,0.015427327600079588,0.0,0.015427327600079588,13.229546376388159,13.229546376388159
2025-08-25,-0.002884764158413655,0.0,-0.002884764158413655,13.191382255169483,13.191382255169483
2025-08-26,0.004015340881901697,0.0,0.004015340881901697,13.244350151627458,13.244350151627458
2025-08-27,0.001536842612600342,0.0,0.001536842612600342,13.26470463331668,13.26470463331668
2025-08-28,0.006259956128868982,0.0,0.006259956128868982,13.347741102383647,13.347741102383647
2025-08-29,-0.011575460321687658,0.0,-0.011575460321687658,13.193234854868846,13.193234854868846
2025-09-02,-0.008380282606327838,0.0,-0.008380282606327838,13.08267181829339,13.08267181829339
2025-09-03,0.007867545064627945,0.0,0.007867545064627945,13.185600328389551,13.185600328389551
2025-09-04,0.009051496036850626,0.0,0.009051496036850626,13.304949737505465,13.304949737505465
2025-09-05,0.0014428435949227492,0.0,0.0014428435949227492,13.324146699014994,13.324146699014994
2025-09-08,0.0048780316425294235,0.0,0.0048780316425294235,13.389142308222493,13.389142308222493
2025-09-09,0.002833109098061337,0.0,0.002833109098061337,13.427075209111155,13.427075209111155
2025-09-10,0.0003273999185251508,0.0,0.0003273999185251508,13.43147123244065,13.43147123244065
2025-09-11,0.005820509438208665,0.0,0.005820509438208665,13.509649237518099,13.509649237518099
2025-09-12,0.0044170862602861405,0.0,0.0044170862602861405,13.569322523546425,13.569322523546425
2025-09-15,0.008556972855075173,0.0,0.008556972855075173,13.685434848042172,13.685434848042172
2025-09-16,-0.0008450788899231343,0.0,-0.0008450788899231343,13.673869575952674,13.673869575952674
2025-09-17,-0.001995960980000211,0.0,-0.001995960980000211,13.64657706583346,13.64657706583346
2025-09-18,0.009017042945036469,0.0,0.009017042945036469,13.769628837288831,13.769628837288831
2025-09-19,0.006769360541128533,0.0,0.006769360541128533,13.86284041940596,13.86284041940596
2025-09-22,0.005919971004891833,0.0,0.005919971004891833,13.944908032734284,13.944908032734284
2025-09-23,-0.00664236348431424,0.0,-0.00664236348431424,13.85228088482553,13.85228088482553
2025-09-24,-0.0035105131579472593,0.0,-0.0035105131579472593,13.803652270511769,13.803652270511769
2025-09-25,-0.004311291858417277,0.0,-0.004311291858417277,13.74414069686149,13.74414069686149
2025-09-26,0.004110845231269922,0.0,0.004110845231269922,13.800640732103085,13.800640732103085
2025-09-29,0.004631181431281384,0.0,0.004631181431281384,13.864554003201386,13.864554003201386
2025-09-30,0.002739134291552814,0.0,0.002739134291552814,13.90253087850864,13.90253087850864
2025-10-01,0.004797022405524931,0.0,0.004797022405524931,13.969221630626349,13.969221630626349
2025-10-02,0.004111121841221976,0.0,0.004111121841221976,14.026650802776887,14.026650802776887
2025-10-03,-0.004209781352692232,0.0,-0.004209781352692232,13.967601669786632,13.967601669786632
2025-10-06,0.007510154587375251,0.0,0.007510154587375251,14.07250051754161,14.07250051754161
2025-10-07,-0.005265569704058781,0.0,-0.005265569704058781,13.998400785156091,13.998400785156091
2025-10-08,0.011463738189771755,0.0,0.011463738189771755,14.158874786832616,14.158874786832616
2025-10-09,-0.0012102542195092658,0.0,-0.0012102542195092658,14.141738948878348,14.141738948878348
2025-10-10,-0.0347142937102668,0.0,-0.0347142937102668,13.650818469433066,13.650818469433066
2025-10-13,0.021221385738261933,0.0,0.021221385738261933,13.940507753815895,13.940507753815895
2025-10-14,-0.006660944590322959,0.0,-0.006660944590322959,13.84765080410676,13.84765080410676
2025-10-15,0.007056768737883523,0.0,0.007056768737883523,13.945370473394307,13.945370473394307
2025-10-16,-0.0037029302513930107,0.0,-0.0037029302513930107,13.893731739201492,13.893731739201492
2025-10-17,0.006566773461732511,0.0,0.006566773461732511,13.98496872807091,13.98496872807091
2025-10-20,0.012600750316114295,0.0,0.012600750316114295,14.161189827191999,14.161189827191999
2025-10-21,-0.00026164463889932765,0.0,-0.00026164463889932765,14.157484627793279,14.157484627793279
2025-10-22,-0.009633888201207252,0.0,-0.009633888201207252,14.021093003678809,14.021093003678809
2025-10-23,0.008406510401807177,0.0,0.008406510401807177,14.138961467858941,14.138961467858941
2025-10-24,0.010678179204553828,0.0,0.010678179204553828,14.28993983217902,14.28993983217902
2025-10-27,0.01780932240951727,0.0,0.01780932240951727,14.544433977862898,14.544433977862898
2025-10-28,0.007689812405443863,0.0,0.007689812405443863,14.656277946696028,14.656277946696028
2025-10-29,0.0045029912347254175,0.0,0.0045029912347254175,14.7222750378237,14.7222750378237
2025-10-30,-0.015288557761366617,0.0,-0.015288557761366617,14.497192685529207,14.497192685529207
2025-10-31,0.004823934700558308,0.0,0.004823934700558308,14.567126196385612,14.567126196385612
2025-11-03,0.004784903321815692,0.0,0.004784903321815692,14.636828486912005,14.636828486912005
2025-11-04,-0.02029809145102246,0.0,-0.02029809145102246,14.339728803731735,14.339728803731735
2025-11-05,0.006507850334973142,0.0,0.006507850334973142,14.433049612630525,14.433049612630525
2025-11-06,-0.0186273637779365,0.0,-0.0186273637779365,14.164199947071051,14.164199947071051
2025-11-07,-0.003155192402140461,0.0,-0.003155192402140461,14.119509171015654,14.119509171015654
2025-11-10,0.02212410496158035,0.0,0.02212410496158035,14.4318906739212,14.4318906739212
2025-11-11,-0.00266349827862411,0.0,-0.00266349827862411,14.39345135795392,14.39345135795392
2025-11-12,-0.0007883320159972618,0.0,-0.0007883320159972618,14.382104539427745,14.382104539427745
2025-11-13,-0.020415947108225807,0.0,-0.020415947108225807,14.088480253845814,14.088480253845814
2025-11-14,0.0007558588119775944,0.0,0.0007558588119775944,14.099129155793056,14.099129155793056
2025-11-17,-0.008540478281271802,0.0,-0.008540478281271802,13.97871584945316,13.97871584945316
2025-11-18,-0.012175714936622062,0.0,-0.012175714936622062,13.808514990090178,13.808514990090178
2025-11-19,0.005970073510543017,0.0,0.005970073510543017,13.890952839652451,13.890952839652451
2025-11-20,-0.023671787217586227,0.0,-0.023671787217586227,13.562129159782673,13.562129159782673
2025-11-21,0.00751273835218047,0.0,0.00751273835218047,13.664017887658597,13.664017887658597
2025-11-24,0.025573261083649657,0.0,0.025573261083649657,14.013451384551349,14.013451384551349
2025-11-25,0.006163769755954451,0.0,0.006163769755954451,14.099827072371985,14.099827072371985
2025-11-26,0.008835636476900666,0.0,0.008835636476900666,14.224408018770626,14.224408018770626
2025-11-28,0.008107246699400328,0.0,0.008107246699400328,14.339728803731727,14.339728803731727
2025-12-01,-0.0033590309023721066,0.0,-0.0033590309023721066,14.291561211548357,14.291561211548357
2025-12-02,0.007826073319548543,0.0,0.007826073319548543,14.40340801744075,14.40340801744075
2025-12-03,0.002443824006459039,0.0,0.002443824006459039,14.438607411728595,14.438607411728595
2025-12-04,-0.0009302875756749263,0.0,-0.0009302875756749263,14.425175354643416,14.425175354643416
2025-12-05,0.0040775470483929155,0.0,0.0040775470483929155,14.483994685833293,14.483994685833293
2025-12-08,-0.0019186002268825053,0.0,-0.0019186002268825053,14.45620569034289,14.45620569034289
2025-12-09,0.0012334438133960735,0.0,0.0012334438133960735,14.474036607816824,14.474036607816824
2025-12-10,0.004095633783892216,0.0,0.004095633783892216,14.533316961137091,14.533316961137091
2025-12-11,-0.003234348809736831,0.0,-0.003234348809736831,14.48631114472231,14.48631114472231
2025-12-12,-0.01911840365084827,0.0,-0.01911840365084827,14.209356000845727,14.209356000845727
2025-12-15,-0.005019386618356658,0.0,-0.005019386618356658,14.138033749479616,14.138033749479616
2025-12-16,0.001981802971139146,0.0,0.001981802971139146,14.1660525467704,14.1660525467704
2025-12-17,-0.018537047358446523,0.0,-0.018537047358446523,13.903455759828676,13.903455759828676
2025-12-18,0.014490198509077512,0.0,0.014490198509077512,14.10491959375077,14.10491959375077
2025-12-19,0.013035360962284415,0.0,0.013035360962284415,14.28878231199931,14.28878231199931
2025-12-22,0.004793529762324944,0.0,0.004793529762324944,14.357276015279261,14.357276015279261
2025-12-23,0.004683320360612031,0.0,0.004683320360612031,14.424515738364546,14.424515738364546
2025-12-24,0.002925563588204838,0.0,0.002925563588204838,14.466715576386193,14.466715576386193
2025-12-26,-6.402972705099597e-05,0.0,-6.402972705099597e-05,14.465789276536512,14.465789276536512
2025-12-29,-0.004840682759455928,0.0,-0.004840682759455928,14.395764979783658,14.395764979783658
2025-12-30,-0.002319387022803987,0.0,-0.002319387022803987,14.362375629306213,14.362375629306213
2025-12-31,-0.008265617813153048,0.0,-0.008265617813153048,14.243661721465424,14.243661721465424
2026-01-02,-0.0019371296799318705,0.0,-0.0019371296799318705,14.216069901593864,14.216069901593864
2026-01-05,0.007942968524083938,0.0,0.007942968524083938,14.3289876973584,14.3289876973584
2026-01-06,0.008786595304206557,0.0,0.008786595304206557,14.454890713374043,14.454890713374043
2026-01-07,0.0009625073552126384,0.0,0.0009625073552126384,14.46880365200446,14.46880365200446
2026-01-08,-0.005688999652936455,0.0,-0.005688999652936455,14.386490633049801,14.386490633049801
2026-01-09,0.00996023105487942,0.0,0.00996023105487942,14.529783403823835,14.529783403823835
2026-01-12,0.0008297496946161331,0.0,0.0008297496946161331,14.541839487165996,14.541839487165996
2026-01-13,-0.0014828295247444334,0.0,-0.0014828295247444334,14.520276418230331,14.520276418230331
2026-01-14,-0.010682829260153182,0.0,-0.010682829260153182,14.365158784444148,14.365158784444148
2026-01-15,0.0035994606388298767,0.0,0.0035994606388298767,14.416865608059297,14.416865608059297
2026-01-16,-0.0008363469702494797,0.0,-0.0008363469702494797,14.404808106187502,14.404808106187502
2026-01-20,-0.021247109479646253,0.0,-0.021247109479646253,14.098747571322042,14.098747571322042
2026-01-21,0.013518379690002691,0.0,0.013518379690002691,14.289339794144675,14.289339794144675
2026-01-22,0.00726938199084981,0.0,0.00726938199084981,14.393214463505364,14.393214463505364
2026-01-23,0.003157420737031069,0.0,0.003157420737031069,14.438659897324971,14.438659897324971
2026-01-26,0.004400109641689687,0.0,0.004400109641689687,14.50219158395227,14.50219158395227
2026-01-27,0.009065284269015539,0.0,0.009065284269015539,14.633658073184522,14.633658073184522
2026-01-28,0.0033114338544455446,0.0,0.0033114338544455446,14.682116463942446,14.682116463942446
2026-01-29,-0.005985274152202957,0.0,-0.005985274152202957,14.594239971771177,14.594239971771177
2026-01-30,-0.012010843010114347,0.0,-0.012010843010114347,14.418950846618298,14.418950846618298
2026-02-02,0.0068664977949211,0.0,0.0068664977949211,14.517958540811678,14.517958540811678
2026-02-03,-0.015363995860281365,0.0,-0.015363995860281365,14.294904685890911,14.294904685890911
2026-02-04,-0.017469117873106343,0.0,-0.017469117873106343,14.045185310948263,14.045185310948263
2026-02-05,-0.014395285110089362,0.0,-0.014395285110089362,13.843000863973124,13.843000863973124
2026-02-06,0.021137965447641127,0.0,0.021137965447641127,14.135613737927454,14.135613737927454
2026-02-09,0.0076601288352324826,0.0,0.0076601288352324826,14.24389436032506,14.24389436032506
2026-02-10,-0.004639335369521991,0.0,-0.004639335369521991,14.177812157419469,14.177812157419469
2026-02-11,0.002682115083918246,0.0,0.002682115083918246,14.215838681263843,14.215838681263843
2026-02-12,-0.02033890829654672,0.0,-0.02033890829654672,13.926704041967117,13.926704041967117
2026-02-13,0.0021309462986458527,0.0,0.0021309462986458527,13.956381100397683,13.956381100397683
2026-02-17,-0.0010300219796973709,0.0,-0.0010300219796973709,13.942005721107241,13.942005721107241
2026-02-18,0.007467270408041182,0.0,0.007467270408041182,14.046114447857207,14.046114447857207
2026-02-19,-0.003829877610147525,0.0,-0.003829877610147525,13.992319548623788,13.992319548623788
2026-02-20,0.00884888016577512,0.0,0.00884888016577512,14.116135907550794,14.116135907550794
2026-02-23,-0.012154861024927022,0.0,-0.012154861024927022,13.944556237385532,13.944556237385532
2026-02-24,0.010741494985549327,0.0,0.010741494985549327,14.094341618285119,14.094341618285119
2026-02-25,0.014493229135896346,0.0,0.014493229135896346,14.298614140878525,14.298614140878525
2026-02-26,-0.012064622965899163,0.0,-0.012064622965899163,14.126106752333952,14.126106752333952
2026-02-27,-0.0032006550532752698,0.0,-0.0032006550532752698,14.080893957373988,14.080893957373988
2026-03-02,0.0013172951606528205,0.0,0.0013172951606528205,14.099442650841702,14.099442650841702
2026-03-03,-0.01070569407223343,0.0,-0.01070569407223343,13.948498331232791,13.948498331232791
2026-03-04,0.015243157069594115,0.0,0.015243157069594115,14.161117482180744,14.161117482180744
2026-03-05,-0.0030126350364195753,0.0,-0.0030126350364195753,14.118455203499073,14.118455203499073
2026-03-06,-0.015043283953991238,0.0,-0.015043283953991238,13.906067272881131,13.906067272881131
2026-03-09,0.01335559691185173,0.0,0.01335559691185173,14.091791102006825,14.091791102006825
2026-03-10,1.6508821196747903e-05,0.0,1.6508821196747903e-05,14.09202374086647,14.09202374086647
2026-03-11,-0.00013176640363377068,0.0,-0.00013176640363377068,14.090166885578213,14.090166885578213
2026-03-12,-0.017163300525987357,0.0,-0.017163300525987357,13.848333116859719,13.848333116859719
2026-03-13,-0.005927094575381431,0.0,-0.005927094575381431,13.766252736764704,13.766252736764704
2026-03-16,0.011217471974352744,0.0,0.011217471974352744,13.92067529103122,13.92067529103122
2026-03-17,0.0048802389046711525,0.0,0.0048802389046711525,13.988611512165805,13.988611512165805
2026-03-18,-0.013939679228373136,0.0,-0.013939679228373136,13.793614754835886,13.793614754835886
2026-03-19,-0.003160260480330801,0.0,-0.003160260480330801,13.75002333924527,13.75002333924527
2026-03-20,-0.018481707498242073,0.0,-0.018481707498242073,13.495899429795339,13.495899429795339
2026-03-23,0.011478971108489944,0.0,0.011478971108489944,13.650818469433045,13.650818469433045
2026-03-24,-0.006836798962342794,0.0,-0.006836798962342794,13.557490567886095,13.557490567886095
2026-03-25,0.006575620525403059,0.0,0.006575620525403059,13.646639481137246,13.646639481137246
2026-03-26,-0.023867934697473725,0.0,-0.023867934697473725,13.320922381161495,13.320922381161495
2026-03-27,-0.019536656388718376,0.0,-0.019536656388718376,13.060676097819954,13.060676097819954
2026-03-30,-0.007643371872404492,0.0,-0.007643371872404492,12.960848493499292,12.960848493499292
2026-03-31,0.03385390473424077,0.0,0.03385390473424077,13.399623823673144,13.399623823673144
2026-04-01,0.012353199234057088,0.0,0.012353199234057088,13.565152046428397,13.565152046428397
2026-04-02,0.0011466275764089318,0.0,0.0011466275764089318,13.580706223843011,13.580706223843011
2026-04-06,0.006017365534718655,0.0,0.006017365534718655,13.662426297411503,13.662426297411503
2026-04-07,0.00015293726768694782,0.0,0.00015293726768694782,13.664515791559404,13.664515791559404
2026-04-08,0.029732043596962132,0.0,0.029732043596962132,14.070789770805426,14.070789770805426
2026-04-09,0.006764706060259584,0.0,0.006764706060259584,14.165974527640632,14.165974527640632
2026-04-10,0.0014421643720912147,0.0,0.0014421643720912147,14.186404191400348,14.186404191400348
2026-04-13,0.010342492251355084,0.0,0.010342492251355084,14.333126966824498,14.333126966824498
2026-04-14,0.01815697886050316,0.0,0.01815697886050316,14.593373250166039,14.593373250166039
2026-04-15,0.013999468879074328,0.0,0.013999468879074328,14.797672724822453,14.797672724822453
2026-04-16,0.004816377928118731,0.0,0.004816377928118731,14.868943909121812,14.868943909121812
2026-04-17,0.013084122492198702,0.0,0.013084122492198702,15.063490992558394,15.063490992558394
2026-04-20,-0.003174848913578998,0.0,-0.003174848913578998,15.015666684545963,15.015666684545963
2026-04-21,-0.00380336112828894,0.0,-0.00380336112828894,14.958556681562618,14.958556681562618
2026-04-22,0.01673059200687632,0.0,0.01673059200687632,15.208822190413576,15.208822190413576
2026-04-23,-0.005632679633709281,0.0,-0.005632679633709281,15.123155767408928,15.123155767408928
2026-04-24,0.019127488040923124,0.0,0.019127488040923124,15.41242374849106,15.41242374849106
2026-04-27,0.0005271940263615882,0.0,0.0005271940263615882,15.420549086223017,15.420549086223017
2026-04-28,-0.010056759402575555,0.0,-0.010056759402575555,15.265468334207267,15.265468334207267
2026-04-29,0.006113568281962856,0.0,0.006113568281962856,15.358794817224585,15.358794817224585
2026-04-30,0.00932627116139395,0.0,0.00932627116139395,15.502035102402234,15.502035102402234
2026-05-01,0.009599622702352262,0.0,0.009599622702352262,15.650848790503916,15.650848790503916
2026-05-04,-0.0018838683316975136,0.0,-0.0018838683316975136,15.6213646521033,15.6213646521033
2026-05-05,0.012974053527471385,0.0,0.012974053527471385,15.824037073271837,15.824037073271837
2026-05-06,0.02077436440402569,0.0,0.02077436440402569,16.1527713857748,16.1527713857748
2026-05-07,-0.001192941202506459,0.0,-0.001192941202506459,16.13350207925404,16.13350207925404
2026-05-08,0.023440839756069476,0.0,0.023440839756069476,16.511684916198046,16.511684916198046
2026-05-11,0.0028963917525772764,0.0,0.0028963917525772764,16.559509224210476,16.559509224210476
2026-05-12,-0.008481790799397704,0.0,-0.008481790799397704,16.419054931230026,16.419054931230026
2026-05-13,0.010562260792936318,0.0,0.010562260792936318,16.592477271387224,16.592477271387224
2026-05-14,0.00710766178035227,0.0,0.00710766178035227,16.710410987930427,16.710410987930427
2026-05-15,-0.015087656778261405,0.0,-0.015087656778261405,16.458290042320844,16.458290042320844
2026-05-18,-0.004302314727548051,0.0,-0.004302314727548051,16.38748129868151,16.38748129868151
2026-05-19,-0.006162420032059024,0.0,-0.006162420032059024,16.286494755651525,16.286494755651525
2026-05-20,0.016563787343382597,0.0,0.016563787343382597,16.556260791353253,16.556260791353253
2026-05-21,0.001906965251198045,0.0,0.001906965251198045,16.587833005372136,16.587833005372136
2026-05-22,0.004240666390677106,0.0,0.004240666390677106,16.658176471292183,16.658176471292183
2026-05-26,0.01775519084548005,0.0,0.01775519084548005,16.95394557367766,16.95394557367766
2026-05-27,-0.0011365676760621835,0.0,-0.0011365676760621835,16.934676267156902,16.934676267156902
2026-05-28,0.008430926296197239,0.0,0.008430926296197239,17.077451274615264,17.077451274615264
2026-05-29,0.0036840758744198787,0.0,0.0036840758744198787,17.140365900852654,17.140365900852654
2026-06-01,0.00600023569930852,0.0,0.00600023569930852,17.24321213623016,17.24321213623016
2026-06-02,0.004604508800567064,0.0,0.004604508800567064,17.322608658261476,17.322608658261476
2026-06-03,-0.002613320951729392,0.0,-0.002613320951729392,17.27733912211623,17.27733912211623
2026-06-04,-0.004837372714978083,0.0,-0.004837372714978083,17.193762193259484,17.193762193259484
2026-06-05,-0.04800098739080161,0.0,-0.04800098739080161,16.368444631020395,16.368444631020395
2026-06-08,0.015615708159669062,0.0,0.015615708159669062,16.62404948540611,16.62404948540611
2026-06-09,-0.01150725833784727,0.0,-0.01150725833784727,16.432752253356387,16.432752253356387
2026-06-10,-0.019976509699805467,0.0,-0.019976509699805467,16.104483218572714,16.104483218572714
2026-06-11,0.03377582954055702,0.0,0.03377582954055702,16.648425498601988,16.648425498601988
2026-06-12,0.005884685554236491,0.0,0.005884685554236491,16.746396247634394,16.746396247634394
2026-06-15,0.03141376689991193,0.0,0.03141376689991193,17.27246363577114,17.27246363577114
2026-06-16,-0.019005421591015037,0.0,-0.019005421591015037,16.94419318245783,16.94419318245783
2026-06-17,-0.010070407460121666,0.0,-0.010070407460121666,16.773558253027463,16.773558253027463
2026-06-18,0.02506543768170255,0.0,0.02506543768170255,17.19399483211913,17.19399483211913
2026-06-22,-0.002510106841037363,0.0,-0.002510106841037363,17.15083606806627,17.15083606806627
2026-06-23,-0.03292904314791367,0.0,-0.03292904314791367,16.58607544715812,16.58607544715812
2026-06-24,-0.00424581964999271,0.0,-0.00424581964999271,16.515653962108313,16.515653962108313
2026-06-25,0.008105611726665796,0.0,0.008105611726665796,16.649523440537134,16.649523440537134
2026-06-26,-0.013763624451209266,0.0,-0.013763624451209266,16.420365652609977,16.420365652609977
2026-06-29,0.024854210883145544,0.0,0.024854210883145544,16.828480883318306,16.828480883318306
2026-06-30,0.017014704222517052,0.0,0.017014704222517052,17.11481250806225,17.11481250806225
2026-07-01,-0.015249920059198452,0.0,-0.015249920059198452,16.853812985486133,16.853812985486133
2026-07-02,-0.017333877050142776,0.0,-0.017333877050142776,16.561671063369616,16.561671063369616
2026-07-06,0.014341891788415717,0.0,0.014341891788415717,16.799196757595798,16.799196757595798
2026-07-07,-0.0185246873533641,0.0,-0.0185246873533641,16.48799688987369,16.48799688987369
2026-07-08,0.0028332742996159954,0.0,0.0028332742996159954,16.534711907713916,16.534711907713916
2026-07-09,0.01664234062582648,0.0,0.01664234062582648,16.809888215432,16.809888215432
2026-07-10,0.0030831495111482976,0.0,0.0030831495111482976,16.86171561406587,16.86171561406587
2026-07-13,-0.01897977883957569,0.0,-0.01897977883957569,16.54168398085508,16.54168398085508
2026-07-14,0.011169826504217273,0.0,0.011169826504217273,16.72645172100882,16.72645172100882
2026-07-15,-0.002709516875899598,0.0,-0.002709516875899598,16.681131117796827,16.681131117796827
2026-07-16,-0.01644047698821338,0.0,-0.01644047698821338,16.40688536551732,16.40688536551732
2026-07-17,-0.015029585113280453,0.0,-0.015029585113280453,16.160296685472442,16.160296685472442
2026-07-20,0.001049833101992581,0.0,0.001049833101992581,16.177262299870872,16.177262299870872
2026-07-21,0.018547213156642428,0.0,0.018547213156642428,16.477305432037493,16.477305432037493
2026-07-22,-0.005105992167196205,0.0,-0.005105992167196205,16.39317243956501,16.39317243956501
2026-07-23,-0.01898341826999872,0.0,-0.01898341826999872,16.081973990372532,16.081973990372532
2026-07-24,-0.011171225588826994,0.0,-0.011171225588826994,15.902318631012433,15.902318631012433
2026-07-27,-0.003083737064717651,0.0,-0.003083737064717651,15.85328006163503,15.85328006163503
2026-07-28,-0.009719704641810822,0.0,-0.009719704641810822,15.699190861832028,15.699190861832028
2026-07-29,-0.0203704125369063,0.0,-0.0203704125369063,15.37939186748088,15.37939186748088
2026-07-30,0.032974185798204436,0.0,0.032974185798204436,15.886514792382588,15.886514792382588
2026-07-31,0.00649550511403274,0.0,0.00649550511403274,15.989705730460665,15.989705730460665
2026-08-03,0.017558419833591632,0.0,0.017558419833591632,16.27045969669168,16.27045969669168
2026-08-04,0.03396798607700635,0.0,0.03396798607700635,16.8231344451354,16.8231344451354
2026-08-05,-0.009048819525989127,0.0,-0.009048819525989127,16.670904937679918,16.670904937679918
2026-08-06,-0.0036943586003114204,0.0,-0.0036943586003114204,16.609316636648426,16.609316636648426
2026-08-07,0.011726026161803071,0.0,0.011726026161803071,16.804077918059438,16.804077918059438
2026-08-10,-0.0029874750593527066,0.0,-0.0029874750593527066,16.753876154383814,16.753876154383814
2026-08-11,-0.0033570309855425196,0.0,-0.0033570309855425196,16.697632873005606,16.697632873005606
2026-08-12,0.007307397746256994,0.0,0.007307397746256994,16.819649117829634,16.819649117829634
