date,net_return,nav,cash,equity_net
2005-03-01,0.0,100226.57421619687,19955.093558593828,1.0
2005-03-02,-0.00039649226026583495,100186.83515524719,19955.093558593828,0.9996035077397342
2005-03-03,0.00033044163829343276,100219.94105719132,19955.093558593828,0.9999338183604756
2005-03-04,0.009976608712747081,101219.7961943335,19955.093558593828,1.009909766804901
2005-03-07,0.0003926756334184933,101259.5427419186,19955.093558593828,1.0103063337622769
2005-03-08,-0.0030084935671423896,100954.90405896776,19955.093558593828,1.0072668336563098
2005-03-09,-0.008919305110314135,100054.45646728334,19955.093558593828,0.9982827134394292
2005-03-10,0.0017863117178711363,100233.18491529606,19955.093558593828,1.000065957548194
2005-03-11,-0.0056154330521774876,99670.3321757977,19955.093558593828,0.9944501541158205
2005-03-14,0.004982986391627531,100166.9880846787,19955.093558593828,0.9994054857009316
2005-03-15,-0.006610142238906991,99504.87004579607,19955.093558593828,0.9927992732861045
2005-03-16,-0.006787675984996522,98829.46322899601,19955.093558593828,0.9860604735008983
2005-03-17,0.0016079347068576055,98988.37455298202,19955.093558593828,0.9876459943593008
2005-03-18,-0.002370743794548491,98753.6984782781,19955.093558593828,0.9853045387469629
2005-03-21,-0.0029614883451055674,98461.2405511986,19955.093558593828,0.9823865708390841
2005-03-22,-0.008101751399711477,97663.5320577456,19955.093558593828,0.9744275190637308
2005-03-23,0.0006806413277125056,97730.00589387448,19955.093558593828,0.9750907547040659
2005-03-24,0.0009519739392411797,97823.04231256733,19955.093558593828,0.9760190156909392
2005-03-28,0.0011552570784174598,97936.05307463124,19955.093558593828,0.977146568567486
2005-03-29,-0.005293984679746178,97417.58111005934,19955.093558593828,0.9719735696036234
2005-03-30,0.011259127974817096,98514.41812277462,19955.093558593828,0.9829171444119302
2005-03-31,-0.0014846447136220853,98368.15921269308,19955.093558593828,0.9814578616695505
2005-04-01,-0.003612280070616758,98012.82587158581,19761.61535014504,0.9779125609956915
2005-04-04,0.0013596639365687224,98146.0903762446,19761.61535014504,0.9792421934379948
2005-04-05,0.003801996783302952,98519.24149614884,19761.61535014504,0.9829652691075206
2005-04-06,0.0027733758465331437,98792.47238093303,19761.61535014504,0.9856914012428444
2005-04-07,0.004316481790274329,99218.9082889815,19761.61535014504,0.9899461202271391
2005-04-08,-0.008327943488514733,98392.61882775874,19761.61535014504,0.981701904881213
2005-04-11,0.0006093611972748381,98452.57547177063,19761.61535014504,0.9823001159293385
2005-04-12,0.004128997106418897,98859.08587101306,19761.61535014504,0.9863560302656457
2005-04-13,-0.009436933119391089,97926.15928940417,19761.61535014504,0.9770478543761206
2005-04-14,-0.010411090582856275,96906.64117461097,19761.61535014504,0.9668757206604255
2005-04-15,-0.011139946498174624,95827.10637660799,19761.61535014504,0.9561047768618843
2005-04-18,0.0024341733523656206,96060.36616538424,19761.61535014504,0.958432101631791
2005-04-19,0.006312341952123157,96666.7320446663,19761.61535014504,0.964482052795183
2005-04-20,-0.011098031195897584,95593.92163682912,19761.61535014504,0.9537782008853786
2005-04-21,0.015405100200901689,97066.55557824162,19761.61535014504,0.9684712496394536
2005-04-22,-0.003020699829531348,96773.34665035323,19761.61535014504,0.9655457887007617
2005-04-25,0.005233317454565123,97279.79229451521,19761.61535014504,0.9705987963299513
2005-04-26,-0.00774006156075413,96526.84071353829,19761.61535014504,0.9630863018955637
2005-04-27,0.0031061645366357027,96826.66896299616,19761.61535014504,0.9660778064122312
2005-04-28,-0.009978999969710856,95860.43563634722,19761.61535014504,0.9564373160113052
2005-04-29,0.010774563194631437,96893.28995797594,19761.61535014504,0.9667425103143727
2005-05-02,0.00446847433171027,97326.25513706812,19420.141091426627,0.9710623744070856
2005-05-03,0.0013754348263059768,97460.12105789757,19420.141091426627,0.9723980074153604
2005-05-04,0.00618068451459064,98062.49131891025,19420.141091426627,0.9784080927218114
2005-05-05,-0.0002731139022642548,98035.7090892404,19420.141091426627,0.9781408758696012
2005-05-06,-0.002526205635347001,97788.05072847391,19420.141091426627,0.9756698908768162
2005-05-09,0.004996833282547408,98276.68131498939,19420.141091426627,0.9805451506603289
2005-05-10,-0.008308789492744828,97460.12105789757,19420.141091426627,0.9723980074153604
2005-05-11,0.00439505202649948,97888.46336045596,19420.141091426627,0.9766717472484153
2005-05-12,-0.008820405776263418,97025.04739280185,19420.141091426627,0.9680571061274721
2005-05-13,-0.0015862059979108167,96871.14568067981,19420.141091426627,0.9665215681394126
2005-05-16,0.007461728847411031,97593.97190288709,19420.141091426627,0.9737334900060433
2005-05-17,0.005349318727620345,98116.03316449006,19420.141091426627,0.9789423007998438
2005-05-18,0.008253633912786329,98925.84698320457,19420.141091426627,0.9870221321723864
2005-05-19,0.0033830245708230677,99260.51555423823,19420.141091426627,0.9903612522974719
2005-05-20,-0.0011459462182122904,99146.76834182105,19420.141091426627,0.9892263515657376
2005-05-23,0.004455006493309099,99588.46783857448,19420.141091426627,0.9936333613853154
2005-05-24,-0.001881670585323958,99401.07514800515,19420.141091426627,0.9917636707166001
2005-05-25,-0.0006059845774060157,99340.83962948789,19420.141091426627,0.9911626772277143
2005-05-26,0.004311844999055348,99769.18193204627,19420.141091426627,0.995436417060769
2005-05-27,0.0013417562240878311,99903.04785287574,19420.141091426627,0.996772050069044
2005-05-31,-0.00515875278744693,99387.67272629027,19420.141091426627,0.9916299494773011
2005-06-01,0.0068183619207986546,100065.333849404,19881.6579834043,0.9983912413643407
2005-06-02,0.0017290079054048668,100238.34760268661,19881.6579834043,1.0001174677133466
2005-06-03,-0.004049568660910441,99832.42553161332,19881.6579834043,0.9960674233588656
2005-06-06,-0.0007331233185274844,99759.23605251094,19881.6579834043,0.9953371831039756
2005-06-07,0.0006002409225229766,99819.11562838929,19881.6579834043,0.9959346252129834
2005-06-08,-0.0014665172256647097,99672.72917586964,19881.6579834043,0.9944740699294726
2005-06-09,0.003805702429403146,100052.0539234395,19881.6579834043,0.9982587423133817
2005-06-10,-0.00186256679856589,99865.70028967338,19881.6579834043,0.9963994187235707
2005-06-13,0.0025318321969787227,100118.5434850406,19881.6579834043,0.9989221348529459
2005-06-14,0.0018611052891448487,100304.8746358621,19881.6579834043,1.0007812341215647
2005-06-15,0.00152598652490199,100457.9385229384,19881.6579834043,1.002308412799209
2005-06-16,0.0020537798369717475,100664.25701154055,19881.6579834043,1.0043669336078431
2005-06-17,0.0029730311357629713,100963.5349818943,19881.6579834043,1.00735294777319
2005-06-20,0.0002647710500234268,100990.26720306554,19881.6579834043,1.007619665670916
2005-06-21,0.0004630597198751474,101037.0317279067,19881.6579834043,1.0080862537510422
2005-06-22,0.0006610381664429177,101103.82106210294,19881.6579834043,1.008752637239838
2005-06-23,-0.011299680292749414,99961.38020772583,19881.6579834043,0.99735405494456
2005-06-24,-0.0058816364410239075,99373.44371120102,19881.6579834043,0.991487980990395
2005-06-27,0.0011428490693874416,99487.01255886818,19881.6579834043,0.9926211021067787
2005-06-28,0.006715556733584149,100155.12323596206,19881.6579834043,0.9992871054329296
2005-06-29,-0.002134591957240861,99941.33291542612,19881.6579834043,0.997154035214698
2005-06-30,-0.004345429865894257,99507.04486253814,19881.6579834043,0.9928209722891791
2005-07-01,0.002339254549016845,99739.81716989206,19936.458571200677,0.9951434332649659
2005-07-05,0.006426317503939627,100380.77690281067,19936.458571200677,1.0015385409290871
2005-07-06,-0.006717880032137691,99706.4308860448,19936.458571200677,0.9948103251635633
2005-07-07,0.003147385674290515,100020.24547825017,19936.458571200677,0.9979413769296193
2005-07-08,0.00914455251389601,100934.8858654788,19936.458571200677,1.0070671042567418
2005-07-11,0.004101465308744334,101348.86679829813,19936.458571200677,1.0111975550484285
2005-07-12,0.0021078999716117597,101562.50007174515,19936.458571200677,1.0133290583460088
2005-07-13,0.0011176553076779339,101676.01193901137,19936.458571200677,1.0144616109464937
2005-07-14,0.0031516766251880046,101996.46184918188,19936.458571200677,1.0176588658928643
2005-07-15,-0.0004585380219329638,101949.6925933214,19936.458571200677,1.0171922306094952
2005-07-18,-0.003208814497813295,101622.55494168034,19936.458571200677,1.0139282494328523
2005-07-19,0.0044018011797688494,102069.87722391375,19936.458571200677,1.0183913599974068
2005-07-20,0.0027473415949228475,102350.29804319967,19936.458571200677,1.0211892289406377
2005-07-21,-0.00469633337576425,101869.62692247998,19936.458571200677,1.0163933838817927
2005-07-22,0.005373890293704386,102417.06312182198,19936.458571200677,1.0218553704220206
2005-07-25,-0.0022813733991522422,102183.41155839656,19936.458571200677,1.0195241367621588
2005-07-26,0.0009796739657608189,102283.51798643295,19936.458571200677,1.0205229380164096
2005-07-27,0.0029375365884536375,102583.97956291385,19936.458571200677,1.023520761486189
2005-07-28,0.005076354391089666,103104.73219802351,19936.458571200677,1.028716515598131
2005-07-29,-0.005374306687263242,102550.61574628319,19936.458571200677,1.0231878775490537
2005-08-01,-0.000590355258880515,102490.07445097594,20520.84553705566,1.02258383320472
2005-08-02,0.0047861396848969395,102980.6062636138,20520.84553705566,1.027478062269955
2005-08-03,0.0021245022284828163,103199.38879111134,20520.84553705566,1.0296609417029647
2005-08-04,-0.006423691364333628,102536.46776852937,20520.84553705566,1.0230467176035556
2005-08-05,-0.005430568879856934,101979.63641761514,20520.84553705566,1.017490991936298
2005-08-08,-0.0014953756123727846,101827.13855635759,20520.84553705566,1.0159694607211474
2005-08-09,0.004817956624894482,102317.73729315924,20520.84553705566,1.0208643575151193
2005-08-10,-0.00038881525750655843,102277.95459578611,20520.84553705566,1.0204674298770728
2005-08-11,0.003175929596361371,102602.78217884217,20520.84553705566,1.0237083625897423
2005-08-12,-0.0049106828346706655,102098.93245760708,20520.84553705566,1.018681255505864
2005-08-15,0.0049349166451304605,102602.78217884217,20520.84553705566,1.0237083625897423
2005-08-16,-0.010402460963895188,101535.46074243973,20520.84553705566,1.0130592763094894
2005-08-17,-6.496004544320755e-05,101528.8649942958,20520.84553705566,1.0129934679328636
2005-08-18,-6.533046769796602e-05,101522.23206606088,20520.84553705566,1.0129272885958287
2005-08-19,0.0018283471762339243,101707.84995238384,20520.84553705566,1.0147792713436632
2005-08-22,0.0,101707.84995238384,20520.84553705566,1.0147792713436632
2005-08-23,-0.0014991522608562846,101555.37439918089,20520.84553705566,1.0132579627047582
2005-08-24,-0.007115134978135318,100832.79420257565,20520.84553705566,1.0060484955324436
2005-08-25,0.0028926142551766176,101124.46458047531,20520.84553705566,1.0089586057520197
2005-08-26,-0.005440583709463098,100574.2884658506,20520.84553705566,1.0034692819980426
2005-08-29,0.006129407329329872,101190.7492467153,20520.84553705566,1.0096199539698787
2005-08-30,-0.004192622206815155,100766.49466429926,20520.84553705566,1.0053869989304207
2005-08-31,0.010065576717127156,101780.76754685875,20520.84553705566,1.0155067988985573
2005-09-01,-0.0005976806196700268,101719.93515464086,20347.103740073533,1.0148998501657125
2005-09-02,-0.001436594483845366,101573.80485690059,20347.103740073533,1.0134418506393088
2005-09-06,0.009352545350479913,102523.77847324556,20347.103740073533,1.0229201115074875
2005-09-07,0.0013606421372378552,102663.27664630511,20347.103740073533,1.0243119397142326
2005-09-08,-0.00265284069127969,102390.92732851769,20347.103740073533,1.0215946033199952
2005-09-09,0.0071366284691580795,103121.65333547388,20347.103740073533,1.0288853444499868
2005-09-12,-0.0016100078539499352,102955.62666369147,20347.103740073533,1.0272288309646083
2005-09-13,-0.004452394293539719,102497.22761904624,20347.103740073533,1.022655203179462
2005-09-14,-0.0029167597361926534,102198.26783245563,20347.103740073533,1.0196723636588203
2005-09-15,-0.00038995144960285444,102158.41546976747,20347.103740073533,1.0192747409424916
2005-09-16,0.005694724344116109,102740.17948529948,20347.103740073533,1.0250792296230795
2005-09-19,-0.002662532448947763,102466.63042360915,20347.103740073533,1.0223499229114656
2005-09-20,-0.006771079137084968,101772.82076010045,20347.103740073533,1.0154275106776394
2005-09-21,-0.007473365344400129,101012.23528843008,20347.103740073533,1.0078388499095907
2005-09-22,0.002840203271543329,101299.13056956218,20347.103740073533,1.0107013171082924
2005-09-23,0.000658826474215557,101365.86911859644,20347.103740073533,1.0113671938935278
2005-09-26,0.0009212057860434886,101459.24794373583,20347.103740073533,1.0122988712043572
2005-09-27,-0.00019735071451032482,101439.22488866045,20347.103740073533,1.0120990932988272
2005-09-28,0.0007894852170242661,101519.30965713646,20347.103740073533,1.0128981305711502
2005-09-29,0.006505857836544893,102179.77985342997,20347.103740073533,1.0194879018115484
2005-09-30,0.0024812488224588147,102433.3133118704,20347.103740073533,1.0220175049674292
2005-10-03,-0.002872472335571752,102139.0764531411,20474.923191204813,1.0190817879579404
2005-10-04,-0.008999753839624702,101219.84990765621,20474.923191204813,1.009910302723874
2005-10-05,-0.010463884708292293,100160.69706803185,20474.923191204813,0.9993427177504549
2005-10-06,-0.0028594039405142047,99874.29717615087,20474.923191204813,0.9964851932453951
2005-10-07,0.0027342578507807414,100147.37925729596,20474.923191204813,0.9992098407082131
2005-10-10,-0.006717602900143893,99474.62893195535,20474.923191204813,0.9924975457844193
2005-10-11,-0.0011382169787798047,99361.40522034718,20474.923191204813,0.9913678682264102
2005-10-12,-0.006234454925309274,98741.94101818553,20474.923191204813,0.9851872299375527
2005-10-13,-0.0004723635930745651,98695.29892013903,20474.923191204813,0.9847218633577682
2005-10-14,0.008368910362500204,99521.27103000184,20474.923191204813,0.9929629123642036
2005-10-17,0.002944834550957731,99814.34470748622,20474.923191204813,0.9958870238563534
2005-10-18,-0.008608425160405497,98955.1003911369,20474.923191204813,0.9873140049432669
2005-10-19,0.013193479603866853,100260.66248984597,20474.923191204813,1.000340112130098
2005-10-20,-0.014018362586392108,98855.17216991143,20474.923191204813,0.9863169817285462
2005-10-21,0.003099397649054092,99161.56365813168,20474.923191204813,0.9893739702629377
2005-10-24,0.012292957511346847,100380.5525469398,20474.923191204813,1.0015363024422124
2005-10-25,-0.001592819783822974,100220.66441693195,20474.923191204813,0.9999410356054655
2005-10-26,-0.0023262277336868475,99987.52832787676,20474.923191204813,0.9976149450363886
2005-10-27,-0.008460617841360318,99141.57206179241,20474.923191204813,0.989174506233606
2005-10-28,0.011422133170166271,100273.98030058184,20474.923191204813,1.0004729891723398
2005-10-31,0.0021919540573462903,100493.77625854796,20474.923191204813,1.0026659800002216
2005-11-01,0.002372442796048979,100732.19199408032,20157.549488504163,1.0050447476813165
2005-11-02,0.008364548235725522,101574.77127290517,20157.549488504163,1.0134514929523595
2005-11-03,0.003423471782129539,101922.50963613423,20157.549488504163,1.0169210155410389
2005-11-04,-0.0010498102204010706,101815.51034382929,20157.549488504163,1.0158534414655833
2005-11-07,0.0007881300884367004,101895.7542110008,20157.549488504163,1.0166540661282444
2005-11-08,0.0,101895.7542110008,20157.549488504163,1.0166540661282444
2005-11-09,0.001049939266990929,102002.73856448659,20157.549488504163,1.0177214911532184
2005-11-10,0.006228295159348418,102638.04172732806,20157.549488504163,1.0240601609901328
2005-11-11,0.0027366040242664535,102918.9214053619,20157.549488504163,1.0268626081477896
2005-11-14,-0.00045475914263792827,102872.11808490238,20157.549488504163,1.0263956329885013
2005-11-15,-0.0029254766713397995,102571.16810331368,20157.549488504163,1.0233929365086283
2005-11-16,0.0016301871769761611,102738.37830628318,20157.549488504163,1.0250612585507328
2005-11-17,0.00748537678644734,103507.41377833427,20157.549488504163,1.0327342283001748
2005-11-18,0.003165431725954626,103835.05942977974,20157.549488504163,1.0360032779909156
2005-11-21,0.0040575124621187175,104256.37147742091,20157.549488504163,1.0402068742021595
2005-11-22,0.003463659834587851,104617.48008380711,20157.549488504163,1.0438097969719957
2005-11-23,0.004666387216213819,105105.66575546269,20157.549488504163,1.0486806176647445
2005-11-25,0.0006359671088671526,105172.50950183874,20157.549488504163,1.0493475440452857
2005-11-28,-0.005722551925124275,104570.65435511884,20157.549488504163,1.0433425982369848
2005-11-29,-0.0008952949593326043,104477.03277538059,20157.549488504163,1.0424084988679263
2005-11-30,-0.004352298636609131,104022.31752807533,20157.549488504163,1.0378716257795138
2005-12-01,0.008178169243962863,104873.02964596919,20884.679294941663,1.0463595155886456
2005-12-02,0.0010113842781527271,104979.09657935536,20884.679294941663,1.0474177871520074
2005-12-05,-0.0017048631341880505,104800.12158773685,20884.679294941663,1.0456320831805992
2005-12-06,0.0015180611704319613,104959.21458297575,20884.679294941663,1.0472194166446336
2005-12-07,-0.004673634961533946,104468.67352816561,20884.679294941663,1.0423250953666061
2005-12-08,-0.0005078621123670857,104415.61784695141,20884.679294941663,1.0417957379418998
2005-12-09,0.002095313114372166,104634.4012603714,20884.679294941663,1.0439786262141066
2005-12-12,0.0007603388935348843,104713.95886525139,20884.679294941663,1.0447724037676362
2005-12-13,0.00544441324450462,105284.06492978189,20884.679294941663,1.0504605764802017
2005-12-14,0.003148131294059553,105615.51298935313,20884.679294941663,1.0537675642941948
2005-12-15,-0.002322436639686676,105370.22765226735,20884.679294941663,1.0513202558931647
2005-12-16,-0.002580479745140085,105098.32191406988,20884.679294941663,1.048607345267177
2005-12-19,-0.0041218352789579304,104665.12394304518,20884.679294941663,1.0442851585176802
2005-12-20,0.0007640775926847088,104745.09621898562,20884.679294941663,1.0450830734076766
2005-12-21,0.0012723489852737302,104878.36853587226,20884.679294941663,1.0464127837956538
2005-12-22,0.0041941645658163385,105318.24567290605,20884.679294941663,1.0508016112146668
2005-12-23,0.00044315881375989186,105364.91838172573,20884.679294941663,1.0512672832101897
2005-12-27,-0.008159491736765556,104505.19420084506,20884.679294941663,1.0426894764997041
2005-12-28,0.0017855052447952602,104691.78877319902,20884.679294941663,1.0445512040286873
2005-12-29,-0.0035648579855440676,104318.57741397,20884.679294941663,1.040827527327696
2005-12-30,-0.004344511454871469,103865.36415943911,20884.679294941663,1.0363056402126753
2006-01-03,0.014044921566067847,105324.1450524895,20862.700464613223,1.050860471647936
2006-01-04,0.003797859566280426,105724.1513643374,20862.700464613223,1.05485149214301
2006-01-05,0.0005043392844736871,105777.47220718808,20862.700464613223,1.0553834951897836
2006-01-06,0.006680264823154536,106484.09373385597,20862.700464613223,1.0624337364276377
2006-01-09,0.0020660480057783648,106704.09498336192,20862.700464613223,1.0646287755300556
2006-01-10,0.0008117905130899938,106790.71635537727,20862.700464613223,1.0654930310699937
2006-01-11,0.0025593487428792194,107064.03104103258,20862.700464613223,1.068219999319609
2006-01-12,-0.0031749519178455587,106724.10789034657,20862.700464613223,1.0648284521840883
2006-01-13,-0.0007499412842895126,106644.07107581063,20862.700464613223,1.0640298933671095
2006-01-17,-0.0021877549256734685,106410.75998402065,20862.700464613223,1.0617020567268316
2006-01-18,-0.003194652221645944,106070.81461323067,20862.700464613223,1.0583102878925832
2006-01-19,0.0030794798399385037,106397.45754843796,20862.700464613223,1.0615693330885478
2006-01-20,-0.014661442253933177,104837.51736862623,20862.700464613223,1.0460051956129237
2006-01-23,0.0028617221341002974,105137.53321256416,20862.700464613223,1.0489985718335932
2006-01-24,0.0008240271839254909,105224.16939798217,20862.700464613223,1.0498629751726831
2006-01-25,0.000697069538848405,105297.51796122013,20862.700464613223,1.0505948026726408
2006-01-26,0.0044312532005532645,105764.1179246961,20862.700464613223,1.0552502542544684
2006-01-27,0.007437786556898196,106550.76885919861,20862.700464613223,1.063098980409726
2006-01-30,-0.0006257592137203227,106484.09373385597,20862.700464613223,1.0624337364276377
2006-01-31,-0.00588485982994591,105857.44976811341,20862.700464613223,1.0561814628101553
2006-02-01,0.006004188851236547,106493.03788783144,0.9567310171496501,1.0625229757740426
2006-02-02,-0.010304882879058064,105395.63960496224,0.9567310171496501,1.051573800952383
2006-02-03,-0.005123656108036223,104855.6285923399,0.9567310171496501,1.0461858984240824
2006-02-06,0.0033719183718603496,105209.19321278337,0.9567310171496501,1.0497135518753598
2006-02-07,-0.012453463419732524,103898.9743736884,0.9567310171496501,1.0366409825558824
2006-02-08,0.00832943371518069,104764.3939938093,0.9567310171496501,1.0452756149065214
2006-02-09,0.0005607818250241703,104823.1439618707,0.9567310171496501,1.045861786473502
2006-02-10,-0.0012289905022723202,104694.31731352324,0.9567310171496501,1.0445764322712365
2006-02-13,-0.004022374374293536,104273.19757442716,0.9567310171496501,1.0403747547980777
2006-02-14,0.01105809581396855,105426.26058403404,0.9567310171496501,1.051879318519069
2006-02-15,0.002412811374075119,105680.63426469741,0.9567310171496501,1.0544173049029462
2006-02-16,0.008257056002267005,106553.2451801761,0.9567310171496501,1.063123687639289
2006-02-17,-0.0016147086857624116,106381.19272968751,0.9567310171496501,1.0614070525868182
2006-02-21,-0.0021546357173760633,106151.98001217506,0.9567310171496501,1.0591201070406397
2006-02-22,0.005938481873685397,106782.36162133318,0.9567310171496501,1.0654096725983566
2006-02-23,-0.002473826078132624,106518.20063046974,0.9567310171496501,1.062774034366388
2006-02-24,0.0046045654626636345,107008.67065823788,0.9567310171496501,1.0676676469796471
2006-02-27,-0.00015002486697490713,106992.61669665722,0.9567310171496501,1.0675074702829357
2006-02-28,-0.007471338371488279,106193.23865406554,0.9567310171496501,1.0595317607583603
2006-03-01,0.008957333874555662,107144.44694791039,0.0021541554143311714,1.0690223404901689
2006-03-02,0.000650305429204856,107214.12356346977,0.0021541554143311714,1.069717531522131
2006-03-03,-0.005025920523389238,106675.27389945493,0.0021541554143311714,1.0643412162262245
2006-03-06,-0.006314865838085493,106001.63385653884,0.0021541554143311714,1.0576200442398112
2006-03-07,-0.0032002344937286376,105662.40377147956,0.0021541554143311714,1.054235412092976
2006-03-08,0.00027580614727251707,105691.54611197533,0.0021541554143311714,1.0545261767003038
2006-03-09,-0.0057750276421124624,105081.17451164107,0.0021541554143311714,1.0484362588805285
2006-03-10,0.00841545782885822,105965.48070435067,0.0021541554143311714,1.0572593300033832
2006-03-13,0.0025676356533805844,106237.56145063478,0.0021541554143311714,1.0599739867539693
2006-03-14,0.01051838411748296,107355.00892967725,0.0021541554143311714,1.0711232003011872
2006-03-15,0.00493310131714364,107884.6020656302,0.0021541554143311714,1.0764071595714162
2006-03-16,0.0018146772489713303,108080.37779851303,0.0021541554143311714,1.0783604911545202
2006-03-17,0.0006896027370446589,108154.9103228637,0.0021541554143311714,1.0791041315007412
2006-03-20,-0.0012571712348472541,108018.9410806983,0.0021541554143311714,1.0777475128272136
2006-03-21,-0.007040159126647572,107258.47054679823,0.0021541554143311714,1.0701599988385615
2006-03-22,0.006296303637369993,107933.80244504077,0.0021541554143311714,1.0768980511318165
2006-03-23,-0.001317637727501375,107791.5847948665,0.0021541554143311714,1.0754790896309725
2006-03-24,0.0032393296769854807,108140.7572744218,0.0021541554143311714,1.0789629209629914
2006-03-27,4.04407237155624e-05,108145.13056490914,0.0021541554143311714,1.0790065550043775
2006-03-28,-0.006027154027466786,107493.32320567392,0.0021541554143311714,1.0725032163007198
2006-03-29,0.008677542931090132,108426.1011325967,0.0021541554143311714,1.0818099090039013
2006-03-30,0.0010006240816125,108534.59490046534,0.0021541554143311714,1.0828923940505777
2006-03-31,-0.0003272891826844315,108499.07270160738,0.0021541554143311714,1.0825379750839939
2006-04-03,0.0010261582294455174,108610.40991794734,1.0,1.0836488303358136
2006-04-04,0.0059280397040770705,109254.25674021701,1.0,1.0900727436273208
2006-04-05,0.004277562152761316,109721.59861387704,1.0,1.094735597539218
2006-04-06,2.0704548703953662e-05,109723.87035005941,1.0,1.094758263545715
2006-04-07,-0.010538090867222127,108567.59023400719,1.0,1.083221601486828
2006-04-10,0.002812609166752189,108872.94843351156,1.0,1.086268280492794
2006-04-11,-0.008803041145403201,107914.53538882999,1.0,1.0767058161246694
2006-04-12,0.002755819027894235,108211.92831884089,1.0,1.07967302250019
2006-04-13,-0.0008577941677861967,108119.10475784409,1.0,1.0787468852783733
2006-04-17,0.0036113611924515343,108509.56189692918,1.0,1.0826426299163456
2006-04-18,0.01707345707745933,110362.19524447032,1.0,1.1011270823884503
2006-04-19,0.005618560157679253,110982.27187758492,1.0,1.1073138311420996
2006-04-20,-0.003823219243866194,110557.96232001454,1.0,1.1030803275938779
2006-04-21,0.004283245044763628,111031.50916428091,1.0,1.1078050909410204
2006-04-24,-0.004394442347352423,110543.58759851895,1.0,1.1029369053367768
2006-04-25,-0.002796375984639665,110234.46616490254,1.0,1.0998526790621201
2006-04-26,0.0035085075447169878,110621.22462112994,1.0,1.1037115204846866
2006-04-27,0.002049003692465412,110847.88791884368,1.0,1.1059730294655765
2006-04-28,0.006579876542138097,111577.25333630644,1.0,1.1132501954583944
2006-05-01,-0.006070793678826347,110899.89085205158,0.08003396303570298,1.1064918832088535
2006-05-02,0.00988097568436519,111995.68997695946,0.08003396303570298,1.1174251026017876
2006-05-03,-0.0030436350701316117,111654.815967242,0.08003396303570298,1.1140240683712634
2006-05-04,0.005252993494132774,112241.33798910651,0.08003396303570298,1.119876029554725
2006-05-05,0.009096929717839375,113262.38955222968,0.08003396303570298,1.1300634630882773
2006-05-08,-0.0010668443028235552,113141.5562172117,0.08003396303570298,1.1288578613208526
2006-05-09,0.004859662302096668,113691.38597276104,0.08003396303570298,1.1343437293139391
2006-05-10,7.76743251302836e-05,113700.2168744396,0.08003396303570298,1.1344318386975794
2006-05-11,-0.011114185275955424,112436.53159818077,0.08003396303570298,1.1218235530593517
2006-05-12,-0.012424814944970053,111039.52850001909,0.08003396303570298,1.1078851030116803
2006-05-15,-0.0069592343096913645,110266.7784035498,0.08003396303570298,1.1001750709916054
2006-05-16,0.0013041847005443863,110410.58664892204,0.08003396303570298,1.101609902487113
2006-05-17,-0.018965928787340047,108316.54732517015,0.08003396303570298,1.0807168475251139
2006-05-18,-0.006952735077750183,107563.45106708165,0.08003396303570298,1.0732029095902105
2006-05-19,0.003762583039320422,107968.16748371744,0.08003396303570298,1.077240924655584
2006-05-22,-0.011653105187120039,106710.00307116908,0.08003396303570298,1.0646877228487022
2006-05-23,-0.0041236598711487105,106269.96731365434,0.08003396303570298,1.060297312810686
2006-05-24,0.002065576018990267,106489.4760096763,0.08003396303570298,1.0624874375130278
2006-05-25,0.013916855227567915,107971.47463056253,0.08003396303570298,1.0772739213620062
2006-05-26,0.005461321954807419,108561.14161545534,0.08003396303570298,1.0831572610800817
2006-05-30,-0.019186281363887114,106478.25700723642,0.08003396303570298,1.0623755011076619
2006-05-31,0.00952494968684281,107492.45704797306,0.08003396303570298,1.0724945743042469
2006-06-01,0.00497742429578385,108027.49261529715,10695.810289974363,1.077832834855485
2006-06-02,0.003179120129381152,108370.924991597,10695.810289974363,1.081259394916882
2006-06-05,-0.011997907169009725,107070.7006937281,10695.810289974363,1.0682865450710497
2006-06-06,-0.003137342694062628,106734.78321315846,10695.810289974363,1.0649349640837056
2006-06-07,-0.006420020322906561,106049.54373576895,10695.810289974363,1.0580980599717142
2006-06-08,-0.002923056188157802,105739.5549607008,10695.810289974363,1.0550051798898363
2006-06-09,-0.0032927355572707206,105391.38256827171,10695.810289974363,1.051531326820908
2006-06-12,-0.00936289350079278,104404.61427738368,10695.810289974363,1.0416859509951366
2006-06-13,-0.016054956617797433,102728.4027244624,10695.810289974363,1.0249617282425407
2006-06-14,0.005714526504493778,103315.44690459565,10695.810289974363,1.0308188992046743
2006-06-15,0.019885572596493706,105369.93372435617,10695.810289974363,1.0513173232586466
2006-06-16,-0.005275941609288903,104814.00810665183,10695.810289974363,1.0457706344483
2006-06-19,-0.008483611083805798,103924.80682574013,10695.810289974363,1.036898723102776
2006-06-20,0.004287190390130702,104370.35225885964,10695.810289974363,1.041344105344001
2006-06-21,0.007652916966935708,105169.08989850653,10695.810289974363,1.0493134253162066
2006-06-22,-0.004514744646193503,104694.2783129422,10695.810289974363,1.0445760431470812
2006-06-23,0.00029908182614835077,104725.59046888731,10695.810289974363,1.0448884568576164
2006-06-26,0.004023805130462188,105146.9858371067,10695.810289974363,1.0490928843910807
2006-06-27,-0.00791982855538087,104314.23973616175,10695.810289974363,1.0407842486080334
2006-06-28,0.005207430250981471,104857.44886377196,10695.810289974363,1.0462040599889797
2006-06-29,0.01948300449229534,106900.38701103546,10695.810289974363,1.0665872583896028
2006-06-30,0.002818629364017333,107201.69958088957,10695.810289974363,1.0695935725553862
2006-07-03,0.00478201935022704,107714.34018266262,10740.781453960497,1.0747083897162246
2006-07-05,-0.004055661304749436,107277.48730121717,10740.781453960497,1.070349736486163
2006-07-06,0.003166739470692459,107617.20715457066,10740.781453960497,1.0737392552441392
2006-07-07,-0.005829977202715164,106989.80129023963,10740.781453960497,1.0674793798644053
2006-07-10,0.0005240335587652911,107045.86753656135,10740.781453960497,1.0680387748827442
2006-07-11,0.006427817809160796,107733.93887030991,10740.781453960497,1.0749039335408097
2006-07-12,-0.006727500255899632,107009.15876899082,10740.781453960497,1.0676725170528463
2006-07-13,-0.011899584340018698,105735.79425906476,10740.781453960497,1.054967657888656
2006-07-14,-0.0025696012285567615,105464.09543223424,10740.781453960497,1.0522568116988575
2006-07-17,-0.004274919624753015,105013.24490096416,10740.781453960497,1.047758498404246
2006-07-18,0.00231281991377541,105256.12162498129,10740.781453960497,1.0501817751241829
2006-07-19,0.012882172558427829,106612.04914658515,10740.781453960497,1.0637103979690485
2006-07-20,-0.007863744070477852,105773.6792772672,10740.781453960497,1.0553456516343138
2006-07-21,-0.006971506798012839,105036.27735313491,10740.781453960497,1.047988302249692
2006-07-24,0.013570283830743435,106461.64944934164,10740.781453960497,1.0622098009625194
2006-07-25,0.0035188097327167878,106836.26773758508,10740.781453960497,1.0659475151483335
2006-07-26,0.0018032485685686162,107028.92008445409,10740.781453960497,1.0678696834791939
2006-07-27,0.0007015487388946084,107104.0060883646,10740.781453960497,1.0686188461089425
2006-07-28,0.008337505766752962,107996.98635676867,10740.781453960497,1.0775284619008367
2006-07-31,-0.0007317858724367188,107917.95568788705,10740.781453960497,1.0767399417952692
2006-08-01,-0.0043937725739838784,107443.7887339452,21498.949364260585,1.0720089913696962
2006-08-02,0.005407668494525231,108024.80912521417,21498.949364260585,1.0778060606181739
2006-08-03,0.002126104023882025,108254.48110657437,21498.949364260585,1.0800975884206185
2006-08-04,-0.0013728886873868307,108105.85975410423,21498.949364260585,1.078614734660202
2006-08-07,-0.0018748511672240786,107903.17735676048,21498.949364260585,1.0765924925659391
2006-08-08,-0.0030675490883774748,107572.17906342672,21498.949364260585,1.0732899922468147
2006-08-09,-0.0027005033563508585,107281.68003281596,21498.949364260585,1.0703915690204142
2006-08-10,0.0024559614755950143,107545.15970601366,21498.949364260585,1.07302040947773
2006-08-11,-0.002261412701222376,107301.95571589949,21498.949364260585,1.0705938674950661
2006-08-14,0.0006293087859834401,107369.4817793847,21498.949364260585,1.0712676016221008
2006-08-15,0.009563956054479572,108396.35878471499,21498.949364260585,1.0815131578866024
2006-08-16,0.006668407383525254,109119.18986398223,21498.949364260585,1.088725128214033
2006-08-17,0.002042979858158267,109342.11817101289,21498.949364260585,1.090949371722045
2006-08-18,0.004077833423817401,109787.99711512165,21498.949364260585,1.0953980815337458
2006-08-21,-0.0034458067408950077,109409.688894593,21498.949364260585,1.0916235514404333
2006-08-22,-6.156887062247485e-05,109402.9526636126,21498.949364260585,1.0915563414112264
2006-08-23,-0.0022235554981349104,109159.68912670523,21498.949364260585,1.0891292053067574
2006-08-24,-0.0006801724002816201,109085.44171893792,21498.949364260585,1.088388409680967
2006-08-25,0.000990486489792497,109193.48937519357,21498.949364260585,1.0894664436964028
2006-08-28,0.0038357347040089973,109612.32663184183,21498.949364260585,1.0936453479433421
2006-08-29,0.0009246098968540561,109713.67527386284,21498.949364260585,1.0946565432556992
2006-08-30,0.0004928144835887327,109767.74376208556,21498.949364260585,1.0951960058547707
2006-08-31,-0.0001232107442614705,109754.21919668073,21498.949364260585,1.0950610659397773
2006-09-01,0.004948364036361008,110297.32302779246,11002.956611276259,1.1004798267360927
2006-09-05,0.0017122215037268518,110486.17647608415,11002.956611276259,1.1023640919598476
2006-09-06,-0.007932179756867108,109609.7802636269,11002.956611276259,1.0936199418249066
2006-09-07,-0.004135988968994031,109156.43542156268,11002.956611276259,1.089096741809247
2006-09-08,0.0025609337171126345,109435.9778174736,11002.956611276259,1.0918858463765437
2006-09-11,0.000897536398144716,109534.20059083134,11002.956611276259,1.0928658536662859
2006-09-12,0.008829450328813992,110501.32737425443,11002.956611276259,1.102515258437289
2006-09-13,0.0036236360595380823,110901.74396875458,11002.956611276259,1.1065103724839533
2006-09-14,6.838281782650668e-05,110909.32774250905,11002.956611276259,1.1065860387811781
2006-09-15,0.002114168083343859,111143.8087033674,11002.956611276259,1.1089255476658433
2006-09-18,0.0012288091125203238,111280.38322830231,11002.956611276259,1.1102882054839216
2006-09-19,-0.0022503011822968544,111029.96885035721,11002.956611276259,1.107789722622431
2006-09-20,0.004784718063978621,111561.21594795851,11002.956611276259,1.1130901841193523
2006-09-21,-0.004353912796741688,111075.48814222263,11002.956611276259,1.1082438865227877
2006-09-22,-0.0027328328447552286,110771.93739998035,11002.956611276259,1.105215241229699
2006-09-25,0.006919192014519959,111538.3897046712,11002.956611276259,1.1128624377011411
2006-09-26,0.007484249976310808,112373.17089517612,11002.956611276259,1.1211913783741432
2006-09-27,0.0010806133747640612,112494.6028466101,11002.956611276259,1.1224029527732844
2006-09-28,-0.0003375167859388517,112456.63402982184,11002.956611276259,1.122024122936136
2006-09-29,-0.0007421806224752192,112373.17089517612,11002.956611276259,1.1211913783741432
2006-10-02,-0.0032342576191691785,112009.7271110182,1.000000000001819,1.1175651566160898
2006-10-03,0.0018805002578810015,112220.36143173566,1.000000000001819,1.1196667381813052
2006-10-04,0.01098414281785498,113453.00590877314,1.000000000001819,1.1319653175418904
2006-10-05,0.0013888418161580596,113610.57418754807,1.000000000001819,1.1335374383093333
2006-10-06,-0.00167009353588643,113420.8339019891,1.000000000001819,1.1316443247609276
2006-10-09,0.0006537326317885839,113494.9808022355,1.000000000001819,1.1323841175836022
2006-10-10,0.0006034452918464162,113563.4688140488,1.000000000001819,1.1330674494479196
2006-10-11,-0.0011857682556719595,113428.8088577251,1.000000000001819,1.1317238940348289
2006-10-12,0.007869374997498069,114321.42269014606,1.000000000001819,1.1406298537506177
2006-10-13,0.00215171084618615,114567.40933529989,1.000000000001819,1.1430841593784167
2006-10-16,0.001553824518711,114745.42698497028,1.000000000001819,1.1448603115722091
2006-10-17,-0.002731279512280138,114432.0251511184,1.000000000001819,1.1417333780587893
2006-10-18,0.001167481907144996,114565.6224700803,1.000000000001819,1.1430663311204565
2006-10-19,0.001371021264675143,114722.69437468753,1.000000000001819,1.144633499367357
2006-10-20,0.00017454932039595583,114742.71914302462,1.000000000001819,1.1448332943667738
2006-10-23,0.003885307603210153,115188.529902124,1.000000000001819,1.1492813238697852
2006-10-24,0.0028240821382226056,115513.83177194872,1.000000000001819,1.1525269887283187
2006-10-25,0.0034327633732060825,115910.36342275416,1.000000000001819,1.156483341161857
2006-10-26,0.003136405480769211,116273.90532187125,1.000000000001819,1.1601105418514952
2006-10-27,-0.005350567444556087,115651.77394940465,1.000000000001819,1.1539032921541783
2006-10-30,-0.0006075289157883024,115581.51215256818,1.000000000001819,1.1532022625381713
2006-10-31,0.0003030173176081785,115616.53535234575,1.000000000001819,1.1535517027944253
2006-11-01,-0.007315150334521792,114770.78301508678,0.028041145980921556,1.1451132986698405
2006-11-02,-0.0008927618574873231,114668.32003765696,0.028041145980921556,1.1440909851942866
2006-11-03,-0.0016945582578040685,114474.00788902862,0.028041145980921556,1.1421522563676465
2006-11-06,0.010278539389210861,115650.63348815683,0.028041145980921556,1.1538919133231973
2006-11-07,0.00406874461888429,116121.18638083234,0.028041145980921556,1.1585868048363053
2006-11-08,0.002459803204740485,116406.82164723019,0.028041145980921556,1.1614367003718118
2006-11-09,-0.005133078882715858,115809.29624922872,0.028041145980921556,1.155474954171522
2006-11-10,0.001389933815655997,115970.26350625286,0.028041145980921556,1.1570809878834687
2006-11-13,0.0020632036788521546,116209.53378055642,0.028041145980921556,1.1594682816343997
2006-11-14,0.008141579773784713,117155.66297030516,0.028041145980921556,1.1689081851444993
2006-11-15,0.0027811581443948352,117481.491396537,0.028041145980921556,1.1721591036636638
2006-11-16,0.0017302019749689812,117684.75810497359,0.028041145980921556,1.1741871756598006
2006-11-17,0.0005192259655470988,117745.86308713081,0.028041145980921556,1.1747968441298156
2006-11-20,0.0006562884793335222,117823.13834056407,0.028041145980921556,1.175567849764175
2006-11-21,0.0011073144640660892,117953.60560585023,0.028041145980921556,1.1768695730477101
2006-11-22,0.0018626589630554857,118173.31294655667,0.028041145980921556,1.1790616797062945
2006-11-24,-0.0035927378683160427,117748.74721010921,0.028041145980921556,1.1748256201605334
2006-11-27,-0.01317250638596168,116197.70108554506,0.028041145980921556,1.1593502221765775
2006-11-28,0.003984465537422155,116660.6868210481,0.028041145980921556,1.1639696131826427
2006-11-29,0.009522046305828757,117771.53528302792,0.028041145980921556,1.1750529857379455
2006-11-30,0.0008761021205558883,117874.7151748305,0.028041145980921556,1.1760824521505162
2006-12-01,-0.0030885076146072166,117510.65821944339,0.9156552439999359,1.1724501125416433
2006-12-04,0.00814335589772619,118467.58933110039,0.9156552439999359,1.1819977910803992
2006-12-05,0.004128715468749267,118956.70829971714,0.9156552439999359,1.1868779236444602
2006-12-06,-0.003365658968821461,118556.34058752672,0.9156552439999359,1.18288329731585
2006-12-07,-0.0038274238934890015,118102.5752168374,0.9156552439999359,1.1783559015204945
2006-12-08,0.00022576322301404161,118129.2384348646,0.9156552439999359,1.1786219309466792
2006-12-11,0.003069680245368467,118491.85742448852,0.9156552439999359,1.1822399234048642
2006-12-12,-0.0018395050758808207,118273.89105130563,0.9156552439999359,1.180065187064852
2006-12-13,0.0010514997952715266,118398.25602353206,0.9156552439999359,1.1813060253674579
2006-12-14,0.008166290679608501,119365.13059817892,0.9156552439999359,1.1909529137521815
2006-12-15,-0.0014113151663761592,119196.66877902923,0.9156552439999359,1.189272103842563
2006-12-18,-0.002692646813981403,118875.71424860418,0.9156552439999359,1.1860698141011945
2006-12-19,0.002311978228120015,119150.55231179918,0.9156552439999359,1.1888119816884268
2006-12-20,-0.00011765526035500962,119136.5336225455,0.9156552439999359,1.1886721117052081
2006-12-21,-0.003080661325483014,118769.51431096242,0.9156552439999359,1.1850102155019977
2006-12-22,-0.00446143969515278,118239.63128524147,0.9156552439999359,1.1797233638873956
2006-12-26,0.006249634359431155,118978.5857475682,0.9156552439999359,1.18709620355697
2006-12-27,0.006745220151565423,119781.12250175746,0.9156552439999359,1.1951034287910494
2006-12-28,-0.000558010574456258,119714.28336878124,0.9156552439999359,1.194436548440215
2006-12-29,-0.0029442639728630704,119361.81291722141,0.9156552439999359,1.1909198119427715
2007-01-03,-0.0009543344600402293,119247.90182594163,0.987356705178172,1.18978327612709
2007-01-04,0.0008733775793219323,119352.05026977758,0.987356705178172,1.1908224061647115
2007-01-05,-0.011243565415964829,118010.10768503981,0.987356705178172,1.1774333165422017
2007-01-08,0.004394989492583434,118528.7608683342,0.987356705178172,1.1826081235966224
2007-01-09,-0.002098981725262461,118279.97116535356,0.987356705178172,1.1801258507570462
2007-01-10,0.0031814335209050526,118656.2710304707,0.987356705178172,1.1838803426975313
2007-01-11,0.005408913238375446,119298.07250566369,0.987356705178172,1.1902838487558005
2007-01-12,0.008467321695457386,120308.20766321714,0.987356705178172,1.200362365012123
2007-01-16,-0.002203210028290714,120043.14341360786,0.987356705178172,1.1977177146119455
2007-01-17,-0.00034978958607190247,120001.15357216244,0.987356705178172,1.1972987654283205
2007-01-18,-0.004034691634967835,119516.98592165834,0.987356705178172,1.1924680341148894
2007-01-19,0.0038230140253308065,119973.9010351021,0.987356705178172,1.1970268561340693
2007-01-22,-0.0032879012762321302,119579.43869277425,0.987356705178172,1.1930911500061019
2007-01-23,0.004992019773707668,120176.38161525744,0.987356705178172,1.1990470846187682
2007-01-24,0.008440099396968215,121190.6822212582,0.987356705178172,1.2091671611945956
2007-01-25,-0.013690096668378615,119531.57006634242,0.987356705178172,1.1926135458696125
2007-01-26,0.00022584186178353782,119558.56529866812,0.987356705178172,1.1928828879332
2007-01-29,-0.00038056370030981057,119513.06564865433,0.987356705178172,1.192428920007332
2007-01-30,0.005778116389820953,120203.62605207656,0.987356705178172,1.1993189130937227
2007-01-31,0.0063444672601180585,120966.25402211145,0.987356705178172,1.2069279526722863
2007-02-01,0.006384721827284334,121738.58990453124,0.03796118255610281,1.2146338519156727
2007-02-02,0.0012065649858530314,121885.47542453717,0.03796118255610281,1.216099386592026
2007-02-05,0.00024908445372351373,121915.83520160013,0.03796118255610281,1.2164022980434088
2007-02-06,0.0013200300990507952,122076.76777361716,0.03796118255610281,1.2180079856893806
2007-02-07,0.0018079752508406433,122297.47954845447,0.03796118255610281,1.2202101139828332
2007-02-08,-0.0009866530126321216,122176.81437182067,0.03796118255610281,1.219006189997828
2007-02-09,-0.008454797263728553,121143.83417597873,0.03796118255610281,1.208699739798166
2007-02-12,-0.0037965759097381424,120683.9024135329,0.03796118255610281,1.2041108194839416
2007-02-13,0.009298154314025364,121806.0399613927,0.03796118255610281,1.2153068276946908
2007-02-14,0.007672237618827182,122740.56484338487,0.03796118255610281,1.2246309504565476
2007-02-15,0.0011472597192880851,122881.38014935235,0.03796118255610281,1.2260359202169997
2007-02-16,-0.0005078380226239965,122818.97631223999,0.03796118255610281,1.2254132925596108
2007-02-20,0.0024063242504872573,123114.51859336016,0.03796118255610281,1.2283620342823665
2007-02-21,-0.0005714824146891839,123044.16081099113,0.03796118255610281,1.2276600469809023
2007-02-22,-5.7623851033583584e-05,123037.07053259801,0.03796118255610281,1.2275893044812352
2007-02-23,-0.003977944592046256,122547.63588325164,0.03796118255610281,1.2227060222462203
2007-02-26,-0.000994371283548956,122425.77803326253,0.03796118255610281,1.2214901984894762
2007-02-27,-0.04249898165973032,117222.8071379487,0.03796118255610281,1.1695781089463317
2007-02-28,0.011313237643215013,118548.97661230508,0.03796118255610281,1.1828098240351437
2007-03-01,-0.005436513694167089,117904.4834775228,0.8833354151156527,1.1763794622291812
2007-03-02,-0.015727249834962542,116050.17020920958,0.8833354151156527,1.157878248525984
2007-03-05,-0.011684847653372632,114694.141650167,0.8833354151156527,1.144348617590804
2007-03-06,0.020324521713333654,117025.24522252798,0.8833354151156527,1.1676069559166515
2007-03-07,-0.0015864161669677523,116839.5944815636,0.8833354151156527,1.1657546453651215
2007-03-08,0.009058237049618834,117897.95522515895,0.8833354151156527,1.1763143272845331
2007-03-09,0.00023057343835497512,117925.13936207023,0.8833354151156527,1.1765855541235613
2007-03-12,0.0023778799597131695,118205.55118770569,0.8833354151156527,1.1793833333335997
2007-03-13,-0.020729164232817787,115755.24890390498,0.8833354151156527,1.1549357025234794
2007-03-14,0.008169489867922763,116700.9102369843,0.8833354151156527,1.1643709380433471
2007-03-15,0.0021934584226710463,116956.88883147699,0.8833354151156527,1.1669249372845116
2007-03-16,-0.0021268266888676557,116708.14179886327,0.8833354151156527,1.1644430901839897
2007-03-19,0.011772753626391852,118082.11799845529,0.8833354151156527,1.1781517917966802
2007-03-20,0.006169284231076766,118810.6001469953,0.8833354151156527,1.1854201450676263
2007-03-21,0.016917621994698262,120820.59296924542,0.8833354151156527,1.2054746349867809
2007-03-22,-0.0012106312284834164,120674.32378635296,0.8833354151156527,1.2040152497485213
2007-03-23,0.0004908503688325627,120733.55682269212,0.8833354151156527,1.2046062410779403
2007-03-26,-0.00010505436046004402,120720.87323609405,0.8833354151156527,1.2044796919396776
2007-03-27,-0.0026673809358369605,120398.8646802665,0.8833354151156527,1.201266885771795
2007-03-28,-0.006221502299807891,119649.80286676396,0.8833354151156527,1.1937932010792827
2007-03-29,0.0022147728779926545,119914.80000501045,0.8833354151156527,1.1964371818829653
2007-03-30,3.9391933937871215e-05,119919.52368089042,0.8833354151156527,1.196484311857395
2007-04-02,0.001920936350626068,120149.8814530788,0.029477685160031797,1.1987826820649954
2007-04-03,0.010076954113906744,121360.62629527281,0.029477685160031797,1.2108627601447106
2007-04-04,0.002703498883035671,121688.72461290659,0.029477685160031797,1.2141363262642713
2007-04-05,0.0025147343006923784,121994.73942269819,0.029477685160031797,1.2171895565296447
2007-04-09,0.0012113572337439926,122142.51863277658,0.029477685160031797,1.2186640079037845
2007-04-10,0.002192951732177262,122410.37128058482,0.029477685160031797,1.2213364792508592
2007-04-11,-0.0036613706780732613,121962.18153648602,0.029477685160031797,1.216864713677669
2007-04-12,0.004706188320773297,122536.15853080906,0.029477685160031797,1.2225915081811398
2007-04-13,0.005239777504229437,123178.22073773349,0.029477685160031797,1.2289976156625693
2007-04-16,0.009681791397400108,124370.80657561914,0.029477685160031797,1.2408965142053163
2007-04-17,0.001164752992812268,124515.66784479655,0.029477685160031797,1.2423418521340073
2007-04-18,0.001057497186465861,124647.34281321336,0.029477685160031797,1.243655625147268
2007-04-19,-0.0021441974891567295,124380.0742937232,0.029477685160031797,1.2409889818784514
2007-04-20,0.010782514206147953,125721.204211757,0.029477685160031797,1.2543699632052288
2007-04-23,-0.004071811690706584,125209.29114267786,0.029477685160031797,1.2492624049245786
2007-04-24,-0.0003758173258259223,125162.23532171205,0.029477685160031797,1.2487929104683049
2007-04-25,0.009018293400902877,126290.98508255612,0.029477685160031797,1.2600548913318756
2007-04-26,-0.001936581749694688,126046.41226569428,0.029477685160031797,1.257614692025709
2007-04-27,-5.333704221588409e-05,126039.6893228821,0.029477685160031797,1.257547614577789
2007-04-30,-0.009292231163937181,124868.49939386305,0.029477685160031797,1.2458621914434744
2007-05-01,0.002643949538867041,125198.64540525449,0.5874685818507714,1.2491561882100333
2007-05-02,0.007192174905057636,126099.09596088536,0.5874685818507714,1.258140337999375
2007-05-03,0.0058675157170962056,126838.98438834747,0.5874685818507714,1.265522496206899
2007-05-04,0.0037884949182287464,127319.51323613603,0.5874685818507714,1.270316921752683
2007-05-07,0.0005358569586124684,127387.73828327077,0.5874685818507714,1.2709976299148473
2007-05-08,-0.0021060667508684405,127119.45120320404,0.5874685818507714,1.268320824066051
2007-05-09,0.0036614055398525025,127584.88706606245,0.5874685818507714,1.2729646609575969
2007-05-10,-0.011918317270140366,126064.2899031341,0.5874685818507714,1.2577930642546276
2007-05-11,0.010330016058513358,127366.53604223856,0.5874685818507714,1.2707860868066645
2007-05-14,-0.0026071416676315406,127034.47343906094,0.5874685818507714,1.2674729674491043
2007-05-15,0.0002866243555705861,127070.88461314567,0.5874685818507714,1.2678362560716028
2007-05-16,0.007778765012145472,128059.33916443677,0.5874685818507714,1.277698456381462
2007-05-17,-0.0023674001253828347,127756.17146884244,0.5874685818507714,1.274673632895623
2007-05-18,0.00855600776769272,128849.25426430054,0.5874685818507714,1.285579750399951
2007-05-21,-0.0002471474568191967,128817.40949879607,0.5874685818507714,1.2852620226341016
2007-05-22,-0.000435841208132115,128761.26556341167,0.5874685818507714,1.2847018524813902
2007-05-23,-0.0005532505039890223,128690.02832834444,0.5874685818507714,1.2839910905340293
2007-05-24,-0.010342922246394659,127358.99737145806,0.5874685818507714,1.2707108705195724
2007-05-25,0.005736997566400781,128089.65562943734,0.5874685818507714,1.2780009356913422
2007-05-29,0.002936247980808604,128465.75862214176,0.5874685818507714,1.2817534633582375
2007-05-30,0.008319533533485357,129534.5338089033,0.5874685818507714,1.2924170542783073
2007-05-31,-0.0005623365806622926,129461.69180208351,0.5874685818507714,1.2916902808912147
2007-06-01,0.006179506114687872,130261.70111819233,1.000000000001819,1.299672288880265
2007-06-04,9.239750047296269e-05,130273.736973783,1.000000000001819,1.2997923753511915
2007-06-05,-0.003718914321199751,129789.26010767499,1.000000000001819,1.2949585588719117
2007-06-06,-0.011322374130960267,128319.73754655538,1.000000000001819,1.2802965535842747
2007-06-07,-0.017755189749491973,126041.39625781128,1.000000000001819,1.2575646453397653
2007-06-08,0.013985360521875378,127804.13062515733,1.000000000001819,1.2751521402844064
2007-06-11,0.0014828886291744503,127993.6499172229,1.000000000001819,1.2770430488937015
2007-06-12,-0.010956391712059754,126591.30135207355,1.000000000001819,1.263051265016859
2007-06-13,0.015293874958092646,128527.37288573438,1.000000000001819,1.2823682131296874
2007-06-14,0.007328089804884419,129469.23301662691,1.000000000001819,1.291765522558431
2007-06-15,0.007212411783920958,130403.01843849124,1.000000000001819,1.3010822674353943
2007-06-18,-9.377186988757114e-05,130390.79030361328,1.000000000001819,1.3009602625182992
2007-06-19,0.002160692352102034,130672.52468700684,1.000000000001819,1.3037712374079111
2007-06-20,-0.012729999290965521,129009.06354039257,1.000000000001819,1.2871742304801272
2007-06-21,0.006505243542549,129848.29891791899,1.000000000001819,1.2955476123310936
2007-06-22,-0.009896908868046839,128563.20213685744,1.000000000001819,1.282725695677637
2007-06-25,-0.005096801329807832,127907.94103724195,1.000000000001819,1.2761878976461285
2007-06-26,-0.00925886024107625,126723.65928745431,1.000000000001819,1.26437185226047
2007-06-27,0.014216762760627999,128525.2594877027,1.000000000001819,1.282347126925273
2007-06-28,-0.0001365906480980117,128507.7041392123,1.000000000001819,1.2821719703001198
2007-06-29,0.0005598002430355908,128579.64278322138,1.000000000001819,1.282889730480707
2007-07-02,0.010216289242810594,129893.24960463203,0.03756818376325555,1.2959961030339293
2007-07-03,0.004566834627228511,130486.4505947697,0.03756818376325555,1.301914702914018
2007-07-05,0.0006677755912571914,130573.58626146667,0.03756818376325555,1.3027840897745226
2007-07-06,0.0059872594709637905,131355.36420246834,0.03756818376325555,1.310584196154646
2007-07-09,0.0014739299766071134,131548.9728113545,0.03756818376325555,1.3125159054882258
2007-07-10,-0.013989952282705387,129708.60895888474,0.03756818376325555,1.2941538706001536
2007-07-11,0.007109475409845301,130630.76912472316,0.03756818376325555,1.3033546257197415
2007-07-12,0.016810616972146253,132826.75294925575,0.03756818376325555,1.3252648211115912
2007-07-13,0.0037774767886979976,133328.50292543968,0.03756818376325555,1.3302709782122182
2007-07-16,-0.0017122908518841795,133100.20574958503,0.03756818376325555,1.3279931673856982
2007-07-17,0.0006025086338801167,133180.39977272038,0.03756818376325555,1.328793294734782
2007-07-18,-0.0019381014516487438,132922.2826465897,0.03756818376325555,1.3262179585213154
2007-07-19,0.004350391584698521,133500.54662643434,0.03756818376325555,1.3319875259675424
2007-07-20,-0.008867790656970409,132316.69172636,0.03756818376325555,1.3201757394295663
2007-07-23,0.00490980513595729,132966.34089897096,0.03756818376325555,1.3266575450553837
2007-07-24,-0.018378684952153113,130522.59441034817,0.03756818376325555,1.302275323995414
2007-07-25,0.0030438914661403693,130919.89102161233,0.03756818376325555,1.3062393087406887
2007-07-26,-0.025437941390834107,127589.55850691017,0.03756818376325555,1.2730112697625393
2007-07-27,-0.018825364014985246,125187.63862350633,0.03756818376325555,1.249046369214081
2007-07-30,0.01758052877861127,127388.50350705328,0.03756818376325555,1.2710052648538692
2007-07-31,-0.012564459907400183,125787.9357620752,0.03756818376325555,1.2550357701615182
2007-08-01,0.002991284040438469,126164.20320679998,0.03767332339589302,1.2587899386309818
2007-08-02,0.00837344385968919,127220.63207945453,0.03767332339589302,1.2693303455132496
2007-08-03,-0.026520961710363444,123846.61856730709,0.03767332339589302,1.2356664840220903
2007-08-06,0.017093945394194954,125963.64590235232,0.03767332339589302,1.2567888994254008
2007-08-07,0.00961828048580049,127175.1995796552,0.03767332339589302,1.2688770475715148
2007-08-08,0.01498174859329815,129080.50644706009,0.03767332339589302,1.2878870444940376
2007-08-09,-0.030165483190292774,125186.73059963682,0.03767332339589302,1.2490373095023568
2007-08-10,-0.005717830235351218,124470.93412634946,0.03767332339589302,1.2418955262090026
2007-08-13,0.004155090408337836,124988.12211085469,0.03767332339589302,1.2470557143981111
2007-08-14,-0.017030700597114423,122859.48682498914,0.03767332339589302,1.2258174818982763
2007-08-15,-0.01772657497588226,120681.60892028756,0.03767332339589302,1.2040879363986594
2007-08-16,0.0035009188722034956,121104.10544248446,0.03767332339589302,1.2083033505789897
2007-08-17,0.02025194214251269,123556.69877912641,0.03767332339589302,1.2327738401255197
2007-08-20,0.0006131112634502056,123632.45278282263,0.03767332339589302,1.2335296676521874
2007-08-21,0.0019462384237278751,123873.07101284828,0.03767332339589302,1.2359304104881805
2007-08-22,0.014711437511195635,125695.42195637368,0.03767332339589302,1.2541127234902636
2007-08-23,-0.00019424127205891484,125671.0067177209,0.03767332339589302,1.2538691230395476
2007-08-24,0.013505213065274635,127368.22043957128,0.03767332339589302,1.2708028927021657
2007-08-27,-0.007682463864520983,126389.71868855592,0.03767332339589302,1.2610399954000526
2007-08-28,-0.0238953118428894,123369.59694675781,0.03767332339589302,1.2309070514636125
2007-08-29,0.023194231020958522,126231.05987930344,0.03767332339589302,1.2594569939805864
2007-08-30,-0.0025991023334357433,125902.97243701908,0.03767332339589302,1.2561835363686695
2007-08-31,0.012057068278338079,127420.99317213794,0.03767332339589302,1.2713294270367907
2007-09-04,0.011161738049285441,128843.23291990515,0.05010071266616478,1.2855196730757237
2007-09-05,-0.010279459013432968,127518.79418794678,0.05010071266616478,1.27230522628538
2007-09-06,0.00326670176999988,127935.36005862881,0.05010071266616478,1.2764614680200665
2007-09-07,-0.014967520379456478,126020.48494969818,0.05010071266616478,1.2573560049838852
2007-09-10,-0.002291910800244046,125731.65723918997,0.05010071266616478,1.254474257176311
2007-09-11,0.013726787454013234,127457.54897435317,0.05010071266616478,1.2716941586711012
2007-09-12,0.001773250637344459,127683.5631543063,0.05010071266616478,1.2739491911484722
2007-09-13,0.0071155177423973814,128592.0978133433,0.05010071266616478,1.283013999221002
2007-09-14,0.00017653314015886323,128614.79858016991,0.05010071266616478,1.2832404937111523
2007-09-17,-0.006056551347580097,127835.83644851044,0.05010071266616478,1.2754684817696966
2007-09-18,0.03080713409542546,131774.09220418058,0.05010071266616478,1.3147620103220643
2007-09-19,0.005194155364039332,132458.54731204433,0.05010071266616478,1.3215910884704138
2007-09-20,-0.006580206552822654,131586.94271104425,0.05010071266616478,1.3128947461299088
2007-09-21,0.004621682472529365,132195.0957777856,0.05010071266616478,1.3189625287663733
2007-09-24,0.0002857394436266425,132232.86913090333,0.05010071266616478,1.3193394083855075
2007-09-25,-0.0005347392162171616,132162.15903010612,0.05010071266616478,1.318633905864343
2007-09-26,0.00547483099491286,132885.72451471875,0.05010071266616478,1.325853203643112
2007-09-27,0.007020413477843768,133818.63724611493,0.05010071266616478,1.3351612413436107
2007-09-28,-0.0038225287383688578,133307.1116595123,0.05010071266616478,1.3300575491282185
2007-10-01,0.014042084346211237,135179.02136538498,0.05065888454259948,1.348734329418392
2007-10-02,-0.0014159210926816268,134987.61853774567,0.05065888454259948,1.3468246280329448
2007-10-03,-0.0038447749643378826,134468.62152149616,0.05065888454259948,1.34164639042173
2007-10-04,0.002370035718127328,134787.31695746945,0.05065888454259948,1.344826140288126
2007-10-05,0.014259183803696285,136709.2740843731,0.05065888454259948,1.36400226340651
2007-10-08,-0.004553023743794515,136086.83351347002,0.05065888454259948,1.3577919287146307
2007-10-09,0.009039853434073652,137317.03854273897,0.05065888454259948,1.370066168744179
2007-10-10,-0.0004027908087649301,137261.72850172714,0.05065888454259948,1.3695143186840093
2007-10-11,-0.005902915348149573,136451.48413784074,0.05065888454259948,1.3614301915927387
2007-10-12,0.007612383048144711,137490.20510258584,0.05065888454259948,1.3717939197044517
2007-10-15,-0.008185982914587941,136364.71263269288,0.05065888454259948,1.3605644381154156
2007-10-16,-0.009073772355343013,135127.37027296206,0.05065888454259948,1.3482189861291811
2007-10-17,0.006752559150043691,136039.8258335201,0.05065888454259948,1.3573229145802304
2007-10-18,-0.001983660290588385,135769.96903307558,0.05065888454259948,1.354630447013072
2007-10-19,-0.02848101870919395,131903.10200489787,0.05065888454259948,1.3160491919076487
2007-10-22,0.0072144396536804045,132854.70897444544,0.05065888454259948,1.3255437493839413
2007-10-23,0.011083687760452543,134327.229086224,0.05065888454259948,1.3402356624149323
2007-10-24,-0.003188052115483786,133898.98687936857,0.05065888454259948,1.3359629212761237
2007-10-25,0.001711955345325089,134128.21596569032,0.05065888454259948,1.3382500301403584
2007-10-26,0.015010538801727424,136141.55275584979,0.05065888454259948,1.358337884144193
2007-10-29,0.004862989393729311,136803.60768294733,0.05065888454259948,1.364943466867887
2007-10-30,-0.00725471100027808,135811.13704541212,0.05065888454259948,1.3550411964840428
2007-10-31,0.011846126536094737,137419.97295986296,0.05065888454259948,1.371093185959214
2007-11-01,-0.023751165677782016,134156.08841465693,0.86598929397951,1.3385281245398186
2007-11-02,0.003884131194320295,134677.16826257628,0.86598929397951,1.3437271433828186
2007-11-05,-0.008593449580103774,133519.82680752067,0.86598929397951,1.3321798919267414
2007-11-06,0.01594784249388037,135649.1799752572,0.86598929397951,1.3534252870167036
2007-11-07,-0.024557035576825537,132318.0382366376,0.86598929397951,1.3201891740928593
2007-11-08,-0.003136600986471727,131903.00934737656,0.86598929397951,1.3160482674270704
2007-11-09,-0.01310002619342543,130175.07646993428,0.86598929397951,1.2988080006519636
2007-11-12,-0.018335070360652517,127788.30728365472,0.86598929397951,1.2749942645750314
2007-11-13,0.03193882813992488,131869.7160682793,0.86598929397951,1.3157160872706832
2007-11-14,-0.0002319153105928562,131839.13346211953,0.86598929397951,1.3154109525656519
2007-11-15,-0.016783972926544544,129626.34901543222,0.86598929397951,1.2933331307505098
2007-11-16,0.0012666650853594419,129790.54218587268,0.86598929397951,1.2949713506709701
2007-11-19,-0.014514246112746987,127906.73031348005,0.86598929397951,1.276175817778375
2007-11-20,0.009205521392721572,129084.17845565386,0.86598929397951,1.287923681569808
2007-11-21,-0.0210235589849892,126370.36961586255,0.86598929397951,1.2608469420821606
2007-11-23,0.018092780849808143,128656.7610192316,0.86598929397951,1.283659169490404
2007-11-26,-0.022063596335208158,125818.13017830794,0.86598929397951,1.2553370317427792
2007-11-27,0.01203682321037447,127332.58076792413,0.86598929397951,1.2704473016633033
2007-11-28,0.02945369699994793,131082.99602008396,0.86598929397951,1.3078666715408958
2007-11-29,-0.002251048211478368,130787.92187633771,0.86598929397951,1.3049226006090713
2007-11-30,0.00674158621195442,131669.6399271494,0.86598929397951,1.3137198488210051
2007-12-03,-0.0038535059909637903,131162.2501808621,0.04978710254846419,1.3086574215131255
2007-12-04,-0.005865644203176923,130392.89908841308,0.04978710254846419,1.3009813026946826
2007-12-05,0.016076537123266954,132489.16537121835,0.04978710254846419,1.3218965769041298
2007-12-06,0.013282295675795197,134248.9256395182,0.04978710254846419,1.3394543980913918
2007-12-07,-0.0017500568647386139,134013.98238561896,0.04978710254846419,1.3371102767270076
2007-12-10,0.007911782653566624,135074.27188679288,0.04978710254846419,1.347689202620322
2007-12-11,-0.027564671550867836,131350.9939472608,0.04978710254846419,1.3105405923974418
2007-12-12,0.012877025784985507,133042.40408320318,0.04978710254846419,1.327416457398014
2007-12-13,-0.005998466831579119,132244.35363511654,0.04978710254846419,1.3194539938066199
2007-12-14,-0.012897290767297176,130538.75975395116,0.04978710254846419,1.3024366119944242
2007-12-17,-0.016385021663434696,128399.87934746478,0.04978710254846419,1.2810961598916453
2007-12-18,0.00846372532126538,129486.62065754535,0.04978710254846419,1.291939005899096
2007-12-19,0.00041075098523157827,129539.80741455474,0.04978710254846419,1.292469671118628
2007-12-20,0.0046204969934655615,130138.3457052478,0.04978710254846419,1.2984415233481772
2007-12-21,0.015977675071077613,132217.65390721383,0.04978710254846419,1.3191876001070295
2007-12-24,0.007834619693641853,133253.5289423624,0.04978710254846419,1.3295229332584362
2007-12-26,0.00419844203854991,133812.98616005914,0.04978710254846419,1.3351048582326446
2007-12-27,-0.012029998713305456,132203.21610873006,0.04978710254846419,1.319043548505978
2007-12-28,0.00023904385861150956,132234.81847562955,0.04978710254846419,1.3193588577654893
2007-12-31,-0.007623981623101184,131226.66264963723,0.04978710254846419,1.3093000900796097
2008-01-02,-0.004358444402642325,130654.71853633449,0.03253006377539691,1.303593578430623
2008-01-03,0.0014377407106282991,130842.56614420986,0.03253006377539691,1.3054678079884463
2008-01-04,-0.023377216897145225,127783.8310960776,0.03253006377539691,1.2749496038888597
2008-01-07,-0.0003282638960641071,127741.88427782801,0.03253006377539691,1.2745310839646018
2008-01-08,-0.010427437364587844,126409.86378068653,0.03253006377539691,1.2612409909173408
2008-01-09,0.01049020160673697,127735.92873682608,0.03253006377539691,1.2744716631867443
2008-01-10,0.008231332647801404,128787.36565733477,0.03253006377539691,1.2849622633966313
2008-01-11,-0.00840826140447426,127704.48782129429,0.03253006377539691,1.2741579647911074
2008-01-14,0.008640345471993438,128807.89871439425,0.03253006377539691,1.2851671297927947
2008-01-15,-0.023559438091328544,125773.25699895836,0.03253006377539691,1.254889314361431
2008-01-16,-0.012269365216007189,124230.0989744314,0.03253006377539691,1.2394926190578657
2008-01-17,-0.023585296655904697,121300.09523652704,0.03253006377539691,1.2102588179345817
2008-01-18,-0.004798971045676392,120717.97959164916,0.03253006377539691,1.204450820909539
2008-01-22,-0.010052086513605563,119504.51201704623,0.03253006377539691,1.192343577056373
2008-01-23,0.019570604269448344,121843.28753014539,0.03253006377539691,1.215678461356162
2008-01-24,0.010180391211840778,123083.69986373906,0.03253006377539691,1.2280545436805763
2008-01-25,-0.013360438697560095,121439.2476370407,0.03253006377539691,1.211647196232472
2008-01-28,0.017083265001762715,123513.82648603895,0.03253006377539691,1.232346086374354
2008-01-29,0.003501398419148538,123946.29760284015,0.03253006377539691,1.236661021013029
2008-01-30,-0.006342859361721853,123160.12366873921,0.03253006377539691,1.22881705407862
2008-01-31,0.015765594988960796,125101.81629729088,0.03253006377539691,1.2481900860687516
2008-02-01,0.01053379344927352,126419.61299029549,0.8605971847937326,1.2613382626208305
2008-02-04,-0.010394996549044966,125105.48154952977,0.8605971847937326,1.2482266557337087
2008-02-05,-0.023113836044671765,122213.81396070422,0.8605971847937326,1.2193753494664907
2008-02-06,-0.004927820139733807,121611.56626691499,0.8605971847937326,1.2133664870614949
2008-02-07,0.006263912714753905,122373.33050311545,0.8605971847937326,1.2209669088274555
2008-02-08,-0.0038339395950812705,121904.15854591758,0.8605971847937326,1.216285795451418
2008-02-11,0.004458074626208841,122447.61638196048,0.8605971847937326,1.2217080882943383
2008-02-12,0.0051206448986935715,123074.62714414396,0.8605971847937326,1.2279640215843552
2008-02-13,0.008315405874645965,124098.04262171822,0.8605971847937326,1.2381750408232917
2008-02-14,-0.006726788972922004,123263.26127704924,0.8605971847937326,1.2298460986121342
2008-02-15,-0.0007994391012958735,123164.71980623112,0.8605971847937326,1.2288629115523275
2008-02-19,0.004950455516070651,123774.44127278119,0.8605971847937326,1.2349463427313165
2008-02-20,0.004147820220045784,124287.8354030173,0.8605971847937326,1.240068678142369
2008-02-21,-0.00652703838701485,123476.60393030282,0.8605971847937326,1.231974702277599
2008-02-22,0.005053967197319764,124100.650636203,0.8605971847937326,1.2382010620108377
2008-02-25,0.009280172711037205,125252.32610765906,0.8605971847937326,1.249691781717288
2008-02-26,0.0071188499572567565,126143.97862401686,0.8605971847937326,1.25858815000415
2008-02-27,0.00037420533918020027,126191.18237432341,0.8605971847937326,1.2590591204097106
2008-02-28,-0.006482919750316896,125373.09506579307,0.8605971847937326,1.25089674117119
2008-02-29,-0.017499285169764178,123179.1555226208,0.8605971847937326,1.2290069423795065
2008-03-03,-0.0006598398876626055,123097.87700247837,0.06662916710502031,1.2281959945767102
2008-03-04,-0.005166884389247284,122461.84450344478,0.06662916710502031,1.2218500478653957
2008-03-05,0.007655156868741075,123399.30913355404,0.06662916710502031,1.2312035016518843
2008-03-06,-0.01777364501773504,121206.0536175805,0.06662916710502031,1.2093205276689314
2008-03-07,-0.00864878955943127,120157.76796651291,0.06662916710502031,1.1988613689152223
2008-03-10,-0.010736727236142385,118867.66678655277,0.06662916710502031,1.1859895214032314
2008-03-11,0.028695972363051547,122278.69006752012,0.06662916710502031,1.2200226439322872
2008-03-12,-0.006413529336078527,121494.45210159483,0.06662916710502031,1.2121979929147475
2008-03-13,0.00311896880272311,121873.38950740364,0.06662916710502031,1.2159788006373722
2008-03-14,-0.011842624598261797,120430.08870694973,0.06662916710502031,1.2015784201819792
2008-03-17,-0.007570906675261613,119518.32374445593,0.06662916710502031,1.1924813820997733
2008-03-18,0.03021966676251231,123130.12766002744,0.06662916710502031,1.2285177720873284
2008-03-19,-0.023363671426928856,120253.35581462276,0.06662916710502031,1.1998150865181374
2008-03-20,0.011517012572137109,121638.31522538145,0.06662916710502031,1.2136333719538066
2008-03-24,0.01621012627416274,123610.0876749613,0.06662916710502031,1.2333065221637156
2008-03-25,0.003395867779672601,124029.85118893921,0.06662916710502031,1.2374946680447916
2008-03-26,-0.008717873440970303,122948.57464337166,0.06662916710502031,1.2267063461449015
2008-03-27,-0.002860700217961365,122596.85562909133,0.06662916710502031,1.2231971070331102
2008-03-28,-0.009396633523130693,121444.8579056566,0.06662916710502031,1.2117031720917664
2008-03-31,0.0013952841366757784,121614.30798937319,0.06662916710502031,1.2133938423061457
2008-04-01,0.024211531548600007,124558.77664401906,0.06699125964928498,1.242771965600018
2008-04-02,0.0032268347837902667,124960.70723712034,0.06699125964928498,1.2467821854069354
2008-04-03,0.0021633423274933783,125231.04002435991,0.06699125964928498,1.249479402081791
2008-04-04,8.761011755398229e-05,125242.01153049785,0.06699125964928498,1.2495888691190886
2008-04-07,0.0013911871619669558,125416.24660907799,0.06699125964928498,1.251327281111544
2008-04-08,-0.0016661507960135102,125207.28422995725,0.06699125964928498,1.2492423811660465
2008-04-09,-0.0036401881655974133,124751.50615565677,0.06699125964928498,1.244694903834163
2008-04-10,0.0005362386266409835,124818.40273198906,0.06699125964928498,1.2453623573199821
2008-04-11,-0.016039563616662034,122816.37002083918,0.06699125964928498,1.225387288563952
2008-04-14,-0.0028599805262682354,122465.11759427263,0.06699125964928498,1.2218827047815224
2008-04-15,0.002482862715326384,122769.18166867552,0.06699125964928498,1.2249164717917267
2008-04-16,0.023332056955206903,125633.6392077132,0.06699125964928498,1.2534962926769424
2008-04-17,0.0003802989919667876,125681.41755406103,0.06699125964928498,1.2539729960534818
2008-04-18,0.006130678503045495,126451.92991889198,0.06699125964928498,1.2616607013437862
2008-04-21,4.001374055118134e-05,126456.98973360796,0.06699125964928498,1.2617111851077536
2008-04-22,-0.0034949753473048073,126015.02567199462,0.06699125964928498,1.2573015356203832
2008-04-23,-0.0024418923071110044,125707.31055022578,0.06699125964928498,1.254231340672833
2008-04-24,0.001304805162789524,125871.33409803211,0.06699125964928498,1.2558678682014752
2008-04-25,0.0075145854430118675,126817.20499293765,0.06699125964928498,1.2653051946022082
2008-04-28,0.0005721641964728796,126889.76525713137,0.06699125964928498,1.2660291569321709
2008-04-29,-0.005139799815848556,126237.5772650297,0.06699125964928498,1.259522020504512
2008-04-30,-0.003942983033748626,125739.82463965216,0.06699125964928498,1.2545557465470298
2008-05-01,0.013610218528231188,127451.17113069928,0.01907821925516373,1.271630524413383
2008-05-02,0.0013625387729325755,127624.82829302053,0.01907821925516373,1.273363170307741
2008-05-05,-0.0037025017169647345,127152.29714713829,0.01907821925516373,1.268648540983357
2008-05-06,0.006611712896037236,127992.99162994679,0.01907821925516373,1.2770364809023154
2008-05-07,-0.013898574131262609,126214.0715474959,0.01907821925516373,1.259287494704168
2008-05-08,-0.0014787389760611003,126027.43388057125,0.01907821925516373,1.2574253372036823
2008-05-09,-0.0013423922413968725,125858.25563112681,0.01907821925516373,1.2557373791868844
2008-05-12,0.008828933703938668,126969.44982618741,0.01907821925516373,1.2668242012572832
2008-05-13,-0.0007479847147731089,126874.47861847427,0.01907821925516373,1.2658766361184381
2008-05-14,0.0016255423466775554,127080.71845618123,0.01907821925516373,1.2679343721961183
2008-05-15,0.010594315183587888,128427.0516412628,0.01907821925516373,1.2813672685672686
2008-05-16,0.0005918715994239765,128503.06396572702,0.01907821925516373,1.282125673461965
2008-05-19,0.0024214072466488545,128814.2222160302,0.01907821925516373,1.2852302218588003
2008-05-20,-0.0062839215871651755,128004.763744313,0.01907821925516373,1.2771539359231845
2008-05-21,-0.013839102959627425,126233.29263953266,0.01907821925516373,1.2594792711086502
2008-05-22,-0.00046565272391019263,126174.51176296691,0.01907821925516373,1.25889279115535
2008-05-23,-0.010322755853636068,124872.04308308607,0.01907821925516373,1.2458975482263508
2008-05-27,0.005445028219775994,125551.97488153455,0.01907821925516373,1.252681495535393
2008-05-28,0.0030040534715554124,125929.13972753806,0.01907821925516373,1.2564446177308093
2008-05-29,0.0035333434470856684,126374.09062819148,0.01907821925516373,1.2608840680874944
2008-05-30,0.0023761192376805518,126674.37053607752,0.01907821925516373,1.2638800789781621
2008-06-02,-0.00773529610977064,125694.50677046216,0.8741651993968844,1.2541035923200257
2008-06-03,-0.004659156092600258,125108.87644343618,0.8741651993968844,1.2482605279271162
2008-06-04,-0.0004484290298784055,125052.77399134348,0.8741651993968844,1.2477007716695423
2008-06-05,0.015824914856110484,127031.72349227691,0.8741651993968844,1.2674455301471161
2008-06-06,-0.025511612315424204,123790.93941078178,0.8741651993968844,1.2351109511510856
2008-06-09,0.0020164767587678156,124040.56096304965,0.8741651993968844,1.2376015236785813
2008-06-10,-0.0038304373227601163,123565.43136880068,0.8741651993968844,1.2328609686115781
2008-06-11,-0.011568228707210526,122135.99819842126,0.8741651993968844,1.2185989509624862
2008-06-12,0.002883633750233594,122488.1936849447,0.8741651993968844,1.2221129440254808
2008-06-13,0.010169408324053997,123733.82614140272,0.8741651993968844,1.2345411095713879
2008-06-16,0.00046741300676145237,123791.66094111757,0.8741651993968844,1.2351181501433832
2008-06-17,-0.003898984729374444,123308.99914548425,0.8741651993968844,1.230302443337001
2008-06-18,-0.007650441860631796,122365.63081662903,0.8741651993968844,1.2208900860232579
2008-06-19,0.0009592880408260118,122483.01470287955,0.8741651993968844,1.222061271281943
2008-06-20,-0.01278935351895416,120916.53612777716,0.8741651993968844,1.2064318976616957
2008-06-23,-0.0007807722721675514,120822.12784912204,0.8741651993968844,1.2054899490877429
2008-06-24,-0.0015637852054143364,120633.1879931049,0.8741651993968844,1.2036048217400837
2008-06-25,0.0037800454111120985,121089.18692180606,0.8741651993968844,1.2081545026232947
2008-06-26,-0.0214820852163935,118487.93868956802,0.8741651993968844,1.1822008246433715
2008-06-27,-0.004200208850783649,117990.26460077299,0.8741651993968844,1.177235334276301
2008-06-30,0.00263154902574092,118300.76176663008,0.8741651993968844,1.1803332867732834
2008-07-01,0.0027877770254971512,118630.55791238189,0.6326705664414476,1.1836237927925795
2008-07-02,-0.01320541199001346,117063.99252054373,0.6326705664414476,1.1679935529675711
2008-07-03,-0.0003766415458479333,117019.90135743766,0.6326705664414476,1.167553638070241
2008-07-07,-0.009092073917848276,115955.94776443653,0.6326705664414476,1.1569381540898536
2008-07-08,0.013746397898555474,117549.92436111058,0.6326705664414476,1.172841886299993
2008-07-09,-0.01474177698291268,115817.02959182083,0.6326705664414476,1.1555521127759398
2008-07-10,0.005570605332790635,116462.20055449299,0.6326705664414476,1.1619892375376868
2008-07-11,-0.007457757185869718,115593.65374142551,0.6326705664414476,1.153323403951537
2008-07-14,-0.006362545031307287,114858.18391416235,0.6326705664414476,1.1459853318582347
2008-07-15,-0.010858715216985892,113610.97160469826,0.6326705664414476,1.133541403496743
2008-07-16,0.017477960246125246,115596.65964992886,0.6326705664414476,1.1533533950843962
2008-07-17,0.00755731445889718,116470.25995730147,0.6326705664414476,1.1620696493732856
2008-07-18,0.005042749219643872,117057.59026981286,0.6326705664414476,1.1679296751908343
2008-07-21,0.0013827363577789686,117219.45005583293,0.6326705664414476,1.1695446140160497
2008-07-22,0.006864736736093446,118024.13072081588,0.6326705664414476,1.177573229892386
2008-07-23,0.0017080211589244332,118225.7184333507,0.6326705664414476,1.1795845498852253
2008-07-24,-0.015889120148458002,116347.21578852543,0.6326705664414476,1.1608419892468342
2008-07-25,0.00022225433231759517,116373.07446128753,0.6326705664414476,1.1610999914080806
2008-07-28,-0.011679498429874369,115013.89532083727,0.6326705664414476,1.1475389258815027
2008-07-29,0.015764330515625202,116827.01238056447,0.6326705664414476,1.1656291087886443
2008-07-30,0.013141975311869558,118362.35009302934,0.6326705664414476,1.1809477777591413
2008-07-31,-0.010050063848022428,117172.80091739241,0.6326705664414476,1.1690791771914817
2008-08-01,-0.004606142824319259,116633.08626124138,1.0,1.1636942315284002
2008-08-04,-0.007452810886934058,115763.84192617687,1.0,1.1550214384906028
2008-08-05,0.02099477582716247,118194.27783630803,1.0,1.1792708546672799
2008-08-06,0.003551549798948228,118614.05069999439,1.0,1.1834590938340788
2008-08-07,-0.010963026172841284,117313.68175770363,1.0,1.1704848008138888
2008-08-08,0.014784645775483884,119048.12298710912,1.0,1.18779000397951
2008-08-11,0.007849445301538971,119982.58471674731,1.0,1.1971134966454617
2008-08-12,-0.007753508236973072,119052.2987578527,1.0,1.1878316672886295
2008-08-13,-0.0049641829929544246,118461.30136108684,1.0,1.1819350535273827
2008-08-14,0.006327835764029288,119210.90502049298,1.0,1.1894141444298532
2008-08-15,0.004292747670411767,119722.64735530739,1.0,1.1945199992275093
2008-08-18,-0.010795209435784159,118430.21630290031,1.0,1.1816249056606156
2008-08-19,-0.008787492077225845,117389.51171543443,1.0,1.1712413861638702
2008-08-20,0.00400602853255938,117859.77744878967,1.0,1.175933412575357
2008-08-21,0.0011847154466455567,117999.40774767144,1.0,1.1773265590534616
2008-08-22,0.011302221725809858,119333.06321754986,1.0,1.1906329648675684
2008-08-25,-0.015632449324667563,117467.59515404416,1.0,1.1720204553799973
2008-08-26,0.0023813145643512,117747.32244922381,1.0,1.1748114047601115
2008-08-27,0.007922527127346424,118680.1788055002,1.0,1.1841188799838394
2008-08-28,0.009558200881604417,119814.54779518789,1.0,1.1954369261064253
2008-08-29,-0.008791957659065153,118761.14336403256,1.0,1.1849266952680146
2008-09-02,-0.004341410091222131,118245.55253778686,0.014852175939921608,1.1797824425558194
2008-09-03,-0.0004347473674760627,118194.1455951053,0.014852175939921608,1.179269535244724
2008-09-04,-0.023466752200021257,115420.51286893174,0.014852175939921608,1.1515959092841017
2008-09-05,0.0022765871917036495,115683.27773018902,0.014852175939921608,1.1542176177811962
2008-09-08,0.016366423079687165,117576.59919676624,0.014852175939921608,1.173108031639832
2008-09-09,-0.023157348903521613,114853.83686627721,0.014852175939921608,1.145941959649625
2008-09-10,0.0029807172905031987,115196.18368370515,0.014852175939921608,1.1493576886626657
2008-09-11,0.011229475593911964,116489.77641689313,0.014852175939921608,1.1622643727761783
2008-09-12,0.0031898743206431046,116861.36416330285,0.014852175939921608,1.1659718500526954
2008-09-15,-0.03570373665493265,112688.9767920801,0.014852175939921608,1.1243422981713493
2008-09-16,0.012866084845953418,114138.84272869068,0.014852175939921608,1.1388081815755162
2008-09-17,-0.033984213716619416,110259.92390403124,0.014852175939921608,1.1001066809506193
2008-09-18,0.021474781676020793,112627.73169748498,0.014852175939921608,1.1237312317443657
2008-09-19,0.028861105089682315,115878.29249801865,0.014852175939921608,1.1561633569162981
2008-09-22,-0.018130706701265487,113777.33716369362,0.014852175939921608,1.1352012981932982
2008-09-23,-0.01761706399326579,111772.91453389745,0.014852175939921608,1.1152023842777883
2008-09-24,0.0024672617265921737,112048.68756799659,0.014852175939921608,1.1179538804379212
2008-09-25,0.012083109997848451,113402.58418499526,0.014852175939921608,1.1314622401477743
2008-09-26,0.0005044816663992702,113459.79370963888,0.014852175939921608,1.1320330421041518
2008-09-29,-0.05986881004058342,106667.09087279273,0.014852175939921608,1.0642595709467546
2008-09-30,0.030082122466595473,109875.86336358354,0.014852175939921608,1.096274757696221
2008-10-01,0.0006477940403188942,109947.04029304537,0.6642993527384533,1.0969849179508089
2008-10-02,-0.029175641344517333,106739.26487856428,0.6642993527384533,1.0649796794243311
2008-10-03,-0.010747017635227119,105592.13611654317,0.6642993527384533,1.0535343240283994
2008-10-06,-0.04047833455867145,101317.94230405297,0.6642993527384533,1.010889009191334
2008-10-07,-0.03521265739102841,97750.26831413637,0.6642993527384533,0.9752929208503235
2008-10-08,-0.019778462504077554,95816.9182975217,0.6642993527384533,0.9560031263847931
2008-10-09,-0.053646971637803964,90676.63079919278,0.6642993527384533,0.9047164537779763
2008-10-10,-0.01822273482529846,89024.2546012876,0.6642993527384533,0.8882300457486958
2008-10-13,0.10869762154991269,98700.97933670142,0.6642993527384533,0.9847785391107491
2008-10-14,-0.011161364248538752,97599.341754637,0.6642993527384533,0.9737870671315901
2008-10-15,-0.07646536560636752,90136.37240442788,0.6642993527384533,0.8993260830206208
2008-10-16,0.03150012345459752,92975.67926291694,0.6642993527384533,0.92765496566171
2008-10-17,-0.005084129262759585,92502.97889125139,0.6642993527384533,0.9229386479050451
2008-10-20,0.04655294911972696,96809.265360999,0.6642993527384533,0.9659041638215983
2008-10-21,-0.023149393333101953,94568.18959886859,0.6642993527384533,0.9435440684112112
2008-10-22,-0.042233941989042845,90574.20216534116,0.6642993527384533,0.9036944829618265
2008-10-23,0.009121007199409892,91400.33011537204,0.6642993527384533,0.9119370868469883
2008-10-24,-0.038908186304152825,87844.10904298208,0.6642993527384533,0.8764552687742793
2008-10-27,-0.02634586862197341,85529.77968692136,0.6642993527384533,0.8533642934101158
2008-10-28,0.08707900102618837,92977.62746004845,0.6642993527384533,0.9276744035916876
2008-10-29,-0.0058110343341861714,92437.33127456694,0.6642993527384533,0.9222836557814708
2008-10-30,0.026770348283906564,94911.91082722195,0.6642993527384533,0.9469735104632953
2008-10-31,0.003992814660127797,95290.87649619361,0.6642993527384533,0.9507546001786258
2008-11-03,0.0023118240467150386,95511.17223591007,0.8269395552051719,0.9529525775258436
2008-11-04,0.02844782195057327,98228.25705796777,0.8269395552051719,0.9800620027786386
2008-11-05,-0.033274629738949235,94959.74817446157,0.8269395552051719,0.9474508025149665
2008-11-06,-0.044362670143958005,90747.0801892446,0.8269395552051719,0.9054193550853666
2008-11-07,0.025654101639901006,93075.11500794374,0.8269395552051719,0.9286470752474603
2008-11-10,-0.010325110809127236,92114.10413191446,0.8269395552051719,0.9190586912929584
2008-11-11,-0.024065067381003225,89897.37200923919,0.8269395552051719,0.8969414819598966
2008-11-12,-0.033920269238180256,86848.02894688095,0.8269395552051719,0.8665169854009246
2008-11-13,0.047706191040602475,90991.21760732062,0.8269395552051719,0.907855210246388
2008-11-14,-0.038335063610899,87503.06349231083,0.8269395552051719,0.8730525230121067
2008-11-17,-0.009832531346512408,86642.68687760681,0.8269395552051719,0.8644682067124383
2008-11-18,0.015391813667387622,87976.27496966875,0.8269395552051719,0.877773940271537
2008-11-19,-0.0487696006050361,83685.70717667918,0.8269395552051719,0.8349652557829853
2008-11-20,-0.054467120187630336,79127.58770590015,0.8269395552051719,0.7894871028437579
2008-11-21,0.03930607209042125,82237.78237260939,0.8269395552051719,0.8205187398225925
2008-11-24,0.051647374086019715,86485.14788281223,0.8269395552051719,0.8628963781227995
2008-11-25,0.007743083584142774,87154.8096116558,0.8269395552051719,0.8695778569030584
2008-11-26,0.030669219858041386,89827.77962932142,0.8269395552051719,0.8962471313801028
2008-11-28,0.009725387078715286,90701.38955663811,0.8269395552051719,0.9049634816509625
2008-12-01,-0.0690186114322624,84441.30559446225,0.1673250342355459,0.8425041587505075
2008-12-02,0.031024692017111333,87061.07109405322,0.1673250342355459,0.8686425907988774
2008-12-03,0.019121153077111597,88725.7791614999,0.1673250342355459,0.8852520387468416
2008-12-04,-0.01789413210173374,87138.10834835477,0.1673250342355459,0.8694112218221764
2008-12-05,0.023408576204818843,89177.88739797099,0.1673250342355459,0.8897629006615255
2008-12-08,0.027591349000816612,91638.42561232393,0.1673250342355459,0.9143126593816566
2008-12-09,-0.01250457766516988,90492.52580214074,0.1673250342355459,0.9028795657221707
2008-12-10,0.0054433443995163255,90985.1077856639,0.1673250342355459,0.9077942501496822
2008-12-11,-0.018872235876397192,89268.01537029343,0.1673250342355459,0.8906621429336202
2008-12-12,0.009874363156813004,90149.48017234768,0.1673250342355459,0.8994568643829722
2008-12-15,-0.010969594970475005,89160.57688805816,0.1673250342355459,0.8895901868872775
2008-12-16,0.03928246046185491,92663.02372441947,0.1673250342355459,0.9245354782309311
2008-12-17,-0.007184208487548749,91997.31324289656,0.1673250342355459,0.9178934226011843
2008-12-18,-0.014384149259107248,90674.0101577739,0.1673250342355459,0.9046903066065362
2008-12-19,-0.0037147737643472567,90337.17672373164,0.1673250342355459,0.9013295867906949
2008-12-22,-0.010377317507237915,89399.71915816201,0.1673250342355459,0.8919762034899004
2008-12-23,-0.00839982468705891,88648.77719016116,0.1673250342355459,0.8844837597555568
2008-12-24,0.00461981142388157,89058.3178237374,0.1673250342355459,0.8885699079331133
2008-12-26,0.00515075738412718,89517.03561188596,0.1673250342355459,0.893146715947713
2008-12-29,-0.002406054183592188,89301.65277384922,0.1673250342355459,0.8909977565552455
2008-12-30,0.019373052315244,91031.69836487476,0.1673250342355459,0.9082591027057553
2008-12-31,0.010071371958641828,91948.5124591343,0.1673250342355459,0.9174065179639274
2009-01-02,0.022670761874208134,94033.05528978299,0.023466818598080863,0.9382048226745339
2009-01-05,-0.0011223017276615899,93927.52182937397,0.023466818598080863,0.9371518737811458
2009-01-06,0.005342307350132636,94429.31151962279,0.023466818598080863,0.9421584271246375
2009-01-07,-0.024000606643667655,92162.95075820797,0.023466818598080863,0.9195460533192025
2009-01-08,0.0034266345415265853,92478.75950872507,0.023466818598080863,0.9226970015880306
2009-01-09,-0.01666838253756997,90937.2881686337,0.023466818598080863,0.9073171349992926
2009-01-12,-0.018599667782354112,89245.88481966892,0.023466818598080863,0.8904413377150684
2009-01-13,0.001669362399792984,89394.86854412314,0.023466818598080863,0.8919278070034713
2009-01-14,-0.024387195250859972,87214.77843051264,0.023466818598080863,0.8701761894244063
2009-01-15,0.00021823193590431167,87233.81148044899,0.023466818598080863,0.8703660896588021
2009-01-16,0.005124904922100049,87680.87647027869,0.023466818598080863,0.8748266331157235
2009-01-20,-0.04208282764367011,83991.01725813402,0.023466818598080863,0.8380114546962222
2009-01-21,0.03299673196369879,86762.44634195906,0.023466818598080863,0.8656630940493427
2009-01-22,-0.012877893262769557,85645.12881875054,0.023466818598080863,0.8545151771226565
2009-01-23,0.0034247862748819635,85938.44508043949,0.023466818598080863,0.8574417089729444
2009-01-26,0.0051226836650764,86378.68054925512,0.023466818598080863,0.8618341116092553
2009-01-27,0.008654050279749192,87126.20599382678,0.023466818598080863,0.8692924673439248
2009-01-28,0.02604668250310538,89395.55461904814,0.023466818598080863,0.8919346522431731
2009-01-29,-0.027198941417373224,86964.09016599106,0.023466818598080863,0.867674973888686
2009-01-30,-0.0160720673658854,85566.39745043032,0.023466818598080863,0.8537296432566541
2009-02-02,-0.0013840927107291456,85447.96562343583,0.09802330255502056,0.8525480022804892
2009-02-03,0.010316885558697697,86329.52250599636,0.09802330255502056,0.8613436424533134
2009-02-04,-0.0043705155569903065,85952.21798485635,0.09802330255502056,0.8575791266640566
2009-02-05,0.012150467294428813,86996.57759836497,0.09802330255502056,0.867999113794973
2009-02-06,0.0222434046508031,88931.67767712039,0.09802330255502056,0.887306369319653
2009-02-09,0.001052621986091573,89025.28911630333,0.09802330255502056,0.888240367512398
2009-02-10,-0.035940386446901895,85825.68582191622,0.09802330255502056,0.8563166654462642
2009-02-11,0.005472495156157109,86295.36647185052,0.09802330255502056,0.8610028542500554
2009-02-12,0.0005455206478079955,86342.44237607108,0.09802330255502056,0.8614725490848706
2009-02-13,-0.009334272801095,85536.49846462,0.09802330255502056,0.8534313293010577
2009-02-17,-0.03266781106408989,82742.20829369398,0.09802330255502056,0.8255515958792756
2009-02-18,-0.002636618045364969,82524.04869419348,0.09802330255502056,0.8233749316442005
2009-02-19,-0.00911582563401614,81771.77385568415,0.09802330255502056,0.8158691893359119
2009-02-20,-0.007414215032608085,81165.5003407203,0.09802330255502056,0.8098201597276958
2009-02-23,-0.02822937811293058,78874.24874187692,0.09802330255502056,0.7869594402352689
2009-02-24,0.029281406694480427,81183.79769700942,0.09802330255502056,0.8100027196568583
2009-02-25,-0.007222389813697383,80597.45666348527,0.09802330255502056,0.8041525642653414
2009-02-26,-0.01310587574283717,79541.15641126492,0.09802330255502056,0.793613440679796
2009-02-27,-0.017642442327051033,78137.85614665224,0.09802330255502056,0.7796121613226301
2009-03-02,-0.03480654130587346,75418.14762913139,0.13787242033777147,0.7524765584269928
2009-03-03,-0.006122805175653778,74956.37700448952,0.13787242033777147,0.7478692910604978
2009-03-04,0.01828872654128988,76327.23368605046,0.13787242033777147,0.7615468680133316
2009-03-05,-0.031407805702670655,73929.96276061665,0.13787242033777147,0.7376283519492915
2009-03-06,0.000857393928476835,73993.34986182011,0.13787242033777147,0.7382607900197251
2009-03-09,-0.009254848892851553,73308.55258977307,0.13787242033777147,0.7314282979645754
2009-03-10,0.0462765375310803,76701.01857504288,0.13787242033777147,0.7652762670466272
2009-03-11,0.005921506646854535,77155.20416635551,0.13787242033777147,0.769807855548624
2009-03-12,0.031733220932240735,79603.58730623861,0.13787242033777147,0.7942363383041229
2009-03-13,0.006203195559215224,80097.38392551427,0.13787242033777147,0.7991631416308583
2009-03-16,-0.003012912583849947,79856.05750955163,0.13787242033777147,0.7967553329448896
2009-03-17,0.024558772812519614,81817.22428363221,0.13787242033777147,0.8163226661538466
2009-03-18,0.021416121154220313,83569.4318713925,0.13787242033777147,0.8338051312731337
2009-03-19,-0.010447535159482935,82696.33729365811,0.13787242033777147,0.8250939228480003
2009-03-20,-0.01722736424016924,81271.69736977237,0.13787242033777147,0.8108797293067477
2009-03-23,0.05769476988346578,85960.64924756005,0.13787242033777147,0.8576632486922674
2009-03-24,-0.01627743537213755,84561.43033488591,0.13787242033777147,0.8437026905906215
2009-03-25,0.008077974761016904,85244.5154348866,0.13787242033777147,0.8505180996310145
2009-03-26,0.016882511614907614,86683.65695682325,0.13787242033777147,0.8648769813267244
2009-03-27,-0.01484311861329013,85397.00115477937,0.13787242033777147,0.8520395097069875
2009-03-30,-0.027879761679330373,83016.15311445462,0.13787242033777147,0.8282848512349831
2009-03-31,0.007650872988549162,83651.29915793127,0.13787242033777147,0.8346219534301214
2009-04-01,0.01551897842156702,84949.48186449925,0.6028370131298288,0.8475744335155696
2009-04-02,0.023413361539939004,86938.43479602327,0.6028370131298288,0.8674190001594787
2009-04-03,0.008179982715084355,87649.58968993122,0.6028370131298288,0.8745144725875189
2009-04-06,-0.006394240584765454,87089.13712629782,0.6028370131298288,0.868922616654935
2009-04-07,-0.01889337247943501,85443.72961965809,0.6028370131298288,0.852505738002668
2009-04-08,0.0087746063534766,86193.46471244347,0.6028370131298288,0.8599861402677215
2009-04-09,0.031983320802826176,88950.21794544863,0.6028370131298288,0.8874913528778883
2009-04-13,0.0003116637240558884,88977.94050162908,0.6028370131298288,0.8877679517379935
2009-04-14,-0.014115560979794717,87721.96695662179,0.6028370131298288,0.8752366090793284
2009-04-15,0.008656389203122616,88481.32244426176,0.6028370131298288,0.8828129978123402
2009-04-16,0.01204273593594185,89546.87964572094,0.6028370131298288,0.8934444816258116
2009-04-17,0.0052636196975157645,90018.22036527524,0.6028370131298288,0.898147233597934
2009-04-20,-0.03413274810381617,86945.65112479348,0.6028370131298288,0.8674910003133964
2009-04-21,0.01577669573643936,88317.36620819596,0.6028370131298288,0.8811771418794403
2009-04-22,-0.004845050824972996,87889.4640801895,0.6028370131298288,0.87690779384123
2009-04-23,0.008050372930090921,88597.00704266086,0.6028370131298288,0.8839672286069552
2009-04-24,0.01228560303559667,89685.47470132895,0.6028370131298288,0.8948272990740967
2009-04-27,-0.00775536583451697,88989.93103497782,0.6028370131298288,0.8878875860110644
2009-04-28,-0.0025191043306279637,88765.75611432533,0.6028370131298288,0.8856509045480331
2009-04-29,0.01725941307274481,90297.80096581699,0.6028370131298288,0.9009367193478777
2009-04-30,0.0002801632041471436,90323.09908706302,0.6028370131298288,0.9011891286659041
2009-05-01,0.004336364926818215,90714.77300602569,0.1027124035988436,0.9050970135958808
2009-05-04,0.026981125503932724,93162.35968156204,0.1027124035988436,0.929517549712946
2009-05-05,-0.0027077050141193215,92910.10349312509,0.1027124035988436,0.9270006903828764
2009-05-06,0.013923688896491093,94203.75486950415,0.1027124035988436,0.9399079596025999
2009-05-07,-0.011230012343608764,93145.84553950532,0.1027124035988436,0.9293527816144066
2009-05-08,0.018852772837869125,94901.90300625286,0.1027124035988436,0.9468736584924248
2009-05-11,-0.01519460508206616,93459.90606853631,0.1027124035988436,0.9324862871890213
2009-05-12,-0.002219162946521247,93252.50330800365,0.1027124035988436,0.9304169481723522
2009-05-13,-0.02042282678085916,91348.0235860628,0.1027124035988436,0.9114152040058526
2009-05-14,0.006919386135329164,91980.09583395394,0.1027124035988436,0.9177216377319791
2009-05-15,-0.0065594763331423556,91376.75457221095,0.1027124035988436,0.9117018643688636
2009-05-18,0.022922754766759423,93471.3615086521,0.1027124035988436,0.9326005826261883
2009-05-19,-0.0010149995162469505,93376.48812193787,0.1027124035988436,0.9316539934859711
2009-05-20,-0.005567940520869508,92856.57339002725,0.1027124035988436,0.9264665994642106
2009-05-21,-0.011443537836487216,91793.96567907192,0.1027124035988436,0.9158645438790003
2009-05-22,-0.001667792500325005,91640.87239153727,0.1027124035988436,0.9143370718614053
2009-05-26,0.020605872297340344,93529.21250525414,0.1027124035988436,0.9331777848009054
2009-05-27,-0.014404224908200591,92181.99669284157,0.1027124035988436,0.9197360821092968
2009-05-28,0.011164634969667686,93211.17503669226,0.1027124035988436,0.9300045997344795
2009-05-29,0.014318224469586749,94545.79356394157,0.1027124035988436,0.9433206143512259
2009-06-01,0.01847574968073573,96292.59797919546,0.49424252792596235,0.960749169890657
2009-06-02,0.0013245141772293412,96420.13889038115,0.49424252792596235,0.9620216957869384
2009-06-03,-0.012105936660085193,95252.88279621757,0.49424252792596235,0.950375522072114
2009-06-04,0.009422980834891348,96150.44888527448,0.49424252792596235,0.9593308924025493
2009-06-05,-0.0024428466588457542,95915.56808246857,0.49424252792596235,0.9569873941373163
2009-06-08,-0.003448774809175492,95584.77688745799,0.49424252792596235,0.953686960119717
2009-06-09,0.004352865235720094,96000.84453983547,0.49424252792596235,0.9578382309341816
2009-06-10,-0.0019860631953655394,95810.1807957709,0.49424252792596235,0.9559359036766092
2009-06-11,0.003344737922359675,96130.64074082665,0.49424252792596235,0.9591332587449817
2009-06-12,0.000719426558168923,96199.7996768294,0.49424252792596235,0.9598232846841458
2009-06-15,-0.019580891126764643,94316.12187294083,0.49424252792596235,0.9410290894458119
2009-06-16,-0.010003166025488563,93372.66204696559,0.49424252792596235,0.9316158192292712
2009-06-17,-0.00034116865930033935,93340.80622103972,0.49424252792596235,0.9312979811092417
2009-06-18,0.0050477075897330526,93811.96331703347,0.49424252792596235,0.93599890099679
2009-06-19,0.0032826551050835207,94119.91563733404,0.49424252792596235,0.9390714625674996
2009-06-22,-0.02547811942106082,91721.91718682587,0.49424252792596235,0.9151456876992946
2009-06-23,0.0010353091494090805,91816.87772689073,0.49424252792596235,0.9160931464028119
2009-06-24,0.007448324127897976,92500.75959261219,0.49424252792596235,0.9229165050885659
2009-06-25,0.01829718145302861,94193.26277542119,0.49424252792596235,0.9398032758481664
2009-06-26,-0.0021109281393625334,93994.42756649018,0.49424252792596235,0.9378194186677135
2009-06-29,0.007240685812699432,94675.01168464367,0.49424252792596235,0.9446098744273348
2009-06-30,-0.007416667728595061,93972.83858077781,0.49424252792596235,0.9376040168555573
2009-07-01,0.004376435000520207,94384.10460064096,0.6343886548638693,0.9417073798915523
2009-07-02,-0.021793329415740526,92327.16071746948,0.6343886548638693,0.9211844407483417
2009-07-06,-0.00013298286754159783,92314.8827868853,0.6343886548638693,0.9210619389998763
2009-07-07,-0.015416086868384804,90891.74853459791,0.6343886548638693,0.9068627681370912
2009-07-08,-0.0004947727680388869,90846.77777258355,0.6343886548638693,0.9064140771350686
2009-07-09,0.0014851747490649547,90981.70111296531,0.6343886548638693,0.9077602604346268
2009-07-10,-0.0018878847965844159,90809.93814266675,0.6343886548638693,0.9060465136400087
2009-07-13,0.019319769812955023,92564.36524431176,0.6343886548638693,0.923551123723364
2009-07-14,0.0045063408038195085,92981.49182039186,0.6343886548638693,0.9277129598366121
2009-07-15,0.02322136966911792,95140.64941433925,0.6343886548638693,0.9492557254238096
2009-07-16,-0.0012030110049850995,95026.19416607237,0.6343886548638693,0.9481137603395796
2009-07-17,0.008778835924927675,95860.41353322663,0.6343886548638693,0.956437095479767
2009-07-20,0.00844665658703514,96670.11352663298,0.6343886548638693,0.964515791172386
2009-07-21,0.0037227419142566998,97029.99141011454,0.6343886548638693,0.968106434535146
2009-07-22,-0.00012679959553840714,97017.68804644865,0.6343886548638693,0.9679836790308088
2009-07-23,0.01774631463982268,98739.39446414908,0.6343886548638693,0.9851618219651026
2009-07-24,0.0032710978895651444,99062.3806889977,0.6343886548638693,0.9883843827218128
2009-07-27,0.002394240744449938,99299.55987708551,0.6343886548638693,0.9907508128821034
2009-07-28,-0.003747259078720533,98927.45869982315,0.6343886548638693,0.9870382129037812
2009-07-29,-0.0019841901045983823,98731.1678151979,0.6343886548638693,0.9850797414488771
2009-07-30,0.008491007335215572,99569.49488533115,0.6343886548638693,0.9934440607592918
2009-07-31,0.001026275809191013,99671.68064926534,0.6343886548638693,0.9944636083666336
2009-08-03,0.012931520970122845,100960.5870777087,0.5332028535685822,1.0073235353722507
2009-08-04,0.0029515529993888734,101258.57760131797,0.5332028535685822,1.0102967041744337
2009-08-05,-0.0022230436403207765,101033.47536435343,0.5332028535685822,1.0080507705113817
2009-08-06,-0.00433529282495837,100595.46566352574,0.5332028535685822,1.0036805752387898
2009-08-07,0.00958738196729847,101559.91281702022,0.5332028535685822,1.013303244286762
2009-08-10,-0.0025265831156375818,101303.31325607111,0.5332028535685822,1.0107430494187264
2009-08-11,-0.010164992697786146,100273.5658165616,0.5332028535685822,1.0004688537020467
2009-08-12,0.008808146664488037,101156.79009084507,0.5332028535685822,1.0092811300987066
2009-08-13,0.00689960607988227,101854.73209477724,0.5332028535685822,1.0162447723202461
2009-08-14,-0.006879104743794162,101154.06272404618,0.5332028535685822,1.009253918086122
2009-08-17,-0.021255592484865415,99003.97318859534,0.5332028535685822,0.9878016280895296
2009-08-18,0.006875156016088679,99684.64095047959,0.5332028535685822,0.9945929183955915
2009-08-19,0.007487833074764971,100431.06290203467,0.5332028535685822,1.0020402641458812
2009-08-20,0.008006166057844322,101235.13066899417,0.5332028535685822,1.0100627648972793
2009-08-21,0.01718481861767107,102974.83802727707,0.5332028535685822,1.0274205103045024
2009-08-24,-0.0014348272541752083,102827.08692318125,0.5332028535685822,1.025946339354819
2009-08-25,0.0020019949629423994,103032.9462332555,0.5332028535685822,1.0280002787584563
2009-08-26,0.00013087406536760327,103046.43057379583,0.5332028535685822,1.0281348173341365
2009-08-27,0.0022117556296306073,103274.34409673077,0.5332028535685822,1.0304088003043945
2009-08-28,0.0005671773059210405,103332.91896098632,0.5332028535685822,1.0309932247917486
2009-08-31,-0.007656157388673979,102541.78586998992,0.5332028535685822,1.0230997783960865
2009-09-01,-0.017928953479132037,100703.31896145975,0.7047029142904648,1.0047566700647126
2009-09-02,-0.002847360258869558,100416.58033311262,0.7047029142904648,1.0018957658525363
2009-09-03,0.0066244178432057765,101081.781719625,0.7047029142904648,1.008532742040882
2009-09-04,0.011179065187716164,102211.78154675919,0.7047029142904648,1.0198071953081034
2009-09-08,0.006899975632030486,102917.04034873826,0.7047029142904648,1.0268438401050985
2009-09-09,0.006022097799522008,103536.81683095571,0.7047029142904648,1.0330275941350482
2009-09-10,0.00824822926399027,104390.81223344119,0.7047029142904648,1.0415482425675022
2009-09-11,-0.00019609108617835158,104370.3421256833,0.7047029142904648,1.0413440042413102
2009-09-14,0.003915957103510559,104779.05190832619,0.7047029142904648,1.045421862691917
2009-09-15,0.003365773023028762,105131.71441461777,0.7047029142904648,1.04894051539505
2009-09-16,0.012196300736148968,106413.93242052538,0.7047029142904648,1.0617337093751391
2009-09-17,-0.0011629411465046147,106290.1792799522,0.7047029142904648,1.060498975557876
2009-09-18,0.000473317745264934,106340.4883079528,0.7047029142904648,1.0610009285418427
2009-09-21,-0.0019188211262624044,106136.43993241043,0.7047029142904648,1.0589650575451726
2009-09-22,0.004578212664131609,106622.35512583485,0.7047029142904648,1.063813224782499
2009-09-23,-0.006638305834920755,105914.56332367002,0.7047029142904648,1.0567513072451593
2009-09-24,-0.008979316594574072,104963.52292761073,0.7047029142904648,1.0472624026956752
2009-09-25,-0.004211279322525963,104521.4922138862,0.7047029142904648,1.042852088193944
2009-09-28,0.01444912326176162,106031.7361383879,0.7047029142904648,1.0579203865600437
2009-09-29,-0.002430247811905595,105774.05274364504,0.7047029142904648,1.055349377855436
2009-09-30,-0.0031210496654497932,105443.92667171621,0.7047029142904648,1.0520555800327476
2009-10-01,-0.025332553245786982,102772.7627848601,1.0,1.0254043260340406
2009-10-02,-0.0037999920141460475,102382.2271070059,1.0,1.0215077977838405
2009-10-05,0.014960051137832053,103913.87046013186,1.0,1.036789606676381
2009-10-06,0.014856545711755764,105457.67162670827,1.0,1.052192718861442
2009-10-07,0.0022573952511681927,105695.73127383765,1.0,1.0545679337083134
2009-10-08,0.008091411733190723,106550.95895401496,1.0,1.0631008770605677
2009-10-09,0.005977431307970793,107187.859991961,1.0,1.0694554895266406
2009-10-12,0.003951783682744292,107611.4432280655,1.0,1.0736817462795734
2009-10-13,-0.0015939492986484227,107439.91604360558,1.0,1.0719703520131194
2009-10-14,0.01834068823231272,109410.4380474672,1.0,1.0916310260336746
2009-10-15,0.002269174702234311,109658.7094456449,1.0,1.0941081275421243
2009-10-16,-0.0080957019354998,108770.94521934137,1.0,1.0852505542563353
2009-10-19,0.009460070592248293,109799.92603950191,1.0,1.0955171011098768
2009-10-20,-0.005781870467909012,109165.07708975552,1.0,1.0891829631358803
2009-10-21,-0.007729537432921707,108321.28154002246,1.0,1.0807640826510208
2009-10-22,0.009328305223567757,109331.7355164358,1.0,1.0908457798886586
2009-10-23,-0.01053783312345924,108179.61593246541,1.0,1.0793506290967623
2009-10-26,-0.00991602225342858,107106.90445351173,1.0,1.0686477642393866
2009-10-27,-0.006811918198481037,106377.30098188188,1.0,1.061368223086398
2009-10-28,-0.021641125457586563,104075.17646549353,1.0,1.0383990202138897
2009-10-29,0.0230480646784188,106473.90786408808,1.0,1.0623321079937862
2009-10-30,-0.030304042959667488,103247.31798609107,1.0,1.0301391501557084
2009-11-02,0.008166609461756291,104090.49851005725,0.5009384857203258,1.0385518942862957
2009-11-03,0.003950312199251904,104501.68847614774,0.5009384857203258,1.0426544985038508
2009-11-04,0.005231129519818856,105048.35034360623,0.5009384857203258,1.0481087592299463
2009-11-05,0.016645435242560902,106796.92585658858,0.5009384857203258,1.0655549857088693
2009-11-06,0.002181957697833692,107029.95223106633,0.5009384857203258,1.0678799816124018
2009-11-09,0.02238918867199624,109426.26602512242,0.5009384857203258,1.0917889479997696
2009-11-10,-0.0003932961454773398,109383.22909648076,0.5009384857203258,1.0913595516148467
2009-11-11,0.0058405545318138685,110022.08781088464,0.5009384857203258,1.097733696589869
2009-11-12,-0.011543128440771322,108752.08871996177,0.5009384857203258,1.0850624155363695
2009-11-13,0.007517704127325553,109569.6547461871,0.5009384857203258,1.093219593736053
2009-11-16,0.015743852506232336,111294.70322966987,0.5009384857203258,1.1104310817767566
2009-11-17,0.0008702143831778031,111391.55348119183,0.5009384857203258,1.1113973948756464
2009-11-18,-0.001081315821690243,111271.10403200997,0.5009384857203258,1.110195623288382
2009-11-19,-0.012017658626024219,109933.88588881245,0.5009384857203258,1.0968536712795962
2009-11-20,-0.0023460696623575084,109675.97333426363,0.5009384857203258,1.0942803761573616
2009-11-23,0.013059385373545673,111108.27413625449,0.5009384857203258,1.1085710052963091
2009-11-24,0.0012740710708194491,111249.83397406017,0.5009384857203258,1.1099834035441063
2009-11-25,0.005332052915693497,111843.02397567197,0.5009384857203258,1.115901893787345
2009-11-27,-0.01798896020708307,109831.08426793377,0.5009384857203258,1.0958279790249958
2009-11-30,0.004134894649618026,110285.22423063498,0.5009384857203258,1.100359112272368
2009-12-01,0.013896524052335657,111817.80550177324,0.03975001153253288,1.1156502791422676
2009-12-02,0.0016306457968313648,112000.14073632561,0.03975001153253288,1.1174695095806848
2009-12-03,-0.007401530515593335,111171.16827691495,0.03975001153253288,1.109198524905278
2009-12-04,0.0009593763766415631,111277.82326952348,0.03975001153253288,1.110262663767078
2009-12-07,-0.002578781995504986,110990.86202237704,0.03975001153253288,1.1073995383994741
2009-12-08,-0.012247359540548008,109631.51702947363,0.03975001153253288,1.0938368180976588
2009-12-09,0.0035539788133509553,110021.1451182719,0.03975001153253288,1.0977242909744411
2009-12-10,0.004733947887709311,110541.9794858079,0.03975001153253288,1.1029208605629865
2009-12-11,0.0026434289423842294,110834.18935372913,0.03975001153253288,1.1058363534869582
2009-12-14,0.00681415542896735,111589.43074682905,0.03975001153253288,1.113371694278621
2009-12-15,-0.0043787019779741865,111100.8138856969,0.03975001153253288,1.1084965714386628
2009-12-16,0.002678426019089075,111398.38919635033,0.03975001153253288,1.111465597497675
2009-12-17,-0.0160696185575957,109608.25957403438,0.03975001153253288,1.0936047693059971
2009-12-18,0.006387073888442396,110308.33562671732,0.03975001153253288,1.1005897037723078
2009-12-21,0.006309687940726505,111004.34680178283,0.03975001153253288,1.1075340813538876
2009-12-22,0.0028802556311164906,111324.06769673707,0.03975001153253288,1.1107240626283605
2009-12-23,0.002749839462983905,111630.19101126945,0.03975001153253288,1.1137783754882618
2009-12-24,0.006571938407057942,112363.81775096362,0.03975001153253288,1.1210980583710837
2009-12-28,0.0023273752276371518,112625.33051687994,0.03975001153253288,1.1237072742198886
2009-12-29,-0.0021569421806586497,112382.40419087747,0.03975001153253288,1.1212835026014107
2009-12-30,-0.000498935256721178,112326.33264719155,0.03975001153253288,1.120724054729183
2009-12-31,-0.0071544277647332954,111522.70201418981,0.03975001153253288,1.1127059154354242
2010-01-04,0.019263772850981464,113671.05001351885,1.0,1.1341408294403155
2010-01-05,0.002450158087041965,113949.56205597201,1.0,1.136919653765413
2010-01-06,0.0005827766294270731,114015.96919767169,1.0,1.1375822239691638
2010-01-07,0.002566143037087132,114308.55048314504,1.0,1.1405014226723165
2010-01-08,0.004089563988840528,114776.02261481746,1.0,1.1451655762196984
2010-01-11,0.0008577503213003101,114874.47178509289,1.0,1.146147842360643
2010-01-12,-0.010158446636768015,113707.52559353711,1.0,1.1345047606661756
2010-01-13,0.008396704700642355,114662.29410818678,1.0,1.1440308621229625
2010-01-14,0.0020188730181867065,114893.78271996518,1.0,1.1463405151624753
2010-01-15,-0.011326862488852951,113592.39664227198,1.0,1.1333560737818291
2010-01-19,0.013325732520282685,115106.09853626475,1.0,1.1484588736712833
2010-01-20,-0.012010401785626956,113723.62804486824,1.0,1.1346654211642226
2010-01-21,-0.019220847296194776,111537.76355624857,1.0,1.1128561903717527
2010-01-22,-0.022989945042317217,108973.51650194744,1.0,1.0872716877151034
2010-01-25,0.0053994960010643744,109561.91856852162,1.0,1.0931424068449915
2010-01-26,-0.005153021519131551,108997.34364446069,1.0,1.087509420499044
2010-01-27,0.004336597286740851,109470.02122917122,1.0,1.0922255109012855
2010-01-28,-0.012159311518782356,108138.94113907802,1.0,1.0789448006654756
2010-01-29,-0.011462569220861418,106899.39104080068,1.0,1.066577321202359
2010-02-01,0.01638110524083536,108650.52121562125,0.04538964982128846,1.0840490365484632
2010-02-02,0.011060835292105775,109852.28673518868,0.04538964982128846,1.0960395243902916
2010-02-03,-0.0037169242924950385,109443.97410203653,0.04538964982128846,1.0919656284565507
2010-02-04,-0.03215774722561371,105924.50244749663,0.04538964982128846,1.0568504737975866
2010-02-05,0.002322085109442096,106170.46815735503,0.04538964982128846,1.059304570545699
2010-02-08,-0.0083450380075214,105284.47156530556,0.04538964982128846,1.0504646336429537
2010-02-09,0.014098179319312232,106768.79092497226,0.04538964982128846,1.0652742724166477
2010-02-10,-0.0020908613100468765,106545.55219090675,0.04538964982128846,1.0630469316558633
2010-02-11,0.012333087303017187,107859.58778782537,0.04538964982128846,1.0761575822711795
2010-02-12,-0.001565885803000322,107690.69199059095,0.04538964982128846,1.0744724423913101
2010-02-16,0.01640938348283183,109457.82985299607,0.04538964982128846,1.092103872740244
2010-02-17,0.004737686750937664,109976.406763277,0.04538964982128846,1.0972779187887731
2010-02-18,0.005546849207741733,110586.42930800216,0.04538964982128846,1.103364353943279
2010-02-19,0.0009552806340966669,110692.070382314,0.04538964982128846,1.1044183765429536
2010-02-22,-9.749374102141495e-06,110690.99120390971,0.04538964982128846,1.1044076091550354
2010-02-23,-0.013240893544426258,109225.34357305172,0.04538964982128846,1.0897842655725594
2010-02-24,0.009620896605061047,110276.18931022032,0.04538964982128846,1.1002689673134554
2010-02-25,-0.0018897716894611394,110067.79248964021,0.04538964982128846,1.0981897101682339
2010-02-26,0.0017321197296724655,110258.44308461301,0.04538964982128846,1.1000919062321395
2010-03-01,0.010818176107243005,111451.23833921278,0.7530127503287076,1.1119928942079114
2010-03-02,0.0025488040756045383,111735.30570972293,0.7530127503287076,1.1148271462287118
2010-03-03,0.0008024935191153215,111824.97256841137,0.7530127503287076,1.1157217877884942
2010-03-04,0.0027541094702023816,112132.95078436716,0.7530127503287076,1.1187946077303537
2010-03-05,0.01296301579025938,113586.53199599328,0.7530127503287076,1.1332975598964192
2010-03-08,0.0003356260919551435,113624.65459982584,0.7530127503287076,1.1336779241274697
2010-03-09,0.001897322232396137,113840.23718314643,0.7530127503287076,1.1358288764572935
2010-03-10,0.004415125869502878,114342.85615932409,0.7530127503287076,1.1408437039130686
2010-03-11,0.0037133878714483703,114767.45553457289,0.7530127503287076,1.1450800990863976
2010-03-12,9.084548172166862e-05,114777.88163935688,0.7530127503287076,1.1451841244396088
2010-03-15,-4.923686113655901e-05,114772.23033673706,0.7530127503287076,1.145127739167898
2010-03-16,0.007034446143060924,115579.58940975982,0.7530127503287076,1.1531830785759998
2010-03-17,0.005036367248219209,116161.69066842576,0.7530127503287076,1.1589909320641405
2010-03-18,-7.207051251234553e-05,116153.31883584498,0.7530127503287076,1.1589074029936695
2010-03-19,-0.004680026792601599,115609.71819164364,0.7530127503287076,1.1534836852975148
2010-03-22,0.00523149944803003,116214.53036855014,0.7530127503287076,1.1595181345604606
2010-03-23,0.006348637977394267,116952.33434957296,0.7530127503287076,1.1668794954250086
2010-03-24,-0.0044072727400082945,116436.89351451375,0.7530127503287076,1.1617367392339473
2010-03-25,-0.001413098678856306,116272.35669411827,0.7530127503287076,1.1600950905825569
2010-03-26,-0.00037576575894660014,116228.66552376059,0.7530127503287076,1.159659166570394
2010-03-29,0.005543311461036371,116872.9572174594,0.7530127503287076,1.1660875185193393
2010-03-30,0.0008857107884105986,116976.47285654036,0.7530127503287076,1.167120334814723
2010-03-31,-0.0031809112283687213,116604.38108057603,0.7530127503287076,1.1634078286368534
2010-04-01,0.006679794051637877,117383.27433171298,1.0,1.1711791533302107
2010-04-05,0.00938576107536604,118485.00569883458,1.0,1.1821715610398176
2010-04-06,0.0026828162422096735,118802.8791965817,1.0,1.1853431101048535
2010-04-07,-0.0056608576338070815,118130.35301096347,1.0,1.1786330515113357
2010-04-08,0.0029182362201307654,118475.0852858169,1.0,1.1820725811724992
2010-04-09,0.006383473016439822,119231.3677958593,1.0,1.1896183095978872
2010-04-12,0.0008577682568313705,119333.64067837317,1.0,1.1906387264216056
2010-04-13,0.0007613474591172675,119424.49504249085,1.0,1.1915452161906932
2010-04-14,0.012796820638278028,120952.74888536651,1.0,1.2067932066046836
2010-04-15,0.0003580374392579966,120996.05449784866,1.0,1.2072252837540904
2010-04-16,-0.01668460510556391,118977.28310922076,1.0,1.187083206621201
2010-04-19,0.0020481839950858838,119220.97047626387,1.0,1.1895145714458377
2010-04-20,0.009668486874424786,120373.65686446983,1.0,1.201015377466799
2010-04-21,-0.001131838324803347,120237.4133463339,1.0,1.1996560222339039
2010-04-22,0.003914574572298601,120708.0916672584,1.0,1.2043521651940456
2010-04-23,0.006819111347970752,121531.2135849385,1.0,1.2125647767106735
2010-04-26,-0.0033641634985978053,121122.36271225575,1.0,1.208485510549178
2010-04-27,-0.024726393752410925,118127.44347961019,1.0,1.1786040219712557
2010-04-28,0.007194249403299935,118977.28176937671,1.0,1.1870831932530492
2010-04-29,0.01353885423453094,120588.09784447303,1.0,1.203154939570764
2010-04-30,-0.017835436234746926,118437.3565146985,1.0,1.1816961463655289
2010-05-03,0.013210358290349555,120001.95642921954,0.05755913244149724,1.1973067758493428
2010-05-04,-0.026057395402653616,116875.01800145136,0.05755913244149724,1.16610807977276
2010-05-05,-0.008052637128048823,115933.8658921515,0.05755913244149724,1.1567178345542644
2010-05-06,-0.03397051443137056,111995.53282777758,0.05755913244149724,1.117423534662515
2010-05-07,-0.014722955394244619,110346.62759359955,0.05755913244149724,1.1009717578051996
2010-05-10,0.0473390421375548,115570.33124699003,0.05755913244149724,1.1530907062401976
2010-05-11,-0.003375130541315108,115180.26629232841,0.05755913244149724,1.1491988745806598
2010-05-12,0.015640139609150117,116981.70173735952,0.05755913244149724,1.1671725054177795
2010-05-13,-0.011891262068336239,115590.64166480063,0.05755913244149724,1.1532933512769001
2010-05-14,-0.01815226139665327,113492.41012229428,0.05755913244149724,1.1323584688974995
2010-05-17,0.0001393474382000992,113508.22499889998,0.05755913244149724,1.1325162601492647
2010-05-18,-0.01494891392469666,111811.40031364633,0.05755913244149724,1.115586372057974
2010-05-19,-0.006970492437172515,111032.01979337039,0.05755913244149724,1.107810185688531
2010-05-20,-0.039786565287083575,106614.4370889047,0.05755913244149724,1.063734223409938
2010-05-21,0.01583102431258343,108302.25283453154,0.05755913244149724,1.0805742257628679
2010-05-24,-0.01265032182936654,106932.1944813293,0.05755913244149724,1.066904614046449
2010-05-25,-0.0001431253084610562,106916.88977800973,0.05755913244149724,1.066751912994465
2010-05-26,-0.004601730521842096,106424.88706301784,0.05755913244149724,1.061843008157205
2010-05-27,0.03679597675261337,110340.89473328815,0.05755913244149724,1.1009145588002827
2010-05-28,-0.012814693642692276,108926.9099710205,0.05755913244149724,1.0868066760024773
2010-06-01,-0.017737228377982972,106994.84849235653,0.4492857325149089,1.0675297377875048
2010-06-02,0.023549533478111062,109514.5272589127,0.4492857325149089,1.0926695650864107
2010-06-03,0.002546914054963878,109793.45134761115,0.4492857325149089,1.0954525005591607
2010-06-04,-0.032248457874832326,106252.78185689525,0.4492857325149089,1.0601258467409986
2010-06-07,-0.010564308828668323,105130.29465545388,0.4492857325149089,1.0489263498987733
2010-06-08,0.008096581853325624,105981.490691396,0.4492857325149089,1.0574190679488387
2010-06-09,-0.004595327982546249,105494.47098158987,0.4492857325149089,1.0525598805166154
2010-06-10,0.025388933235989564,108172.86306210748,0.4492857325149089,1.079283253049933
2010-06-11,0.006089163675745191,108831.54533056662,0.4492857325149089,1.0858551854302445
2010-06-14,-0.0009627980616436771,108726.76252967666,0.4492857325149089,1.0848097261624865
2010-06-15,0.021871825570913828,111104.81531461592,0.4492857325149089,1.1085364952707433
2010-06-16,-0.001279579480195192,110962.64787278845,0.4492857325149089,1.1071180347183474
2010-06-17,0.0026822007916094126,111260.27197475193,0.4492857325149089,1.1100875475874739
2010-06-18,0.0016803152276052558,111447.22430397861,0.4492857325149089,1.1119528445976603
2010-06-21,-0.005283266873115533,110858.41887571273,0.4492857325149089,1.1060781009693308
2010-06-22,-0.014442580135200611,109257.33727743861,0.4492857325149089,1.0901034793602908
2010-06-23,-0.003172783138078339,108910.68744001341,0.4492857325149089,1.0866448174222159
2010-06-24,-0.01456763312883369,107324.11650157822,0.4492857325149089,1.0708149743806605
2010-06-25,0.0062481587554199525,107994.69461976526,0.4492857325149089,1.0775055963382718
2010-06-28,-0.004472472777558689,107511.6912879576,0.4492857325149089,1.0726864818909818
2010-06-29,-0.028281979788264522,104471.04780794945,0.4492857325149089,1.0423487844909964
2010-06-30,-0.008349498475745953,103598.76695351739,0.4492857325149089,1.0336456949036932
2010-07-01,-0.007441102578965797,102827.8779015619,0.703284522789545,1.0259542312576084
2010-07-02,-0.003164323313047279,102502.4972502868,0.703284522789545,1.0227077803655205
2010-07-06,0.0035710245144566777,102868.53618076061,0.703284522789545,1.0263598949203314
2010-07-07,0.026294376941878417,105573.40024655679,0.703284522789545,1.0533473888753933
2010-07-08,0.007582580929656357,106373.91909794531,0.703284522789545,1.0613344806985832
2010-07-09,0.0069400932411107785,107112.16401490742,0.703284522789545,1.0687002409546373
2010-07-12,-0.000269758240556639,107083.26962600055,0.703284522789545,1.0684119502579548
2010-07-13,0.013032923788891537,108478.87771810153,0.703284522789545,1.0823364817808077
2010-07-14,-0.00012148370065079295,108465.69930259389,0.703284522789545,1.0822049955396515
2010-07-15,0.00016647753934773135,108483.75640531741,0.703284522789545,1.0823851583643789
2010-07-16,-0.023574075244416903,105926.35216902147,0.703284522789545,1.056868929197657
2010-07-19,0.0039932016264438985,106349.33745078609,0.703284522789545,1.061089219924667
2010-07-20,0.009721148158671866,107383.17511672176,0.703284522789545,1.0714042254411242
2010-07-21,-0.011176278690697372,106183.03082492531,0.703284522789545,1.0594299132272034
2010-07-22,0.018879317899189285,108187.6940193685,0.703284522789545,1.0794312273509303
2010-07-23,0.006459623016419114,108886.54573774931,0.703284522789545,1.086403946151768
2010-07-26,0.007987131528356395,109756.2369002251,0.703284522789545,1.0950811973626076
2010-07-27,-0.001640490111774917,109576.18287888466,0.703284522789545,1.0932847274867434
2010-07-28,-0.005042236718130089,109023.6738261402,0.703284522789545,1.087772127090439
2010-07-29,-0.003595610906392488,108631.66711547595,0.703284522789545,1.0838609217666026
2010-07-30,0.0008184735081013805,108720.57925715086,0.703284522789545,1.084748033217535
2010-08-02,0.018195762599311216,110698.83310697359,0.046409248482859766,1.1044858509100313
2010-08-03,-0.0034528889198272017,110316.60233270071,0.046409248482859766,1.100672183953318
2010-08-04,0.005977453343902983,110976.01467620234,0.046409248482859766,1.1072514005798308
2010-08-05,-0.0006284877702786851,110906.26760818408,0.046409248482859766,1.1065555066159425
2010-08-06,-0.002528452651640367,110625.84636176663,0.046409248482859766,1.1037576334110522
2010-08-09,0.003890781950413036,111056.26740804016,0.046409248482859766,1.1080521136887584
2010-08-10,-0.004018557345435991,110609.98142889088,0.046409248482859766,1.1035993427281687
2010-08-11,-0.02222395235012231,108151.7904721673,0.046409248482859766,1.0790730035217515
2010-08-12,-0.0036204236060701778,107760.23517690311,0.046409248482859766,1.0751663021471285
2010-08-13,-0.002363104253424231,107505.58650680658,0.046409248482859766,1.0726255720853861
2010-08-16,0.00048523128794397685,107557.75158100844,0.046409248482859766,1.0731460435732108
2010-08-17,0.009770013707562919,108608.59228830955,0.046409248482859766,1.083630695129138
2010-08-18,0.001837576891950743,108808.16892776584,0.046409248482859766,1.0856219498539157
2010-08-19,-0.013664323505191867,107321.37890752929,0.046409248482859766,1.0707876603267747
2010-08-20,-0.002915254828510072,107008.50973946675,0.046409248482859766,1.0676660414296981
2010-08-23,-0.003205699680948859,106665.47259393614,0.046409248482859766,1.064243424741327
2010-08-24,-0.0112139521640231,105469.33108671482,0.046409248482859766,1.0523090498854017
2010-08-25,0.003981236278387312,105889.2294138945,0.046409248482859766,1.0564985408508807
2010-08-26,-0.005657059428222588,105290.2077502914,0.046409248482859766,1.0505218658194568
2010-08-27,0.012227070543250118,106577.59854796767,0.046409248482859766,1.0633666707800582
2010-08-30,-0.011510493579883874,105350.83778412185,0.046409248482859766,1.0511267955429817
2010-08-31,0.0010307210563684777,105459.425110932,0.046409248482859766,1.052210214064061
2010-09-01,0.024703592058081814,108064.65172755231,0.999999999998181,1.0782035859516466
2010-09-02,0.007998642843058512,108929.0222806805,0.999999999998181,1.0868277513477786
2010-09-03,0.011174937144020403,110146.29725782669,0.999999999998181,1.098972983155467
2010-09-07,-0.009749719229874776,109072.40178535256,0.999999999998181,1.0882583051284833
2010-09-08,0.00665793785393709,109798.59905801908,0.999999999998181,1.0955038612930597
2010-09-09,0.003286406788046037,110159.4419192813,0.999999999998181,1.0991041326191437
2010-09-10,0.004707678151464778,110678.03711718225,0.999999999998181,1.1042783611304596
2010-09-13,0.010946113213470499,111889.53144171162,0.999999999998181,1.1163659170905793
2010-09-14,0.0014177448034458084,112048.16224347308,0.999999999998181,1.1179486390682782
2010-09-15,0.0030719861028360995,112392.37264073335,0.999999999998181,1.1213829617511806
2010-09-16,-0.00013322299160800632,112377.39939261622,0.999999999998181,1.1212335677582776
2010-09-17,0.0001849014113466385,112398.17813236738,0.999999999998181,1.1214408854274054
2010-09-20,0.014141764361220499,113987.68668214581,0.999999999998181,1.1373000381741583
2010-09-21,-0.0008152572063440111,113894.75739914371,0.999999999998181,1.1363728461222615
2010-09-22,-0.0037813166744458115,113464.08525385837,0.999999999998181,1.132075860530832
2010-09-23,-0.006977102884610065,112672.43465733403,0.999999999998181,1.1241772507787249
2010-09-24,0.01858990992895415,114767.00506908985,0.999999999998181,1.145075604614881
2010-09-27,-0.004026866361576786,114304.85367695821,0.999999999998181,1.1404645381811949
2010-09-28,0.004345356021905111,114801.54896121637,0.999999999998181,1.1454202626299497
2010-09-29,-0.0009664172220948952,114690.60276717707,0.999999999998181,1.1443133087616078
2010-09-30,-0.0019202654469416824,114470.36636559435,0.999999999998181,1.1421159234543172
2010-10-01,0.005709468586228006,115123.93132641271,0.01429213083798686,1.1486367984411103
2010-10-04,-0.006431653571353779,114383.4940823489,0.01429213083798686,1.1412491644742282
2010-10-05,0.019542791881420607,116618.86690186996,0.01429213083798686,1.1635523593803934
2010-10-06,0.0007582643703745173,116707.29483355509,0.01429213083798686,1.1644346396775767
2010-10-07,-0.0030409352903554288,116352.39550205381,0.01429213083798686,1.1608936692884688
2010-10-08,0.006536389911795171,117112.92012622664,0.01429213083798686,1.1684817229570728
2010-10-11,0.0011953531368047443,117252.91142265989,0.01429213083798686,1.1698784712499086
2010-10-12,0.001781603346107552,117461.80960199135,0.01429213083798686,1.1719627306488265
2010-10-13,0.00941254248684742,118567.42387545208,0.01429213083798686,1.1829938796440604
2010-10-14,-0.0024685996958501155,118274.72836893541,0.01429213083798686,1.1800735413125785
2010-10-15,0.0006002616058835564,118345.72414732158,0.01429213083798686,1.1807818941515476
2010-10-18,0.0043251832353452535,118857.59108937837,0.01429213083798686,1.1858889922047309
2010-10-19,-0.016701809345840535,116872.4542636977,0.01429213083798686,1.1660825003515964
2010-10-20,0.010430313547183045,118091.47060669688,0.01429213083798686,1.1782451064521469
2010-10-21,0.00024814818589979915,118120.77479089817,0.01429213083798686,1.1785374858378583
2010-10-22,0.0019472168713157156,118350.78155642388,0.01429213083798686,1.1808323539137597
2010-10-25,0.0043051851081195025,118860.3035787149,0.01429213083798686,1.185916055779015
2010-10-26,0.00015755740719125555,118879.03089996474,0.01429213083798686,1.18610290563791
2010-10-27,-0.004969714731998698,118288.23602877546,0.01429213083798686,1.1802083125540948
2010-10-28,0.0019546340335052648,118519.4462406806,0.01429213083798686,1.1825151878884388
2010-10-29,0.0019118677432095055,118746.0397468912,0.01429213083798686,1.184776000532018
2010-11-01,0.0010561873209700146,118871.45780848726,1.0,1.1860273459219695
2010-11-02,0.008600711753811607,119893.83695285344,1.0,1.1962280252563824
2010-11-03,0.004359949839268129,120416.56806800526,1.0,1.201443519442827
2010-11-04,0.01885122230928138,122686.56756237593,1.0,1.2240921983198891
2010-11-05,0.0028420668919308945,123035.2509941296,1.0,1.2275711502294049
2010-11-08,-0.0018610197770051462,122806.27995876073,1.0,1.2252866160411469
2010-11-09,-0.007371575137406383,121901.00423869936,1.0,1.2162543236861412
2010-11-10,0.004264910594076854,122420.9011231056,1.0,1.221441539636322
2010-11-11,-0.00440737854656903,121881.34586984398,1.0,1.2160581843986407
2010-11-12,-0.013456354165492956,120241.26731365241,1.0,1.1996944747835263
2010-11-15,-0.0016379539148148048,120044.31765913373,1.0,1.197729430521973
2010-11-16,-0.016767864006673294,118031.43086585148,1.0,1.17764606631419
2010-11-17,0.0011241313023699906,118164.11369195131,1.0,1.1789698951204468
2010-11-18,0.015646651053064398,120012.98634588391,1.0,1.1974168256714646
2010-11-19,0.002406813143030595,120301.83517875553,1.0,1.2002987842251767
2010-11-22,-4.370375976225915e-05,120296.57753625192,1.0,1.200246326655468
2010-11-23,-0.01635241133603904,118329.43841806141,1.0,1.180619405017428
2010-11-24,0.01603029443036097,120226.2941556822,1.0,1.1995450816900548
2010-11-26,-0.012117959526142252,118769.39678912557,1.0,1.1850090429403517
2010-11-29,0.002905825657769645,119114.51994967324,1.0,1.1884524726220167
2010-11-30,-0.006410730613668925,118350.9088500994,1.0,1.1808336239728883
2010-12-01,0.02168556258219767,120917.41489062819,0.038922853932092494,1.2064406654247155
2010-12-02,0.012832854498880275,122469.13048230037,0.038922853932092494,1.2219227429456434
2010-12-03,0.0032064133199050104,122861.817133556,0.038922853932092494,1.225840732304519
2010-12-06,-0.00026790233018580967,122828.90216645507,0.038922853932092494,1.225512326715898
2010-12-07,0.0005759978891810569,122899.65135483336,0.038922853932092494,1.2262182192292517
2010-12-08,0.0022561072015869765,123176.92614332754,0.038922853932092494,1.2289846989843722
2010-12-09,0.0032298830893606745,123574.7732140773,0.038922853932092494,1.2329541758807048
2010-12-10,0.006357094464624069,124360.34972084369,0.038922853932092494,1.240792182047331
2010-12-13,0.0005097409999428315,124423.74128986364,0.038922853932092494,1.2414246646949292
2010-12-14,0.0007584140707732612,124518.10600599613,0.038922853932092494,1.242366178628439
2010-12-15,-0.005419135456702917,123843.32552273755,0.038922853932092494,1.2356336280196252
2010-12-16,0.006140496267532214,124603.7850008687,0.038922853932092494,1.243221031700517
2010-12-17,0.0010880733671378984,124739.36306077271,0.038922853932092494,1.244573747394576
2010-12-20,0.0020479752109936467,124994.82618415632,0.038922853932092494,1.2471226035774936
2010-12-21,0.007465529715277253,125927.97877329004,0.038922853932092494,1.2564330344330952
2010-12-22,0.002844933134696692,126286.23545268757,0.038922853932092494,1.2600075024042816
2010-12-23,-0.0014200930792185318,126106.89724372065,0.038922853932092494,1.2582181744703538
2010-12-27,0.000442479123798023,126162.69691311795,0.038922853932092494,1.2587749097457404
2010-12-28,0.0009458161159794365,126282.0236250938,0.038922853932092494,1.2599654793417683
2010-12-29,0.00197300769614972,126531.17902959147,0.038922853932092494,1.2624514009293926
2010-12-30,-0.0007610066418978212,126434.88796194279,0.038922853932092494,1.261490667028212
2010-12-31,0.0001620592789981501,126455.3779087261,0.038922853932092494,1.2616951032961734
2011-01-03,0.010233409367656376,127749.44755760778,0.45888052699592663,1.2746065457853706
2011-01-04,-0.004266990970998141,127204.34181832947,0.45888052699592663,1.2691678111629294
2011-01-05,0.005068578580531113,127849.08702062041,0.45888052699592663,1.2756006879456894
2011-01-06,-0.0024283313442803323,127538.62707527062,0.45888052699592663,1.2725031068123653
2011-01-07,-0.0023268823514085435,127241.85969480629,0.45888052699592663,1.269542141791011
2011-01-10,-5.1430901449878164e-05,127235.31553126003,0.45888052699592663,1.26947684809423
2011-01-11,0.0038217940848839227,127721.58270754573,0.45888052699592663,1.2743285272031737
2011-01-12,0.00849985111545526,128807.19714479019,0.45888052699592663,1.2851601299565782
2011-01-13,-0.002353960802541688,128503.9900516261,0.45888052699592663,1.282134913385671
2011-01-14,0.005605945132640455,129224.37636918089,0.45888052699592663,1.2893224913627537
2011-01-18,0.0019704875754236184,129479.01139725823,0.45888052699592663,1.2918630853126984
2011-01-19,-0.01026829269367846,128149.48301054306,0.45888052699592663,1.2785978570325491
2011-01-20,-0.0039050923527349513,127649.04744443165,0.45888052699592663,1.273604814318828
2011-01-21,0.0010481264435153737,127782.83978654772,0.45888052699592663,1.2749397132033042
2011-01-24,0.004835834155675567,128400.77640769671,0.45888052699592663,1.2811051102148399
2011-01-25,0.00040357111566136084,128452.59525228334,0.45888052699592663,1.2816221272334487
2011-01-26,0.005448138120730306,129152.42273318405,0.45888052699592663,1.2886045816012006
2011-01-27,-1.370396931255069e-05,129150.65283234627,0.45888052699592663,1.2885869226035584
2011-01-28,-0.014898783646082991,127226.46519804676,0.45888052699592663,1.269388544834516
2011-01-31,0.006461136456270333,128048.49275054026,0.45888052699592663,1.277590237438718
2011-02-01,0.01663240229241647,130178.24679490482,1.0,1.2988396322326627
2011-02-02,-0.0026858343269539064,129828.60959104038,1.0,1.295351164163204
2011-02-03,0.0020476800405877515,130094.45704359723,1.0,1.2980036288876133
2011-02-04,0.002398618387989604,130406.50400043753,1.0,1.3011170442595403
2011-02-07,0.0057262909550934715,131153.2495847806,1.0,1.3085676190216018
2011-02-08,0.0040833680984027065,131688.79658013693,1.0,1.3139109822917172
2011-02-09,-0.004155243379908247,131141.59757993923,1.0,1.308451362380761
2011-02-10,-0.00025781963674353925,131107.7867008892,1.0,1.3081140179258153
2011-02-11,0.006943111507198507,132018.08268341547,1.0,1.3171963994164038
2011-02-14,0.002388940654963978,132333.4660483283,1.0,1.3203431034455417
2011-02-15,-0.0029230214118696196,131946.6524935621,1.0,1.316483712283156
2011-02-16,0.006739915936212482,132835.96183943335,1.0,1.3253567018353374
2011-02-17,0.003546615630619865,133307.07993800152,1.0,1.3300572326302136
2011-02-18,0.002379010880118937,133624.2189315709,1.0,1.3332214532578217
2011-02-22,-0.021932120510946063,130693.55645878265,1.0,1.3039810796771925
2011-02-23,-0.006774577434664142,129808.16284034098,1.0,1.2951471588795824
2011-02-24,0.0003034048044179283,129847.5472605994,1.0,1.2955401127500146
2011-02-25,0.012240692501101602,131436.97115863865,1.0,1.31139842089303
2011-02-28,0.005913459908054364,132214.21841802137,1.0,1.3191533228784669
2011-03-01,-0.01665587113195033,130012.07543423928,0.999999999998181,1.297181675129319
2011-03-02,0.0026091508376107075,130351.29654975802,0.999999999998181,1.300566217783516
2011-03-03,0.017448470341909106,132625.72728163586,0.999999999998181,1.3232591088622003
2011-03-04,-0.007390483185808372,131645.55907415532,0.999999999998181,1.3134795846676866
2011-03-07,-0.009000272524361752,130460.71316586595,0.999999999998181,1.3016579104504917
2011-03-08,0.008974383490559346,131631.51763626828,0.999999999998181,1.3133394877123945
2011-03-09,-0.0016546200939038247,131413.71748219625,0.999999999998181,1.3111664098059082
2011-03-10,-0.019783925528483293,128813.83828210735,0.999999999998181,1.2852263911988593
2011-03-11,0.005948162545540203,129580.04393032426,0.999999999998181,1.2928711266815283
2011-03-14,-0.007162239874750176,128651.96057271461,0.999999999998181,1.2836112735450966
2011-03-15,-0.012235260219197297,127077.87035739754,0.999999999998181,1.2679059555929773
2011-03-16,-0.018787193566793148,124690.43380893726,0.999999999998181,1.2440855609807622
2011-03-17,0.01393351253084174,126427.80953089018,0.999999999998181,1.261420042734127
2011-03-18,0.005772888094890849,127157.66312739417,0.999999999998181,1.2687020794814832
2011-03-21,0.01719446456401541,129344.07106008116,0.999999999998181,1.2905167324294202
2011-03-22,-0.003577600127948055,128881.32969490728,0.999999999998181,1.2858997796023615
2011-03-23,0.00260808438247917,129217.46307807772,0.999999999998181,1.289253514734976
2011-03-24,0.00971781309920905,130473.17423342443,0.999999999998181,1.3017822394286689
2011-03-25,0.0021058257212749343,130747.92799966155,0.999999999998181,1.3045235659519565
2011-03-28,-0.0021488001774662147,130466.97682877255,0.999999999998181,1.30172040548193
2011-03-29,0.00691534859748999,131369.20145400416,0.999999999998181,1.3107222558623037
2011-03-30,0.007917453893142135,132409.31104949513,0.999999999998181,1.3210998388898085
2011-03-31,-0.001201740471557855,132250.18942159586,0.999999999998181,1.3195122197464462
2011-04-01,0.004379055499206919,132829.32034085365,0.47906199977842334,1.3252904369885976
2011-04-04,0.001346945748460504,133008.23422915765,0.47906199977842334,1.3270755313081746
2011-04-05,0.002014791169423713,133276.2180449432,0.47906199977842334,1.3297493113698127
2011-04-06,0.0029749589786112196,133672.70932645135,0.47906199977842334,1.3337052610229743
2011-04-07,-0.0025346212924654,133333.899631171,0.47906199977842334,1.3303248232705125
2011-04-08,-0.0029735260014203124,132937.42781374694,0.47906199977842334,1.3263690678181825
2011-04-11,-0.004020915059457897,132402.89770828505,0.47906199977842334,1.3210358504589934
2011-04-12,-0.008002698935667851,131343.3171797156,0.47906199977842334,1.310463998264546
2011-04-13,0.00028229634479348675,131380.3949180685,0.47906199977842334,1.3108339374612394
2011-04-14,0.0024538444467090414,131702.78197054463,0.47906199977842334,1.3140505200392365
2011-04-15,0.004858432636270393,132342.65106475793,0.47906199977842334,1.3204347459715033
2011-04-18,-0.00992095737670795,131029.68526442393,0.47906199977842334,1.3073347691379957
2011-04-19,0.004590375274224456,131631.16069185114,0.47906199977842334,1.3133359263373807
2011-04-20,0.013266572150147926,133377.4549823773,0.47906199977842334,1.3307593921615168
2011-04-21,0.004969164963122719,134040.2295585462,0.47906199977842334,1.3373721551073925
2011-04-25,-0.0008688192119501448,133923.77283193154,0.47906199977842334,1.336210220485508
2011-04-26,0.0074837818430735226,134926.02913140703,0.47906199977842334,1.3462101262721065
2011-04-27,0.0077992716758024105,135978.35388874012,0.47906199977842334,1.3567095847796191
2011-04-28,0.003468253711694569,136449.96131932485,0.47906199977842334,1.3614149978327224
2011-04-29,0.0040179089412257785,136998.20483893968,0.47906199977842334,1.3668850393252334
2011-05-02,-0.003782634875893809,136479.99065138106,0.008869614254592761,1.3617146123041441
2011-05-03,-0.004486922212735389,135867.61554973345,0.008869614254592761,1.3556047047627904
2011-05-04,-0.008022123339597731,134777.66877993644,0.008869614254592761,1.3447298766214444
2011-05-05,-0.010578990270767363,133351.85713319678,0.008869614254592761,1.3305039923398558
2011-05-06,0.005318251298518373,134061.05582055525,0.008869614254592761,1.337579946924801
2011-05-09,0.005667092743953939,134820.79225724272,0.008869614254592761,1.345160136536477
2011-05-10,0.008709429523658496,135995.00444573097,0.008869614254592761,1.3568757139436762
2011-05-11,-0.011184899383269165,134473.91400437822,0.008869614254592761,1.3416991956076145
2011-05-12,0.004724061729433293,135109.1770751334,0.008869614254592761,1.3480374654299958
2011-05-13,-0.008204807236768641,134000.6323213135,0.008869614254592761,1.3369770778782006
2011-05-16,-0.006707892201128773,133101.77052481903,0.008869614254592761,1.3280087797644136
2011-05-17,-0.0008594965249669739,132987.370015586,0.008869614254592761,1.3268673608330803
2011-05-18,0.009267486656636681,134219.82869270665,0.008869614254592761,1.3391640863947278
2011-05-19,0.0021593987761960864,134509.66282652694,0.008869614254592761,1.3420558756840144
2011-05-20,-0.005859437953749991,133721.51180301508,0.008869614254592761,1.3341921825499783
2011-05-23,-0.010834901486392434,132272.65239601795,0.008869614254592761,1.3197363416881345
2011-05-24,-0.0006129620124164514,132191.57428481762,0.008869614254592761,1.318927393444274
2011-05-25,0.003886157057214179,132705.2915041288,0.008869614254592761,1.3240529524422606
2011-05-26,0.004731200889457554,133333.14689732887,0.008869614254592761,1.3303173129485444
2011-05-27,0.004753797585089536,133966.98568906178,0.008869614254592761,1.336641372178242
2011-05-31,0.00969147857347652,135265.32386042055,0.008869614254592761,1.3495954033971296
2011-06-01,-0.02321249848246909,132125.47773557986,0.004160993042788164,1.3182679221438265
2011-06-02,-0.00027470258398198943,132089.18252543604,0.004160993042788164,1.317905790539233
2011-06-03,-0.00940411671863739,130847.00043569744,0.004160993042788164,1.305512050660834
2011-06-06,-0.011423613488668272,129352.25487656842,0.004160993042788164,1.2905983855892857
2011-06-07,0.0005524790366662202,129423.71928573324,0.004160993042788164,1.2913114141420794
2011-06-08,-0.005718546900373878,128683.60367697696,0.004160993042788164,1.2839269892573197
2011-06-09,0.007778013579774035,129684.50649387074,0.004160993042788164,1.2939133908152016
2011-06-10,-0.015244325669350411,127707.55364260919,0.004160993042788164,1.2741885536976811
2011-06-13,0.0006296080773871005,127787.95934992592,0.004160993042788164,1.2749907931032034
2011-06-14,0.014012943286049628,129578.64477693646,0.004160993042788164,1.2928571667771942
2011-06-15,-0.019459941112989654,127057.05198007627,0.004160993042788164,1.2676982424442034
2011-06-16,0.0017725330567053277,127282.26480479847,0.004160993042788164,1.2699452794848627
2011-06-17,0.003414497789794746,127716.86981665452,0.004160993042788164,1.2742815048348242
2011-06-20,0.004946128039960529,128348.57380763066,0.004160993042788164,1.2805842643166907
2011-06-21,0.015279006160784148,130309.6124575653,0.004160993042788164,1.3001503191805885
2011-06-22,-0.006690216189780607,129437.81297861766,0.004160993042788164,1.291452032466058
2011-06-23,-0.002902012316483571,129062.18285113502,0.004160993042788164,1.287704222761694
2011-06-24,-0.01071501464919633,127679.27967122785,0.004160993042788164,1.2739064531509703
2011-06-27,0.00876368788378934,128798.22102749355,0.004160993042788164,1.2850705716995308
2011-06-28,0.013201494756245102,130498.5500670017,0.004160993042788164,1.302035424113227
2011-06-29,0.009086001799229582,131684.26012770733,0.004160993042788164,1.3138657203193802
2011-06-30,0.009901682274094714,132988.1558319911,0.004160993042788164,1.3268752012328073
2011-07-01,0.012953651672059863,134710.83807914835,0.4590322362164443,1.3440630804018716
2011-07-05,0.0005064126432032801,134779.05735072814,0.4590322362164443,1.3447437309390498
2011-07-06,0.0013351945490427397,134959.01361342796,0.4590322362164443,1.3465392254384592
2011-07-07,0.009268498985517848,136209.8810941905,0.4590322362164443,1.3590196228833953
2011-07-08,-0.006198197060908517,135365.6254095258,0.4590322362164443,1.3505961514511224
2011-07-11,-0.016481641692817517,133134.57767400183,0.4590322362164443,1.3283361096112067
2011-07-12,-0.0033467994784531774,132689.0029388784,0.4590322362164443,1.3238904350123495
2011-07-13,0.005097556743907772,133365.39266065188,0.4590322362164443,1.3306390416275418
2011-07-14,-0.006011657240792889,132563.6456321923,0.4590322362164443,1.3226396957980597
2011-07-15,0.005448110537374928,133285.86702683388,0.4590322362164443,1.3298455830618876
2011-07-18,-0.007084024469516392,132341.66668337508,0.4590322362164443,1.320424924410799
2011-07-19,0.013093599877549211,134074.4955140552,0.4590322362164443,1.3377140400393772
2011-07-20,0.0016247606226482691,134292.33447486785,0.4590322362164443,1.3398875051359969
2011-07-21,0.012314851226790324,135946.1245948242,0.4590322362164443,1.356388020422382
2011-07-22,0.0016106374244124755,136165.0845108005,0.4590322362164443,1.358572669730099
2011-07-25,-0.0042854532111548105,135581.5554121365,0.4590322362164443,1.352750570120017
2011-07-26,-0.0020611229595473013,135302.10515538542,0.4590322362164443,1.349962384861402
2011-07-27,-0.01906157828152799,132723.0334863105,0.4590322362164443,1.324229971185248
2011-07-28,-0.0025867861364601286,132379.7073832992,0.4590322362164443,1.3208044714543012
2011-07-29,-0.004534503630039599,131779.43111962604,0.4590322362164443,1.3148152787839191
2011-08-01,-0.002856784525295031,131402.9656800513,0.9044712897139107,1.3110591348418676
2011-08-02,-0.017928485997129595,129047.1094498752,0.9044712897139107,1.2875538295014464
2011-08-03,0.004267801953261818,129597.85695564817,0.9044712897139107,1.2930488542499223
2011-08-04,-0.037659575555808456,124717.25666975608,0.9044712897139107,1.2443531832259458
2011-08-05,-0.0004221021255230717,124664.61325062637,0.9044712897139107,1.2438279391024047
2011-08-08,-0.04739993845212764,118755.51825538838,0.9044712897139107,1.184870571343914
2011-08-09,0.036826113312769415,123128.82242717798,0.9044712897139107,1.2285047492651908
2011-08-10,-0.03019931385973129,119410.41647352051,0.9044712897139107,1.191404748763961
2011-08-11,0.03163200595468707,123187.60747846257,0.9044712897139107,1.2290912708713049
2011-08-12,0.004683139469022546,123764.5122251394,0.9044712897139107,1.2348472767129532
2011-08-15,0.017685141555028983,125953.3051433301,0.9044712897139107,1.2566857256004638
2011-08-16,-0.005231479402361017,125294.38302181348,0.9044712897139107,1.250111400111744
2011-08-17,0.0008565319461255605,125401.70166354177,0.9044712897139107,1.2511821604621556
2011-08-18,-0.0313025971523091,121476.30271415388,0.9044712897139107,1.212016909329053
2011-08-19,-0.01092665014248484,120148.97365379374,0.9044712897139107,1.1987736245940388
2011-08-22,0.0038248232627728918,120608.52224322305,0.9044712897139107,1.2033587218401844
2011-08-23,0.020228141109293052,123048.20845014228,0.9044712897139107,1.2277004318706664
2011-08-24,0.006710282510773435,123873.89669128727,0.9044712897139107,1.2359386486071169
2011-08-25,-0.011385789944279412,122463.4945239809,0.9044712897139107,1.2218665107700597
2011-08-26,0.01480224675209163,124276.22938804829,0.9044712897139107,1.2399528803605955
2011-08-29,0.01976081025182963,126732.02837579836,0.9044712897139107,1.2644553539506107
2011-08-30,0.005528608677895175,127432.68016764405,0.9044712897139107,1.271446032793273
2011-08-31,0.0025325468399757245,127755.40939911225,0.9044712897139107,1.2746660294258232
2011-09-01,-0.00837527284149231,126685.42298841814,0.14477195386325548,1.2639903536476003
2011-09-02,-0.017336123695979033,124489.1888250135,0.14477195386325548,1.2420776605262411
2011-09-06,-0.005993832818900535,123743.02143943582,0.14477195386325548,1.2346328546809557
2011-09-07,0.018882784630365634,126079.6342627874,0.14477195386325548,1.2579461609734697
2011-09-08,-0.005585841349860399,125375.37342834704,0.14477195386325548,1.250919473291606
2011-09-09,-0.021417369088915228,122690.16278097156,0.14477195386325548,1.2241280692316083
2011-09-12,0.0027443215493236917,123026.86403858142,0.14477195386325548,1.2274874702711327
2011-09-13,0.008342159005968464,124053.17370039693,0.14477195386325548,1.2377273659259684
2011-09-14,0.010211473534253557,125319.93940047869,0.14477195386325548,1.2503663861657428
2011-09-15,0.012125852194793563,126839.55046270938,0.14477195386325548,1.2655281441537267
2011-09-16,0.005661550528460957,127557.65898666129,0.14477195386325548,1.2726929956870425
2011-09-19,-0.009484083037447633,126347.89155676936,0.14477195386325548,1.2606226696347687
2011-09-20,0.0004770856075604346,126408.17031737672,0.14477195386325548,1.261224094567016
2011-09-21,-0.024777961670296667,123276.03351844042,0.14477195386325548,1.2299735322941798
2011-09-22,-0.02837044559055424,119778.63751688617,0.14477195386325548,1.195078635118406
2011-09-23,-0.0007683545741485887,119686.60505286479,0.14477195386325548,1.1941603909826455
2011-09-26,0.017618869372690193,121795.34771295197,0.14477195386325548,1.2152001469214093
2011-09-27,0.010748993544135388,123104.52511922421,0.14477195386325548,1.2282623254554998
2011-09-28,-0.01893832478012969,120773.13164061272,0.14477195386325548,1.2050010946208263
2011-09-29,0.007213584831866626,121644.33887111246,0.14477195386325548,1.2136934722393657
2011-09-30,-0.019817925210675824,119233.60046106264,0.14477195386325548,1.1896405857778405
2011-10-03,-0.021088747640303107,116719.11315069457,0.008836992972760527,1.1645525556817093
2011-10-04,0.015360350051383032,118511.95958637621,0.008836992972760527,1.1824404905902128
2011-10-05,0.015973698754217613,120405.033927581,0.008836992972760527,1.2013284387816903
2011-10-06,0.015146971648846819,122228.80556286049,0.008836992972760527,1.2195249265848698
2011-10-07,-0.006165738492753481,121475.17471147828,0.008836992972760527,1.2120056548021532
2011-10-10,0.029401676344289474,125046.74848221117,0.008836992972760527,1.2476406527920945
2011-10-11,0.00014140415158392372,125064.43061158863,0.008836992972760527,1.2478170743600843
2011-10-12,0.007763221925080943,126035.33354136029,0.008836992972760527,1.257504155230247
2011-10-13,-0.002152087360086874,125764.09449312159,0.008836992972760527,1.2547978964325193
2011-10-14,0.014475151920450458,127584.54886704742,0.008836992972760527,1.2729612866128415
2011-10-17,-0.015959338988767002,125548.3838019493,0.008836992972760527,1.2526456659202103
2011-10-18,0.015389290230969799,127480.48431830667,0.008836992972760527,1.2719229936296226
2011-10-19,-0.010757794192176595,126109.07550449132,0.008836992972760527,1.258239907835858
2011-10-20,0.0023246211502643277,126402.23132864936,0.008836992972760527,1.26116483893772
2011-10-21,0.016454031485529486,128482.05762277213,0.008836992972760527,1.2819160849060438
2011-10-24,0.01086481671077033,129877.99162946618,0.008836992972760527,1.2958438682071363
2011-10-25,-0.013269549812975123,128154.56914992981,0.008836992972760527,1.2786486034481233
2011-10-26,0.009289879905121978,129345.10970662531,0.008836992972760527,1.2905270954150083
2011-10-27,0.029513271464718382,133162.50704203072,0.008836992972760527,1.328614771914566
2011-10-28,-0.00015185842354270562,133142.28519363631,0.008836992972760527,1.3284130105698073
2011-10-31,-0.02097094095503771,130350.16619222178,0.008836992972760527,1.3005549397612441
2011-11-01,-0.022576465357712516,127407.32018081102,0.056058084233541194,1.2711930062179226
2011-11-02,0.014022879526390586,129193.93768248681,0.056058084233541194,1.2890187925989067
2011-11-03,0.016159445179141363,131281.64003594435,0.056058084233541194,1.3098486211127918
2011-11-04,-0.005382492951038431,130575.01753385011,0.056058084233541194,1.3027983701427248
2011-11-07,0.007453779521277015,131548.2949255343,0.056058084233541194,1.3125091419544477
2011-11-08,0.009412606452439354,132786.5072551578,0.056058084233541194,1.3248632739728938
2011-11-09,-0.03050925722444342,128735.28954937478,0.056058084233541194,1.2844426795600365
2011-11-10,0.00697404475686958,129633.09522048068,0.056058084233541194,1.2934004402949217
2011-11-11,0.016715394601463984,131799.96356050018,0.056058084233541194,1.3150201390321588
2011-11-14,-0.008017275437037563,130743.28695004414,0.056058084233541194,1.3044772603722865
2011-11-15,0.004027280302183245,131269.82681422075,0.056058084233541194,1.3097307559476299
2011-11-16,-0.01377420370238125,129461.68947970537,0.056058084233541194,1.2916902577199334
2011-11-17,-0.015327953177022402,127477.30676514223,0.056058084233541194,1.2718912899303862
2011-11-18,-0.0005339961000759841,127409.23438048146,0.056058084233541194,1.271212104941843
2011-11-21,-0.0176889558981167,125155.49805251231,0.056058084233541194,1.2487256900803745
2011-11-22,-0.0020318588555016115,124901.1997454796,0.056058084233541194,1.2461884557288923
2011-11-23,-0.01783122901269918,122674.05784885706,0.056058084233541194,1.2239673839818086
2011-11-25,-0.0023992828588704773,122379.72808463221,0.056058084233541194,1.2210307400176044
2011-11-28,0.0250055468735908,125439.90011162979,0.056058084233541194,1.25156328142121
2011-11-29,0.002370040684189112,125737.19777831496,0.056058084233541194,1.2545295373170153
2011-11-30,0.03478245263192381,130110.64590411005,0.056058084233541194,1.298165151524094
2011-12-01,-0.000286122221618168,130073.41835704779,0.018523059412189014,1.2977937176269125
2011-12-02,-0.00023830242540512359,130042.42154597257,0.018523059412189014,1.2974844502363265
2011-12-05,0.008651726782229696,131167.51304728785,0.018523059412189014,1.3087099312039625
2011-12-06,1.6911611650849423e-05,131169.7313013297,0.018523059412189014,1.3087320635980826
2011-12-07,0.0034125922998400338,131617.36011634071,0.018523059412189014,1.3131982325608713
2011-12-08,-0.017084719429276585,129368.71444673097,0.018523059412189014,1.2907626092025468
2011-12-09,0.012797790871523107,131024.34819953801,0.018523059412189014,1.3072815191399023
2011-12-12,-0.011350207897064313,129537.19460789592,0.018523059412189014,1.2924436021176744
2011-12-13,-0.006992587722506105,128631.39441127286,0.018523059412189014,1.283406076853475
2011-12-14,-0.008029665170507183,127598.5273837349,0.018523059412189014,1.2731007557785474
2011-12-15,0.002761072510215401,127950.83617003809,0.018523059412189014,1.276615879278062
2011-12-16,0.0017018327619473528,128168.58709495081,0.018523059412189014,1.2787884660058395
2011-12-19,-0.008147962108484896,127124.2743038031,0.018523059412189014,1.2683689460400562
2011-12-20,0.023048716315040352,130054.32563898683,0.018523059412189014,1.2976032220601403
2011-12-21,0.0012183973691957117,130212.78348719788,0.018523059412189014,1.299184218412158
2011-12-22,0.007205335389549594,131151.01026422996,0.018523059412189014,1.3085452764386276
2011-12-23,0.00674507800114843,132035.63405839162,0.018523059412189014,1.3173715163962405
2011-12-27,0.0006697708197791474,132124.06767325496,0.018523059412189014,1.318253853396731
2011-12-28,-0.009897136784351446,130816.41770298785,0.018523059412189014,1.305206914693165
2011-12-29,0.008389717898424243,131913.93054399834,0.018523059412189014,1.3161572325065134
2011-12-30,-0.0035864100400407883,131440.8330990741,0.018523059412189014,1.3114369529935799
2012-01-03,0.01206951700828185,133027.2604697461,0.023246408912370953,1.327265363603025
2012-01-04,0.000939555413266735,133152.2469524325,0.023246408912370953,1.3285124029602398
2012-01-05,0.0021498037301628248,133438.4981496104,0.023246408912370953,1.331368443879691
2012-01-06,-0.0016731526697101318,133215.23517018926,0.023246408912370953,1.3291408612134459
2012-01-09,0.0019826952981960577,133479.36039060928,0.023246408912370953,1.3317761425496142
2012-01-10,0.006738658588819169,134378.83222893556,0.023246408912370953,1.3407505272909908
2012-01-11,0.0009895213683912552,134511.80295488556,0.023246408912370953,1.342077228587427
2012-01-12,0.0017155009925056142,134742.5580863584,0.023246408912370953,1.344379563405088
2012-01-13,-0.003706158822771144,134243.18076590387,0.023246408912370953,1.339397079225021
2012-01-17,0.0032025866469795883,134673.10618407282,0.023246408912370953,1.3436866144259505
2012-01-18,0.008548162873276421,135824.31383038432,0.023246408912370953,1.3551726664567048
2012-01-19,0.0036495615668226122,136320.01302597974,0.023246408912370953,1.3601184525366137
2012-01-20,0.0026637868374115303,136683.14048235412,0.023246408912370953,1.3637415181678012
2012-01-23,-0.002289124415553734,136370.2557682814,0.023246408912370953,1.360619744162059
2012-01-24,-0.0008061795753068202,136260.31685340166,0.023246408912370953,1.3595228403145565
2012-01-25,0.0072020127524896616,137241.66539303813,0.023246408912370953,1.3693141411478027
2012-01-26,-0.003615834122930206,136745.4222962222,0.023246408912370953,1.3643629283512297
2012-01-27,-6.868437363605207e-05,136736.0300225442,0.023246408912370953,1.3642692179380838
2012-01-30,-0.0023907732816303984,136409.1251753301,0.023246408912370953,1.3610075595428865
2012-01-31,4.5835850368547426e-05,136415.37760358053,0.023246408912370953,1.3610699424817363
2012-02-01,0.006779471331148201,137340.20174517177,0.01338019765057652,1.3702972771364788
2012-02-02,0.0017213022818030055,137576.605747819,0.01338019765057652,1.372655972966362
2012-02-03,0.01180362062270568,139200.5078086258,0.01338019765057652,1.388858283316748
2012-02-06,-0.00034783372226099285,139152.08917785413,0.01338019765057652,1.388375191570369
2012-02-07,0.0016058079897245392,139375.5407144428,0.01338019765057652,1.390604655545728
2012-02-08,0.002961185801645172,139788.25758670302,0.01338019765057652,1.394722494307432
2012-02-09,0.0015126128323548205,139999.7030989412,0.01338019765057652,1.396832169449895
2012-02-10,-0.006089923581326873,139147.1156056602,0.01338019765057652,1.3883255682820062
2012-02-13,0.006836861813744877,140098.44520683726,0.01338019765057652,1.397817358344839
2012-02-14,-0.0005465583760162485,140021.87322814262,0.01338019765057652,1.3970533695594949
2012-02-15,-0.004367388615198586,139410.34329312725,0.01338019765057652,1.390951894578456
2012-02-16,0.009812794703140781,140778.3483713571,0.01338019765057652,1.4046010199618992
2012-02-17,0.0017002006025292893,141017.69980408117,0.01338019765057652,1.4069891234623517
2012-02-21,0.0002927261335046172,141058.97937010054,0.01338019765057652,1.407400985948346
2012-02-22,-0.0026756728292868237,140681.55169167303,0.01338019765057652,1.4036352413703324
2012-02-23,0.004348714898113171,141293.33565140428,0.01338019765057652,1.4097392508559963
2012-02-24,0.002185781897823702,141602.17206675425,0.01338019765057652,1.4128206333911688
2012-02-27,0.0018101112493325022,141858.4877513422,0.01338019765057652,1.4153779959129593
2012-02-28,0.0034176037562558825,142343.303851938,0.01338019765057652,1.4202151970683137
2012-02-29,-0.003987684218003107,141775.6837056292,0.01338019765057652,1.4145518273407962
2012-03-01,0.004617252745070299,142430.29787040324,0.04426593984589999,1.4210831706486298
2012-03-02,-0.0021159547639538756,142128.921803093,0.04426593984589999,1.4180762229437212
2012-03-05,-0.004496290671451408,141489.8688578463,0.04426593984589999,1.4117001400510922
2012-03-06,-0.012250867168918433,139756.49526872113,0.04426593984589999,1.3944055891529827
2012-03-07,0.006140845262039507,140614.7182805313,0.04426593984589999,1.402968418108494
2012-03-08,0.008721541905150287,141841.09543849586,0.04426593984589999,1.4152044659586298
2012-03-09,0.0034329195126066026,142328.02450271617,0.04426593984589999,1.4200627489841473
2012-03-12,7.569088302283866e-05,142338.79743656967,0.04426593984589999,1.4201702347875655
2012-03-13,0.01556739163136589,144554.64124060242,0.04426593984589999,1.4422785810157126
2012-03-14,-0.0016276605330827199,144319.35535618116,0.04426593984589999,1.4399310410916828
2012-03-15,0.004904143565149344,145027.1181940777,0.04426593984589999,1.4469926696411115
2012-03-16,0.001012488137019707,145173.95643079534,0.04426593984589999,1.4484577325534775
2012-03-19,0.003271209639231998,145648.8508764372,0.04426593984589999,1.4531959414502265
2012-03-20,-0.002111445049775007,145341.32133124874,0.04426593984589999,1.4501275980732984
2012-03-21,-0.0008137095581043363,145223.05570889398,0.04426593984589999,1.4489476153862753
2012-03-22,-0.005870054674012692,144370.58843195558,0.04426593984589999,1.4404422136641775
2012-03-23,0.0028870553818127753,144787.39431626353,0.04426593984589999,1.4446008501093268
2012-03-26,0.012914978692430745,146657.32042879064,0.04426593984589999,1.4632578393075562
2012-03-27,-0.0018152532972381952,146391.10024431816,0.04426593984589999,1.4606016556900434
2012-03-28,-0.004546470075790121,145725.53748769537,0.04426593984589999,1.453961073969799
2012-03-29,-0.0013602378536844428,145527.3160953561,0.04426593984589999,1.4519833410792018
2012-03-30,0.0026391611040210705,145911.38612756753,0.04426593984589999,1.4558153590366645
2012-04-02,0.007137391687153771,146952.8128419755,0.9918863688944839,1.4662060834782833
2012-04-03,-0.0032818228350888212,146470.53974511017,0.9918863688944839,1.4613942548725782
2012-04-04,-0.009321111918417335,145105.271451395,0.9918863688944839,1.4477724354659787
2012-04-05,0.00024678722984394774,145141.08157937226,0.9918863688944839,1.448129727214772
2012-04-09,-0.009709212541264112,143731.87596984918,0.9918863688944839,1.4340695279059208
2012-04-10,-0.01501151732279471,141574.24242389,0.9918863688944839,1.412541968345669
2012-04-11,0.0069330796349091894,142555.78792086677,0.9918863688944839,1.422335234299861
2012-04-12,0.011544229015246543,144201.48458407418,0.9918863688944839,1.438754997981073
2012-04-13,-0.011041318301218794,142609.31009327312,0.9918863688944839,1.4228692460908945
2012-04-16,-0.0016219343206033132,142378.00715879528,0.9918863688944839,1.4205614456269287
2012-04-17,0.01384404325418953,144349.09444834696,0.9918863688944839,1.440227759725422
2012-04-18,-0.002954824958018354,143922.56814140364,0.9918863688944839,1.4359721387957545
2012-04-19,-0.006233157404699319,143025.4761200897,0.9918863688944839,1.4270214984258778
2012-04-20,0.0010394642588256175,143174.14599061807,0.9918863688944839,1.4285048362700674
2012-04-23,-0.007603482426330466,142085.52388767354,0.9918863688944839,1.41764322485156
2012-04-24,0.002503518183051945,142441.23758027478,0.9918863688944839,1.4211923204420562
2012-04-25,0.013534071105878676,144369.04741809558,0.9918863688944839,1.4404268383620478
2012-04-26,0.006178365317042411,145261.012133518,0.9918863688944839,1.449326321581921
2012-04-27,0.0018866771045495945,145535.072759294,0.9918863688944839,1.4520607323698707
2012-04-30,-0.0036545461122656775,145003.20812494322,0.9918863688944839,1.4467541094656147
2012-05-01,0.005119986496304962,145745.62259246383,0.006625212273320358,1.4541614709695523
2012-05-02,-0.0021067181177484295,145438.57764876576,0.006625212273320358,1.4510979626525289
2012-05-03,-0.0071840047514003524,144393.74621590012,0.006625212273320358,1.4406732679940857
2012-05-04,-0.01540563688035268,142169.26859390415,0.006625212273320358,1.4184787787641377
2012-05-07,0.0006971478976205425,142268.38160061065,0.006625212273320358,1.4194676682625726
2012-05-08,-0.003572886887220905,141760.07276552368,0.006625212273320358,1.4143960708438033
2012-05-09,-0.005044952587025753,141044.8999196883,0.006625212273320358,1.4072605097271207
2012-05-10,0.0014458289864083262,141248.82672437723,0.006625212273320358,1.4092951677635117
2012-05-11,-0.0024225410457268115,140906.64564397666,0.006625212273320358,1.4058810923740601
2012-05-14,-0.009753820816063352,139532.26747057278,0.006625212273320358,1.3921683801103522
2012-05-15,-0.004903804360449904,138848.02852892713,0.006625212273320358,1.3853414587374866
2012-05-16,-0.0037189950408614836,138331.65339939465,0.006625212273320358,1.380189380722542
2012-05-17,-0.013899456805583577,136408.9185581248,0.006625212273320358,1.361005498041664
2012-05-18,-0.008083692293779587,135306.23083437368,0.006625212273320358,1.3500035483853527
2012-05-21,0.01639815813727652,137525.00380455458,0.006625212273320358,1.3721411200576603
2012-05-22,0.001230398934199739,137694.21442266152,0.006625212273320358,1.3738294010293508
2012-05-23,0.0006108683636434353,137778.32746210907,0.006625212273320358,1.374668629947483
2012-05-24,0.0009644697024357995,137911.21048459856,0.006625212273320358,1.3759944561919564
2012-05-25,-0.002712018830053231,137537.1926848889,0.006625212273320358,1.372262733316715
2012-05-29,0.010895942209614429,139035.78998805606,0.006625212273320358,1.3872148287553414
2012-05-30,-0.012400362670041853,137311.6957680884,0.006625212273320358,1.3700128617775154
2012-05-31,-0.0021785678419270482,137012.55292336756,0.006625212273320358,1.3670281958138204
2012-06-01,-0.02177167314757955,134029.56040400456,0.8421333683309058,1.3372657047510363
2012-06-04,-0.0009551233352305122,133901.545643252,0.8421333683309058,1.3359884510710252
2012-06-05,0.0057162392472942525,134666.95891373133,0.8421333683309058,1.3436252806889692
2012-06-06,0.017305894298113245,136997.49107014074,0.8421333683309058,1.3668779177728454
2012-06-07,0.0007222836927747167,137096.44212389176,0.8421333683309058,1.3678651914028668
2012-06-08,0.006466587294896131,137982.98823470558,0.8421333683309058,1.3767106110707232
2012-06-11,-0.009966039551750239,136607.84431648982,0.8421333683309058,1.3629902586694782
2012-06-12,0.00872510907474977,137799.76265861763,0.8421333683309058,1.3748824973441909
2012-06-13,-0.004638312946553702,137160.60423544614,0.8421333683309058,1.368505362056769
2012-06-14,0.008260591815778984,138293.63200024076,0.8421333683309058,1.379810026250425
2012-06-15,0.008667091829824836,139492.23560826684,0.8421333683309058,1.3917689664556503
2012-06-18,0.001558777290972202,139709.67293739994,0.8421333683309058,1.3939384243148412
2012-06-19,0.007439411711392507,140749.03071444525,0.8421333683309058,1.4043085061536489
2012-06-20,-0.0015051646621971893,140537.18024717536,0.8421333683309058,1.4021947906153636
2012-06-21,-0.017909748401061187,138020.19470795387,0.8421333683309058,1.3770818347061637
2012-06-22,0.005759983069282937,138815.1886926908,0.8421333683309058,1.3850138027590881
2012-06-25,-0.012391322005286143,137095.08499037512,0.8421333683309058,1.3678516507473346
2012-06-26,0.003823631189243226,137619.28603323628,0.8421333683309058,1.37308181098139
2012-06-27,0.007370424260097819,138633.598557673,0.8421333683309058,1.3832020064721462
2012-06-28,-0.001966920937984007,138360.91722996184,0.8421333683309058,1.3804813574841548
2012-06-29,0.01958840382240057,141071.18674990008,0.8421333683309058,1.4075227837838502
2012-07-02,0.0028583128933437063,141474.4123418666,0.04341520580021552,1.4115459243044146
2012-07-03,0.005023145424865483,142185.0588889572,0.04341520580021552,1.4186363247560718
2012-07-05,-0.0033476346007919044,141709.0752661049,0.04341520580021552,1.413887248709378
2012-07-06,-0.007253363036481053,140681.20789763582,0.04341520580021552,1.4036318112018378
2012-07-09,-0.0007222745889186033,140579.597436033,0.04341520580021552,1.402618003612409
2012-07-10,-0.006911457032676149,139607.98758868294,0.04341520580021552,1.3929238695471837
2012-07-11,2.4892630044126562e-05,139611.46279866918,0.04341520580021552,1.3929585430857478
2012-07-12,-0.0036249521563341824,139105.37792554818,0.04341520580021552,1.3879091350113053
2012-07-13,0.013285733650562515,140953.49492602784,0.04341520580021552,1.406348526110248
2012-07-16,-0.0016808578803303442,140716.57213332132,0.04341520580021552,1.4039846541076444
2012-07-17,0.005218100362281541,141450.84532934922,0.04341520580021552,1.4113107869398813
2012-07-18,0.00602034429874454,142302.42811958038,0.04341520580021552,1.4198073637897917
2012-07-19,0.0019718385933218396,142583.02553926996,0.04341520580021552,1.4226069947447948
2012-07-20,-0.0069519159687728704,141591.80032714756,0.04341520580021552,1.4127171504607405
2012-07-23,-0.007912764781370707,140471.41771618804,0.04341520580021552,1.4015386519465363
2012-07-24,-0.006627792767832652,139540.4022697615,0.04341520580021552,1.392249544205327
2012-07-25,0.0002566138836279652,139576.21027431093,0.04341520580021552,1.392606814767845
2012-07-26,0.01278437111685471,141360.60434554185,0.04341520580021552,1.4104104171076979
2012-07-27,0.014009009651968274,143340.92641622663,0.04341520580021552,1.4301688702541964
2012-07-30,0.00031970955371307674,143386.75387984,0.04341520580021552,1.4306261089054397
2012-07-31,-0.005477424789760321,142601.3637196153,0.04341520580021552,1.4227899619916426
2012-08-01,-0.0010510519942327212,142451.4822718975,0.013096338000366359,1.421294535764717
2012-08-02,-0.005274757125610763,141700.08530073,0.013096338000366359,1.4137975522846005
2012-08-03,0.015287155222195592,143866.2764997206,0.013096338000366359,1.4354104949191355
2012-08-06,0.0016379403239428214,144101.92087525502,0.013096338000366359,1.4377616116501744
2012-08-07,0.0034751900289489157,144602.7024338331,0.013096338000366359,1.4427581064669865
2012-08-08,0.0008140926650337388,144720.42243322852,0.013096338000366359,1.4439326452588792
2012-08-09,0.0006126615327366469,144809.08706905477,0.013096338000366359,1.4448172872464922
2012-08-10,0.0015956569291275535,145040.15269223714,0.013096338000366359,1.4471227199622103
2012-08-13,-0.0004627707229912792,144973.032355913,0.013096338000366359,1.4464530339348363
2012-08-14,-0.0003679019699007746,144919.69649172676,0.013096338000366359,1.4459208810142827
2012-08-15,0.0004225871398173542,144980.9376917704,0.013096338000366359,1.4465319085837927
2012-08-16,0.005696843614452662,145806.87142087714,0.013096338000366359,1.4547725746503104
2012-08-17,0.0011947637988773963,145981.0761924784,0.013096338000366359,1.4565106842581024
2012-08-20,0.00011074211889461338,145997.24244617447,0.013096338000366359,1.45667198133747
2012-08-21,-0.002354508296935287,145653.49072750527,0.013096338000366359,1.4532422350714975
2012-08-22,0.0010914144503659795,145812.4590520315,0.013096338000366359,1.4548283246467368
2012-08-23,-0.006407798221426453,144878.12223625608,0.013096338000366359,1.4455060782955844
2012-08-24,0.004806237763814503,145574.4409384985,0.013096338000366359,1.452453524196912
2012-08-27,0.0004242766734958714,145636.2047780459,0.013096338000366359,1.4530697663465657
2012-08-28,-0.0007586551678179232,145525.71711866965,0.013096338000366359,1.4519673874591268
2012-08-29,0.0005611417212756376,145607.3776700635,0.013096338000366359,1.4527821469381619
2012-08-30,-0.005611818386185408,144790.2555108904,0.013096338000366359,1.4446293973748523
2012-08-31,0.004464018330762931,145436.60186560685,0.013096338000366359,1.4510782494858927
2012-09-04,-0.001007140787616101,145290.1267318557,0.011502308549381723,1.4496168093948127
2012-09-05,-0.0008204968445523209,145170.9166413276,0.011502308549381723,1.4484274033768942
2012-09-06,0.017777852160198115,147751.74373533757,0.011502308549381723,1.4741773316189084
2012-09-07,0.0031058926202514048,148210.64478583442,0.011502308549381723,1.4787559681141251
2012-09-10,-0.005797893358743922,147351.33527273548,0.011502308549381723,1.4701822987073934
2012-09-11,0.0018968602847462268,147630.84016851865,0.011502308549381723,1.4729710291211484
2012-09-12,0.0024892062179584507,147998.32377382857,0.011502308549381723,1.4766375577657094
2012-09-13,0.013873768733590808,150051.61829082578,0.011502308549381723,1.4971240857454855
2012-09-14,0.0035531264277908203,150584.7706613077,0.011502308549381723,1.50244355690023
2012-09-17,-0.0024982998824152336,150208.56474647103,0.011502308549381723,1.4986900023386907
2012-09-18,-0.00033342428726834683,150158.48156282885,0.011502308549381723,1.4981903026928247
2012-09-19,0.0008466991061888418,150285.62061495477,0.011502308549381723,1.4994588190830156
2012-09-20,8.772803623324776e-06,150286.93904119183,0.011502308549381723,1.4994719735407767
2012-09-21,-0.00010320532916840985,150271.42862817837,0.011502308549381723,1.4993172200421685
2012-09-24,-0.0015842449861384056,150033.36187081432,0.011502308549381723,1.4969419342536856
2012-09-25,-0.009603079514247326,148592.57956697905,0.011502308549381723,1.4825666818308365
2012-09-26,-0.004919392567708569,147861.5943354406,0.011502308549381723,1.4752733543151053
2012-09-27,0.008718821896147588,149150.77324173175,0.011502308549381723,1.4881359999395112
2012-09-28,-0.004540401756114698,148473.56880897912,0.011502308549381723,1.4813792646320483
2012-10-01,0.001847541929847596,148747.87995282782,0.43006813359170337,1.4841161749374627
2012-10-02,0.0009123325474358346,148883.58748507086,0.43006813359170337,1.485470182428034
2012-10-03,0.003161923513192777,149354.3460010684,0.43006813359170337,1.490167125526
2012-10-04,0.007112288535805034,150416.59720390444,0.43006813359170337,1.5007656240893121
2012-10-05,-0.0006291511812889228,150321.96242408815,0.43006813359170337,1.4998214156240786
2012-10-08,-0.0036957046887754474,149766.41684273153,0.43006813359170337,1.4942785185860308
2012-10-09,-0.009701633913232421,148313.43789402678,0.43006813359170337,1.4797815754343018
2012-10-10,-0.005358782095654213,147518.65849849535,0.43006813359170337,1.4718517484223856
2012-10-11,0.001088025119468261,147679.16250453197,0.43006813359170337,1.4734531600968024
2012-10-12,-0.004164295467743995,147064.1828374341,0.43006813359170337,1.4673172657802782
2012-10-15,0.006326380164775713,147994.5667666858,0.43006813359170337,1.4766000726259434
2012-10-16,0.009490546100039854,149399.11602514045,0.43006813359170337,1.4906138136865221
2012-10-17,0.00460411778847214,150086.96715281383,0.43006813359170337,1.4974767752618585
2012-10-18,-0.0030618414703661445,149627.42465262386,0.43006813359170337,1.4928917387704517
2012-10-19,-0.016447121778338847,147166.48417798293,0.43006813359170337,1.468337966541018
2012-10-22,0.00044462701012593087,147231.91837183374,0.43006813359170337,1.4689908292609357
2012-10-23,-0.01289959295416454,145332.6865549763,0.43006813359170337,1.450041445510069
2012-10-24,-0.002876352431568474,144914.65852861753,0.43006813359170337,1.445870615272401
2012-10-25,0.0034267262020679645,145411.24138606127,0.43006813359170337,1.450825217994555
2012-10-26,-0.0009832398097342487,145268.2672647476,0.43006813359170337,1.4493987088832565
2012-10-31,0.0011315074131030833,145432.63938604633,0.43006813359170337,1.4510387142669
2012-11-01,0.009854615954816293,146865.8221944911,0.999999999998181,1.4653381435315707
2012-11-02,-0.00895443673448415,145550.72148119254,0.999999999998181,1.4522168658306909
2012-11-05,0.0015164231652964322,145771.4379669722,0.999999999998181,1.4544190411270705
2012-11-06,0.008094692158980399,146951.41288288677,0.999999999998181,1.4661921155351536
2012-11-07,-0.021953465565874075,143725.32010030578,0.999999999998181,1.4340041174137967
2012-11-08,-0.011791135691060606,142030.63534876195,0.999999999998181,1.417095580283831
2012-11-09,0.0008134379564970207,142146.16845854002,0.999999999998181,1.418248299616818
2012-11-12,0.0006551630277480402,142239.2973726501,0.999999999998181,1.4191774834668933
2012-11-13,-0.003644247603245221,141720.94215411253,0.999999999998181,1.4140056493241897
2012-11-14,-0.013164125114473624,139855.30994025472,0.999999999998181,1.3953915020439136
2012-11-15,-0.0012123336878262503,139685.75863659277,0.999999999998181,1.3936998219182792
2012-11-16,0.004378977439327469,140297.43942225774,0.999999999998181,1.3998028019956539
2012-11-19,0.020384603306379923,143157.34706978133,0.999999999998181,1.4283372268214944
2012-11-20,0.0005091656661033728,143230.23787575972,0.999999999998181,1.4290644870970093
2012-11-21,0.0018933369554521295,143501.42097826808,0.999999999998181,1.4317701877021543
2012-11-23,0.014410236932731246,145569.31045474854,0.999999999998181,1.4524023353401634
2012-11-26,-0.0021471928222979164,145256.74507619324,0.999999999998181,1.4492837474706322
2012-11-27,-0.005187984966752435,144503.15526641856,0.999999999998181,1.441764885176196
2012-11-28,0.008052817993678296,145666.81287529127,0.999999999998181,1.4533751553861964
2012-11-29,0.005090915652061989,146408.39033294408,0.999999999998181,1.4607741657130702
2012-11-30,0.00033790686079493426,146457.86273251552,0.999999999998181,1.4612677713257365
2012-12-03,-0.004330177711859617,145823.6741595846,0.00783895960015002,1.454940222191283
2012-12-04,-0.0010063783297914464,145676.92037393982,0.00783895960015002,1.453476001880528
2012-12-05,0.0017970632535437847,145938.71101443324,0.00783895960015002,1.456087990193415
2012-12-06,0.0031972843875276435,146405.3185766956,0.00783895960015002,1.460743517591327
2012-12-07,0.002722836889264224,146803.9563789007,0.00783895960015002,1.4647208839267782
2012-12-10,0.00043743868117229745,146868.17410796997,0.00783895960015002,1.4653616094985287
2012-12-11,0.006679190014591718,147849.13454993325,0.00783895960015002,1.4751490381284573
2012-12-12,0.0008164467653426488,147969.84549759526,0.00783895960015002,1.4763534187890357
2012-12-13,-0.005833026443189948,147106.73347601306,0.00783895960015002,1.4677418102577455
2012-12-14,-0.0029608491163968242,146671.1726341846,0.00783895960015002,1.463396048215745
2012-12-17,0.011054588487796169,148292.56209067802,0.00783895960015002,1.4795732893234375
2012-12-18,0.01093033379871855,149913.44929419633,0.00783895960015002,1.4957455192554105
2012-12-19,-0.0064216578974342076,148950.75640860465,0.00783895960015002,1.4861403532291322
2012-12-20,0.00605796394802649,149853.09472095926,0.00783895960015002,1.4951433379107018
2012-12-21,-0.00878733897661188,148536.28478095186,0.00783895960015002,1.4820050065818573
2012-12-24,-0.0030581133611289335,148082.04398385077,0.00783895960015002,1.4774728672699695
2012-12-26,-0.003841791525074356,147513.14364225793,0.00783895960015002,1.4717967245299644
2012-12-27,-0.0008204101529389884,147392.12236152188,0.00783895960015002,1.4705892475540976
2012-12-28,-0.010722525969004137,145811.70650187382,0.00783895960015002,1.4548208161574605
2012-12-31,0.016757884792500954,148255.20228083018,0.00783895960015002,1.4792005357883595
2013-01-02,0.02445721952608637,151881.1123088968,0.999999999998181,1.51537766801524
2013-01-03,-0.0030389192099093965,151419.55787907887,0.999999999998181,1.5107725577096407
2013-01-04,0.004814616185904175,152148.58493330595,0.999999999998181,1.5180463477192094
2013-01-07,-0.00306658103928803,151682.00896759497,0.999999999998181,1.5133911355725334
2013-01-08,-0.0029029082260229044,151241.69001602326,0.999999999998181,1.5089978999958897
2013-01-09,0.00299589283874524,151694.79391206198,0.999999999998181,1.513518695998169
2013-01-10,0.007959902895940951,152902.26974142177,0.999999999998181,1.5255661578495054
2013-01-11,-3.7821881767263754e-05,152896.48668985366,0.999999999998181,1.5255084580666551
2013-01-14,-0.00034921156445644197,152843.0934685368,0.999999999998181,1.5249757328714222
2013-01-15,0.000840838875832306,152971.60988342762,0.999999999998181,1.5262579917523214
2013-01-16,-0.0010119176468833535,152816.81521191442,0.999999999998181,1.5247135443567703
2013-01-17,0.006929751873732126,153875.79782346697,0.999999999998181,1.5352794308976816
2013-01-18,0.0020150834072354407,154185.87039043615,0.999999999998181,1.5383731470043533
2013-01-22,0.005099702256210259,154972.172421542,0.999999999998181,1.5462183920130246
2013-01-23,0.0008617828239847469,155105.72477793047,0.999999999998181,1.5475508964653908
2013-01-24,0.0011128785008507336,155278.3386043947,0.999999999998181,1.5492731325870392
2013-01-25,0.006322041461044536,156260.01469905378,0.999999999998181,1.5590677015657366
2013-01-28,-0.001459051915464471,156032.0232252966,0.999999999998181,1.5567929408494283
2013-01-29,0.0039342176122842965,156645.88715914992,0.999999999998181,1.562917703055998
2013-01-30,-0.004232851518996217,155982.8283777438,0.999999999998181,1.5563021044825514
2013-01-31,-0.001670845986178393,155722.2050950361,0.999999999998181,1.5537017633579957
2013-02-01,0.009883538188732333,157261.2914559265,0.02693876925945915,1.5690578340700452
2013-02-04,-0.012013685094344528,155372.00382284506,0.02693876925945915,1.5502076673567133
2013-02-05,0.009420889179435177,156835.74625244687,0.02693876925945915,1.564812001995992
2013-02-06,0.0010057935616838432,156993.49063626947,0.02693876925945915,1.5663858798328452
2013-02-07,-0.002151435230599019,156655.7293095399,0.02693876925945915,1.56301590206626
2013-02-08,0.005851910143182426,157572.46456087404,0.02693876925945915,1.5721625306775169
2013-02-11,-0.00034989067488244707,157517.33142490595,0.02693876925945915,1.5716124456686333
2013-02-12,0.002167693915571478,157858.7807858328,0.02693876925945915,1.5750192204047457
2013-02-13,0.0014547173661516588,158088.42069564146,0.02693876925945915,1.5773104282166912
2013-02-14,0.0004254617106438374,158155.68126554362,0.02693876925945915,1.5779815134096968
2013-02-15,-0.0012637886149849953,157955.80591616503,0.02693876925945915,1.5759872783383928
2013-02-19,0.008109721594357522,159236.7835263575,0.02693876925945915,1.5887680964019664
2013-02-20,-0.012769307650985717,157203.44004815602,0.02693876925945915,1.5684806277929386
2013-02-21,-0.007359467191737634,156046.50648869333,0.02693876925945915,1.5569374460718206
2013-02-22,0.010488083782098201,157683.1353226505,0.02693876925945915,1.573266736449708
2013-02-25,-0.019762594113562848,154566.90752071494,0.02693876925945915,1.5421749045048827
2013-02-26,0.006600595246218477,155587.14111571887,0.02693876925945915,1.552354176848395
2013-02-27,0.012390012021339603,157514.8676645085,0.02693876925945915,1.5715878637609235
2013-02-28,-0.0014509520418477528,157286.3211456493,0.02693876925945915,1.5693075651410566
2013-03-01,0.0028544714556499873,157735.29045972376,0.07826280020844933,1.5737871087908875
2013-03-04,0.004966788286747237,158518.7282527858,0.07826280020844933,1.5816037761686639
2013-03-05,0.009296273719425985,159992.361740279,0.07826280020844933,1.5963067977876055
2013-03-06,0.0015953225536393667,160247.6011633733,0.07826280020844933,1.598853422024644
2013-03-07,0.0022270139182620774,160604.47480153225,0.07826280020844933,1.6024140908487539
2013-03-08,0.004558938901656262,161336.66078948503,0.07826280020844933,1.6097193987840863
2013-03-11,0.0032712192795603112,161864.42838475946,0.07826280020844933,1.614985143916071
2013-03-12,-0.002428816842683812,161471.28933486718,0.07826280020844933,1.6110626407978434
2013-03-13,0.0012920347639542307,161679.91585406833,0.07826280020844933,1.613144189736662
2013-03-14,0.00634943178758407,162706.49145120606,0.07826280020844933,1.6233867387329326
2013-03-15,-0.0010278295268946191,162539.2569150751,0.07826280020844933,1.6217181739092938
2013-03-18,-0.0060651071761970154,161553.43890154574,0.07826280020844933,1.6118822793749474
2013-03-19,-0.002585032189451719,161135.81806166863,0.07826280020844933,1.6077155117971564
2013-03-20,0.007201012095162662,162296.15903649465,0.07826280020844933,1.6192926906431886
2013-03-21,-0.008551369863680769,160908.30455311883,0.07826280020844933,1.6054455199279438
2013-03-22,0.007635530299255899,162136.92478793606,0.07826280020844933,1.6177039478391584
2013-03-25,-0.004577751752943504,161394.70219627122,0.07826280020844933,1.6102985007561939
2013-03-26,0.007295396275410759,162572.14050554493,0.07826280020844933,1.6220462664409103
2013-03-27,-0.00042010613810594677,162503.84295143353,0.07826280020844933,1.6213648348480867
2013-03-28,0.002940157673004151,162981.62987217985,0.07826280020844933,1.6261319031080044
2013-04-01,-0.0057054949913835085,162051.7389992566,0.08446073766754125,1.6168540156794926
2013-04-02,0.0043872576506318595,162762.7017309793,0.08446073766754125,1.6239475708297373
2013-04-03,-0.010133516448805668,161113.34321573636,0.08446073766754125,1.6074912714087362
2013-04-04,0.004980637131696941,161915.79031536847,0.08446073766754125,1.615497602123993
2013-04-05,-0.004231763312681935,161230.601014168,0.08446073766754125,1.6086611986395993
2013-04-08,0.006565521002847241,162289.16391142822,0.08446073766754125,1.619222897525733
2013-04-09,0.0028949137991396423,162758.97705148626,0.08446073766754125,1.6239104082356632
2013-04-10,0.013018799606296927,164877.90355784545,0.08446073766754125,1.6450517724190634
2013-04-11,0.003549397527155662,165463.12078101627,0.08446073766754125,1.6508907151121306
2013-04-12,-0.0024926729199608033,165050.67534059324,0.08446073766754125,1.6467755845327559
2013-04-15,-0.024361168131412647,161029.84808841784,0.08446073766754125,1.606658207643248
2013-04-16,0.014979222949922377,163441.95008452638,0.08446073766754125,1.630724699139859
2013-04-17,-0.01547275798553338,160913.05234618488,0.08446073766754125,1.6054928905290362
2013-04-18,-0.005801607179098056,159979.49802648267,0.08446073766754125,1.596178451449352
2013-04-19,0.008780660132753804,161384.22362686179,0.08446073766754125,1.6101939519427542
2013-04-22,0.004334941935081771,162083.8148655225,0.08446073766754125,1.617174049228646
2013-04-23,0.011209522885820888,163900.69709767873,0.08446073766754125,1.63530179874383
2013-04-24,0.001889856930622491,164210.44596602264,0.08446073766754125,1.6383922851818458
2013-04-25,0.0044571429921436145,164942.3554044969,0.08446073766754125,1.6456948338741262
2013-04-26,-0.0018807081264572423,164632.14697629065,0.08446073766754125,1.6425997622263904
2013-04-29,0.00725835207118708,165827.10506128,0.08446073766754125,1.6545223296126779
2013-04-30,0.0027287729160712093,166279.6095743217,0.08446073766754125,1.6590371453347597
2013-05-01,-0.010206936906900999,164582.40409049246,0.024585419808943243,1.6421034578661229
2013-05-02,0.009325622752323515,166117.23750271086,0.024585419808943243,1.6574170952344682
2013-05-03,0.010899329583759831,167927.80402379663,0.024585419808943243,1.6754818304131867
2013-05-06,0.0025995106741114604,168364.3341428366,0.024585419808943243,1.6798372633156258
2013-05-07,0.0051345532384443615,169228.80977994823,0.024585419808943243,1.6884624771760426
2013-05-08,0.004959188292722683,170068.04731220033,0.024585419808943243,1.6968358805255552
2013-05-09,-0.0035389206375003868,169466.1899897878,0.024585419808943243,1.6908309130095123
2013-05-10,0.0034187946759296484,170045.56009787496,0.024585419808943243,1.6966115167328064
2013-05-13,0.0005640449372503742,170141.47343515005,0.024585419808943243,1.6975684818693002
2013-05-14,0.009920940474956286,171829.43686542154,0.024585419808943243,1.7144099577300873
2013-05-15,0.004848412775295907,172662.53690229176,0.024585419808943243,1.7227221248712405
2013-05-16,-0.004821845243157985,171829.98487005784,0.024585419808943243,1.7144154253881472
2013-05-17,0.009696605194081442,173496.1523938478,0.024585419808943243,1.7310394349067793
2013-05-20,0.0006136748305023421,173602.6226157609,0.024585419808943243,1.7321017302385884
2013-05-21,0.0013221040651878457,173832.14334884845,0.024585419808943243,1.7343917489774556
2013-05-22,-0.008290269707601605,172391.02799663602,0.024585419808943243,1.7200131735997937
2013-05-23,-0.0036785066361135765,171756.88645614396,0.024585419808943243,1.713686093726504
2013-05-24,-0.0014559583306559265,171506.8155864606,0.024585419808943243,1.7111910381822137
2013-05-28,0.006295217479342252,172586.48828976683,0.024585419808943243,1.7219633579162723
2013-05-29,-0.006984240223976146,171381.10279613864,0.024585419808943243,1.7099367521677002
2013-05-30,0.004101310576994255,172083.9899257334,0.024585419808943243,1.716949733855357
2013-05-31,-0.014555495352615355,169579.22221010987,0.024585419808943243,1.691958679983551
2013-06-03,0.00601955313478264,170600.01334875874,0.1780563871833465,1.702143515159569
2013-06-04,-0.004694866302536238,169799.06909487542,0.1780563871833465,1.6941521789281655
2013-06-05,-0.01472737309861627,167298.37485251747,0.1780563871833465,1.669201767703257
2013-06-06,0.008871304692220194,168782.52971034741,0.1780563871833465,1.684009765177345
2013-06-07,0.012112386617273874,170826.88896444064,0.1780563871833465,1.7044071425204375
2013-06-10,0.0006617415386316328,170939.93221278363,0.1780563871833465,1.7055350195253836
2013-06-11,-0.010593913347176187,169129.00938334924,0.1780563871833465,1.6874667293179573
2013-06-12,-0.007671916943525647,167831.46567061942,0.1780563871833465,1.6745206247256672
2013-06-13,0.015481036120283953,170429.67065278647,0.1780563871833465,1.7004439390012056
2013-06-14,-0.006967398149142379,169242.2192809213,0.1780563871833465,1.6885962690478882
2013-06-17,0.008263792877243992,170640.80192714394,0.1780563871833465,1.702550478868587
2013-06-18,0.008115782459402698,172025.68555428265,0.1780563871833465,1.716368008181236
2013-06-19,-0.014108265363496741,169598.7015331454,0.1780563871833465,1.6921530328603989
2013-06-20,-0.026190981619383602,165156.74505861945,0.1780563871833465,1.6478338838795679
2013-06-21,0.003197354162031818,165684.80966482026,0.1780563871833465,1.6531025924065275
2013-06-24,-0.013132624290119521,163508.9333089122,0.1780563871833465,1.6313930171474298
2013-06-25,0.010087059165438728,165158.257593277,0.1780563871833465,1.6478489750334797
2013-06-26,0.008852397666681222,166620.30416742887,0.1780563871833465,1.6624363894551093
2013-06-27,0.007313410046358548,167838.86677385424,0.1780563871833465,1.674594468447182
2013-06-28,-0.004079384812764708,167154.18744974534,0.1780563871833465,1.667763153205059
2013-07-01,0.007259737870498828,168367.68303458672,0.999999999996362,1.6798706765274043
2013-07-02,-0.0008364759952098622,168226.84750935918,0.999999999996362,1.678465505031432
2013-07-03,0.0005742742531198441,168323.45585656734,0.999999999996362,1.6794294045557214
2013-07-05,0.010051127965671647,170015.2964510058,0.999999999996362,1.696309564410223
2013-07-08,0.004926237328643168,170852.83215082306,0.999999999996362,1.704665987907355
2013-07-09,0.0067026036746591355,171997.9909714231,0.999999999996362,1.7160916884219695
2013-07-10,0.0005727662051511206,172096.50560800542,0.999999999996362,1.7170746077460382
2013-07-11,0.012101620720818218,174179.15224625167,0.999999999996362,1.7378539933983286
2013-07-12,0.0005434212463439891,174273.80489825248,0.999999999996362,1.738798380181385
2013-07-15,0.00395627386545927,174963.2797980056,0.999999999996362,1.7456775427701996
2013-07-16,-0.0035173188221506724,174347.87816078684,0.999999999996362,1.7395374382916082
2013-07-17,0.002454080104812739,174775.74181989755,0.999999999996362,1.7438064025104967
2013-07-18,0.005094580633161927,175666.1509293197,0.999999999996362,1.7526903648367103
2013-07-19,0.0015820012632850045,175944.0550020063,0.999999999996362,1.7554631232080293
2013-07-22,0.0017805246064965807,176257.32772130417,0.999999999996362,1.7585887684946988
2013-07-23,-0.0017720984629301384,175944.98238176908,0.999999999996362,1.755472376041123
2013-07-24,-0.003773726321650739,175281.01417059262,0.999999999996362,1.748847703728726
2013-07-25,0.002846782551555904,175780.0011033525,0.999999999996362,1.7538262928570296
2013-07-26,0.000441163023393365,175857.54874009133,0.999999999996362,1.754600016166893
2013-07-29,-0.003163686223849105,175301.19063578243,0.999999999996362,1.7490490122673805
2013-07-30,6.784977725726726e-05,175313.08478252,0.999999999996362,1.7491676848532747
2013-07-31,0.0007693703955751197,175447.9654799086,0.999999999996362,1.7505134426868973
2013-08-01,0.010598658981648246,177307.47863505414,0.05988116746675587,1.769066537708727
2013-08-02,0.001467525620924004,177567.68190273253,0.05988116746675587,1.7716626881779338
2013-08-05,-0.0008285248461757933,177420.56266639827,0.05988116746675587,1.7701948216217358
2013-08-06,-0.00555476122777776,176435.03380388845,0.05988116746675587,1.7603618120609783
2013-08-07,-0.003321698212559898,175848.96986746913,0.05988116746675587,1.7545144213763968
2013-08-08,0.003344730870050716,176437.13734545148,0.05988116746675587,1.7603827999235238
2013-08-09,-0.00239282395244389,176014.95433711066,0.05988116746675587,1.7561705137943964
2013-08-12,-0.000417345485316134,175941.49529056993,0.05988116746675587,1.755437583959019
2013-08-13,0.0022288779491410615,176333.647409762,0.05988116746675587,1.7593502400809988
2013-08-14,-0.004495297615717653,175540.9751849901,0.05988116746675587,1.7514414371415503
2013-08-15,-0.013035000840966982,173252.7984258296,0.05988116746675587,1.7286113965355059
2013-08-16,-0.0030588149490731187,172722.85017603592,0.05988116746675587,1.723323894154645
2013-08-19,-0.006131995447896332,171663.71444500878,0.05988116746675587,1.7127564798804376
2013-08-20,0.005372119471850345,172585.91242798895,0.05988116746675587,1.721957612316541
2013-08-21,-0.005520998432776536,171633.06587595472,0.05988116746675587,1.712450687037634
2013-08-22,0.008651030041086027,173117.8686848913,0.05988116746675587,1.7272651493750748
2013-08-23,0.002965688388766985,173631.28233793814,0.05988116746675587,1.732387679572898
2013-08-26,-0.0029816145365803015,173113.58078251427,0.05988116746675587,1.7272223672844909
2013-08-27,-0.015184916372393942,170484.86553540613,0.05988116746675587,1.7009946400807476
2013-08-28,0.003027477816873958,171001.0046839273,0.05988116746675587,1.7061443636202136
2013-08-29,0.002283449388191139,171391.4768234529,0.05988116746675587,1.710040257923488
2013-08-30,-0.004088663107083779,170690.71481529623,0.05988116746675587,1.7030484794092882
2013-09-03,0.0036452196434919593,171312.91996190263,1.0,1.70925646518025
2013-09-04,0.008404759432211861,172752.76384181218,1.0,1.7236223545780427
2013-09-05,0.0011439394416663529,172950.38254202768,1.0,1.7255940741719822
2013-09-06,0.0012398529631691968,173164.81558630368,1.0,1.7277335570980716
2013-09-09,0.010593633570714633,174999.26018996537,1.0,1.746036533309796
2013-09-10,0.007989498799908956,176397.41656923806,1.0,1.759986490097272
2013-09-11,0.0028383851096198676,176898.1003698036,1.0,1.7649820095438964
2013-09-12,-0.003347613776167657,176305.91385202776,1.0,1.759073531454059
2013-09-13,0.002706285702592126,176783.04802596796,1.0,1.7638340870020415
2013-09-16,0.005746520009692668,177798.93534882364,1.0,1.7739699948767766
2013-09-17,0.004605213156102295,178617.73734503303,1.0,1.782139504835714
2013-09-18,0.012856971606622913,180914.22052251737,1.0,1.805052421848428
2013-09-19,-0.0018938417492885273,180571.59761865184,1.0,1.8016339382122772
2013-09-20,-0.00677734782793693,179347.80109374397,1.0,1.7894236383543967
2013-09-23,-0.003620789603269614,178698.42044017446,1.0,1.782944511848798
2013-09-24,-0.0017457536030184295,178386.45702883732,1.0,1.7798319300432561
2013-09-25,-0.00244102873019314,177951.01056215257,1.0,1.7754873091671055
2013-09-26,0.004009297488562824,178664.46910188664,1.0,1.7826057659767245
2013-09-27,-0.00431897875505205,177892.82105555295,1.0,1.774906729544838
2013-09-30,-0.0049836983016716685,177006.2569053788,1.0,1.7660611298911795
2013-10-01,0.008054207122893287,178431.90196054277,0.02898297596834709,1.780285352023014
2013-10-02,-0.0012658126131099845,178206.0406084599,0.02898297596834709,1.7780318443694882
2013-10-03,-0.009030576154547054,176596.7373875449,0.02898297596834709,1.7619751923937
2013-10-04,0.007007365475160787,177834.21526814043,0.02898297596834709,1.7743219965249692
2013-10-07,-0.009092487621608303,176217.25986711643,0.02898297596834709,1.7581889957348187
2013-10-08,-0.011598148305494882,174173.46595318968,0.02898297596834709,1.737797259013197
2013-10-09,0.0005133148713512004,174262.87178345825,0.02898297596834709,1.738689296189642
2013-10-10,0.021521797248564845,178013.32197793448,0.02898297596834709,1.7761090147004852
2013-10-11,0.007150603004684619,179286.2245729438,0.02898297596834709,1.78880926515765
2013-10-14,0.0039966065026382225,180002.76106390546,0.02898297596834709,1.7959584318987585
2013-10-15,-0.007306270089155409,178687.61227477886,0.02898297596834709,1.7828366745264101
2013-10-16,0.013265447698656452,181057.98344980774,0.02898297596834709,1.8064868011875868
2013-10-17,0.007434764869409083,182404.10698448643,0.02898297596834709,1.8199176057941076
2013-10-18,0.007132147322393978,183705.0399477095,0.02898297596834709,1.8328975262732496
2013-10-21,-6.662667400902933e-06,183703.81598212846,0.02898297596834709,1.8328853142866521
2013-10-22,0.005844926082740454,184777.55120766137,0.02898297596834709,1.8435983934667983
2013-10-23,-0.005252564775901192,183806.99515081072,0.02898297596834709,1.8339147734843664
2013-10-24,0.003873433914848068,184518.9593996142,0.02898297596834709,1.8410183211649218
2013-10-25,0.0034777957167846374,185160.67864627973,0.02898297596834709,1.8474210067967913
2013-10-28,0.0010842305605922586,185361.43551268804,0.02898297596834709,1.8494240371106405
2013-10-29,0.004729384805888914,186238.0810693995,0.02898297596834709,1.858170675051397
2013-10-30,-0.005554596596744732,185203.60365810714,0.02898297596834709,1.8478492865435858
2013-10-31,-0.003501601353368078,184555.09446888926,0.02898297596834709,1.8413788549810046
2013-11-01,0.0009776762457425203,184735.52960078226,0.05274739166469544,1.843179127346932
2013-11-04,0.004402393863184306,185548.80816260885,0.05274739166469544,1.8512935278259137
2013-11-05,-0.0037361234485200345,184855.5749095876,0.05274739166469544,1.84437686666651
2013-11-06,0.00461602615415635,185708.87307811185,0.05274739166469544,1.8528905585211635
2013-11-07,-0.013485502039665032,183204.49569143308,0.05274739166469544,1.8279033991149503
2013-11-08,0.013205398130423651,185623.78399632193,0.05274739166469544,1.8520415912442176
2013-11-11,0.00039448540281350475,185697.0098695235,0.05274739166469544,1.8527721946173672
2013-11-12,-0.001765903483037401,185369.08687300526,0.05274739166469544,1.8495003777456174
2013-11-13,0.007656260562401096,186788.32090231936,0.05274739166469544,1.8636606345478972
2013-11-14,0.004362263568328917,187603.14078958088,0.05274739166469544,1.8717904134377141
2013-11-15,0.004764021141824504,188496.88611857512,0.05274739166469544,1.8807076625403958
2013-11-18,-0.0034315650770043726,187850.04678704654,0.05274739166469544,1.8742538918055676
2013-11-19,-0.002644518151667108,187353.27392852667,0.05274739166469544,1.869297393367855
2013-11-20,-0.0032239670822654665,186749.25314062645,0.05274739166469544,1.8632708401046725
2013-11-21,0.008837381184378268,188399.6274765281,0.05274739166469544,1.8797372747684142
2013-11-22,0.004792225716615972,189302.481016322,0.05274739166469544,1.8887454000770412
2013-11-25,-0.0009610045111683174,189120.56047808996,0.05274739166469544,1.8869303072271186
2013-11-26,0.0009385165285920039,189298.05324999522,0.05274739166469544,1.8887012225087525
2013-11-27,0.0028491806806685283,189837.39760620327,0.05274739166469544,1.8940824735434794
2013-11-29,-0.0003100212399231861,189778.5439808136,0.05274739166469544,1.8934952677465147
2013-12-02,-0.0037721149483965766,189062.67749817864,0.06406958301607801,1.88635278594233
2013-12-03,-0.004745005426895599,188165.57406742638,0.06406958301607801,1.8774020317359938
2013-12-04,-0.0009210331403208816,187992.2673378428,0.06406958301607801,1.8756728822470594
2013-12-05,-0.003995218236358289,187241.1972030803,0.06406958301607801,1.868179159742463
2013-12-06,0.010944885469246657,189290.5306615926,0.06406958301607801,1.8886261666818778
2013-12-09,0.0020361045243766362,189675.94596749434,0.06406958301607801,1.8924716069647147
2013-12-10,-0.004088825734834267,188900.3940783434,0.06406958301607801,1.8847336203557143
2013-12-11,-0.011438274121313263,186739.69958925122,0.06406958301607801,1.8631755205604306
2013-12-12,-0.0031788073647165405,186146.09005691195,0.06406958301607801,1.8572528444939134
2013-12-13,0.00013351304329556335,186170.94298789304,0.06406958301607801,1.8575008119733514
2013-12-16,0.006895779800363044,187454.7368159635,0.06406958301607801,1.8703097285517152
2013-12-17,-0.0030627588234035663,186880.60816679162,0.06406958301607801,1.864581420928096
2013-12-18,0.016514754802316567,189966.89558797397,0.06406958301607801,1.8953745259036783
2013-12-19,-0.0017141934850002372,189641.25557319133,0.06406958301607801,1.8921254872397388
2013-12-20,0.006855629200601898,190941.3657025377,0.06406958301607801,1.9050971979812625
2013-12-23,0.0063876615016214,192161.03451330282,0.06406958301607801,1.9172663140096542
2013-12-24,0.002308214944145126,192604.58348484882,0.06406958301607801,1.9216917767675574
2013-12-26,0.0046602238704211985,193502.16396235744,0.06406958301607801,1.9306472906572418
2013-12-27,0.0004006880348377262,193579.69796417237,0.06406958301607801,1.9314208779261
2013-12-30,0.00033798577180665923,193645.1251477949,0.06406958301607801,1.9320736707022095
2013-12-31,0.004189844084564243,194456.46802990008,0.06406958301607801,1.9401687581423432
2014-01-02,-0.010020396788951391,192507.93706206244,0.026369491345064944,1.92072749734823
2014-01-03,-0.0008305287200077727,192348.05369150295,0.026369491345064944,1.9191322779983737
2014-01-06,-0.002882746794890312,191793.56295622038,0.026369491345064944,1.9135999055750033
2014-01-07,0.006425539758677656,193025.94012045403,0.026369491345064944,1.9258958178504775
2014-01-08,0.00036745725964637543,193096.86890345137,0.026369491345064944,1.9266035022500692
2014-01-09,6.964357169114699e-05,193110.31685908418,0.026369491345064944,1.9267376777991985
2014-01-10,0.003399077671897288,193766.7138253329,0.026369491345064944,1.933286808819409
2014-01-13,-0.012963540460877443,191254.81119068695,0.026369491345064944,1.908224567050798
2014-01-14,0.011371556552232542,193429.67609202839,0.026369491345064944,1.9299240506293756
2014-01-15,0.005616781286949646,194516.12827704282,0.026369491345064944,1.9407640119221847
2014-01-16,-0.0011961355231118187,194283.46062619248,0.026369491345064944,1.9384425951455475
2014-01-17,-0.004190235977861834,193469.3670795731,0.026369491345064944,1.9303200632423487
2014-01-21,0.0035276086501843107,194151.85129242868,0.026369491345064944,1.9371294769950667
2014-01-22,0.0008788089463063198,194322.4736762864,0.026369491345064944,1.9388318437096037
2014-01-23,-0.007630861405499179,192839.6258116889,0.026369491345064944,1.9240368866216873
2014-01-24,-0.02179354401160205,188636.96693938097,0.026369491345064944,1.8821053040531517
2014-01-27,-0.0053845286504492496,187621.24578636204,0.026369491345064944,1.871971054120315
2014-01-28,0.005696922769355961,188690.10953349728,0.026369491345064944,1.8826355286421081
2014-01-29,-0.009944769030029832,186813.62997593562,0.026369491345064944,1.8639131531420343
2014-01-30,0.010857149822260936,188841.89354542477,0.026369491345064944,1.8841499375013802
2014-01-31,-0.006539693305594896,187606.9254783899,0.026369491345064944,1.8718281747683654
2014-02-03,-0.020560070089428284,183749.71394129205,0.999999999996362,1.8333432562997611
2014-02-04,0.006348835222578009,184916.31059730117,0.999999999996362,1.844982850540433
2014-02-05,-0.0012829029384661128,184679.08091906557,0.999999999996362,1.842615916620055
2014-02-06,0.011808013808428663,186859.77405668583,0.999999999996362,1.8643735508071353
2014-02-07,0.011720291043022746,189049.82499286364,0.999999999996362,1.8862245514355085
2014-02-10,0.0020239968850011003,189432.4612497592,0.999999999996362,1.8900422640520265
2014-02-11,0.009907515866674155,191309.2663652543,0.999999999996362,1.9087678877718066
2014-02-12,0.0006114216942429973,191426.23700101973,0.999999999996362,1.9099349498676648
2014-02-13,0.004886072054729462,192361.55938817243,0.999999999996362,1.9192670296525642
2014-02-14,0.004626288659623112,193251.47948891736,0.999999999996362,1.9281461129466344
2014-02-18,0.0014331048381543976,193528.4291191534,0.999999999996362,1.9309093484697668
2014-02-19,-0.005986087042652244,192369.9510972184,0.999999999996362,1.919350757038356
2014-02-20,0.0052040271793263315,193371.049551214,0.999999999996362,1.929339110544644
2014-02-21,-0.0010709087018713204,193163.96681155963,0.999999999996362,1.927272964502301
2014-02-24,0.005009575724574944,194131.63633056142,0.999999999996362,1.9369277843599015
2014-02-25,-0.00041546977001249985,194050.98050426302,0.999999999996362,1.9361230494188026
2014-02-26,-4.6401816815366814e-05,194041.97618621282,0.999999999996362,1.9360332097917317
2014-02-27,0.004845747832767255,194982.25467178304,0.999999999996362,1.9454147385222453
2014-02-28,0.0019390855461978163,195360.34194358217,0.999999999996362,1.9491870641230742
2014-03-03,-0.006966826531044301,193999.30033021574,1.0,1.9356074159707732
2014-03-04,0.014486661325357142,196809.70249145583,1.0,1.9636479050647915
2014-03-05,0.0007858713304706999,196964.36959420235,1.0,1.965191079656521
2014-03-06,0.0028660172227412684,197528.8728697257,1.0,1.9708233511367939
2014-03-07,-0.0006766373691218242,197395.2174528615,1.0,1.9694898184094767
2014-03-10,-0.0010039566377983977,197197.04121403006,1.0,1.9675125360332082
2014-03-11,-0.005079278294351286,196195.42256288134,1.0,1.9575189923150709
2014-03-12,0.00015807350175944812,196226.43586035504,1.0,1.9578284241969466
2014-03-13,-0.012145739594516813,193843.120668835,1.0,1.9340491499859074
2014-03-14,-0.003176314914559164,193227.4138735699,1.0,1.9279060008253166
2014-03-17,0.009322184295781799,195028.71543669663,1.0,1.945878295869954
2014-03-18,0.007551307059093126,196501.43715229962,1.0,1.9605722203816929
2014-03-19,-0.006032124540932826,195316.11601092466,1.0,1.9487458045768573
2014-03-20,0.004577721118821154,196210.21872003397,1.0,1.9576666194016827
2014-03-21,-0.004482975979417381,195330.61302259582,1.0,1.9488904469711976
2014-03-24,-0.0040224065974412415,194544.91387609148,1.0,1.9410512171796104
2014-03-25,0.005258580949488056,195567.9440540201,1.0,1.9512583921322517
2014-03-26,-0.007019448504935966,194195.1649415167,1.0,1.9375616343288553
2014-03-27,-0.001678277909766157,193869.25148601196,1.0,1.9343098674391506
2014-03-28,0.004859195221810664,194811.30002648878,1.0,1.943709056704512
2014-03-31,0.007831430218042001,196336.9511283323,1.0,1.95893107854627
2014-04-01,0.007767957304631645,197862.08818201875,0.21942606268964937,1.9741479715271335
2014-04-02,0.0031032869497655824,198476.11101812735,0.21942606268964937,1.9802743191640797
2014-04-03,-0.002193259299493322,198040.80144190957,0.21942606268964937,1.9759310640980252
2014-04-04,-0.012389838553647614,195587.10788500932,0.21942606268964937,1.9514495972207135
2014-04-07,-0.010248280543008081,193582.67633280816,0.21942606268964937,1.9314505942828555
2014-04-08,0.004137816256613025,194383.6858779367,0.21942606268964937,1.9394425819507237
2014-04-09,0.0116967257489351,196657.33854171805,0.21942606268964937,1.962127709937608
2014-04-10,-0.021695104447649327,192390.83704165876,0.21942606268964937,1.9195591443308846
2014-04-11,-0.008924219490164753,190673.89898400247,0.21942606268964937,1.902428577202523
2014-04-14,0.007648312385275524,192132.2325271506,0.21942606268964937,1.916978945251643
2014-04-15,0.005341349317781852,193158.4778962834,0.21942606268964937,1.9272181994330653
2014-04-16,0.011031113341301468,195289.23095879058,0.21942606268964937,1.9484775618244303
2014-04-17,0.0015066961127181422,195583.4724839319,0.21942606268964937,1.9514133253925496
2014-04-21,0.003693438961245521,196305.84810137973,0.21942606268964937,1.958620751398048
2014-04-22,0.004835716767399134,197255.12758258206,0.21942606268964937,1.9680920866065592
2014-04-23,-0.0030120726702452805,196660.98080372481,0.21942606268964937,1.9621640502199655
2014-04-24,0.002543332368707185,197161.15504186464,0.21942606268964937,1.9671544855616037
2014-04-25,-0.008632508624527468,195459.15967054394,0.21942606268964937,1.9501730074992152
2014-04-28,0.003147950531054322,196074.45543602825,0.21942606268964937,1.95631205565382
2014-04-29,0.005169378081373521,197088.03842827652,0.21942606268964937,1.9664249723146439
2014-04-30,0.0029614288961266055,197671.70064035893,0.21942606268964937,1.9722484000497214
2014-05-01,0.0007046077509640369,197810.98165277636,0.012225023419262016,1.9736380615592228
2014-05-02,-0.0014725725484119323,197519.69063142006,0.012225023419262016,1.9707317363292696
2014-05-05,0.0019396003063532063,197902.79988387955,0.012225023419262016,1.974554168208794
2014-05-06,-0.008408695194634386,196238.69556149127,0.012225023419262016,1.9579507440630313
2014-05-07,0.004519448772686507,197125.58629330026,0.012225023419262016,1.9667996021502676
2014-05-08,-0.0009681155257327267,196934.74595269054,0.012225023419262016,1.9648955129194208
2014-05-09,0.001418802700579258,197214.1575020861,0.012225023419262016,1.967683311979507
2014-05-12,0.010198337792654888,199225.41409778624,0.012225023419262016,1.987750411064044
2014-05-13,0.000926241020440699,199409.94484863788,0.012225023419262016,1.9895915470331693
2014-05-14,-0.004455676381333928,198521.4386671727,0.012225023419262016,1.980726570968552
2014-05-15,-0.008262230872034704,196881.20870785604,0.012225023419262016,1.964361350744836
2014-05-16,0.00359594426387444,197589.18256097374,0.012225023419262016,1.9714250846762238
2014-05-19,0.0034662403562564226,198274.07415952632,0.012225023419262016,1.978258517864065
2014-05-20,-0.006071231368286911,197070.30638097096,0.012225023419262016,1.966248052695828
2014-05-21,0.008510415145738026,198747.45650117082,0.012225023419262016,1.9829816399037685
2014-05-22,0.0026243912708787676,199269.04759112184,0.012225023419262016,1.9881857596098447
2014-05-23,0.004177891356135888,200101.5720225982,0.012225023419262016,1.996492183709311
2014-05-27,0.006788115704289277,201459.88464609778,0.012225023419262016,2.010044603655039
2014-05-28,-0.0012008226653403842,201217.9670504579,0.012225023419262016,2.007630896536625
2014-05-29,0.005438828994891232,202312.35716394498,0.012225023419262016,2.0185500576677478
2014-05-30,0.0012991415941754347,202575.18956215234,0.012225023419262016,2.021172440007589
2014-06-02,0.000960447687085475,202769.75243442823,0.03919418044813483,2.0231136704027954
2014-06-03,-0.0006689603919173281,202634.10750137072,0.03919418044813483,2.0217602874889495
2014-06-04,0.00203814275995029,203047.1047404936,0.03919418044813483,2.02588092358125
2014-06-05,0.006738701334716435,204415.3785362187,0.03919418044813483,2.0395327300649635
2014-06-06,0.00491239607124716,205419.5478386425,0.03919418044813483,2.049551722635315
2014-06-09,0.000628228063405345,205548.59816336678,0.03919418044813483,2.050839308544875
2014-06-10,6.982066413452337e-05,205562.94970300246,0.03919418044813483,2.050982499507431
2014-06-11,-0.0032654168945930317,204891.7009741399,0.03919418044813483,2.0442851866030245
2014-06-12,-0.006552145545423049,203549.22072830805,0.03919418044813483,2.0308907325240493
2014-06-13,0.0027093893871039665,204100.7148267026,0.03919418044813483,2.036393206321118
2014-06-16,0.0008158232238144603,204267.22492985535,0.03919418044813483,2.0380545431916524
2014-06-17,0.0021623087195499213,204708.91373143945,0.03919418044813483,2.042461446301314
2014-06-18,0.007296745769380886,206202.62263166386,0.03919418044813483,2.0573647682187364
2014-06-19,0.001315829057674911,206473.95003429137,0.03919418044813483,2.0600719085629953
2014-06-20,0.001535849963081537,206791.06304282884,0.03919418044813483,2.063235869927707
2014-06-23,-0.0004759615078294699,206692.63845665733,0.03919418044813483,2.0622538490720483
2014-06-24,-0.005495728195971883,205556.71189559126,0.03919418044813483,2.0509202624464518
2014-06-25,0.004350562148768056,206450.99914578945,0.03919418044813483,2.059842918510393
2014-06-26,-0.0005658278170058706,206334.1834276241,0.03919418044813483,2.058677402088437
2014-06-27,0.0021847377066581686,206784.96949833096,0.03919418044813483,2.0631750722346247
2014-06-30,-0.00012023053660847882,206760.1076304856,0.03919418044813483,2.062927015588573
2014-07-01,0.007325682366395414,208274.76650502827,0.029829931190022307,2.0780393636498307
2014-07-02,0.0010968188048108285,208503.20618549857,0.029829931190022307,2.080318596301019
2014-07-03,0.004728809946822787,209489.17822085298,0.029829931190022307,2.0901560275717674
2014-07-07,-0.003851753899238086,208682.27746179263,0.029829931190022307,2.082105260942552
2014-07-08,-0.007355306202186052,207147.3554120916,0.029829931190022307,2.066790739203137
2014-07-09,0.004708985929847698,208122.80939413232,0.029829931190022307,2.0765232277139845
2014-07-10,-0.004648936124757697,207155.25974715388,0.029829931190022307,2.0668696038667664
2014-07-11,0.0018665951145186988,207541.93474294478,0.029829931190022307,2.0707276125716914
2014-07-14,0.005337078299249232,208649.60229904557,0.029829931190022307,2.081779247976404
2014-07-15,-0.002148870077808507,208201.2414119185,0.029829931190022307,2.077305774841825
2014-07-16,0.0040871021781137,209052.18115917913,0.029829931190022307,2.085795935798789
2014-07-17,-0.011733482675024387,206599.27101337185,0.029829931190022307,2.0613222853224578
2014-07-18,0.010602246571675078,208789.68742618395,0.029829931190022307,2.0831769324551352
2014-07-21,-0.002018810433485285,208368.18062680383,0.029829931190022307,2.078971393129099
2014-07-22,0.004644598666607047,209335.96720070642,0.029829931190022307,2.0886273808895406
2014-07-23,0.002637131392293046,209888.01365134743,0.029829931190022307,2.094135365722487
2014-07-24,8.622672583236124e-05,209906.11160755603,0.029829931190022307,2.094315936158523
2014-07-25,-0.004489691248443672,208963.69797527674,0.029829931190022307,2.084913104228476
2014-07-28,0.0004012378715116949,209047.54212467556,0.029829931190022307,2.0857496503247037
2014-07-29,-0.0037093336107946184,208272.1150504185,0.029829931190022307,2.0780129090430512
2014-07-30,0.0004303517032824278,208361.7453098767,0.029829931190022307,2.0789071854379007
2014-07-31,-0.01955008503095046,204288.25547187135,0.029829931190022307,2.0382643731911356
2014-08-01,-0.0030188594220447174,203671.537947027,1.0,2.0321111395835096
2014-08-04,0.00760074287484902,205219.5929378874,1.0,2.0475566938486
2014-08-05,-0.010032128520788497,203160.80360655062,1.0,2.02701534194231
2014-08-06,-0.0005318336300633719,203052.75585888195,1.0,2.025937307014811
2014-08-07,-0.0051096397052416975,202015.22943528666,1.0,2.0155854973105574
2014-08-08,0.01108473950031974,204254.51562867413,1.0,2.037927737488867
2014-08-11,0.004340171140512661,205141.0151827251,1.0,2.046772692641567
2014-08-12,-0.0011329520111337255,204908.6002570078,1.0,2.044453797403105
2014-08-13,0.0068997462208708615,206322.41759725506,1.0,2.058560009765482
2014-08-14,0.004362383417386262,207222.47509041638,1.0,2.067540237815778
2014-08-15,0.00018996888379629873,207261.84091270683,1.0,2.06793300612696
2014-08-18,0.00850411227183634,209024.41887749598,1.0,2.0855189405816996
2014-08-19,0.005312825263364962,210134.9290907685,1.0,2.0965989382964483
2014-08-20,0.0019799886161673275,210550.99385822736,1.0,2.1007501803269437
2014-08-21,0.0024479409600093316,211066.41026026357,1.0,2.1058926927401127
2014-08-22,-0.0015303009703163672,210743.4151278411,1.0,2.1026700431090304
2014-08-25,0.005249590586515751,211849.7317760664,1.0,2.113708199973884
2014-08-26,0.0011685320228322915,212097.28497167514,1.0,2.1161781356924765
2014-08-27,0.00020377378266545065,212140.50483772688,1.0,2.1166093573159808
2014-08-28,-0.0014685125804206889,211828.97383755588,1.0,2.1135010898469258
2014-08-29,0.002586976101943028,212376.97033057277,1.0,2.1189686666577905
2014-09-02,7.663755445586062e-05,212393.24638220164,0.029023381581680496,2.119131059234372
2014-09-03,0.0006457359569849164,212530.3963384114,0.029023381581680496,2.1204994583568832
2014-09-04,-0.001685555048932641,212172.16465581153,0.029023381581680496,2.1169252397885905
2014-09-05,0.0050625613002825975,213246.29924559523,0.029023381581680496,2.1276423035831358
2014-09-08,-0.003060197853889779,212593.72337829391,0.029023381581680496,2.1211312971718654
2014-09-09,-0.0071199739425739095,211080.0616074857,0.029023381581680496,2.106028897607224
2014-09-10,0.003390523896864117,211795.73360051744,0.029023381581680496,2.1131694389120477
2014-09-11,0.0001315599654279076,211823.59743990772,0.029023381581680496,2.1134474474103744
2014-09-12,-0.006535533743962096,210439.21717107177,0.029023381581680496,2.0996349403017334
2014-09-15,-0.001996004048940847,210019.17964154237,0.029023381581680496,2.0954440604595934
2014-09-16,0.008164839296185278,211733.95249243223,0.029023381581680496,2.1125530244673922
2014-09-17,0.00027959525330012447,211793.15230051157,0.029023381581680496,2.1131436842653777
2014-09-18,0.005250798227191655,212905.23540914242,0.029023381581680496,2.12423937537652
2014-09-19,-0.0015105727176493167,212583.62656908866,0.029023381581680496,2.1210305573303194
2014-09-22,-0.008564646440120116,210762.9229685659,0.029023381581680496,2.102864680518094
2014-09-23,-0.005495018805954932,209604.77674325558,0.029023381581680496,2.091309399552269
2014-09-24,0.008869704417278301,211463.90915741786,0.029023381581680496,2.109858695771373
2014-09-25,-0.01730373523564155,207804.79366146415,0.029023381581680496,2.0733502595151294
2014-09-26,0.008065771047572667,209480.89954972558,0.029023381581680496,2.0900734280098034
2014-09-29,-0.0036483602762568124,208716.63775717383,0.029023381581680496,2.082448087140593
2014-09-30,-0.0017719355800802639,208346.80532057717,0.029023381581680496,2.0787581232813186
2014-10-01,-0.012457037110417346,205751.42143486184,1.0,2.0528629561960217
2014-10-02,-0.00017778945513924338,205714.8410017508,1.0,2.052497978809564
2014-10-03,0.009754063223821996,207721.39656696038,1.0,2.072518173861639
2014-10-06,-0.0009863458379454348,207516.51143200434,1.0,2.0704739541867845
2014-10-07,-0.013174573741001061,204782.5698496681,1.0,2.0431963423985287
2014-10-08,0.016258283332526213,208111.98289184686,1.0,2.076415207437225
2014-10-09,-0.017634879383534252,204441.953175281,1.0,2.0397978757039334
2014-10-10,-0.011199291981472403,202152.34804840852,1.0,2.016953583710738
2014-10-13,-0.01409651286240221,199302.70487397932,1.0,1.9885215715750915
2014-10-14,0.0014523386694320628,199592.1598991902,1.0,1.9914095783484898
2014-10-15,-0.0054150275941542425,198511.36284575926,1.0,1.9806260405304696
2014-10-16,-0.0015904303432509037,198195.64435080928,1.0,1.9774759927769772
2014-10-17,0.01036395660062528,200249.735407294,1.0,1.997970468144896
2014-10-20,0.009343967547426502,202120.86243632052,1.0,2.0166394393599583
2014-10-21,0.018078318524499037,205774.86776789077,1.0,2.053096889493775
2014-10-22,-0.006213981313630934,204496.18658476623,1.0,2.040338983787387
2014-10-23,0.01033068100163681,206608.77145442466,1.0,2.061417074964098
2014-10-24,0.00704451311381038,208064.2296543636,1.0,2.075938754581715
2014-10-27,-0.0009204709577429471,207872.7125736216,1.0,2.07402791324807
2014-10-28,0.010417031757555817,210038.1292220303,1.0,2.0956331278864324
2014-10-29,-0.0019129299772449038,209636.34098827702,1.0,2.091624328454791
2014-10-30,0.005439789954026164,210776.71864998387,1.0,2.103002325464316
2014-10-31,0.01036972209734488,212962.41464697447,1.0,2.124809875149451
2014-11-03,0.0006829721080789941,213107.86203624753,0.021228682506887253,2.1262610610291492
2014-11-04,-0.003118601053304304,212443.26363323387,0.021228682506887253,2.119630101044624
2014-11-05,0.005087933213193008,213524.16077019254,0.021228682506887253,2.130414637435413
2014-11-06,0.0032138827971361916,214210.40239726478,0.021228682506887253,2.1372615403894333
2014-11-07,0.0012976599828211643,214488.37466435973,0.021228682506887253,2.1400349791632194
2014-11-10,0.0024643988528005867,215016.95956882165,0.021228682506887253,2.1453088789108223
2014-11-11,0.0011071815624787984,215255.02238207648,0.021228682506887253,2.1476841253473746
2014-11-12,-0.0007252555896029023,215098.9074739038,0.021228682506887253,2.146126505430765
2014-11-13,0.0014933066043161247,215420.11609301576,0.021228682506887253,2.1493313303150225
2014-11-14,0.00071575628249132,215574.30439448435,0.021228682506887253,2.150869727717851
2014-11-17,9.433618249832243e-05,215594.64085140568,0.021228682506887253,2.1510726325570153
2014-11-18,0.005485907089750386,216777.37302016458,0.021228682506887253,2.162873217162528
2014-11-19,-0.00200385849565643,216342.98183957205,0.021228682506887253,2.158539125291289
2014-11-20,0.002030555157499725,216782.27819713525,0.021228682506887253,2.162922158044814
2014-11-21,0.004676705997716635,217796.10517777846,0.021228682506887253,2.1730375090739362
2014-11-24,0.0031422070147435477,218480.46562725192,0.021228682506887253,2.1798656427782497
2014-11-25,-0.00018405122404041574,218440.2540301243,0.021228682506887253,2.1794644358384527
2014-11-26,0.002870825625800544,219067.35790910036,0.021228682506887253,2.1857212981913787
2014-11-28,-0.0008461598190838693,218881.99191316482,0.021228682506887253,2.183871828653133
2014-12-01,-0.006957393340242146,217359.14380032924,0.008371637422527556,2.1686777733365195
2014-12-02,0.005130344629830752,218474.27111646987,0.008371637422527556,2.1798038377047897
2014-12-03,0.003314000809278461,219198.2950277564,0.008371637422527556,2.187027709387012
2014-12-04,-0.0005880111874045912,219069.40397802007,0.008371637422527556,2.185741712626729
2014-12-05,0.0007693176770287025,219237.9379429965,0.008371637422527556,2.1874232423636717
2014-12-08,-0.0057409351764386995,217979.30715304968,0.008371637422527556,2.1748653873258266
2014-12-09,0.00013664004417424103,218009.09185520816,0.008371637422527556,2.1751625610284235
2014-12-10,-0.013951301706753516,214967.5812399208,0.008371637422527556,2.1448162118782816
2014-12-11,0.004350915169626379,215902.88695011547,0.008371637422527556,2.1541481252706034
2014-12-12,-0.013180378269995296,213057.20523052893,0.008371637422527556,2.125755638129936
2014-12-15,-0.0068807169132346635,211591.21891501272,0.008371637422527556,2.1111289153572512
2014-12-16,-0.007461574179530417,210012.4153393411,0.008371637422527556,2.0953765703527614
2014-12-17,0.016691080688676863,213517.74950939394,0.008371637422527556,2.130350669761682
2014-12-18,0.0215572529501189,218120.60564490806,0.008371637422527556,2.17627517802219
2014-12-19,0.004212852927399702,219039.51567692542,0.008371637422527556,2.1854435052767482
2014-12-22,0.003934283594396071,219901.2792499776,0.008371637422527556,2.1940416598060377
2014-12-23,-8.712694397294829e-05,219882.11992354083,0.008371637422527556,2.1938504996612695
2014-12-24,0.00023312071305925386,219933.37900012638,0.008371637422527556,2.1943619316540963
2014-12-26,0.0034186918658640764,220685.26345394613,0.008371637422527556,2.201863778940604
2014-12-29,0.0013953237466068913,220993.1908425696,0.008371637422527556,2.204936091758153
2014-12-30,-0.004854531870754908,219920.37235440454,0.008371637422527556,2.1942321592277354
2014-12-31,-0.008861726923644841,217971.49806965352,0.008371637422527556,2.17478747302558
2015-01-02,-0.00023338756808843897,217920.62623180644,0.004487134844424645,2.174279904666141
2015-01-05,-0.015286236680970289,214589.4399615618,0.004487134844424645,2.141043347432737
2015-01-06,-0.008154328899528718,212839.60708974954,0.004487134844424645,2.1235845757896223
2015-01-07,0.011181425544536827,215219.45730935203,0.004487134844424645,2.1473292786113407
2015-01-08,0.01562800725718083,218582.90855006909,0.004487134844424645,2.1808877561610354
2015-01-09,-0.006558843210510701,217149.25752439178,0.004487134844424645,2.166583655308653
2015-01-12,-0.00692804208007225,215644.83833060635,0.004487134844424645,2.1515734725746776
2015-01-13,-0.0021755899485891295,215175.68358786916,0.004487134844424645,2.1468925309540934
2015-01-14,-0.004878711419044501,214125.90352324833,0.004487134844424645,2.1364184618478665
2015-01-15,-0.007683030964821036,212480.76757610892,0.004487134844424645,2.120004292651674
2015-01-16,0.010793773940717788,214774.23694807565,0.004487134844424645,2.142887139739907
2015-01-20,0.0027236901870353325,215359.2154296791,0.004487134844424645,2.148723700414341
2015-01-21,0.004028661139516609,216226.82473191744,0.004487134844424645,2.1573801800857586
2015-01-22,0.013431974254814127,219131.17787491676,0.004487134844424645,2.1863580551225166
2015-01-23,-0.0034842523204224873,218367.66955992917,0.004487134844424645,2.1787402319956817
2015-01-26,0.0015124950886107325,218697.94958764996,0.004487134844424645,2.182035565895934
2015-01-27,-0.012972391031431219,215860.91426782674,0.004487134844424645,2.153729347290642
2015-01-28,-0.009921859931156018,213719.17251185008,0.004487134844424645,2.1323603463772036
2015-01-29,0.007922950696540365,215412.45897856686,0.004487134844424645,2.149254932268808
2015-01-30,-0.009855611064047531,213289.437564524,0.004487134844424645,2.1280727115788807
2015-02-02,0.01058094456463965,215546.2412796174,0.00015839912257131772,2.150589730969619
2015-02-03,0.011700236770083139,218068.18333749037,0.00015839912257131772,2.175752140017273
2015-02-04,-0.00298405680909708,217417.4554901547,0.00015839912257131772,2.169259572028947
2015-02-05,0.00860496877290795,219288.3259053326,0.00015839912257131772,2.187925982906588
2015-02-06,-0.003909561785830351,218431.0046462944,0.00015839912257131772,2.179372151093591
2015-02-09,-0.0039633653511131905,217565.28277087043,0.00015839912257131772,2.1707345030227656
2015-02-10,0.009875078827815242,219713.75708842868,0.00015839912257131772,2.1921706773543734
2015-02-11,0.0007961324163516803,219888.67833276518,0.00015839912257131772,2.193915935492791
2015-02-12,0.008941824810592802,221854.88437224954,0.00015839912257131772,2.213533547437135
2015-02-13,0.0038633204268465615,222711.98087884052,0.00015839912257131772,2.222085136806459
2015-02-17,0.0006980831474707738,222867.45235943186,0.00015839912257131772,2.223636336992709
2015-02-18,0.0006634014718738257,223015.30295535986,0.00015839912257131772,2.2251115006115816
2015-02-19,-0.00030929142518609787,222946.3262344705,0.00015839912257131772,2.2244232927043597
2015-02-20,0.005460123933179517,224163.64080615778,0.00015839912257131772,2.2365689195623766
2015-02-23,0.000414017644043696,224256.4485086046,0.00015839912257131772,2.237494898557195
2015-02-24,0.0029781060164899564,224924.30798714474,0.00015839912257131772,2.244158395576454
2015-02-25,-0.0008506870072489958,224732.9678007256,0.00015839912257131772,2.242249319187128
2015-02-26,-0.0009884973775522443,224510.81985140505,0.00015839912257131772,2.2400328616152936
2015-02-27,-0.002863375318652439,223867.9611110721,0.00015839912257131772,2.2336188068063736
2015-03-02,0.005200630576522425,225032.21567473008,0.08954485294111691,2.2452350330693465
2015-03-03,-0.003967299493146337,224139.44547954213,0.08954485294111691,2.236327513260656
2015-03-04,-0.0036879633902451303,223312.82741030373,0.08954485294111691,2.2280800192631527
2015-03-05,0.0011072849670710205,223560.09834704926,0.08954485294111691,2.230547138773914
2015-03-06,-0.013408013764347526,220562.60147125315,0.08954485294111691,2.2006399320352075
2015-03-09,0.004068056060238856,221459.8624988303,0.08954485294111691,2.2095922586471266
2015-03-10,-0.014414431207584566,218267.6445455998,0.08954485294111691,2.1777422430380464
2015-03-11,-0.002264258120690976,217773.43025895333,0.08954485294111691,2.1728112724794757
2015-03-12,0.010899309740980412,220147.01032870146,0.08954485294111691,2.1964934155469233
2015-03-13,-0.005487067512488175,218939.04882035544,0.08954485294111691,2.184441107885082
2015-03-16,0.012312104760367815,221634.64932556695,0.08954485294111691,2.2113361756482166
2015-03-17,-0.0020129936287166528,221188.50018857172,0.08954485294111691,2.206884770015686
2015-03-18,0.011747871116760233,223786.99418129656,0.08954485294111691,2.2328109678633714
2015-03-19,-0.003974899788756758,222897.46330539882,0.08954485294111691,2.223935768018878
2015-03-20,0.008112573620031593,224705.73538618215,0.08954485294111691,2.2419776106631524
2015-03-23,-0.0016215395056390358,224341.36615910978,0.08954485294111691,2.238342155396704
2015-03-24,-0.004544370814010601,223321.87580236106,0.08954485294111691,2.228170298633949
2015-03-25,-0.01442628734932383,220100.1702506462,0.08954485294111691,2.1960260736426274
2015-03-26,-0.002817400430256911,219480.0599362824,0.08954485294111691,2.189838988837891
2015-03-27,0.0026231603011046545,220055.79131639135,0.08954485294111691,2.1955832875392223
2015-03-30,0.010867624471557757,222447.27501920937,0.08954485294111691,2.2194440622042264
2015-03-31,-0.007774078526393113,220717.95243522787,0.08954485294111691,2.202189929779714
2015-04-01,-0.0028841348568175995,220081.37209508402,0.012482539091934086,2.1958385170419037
2015-04-02,0.00265697776970808,220666.1234082675,0.012482539091934086,2.2016728111675525
2015-04-06,0.006333876259961624,222063.7953287009,0.012482539091934086,2.2156179343184097
2015-04-07,-0.0022063545371381332,221573.8438663433,0.012482539091934086,2.210729495636462
2015-04-08,0.003403992240071263,222328.0795114671,0.012482539091934086,2.218254801684505
2015-04-09,0.0037678551533737448,223165.77951159407,0.012482539091934086,2.226612864470528
2015-04-10,0.004755945693304842,224227.14383955527,0.012482539091934086,2.2372025143339638
2015-04-13,-0.003677501069499045,223402.5482782746,0.012482539091934086,2.228975199694815
2015-04-14,0.001533644987055327,223745.16847653696,0.012482539091934086,2.2323936563360975
2015-04-15,0.004275053263320228,224701.69098918472,0.012482539091934086,2.2419372581216326
2015-04-16,-0.00029564043533836237,224635.2600834394,0.012482539091934086,2.24127445081464
2015-04-17,-0.010582224665799833,222258.11929337608,0.012482539091934086,2.2175567810384025
2015-04-20,0.00862715567367811,224175.57468825893,0.012482539091934086,2.236687988603641
2015-04-21,-0.0007339300483790723,224011.04549788256,0.012482539091934086,2.2350464160799564
2015-04-22,0.00391289419634977,224887.57701772946,0.012482539091934086,2.2437919162300077
2015-04-23,0.002696062018227696,225493.88787249822,0.012482539091934086,2.249841318392162
2015-04-24,0.0035737838743619132,226299.75429274412,0.012482539091934086,2.257881765015705
2015-04-27,-0.003738592642730465,225453.71169629355,0.012482539091934086,2.2494404648608617
2015-04-28,0.0018877500137322034,225879.31194364422,0.012482539091934086,2.253686846129293
2015-04-29,-0.004294272926622544,224909.3245296805,0.012482539091934086,2.2440088997208747
2015-04-30,-0.009653243882489226,222738.2199685496,0.012482539091934086,2.2223469345373927
2015-05-01,0.009802568860398209,224921.62670763384,0.999999999996362,2.2441316433948906
2015-05-04,0.002939755931826049,225582.84139394356,0.999999999996362,2.250728842705359
2015-05-05,-0.011828739879719663,222914.48064176654,0.999999999996362,2.224105556685215
2015-05-06,-0.005300142203053526,221733.00219524535,0.999999999996362,2.2123174809601815
2015-05-07,0.0036569346619077514,222543.86529666203,0.999999999996362,2.22040778143945
2015-05-08,0.013303067598431806,225504.38138031983,0.999999999996362,2.249946016252023
2015-05-11,-0.005154198777981289,224342.08697337995,0.999999999996362,2.2383493472445326
2015-05-12,-0.0031219237223328866,223641.70809014008,0.999999999996362,2.2313613913185013
2015-05-13,0.0006057763255893356,223777.18494231545,0.999999999996362,2.232713097223196
2015-05-14,0.010748066584324478,226182.35702612816,0.999999999996362,2.2567104462558447
2015-05-15,0.0018768727371099025,226606.87252564577,0.999999999996362,2.2609460045679732
2015-05-18,0.001964187125774952,227051.97082727274,0.999999999996362,2.265386925602218
2015-05-19,-0.00014945215898309883,227018.03742003124,0.999999999996362,2.2650483586352546
2015-05-20,-0.0006345134915721751,226873.99141245798,0.999999999996362,2.263611154892637
2015-05-21,0.002563673391555943,227455.6222274782,0.999999999996362,2.2694143145792642
2015-05-22,-0.0017701315764078185,227052.99584834184,0.999999999996362,2.265397152641076
2015-05-26,-0.011222498578496332,224504.8939251905,0.999999999996362,2.239973736315832
2015-05-27,0.00947930103201311,226633.04339786756,0.999999999996362,2.261207121666173
2015-05-28,-0.002496454007668625,226067.2644284068,0.999999999996362,2.2555621220851205
2015-05-29,-0.006644821257361655,224565.08786413932,0.999999999996362,2.240574314948989
2015-06-01,0.0018790729648219262,224987.0620495877,0.16321337777674216,2.2447845175698844
2015-06-02,-0.0007577783767360735,224816.57171892113,0.16321337777674216,2.243083468402038
2015-06-03,0.0019233018500204313,225248.9618472234,0.16321337777674216,2.247397594986566
2015-06-04,-0.008982356323938179,223225.69541031448,0.16321337777674216,2.2272106689868347
2015-06-05,-0.0020848640889755687,222760.3001742169,0.16321337777674216,2.222567237444481
2015-06-08,-0.005991086283603231,221425.72399531183,0.16321337777674216,2.2092516453538416
2015-06-09,-0.0009994500760310832,221204.42003862947,0.16321337777674216,2.2070436086289207
2015-06-10,0.01241969670624421,223951.7118455899,0.16321337777674216,2.2344544208655464
2015-06-11,0.002326727424593722,224472.78643532572,0.16321337777674216,2.239653387245579
2015-06-12,-0.0069350075264311695,222916.06597191776,0.16321337777674216,2.224121374148434
2015-06-15,-0.004928762474938231,221817.36563089452,0.16321337777674216,2.213159208179823
2015-06-16,0.005130969761304893,222955.50382647896,0.16321337777674216,2.2245148611539474
2015-06-17,0.002190536137219423,223443.89591460282,0.16321337777674216,2.2293877413450867
2015-06-18,0.010668743035171513,225827.76142289335,0.16321337777674216,2.253172506283259
2015-06-19,-0.004945510161774025,224710.92793396575,0.16321337777674216,2.2420294187572054
2015-06-22,0.0061207260295133015,226086.32195968728,0.16321337777674216,2.255752266579527
2015-06-23,0.0015401331985560596,226434.52500987682,0.16321337777674216,2.2592264255330043
2015-06-24,-0.006845480935075643,224884.4717858788,0.16321337777674216,2.243760934108999
2015-06-25,-0.002987261475337899,224212.68306691112,0.16321337777674216,2.237058233510667
2015-06-26,-0.0017342541292223457,223823.8412954783,0.16321337777674216,2.23317860603189
2015-06-29,-0.021340944912236814,219047.22902834628,0.16321337777674216,2.185520464421378
2015-06-30,0.00335206311402092,219781.48916500068,0.16321337777674216,2.1928464669551024
2015-07-01,0.007539606234415741,221438.55505091828,1.0,2.2093796658484735
2015-07-02,-0.0007047811061083875,221282.48934115446,1.0,2.207822536803764
2015-07-06,-0.0025080933988225196,220727.4921903629,1.0,2.2022851116734343
2015-07-07,0.005257471206829845,221887.9606251095,1.0,2.2138635622372878
2015-07-08,-0.015166872001184162,218522.61432770468,1.0,2.1802861769607493
2015-07-09,0.0013892941244699752,218826.20651185396,1.0,2.183315235736064
2015-07-10,0.011584824145062456,221361.26963262493,1.0,2.208608558795302
2015-07-13,0.010583396406070422,223704.02369809806,1.0,2.231983138678873
2015-07-14,0.004155019536246307,224633.51828690057,1.0,2.2412570722246556
2015-07-15,-0.00017799528952155974,224593.53457877683,1.0,2.2408581390231928
2015-07-16,0.007848629811443297,226356.28608972926,1.0,2.2584458050163456
2015-07-17,0.0021951464894194306,226853.17129649714,1.0,2.2634034243967713
2015-07-20,0.0007452577074502642,227022.2353708654,1.0,2.2650902432438724
2015-07-21,-0.0032011438283378046,226295.5045432125,1.0,2.257839363591084
2015-07-22,-0.002624207879206142,225701.65809716127,1.0,2.2519143237431667
2015-07-23,-0.004883080358570879,224599.53876361015,1.0,2.240918045139712
2015-07-24,-0.009269914522878842,222517.52023739347,1.0,2.2201449264084903
2015-07-27,-0.005512645018189821,221290.86013799685,1.0,2.2079060555402648
2015-07-28,0.010680795284486955,223654.42251345882,1.0,2.2314882481268694
2015-07-29,0.0059040912367369636,224974.89862947798,1.0,2.2446631583375165
2015-07-30,0.0006727120208742665,225126.24194818098,1.0,2.246173170226944
2015-07-31,-0.0013321619037125476,224826.33734513164,1.0,2.2431809039004262
2015-08-03,-0.003026030125292456,224146.0060753661,0.022928555303167286,2.2363929709087427
2015-08-04,-0.001772741632563024,223748.6531186236,0.022928555303167286,2.2324284239824417
2015-08-05,0.0034069344008373914,224510.95010207448,0.022928555303167286,2.240034161177515
2015-08-06,-0.008156102243260466,222679.8158383104,0.022928555303167286,2.221764213530555
2015-08-07,-0.0016616032352795296,222309.810335882,0.022928555303167286,2.2180725229253238
2015-08-10,0.011230683520467633,224806.50145925948,0.022928555303167286,2.2429829934557435
2015-08-11,-0.008520926699720821,222890.94173870445,0.022928555303167286,2.223870699779787
2015-08-12,0.001300657875390021,223180.84659743,0.022928555303167286,2.2267631947193043
2015-08-13,-0.0011572570313092,222922.5689934516,0.022928555303167286,2.224186257355155
2015-08-14,0.0030440349852427495,223601.15309246784,0.022928555303167286,2.23095675813624
2015-08-17,0.005297417493050016,224785.66175232604,0.022928555303167286,2.2427750674930294
2015-08-18,-0.0028062749081656513,224154.85139003507,0.022928555303167286,2.236481224096464
2015-08-19,-0.006959630519365989,222594.81644523703,0.022928555303167286,2.2209161411132534
2015-08-20,-0.019471786856412487,218260.49762407312,0.022928555303167286,2.17767093538753
2015-08-21,-0.028343238399468063,212074.28830672748,0.022928555303167286,2.1159486889102483
2015-08-24,-0.037293173625946974,204165.36505130556,0.022928555303167286,2.037038247071124
2015-08-25,-0.009697290633086109,202185.51416919293,0.022928555303167286,2.0172844951585627
2015-08-26,0.0353167660153022,209326.05266478987,0.022928555303167286,2.088528459660375
2015-08-27,0.022114864637623466,213955.26998459973,0.022928555303167286,2.134715983837588
2015-08-28,4.40498261284894e-05,213964.6946770418,0.022928555303167286,2.13481001770551
2015-08-31,-0.007659235554287602,212325.88868020911,0.022928555303167286,2.11845900491625
2015-09-01,-0.026357558283053972,206729.49669431927,1.0,2.0626215982239096
2015-09-02,0.01512120341683687,209855.49546609438,1.0,2.0938109189826144
2015-09-03,0.0006181975987262778,209985.22762947102,1.0,2.0951053078649164
2015-09-04,-0.0121844821427739,207426.66637317342,1.0,2.0695775346540053
2015-09-08,0.02009684038975945,211595.28697985498,1.0,2.111169504042179
2015-09-09,-0.010746203812261768,209321.44090025543,1.0,2.08848244626951
2015-09-10,0.004318102774573784,210225.3123949846,1.0,2.097500728115395
2015-09-11,0.0036900238665149576,211001.04881506762,1.0,2.105240555862173
2015-09-14,-0.002980186390066142,210372.22636109928,1.0,2.0989665466097773
2015-09-15,0.009987517807052093,212473.32271798997,1.0,2.119930012370449
2015-09-16,0.006972329179345094,213954.75666580902,1.0,2.1347108622538693
2015-09-17,-0.0018113741338289246,213567.2045537749,1.0,2.1308441022147786
2015-09-18,-0.013162899320240617,210756.04094212834,1.0,2.1027960158301973
2015-09-21,0.004192317188607797,211639.59711517298,1.0,2.1116116037114985
2015-09-22,-0.01043172971031836,209431.8300420668,1.0,2.089583842208408
2015-09-23,-0.0013249175340070973,209154.35013826488,1.0,2.086815315937088
2015-09-24,-0.0028975203216032863,208548.32115838752,1.0,2.0807687261517276
2015-09-25,-0.00020755636948777134,208505.03562598513,1.0,2.080336849349184
2015-09-28,-0.02005375187230296,204323.72737741593,1.0,2.038618290361527
2015-09-29,0.0004665126200225078,204419.04697480754,1.0,2.039569331521389
2015-09-30,0.014821266388997278,207448.7961250061,1.0,2.069798331902697
2015-10-01,0.0018889021415411378,207840.64660026677,0.999999999996362,2.073707978404386
2015-10-02,0.012434573334081156,210425.05636222064,0.999999999996362,2.0994936523353247
2015-10-05,0.013704456770897266,213308.81745065033,0.999999999996362,2.1282660723345277
2015-10-06,-0.0025613828833399577,212762.45189676675,0.999999999996362,2.122814768045657
2015-10-07,0.006347072811362819,214112.87067047964,0.999999999996362,2.136288427943479
2015-10-08,0.007025583363107213,215617.1384924893,0.999999999996362,2.1512971003816372
2015-10-09,0.000535324585248409,215732.5636477252,0.999999999996362,2.152448742609645
2015-10-12,0.0010833340720419748,215966.27408437376,0.999999999996362,2.154780563670838
2015-10-13,-0.005001308138972704,214886.16020005196,0.999999999996362,2.1440038421000507
2015-10-14,-0.0033390043205976383,214168.65438270735,0.999999999996362,2.136845004007901
2015-10-15,0.012035892518510893,216746.3652876917,0.999999999996362,2.1625638408048564
2015-10-16,0.0035941245094410768,217525.37871150448,0.999999999996362,2.1703363645083247
2015-10-19,0.0003539627078126273,217602.3745835712,0.999999999996362,2.1711045826447704
2015-10-20,-0.0013827746419150522,217301.47953797653,0.999999999996362,2.1681024342829436
2015-10-21,-0.00467044926588378,216286.58400239292,0.999999999996362,2.157976421860386
2015-10-22,0.01374548497580319,219259.54799326562,0.999999999996362,2.1876388543452054
2015-10-23,0.00834757384767415,221089.83326194706,0.999999999996362,2.2059003312338934
2015-10-26,-0.0017734391048103149,220697.74390596434,0.999999999996362,2.2019883013251693
2015-10-27,-0.0013336751620054432,220403.40480660633,0.999999999996362,2.199051564220665
2015-10-28,0.008740600217896244,222329.862854684,0.999999999996362,2.218272594802057
2015-10-29,-0.001037838662804269,222099.12032711745,0.999999999996362,2.2159703857385327
2015-10-30,-0.0033261322904725166,221360.38927131187,0.999999999996362,2.2085997750837967
2015-11-02,0.009948415997848237,223562.5745092285,0.09541513150816172,2.2305718444190843
2015-11-03,0.0024114797381113995,224101.6911278575,0.09541513150816172,2.2359508232263026
2015-11-04,-0.0025239277218223055,223536.07465711265,0.09541513150816172,2.2303074449589304
2015-11-05,-0.0011353993893947756,223282.27193443925,0.09541513150816172,2.2277751552477616
2015-11-06,-0.0010189750756500748,223054.75286450353,0.09541513150816172,2.2255051078904113
2015-11-09,-0.008714073461100535,221111.03736219462,0.09541513150816172,2.2061118928921997
2015-11-10,0.0017800832237995223,221504.63341039995,0.09541513150816172,2.2100389556625615
2015-11-11,-0.0033216622698183373,220768.8698270107,0.09541513150816172,2.202697952648709
2015-11-12,-0.012096974967314988,218098.23433515092,0.09541513150816172,2.176051970654961
2015-11-13,-0.010563176188186807,215794.42425953626,0.09541513150816172,2.1530659502942817
2015-11-16,0.013712077463910566,218753.414121263,0.09541513150816172,2.182588957389625
2015-11-17,-0.0005497889766563624,218633.14590557318,0.09541513150816172,2.1813889940402804
2015-11-18,0.014554087334692989,221815.1518053416,0.09541513150816172,2.213137119970481
2015-11-19,-0.00040531844113589344,221725.24603379154,0.09541513150816172,2.2122400946829948
2015-11-20,0.0034641216709940803,222493.3292635837,0.09541513150816172,2.219903563536428
2015-11-23,-0.001076659810269165,222253.7796379126,0.09541513150816172,2.217513482586895
2015-11-24,0.0010777747094974366,222493.31914069658,0.09541513150816172,2.2199034625363967
2015-11-25,2.9073719562511258e-05,222499.78784906183,0.09541513150816172,2.2199680033871227
2015-11-27,0.0011611488517344615,222758.14322223395,0.09541513150816172,2.222545716685143
2015-11-30,-0.003541235890377248,221969.30409058157,0.09541513150816172,2.2146751580252135
2015-12-01,0.009147311539000835,223999.72646719334,0.010589357370179187,2.234933481653356
2015-12-02,-0.009061764465413069,221969.89370563067,0.010589357370179187,2.2146810408467474
2015-12-03,-0.013948055960233074,218873.84520673755,0.010589357370179187,2.18379054575495
2015-12-04,0.018295585914443357,222878.270446142,0.010589357370179187,2.223744273303959
2015-12-07,-0.004981070697865131,221768.09802403187,0.010589357370179187,2.2126676458646592
2015-12-08,-0.005304955688318791,220591.62809093166,0.010589357370179187,2.2009295420503707
2015-12-09,-0.007590738930727703,218917.1746317892,0.010589357370179187,2.18422286049174
2015-12-10,0.002292363792650187,219419.01243650442,0.010589357370179187,2.1892298938922106
2015-12-11,-0.01697036519581141,215695.39166455265,0.010589357370179187,2.152077863095272
2015-12-14,0.00401244949089441,216560.85852902537,0.010589357370179187,2.1607129668214142
2015-12-15,0.00871621474307993,218448.44947691011,0.010589357370179187,2.179546205038387
2015-12-16,0.012900731471782168,221266.59426403893,0.010589357370179187,2.207663945359929
2015-12-17,-0.013229535790064473,218339.33993607716,0.010589357370179187,2.178457576182355
2015-12-18,-0.01577353118108482,214895.35754953796,0.010589357370179187,2.144095607677772
2015-12-21,0.007726883015841901,216555.82883797077,0.010589357370179187,2.1606627836130787
2015-12-22,0.007598459974658578,218201.3196356751,0.010589357370179187,2.1770804932930976
2015-12-23,0.010394194338728235,220469.34655693528,0.010589357370179187,2.1997094910314403
2015-12-24,-0.0011527950867570302,220215.19057744392,0.010589357370179187,2.1971736767378864
2015-12-28,-0.0018602499461664035,219805.5352810272,0.010589357370179187,2.1930863845240167
2015-12-29,0.009562165318259597,221907.35214725294,0.010589357370179187,2.2140570390900596
2015-12-30,-0.00653640086026841,220456.87673977774,0.010589357370179187,2.199585074755068
2015-12-31,-0.00912965490755746,218444.18153314563,0.010589357370179187,2.17950362208274
2016-01-04,-0.01290813391398471,215624.474785185,1.0,2.1513702974628814
2016-01-05,0.001180656472780317,215879.05321703,1.0,2.1539103267299287
2016-01-06,-0.011102675130506667,213482.21822167997,1.0,2.1299961601120025
2016-01-07,-0.022285235450061558,208724.7167242084,1.0,2.0825286941761796
2016-01-08,-0.009572296792883517,206726.74178771375,1.0,2.062594111435829
2016-01-11,0.0010937480755750517,206952.84876371396,1.0,2.0648500697759045
2016-01-12,0.007602767951883527,208526.26324984574,1.0,2.080548645711841
2016-01-13,-0.023342528461920642,203658.73301487826,1.0,2.0319833797329023
2016-01-14,0.015141391241149105,206742.40957113326,1.0,2.0627504350809507
2016-01-15,-0.020183060930933805,202569.714921751,1.0,2.0211178173644013
2016-01-19,0.0012963806132464395,202832.3223730064,1.0,2.0237379553199193
2016-01-20,-0.010502636135308219,200702.04829464317,1.0,2.0024833719419814
2016-01-21,0.004570918220125231,201619.4409440096,1.0,2.011636559672289
2016-01-22,0.019111788857159695,205472.7491288301,1.0,2.050082532858089
2016-01-25,-0.013485711086055563,202701.80299802113,1.0,2.022435712117396
2016-01-26,0.011712971654936899,205076.04347094154,1.0,2.0461244442873587
2016-01-27,-0.011107634328035965,202798.13377062592,1.0,2.023396842170559
2016-01-28,0.005525908593580153,203918.77772079105,1.0,2.0345779481689323
2016-01-29,0.021487917238797616,208300.56753989216,1.0,2.078296790735069
2016-02-01,-0.0010153522984298613,208089.0690798763,0.999999999996362,2.076186587311777
2016-02-02,-0.013734026630971563,205231.16826351918,0.999999999996362,2.0476721854307707
2016-02-03,0.004692606260232379,206194.23732850736,0.999999999996362,2.0572811047470267
2016-02-04,0.001513937332463744,206506.40248213787,0.999999999996362,2.0603956994148755
2016-02-05,-0.015086640244860061,203390.91467962958,0.999999999996362,2.0293112507357467
2016-02-08,-0.009963914266001073,201364.3450432782,0.999999999996362,2.009091367414384
2016-02-09,8.431572331590864e-05,201381.32322368055,0.999999999996362,2.009260765406235
2016-02-10,-0.00039470334686697583,201301.83734140766,0.999999999996362,2.0084677034574008
2016-02-11,-0.009802097537802479,199328.65709724833,0.999999999996362,1.9887805071265852
2016-02-12,0.01544816125596471,202407.91833502153,0.999999999996362,2.019503509103396
2016-02-16,0.013087096460623115,205056.85028666587,0.999999999996362,2.0459329463295988
2016-02-17,0.012763754896281121,207674.14566352827,0.999999999996362,2.072046732990776
2016-02-18,-0.002785627230695753,207095.64290825647,0.999999999996362,2.0662747831880828
2016-02-19,-0.0003742960366074355,207018.12782991724,0.999999999996362,2.065501384726194
2016-02-22,0.011459070395991366,209390.3631299666,0.999999999996362,2.089170110496789
2016-02-23,-0.009935347097951852,207309.9971933042,0.999999999996362,2.0684134803023366
2016-02-24,0.0036761606277537773,208072.10204272598,0.999999999996362,2.0760173005005393
2016-02-25,0.009961024483306824,210144.7133454667,0.999999999996362,2.096696559658594
2016-02-26,-0.0023322274271608823,209654.60808132956,0.999999999996362,2.0918065864357245
2016-02-29,-0.006097582136213808,208376.22188831793,0.999999999996362,2.0790516239618593
2016-03-01,0.017957519776207187,212118.14201376872,0.015128439836246343,2.11638623461491
2016-03-02,0.0043445153413199655,213039.69253591984,0.015128439836246343,2.125580907079353
2016-03-03,0.004869304837378019,214077.04774133852,0.015128439836246343,2.135931008472433
2016-03-04,0.002454617327381614,214602.52497211914,0.015128439836246343,2.1411739017359213
2016-03-07,0.001134760252488265,214846.0473875411,0.015128439836246343,2.1436036207732765
2016-03-08,-0.009247992922707504,212859.15266182943,0.015128439836246343,2.1237795896592746
2016-03-09,0.003151806827635939,213530.04359251377,0.015128439836246343,2.1304733326703564
2016-03-10,0.002231901278356041,214006.6215697753,0.015128439836246343,2.135228338825047
2016-03-11,0.011194714152167773,216402.36452492006,0.015128439836246343,2.159131609727801
2016-03-14,-0.0022899536443367063,215906.81314163315,0.015128439836246343,2.1541872984295023
2016-03-15,-0.0012410789862327132,215638.8557328586,0.015128439836246343,2.151513781841012
2016-03-16,0.0068408778949480276,217114.0148143334,0.015128439836246343,2.1662320249118845
2016-03-17,0.0047149248213287365,218137.69107183983,0.015128439836246343,2.1764456460548987
2016-03-18,0.0029030236745077875,218770.94995332384,0.015128439836246343,2.1827639192916752
2016-03-21,0.000489340838644825,218878.00351344515,0.015128439836246343,2.183832034818505
2016-03-22,-0.00015227363864811494,218844.6741634301,0.015128439836246343,2.183499494768367
2016-03-23,-0.007532038283283082,217196.32769953855,0.015128439836246343,2.1670532929822426
2016-03-24,-0.0005645862368142129,217073.7016422328,0.015128439836246343,2.165829804518582
2016-03-28,0.00069754002824296,217225.11923820712,0.015128439836246343,2.167340557501595
2016-03-29,0.00923699194675165,219231.6259152426,0.015128439836246343,2.1873602647771055
2016-03-30,0.0022123377021097124,219716.64030674967,0.015128439836246343,2.1921994443589683
2016-03-31,-0.001533253960865788,219379.75889773123,0.015128439836246343,2.188838245877897
2016-04-01,0.006002477029197983,220696.58086118585,0.05556944314253087,2.2019766971694095
2016-04-04,-0.003579295402387994,219906.64260398666,0.05556944314253087,2.1940951721010653
2016-04-05,-0.007709152527369034,218211.3487543709,0.05556944314253087,2.1771805577597743
2016-04-06,0.009196705315863696,220218.17422544202,0.05556944314253087,2.1972034457689187
2016-04-07,-0.009350148143683512,218159.10167250264,0.05556944314253087,2.1766592680491677
2016-04-08,0.002266845529433237,218653.63465683413,0.05556944314253087,2.1815934183800443
2016-04-11,-0.0007354643455089738,218492.82270452808,0.05556944314253087,2.1799889342044287
2016-04-12,0.008370122604915542,220321.63441885906,0.05556944314253087,2.198235708861079
2016-04-13,0.00797744506780873,222079.23815468533,0.05556944314253087,2.2157720134746137
2016-04-14,-0.0013596570244728268,221777.28655853873,0.05556944314253087,2.2127593234918628
2016-04-15,-0.00031069247153159285,221708.38202524828,0.05556944314253087,2.212071835828742
2016-04-18,0.0061729952247884246,223076.98680878573,0.05556944314253087,2.225726944708202
2016-04-19,0.004389836826720561,224056.2583806728,0.05556944314253087,2.2354975228163068
2016-04-20,0.0003465240736866271,224133.89926806188,0.05556944314253087,2.2362721765246296
2016-04-21,-0.004465576528296489,223133.01218829484,0.05556944314253087,2.2262859319822583
2016-04-22,-0.001286840809386125,222845.8755222897,0.05556944314253087,2.2234210563916217
2016-04-25,-0.001265763039411394,222563.8054495683,0.05556944314253087,2.2206067321973917
2016-04-26,0.0017341844119560523,222949.77213164457,0.05556944314253087,2.2244576737774535
2016-04-27,0.0021388094815084635,223426.6192181799,0.05556944314253087,2.229215364941343
2016-04-28,-0.006278095152793539,222023.9256430612,0.05556944314253087,2.215220138764172
2016-04-29,-0.002851003594494639,221390.93463298902,0.05556944314253087,2.2089045381859584
2016-05-02,0.006798325078365641,222896.02217602727,0.029334166035596354,2.2239213893036234
2016-05-03,-0.008065372799716308,221098.28266160376,0.029334166035596354,2.2059846342216267
2016-05-04,-0.005630268306596298,219853.44000809127,0.029334166035596354,2.1935643488507304
2016-05-05,-0.0002900642359815464,219789.66838798742,0.029334166035596354,2.1929280742838047
2016-05-06,0.004200340679975323,220712.85987315577,0.029334166035596354,2.202139119282479
2016-05-09,-0.0013120495886119743,220423.27365615783,0.029334166035596354,2.199249803556958
2016-05-10,0.011481863911695145,222954.14368724817,0.029334166035596354,2.224501290509221
2016-05-11,-0.007527422440970377,221275.87366274945,0.029334166035596354,2.2077565295750747
2016-05-12,-0.0005161770854437142,221161.6561272032,0.029334166035596354,2.206616936244269
2016-05-13,-0.0074122027246620315,219522.36109706637,0.029334166035596354,2.190261044177154
2016-05-16,0.008957846381438594,221488.8086850646,0.029334166035596354,2.2098810661461425
2016-05-17,-0.008072991258219253,219700.73146875668,0.029334166035596354,2.1920407156174404
2016-05-18,-0.0014668378828592843,219378.46611294642,0.029334166035596354,2.188825347255003
2016-05-19,-0.003312903868555761,218651.68634388302,0.029334166035596354,2.181573979294489
2016-05-20,0.005565248327447536,219868.5372756019,0.029334166035596354,2.1937149802339606
2016-05-23,-0.001506791673622665,219537.24119434343,0.029334166035596354,2.1904095087674427
2016-05-24,0.010007191372032542,221734.1923802633,0.029334166035596354,2.2123293559047985
2016-05-25,0.005880894876499898,223038.18785617725,0.029334166035596354,2.2253398322790696
2016-05-26,-6.213888964268222e-05,223024.32851083594,0.029334166035596354,2.225201552132814
2016-05-27,0.003124410183528603,223721.1479940098,0.029334166035596354,2.2321539945227014
2016-05-31,-0.001373531042936138,223413.86005227873,0.029334166035596354,2.2290880617186106
2016-06-01,0.0016562468515848305,223783.88855459075,0.999999999992724,2.2327799818027376
2016-06-02,0.0027194203115985527,224392.45100653463,0.999999999992724,2.2388518490365827
2016-06-03,-0.002669359141732941,223793.46696610446,0.999999999992724,2.232875549386371
2016-06-06,0.004604537428309241,224823.932360961,0.999999999992724,2.2431569084262772
2016-06-07,0.0014063944484306035,225140.12349130778,0.999999999992724,2.246311671849247
2016-06-08,0.0029376977295925144,225801.5171209284,0.999999999992724,2.2529106565475954
2016-06-09,-0.0012738293409055856,225513.88452319877,0.999999999992724,2.2500408328508463
2016-06-10,-0.00854310862082508,223587.29491221288,0.999999999992724,2.23081848961451
2016-06-13,-0.006944430337952556,222034.60851824377,0.999999999992724,2.2153267260167655
2016-06-14,-0.001769876104770307,221641.6347701953,0.999999999992724,2.2114058721801295
2016-06-15,-0.001253957812473172,221363.70551070588,0.999999999992724,2.20863286251016
2016-06-16,0.0027063787415400054,221962.7995374486,0.999999999992724,2.214610259537124
2016-06-17,-0.0033726531649087566,221214.1959990966,0.999999999992724,2.207141147236257
2016-06-20,0.005814442341942616,222500.43318695258,0.999999999992724,2.2199744421773917
2016-06-21,0.0025546259258926174,223068.8385620943,0.999999999992724,2.2256456464421968
2016-06-22,-0.0014683680566124346,222741.29140512407,0.999999999992724,2.2223775794696223
2016-06-23,0.011721758622173173,225352.21105816605,0.999999999992724,2.2484277530234946
2016-06-24,-0.03238536775991763,218054.09682753676,0.999999999992724,2.1756115933602236
2016-06-27,-0.016082895344654236,214547.1556087864,0.999999999992724,2.1406214597935946
2016-06-28,0.016165916665117575,218015.50704709603,0.999999999992724,2.17522656792418
2016-06-29,0.01529024981344751,221349.01861305156,0.999999999992724,2.208486325548589
2016-06-30,0.012274452427588844,224065.95661191095,0.999999999992724,2.235594285888516
2016-07-01,0.0023834277475989207,224600.0016301921,0.8765586333283863,2.2409226633418764
2016-07-05,-0.0056449875495385715,223332.13741736332,0.8765586333283863,2.2282726828078325
2016-07-06,0.005984744582593349,224668.72321689088,0.8765586333283863,2.2416083256748074
2016-07-07,-0.0009393712932338483,224457.67586781344,0.8765586333283863,2.2395026231629944
2016-07-08,0.013990792278129716,227598.0165861118,0.8765586333283863,2.2708350391699947
2016-07-11,0.002224863678208955,228104.39114644664,0.8765586333283863,2.2758873375678483
2016-07-12,0.004896738130712341,229221.3586163564,0.8765586333283863,2.2870317618749225
2016-07-13,0.0007689728506092841,229397.62361791212,0.8765586333283863,2.2887904272082853
2016-07-14,0.004279368557793983,230379.30059565525,0.8765586333283863,2.29858500499786
2016-07-15,-0.001584622916594336,230014.2362764224,0.8765586333283863,2.2949426145232
2016-07-18,0.0025798473288609625,230607.6378894801,0.8765586333283863,2.300863216097167
2016-07-19,-0.0007887676646727293,230425.74204148632,0.8765586333283863,2.2990483695914743
2016-07-20,0.0023748682847277713,230972.9728282455,0.8765586333283863,2.3045083066494723
2016-07-21,-0.0019679347316433615,230518.43309294587,0.8765586333283863,2.299973184713456
2016-07-22,0.003328506930746933,231285.71529516068,0.8765586333283863,2.307628661399307
2016-07-25,-0.0031229941802197736,230563.41135232593,0.8765586333283863,2.300421950519649
2016-07-26,0.0008207192321147971,230752.63917824478,0.8765586333283863,2.302309951056419
2016-07-27,0.0005826929720051943,230887.0971193656,0.8765586333283863,2.3036514908842776
2016-07-28,0.0007616589412255959,231062.95434130015,0.8765586333283863,2.305406087639777
2016-07-29,0.002459531689486427,231631.2609997689,0.8765586333283863,2.3110763069694618
2016-08-01,-0.0005753582958523129,231497.99003217396,0.999999999996362,2.309746610043899
2016-08-02,-0.005699358751598438,230178.59993670663,0.999999999996362,2.2965825354879703
2016-08-03,0.002654500682143235,230789.6091872534,0.999999999996362,2.3026788153950215
2016-08-04,0.0011129444164825752,231046.46519418055,0.999999999996362,2.305241568925568
2016-08-05,0.0061645252101785175,232470.7569535927,0.999999999996362,2.3194522886927613
2016-08-08,-0.0006116914983211874,232328.5565679559,0.999999999996362,2.318033499447006
2016-08-09,0.0009875073725060801,232557.98273041044,0.999999999996362,2.320322574617426
2016-08-10,-0.0022385667955524546,232037.38615222948,0.999999999996362,2.3151283775469165
2016-08-11,0.003499534753547362,232849.4090491915,0.999999999996362,2.323230249763066
2016-08-12,-0.0008064035518406953,232661.63845869023,0.999999999996362,2.3213567886379134
2016-08-15,0.003643507060628881,233509.34278115194,0.999999999996362,2.329814668487554
2016-08-16,-0.00445994214814649,232467.9046212963,0.999999999996362,2.3194238298501966
2016-08-17,0.001232316431009961,232754.37863984358,0.999999999996362,2.322282093946197
2016-08-18,0.003006445143192371,233454.1419110621,0.999999999996362,2.3292639076686643
2016-08-19,-0.0020495399041845497,232975.66833141822,0.999999999996362,2.3244899883425205
2016-08-22,4.6081880068493675e-05,232986.40428822517,0.999999999996362,2.324597105211384
2016-08-23,0.0023003640583592055,233522.35783873615,0.999999999996362,2.3299445248423782
2016-08-24,-0.006012845057282279,232118.2240836406,0.999999999996362,2.3159349294224376
2016-08-25,-0.0004395660532686696,232016.19279198843,0.999999999996362,2.3149169230458844
2016-08-26,-0.001852974154643583,231586.27278328608,0.999999999996362,2.3106274418173336
2016-08-29,0.0046639405168911185,232666.37738407587,0.999999999996362,2.321404070762666
2016-08-30,-0.002115035500066975,232174.27973623655,0.999999999996362,2.316494218743003
2016-08-31,-0.0030477070331940137,231466.68055095768,0.999999999996362,2.3094342230201867
2016-09-01,0.00040311460806252697,231559.9881511675,1.0,2.3103651896918453
2016-09-02,0.006093449339739765,232970.98720807736,1.0,2.3244432829315307
2016-09-06,0.004263463434319492,233964.2504932963,1.0,2.3343534618734587
2016-09-07,0.000420804703351374,234062.70375031998,1.0,2.3353357687894998
2016-09-08,-0.002231740452052766,233540.33654604355,1.0,2.330123905485167
2016-09-09,-0.02545257022989511,227596.13472859203,1.0,2.270816263136448
2016-09-12,0.01368987710139935,230711.89784178,1.0,2.301903458698645
2016-09-13,-0.01592810025374103,227037.0956032253,1.0,2.26523850963406
2016-09-14,7.489270651972468e-05,227054.0990257954,1.0,2.2654081594769595
2016-09-15,0.010781727181969236,229502.1343770394,1.0,2.289833172208247
2016-09-16,-0.003918351441169143,228602.8643580517,1.0,2.280860801097888
2016-09-19,0.0016644467018258613,228983.3616416604,1.0,2.284657172335599
2016-09-20,-0.00036137719650075617,228900.612276385,1.0,2.283831549331695
2016-09-21,0.01289102128798758,231851.37494207328,1.0,2.3132724704523078
2016-09-22,0.0069220848050211,233456.26982158303,1.0,2.3292851386698987
2016-09-23,-0.006421109653277579,231957.22151381348,1.0,2.3143285433807494
2016-09-26,-0.0087046155095859,229938.1230858639,1.0,2.2941832032477603
2016-09-27,0.0064239117257298695,231415.2252909475,1.0,2.308920833628076
2016-09-28,0.005732958153137346,232741.91909353936,1.0,2.322157780146173
2016-09-29,-0.010377372150675024,230326.6695840434,1.0,2.298059884669011
2016-09-30,0.007859027255924467,232136.8131580707,1.0,2.316120399938371
2016-10-03,-0.0016975813742267087,231742.7420277812,0.999999999996362,2.312188597086969
2016-10-04,-0.005235942263160154,230529.35041061734,0.999999999996362,2.3000821110910845
2016-10-05,0.0054145122348887575,231777.5543989166,0.999999999996362,2.312535933822836
2016-10-06,0.0005051959433182152,231894.64747915114,0.999999999996362,2.313704217595381
2016-10-07,-0.0033041456411099235,231128.4337904862,0.999999999996362,2.3060594018899954
2016-10-10,0.005486581871780416,232396.53886537405,0.999999999996362,2.3187117855996537
2016-10-11,-0.013394352844057433,229283.73762407352,0.999999999996362,2.2876541417996576
2016-10-12,0.0008565810583067712,229480.13773070008,0.999999999996362,2.28961370300548
2016-10-13,-0.0035930945287429017,228655.59390336473,0.999999999996362,2.2813869045362765
2016-10-14,0.0008014735134520556,228838.85530558092,0.999999999996362,2.283215375714198
2016-10-17,-0.0032382573530682635,228097.8161997199,0.999999999996362,2.2758217367351534
2016-10-18,0.007676116016084977,229848.72149988456,0.999999999996362,2.2932912084182604
2016-10-19,0.002656072966793044,230459.21647551237,0.999999999996362,2.2993823572019245
2016-10-20,-0.0017424893703209543,230057.6437405113,0.999999999996362,2.2953757078861967
2016-10-21,0.0007730790982041214,230235.4964962692,0.999999999996362,2.297150214868489
2016-10-24,0.0051056870903469775,231411.00689846982,0.999999999996362,2.308878745065131
2016-10-25,-0.0030725057479451534,230699.9952496365,0.999999999996362,2.30178470184961
2016-10-26,-0.003032033806059542,230000.50506498181,0.999999999996362,2.294805612819331
2016-10-27,-0.003361670412352913,229227.31917227863,0.999999999996362,2.287091232688615
2016-10-28,-0.00355345404990981,228412.77042661593,0.999999999996362,2.2789641590853043
2016-10-31,0.0007507776670478972,228584.25763352076,0.999999999996362,2.280675154479948
2016-11-01,-0.007301567023411004,226915.23435591295,0.0013017240334072255,2.264022651980884
2016-11-02,-0.0067624518606131945,225380.73100714132,0.0013017240334072255,2.2487123077855258
2016-11-03,-0.00488654556957091,224279.39779457173,0.0013017240334072255,2.237723872620677
2016-11-04,-0.0022819799476208047,223767.59670614006,0.0013017240334072255,2.232617431615044
2016-11-07,0.023396914573183603,229003.06805052023,0.0013017240334072255,2.284853790937142
2016-11-08,0.004731126016839005,230086.51042371,0.0013017240334072255,2.295663722152118
2016-11-09,0.006321280579466126,231540.9518136485,0.0013017240334072255,2.310175256655943
2016-11-10,-0.0023902634296673053,230987.507944058,0.0013017240334072255,2.304653329223836
2016-11-11,-0.003547405888135069,230168.1014982916,0.0013017240334072255,2.2964777884336374
2016-11-14,-0.0008042701900881077,229982.98415554734,0.0013017240334072255,2.2946307998062005
2016-11-15,0.009409157510590127,232146.93027822245,0.0013017240334072255,2.3162213424302287
2016-11-16,-0.0016942431755676557,231753.6169258696,0.0013017240334072255,2.3122971002277124
2016-11-17,0.004901502959621773,232889.55796513482,0.0013017240334072255,2.3236308313080034
2016-11-18,-0.002387315766865128,232333.57705146642,0.0013017240334072255,2.318083590788048
2016-11-21,0.008047808944473323,234203.3532909627,0.0013017240334072255,2.336739084644029
2016-11-22,0.0028869466783092435,234879.48588379493,0.0013017240334072255,2.3434851257825176
2016-11-23,-0.0008603992383392489,234677.395753039,0.0013017240334072255,2.3414687929652347
2016-11-25,0.003812427127978024,235572.08622293113,0.0013017240334072255,2.3503954721108493
2016-11-28,-0.003560927836067096,234733.2310236995,0.0013017240334072255,2.342025883448444
2016-11-29,0.0019692244559610383,235195.47344285814,0.0013017240334072255,2.3466378580946246
2016-11-30,-0.002981517646921561,234494.2339883122,0.0013017240334072255,2.3396413159097813
2016-12-01,-0.004376918396940543,233467.87186159226,1.0,2.3294008967919333
2016-12-02,0.0003253600918458055,233543.8329898242,1.0,2.3301587908816597
2016-12-05,0.006518302747127613,235066.1423979765,1.0,2.3453474713295073
2016-12-06,0.0036425979951404397,235922.39385700077,1.0,2.3538906293264796
2016-12-07,0.011442993195106554,238622.05220447967,1.0,2.3808261837798876
2016-12-08,0.003552180807049332,239469.68087845913,1.0,2.389283308854831
2016-12-09,0.005031721393897515,240674.62559492508,1.0,2.4013055167960777
2016-12-12,-0.00201682938349923,240189.22593816256,1.0,2.396462493271045
2016-12-13,0.0053769248123263225,241480.7053467629,1.0,2.409348091912923
2016-12-14,-0.007879980389050134,239577.8421242964,1.0,2.390362476198254
2016-12-15,0.0040506825696697835,240548.29591346838,1.0,2.4000450758157825
2016-12-16,-0.0017746036798341747,240121.4180223625,1.0,2.395785946992472
2016-12-19,0.0024254275117556734,240703.81511579573,1.0,2.4015967521405854
2016-12-20,0.003926911473810302,241649.03768916387,1.0,2.411027609982032
2016-12-21,-0.0028706584513040756,240955.34583687197,1.0,2.4041063731971093
2016-12-22,-0.0022768725058145423,240406.72123480696,1.0,2.3986325294949236
2016-12-23,0.0017083619748974321,240817.4229358743,1.0,2.402730262100065
2016-12-27,0.0024626881360958475,241410.48114630362,1.0,2.4086474374107767
2016-12-28,-0.00766454618814294,239560.17936325597,1.0,2.39018624787579
2016-12-29,-6.774221950478498e-05,239543.95102500095,1.0,2.390024331354329
2016-12-30,-0.0033590562661002243,238739.30941530401,1.0,2.3819961051479615
2017-01-03,0.006664954556082847,240330.4960633076,0.040844985044941495,2.3978720009415384
2017-01-04,0.006419376096255203,241873.26790493756,0.040844985044941495,2.4132648431462624
2017-01-05,-0.0018151522922660313,241434.23108826202,0.040844985044941495,2.4088843999343803
2017-01-06,0.002523573970259818,242043.50822936604,0.040844985044941495,2.4149633979034193
2017-01-09,-0.0032947400893537093,241246.03777943493,0.040844985044941495,2.407006721182025
2017-01-10,0.0009197720617166727,241467.92914498431,0.040844985044941495,2.409220618716533
2017-01-11,0.002461202856123279,242062.23070185812,0.040844985044941495,2.415150199384349
2017-01-12,-0.002775695257543731,241390.33971606853,0.040844985044941495,2.408446478429662
2017-01-13,0.0025555227344329356,242007.21821708544,0.040844985044941495,2.414601318159954
2017-01-17,-0.004170423370558618,240997.945658389,0.040844985044941495,2.4045314083921183
2017-01-18,0.0020720943647636325,241497.3161435074,0.040844985044941495,2.409513824373345
2017-01-19,-0.003773606333184909,240586.0003418611,0.040844985044941495,2.4004212677457932
2017-01-20,0.003474278184388835,241421.86303431817,0.040844985044941495,2.4087609989896652
2017-01-23,-0.002518187207913858,240813.9175871144,0.040844985044941495,2.4026952878550873
2017-01-24,0.0066433098243885436,242413.7190516704,0.040844985044941495,2.418657137065907
2017-01-25,0.007894547084758674,244327.46557071526,0.040844985044941495,2.4377513397163617
2017-01-26,-0.0012137860270606815,244030.90430697837,0.040844985044941495,2.4347924312027653
2017-01-27,-0.00164303251214315,243629.9535972343,0.040844985044941495,2.430791988077979
2017-01-30,-0.006309526398126986,242092.7639736381,0.040844985044941495,2.4154548418608455
2017-01-31,0.0005912045741884864,242235.89032307727,0.040844985044941495,2.4168828698120994
2017-02-01,-0.000343973876369863,242152.56750488695,0.999999999996362,2.4160515252426387
2017-02-02,0.0006193422006668392,242302.54280894255,0.999999999996362,2.4175478879112067
2017-02-03,0.007664890071916286,244159.76516371887,0.999999999996362,2.4360781267156395
2017-02-06,-0.002416248306421398,243569.81454464578,0.999999999996362,2.4301919570676525
2017-02-07,-0.0007687147827742935,243382.57882756772,0.999999999996362,2.428323832585275
2017-02-08,0.001658446157444704,243786.21573021327,0.999999999996362,2.4323510769144576
2017-02-09,0.006663156733290432,245410.60149503945,0.999999999996362,2.4485582133703265
2017-02-10,0.0048207185652617834,246593.65693777864,0.999999999996362,2.460362023407645
2017-02-13,0.005001333862387547,247826.9541444715,0.999999999996362,2.472667115309046
2017-02-14,0.003682739780918709,248739.63632728328,0.999999999996362,2.4817733048595643
2017-02-15,0.005515070840401481,250111.45304244393,0.999999999996362,2.4954604604456816
2017-02-16,-0.0012386360220072445,249801.65598718898,0.999999999996362,2.492369493227879
2017-02-17,0.0008676456384306697,250018.395304479,0.999999999996362,2.4945319867480356
2017-02-21,0.006361548139619311,251608.89936199883,0.999999999996362,2.5104010720675536
2017-02-22,-0.0008970718765535235,251383.1880944906,0.999999999996362,2.508149061866932
2017-02-23,5.46547206536907e-06,251384.5620222828,0.999999999996362,2.508162770085565
2017-02-24,-0.00011543514765510743,251355.54340824755,0.999999999996362,2.5078732399458574
2017-02-27,0.0018059432500521222,251809.47725522888,0.999999999996362,2.512402316695524
2017-02-28,-0.004550813861386227,250663.53919570736,0.999999999996362,2.5009688414073272
2017-03-01,0.01460087752821404,254323.44683229254,0.07967182746176604,2.5374851811625945
2017-03-02,-0.007966294000571916,252297.4314835877,0.07967182746176604,2.517270828187359
2017-03-03,0.0012799152605011965,252620.35081632878,0.07967182746176604,2.5204927215351702
2017-03-06,-0.0029118354751194175,251884.7619170847,0.07967182746176604,2.513153461413824
2017-03-07,-0.002910181022818259,251151.7316630165,0.07967182746176604,2.5058397299029873
2017-03-08,-0.00314073901897427,250362.92961969948,0.07967182746176604,2.497969541287985
2017-03-09,-0.00022761034143081726,250305.94442780712,0.07967182746176604,2.4974009775878088
2017-03-10,0.004075463884821939,251326.05726447888,0.07967182746176604,2.5075790450778865
2017-03-13,0.0018982890729244417,251803.14677272525,0.07967182746176604,2.5123391549786525
2017-03-14,-0.0040995927947834465,250770.85640651197,0.07967182746176604,2.5020395874808496
2017-03-15,0.010802752221295453,253479.8718325936,0.07967182746176604,2.529068501192278
2017-03-16,-0.0007547073171584318,253288.56871856918,0.07967182746176604,2.527159794688833
2017-03-17,-0.0011119729433001213,253006.91868330693,0.07967182746176604,2.5243496613737433
2017-03-20,-0.00030670580319813734,252929.31999309748,0.07967182746176604,2.5235754286832988
2017-03-21,-0.014282130268272741,249316.95049629043,0.07967182746176604,2.4875333956690318
2017-03-22,0.0023990466800507537,249915.07349865895,0.07967182746176604,2.4935011044034274
2017-03-23,-0.00023555580795786568,249856.20455160012,0.07967182746176604,2.4929137457361357
2017-03-24,-0.00022349445140679158,249800.36307623328,0.07967182746176604,2.492356593346128
2017-03-27,-0.0009486705931898154,249563.38481761471,0.07967182746176604,2.4899921679382775
2017-03-28,0.0068287891014635616,251267.6005399816,0.07967182746176604,2.506995799317424
2017-03-29,0.0012189053618820722,251573.871965547,0.07967182746176604,2.510051589939428
2017-03-30,0.00269068773543113,252250.77869739963,0.07967182746176604,2.516805354967777
2017-03-31,-0.0024714908618764797,251627.34320294778,0.07967182746176604,2.5105850935318528
2017-04-03,-0.0016692716888947468,251207.3088027873,0.005494495541739752,2.506394244912659
2017-04-04,0.0006199901710346456,251363.0548651371,0.005494495541739752,2.5079481847092424
2017-04-05,-0.003673906728166365,250439.57044665562,0.005494495541739752,2.4987342169995466
2017-04-06,0.002986898380451075,251187.60799402362,0.005494495541739752,2.5061976821854803
2017-04-07,-0.0008850238269193511,250965.30097592203,0.005494495541739752,2.503979637521776
2017-04-10,0.0002171730873772315,251019.80388515952,0.005494495541739752,2.5045234345103866
2017-04-11,-6.734487302695324e-05,251002.8989883396,0.005494495541739752,2.5043547676976963
2017-04-12,-0.00450803174599812,249871.3699513626,0.005494495541739752,2.4930650569016732
2017-04-13,-0.00669324853504194,248198.91877048672,0.005494495541739752,2.4763783528618015
2017-04-17,0.009112069240775567,250460.52450380905,0.005494495541739752,2.4989432838794365
2017-04-18,-0.003550444109768236,249571.27840985503,0.005494495541739752,2.490070925416542
2017-04-19,-0.0018616374221780418,249106.66717846642,0.005494495541739752,2.4854353161979086
2017-04-20,0.008824514564538033,251304.91259110632,0.005494495541739752,2.5073680763449144
2017-04-21,-0.002876163492368855,250582.11857605883,0.005494495541739752,2.5001564758218
2017-04-24,0.011202869554869821,253389.35736324932,0.005494495541739752,2.5281654026871943
2017-04-25,0.006349326674350175,254998.20916895225,0.005494495541739752,2.5442175507156453
2017-04-26,-0.00035853203081170903,254906.78414316557,0.005494495541739752,2.5433053672303605
2017-04-27,0.000320416522443967,254988.4604884881,0.005494495541739752,2.5441202842916417
2017-04-28,-0.002675671031701521,254306.1952513409,0.005494495541739752,2.5373130553457983
2017-05-01,0.0032712879848617593,255138.10405234253,0.9927821113997197,2.5456133370575844
2017-05-02,0.0009637123202597131,255383.9837865855,0.9927821113997197,2.5480665759931242
2017-05-03,-0.0020073173535559707,254871.34708411043,0.9927821113997197,2.542951797737117
2017-05-04,-8.742063078170936e-05,254849.06607018015,0.9927821113997197,2.5427294912869116
2017-05-05,0.004087505060570429,255890.76291742368,0.9927821113997197,2.5531229109502087
2017-05-08,-0.0005300484072247036,255755.12842611579,0.9927821113997197,2.5517696322178107
2017-05-09,0.0007235056791863315,255940.16871401313,0.9927821113997197,2.553615852038696
2017-05-10,0.0022819864459033834,256524.22070998073,0.9927821113997197,2.559443168801092
2017-05-11,-0.0017619061609251974,256072.24910508527,0.9927821113997197,2.5549336701134435
2017-05-12,-0.0005679387156495297,255926.81576081505,0.9927821113997197,2.5534826243662696
2017-05-15,0.0056647985690665426,257376.58962052266,0.9927821113997197,2.5679475890829155
2017-05-16,-0.00021181554976901218,257322.0732566945,0.9927821113997197,2.567403657852556
2017-05-17,-0.01824382237734956,252627.53505842804,0.9927821113997197,2.520564401547736
2017-05-18,0.00222340444563085,253189.22824296574,0.9927821113997197,2.5261686356436366
2017-05-19,0.007393120430878364,255061.08669916715,0.9927821113997197,2.544844904595658
2017-05-22,0.004879118705892305,256305.56001842627,0.9927821113997197,2.5572615049732654
2017-05-23,0.001820220958872465,256772.09277064737,0.9927821113997197,2.5619162859619355
2017-05-24,0.0026729540856897938,257458.43278510982,0.9927821113997197,2.568764170565693
2017-05-25,0.005194694555653356,258795.8507042057,0.9927821113997197,2.582108115817288
2017-05-26,0.00025872772650248343,258862.80836628666,0.9927821113997197,2.5827761787796772
2017-05-30,-0.0007772876250284888,258661.59750876343,0.9927821113997197,2.5807686188176935
2017-05-31,-0.0009649940851005345,258411.99059712482,0.9927821113997197,2.5782781923655214
2017-06-01,0.007473198401537928,260343.15467219352,0.02664791386192178,2.5975461768314276
2017-06-02,0.0041189715967244744,261415.50073168994,0.02664791386192178,2.608245395754977
2017-06-05,-0.0006106961668952415,261255.8552874261,0.02664791386192178,2.606652550289467
2017-06-06,-0.0028827282951243705,260502.72564112212,0.02664791386192178,2.5991382792271893
2017-06-07,0.0017993245111123102,260971.45458057974,0.02664791386192178,2.603814972440773
2017-06-08,0.0006933318201716165,261152.39439419692,0.02664791386192178,2.6056202802150055
2017-06-09,-0.004407671614471531,260001.32039837434,0.02664791386192178,2.5941355616678106
2017-06-12,-0.001058001549345322,259726.23859856103,0.02664791386192178,2.591390962224354
2017-06-13,0.005182626987519479,261072.30281208886,0.02664791386192178,2.6048211749603922
2017-06-14,-0.0015169263659569054,260676.27535253213,0.02664791386192178,2.600869853041492
2017-06-15,-0.0028545890415910824,259932.151713508,0.02664791386192178,2.593445438460395
2017-06-16,6.779333351936145e-05,259949.7733805615,0.02664791386192178,2.5936212567719688
2017-06-19,0.008974582200392378,262282.7139897387,0.02664791386192178,2.616897923937554
2017-06-20,-0.007366467718038616,260350.61684413376,0.02664791386192178,2.5976206298594655
2017-06-21,0.0011487922059942868,260649.70560359012,0.02664791386192178,2.600604756193178
2017-06-22,-2.4065361840408528e-05,260643.43297411117,0.02664791386192178,2.6005421716987165
2017-06-23,0.0017046955701971456,261087.75067970314,0.02664791386192178,2.604975304418922
2017-06-26,0.0011142693644046187,261378.67276170684,0.02664791386192178,2.6078779485956667
2017-06-27,-0.00929110687446788,258950.17557837124,0.02664791386192178,2.5836478758596964
2017-06-28,0.009178188923887776,261326.86921170342,0.02664791386192178,2.6073610841771377
2017-06-29,-0.009874855344094269,258746.30418071282,0.02664791386192178,2.581613770641068
2017-06-30,0.0023211735176884574,259346.89924977685,0.02664791386192178,2.5876061441583795
2017-07-03,0.00047963817132923303,259471.2919222729,0.999999999992724,2.5888472588374842
2017-07-05,0.0028733031720458158,260216.83160840799,0.999999999992724,2.5962858018782438
2017-07-06,-0.008823425138924978,257920.82787482295,0.999999999992724,2.5733776684661174
2017-07-07,0.0064345529040212845,259580.43308683246,0.999999999992724,2.5899362032158892
2017-07-10,0.001682408605832686,260017.15344136354,0.999999999992724,2.5942935341727376
2017-07-11,3.65905618138207e-06,260018.1048587361,0.999999999992724,2.59430302683853
2017-07-12,0.008098135102313497,262123.76660092964,0.999999999992724,2.615312043246209
2017-07-13,0.0018531561228538607,262609.5228639517,0.999999999992724,2.6201586247723245
2017-07-14,0.005241008677319359,263985.86165202834,0.999999999992724,2.633890898860709
2017-07-17,-0.00021480388637939996,263929.15646299627,0.999999999992724,2.6333251288593345
2017-07-18,0.0013157899718587718,264276.4318003514,0.999999999992724,2.636790031656531
2017-07-19,0.005394048267526319,265701.9516294521,0.999999999992724,2.6510130043586186
2017-07-20,0.0008218711477565588,265920.324397399,0.999999999992724,2.6531917954592283
2017-07-21,-0.0010131782485890417,265650.8997088618,0.999999999992724,2.650503639242734
2017-07-24,8.466949794749823e-05,265673.39223716944,0.999999999992724,2.650728056055177
2017-07-25,0.0017466039904656672,266137.4184442114,0.999999999992724,2.655357828255522
2017-07-26,0.0010041999760950215,266404.6736334511,0.999999999992724,2.6580243385231803
2017-07-27,-0.0017629099135201276,265935.0261932946,0.999999999992724,2.6533384810664202
2017-07-28,-0.0009260458609984257,265688.7581629938,0.999999999992724,2.650881367948201
2017-07-31,-0.0006711362291537126,265510.4448117118,0.999999999992724,2.6491022654229823
2017-08-01,0.00256920960966478,266192.5967979884,0.017975189632579713,2.655908364420292
2017-08-02,0.0006131201006653875,266355.80482973356,0.017975189632579713,2.657536755224043
2017-08-03,-0.002081940614344302,265801.2678617922,0.017975189632579713,2.6520039215192295
2017-08-04,0.001779692379908493,266274.3123527758,0.017975189632579713,2.6567236726898447
2017-08-07,0.0021913258617987097,266857.8061397671,0.017975189632579713,2.6625454199814627
2017-08-08,-0.0026552649056952315,266149.22797231335,0.017975189632579713,2.6554756565679662
2017-08-09,-0.00042154875190003605,266037.0330974425,0.017975189632579713,2.654356244119239
2017-08-10,-0.014876850655801688,262079.23988713924,0.017975189632579713,2.614867782688182
2017-08-11,0.0019159815861506946,262581.3788848754,0.017975189632579713,2.6198778212100318
2017-08-14,0.009915862436949308,265185.0997164023,0.017975189632579713,2.6458561692867653
2017-08-15,-0.00012169030137232362,265152.82926169835,0.017975189632579713,2.6455341942521367
2017-08-16,0.0021815357220971165,265731.26963054785,0.017975189632579713,2.6513055216009267
2017-08-17,-0.015658585298083172,261570.29387866997,0.017975189632579713,2.6097898279396596
2017-08-18,-0.0010365522045294728,261299.16261391062,0.017975189632579713,2.6070846445401505
2017-08-21,0.000522398985761896,261435.66503144056,0.017975189632579713,2.6084465829142536
2017-08-22,0.010391073693882813,264152.2622929915,0.017975189632579713,2.6355511435838723
2017-08-23,-0.003180037996804219,263312.248061958,0.017975189632579713,2.627169990804755
2017-08-24,-0.0022779251006675993,262712.44248278445,0.017975189632579713,2.62118549433898
2017-08-25,0.002248789824312425,263303.22755016,0.017975189632579713,2.627079989606285
2017-08-28,0.00034248076207199496,263393.4038401874,0.017975189632579713,2.6279797139631493
2017-08-29,0.0008848276837789548,263626.46161562996,0.017975189632579713,2.6303050231664735
2017-08-30,0.004828641721654092,264899.4193471192,0.017975189632579713,2.643005823742011
2017-08-31,0.006741317137026748,266685.1903423524,0.017975189632579713,2.6608231641948645
2017-09-01,0.0015930704495115133,267110.0386384091,1.0,2.6650620429491187
2017-09-05,-0.007404576788767381,265132.2018462604,1.0,2.6453283864052732
2017-09-06,0.0037584381445285864,266128.68482702225,1.0,2.655270689517543
2017-09-07,0.0006317484073401491,266296.81119980925,1.0,2.6569481525467027
2017-09-08,-0.0024556401572822795,265642.8820564708,1.0,2.650423643967492
2017-09-11,0.010851298328916181,268525.45221861865,1.0,2.6791841816261965
2017-09-12,0.0027566760861867934,269265.6899112822,1.0,2.6865698245901752
2017-09-13,-0.000148346558547785,269225.7452728489,1.0,2.686171281202399
2017-09-14,-0.0006387789317781056,269053.7695388763,1.0,2.6844554115808195
2017-09-15,0.0020866982843457116,269615.2035781698,1.0,2.6900570600825677
2017-09-18,0.001484881893708545,270015.5503122316,1.0,2.6940514771041273
2017-09-19,0.0010604448365298946,270301.88690834295,1.0,2.6969083700823675
2017-09-20,-0.00030315603886410525,270219.9432590103,1.0,2.696090786023714
2017-09-21,-0.002661425015546337,269500.77314232127,1.0,2.6889153425616064
2017-09-22,-0.0005420181003822355,269354.6988452111,1.0,2.6874579017755424
2017-09-25,-0.004520078690993912,268137.1944106418,1.0,2.6753103805807834
2017-09-26,0.0007147957378130787,268328.85773435567,1.0,2.67722268103815
2017-09-27,0.003469427908343592,269259.8053619932,1.0,2.686511112124594
2017-09-28,0.0009765498359961544,269522.7509807598,1.0,2.689134624110541
2017-09-29,0.004525545726989932,270742.48851478734,1.0,2.7013044258179852
2017-10-02,0.0035181745969286027,271695.0078601893,0.999999999996362,2.710808086427469
2017-10-03,0.002316835711697607,272324.48055708973,0.999999999996362,2.7170885834096623
2017-10-04,0.0008615142150780741,272559.09196820343,0.999999999996362,2.7194293938478964
2017-10-05,0.005628116854898613,274093.08638766553,0.999999999996362,2.734734660255118
2017-10-06,-0.0008903102844988187,273849.0584939446,0.999999999996362,2.7322998978617177
2017-10-09,-0.0013918622883511977,273467.8983167264,0.999999999996362,2.7284969126734184
2017-10-10,0.003101211150007055,274315.9800121552,0.999999999996362,2.7369585577217608
2017-10-11,0.001897320425401361,274836.44532404625,0.999999999996362,2.742151445096803
2017-10-12,-0.0013744649897283745,274458.69225204695,0.999999999996362,2.7383824539389847
2017-10-13,0.001860903424116156,274969.43337223725,0.999999999996362,2.7434783192240597
2017-10-16,0.0013200373446324853,275332.403292921,0.999999999996362,2.747099813059625
2017-10-17,0.00046493362576294217,275460.414585474,0.999999999996362,2.7483770321360432
2017-10-18,0.0008422234580052201,275692.41380838974,0.999999999996362,2.750691779743951
2017-10-19,-0.00033367761715052957,275600.4214206837,0.999999999996362,2.7497739354653703
2017-10-20,0.004262423304271401,276775.1470796142,0.999999999996362,2.761494635969376
2017-10-23,-0.00401484736827995,275663.93710875633,0.999999999996362,2.7504076564976354
2017-10-24,0.001802742941966251,276160.8883257338,0.999999999996362,2.7553659344879162
2017-10-25,-0.004748962233225962,274849.4106967807,0.999999999996362,2.7422808057263155
2017-10-26,0.0006030703021613348,275015.16421393846,0.999999999996362,2.743934593840436
2017-10-27,0.009832435151577723,277719.2329817725,0.999999999996362,2.7709141527945427
2017-10-30,-0.002526749866977651,277017.5059467787,0.999999999996362,2.7639127458275627
2017-10-31,0.0020788373119193793,277593.3802741957,0.999999999996362,2.7696584707704788
2017-11-01,0.0009834170644327234,277866.3703413309,1.0,2.772382200173285
2017-11-02,0.00043254528008151993,277986.5601283154,1.0,2.773581381008552
2017-11-03,0.003050759878072018,278834.6303725981,1.0,2.7820429118043
2017-11-06,0.0025344789933958722,279541.3308859088,1.0,2.7890939411229945
2017-11-07,-0.001118026920062798,279228.7961527082,1.0,2.785975659014235
2017-11-08,0.002121085115425636,279821.0641960259,1.0,2.7918849505165078
2017-11-09,-0.003806069351444674,278756.04581970075,1.0,2.781258842773587
2017-11-10,-0.00063184767109703,278579.91446134535,1.0,2.7795015108510626
2017-11-13,0.000668100650522252,278766.0338834194,1.0,2.78135849761859
2017-11-14,-0.002891944571820737,277959.85796492227,1.0,2.7733149630091143
2017-11-15,-0.005283326829345625,276491.3051898551,1.0,2.758662633658823
2017-11-16,0.009843913149388595,279213.06158470514,1.0,2.785818669033024
2017-11-17,-0.0021818816695571286,278603.85172373254,1.0,2.7797403423443505
2017-11-20,0.0017080366697579397,279079.7173188125,1.0,2.7844882407814806
2017-11-21,0.007564990292545426,281190.95267117565,1.0,2.8055528672926995
2017-11-22,-0.00025281833304480195,281119.86244325404,1.0,2.8048435720935214
2017-11-24,0.001838543449231178,281636.7135247979,1.0,2.810000398869112
2017-11-27,-0.0014775279670058428,281220.5874040294,1.0,2.8058485446924855
2017-11-28,0.008962990415183558,283741.164833484,1.0,2.830997338305021
2017-11-29,-0.0036171607870769673,282714.8274183688,1.0,2.820757165744585
2017-11-30,0.007224083754075128,284757.18301015795,1.0,2.8411345517598314
2017-12-01,-0.003050191892832177,283888.61895911465,0.14667858221196184,2.832468546183608
2017-12-04,-0.001784631915989987,283381.9822691339,0.14667858221196184,2.8274136324150514
2017-12-05,-0.002972521454947974,282539.6232468932,0.14667858221196184,2.8190090847306855
2017-12-06,-0.0006482194624757298,282356.475564184,0.14667858221196184,2.8171817481770667
2017-12-07,0.0030005303476809964,283203.69473797857,0.14667858221196184,2.8256347875074046
2017-12-08,0.005943157983770764,284886.81903739396,0.14667858221196184,2.8424279814539997
2017-12-11,0.003841894213127972,285981.3240588502,0.14667858221196184,2.8533482890671813
2017-12-12,0.0005577048505809312,286140.81723045337,0.14667858221196184,2.854939615248391
2017-12-13,0.0011802811096977006,286478.54383174394,0.14667858221196184,2.858309246545596
2017-12-14,-0.003966030171655088,285342.3612833754,0.14667858221196184,2.8469731058338756
2017-12-15,0.008071802897403835,287645.58858193463,0.14667858221196184,2.869953311598376
2017-12-18,0.006945469028635465,289643.42210865405,0.14667858221196184,2.8898864834377123
2017-12-19,-0.003935138073038247,288503.6352507092,0.14667858221196184,2.878514381109978
2017-12-20,-0.0003942692407387094,288389.88714148855,0.14667858221196184,2.8773794714304826
2017-12-21,0.002648173318848368,289153.59354604234,0.14667858221196184,2.8849992709749266
2017-12-22,0.0005018766841822231,289298.7129927906,0.14667858221196184,2.886447184842912
2017-12-26,-0.0013861099337959537,288897.7131728769,0.14667858221196184,2.8824462517266234
2017-12-27,0.000378825396158744,289007.154963519,0.14667858221196184,2.8835381955698405
2017-12-28,0.0022554862357075933,289659.0066235603,0.14667858221196184,2.8900419762800857
2017-12-29,-0.003138345877588322,288749.9564742169,0.14667858221196184,2.88097202495777
2018-01-02,0.009209671635809213,291409.24875819864,0.003118295272827254,2.9075048312995833
2018-01-03,0.006997992793471131,293448.52858095936,0.003118295272827254,2.9278515291560003
2018-01-04,0.004159687277785595,294669.1826919825,0.003118295272827254,2.9400304759130758
2018-01-05,0.007224435123301509,296798.001085177,0.003118295272827254,2.961270535346839
2018-01-08,0.001874072460793741,297354.22204542934,0.003118295272827254,2.9668201709060926
2018-01-09,0.001792136240616582,297887.1213230573,0.003118295272827254,2.9721371168537654
2018-01-10,-0.0018976461031081637,297321.8369881125,0.003118295272827254,2.9664970524360648
2018-01-11,0.0071715447894973305,299454.09385896835,0.003118295272827254,2.987771418915522
2018-01-12,0.007013543819999191,301554.32826832635,0.003118295272827254,3.008726284686227
2018-01-16,-0.0035152311818386073,300494.29509057914,0.003118295272827254,2.99814991623268
2018-01-17,0.010116215841794896,303534.1602389434,0.003118295272827254,3.028479847911349
2018-01-18,-0.0011589312649167294,303182.38501067227,0.003118295272827254,3.0249700479304344
2018-01-19,0.00489378173797439,304666.093429713,0.003118295272827254,3.0397735911089154
2018-01-22,0.00838676688072515,307221.2569317692,0.003118295272827254,3.0652674635877304
2018-01-23,0.0028962334816389212,308111.04142236616,0.003118295272827254,3.0741451938459514
2018-01-24,-4.005543170770842e-05,308098.6999015881,0.003118295272827254,3.07402205763308
2018-01-25,-6.301094151395237e-05,308079.28631242807,0.003118295272827254,3.073828360608994
2018-01-26,0.01213495016936661,311817.8131000434,0.003118295272827254,3.1111291145941697
2018-01-29,-0.007373822550885589,309518.52387803845,0.003118295272827254,3.0881882005702583
2018-01-30,-0.010303096033300818,306329.5248024375,0.003118295272827254,3.0563703009708765
2018-01-31,0.0014300441428043431,306767.5895451493,0.003118295272827254,3.0607410454180215
2018-02-01,-0.002730883827556818,305929.84289604187,0.01868180691155885,3.05238251719675
2018-02-02,-0.021658653979233833,299303.81428683514,0.01868180691155885,2.986272020444523
2018-02-05,-0.04061787226699798,287146.7301891072,0.01868180691155885,2.864976004963597
2018-02-06,0.020897491535395885,293147.37655265065,0.01868180691155885,2.9248468167764363
2018-02-07,-0.008496039118542575,290656.7849739612,0.01868180691155885,2.8999972038053587
2018-02-08,-0.03756566623130697,279738.0692017646,0.01868180691155885,2.791056876775483
2018-02-09,0.015255854611924802,284005.71251492726,0.01868180691155885,2.8336368347011827
2018-02-12,0.014903160733100496,288238.295297656,0.01868180691155885,2.875866979907969
2018-02-13,0.003279469698221682,289183.5640529517,0.01868180691155885,2.885298298524693
2018-02-14,0.014726109959311229,293442.11301562097,0.01868180691155885,2.9277875185341813
2018-02-15,0.013939229880345572,297532.47008552006,0.01868180691155885,2.968598621795836
2018-02-16,-0.0005913251040084999,297356.53166670084,0.01868180691155885,2.9668432149070427
2018-02-20,-0.005692422889833848,295663.8525393997,0.01868180691155885,2.9499546886799575
2018-02-21,-0.004386133819440752,294367.0313165905,0.01868180691155885,2.9370157926541207
2018-02-22,0.0011475636939921596,294704.83623443765,0.01868180691155885,2.940386205346452
2018-02-23,0.016433476936002167,299547.8613636246,0.01868180691155885,2.988706974234952
2018-02-26,0.011564265617999503,303011.9123977372,0.01868180691155885,3.0232691755393724
2018-02-27,-0.013914038522297001,298795.7929759202,0.01868180691155885,2.981203291767644
2018-02-28,-0.01003050227027269,295798.7210961273,0.01868180691155885,2.9513003253814243
2018-03-01,-0.013314738583952046,291860.23845126503,0.03295034904886052,2.9120045330662383
2018-03-02,0.005293701344499135,293405.2593879603,0.03295034904886052,2.9274198153781184
2018-03-05,0.010649213618826536,296529.7946720699,0.03295034904886052,2.9585945343440656
2018-03-06,0.002746476748153537,297344.2068582715,0.03295034904886052,2.966720245439856
2018-03-07,-8.242203165376161e-05,297319.69914464175,0.03295034904886052,2.966475722329878
2018-03-08,0.00448746362479846,298653.91047948936,0.03295034904886052,2.9797876742276816
2018-03-09,0.017652088549160005,303925.7757528262,0.03295034904886052,3.0323871501108437
2018-03-12,-0.00012138042505405178,303888.88511298044,0.03295034904886052,3.0320190776696347
2018-03-13,-0.007506269199558768,301607.81333456864,0.03295034904886052,3.009259926254449
2018-03-14,-0.003999458286985225,300401.5454661082,0.03295034904886052,2.997224516704698
2018-03-15,-0.001352546033034474,299995.2385474706,0.03295034904886052,2.9931706325745155
2018-03-16,0.0002554191811914297,300071.8630856617,0.03295034904886052,2.993935145766654
2018-03-19,-0.013907859934073952,295898.50564370974,0.03295034904886052,2.95229591510763
2018-03-20,0.0025520232597531223,296653.6455126387,0.03295034904886052,2.959830242952659
2018-03-21,-0.0014257151097684106,296230.7019278634,0.03295034904886052,2.9556103682529318
2018-03-22,-0.02563413493787814,288637.0841419022,0.03295034904886052,2.8798458532493445
2018-03-23,-0.021145193027084508,282533.7972829469,0.03295034904886052,2.818950956794138
2018-03-26,0.028611718315042056,290617.5747052858,0.03295034904886052,2.899605987513851
2018-03-27,-0.01833032288808556,285290.46072398557,0.03295034904886052,2.8464552735144957
2018-03-28,-0.0041982309314890776,284092.74548731535,0.03295034904886052,2.834505196940127
2018-03-29,0.013869814764761568,288033.05924323696,0.03295034904886052,2.8738192589714404
2018-04-02,-0.02163004234754695,281802.89197431225,0.01826161606174992,2.811658426700692
2018-04-03,0.01234864905016786,285282.7769886254,0.01826161606174992,2.8463786098609662
2018-04-04,0.010449969255349245,288263.9732372372,0.01826161606174992,2.876123178823097
2018-04-05,0.0070969455694585015,290309.76696493773,0.01826161606174992,2.8965348684742627
2018-04-06,-0.02209970973796338,283894.0053809168,0.01826161606174992,2.832522288635092
2018-04-09,0.004558037719770924,285188.0049658599,0.01826161606174992,2.845433032068782
2018-04-10,0.016788872270099953,289975.9899541963,0.01826161606174992,2.8932046437973082
2018-04-11,-0.004646257286029298,288628.6868980981,0.01826161606174992,2.879762070641091
2018-04-12,0.007764557310837805,290869.76087907027,0.01826161606174992,2.9021221482801614
2018-04-13,-0.0039027791315724425,289734.56044630596,0.01826161606174992,2.890795806522579
2018-04-16,0.0074347136663577285,291888.65394247224,0.01826161606174992,2.912288045611982
2018-04-17,0.010823125637570374,295047.80151627294,0.01826161606174992,2.943808105022435
2018-04-18,0.0014884356615352257,295486.96118590736,0.01826161606174992,2.9481897739866674
2018-04-19,-0.005917311877884246,293738.4726807221,0.01826161606174992,2.930744415618799
2018-04-20,-0.009546669611653735,290934.24852980743,0.01826161606174992,2.902765566966687
2018-04-23,-0.0010294843128692,290634.7362848696,0.01826161606174992,2.8997772153515577
2018-04-24,-0.013382957539504914,286745.183949664,0.01826161606174992,2.8609696200044845
2018-04-25,0.0013744765280512272,287139.30847453454,0.01826161606174992,2.864901955594648
2018-04-26,0.011272825284354804,290376.1797312384,0.01826161606174992,2.8971974947968726
2018-04-27,0.0013231623340677068,290760.3945549693,0.01826161606174992,2.9010309573963435
2018-04-30,-0.007538345808364988,288568.5421534373,0.01826161606174992,2.879161982838718
2018-05-01,0.0003235415779612172,288661.90607491555,0.9999999999854481,2.8800935114498514
2018-05-02,-0.00535773769158987,287115.3313006118,0.9999999999854481,2.8646627258882527
2018-05-03,-0.001762643063531355,286609.24945346126,0.9999999999854481,2.859613348005109
2018-05-04,0.010393353832490293,289588.08079469553,0.9999999999854481,2.889334321355038
2018-05-07,0.00271116942308125,290373.2031446349,0.9999999999854481,2.897167796220155
2018-05-08,2.1688491581350888e-05,290379.50090140675,0.9999999999854481,2.897230631419513
2018-05-09,0.007751218034228291,292630.29572556395,0.9999999999854481,2.9196876977390906
2018-05-10,0.007513232090530453,294828.8950540707,0.9999999999854481,2.9416239890440714
2018-05-11,0.0024559213446422312,295552.97163045127,0.9999999999854481,2.9488483861866763
2018-05-14,0.00038371260515579486,295666.3790311571,0.9999999999854481,2.9499798964831494
2018-05-15,-0.005504788054703669,294038.7982796889,0.9999999999854481,2.933740882387373
2018-05-16,0.0034036959020207203,295039.6169324286,0.9999999999854481,2.9437264442063458
2018-05-17,-0.0006799982947797156,294838.9904960221,0.9999999999854481,2.9417247152439874
2018-05-18,-0.001991008044319731,294251.9636941654,0.9999999999854481,2.9358677176717625
2018-05-21,0.006048444674555897,296031.73041694897,0.9999999999854481,2.9536251511339144
2018-05-22,-0.0022397288354457645,295368.6996141272,0.9999999999854481,2.9470098317138222
2018-05-23,0.0022365948973690486,296029.3197405267,0.9999999999854481,2.9536010988659296
2018-05-24,-0.001608163504519089,295553.2561922524,0.9999999999854481,2.948851225371826
2018-05-25,-0.0018973439668170666,294992.49000474287,0.9999999999854481,2.9432562402903253
2018-05-29,-0.009256447803858814,292261.90741848364,0.9999999999854481,2.9160121425286967
2018-05-30,0.010694809643746916,295387.5928844427,0.9999999999854481,2.9471983373118955
2018-05-31,-0.004889838117750234,293943.19537324586,0.9999999999854481,2.9327870145415376
2018-06-01,0.008840340549369552,296541.75332251523,0.9096466074552154,2.958713850508854
2018-06-04,0.004719470139709747,297941.27327249805,0.9096466074552154,2.9726774121782764
2018-06-05,0.0008949072725688012,298207.903084748,0.9096466074552154,2.9753376828134357
2018-06-06,0.007266341684884159,300374.7836016946,0.9096466074552154,2.9969575030446696
2018-06-07,-0.0008974364805769408,300105.21631304506,0.9096466074552154,2.9942679240506984
2018-06-08,0.002396280766364889,300824.3526707818,0.9096466074552154,3.0014430306864446
2018-06-11,0.0013468169530870266,301229.5080088602,0.9096466074552154,3.005485425043898
2018-06-12,0.0015630966054223094,301700.35883028194,0.9096466074552154,3.0101832891094307
2018-06-13,-0.002573984662079809,300923.7867341088,0.9096466074552154,3.002435123493214
2018-06-14,0.0030695061448064997,301847.4741466076,0.9096466074552154,3.0116511165541593
2018-06-15,-0.0013756839380612007,301432.2274246798,0.9096466074552154,3.007508036486072
2018-06-18,-0.001716235487359885,300914.8987389396,0.9096466074552154,3.002346444465334
2018-06-19,-0.0033336640349634905,299911.7495634289,0.9096466074552154,2.9923376301029196
2018-06-20,0.0020746663422006595,300533.96637587866,0.9096466074552154,2.9985457322685947
2018-06-21,-0.005888603570471718,298764.24098842964,0.9096466074552154,2.980888485163335
2018-06-22,0.0012425885996314445,299135.48202825943,0.9096466074552154,2.984592503211772
2018-06-25,-0.013150086507173975,295201.82456222264,0.9096466074552154,2.945344853605874
2018-06-26,0.00216934997642948,295842.22063337866,0.9096466074552154,2.9517343373946208
2018-06-27,-0.007969566151671992,293484.4864855834,0.9096466074552154,2.928210295330593
2018-06-28,0.00543002431813866,295078.1143841966,0.9096466074552154,2.944110548442862
2018-06-29,0.001442556789860383,295503.7813216407,0.9096466074552154,2.948357595104618
2018-07-02,0.0023618987373486,296201.731329626,0.004707539549002604,2.9553213171857475
2018-07-03,-0.003969861448116174,295025.85149555525,0.004707539549002604,2.943589101021856
2018-07-05,0.00777127410334133,297318.5782550989,0.004707539549002604,2.9664645387735047
2018-07-06,0.008357353092093955,299803.3745944161,0.004707539549002604,2.9912563303592106
2018-07-09,0.008121116695636088,302238.11278524285,0.004707539549002604,3.0155486720846176
2018-07-10,0.0029693933342191947,303135.5766226943,0.004707539549002604,3.0245030222105194
2018-07-11,-0.006379636819203061,301201.6817368618,0.004707539549002604,3.0052077913702337
2018-07-12,0.009007930950103882,303914.8856880026,0.004707539549002604,3.032278495645611
2018-07-13,0.0007266994567443064,304135.7404703286,0.004707539549002604,3.034482050781094
2018-07-16,-0.0009500625259293294,303846.792500512,0.004707539549002604,3.0315991030990417
2018-07-17,0.0038615079087753745,305020.09929280874,0.004707539549002604,3.0433056470118953
2018-07-18,0.0015042242306393394,305478.917916997,0.004707539549002604,3.047883461107372
2018-07-19,-0.003523065482819443,304402.6956855546,0.004707539549002604,3.0371455680898882
2018-07-20,-0.0009286061417239644,304120.02547278366,0.004707539549002604,3.0343252560620506
2018-07-23,0.0018036315720073581,304668.5459524061,0.004707539549002604,3.0397980608936233
2018-07-24,0.0044749106966397445,306031.9104876182,0.004707539549002604,3.053400885751941
2018-07-25,0.008248312453101425,308556.1573059396,0.004707539549002604,3.0785862903021997
2018-07-26,-0.0034329131550419056,307496.91081445484,0.004707539549002604,3.0680177709272893
2018-07-27,-0.006787274836713597,305409.8447693167,0.004707539549002604,3.0471942911120844
2018-07-30,-0.005625709178047389,303691.69780253194,0.004707539549002604,3.030051662221281
2018-07-31,0.004744258756466335,305132.4897990977,0.004707539549002604,3.0444270113523197
2018-08-01,-0.0011761856238058366,304773.59735123994,0.07364340613389686,3.040846200068841
2018-08-02,0.005099017999718569,306327.6434099729,0.07364340613389686,3.056351529577368
2018-08-03,0.0030783658803217318,307270.6319756455,0.07364340613389686,3.065760097844288
2018-08-06,0.00350581112931847,308347.86477693846,0.07364340613389686,3.0765080737151314
2018-08-07,0.0028952508009369993,309240.60917940113,0.07364340613389686,3.0854153361796444
2018-08-08,-0.00043701123004813436,309105.4675604028,0.07364340613389686,3.0840669750283713
2018-08-09,-0.0008277164707778395,308849.6158736956,0.07364340613389686,3.081514241996158
2018-08-10,-0.00562523134357007,307112.2653340333,0.07364340613389686,3.0641800114964237
2018-08-13,-0.0035720406167828456,306015.24784834794,0.07364340613389686,3.0532346360382245
2018-08-14,0.0060756777919095395,307874.4978936858,0.07364340613389686,3.071785105909891
2018-08-15,-0.007216602843801878,305652.68991665216,0.07364340613389686,3.0496172527790333
2018-08-16,0.007401579514174195,307915.0026047915,0.07364340613389686,3.0721892373632746
2018-08-17,0.00325978083390277,308918.7380287537,0.07364340613389686,3.082203900957354
2018-08-20,0.0019937799536562384,309534.6540159442,0.07364340613389686,3.0883491373081635
2018-08-21,0.0030444032297523016,310477.00231635064,0.07364340613389686,3.0977513173963875
2018-08-22,-0.00022561122841779913,310406.95521846256,0.07364340613389686,3.097052429916337
2018-08-23,-0.001338896653441335,309991.35238491563,0.07364340613389686,3.092905796782389
2018-08-24,0.005367861229840898,311655.34294696857,0.07364340613389686,3.1095080858964876
2018-08-27,0.0064786729476395966,313674.4559863064,0.07364340613389686,3.1296535718130514
2018-08-28,0.0004813335509885608,313825.4380260607,0.07364340613389686,3.1311599790801363
2018-08-29,0.00459629725700883,315267.8730260395,0.07364340613389686,3.145551721103238
2018-08-30,-0.0032871385503845385,314231.54384691786,0.07364340613389686,3.135211856778571
2018-08-31,0.0004039390568466583,314358.47424037085,0.07364340613389686,3.136478291299013
2018-09-04,-0.001744651992370394,313810.02810196887,0.053706145496903446,3.1310062281990714
2018-09-05,-0.003454581505052845,312725.9457827877,0.053706145496903446,3.1201899119909298
2018-09-06,-0.0032731692258031186,311702.3408409413,0.053706145496903446,3.10997700239234
2018-09-07,-0.001913701920418509,311105.83547267504,0.053706145496903446,3.104025433430404
2018-09-10,0.00172318281848316,311641.9277030914,0.053706145496903446,3.1093742367254262
2018-09-11,0.0034102670206983543,312704.70989140414,0.053706145496903446,3.1199780331399403
2018-09-12,-9.739658436158649e-05,312674.25352074695,0.053706145496903446,3.1196741579362293
2018-09-13,0.00579031742950753,314484.73670066637,0.053706145496903446,3.1377380615873114
2018-09-14,-0.00014061567814582787,314440.5152161487,0.053706145496903446,3.1372968464219375
2018-09-17,-0.0056434739001595124,312665.97837537364,0.053706145496903446,3.1195915935521024
2018-09-18,0.005159718348070497,314279.24676081445,0.053706145496903446,3.1356878075358394
2018-09-19,0.0007798257098694528,314524.3297975169,0.053706145496903446,3.13813309750628
2018-09-20,0.007606273229814553,316916.6877873811,0.053706145496903446,3.162002595277437
2018-09-21,-0.0012707886421017278,316513.9536600484,0.053706145496903446,3.1579843582930622
2018-09-24,-0.0023842907451169237,315759.2923696364,0.053706145496903446,3.15045480541436
2018-09-25,-0.0006102281547561983,315566.6071593066,0.053706145496903446,3.1485323091918094
2018-09-26,-0.0023300998816763174,314831.3054453037,0.053706145496903446,3.1411959144307073
2018-09-27,0.0030985929866009787,315806.83952031896,0.053706145496903446,3.1509292020607025
2018-09-28,6.14323952818907e-05,315826.2402909171,0.053706145496903446,3.1511227711889487
2018-10-01,0.002982285504118609,316768.124309157,0.021263944516761057,3.1605203189511637
2018-10-02,-0.0006804084160266788,316552.5926114481,0.021263944516761057,3.1583698743271262
2018-10-03,0.0005462022063531524,316725.49433595926,0.021263944516761057,3.160094982920963
2018-10-04,-0.00814522913350535,314145.6926121701,0.021263944516761057,3.134355285201431
2018-10-05,-0.005674222925118544,312363.1599213229,0.021263944516761057,3.1165702545866742
2018-10-08,-0.0005977958222547208,312176.43052929564,0.021263944516761057,3.1147071819087193
2018-10-09,-0.000864552679613162,311906.53755976947,0.021263944516761057,3.1120143534683895
2018-10-10,-0.02962396026261005,302666.63068545057,0.021263944516761057,3.01982416392457
2018-10-11,-0.01877887271330614,296982.89255324326,0.021263944516761057,2.9631152703336645
2018-10-12,0.013756009274792147,301068.1919776603,0.021263944516761057,3.0038759114746525
2018-10-15,-0.005651132276754067,299366.81580047135,0.021263944516761057,2.986900611355954
2018-10-16,0.02026445535687804,305433.32127459074,0.021263944516761057,3.0474285254502087
2018-10-17,0.0001814124204218004,305488.73067268066,0.021263944516761057,3.0479813668350735
2018-10-18,-0.013801713654680636,301272.4626872045,0.021263944516761057,3.005914000785214
2018-10-19,-0.0005110508659580404,301118.49713425885,0.021263944516761057,3.0043778258321168
2018-10-22,-0.0030525922043749265,300199.3051573137,0.021263944516761057,2.995206685501985
2018-10-23,-0.004413795604568782,298874.28678371577,0.021263944516761057,2.9819864553987414
2018-10-24,-0.028589754603297934,290329.54426733364,0.021263944516761057,2.896732194408533
2018-10-25,0.017600105106297947,295439.3747619023,0.021263944516761057,2.9477149854949207
2018-10-26,-0.016484245043821955,290569.2797127336,0.021263944516761057,2.8991241293546763
2018-10-29,-0.006399043299263996,288709.91431041586,0.021263944516761057,2.8805725085209946
2018-10-30,0.013347331993250222,292563.4213864598,0.021263944516761057,2.919020466122854
2018-10-31,0.010767600186186055,295713.62733705185,0.021263944516761057,2.950451311437359
2018-11-01,0.008549056511567121,298241.6998483968,0.999999999996362,2.9756748864334646
2018-11-02,-0.004745918531093185,296826.2690383416,0.999999999996362,2.9615525758474313
2018-11-05,0.004437033277354452,298143.29707165767,0.999999999996362,2.974693083179101
2018-11-06,0.005069188972526284,299654.6417854059,0.999999999996362,2.9897723645530028
2018-11-07,0.017194431187175008,304807.03290350264,0.999999999996362,3.0411797997406267
2018-11-08,-0.0014404454274307144,304367.97500670806,0.999999999996362,3.0367991462040957
2018-11-09,-0.00782246608866366,301987.06684374285,0.999999999996362,3.013043887864831
2018-11-12,-0.01503595790364276,297446.4020192358,0.999999999996362,2.9677398868050675
2018-11-13,-0.0014767158341859599,297007.15820755233,0.999999999996362,2.963357378322477
2018-11-14,-0.005492582663284229,295375.82183951023,0.999999999996362,2.947080892961188
2018-11-15,0.008406537911481049,297858.90988393896,0.999999999996362,2.971855640216068
2018-11-16,0.0021043985775393015,298485.7237502061,0.999999999996362,2.9781096089979906
2018-11-19,-0.013573330418559904,294434.2783965216,0.999999999996362,2.9376867432523723
2018-11-20,-0.014732966777885048,290096.3879546351,0.999999999996362,2.894405902060202
2018-11-21,0.00275524770623492,290895.6753621341,0.999999999996362,2.902380707282766
2018-11-23,-0.005315956434878921,289349.2866248143,0.999999999996362,2.8869517778854177
2018-11-26,0.012854793528337183,293068.81196194794,0.999999999996362,2.9240629469164006
2018-11-27,0.002682688116479648,293855.0241811091,0.999999999996362,2.931907295835932
2018-11-28,0.018395960522867627,299260.7696053911,0.999999999996362,2.985842546706837
2018-11-29,-0.0017298147099340522,298743.1039240215,0.999999999996362,2.9806775923479965
2018-11-30,0.004905318704303996,300208.5340594818,0.999999999996362,2.9952987658932413
2018-12-03,0.010620918667905821,303397.0244831388,0.09772284327345915,3.027111590471872
2018-12-04,-0.025881907895699885,295544.5306396368,0.09772284327345915,2.948764167097273
2018-12-06,-0.0011595336261502887,295201.83681833535,0.09772284327345915,2.945344975889937
2018-12-07,-0.018422838679610032,289763.3810007066,0.09772284327345915,2.8910833605433166
2018-12-10,0.001521532767793543,290204.2654798058,0.09772284327345915,2.895482238610806
2018-12-11,0.0001565196775494826,290249.6881578622,0.09772284327345915,2.895935438557144
2018-12-12,0.004025197972912675,291418.00061427377,0.09772284327345915,2.90759215201411
2018-12-13,-0.0002450021447040207,291346.6025791179,0.09772284327345915,2.906879785700942
2018-12-14,-0.014582886673381812,287097.92809103185,0.09772284327345915,2.864489087212921
2018-12-17,-0.01543369751734458,282666.9455110185,0.09772284327345915,2.820279429099142
2018-12-18,-0.0008602122831811165,282423.79193244065,0.09772284327345915,2.8178533900922282
2018-12-19,-0.011769638957458861,279099.76586839935,0.09772284327345915,2.7846882730557914
2018-12-20,-0.01267847456963811,275561.2065844449,0.09772284327345915,2.749382673601484
2018-12-21,-0.015911819210454703,271176.52648385847,0.09772284327345915,2.705634993558781
2018-12-24,-0.020461851753299398,265627.7525999711,0.09772284327345915,2.6502726914220416
2018-12-26,0.038909667318517194,275963.24008420133,0.09772284327345915,2.7533939201486244
2018-12-27,0.006054937105032243,277634.1801462121,0.09772284327345915,2.770065547160503
2018-12-28,-0.0009828897656660729,277361.2963519473,0.09772284327345915,2.7673428780839746
2018-12-31,0.006858004836468368,279263.4414637781,0.09772284327345915,2.7863213289260407
2019-01-02,0.0011375595945612993,279581.1202710254,0.999999999996362,2.789490935487291
2019-01-03,-0.018339348953706924,274453.78454550676,0.999999999996362,2.738333487818187
2019-01-04,0.025930498527465096,281570.50800152123,0.999999999996362,2.809339840291765
2019-01-07,0.006067915528904733,283279.05405950523,0.999999999996362,2.826386677134642
2019-01-08,0.007326292678375479,285354.4393191985,0.999999999996362,2.847093613153591
2019-01-09,0.0038279525161013517,286446.7625631711,0.999999999996362,2.8579921523136385
2019-01-10,0.0028143414726948812,287252.9215667718,0.999999999996362,2.866035518156531
2019-01-11,0.0006181554761819363,287430.48853328754,0.999999999996362,2.8678071737070114
2019-01-14,-0.004996876967780173,285994.23374529777,0.999999999996362,2.85347709409268
2019-01-15,0.009182117922294175,288620.26652464323,0.999999999996362,2.8796780572592042
2019-01-16,0.0019137614886028942,289172.6168755484,0.999999999996362,2.8851890742247615
2019-01-17,0.005989772218376599,290904.6949824248,0.999999999996362,2.9024706995863165
2019-01-18,0.010493454552265247,293957.29017826344,0.999999999996362,2.932927643961707
2019-01-22,-0.010652739183865556,290825.83983479853,0.999999999996362,2.901683930725434
2019-01-23,0.001651235207025259,291306.0617006465,0.999999999996362,2.9064752933915075
2019-01-24,0.0007612711169759923,291527.8245916192,0.999999999996362,2.9086879090845708
2019-01-25,0.006634428891096444,293461.9452136483,0.999999999996362,2.927985392183784
2019-01-28,-0.0061376428458554955,291660.7806050769,0.999999999996362,2.910014463588678
2019-01-29,-0.0008049936797812629,291425.99552004976,0.999999999996362,2.9076719203374166
2019-01-30,0.013074589839554118,295236.2708800582,0.999999999996362,2.9456885380838176
2019-01-31,0.007569722752449826,297471.1275970874,0.999999999996362,2.9679865836321815
2019-02-01,-0.00014262147237820155,297428.7018268795,0.14104838934099462,2.967563285015625
2019-02-04,0.0054209626601953165,299041.0517135534,0.14104838934099462,2.983650334775461
2019-02-05,0.0035311248615133017,300097.0030058722,0.14104838934099462,2.994185976650649
2019-02-06,-0.0009595407547257073,299809.047701117,0.14104838934099462,2.9913129331788246
2019-02-07,-0.007320284716601844,297614.36011133157,0.14104838934099462,2.9694156708315025
2019-02-08,0.001133315539904478,297951.6510905445,0.14104838934099462,2.9727809557556917
2019-02-11,0.0002795654210543397,298034.9480693354,0.14104838934099462,2.9736120425152897
2019-02-12,0.010179150809949578,301068.6907523687,0.14104838934099462,3.0038808879463352
2019-02-13,0.0023596616619330213,301779.11099954543,0.14104838934099462,3.0109690305146355
2019-02-14,-0.0012972944231623984,301387.6146418188,0.14104838934099462,3.007062917183034
2019-02-15,0.008649028783710433,303994.3247959097,0.14104838934099462,3.033071090908178
2019-02-19,0.0015816867731912598,304475.1485985646,0.14104838934099462,3.0378684593348164
2019-02-20,0.0016024607585589656,304963.0580761502,0.14104838934099462,3.042736524330564
2019-02-21,-0.0031403763877062563,304005.35928944516,0.14104838934099462,3.033181186395545
2019-02-22,0.005298965758292251,305616.27327865723,0.14104838934099462,3.049253909640951
2019-02-25,0.0009359427879505056,305902.3126255127,0.14104838934099462,3.0521078368463095
2019-02-26,-0.00027712895923415193,305817.5382359875,0.14104838934099462,3.051262009378014
2019-02-27,-0.0006799436582268781,305609.5995402894,0.14104838934099462,3.0491873231251487
2019-02-28,-0.0017298551264743889,305080.9392078248,0.14104838934099462,3.04391267080266
2019-03-01,0.0046972383266585815,306513.9770882048,0.05619918449224315,3.058210654062956
2019-03-04,-0.0026131264284591227,305713.0173139835,0.05619918449224315,3.0502191629790287
2019-03-05,-0.0010178790240279456,305401.8384462873,0.05619918449224315,3.0471144088743443
2019-03-06,-0.004548258587370735,304012.7919119752,0.05619918449224315,3.033255344597481
2019-03-07,-0.006311687133914612,302093.9582847189,0.05619918449224315,3.014110385865107
2019-03-08,-0.0014346880126419048,301660.5477040763,0.05619918449224315,3.009786077825727
2019-03-11,0.011460697287487331,305117.78792489035,0.05619918449224315,3.0442803249637813
2019-03-12,0.003301487160945582,306125.1303843005,0.05619918449224315,3.0543309773709684
2019-03-13,0.005257897914593634,307734.7050689528,0.05619918449224315,3.0703903378473663
2019-03-14,-0.0006554162396019692,307533.0107457615,0.05619918449224315,3.068377954158024
2019-03-15,0.004278113513366044,308848.6718748391,0.05619918449224315,3.081504823347822
2019-03-18,0.0027781706925011918,309706.7062034597,0.05619918449224315,3.090065769736848
2019-03-19,0.00013148540283047794,309747.4281144842,0.05619918449224315,3.0904720682793547
2019-03-20,-0.0017139716204508382,309216.5298131883,0.05619918449224315,3.0851750868605277
2019-03-21,0.009018895504873559,312005.3213839531,0.05619918449224315,3.1129999585831625
2019-03-22,-0.014690200219026672,307421.90074342105,0.05619918449224315,3.067269365909754
2019-03-25,-0.00034020982554594514,307317.31279220013,0.05619918449224315,3.066225850733875
2019-03-26,0.0058695542808127055,309121.1284410674,0.05619918449224315,3.0842232298019887
2019-03-27,-0.0038702186495809254,307924.7620847953,0.05619918449224315,3.072286611538538
2019-03-28,0.003055370506127142,308865.5863209754,0.05619918449224315,3.081673585437802
2019-03-29,0.004871478749697289,310370.2184612508,0.05619918449224315,3.0966858928227663
2019-04-01,0.008787363134863169,313097.55427711667,0.033945834447763445,3.123897596277608
2019-04-02,0.0005508588418703386,313270.02683325816,0.033945834447763445,3.1256184228896147
2019-04-03,0.0009609540916823978,313571.06494734506,0.033945834447763445,3.1286219987021284
2019-04-04,0.002262315861888853,314280.46174140484,0.033945834447763445,3.135699929875647
2019-04-05,0.003927206912255343,315514.7061431425,0.033945834447763445,3.148014472315013
2019-04-08,0.0004531754060466131,315657.6896482126,0.033945834447763445,3.149441075051745
2019-04-09,-0.003925633224005631,314418.5333343167,0.033945834447763445,3.137077524530474
2019-04-10,0.0029684720339810955,315351.87595748494,0.033945834447763445,3.146389851430473
2019-04-11,-0.000414221912002688,315221.2503004722,0.033945834447763445,3.145086547810308
2019-04-12,0.004969689174246561,316787.80193558295,0.033945834447763445,3.160716650379029
2019-04-15,-0.00038515112089076986,316665.79075858294,0.033945834447763445,3.1594992968183178
2019-04-16,0.00019161398501799098,316726.46835266904,0.033945834447763445,3.1601047010692422
2019-04-17,-0.001925894531471628,316116.4865792963,0.033945834447763445,3.154018672706575
2019-04-18,0.0018250851593242245,316693.42608756985,0.033945834447763445,3.159775025378363
2019-04-22,0.0005533024705137723,316868.6533426196,0.033945834447763445,3.161523336706173
2019-04-23,0.007402793366863669,319214.36650775134,0.033945834447763445,3.184927440692326
2019-04-24,-0.0013963752855298273,318768.62345557386,0.033945834447763445,3.1804800867279375
2019-04-25,-0.0005937456038382916,318579.3559867555,0.033945834447763445,3.1785916906583473
2019-04-26,0.003992873183241263,319851.4029540093,0.033945834447763445,3.1912834041804503
2019-04-29,0.001069951011051451,320193.6282859862,0.033945834447763445,3.1946979210853055
2019-04-30,0.000614899488931453,320390.51518437837,0.033945834447763445,3.1966623392042712
2019-05-01,-0.007129564471236249,318106.2703503987,0.05056783064526371,3.1738715289641415
2019-05-02,-0.0024455041654367626,317328.3401412053,0.05056783064526371,3.1661098129194984
2019-05-03,0.009550526865772957,320358.992978995,0.05056783064526371,3.196347829747774
2019-05-06,-0.0036499413635298072,319189.7014393422,0.05056783064526371,3.1846813475917486
2019-05-07,-0.014957566720057658,314415.400183708,0.05056783064526371,3.137046263853022
2019-05-08,-0.0015534310934526285,313926.97752480226,0.05056783064526371,3.132173078645153
2019-05-09,-0.0026800613379522886,313085.6339693978,0.05056783064526371,3.1237786626733013
2019-05-10,0.004063592911798475,314357.88653238176,0.05056783064526371,3.1364724275049674
2019-05-13,-0.022993152222371638,307129.80779503967,0.05056783064526371,3.064355039538074
2019-05-14,0.008181039195444884,309642.44879070035,0.05056783064526371,3.089424648225294
2019-05-15,0.006390147700931603,311621.10977295105,0.05056783064526371,3.1091665280383523
2019-05-16,0.008171183507623914,314167.42304575525,0.05056783064526371,3.1345720982947154
2019-05-17,-0.006122916175584137,312243.8022493468,0.05056783064526371,3.115379376090532
2019-05-20,-0.007114059734928957,310022.4811882836,0.05056783064526371,3.0932163811120583
2019-05-21,0.008097969628493074,312533.0338250964,0.05056783064526371,3.118265153420661
2019-05-22,-0.0025786410967335582,311727.12329998816,0.05056783064526371,3.110224266745538
2019-05-23,-0.010618220718467186,308417.13590085605,0.05056783064526371,3.0771992189973014
2019-05-24,0.0017295405007822229,308950.55582853185,0.05056783064526371,3.0825213596755328
2019-05-28,-0.007321217325902629,306688.66166635277,0.05056783064526371,3.0599535508896114
2019-05-29,-0.006182023387973246,304792.70518710517,0.05056783064526371,3.0410368464719
2019-05-30,0.0029694250026268687,305697.76426650607,0.05056783064526371,3.050066977317724
2019-05-31,-0.011555194567385962,302165.3671215917,0.05056783064526371,3.0148228599512583
2019-06-03,-0.00192309094196641,301584.2756411042,1.0,3.009025081417653
2019-06-04,0.01700642093818261,306713.1447809937,1.0,3.0601978285657903
2019-06-05,0.006956763736552407,308846.8756641301,1.0,3.0814869018462336
2019-06-06,0.00524505583439816,310466.79477126786,1.0,3.0976494726993837
2019-06-07,0.008434316973883194,313085.37012823427,1.0,3.123776030226112
2019-06-10,0.003244716248672841,314101.2433159111,1.0,3.1339117970686017
2019-06-11,-0.0002063368091484996,314036.4326676157,1.0,3.1332651557082416
2019-06-12,-0.001167930968777764,313669.6597925787,1.0,3.129605718299498
2019-06-13,0.0036016392055651103,314799.3847368839,1.0,3.1408774289524857
2019-06-14,-0.0008113011540715753,314543.9876327459,1.0,3.138329231469579
2019-06-17,0.000289069136658604,314634.91259169206,1.0,3.139236425591071
2019-06-18,0.00864122429264036,317353.74344169215,1.0,3.16636327165223
2019-06-19,0.0021092812221970014,318023.13173352764,1.0,3.1730420222437803
2019-06-20,0.007898401753419382,320535.00619483966,1.0,3.198103982915944
2019-06-21,-0.001567999731475922,320032.4073911975,1.0,3.1930893567295
2019-06-24,-0.0006527006797499846,319823.52202135127,1.0,3.19100522513586
2019-06-25,-0.007797633885402888,317329.65528868866,1.0,3.166122934663843
2019-06-26,-0.001179172981101484,316955.46873307,1.0,3.1623895280444416
2019-06-27,0.0031562470486112826,317955.8584958,1.0,3.1723708106588915
2019-06-28,0.004216677264587743,319296.5757354617,1.0,3.1857476745310387
2019-07-01,0.005882896779157543,321174.9645324519,0.999999999992724,3.2044890992647455
2019-07-02,0.004605584123007489,322654.16284981003,0.999999999992724,3.21924764338267
2019-07-03,0.0073064670130114084,325011.62484728295,0.999999999992724,3.2427689700957596
2019-07-05,-0.0022344627381367665,324285.3984821004,0.999999999992724,3.2355231236636945
2019-07-08,-0.005739724377753497,322424.0896750832,0.999999999992724,3.216952112716017
2019-07-09,0.0018460613958379835,323019.3043401205,0.999999999992724,3.222890803823561
2019-07-10,0.006395333698576922,325085.12058245775,0.999999999992724,3.2435022659880874
2019-07-11,0.0009494701219852075,325393.7791915527,0.999999999992724,3.246581874480234
2019-07-12,0.004783556962076885,326950.31886942097,0.999999999992724,3.2621120838088564
2019-07-15,0.000587600042201819,327142.43489058653,0.999999999992724,3.2640289010069696
2019-07-16,-0.003941896104043163,325852.87340102415,0.999999999992724,3.251162438198606
2019-07-17,-0.004302601557929497,324450.8583202731,0.999999999992724,3.237173981626931
2019-07-18,0.004469425787309467,325900.9673531644,0.999999999992724,3.2516422904984212
2019-07-19,-0.006671766636982213,323726.6321522173,0.999999999992724,3.2299480919492733
2019-07-22,0.002741830950314883,324614.2358516935,0.999999999992724,3.2388040635956905
2019-07-23,0.005792098274062907,326494.4334069063,0.999999999992724,3.257563535022471
2019-07-24,0.00497128259704005,328117.52950173256,0.999999999992724,3.273757803932881
2019-07-25,-0.005480950724692679,326319.13349062565,0.999999999992724,3.2558144987249467
2019-07-26,0.006555796439568162,328458.41530412645,0.999999999992724,3.2771589558235816
2019-07-29,-0.0011391221646682714,328084.2610430817,0.999999999992724,3.273425871419862
2019-07-30,-0.0020603421550776657,327408.29520963714,0.999999999992724,3.266681494105454
2019-07-31,-0.011449263170265844,323659.7114736539,0.999999999992724,3.2292803979860034
2019-08-01,-0.005051852606919982,322024.6303164908,0.0018345224849127817,3.212966549388962
2019-08-02,-0.007863398807736677,319492.4222223982,0.0018345224849127817,3.187701712055199
2019-08-05,-0.026014618706085124,311180.948678799,0.0018345224849127817,3.104774867467348
2019-08-06,0.013382454201263716,315345.3134727988,0.0018345224849127817,3.146324374936465
2019-08-07,0.002635645499412531,316176.45192901423,0.0018345224849127817,3.154616970614958
2019-08-08,0.018241228882454052,321943.8989558936,0.0018345224849127817,3.212161060812419
2019-08-09,-0.006691285433155447,319789.68043451675,0.0018345224849127817,3.190667574297256
2019-08-12,-0.00974320124322714,316673.90522253595,0.0018345224849127817,3.1595802580206382
2019-08-13,0.01380992778838408,321047.1489861248,0.0018345224849127817,3.2032138332255076
2019-08-14,-0.025669107501169686,312806.1552058559,0.0018345224849127817,3.1209901929912083
2019-08-15,0.0027151895753254607,313655.4832175685,0.0018345224849127817,3.129464273027911
2019-08-16,0.012513185961806617,317580.31260701024,0.0018345224849127817,3.1686238414371393
2019-08-19,0.009819380663034671,320698.75458758406,0.0018345224849127817,3.199737765114178
2019-08-20,-0.006008695426649946,318771.7734475613,0.0018345224849127817,3.1805115154384573
2019-08-21,0.006977013524910536,320995.8484222647,0.0018345224849127817,3.2027019872978055
2019-08-22,-0.0008394954261814469,320726.373875691,0.0018345224849127817,3.2000133336280467
2019-08-23,-0.0213987128093599,313863.24231073767,0.0018345224849127817,3.1315371673156176
2019-08-26,0.010228898335278291,317073.71750751504,0.0018345224849127817,3.163569342633235
2019-08-27,-0.0022447284673516865,316361.9731075769,0.0018345224849127817,3.156467988471385
2019-08-28,0.005591386017658628,318130.8750205295,0.0018345224849127817,3.1741170194473107
2019-08-29,0.010797156824107201,321565.7839687166,0.0018345224849127817,3.2083884586843516
2019-08-30,-0.0008696497471190057,321286.1343660061,0.0018345224849127817,3.205598284472597
2019-09-03,-0.0038803679465893026,320039.4259485287,0.6652530502033187,3.193159383639888
2019-09-04,0.010837407773831353,323507.8237112358,0.6652530502033187,3.2277649539672293
2019-09-05,0.00917042462162243,326474.5278230848,0.6652530502033187,3.2573649291739004
2019-09-06,-0.00012692815055503903,326433.0890150649,0.6652530502033187,3.2569514778677577
2019-09-09,9.670123737071101e-05,326464.65549869137,0.6652530502033187,3.257266429105724
2019-09-10,-0.0010300313185768184,326128.3866791193,0.6652530502033187,3.2539113426707957
2019-09-11,0.007011879227725393,328415.15953924623,0.6652530502033187,3.2767273760233295
2019-09-12,0.0033304312012747417,329508.9236335474,0.6652530502033187,3.2876402911145086
2019-09-13,-0.001384184598847371,329052.82245627104,0.6652530502033187,3.283089590056998
2019-09-16,-0.0020143377118559957,328389.9989468047,0.6652530502033187,3.2764763388843443
2019-09-17,0.002479780888236194,329204.33419008093,0.6652530502033187,3.284601282290268
2019-09-18,-5.48317891707617e-05,329186.2833274345,0.6652530502033187,3.2844211817252473
2019-09-19,0.0003218292901716602,329292.22511533205,0.6652530502033187,3.285478204662787
2019-09-20,-0.0031589422460333028,328252.00999412494,0.6652530502033187,3.275099568763656
2019-09-23,0.00032517545062260567,328358.74948939256,0.6652530502033187,3.276164550741763
2019-09-24,-0.006578524494205151,326198.63341299,0.6652530502033187,3.2546122219976614
2019-09-25,0.0035247036952654742,327348.3869415713,0.6652530502033187,3.266083765723193
2019-09-26,-0.0019110688344100568,326722.80164129287,0.6652530502033187,3.2598420548279465
2019-09-27,-0.0053645370102819445,324970.08507978515,0.6652530502033187,3.2423545114771484
2019-09-30,0.002707328664440789,325849.8859062074,0.6652530502033187,3.251132630786349
2019-10-01,-0.010096139640937585,322560.05995611474,0.07987901697106281,3.2183087417547216
2019-10-02,-0.014660738403843077,317831.0912975702,0.07987901697106281,3.171125959189054
2019-10-03,0.0078082395605827415,320312.7925982231,0.07987901697106281,3.195886870355185
2019-10-04,0.01211361756335716,324192.9392684089,0.07987901697106281,3.2346006216784224
2019-10-07,-0.004750464592540693,322652.87218926265,0.07987901697106281,3.2192347659541287
2019-10-08,-0.013021812970474667,318451.3468332276,0.07987901697106281,3.1773144929238244
2019-10-09,0.008592023116382075,321187.4881666617,0.07987901697106281,3.204614052495042
2019-10-10,0.005142452047910195,322839.17942294746,0.07987901697106281,3.2210936265920562
2019-10-11,0.008726016204033904,325656.2793338891,0.07987901697106281,3.2492009417724086
2019-10-14,-0.0005937190812985715,325462.93098690384,0.07987901697106281,3.2472718291743052
2019-10-15,0.008176555709107136,328124.09677336755,0.07987901697106281,3.273823328188163
2019-10-16,-0.0008679638817268298,327839.296908644,0.07987901697106281,3.270981767784141
2019-10-17,0.002794513096965101,328755.44811755506,0.07987901697106281,3.280122569174148
2019-10-18,-0.004041998624312648,327426.6190485286,0.07987901697106281,3.2668643182619688
2019-10-21,0.005607106065891543,329262.53483033,0.07987901697106281,3.2851819729973406
2019-10-22,-0.0026439487915447257,328391.9815492644,0.07987901697106281,3.2764961200898295
2019-10-23,0.002853612294727137,329329.0849453032,0.07987901697106281,3.285845969701744
2019-10-24,0.002187109100383111,330049.36358400795,0.07987901697106281,3.293032473324536
2019-10-25,0.0039164240342739465,331341.97684404516,0.07987901697106281,3.305929384848709
2019-10-28,0.004194480154425584,332731.7841902456,0.07987901697106281,3.3197960400453885
2019-10-29,-0.0005443202078567744,332550.6715563146,0.07987901697106281,3.317989007974829
2019-10-30,0.003308907297172814,333651.050900107,0.07987901697106281,3.328967926015256
2019-10-31,-0.001397540063094449,333184.76018938055,0.07987901697106281,3.3243155599698935
2019-11-01,0.008385659384670507,335978.73410049186,0.8792248514000676,3.352192137942961
2019-11-04,0.0035456633924544345,337170.00159863516,0.8792248514000676,3.3640778828909395
2019-11-05,-0.0024356343938900515,336348.7787461536,0.8792248514000676,3.3558842190956453
2019-11-06,0.00037661797278776277,336475.4537413546,0.8792248514000676,3.3571481054071515
2019-11-07,0.001629956202509275,337023.89399417245,0.8792248514000676,3.3626201097843027
2019-11-08,0.001766811758914244,337619.3517731164,0.8792248514000676,3.3685612265350304
2019-11-11,-0.0018998286268261388,336977.93286364735,0.8792248514000676,3.362161537485643
2019-11-12,0.0022430104000068507,337733.7778716333,0.8792248514000676,3.3697029007807258
2019-11-13,0.000668454895938142,337959.5376689753,0.8792248514000676,3.37195539518261
2019-11-14,0.0014929147771940432,338464.082456855,0.8792248514000676,3.3769894372201175
2019-11-15,0.00630726803099102,340598.86614377383,0.8792248514000676,3.3982890147384905
2019-11-18,0.0009553829774253675,340924.26850261795,0.8792248514000676,3.401535682215543
2019-11-19,-3.475287007792538e-05,340912.42040580825,0.8792248514000676,3.4014174690879133
2019-11-20,-0.003544404534291612,339704.0888771256,0.8792248514000676,3.3893614695874597
2019-11-21,-0.0020426243371098884,339010.20103776944,0.8792248514000676,3.3824382773624175
2019-11-22,0.0016716209493088385,339576.8975918536,0.8792248514000676,3.3880924320466006
2019-11-25,0.0069634961852924615,341941.5400228479,0.8792248514000676,3.4116854007725754
2019-11-26,0.002470293577748528,342786.23601313174,0.8792248514000676,3.420113265307402
2019-11-27,0.0037900417796961072,344085.4101691263,0.8792248514000676,3.43307563747421
2019-11-29,-0.002866157734787711,343099.20710934245,0.8792248514000676,3.4232359011817524
2019-12-02,-0.008724435229953365,340105.8602994686,1.000000000007276,3.393370101285041
2019-12-03,-0.006521249160744702,337887.94524342637,1.000000000007276,3.37124108935994
2019-12-04,0.006312846855980769,340020.98009623017,1.000000000007276,3.392523218071659
2019-12-05,0.0015404148689091013,340544.75346971146,1.000000000007276,3.397749111279896
2019-12-06,0.00923753893285073,343690.54888826597,1.000000000007276,3.4291359509794033
2019-12-09,-0.0035005957235917373,342487.4272225888,1.000000000007276,3.4171319323337896
2019-12-10,-0.0008820986500951422,342185.3195253612,1.000000000007276,3.414117684869081
2019-12-11,0.003357958678119166,343334.36368858634,1.000000000007276,3.425582150977107
2019-12-12,0.008425141682433468,346227.0043471108,1.000000000007276,3.4544431659439043
2019-12-13,0.001383657369560698,346706.0638932166,1.000000000007276,3.459222931688191
2019-12-16,0.007504609227255488,349307.95741945505,1.000000000007276,3.485183048020472
2019-12-17,-0.0001331343008142971,349261.4525487751,1.000000000007276,3.484719050612164
2019-12-18,-0.00012464452666283155,349217.9190203406,1.000000000007276,3.4842846994555474
2019-12-19,0.003993061985960056,350612.36781759677,1.000000000007276,3.498197664237205
2019-12-20,0.00406727585637201,352038.4050361667,1.000000000007276,3.512425799137774
2019-12-23,0.00162406009278393,352610.13656091323,1.000000000007276,3.5181301897070183
2019-12-24,-1.4000030062133462e-05,352605.2000084012,1.000000000007276,3.5180809357786003
2019-12-26,0.005599849313910443,354579.7359957495,1.000000000007276,3.5377816588931013
2019-12-27,-1.032668229117295e-05,354576.074363469,1.000000000007276,3.5377451253458942
2019-12-30,-0.005792780707753908,352522.09292046516,1.000000000007276,3.5172517436348403
2019-12-31,0.0026796824560506582,353466.7401882344,1.000000000007276,3.5266768614257726
2020-01-02,0.009960879749481455,356987.5798826906,0.010173057951192277,3.5618056655577135
2020-01-03,-0.008188884052059087,354064.2499830061,0.010173057951192277,3.532638451946494
2020-01-06,0.004039335930013044,355494.43442949554,0.010173057951192277,3.5469079653731868
2020-01-07,-0.0024218081430289473,354633.4951133927,0.010173057951192277,3.5383180347800716
2020-01-08,0.005155985129843277,356461.9801407417,0.010173057951192277,3.556561549952054
2020-01-09,0.006685154031584428,358844.9833843861,0.010173057951192277,3.580337711736294
2020-01-10,-0.002896270248230026,357805.6713352833,0.010173057951192277,3.569968086143176
2020-01-13,0.007252966316602549,360400.8238173675,0.010173057951192277,3.5958609444233187
2020-01-14,-0.0015530450535167217,359841.1051006546,0.010173057951192277,3.590276410370448
2020-01-15,0.0017820360054581208,360482.3549061878,0.010173057951192277,3.596674412203275
2020-01-16,0.008160512156755173,363424.0755456955,0.010173057951192277,3.6260251174679503
2020-01-17,0.0032355567833484145,364599.9547785595,0.010173057951192277,3.637757327633366
2020-01-21,-0.0024037978694005924,363723.53018407925,0.010173057951192277,3.6290128943198043
2020-01-22,0.000607879325148275,363944.63019814814,0.010173057951192277,3.631218896228958
2020-01-23,0.0010036143849998513,364309.8902643585,0.010173057951192277,3.634863239748297
2020-01-24,-0.008351351538402496,361267.410301844,0.010173057951192277,3.6045072190391427
2020-01-27,-0.016996335381101346,355127.1882340919,0.010173057951192277,3.5432438054607522
2020-01-28,0.010789477412670001,358958.82501016866,0.010173057951192277,3.581473554467354
2020-01-29,-0.00047263959694743285,358789.16685579513,0.010173057951192277,3.579780808250093
2020-01-30,0.0027385974029481286,359771.74593635235,0.010173057951192277,3.5895843866746904
2020-01-31,-0.01781167501995684,353363.6085163716,0.010173057951192277,3.52564787612253
2020-02-03,0.007414820882740258,355983.7363799992,0.999999999992724,3.551789923619592
2020-02-04,0.013203171364783772,360683.85065450036,0.999999999992724,3.5986848146328536
2020-02-05,0.009709526684692715,364185.92012716795,0.999999999992724,3.6336263408703298
2020-02-06,0.0040912204043177525,365675.8849945574,0.999999999992724,3.6484923070977646
2020-02-07,-0.004458212504486636,364045.62419148546,0.999999999992724,3.632226553071738
2020-02-10,0.007460808387511619,366761.6988378902,0.999999999992724,3.6593258994042377
2020-02-11,0.0010748511429750085,367155.91306908557,0.999999999992724,3.6632591300297306
2020-02-12,0.006082720224195093,369389.2197669437,0.999999999992724,3.68554171042643
2020-02-13,-0.00044476581458086084,369224.92806971667,0.999999999992724,3.68390250746542
2020-02-14,0.001978076302701748,369955.2831502981,0.999999999992724,3.6911895477169008
2020-02-18,-0.0007948129801721437,369661.237889167,0.999999999992724,3.6882557423520996
2020-02-19,0.005375428188092446,371648.3253273615,0.999999999992724,3.7080816962344327
2020-02-20,-0.0038424642344634385,370220.2799294929,0.999999999992724,3.6938335249381833
2020-02-21,-0.008722552587745014,366991.01406875823,0.999999999992724,3.6616138677665346
2020-02-24,-0.029473334962542785,356174.56498286646,0.999999999992724,3.5536938957383595
2020-02-25,-0.028691003060550724,345955.5594488527,0.999999999992724,3.45173485329947
2020-02-26,-0.0019405463428182612,345284.2166531866,0.999999999992724,3.4450366018535212
2020-02-27,-0.04063558903345499,331253.38912552927,0.999999999992724,3.305045510295391
2020-02-28,-0.007284341105294967,328840.4264468539,0.999999999992724,3.2809704314298758
2020-03-02,0.04039421827541956,342123.6784105302,0.05846906249826134,3.413502667192252
2020-03-03,-0.02318932318234146,334190.06186353695,0.05846906249826134,3.3343458506589463
2020-03-04,0.03790420483579071,346857.27042249806,0.05846906249826134,3.4607315787756923
2020-03-05,-0.027570449204518233,337294.2596670967,0.05846906249826134,3.3653176545725847
2020-03-06,-0.014820564465816921,332295.3683477505,0.05846906249826134,3.3154417473250395
2020-03-09,-0.06888297822488842,309405.87372562115,0.05846906249826134,3.087064245638163
2020-03-10,0.04380399408979363,322959.0867896457,0.05846906249826134,3.2222899896089108
2020-03-11,-0.04345169399823634,308925.9673765122,0.05846906249826134,3.082276031006844
2020-03-12,-0.08913520905507522,281389.7866918654,0.05846906249826134,2.8075367126176016
2020-03-13,0.0719459265236011,301634.63560969016,0.05846906249826134,3.0095275426559
2020-03-16,-0.10018877191894315,271414.2318997374,0.05846906249826134,2.7080066741009707
2020-03-17,0.05149205659036804,285389.90888814995,0.05846906249826134,2.8474475070108722
2020-03-18,-0.04517216983630157,272498.2274542878,0.05846906249826134,2.7188221246242237
2020-03-19,0.00012439596390723118,272532.125133955,0.05846906249826134,2.7191603351231084
2020-03-20,-0.03618761860913611,262669.83653087006,0.05846906249826134,2.6207603979785827
2020-03-23,-0.014636915787561433,258825.1602536352,0.05846906249826134,2.5824005487339945
2020-03-24,0.08396979502545543,280558.6559075636,0.05846906249826134,2.799244193484811
2020-03-25,0.009178714927964071,283133.8238307119,0.05846906249826134,2.824937657950567
2020-03-26,0.05242276811579227,297976.4826231269,0.05846906249826134,2.973028709734879
2020-03-27,-0.02760694925588858,289750.26098790206,0.05846906249826134,2.8909524570089284
2020-03-30,0.02961243675627534,298330.4722665206,0.05846906249826134,2.9765606038075045
2020-03-31,-0.016172478620815833,293505.7290818524,0.05846906249826134,2.928422241078865
2020-04-01,-0.038899452693873515,282088.51685805205,0.999999999996362,2.8145082186443307
2020-04-02,0.01846962889900894,287298.5870810921,0.999999999996362,2.8664911409759024
2020-04-03,-0.011563542691102602,283976.39760428644,0.999999999996362,2.83334434829356
2020-04-06,0.0533257767676929,299119.65959022625,0.999999999996362,2.984434636516667
2020-04-07,0.00038652231967151174,299235.2760149104,0.999999999996362,2.9855881871152814
2020-04-08,0.027134769808928594,307354.95634828624,0.999999999996362,3.0666014353169113
2020-04-09,0.012602868234762088,311228.51036444475,0.999999999996362,3.1052494091347427
2020-04-13,-0.007648989761967928,308847.92667503457,0.999999999996362,3.081497388195914
2020-04-14,0.024239794341075704,316334.33690030506,0.999999999996362,3.156192251148345
2020-04-15,-0.016674659605542597,311059.56951094745,0.999999999996362,3.103563819710795
2020-04-16,0.004032286264773255,312313.8507406127,0.999999999996362,3.1160782774728624
2020-04-17,0.021893916382855316,319151.62407393527,0.999999999996362,3.184301434722285
2020-04-20,-0.014268934912589293,314597.6703227771,0.999999999996362,3.138864844808168
2020-04-21,-0.024640837472595267,306845.7202590965,0.999999999996362,3.061520586318807
2020-04-22,0.017800241864610378,312307.64829482895,0.999999999996362,3.1160163932287657
2020-04-23,1.1033158284989852e-05,312311.09403454623,0.999999999996362,3.116050772730851
2020-04-24,0.011420541519847838,315877.8558510769,0.999999999996362,3.1516377599587777
2020-04-27,0.011351764710481271,319463.62694794964,0.999999999996362,3.187414410262498
2020-04-28,-0.003398543530049314,318377.9159054996,0.999999999996362,3.1765818436409146
2020-04-29,0.0214643302485098,325211.6846363275,0.999999999996362,3.244765045394243
2020-04-30,-0.007876638447048778,322650.1097776915,0.999999999996362,3.2192072042860507
2020-05-01,-0.021369776634805437,315755.1490005468,0.7666047896018426,3.1504134653893012
2020-05-04,0.0037211337969729197,316930.11615706095,0.7666047896018426,3.1621365754098005
2020-05-05,0.008941111286272951,319763.82359559264,0.7666047896018426,3.1904095904329335
2020-05-06,-0.006092388969559326,317815.6980038547,0.7666047896018426,3.170972374235803
2020-05-07,0.012479986503210139,321782.03362545115,0.7666047896018426,3.2105460666683183
2020-05-08,0.013979649544272554,326280.4336851783,0.7666047896018426,3.255428375526084
2020-05-11,0.000458458987476984,326430.01988243917,0.7666047896018426,3.256920855922932
2020-05-12,-0.017693695076663407,320654.2666467701,0.7666047896018426,3.1992938914094062
2020-05-13,-0.014413118325426133,316032.6387600375,0.7666047896018426,3.153182089994709
2020-05-14,0.011583363565715654,319693.3597134275,0.7666047896018426,3.1897065445320214
2020-05-15,0.004898735732921544,321259.4529982334,0.7666047896018426,3.2053320739592537
2020-05-18,0.02533920215381924,329399.911221581,0.7666047896018426,3.286552631351428
2020-05-19,-0.007498124420280861,326930.0297032121,0.7666047896018426,3.261909650807753
2020-05-20,0.015816078860566574,332100.7808348855,0.7666047896018426,3.3135002710809722
2020-05-21,-0.008080111327741113,329417.36955370987,0.7666047896018426,3.2867268200061375
2020-05-22,0.0024568195337622,330226.68858198996,0.7666047896018426,3.2948017146596684
2020-05-26,0.008136050341673418,332913.4295444571,0.7666047896018426,3.321608387275971
2020-05-27,0.012648569841364976,337124.3083091785,0.7666047896018426,3.363621982948095
2020-05-28,-0.0012903083088890988,336689.3140130387,0.7666047896018426,3.359281873555535
2020-05-29,0.0057666345505389405,338630.87824402354,0.7666047896018426,3.3786536244725798
2020-06-01,0.003971892456954063,339975.8836750127,0.030567552428578892,3.3920732733182826
2020-06-02,0.00664961766899852,342236.5933181314,0.030567552428578892,3.414629263691077
2020-06-03,0.009297741362826573,345418.62064769823,0.030567552428578892,3.4463776034348155
2020-06-04,-0.001803250244461596,344795.7444355737,0.030567552428578892,3.440162922178915
2020-06-05,0.020602023865203378,351899.23459105595,0.030567552428578892,3.5110372408018327
2020-06-08,0.011541196252494279,355960.57271857385,0.030567552428578892,3.5515588106477427
2020-06-09,-0.004415744931601906,354388.7416237417,0.030567552428578892,3.535876032830339
2020-06-10,-0.0019473868881152434,353698.609635008,0.030567552428578892,3.528990314206004
2020-06-11,-0.05199285888126404,335308.8077377557,0.030567552428578892,3.345508018806144
2020-06-12,0.010506775159086823,338831.8219895178,0.030567552428578892,3.3806585193526617
2020-06-15,0.008515491001577224,341717.1413207175,0.030567552428578892,3.4094464865536147
2020-06-16,0.017092431074141823,347557.9180055947,0.030567552428578892,3.467722215626008
2020-06-17,-0.002822974415534363,346576.7708951485,0.030567552428578892,3.4579329245311152
2020-06-18,0.0003934860248671068,346713.14401103935,0.030567552428578892,3.4592935728118466
2020-06-19,-0.003521110732916277,345492.3286384189,0.030567552428578892,3.4471130170843103
2020-06-22,0.006992552552429698,347908.2019028844,0.030567552428578892,3.471217136010437
2020-06-23,0.0053830344882610515,349781.00375247654,0.030567552428578892,3.489902817569824
2020-06-24,-0.022828299327254165,341796.0982998276,0.030567552428578892,3.4102342714273126
2020-06-25,0.009456271498449187,345028.2150024614,0.030567552428578892,3.4424823725712455
2020-06-26,-0.020926064712674886,337808.1322476212,0.030567552428578892,3.370444763670577
2020-06-29,0.012857978396041192,342151.6619140681,0.030567552428578892,3.413781869626903
2020-06-30,0.012666112705915555,346485.39342638804,0.030567552428578892,3.4570212155410087
2020-07-01,0.006293882044550392,348666.13162277336,0.0031854608068044854,3.4787792992971323
2020-07-02,0.00530375480789802,350515.3712947188,0.0031854608068044854,3.4972298917313953
2020-07-06,0.015424403447031443,355921.8617959546,0.0031854608068044854,3.5511725765284785
2020-07-07,-0.008332911618242012,352955.99637860875,0.0031854608068044854,3.521580969307142
2020-07-08,0.008068954189115907,355803.98214416153,0.0031854608068044854,3.549996444821744
2020-07-09,-0.003948423131404533,354399.1174708177,0.0031854608068044854,3.535979556742606
2020-07-10,0.008584713931928167,357441.5325120325,0.0031854608068044854,3.5663349297063873
2020-07-13,-0.008918736720188947,354253.6055906968,0.0031854608068044854,3.5345277274123226
2020-07-14,0.01153176879539397,358338.7762653034,0.0031854608068044854,3.5752870839657507
2020-07-15,0.007637323767776261,361075.52551819023,0.0031854608068044854,3.6025927089887455
2020-07-16,-0.004255611841355811,359538.92823617125,0.0031854608068044854,3.587261472796791
2020-07-17,0.003244345684391803,360705.39680636517,0.0031854608068044854,3.598899789074845
2020-07-20,0.009809364243820617,364243.6874283507,0.0031854608068044854,3.6342027079828894
2020-07-21,0.0018064999521669733,364901.6936322671,0.0031854608068044854,3.6407678950010256
2020-07-22,0.006409491527515909,367240.5279459794,0.0031854608068044854,3.6641033659776867
2020-07-23,-0.011303216178910058,363089.5288689489,0.0031854608068044854,3.622687213530169
2020-07-24,-0.00522063563680597,361193.9707351846,0.0031854608068044854,3.6037744835622125
2020-07-27,0.009622449387288068,364669.5414375776,0.0031854608068044854,3.6384516211334903
2020-07-28,-0.00545519169770492,362680.19918272144,0.0031854608068044854,3.6186031700573817
2020-07-29,0.011717423802270588,366929.8767812373,0.0031854608068044854,3.6610038769731843
2020-07-30,-0.0030954227962901593,365794.07367600873,0.0031854608068044854,3.649671522115095
2020-07-31,0.009022022564548093,369094.27606269164,0.0031854608068044854,3.6825989409408058
2020-08-03,0.006981556383701459,371671.1285619248,0.03149938280762399,3.7083092130855433
2020-08-04,0.005590925543295322,373749.11416830705,0.03149938280762399,3.7290420937874202
2020-08-05,0.0061494115425104745,376047.4512849767,0.03149938280762399,3.751973508281464
2020-08-06,0.008011285521682732,379060.07478692173,0.03149938280762399,3.782031639326097
2020-08-07,-0.0022140482839141384,378220.81747883937,0.03149938280762399,3.7736580386653378
2020-08-10,0.001615463005280704,378831.8192173034,0.03149938280762399,3.7797542436213813
2020-08-11,-0.013882000605018874,373572.8756737284,0.03149938280762399,3.7272836929246065
2020-08-12,0.013246842703791284,378521.5367961813,0.03149938280762399,3.776658433717185
2020-08-13,0.0010100495938163423,378903.862320673,0.03149938280762399,3.7804730460341442
2020-08-14,-0.0005109629129643745,378710.2564994482,0.03149938280762399,3.77854136451416
2020-08-17,0.00580478040174115,380908.58637431456,0.03149938280762399,3.80047496737406
2020-08-18,0.00357906483414161,382271.8829008294,0.03149938280762399,3.8140771136828233
2020-08-19,-0.007125546091153567,379547.9869798675,0.03149938280762399,3.786899731414062
2020-08-20,0.004562785833958971,381279.78315816686,0.03149938280762399,3.804178543863181
2020-08-21,0.0027757908502406003,382338.136091639,0.03149938280762399,3.814738147857918
2020-08-24,0.008229361704196636,385484.5349068454,0.03149938280762399,3.8461310078834376
2020-08-25,0.0037287275493242955,386921.901711991,0.03149938280762399,3.8604721825308426
2020-08-26,0.011349921986530065,391313.43511130195,0.03149938280762399,3.904288240633737
2020-08-27,0.00034729180429438067,391449.3350602264,0.03149938280762399,3.905644167941312
2020-08-28,0.007331730468862263,394319.33607710333,0.03149938280762399,3.934279298287942
2020-08-31,-0.0018625209529419262,393584.9080515096,0.03149938280762399,3.926951620660155
2020-09-01,0.009334129615770959,397258.68059807364,0.054358222864493655,3.9636062960822582
2020-09-02,0.011246745551989568,401726.54789707926,0.054358222864493655,4.00818396756256
2020-09-03,-0.03351651222411667,388262.07514373463,0.054358222864493655,3.8738436206172406
2020-09-04,-0.007594889673878447,385313.26751846686,0.054358222864493655,3.8444222057047948
2020-09-08,-0.02682007718065771,374979.13594489015,0.054358222864493655,3.7413145054327575
2020-09-09,0.01964218662865891,382344.54611497297,0.054358222864493655,3.814802103184977
2020-09-10,-0.016181533083993505,376157.62519252906,0.054358222864493655,3.7530727567434012
2020-09-11,-0.0002646490018503034,376058.0754524835,0.054358222864493655,3.7520795097844575
2020-09-14,0.013035314033064349,380960.11056067643,0.054358222864493655,3.800989044471524
2020-09-15,0.005167694032846226,382928.7958507733,0.054358222864493655,3.8206313928755535
2020-09-16,-0.004439243186753483,381228.881802781,0.054358222864493655,3.8036706809956344
2020-09-17,-0.009110940047461713,377755.52831631503,0.054358222864493655,3.7690156654607954
2020-09-18,-0.010318751402825677,373857.5629285759,0.054358222864493655,3.73012412977555
2020-09-21,-0.01077500105079976,369829.2472951711,0.054358222864493655,3.689932038357605
2020-09-22,0.009448837148348765,373323.7036255595,0.054358222864493655,3.72479760527652
2020-09-23,-0.0237424026286277,364460.101943271,0.054358222864493655,3.6363619608218967
2020-09-24,0.0029636531094225926,365540.2352576556,0.054358222864493655,3.6471388762540724
2020-09-25,0.01492129893218963,370994.57037967804,0.054358222864493655,3.70155892567387
2020-09-28,0.016360897430929944,377064.3744930919,0.054358222864493655,3.762119751591363
2020-09-29,-0.003980183852059782,375563.58895854745,0.054358222864493655,3.747145823306564
2020-09-30,0.00614807344624535,377872.5814872001,0.054358222864493655,3.7701835510420443
2020-10-01,0.007588260940814662,380739.97723790427,0.009983892974048558,3.798792687622119
2020-10-02,-0.01050274613519997,376741.1619134527,0.009983892974048558,3.75889493240377
2020-10-05,0.016786914996014923,383065.48377399374,0.009983892974048558,3.8219951821129827
2020-10-06,-0.01432985010052168,377576.2128128286,0.009983892974048558,3.767226564068388
2020-10-07,0.015607163471820229,383469.1064892692,0.009983892974048558,3.8260222848891865
2020-10-08,0.007989589517085616,386532.86724260205,0.009983892974048558,3.8565906324286736
2020-10-09,0.010461735893088075,390576.6720136922,0.009983892974048558,3.8969372650728995
2020-10-12,0.01567569717299211,396699.2336470139,0.009983892974048558,3.9580244735423302
2020-10-13,-0.006767509489211676,394014.56781894475,0.009983892974048558,3.931238505359101
2020-10-14,-0.005590286059665606,391811.91367316135,0.009983892974048558,3.909261757545371
2020-10-15,-0.0013141797175368897,391297.0024031228,0.009983892974048558,3.9041242850330624
2020-10-16,-0.0013726321066965808,390759.8955743701,0.009983892974048558,3.898765358690892
2020-10-19,-0.013786206211831242,385372.7990746682,0.009983892974048558,3.8450161754844356
2020-10-20,0.0039011386593788,386876.19179941143,0.009983892974048558,3.8600161167325546
2020-10-21,-0.0008501734784704951,386547.2799216919,0.009983892974048558,3.8567344334036404
2020-10-22,0.0034125324864424655,387866.3850719707,0.009983892974048558,3.8698956649492118
2020-10-23,0.0028156531721390543,388958.4822894647,0.009983892974048558,3.880791948954073
2020-10-26,-0.016373757666812705,382589.7703580057,0.009983892974048558,3.8172488020265813
2020-10-27,-0.0017255508369060646,381929.59225957276,0.009983892974048558,3.8106619451615655
2020-10-28,-0.032857141850824445,369380.47746967245,0.009983892974048558,3.6854544850838535
2020-10-29,0.009436694161011339,372866.20806460205,0.009983892974048558,3.720232991903917
2020-10-30,-0.01041922451332522,368981.23132934474,0.009983892974048558,3.6814710491193905
2020-11-02,0.010019225072796623,372678.13733367104,0.999999999992724,3.718356536159502
2020-11-03,0.016122652605842447,378686.6974756943,0.999999999992724,3.7783063068566656
2020-11-04,0.025534604506922687,388356.31252776884,0.999999999992724,3.8747838641082626
2020-11-05,0.0199180091510478,396091.5971145641,0.999999999992724,3.951961844571903
2020-11-06,0.00025467253660860223,396192.4707663306,0.999999999992724,3.9529683007194403
2020-11-09,0.008692266602347898,399636.28134807444,0.999999999992724,3.9873285550599236
2020-11-10,-0.004065824115468297,398011.43051795335,0.999999999992724,3.9711167784644656
2020-11-11,0.00857757990629504,401425.4053668399,0.999999999992724,4.005179349948973
2020-11-12,-0.008985433391867637,397818.4241251127,0.999999999992724,3.9691910776775234
2020-11-13,0.013225224634382693,403079.6621478634,0.999999999992724,4.021684521296596
2020-11-16,0.011939341218442534,407892.16777246125,0.999999999992724,4.069700785069284
2020-11-17,-0.00477628535224861,405943.9583862327,0.999999999992724,4.0502627328215235
2020-11-18,-0.010719975391863756,401592.24914185656,0.999999999992724,4.006844015995093
2020-11-19,0.004401002773523732,403359.6577441555,0.999999999992724,4.024478147622565
2020-11-20,-0.005479142695424488,401149.5926217977,0.999999999992724,4.002427457577124
2020-11-23,0.004779679609846044,403066.9591501501,0.999999999992724,4.021557778485993
2020-11-24,0.01563463587662639,409368.7642903618,0.999999999992724,4.084433370009435
2020-11-25,-0.0010816175126875383,408925.98386575805,0.999999999992724,4.080015575347028
2020-11-27,0.00407307674262225,410591.5707800956,0.999999999992724,4.096633791896511
2020-11-30,-0.0057979053259185065,408210.99972509244,0.999999999992724,4.072881897016136
2020-12-01,0.012086315914511037,413144.7668275483,0.05979332400841031,4.122108034305966
2020-12-02,0.0017698850483021111,413875.9855731406,0.05979332400841031,4.12940369168337
2020-12-03,0.0009114718639420261,414253.22188915184,0.05979332400841031,4.133167526963198
2020-12-04,0.007971903027204963,417555.60840275936,0.05979332400841031,4.166116737683341
2020-12-07,-0.001076831022847946,417105.9715698671,0.05979332400841031,4.161630533935398
2020-12-08,0.002963584740921288,418342.10046255874,0.05979332400841031,4.173963878683121
2020-12-09,-0.01062240390259328,413898.3017019862,0.05979332400841031,4.129626348488913
2020-12-10,0.001495343587554654,414517.221873336,0.05979332400841031,4.135801558768123
2020-12-11,-0.0018346345038040557,413756.7342756662,0.05979332400841031,4.128213874527521
2020-12-14,-0.0032250889803906446,412422.3319913913,0.05979332400841031,4.1149000174520864
2020-12-15,0.012814797701084846,417707.4407432707,0.05979332400841031,4.167631628735926
2020-12-16,0.0023565755238956765,418691.79987427534,0.05979332400841031,4.177452967424818
2020-12-17,0.005934603912560066,421176.56986796606,0.05979332400841031,4.2022444961498335
2020-12-18,-0.003793208018778138,419578.95952582144,0.05979332400841031,4.186304508630172
2020-12-21,-0.00440624087064978,417730.19356589403,0.05979332400841031,4.16785864260726
2020-12-22,-0.0018086602805028607,416974.66155682463,0.05979332400841031,4.160320402225626
2020-12-23,0.0012328665632748148,417488.73567479086,0.05979332400841031,4.16544952214204
2020-12-24,0.0029759036889045465,418731.1419433616,0.05979332400841031,4.177845498740928
2020-12-28,0.008085904115259224,422116.96180718864,0.05979332400841031,4.211627156852114
2020-12-29,-0.0003580770744574524,421965.81140042585,0.05979332400841031,4.210119069721083
2020-12-30,0.002542467793845704,423038.64588601544,0.05979332400841031,4.2208231618641046
2020-12-31,0.0040353815014715355,424745.76821203146,0.05979332400841031,4.237855793572474
2021-01-04,-0.011848136275975918,419713.32246761123,0.019176738032456342,4.1876451006122934
2021-01-05,0.008668038417104729,423351.4136709311,0.019176738032456342,4.223943769221601
2021-01-06,0.0024186570551250064,424375.3555544035,0.019176738032456342,4.23416004061948
2021-01-07,0.015066365276655391,430769.1496755966,0.019176738032456342,4.297953442431272
2021-01-08,0.007861466133973538,434155.6267573319,0.019176738032456342,4.33174165786434
2021-01-11,-0.008003524910782267,430680.8513834233,0.019176738032456342,4.297072455598549
2021-01-12,0.0011216875948441007,431163.940751757,0.019176738032456342,4.30189242846614
2021-01-13,0.0031495879432543727,432521.92950111476,0.019176738032456342,4.315441616992015
2021-01-14,-0.0023192345097671208,431518.80971598474,0.019176738032456342,4.3054330958690015
2021-01-15,-0.007787357196179401,428158.4186078562,0.019176738032456342,4.271905150467218
2021-01-19,0.0095701343184309,432255.9521835004,0.019176738032456342,4.312787856552786
2021-01-20,0.015142446064555504,438801.3646255221,0.019176738032456342,4.378094014058506
2021-01-21,0.0015446772347507132,439479.1711040367,0.019176738032456342,4.384856756213621
2021-01-22,-0.003850159579889212,437787.1061632487,0.019176738032456342,4.367974357967243
2021-01-25,0.004488386968383162,439752.064105478,0.019176738032456342,4.387579517153775
2021-01-26,-0.001742273739143152,438985.89563245303,0.019176738032456342,4.379935152582635
2021-01-27,-0.024888008831045805,428060.410785248,0.019176738032456342,4.27092728782575
2021-01-28,0.007933068648350972,431456.2434096487,0.019176738032456342,4.304808847192188
2021-01-29,-0.0202637944317553,422713.3027868982,0.019176738032456342,4.217577085644684
2021-02-01,0.018079514431546206,430355.7540450405,0.999999999992724,4.293828831430756
2021-02-02,0.014302506955780947,436510.92021073005,0.999999999992724,4.355241348159227
2021-02-03,0.0013006110094098133,437078.6511192837,0.999999999992724,4.360905823005279
2021-02-04,0.011284046461506936,442010.6669258464,0.999999999992724,4.410114486926327
2021-02-05,0.005285149658676325,444346.7594512809,0.999999999992724,4.433422602001629
2021-02-08,0.008888330948701118,448296.2605052668,0.999999999992724,4.472828329323671
2021-02-09,0.0010612655715245278,448772.0218923842,0.999999999992724,4.477575188036922
2021-02-10,-0.0008153933363242993,448406.0961762044,0.999999999992724,4.473924203065706
2021-02-11,0.0022146761040953145,449399.17044233653,0.999999999992724,4.48383249608977
2021-02-12,0.004401869714889095,451377.36704060296,0.999999999992724,4.503569742560943
2021-02-16,-0.0010517432172502117,450902.63395639777,0.999999999992724,4.498833143630791
2021-02-17,-0.00037101169744724327,450735.3438047902,0.999999999992724,4.497164023909641
2021-02-18,-0.006281022873559916,447904.2648004304,0.999999999992724,4.4689172338093135
2021-02-19,0.0012396215147629785,448459.4965636311,0.999999999992724,4.474456999760039
2021-02-22,-0.00966111141094983,444126.8794040314,0.999999999992724,4.431228772181853
2021-02-23,0.0006240906457266604,444404.05483498325,0.999999999992724,4.433994260607647
2021-02-24,0.010571002027833565,449101.8509998213,0.999999999992724,4.480866022927932
2021-02-25,-0.025191778125823294,437788.17681353725,0.999999999992724,4.367985040266792
2021-02-26,-0.005664380000410918,435308.3782203783,0.999999999992724,4.34324311316261
2021-03-01,0.025692167908092367,446492.39416541567,0.08455505610606906,4.45483044449165
2021-03-02,-0.009113502648811167,442423.2845485151,0.08455505610606906,4.414231335435771
2021-03-03,-0.01176140046930485,437219.7671219948,0.08455505610606906,4.362313792935557
2021-03-04,-0.014843449329927205,430729.9176626769,0.08455505610606906,4.297562009188875
2021-03-05,0.01754016750113041,438284.9925662284,0.08455505610606906,4.372941966676542
2021-03-08,-0.006109546137884503,435607.27018260263,0.08455505610606906,4.346225275972841
2021-03-09,0.015664715132247098,442430.93397954886,0.08455505610606906,4.414307656821527
2021-03-10,0.00656267836937241,445334.4658999177,0.08455505610606906,4.443277338196705
2021-03-11,0.013262942160265023,451240.9111631208,0.08455505610606906,4.502208268535224
2021-03-12,-5.8280411765032625e-05,451214.612657013,0.08455505610606906,4.501945877983482
2021-03-15,0.005085811161746667,453509.4049704072,0.08455505610606906,4.5248419245793094
2021-03-16,-0.0023027600225505873,452465.08164279064,0.08455505610606906,4.514422299487027
2021-03-17,0.003600531860536327,454094.19658502564,0.08455505610606906,4.530676620808245
2021-03-18,-0.016242996508792018,446718.34613523236,0.08455505610606906,4.457084856273991
2021-03-19,0.00022568731426342303,446819.16479900386,0.08455505610606906,4.458090763784648
2021-03-22,0.0054404489740356166,449250.0616657141,0.08455505610606906,4.482344779106639
2021-03-23,-0.01150660953368532,444080.71662314265,0.08455505610606906,4.430768187938106
2021-03-24,-0.008588570513530125,440266.6980747258,0.08455505610606906,4.392714222926894
2021-03-25,0.006965124566985503,443333.2104695116,0.08455505610606906,4.423310024676748
2021-03-26,0.017146585061970088,450934.8610736234,0.08455505610606906,4.499154686270333
2021-03-29,-0.003668185127454149,449280.7485227825,0.08455505610606906,4.48265095396404
2021-03-30,-0.0001724689311826122,449203.2615522839,0.08455505610606906,4.481877835945145
2021-03-31,0.004992858595543215,451446.0699178712,0.08455505610606906,4.504255218222518
2021-04-01,0.011823542568415668,456783.7617428891,1.0,4.5575114715341805
2021-04-05,0.013539350972073372,462968.31741147,1.0,4.619217218906532
2021-04-06,-0.0016364126236404486,462210.7102125123,1.0,4.6116582735381755
2021-04-07,-0.0004932561219432863,461982.7219500722,1.0,4.6093835448624425
2021-04-08,0.005213634471767703,464391.3309945922,1.0,4.633415185805537
2021-04-09,0.006084063271177831,467216.7172349498,1.0,4.661605176957614
2021-04-12,-0.0006177879603657122,466928.07637216046,1.0,4.658725293403311
2021-04-13,0.0027978570575164508,468234.4743859909,1.0,4.6717597408444895
2021-04-14,-0.0016978678651439205,467439.47411857836,1.0,4.663827710106837
2021-04-15,0.009814687488341134,472027.24647676677,1.0,4.709601721581001
2021-04-16,0.0034252631773863396,473644.06402284675,1.0,4.725733346938089
2021-04-19,-0.0054978258480132824,471040.0514449039,1.0,4.699752087992474
2021-04-20,-0.009511982828532162,466559.5265640091,1.0,4.655048126833131
2021-04-21,0.010854411955650178,471623.75586716796,1.0,4.705575936875157
2021-04-22,-0.008156513629220097,467776.9502745734,1.0,4.6671948426127035
2021-04-23,0.011679713632100963,473240.4510974779,1.0,4.7217063418396386
2021-04-26,0.0028462324856251,474587.4034429034,1.0,4.735145415817364
2021-04-27,-0.0003359027460261288,474427.98823085753,1.0,4.733554867469358
2021-04-28,0.00020795398792716746,474526.6474229944,1.0,4.734539229081121
2021-04-29,0.004844162992795553,476825.33184753626,1.0,4.757474108802574
2021-04-30,-0.007955380174872184,473032.00505567953,1.0,4.719626593594938
2021-05-03,0.002912059951110324,474409.5026131956,1.0,4.733370429182342
2021-05-04,-0.007357480824410789,470919.04379480076,1.0,4.698544747014799
2021-05-05,0.0002360402489600677,471030.1996431381,1.0,4.699653792686635
2021-05-06,0.007472454776976667,474549.9515085618,1.0,4.734771743119933
2021-05-07,0.007957777948440103,478326.3146481099,1.0,4.7724500052882295
2021-05-10,-0.012316502850292177,472435.0072303767,1.0,4.713670111195221
2021-05-11,-0.007741789592844772,468777.514808105,1.0,4.677177868984265
2021-05-12,-0.022779287818409988,458099.09687549225,1.0,4.570635088128776
2021-05-13,0.011313169782048105,463281.6497354476,1.0,4.622343458892563
2021-05-14,0.0163512667251835,470856.89155915496,1.0,4.697924629684323
2021-05-17,-0.0018522407510113137,469984.7512367146,1.0,4.6892229422400415
2021-05-18,-0.00622863852077904,467057.38611098286,1.0,4.660015467589485
2021-05-19,-0.003125435894904327,465597.6281914514,1.0,4.6454508879762715
2021-05-20,0.009634030110125424,470083.2097606509,1.0,4.690205301706144
2021-05-21,-0.0014722738398554869,469391.11854836496,1.0,4.683300035136891
2021-05-24,0.009753729795970889,473969.4326873142,1.0,4.728979678233077
2021-05-25,-0.0016842102497868217,473171.1685106966,1.0,4.721015082187963
2021-05-26,0.004142192153016255,475131.13441193517,1.0,4.740570433815673
2021-05-27,0.001622820809627834,475902.18710416096,1.0,4.748263530165176
2021-05-28,0.001892595045208889,476802.87722547835,1.0,4.757250070195712
2021-06-01,0.002157064385194696,477831.3717306998,1.000000000007276,4.767511764893597
2021-06-02,0.001660866529255678,478624.9858626356,1.000000000007276,4.775429965611741
2021-06-03,-0.004339390208728422,476548.0452853305,1.000000000007276,4.754707511576497
2021-06-04,0.008698848723152963,480693.46464058186,1.000000000007276,4.7960679929425405
2021-06-07,0.00079089418922762,481073.6423085658,1.000000000007276,4.7998611752492994
2021-06-08,0.0011854107000204284,481643.9121516562,1.000000000007276,4.805550982045053
2021-06-09,-0.0022654500021558333,480552.77194983384,1.000000000007276,4.7946642465624185
2021-06-10,0.003277375877125621,482127.72401230806,1.000000000007276,4.810378163503018
2021-06-11,0.002552583676610043,483358.395370663,1.000000000007276,4.822657056281497
2021-06-14,0.0016407196768177812,484151.45100090274,1.000000000007276,4.830569684608283
2021-06-15,-0.001735593043417305,483311.1611105852,1.000000000007276,4.822185781467934
2021-06-16,-0.005333022250059272,480733.65193468047,1.000000000007276,4.796468957401446
2021-06-17,-0.0021364349160560847,479706.5957753641,1.000000000007276,4.786221613647075
2021-06-18,-0.014964014667860792,472528.259239912,1.000000000007276,4.714600523216828
2021-06-21,0.014964429964591242,479599.3752815979,1.000000000007276,4.785151832557531
2021-06-22,0.0048322909008597925,481916.9389788292,1.000000000007276,4.808275078217232
2021-06-23,-0.0011678555118626033,481354.12962538283,1.000000000007276,4.802659707664585
2021-06-24,0.006977705119938005,484712.8768001732,1.000000000007276,4.836171250896076
2021-06-25,0.0033345765594270382,486329.18899720354,1.000000000007276,4.85229783418669
2021-06-28,0.0001743716974129672,486413.9910433905,1.000000000007276,4.85314393759639
2021-06-29,-6.555243169159564e-05,486382.10542346875,1.000000000007276,4.852825802209931
2021-06-30,3.055030807175285e-05,486396.96454663004,1.000000000007276,4.852974057533207
2021-07-01,0.005598267331834661,489119.944783555,0.1870754432979993,4.880142303661737
2021-07-02,0.005533432494460699,491826.4569797091,0.1870754432979993,4.90714624166241
2021-07-06,-0.0034866263885160453,490111.6418762333,0.1870754432979993,4.890036856083923
2021-07-07,0.002280959779784375,491229.5668189571,0.1870754432979993,4.901190833474314
2021-07-08,-0.008882703755177634,486866.1201011201,0.1870754432979993,4.85765500725297
2021-07-09,0.012331084596290287,492869.70741515467,0.1870754432979993,4.917555162087
2021-07-12,0.003324101458457962,494508.0563284032,0.1870754432979993,4.933901614373341
2021-07-13,-0.005118106700585434,491977.1113318153,0.1870754432979993,4.908649379460788
2021-07-14,-2.106420673486653e-05,491966.7482242334,0.1870754432979993,4.908545982655469
2021-07-15,-0.0040939003043358735,489952.68540395505,0.1870754432979993,4.8884508847632295
2021-07-16,-0.008255650709642515,485907.80716900865,0.1870754432979993,4.848093541747382
2021-07-19,-0.015266556416998589,478489.6682174029,0.1870754432979993,4.774079848177409
2021-07-20,0.015361827968622066,485840.1441853217,0.1870754432979993,4.847418441513575
2021-07-21,0.009587576349597171,490498.17366139777,0.1870754432979993,4.893893435920032
2021-07-22,0.00030210593062052205,490646.3560686194,0.1870754432979993,4.895371910150848
2021-07-23,0.00933895343768798,495228.47954231553,0.1870754432979993,4.941089560479913
2021-07-26,0.0023702325788976797,496402.2862185247,0.1870754432979993,4.952801091931414
2021-07-27,-0.0051368551425076125,493852.3395818105,0.1870754432979993,4.927359270172508
2021-07-28,0.001477532427599737,494582.0224279886,0.1870754432979993,4.934639603276621
2021-07-29,0.004817939756515344,496964.8888167021,0.1870754432979993,4.9584143996053225
2021-07-30,-0.0051872765930877085,494386.9944813568,0.1870754432979993,4.932693732651421
2021-08-02,-0.0011409369163505323,493822.93010838947,0.024708297881716135,4.927065840274788
2021-08-03,0.007825294360042534,497687.2398982263,0.024708297881716135,4.965621580806249
2021-08-04,-0.004077196811935746,495658.0710703721,0.024708297881716135,4.945375764327706
2021-08-05,0.0062170428889221085,498739.59855645703,0.024708297881716135,4.9761213775563675
2021-08-06,0.0004801794418942684,498979.08305854246,0.024708297881716135,4.97851080874224
2021-08-09,-0.0005806077253974751,498689.3719481069,0.024708297881716135,4.97562024690571
2021-08-10,0.0006910941397098025,499034.0132505958,0.024708297881716135,4.9790588688997675
2021-08-11,0.0024466983461317593,500254.99894547946,0.024708297881716135,4.991241123999597
2021-08-12,0.0025291238276370365,501520.205783207,0.024708297881716135,5.003864590855787
2021-08-13,0.00231820295205476,502682.8314047688,0.024708297881716135,5.015464564521991
2021-08-16,0.0013610382493320916,503367.00196559326,0.024708297881716135,5.022290803632475
2021-08-17,-0.0072242164168602185,499730.5698062877,0.024708297881716135,4.986008687958627
2021-08-18,-0.00997934009513568,494743.5884942548,0.024708297881716135,4.936251611544186
2021-08-19,0.0006249389005690276,495052.7730085119,0.024708297881716135,4.939336467199237
2021-08-20,0.007739709110622384,498884.33746600477,0.024708297881716135,4.977565494654848
2021-08-23,0.00957921434382869,503663.2574673706,0.024708297881716135,5.025246661438592
2021-08-24,0.0020510135734088664,504696.2776448635,0.024708297881716135,5.035553510550931
2021-08-25,0.0018718680234841578,505641.0024685584,0.024708297881716135,5.044979402147874
2021-08-26,-0.0059885744076294545,502612.9337017271,0.024708297881716135,5.0147671676131536
2021-08-27,0.009162285917685864,507218.01710622915,0.024708297881716135,5.060713898213448
2021-08-30,0.004632628834306152,509567.76991755504,0.024708297881716135,5.084158307340486
2021-08-31,-0.0012691637676662815,508921.04496680514,0.024708297881716135,5.07770567782773
2021-09-01,0.0014491709396520225,509658.5585557484,0.08747538209638606,5.085064141336144
2021-09-02,0.0028870232981144106,511129.9546883823,0.08747538209638606,5.099744839984588
2021-09-03,0.0006035425578019282,511438.44336860406,0.08747538209638606,5.102822753029448
2021-09-07,-0.0029616462536272703,509923.74361884047,0.08747538209638606,5.087709997140015
2021-09-08,-0.0020608660679101165,508872.8590783947,0.08747538209638606,5.077224908243542
2021-09-09,-0.003880250527739215,506898.3048984036,0.08747538209638606,5.057524003613879
2021-09-10,-0.007346607264632321,503174.32212920714,0.08747538209638606,5.020368361027877
2021-09-13,0.002742026582169599,504554.03949595056,0.08747538209638606,5.034134344526098
2021-09-14,-0.005033240590134991,502014.49762444297,0.08747538209638606,5.008796335207037
2021-09-15,0.007815428887609999,505937.95623117604,0.08747538209638606,5.047942226777369
2021-09-16,-0.001483575817008198,505187.35891440493,0.08747538209638606,5.040453221764068
2021-09-17,-0.010227748595705077,500020.4296137002,0.08747538209638606,4.988900733403454
2021-09-20,-0.017309679106215392,491365.2364305351,0.08747538209638606,4.902544462615477
2021-09-21,0.00023552513639635286,491480.96529486583,0.08747538209638606,4.903699135068724
2021-09-22,0.009274627913246736,496039.268374419,0.08747538209638606,4.949179119944996
2021-09-23,0.011859145115952652,501921.87004128227,0.08747538209638606,5.007872153333267
2021-09-24,0.00048280234877950967,502164.199099042,0.08747538209638606,5.010289965771284
2021-09-27,-0.003084595253738165,500615.22579390387,0.08747538209638606,4.994835249123013
2021-09-28,-0.021159437010722426,490022.4894571092,0.08747538209638606,4.889147347290259
2021-09-29,0.000870414329505742,490449.01205371274,0.08747538209638606,4.893402931200406
2021-09-30,-0.010455939617552534,485320.90679819084,0.08747538209638606,4.84223780562742
2021-10-01,0.01000513059468311,490176.6058510368,1.0,4.890685027243234
2021-10-04,-0.012418243842371224,484089.4732337527,1.0,4.8299513080186935
2021-10-05,0.009669502790730089,488770.3777461495,1.0,4.87665453567067
2021-10-06,0.003956245563201399,490704.07338453195,1.0,4.895947778540683
2021-10-07,0.00784134741247744,494551.85450065794,1.0,4.934338605985568
2021-10-08,-0.001948762408893634,493588.0904373584,1.0,4.924722752397471
2021-10-11,-0.006574962999785328,490342.7670055981,1.0,4.892342882516257
2021-10-12,-0.002319231528238208,489205.5486007152,1.0,4.880996406656173
2021-10-13,0.003677256455550504,491004.48286239826,1.0,4.898945082202069
2021-10-14,0.015313020281371159,498523.2444667143,1.0,4.973962727603152
2021-10-15,0.006741554495898194,501884.0660867586,1.0,5.007494968391855
2021-10-18,0.003390676562062378,503585.7926265116,1.0,5.024473764215827
2021-10-19,0.006945902090553124,507083.6502362889,1.0,5.059373267038622
2021-10-20,0.0030249430881768014,508617.5494191986,1.0,5.074677583233257
2021-10-21,0.0027187242122403976,510000.340265575,1.0,5.088474232048108
2021-10-22,-0.0016814375388258807,509142.80654863844,1.0,5.079918280458993
2021-10-25,0.005321694990742198,511852.30927182076,1.0,5.1069520561254915
2021-10-26,0.001049541623367567,512389.5195754184,1.0,5.112312014876938
2021-10-27,-0.0033377741554925233,510679.27907943435,1.0,5.0952482719588685
2021-10-28,0.008878875792654561,515213.53696826304,1.0,5.140488348498329
2021-10-29,0.002135215558944692,516313.62892857665,1.0,5.151464399200617
2021-11-01,0.0020128694891936583,517352.9008791018,1.000000000007276,5.161833624714435
2021-11-02,0.0034227772224832975,519123.6846042164,1.000000000007276,5.179501431271356
2021-11-03,0.006632730296209477,522566.89199457073,1.000000000007276,5.21385566733381
2021-11-04,0.004983189802250765,525170.942001752,1.000000000007276,5.239837299725675
2021-11-05,0.003076975145898775,526786.8799376396,1.000000000007276,5.255960148865484
2021-11-08,0.0006016486517774755,527103.8205537281,1.000000000007276,5.259122390202846
2021-11-09,-0.0035827643486294747,525215.3317774219,1.000000000007276,5.240280193998148
2021-11-10,-0.00917508783139942,520396.4349779664,1.000000000007276,5.1922001629570715
2021-11-11,0.0008780677553696936,520853.37830752996,1.000000000007276,5.1967592664995905
2021-11-12,0.007779269121233945,524905.2369100881,1.000000000007276,5.237186255391957
2021-11-15,8.209528387181919e-05,524948.3291545181,1.000000000007276,5.237616203684283
2021-11-16,0.003659616513356001,526869.4387285506,1.000000000007276,5.256783870433907
2021-11-17,-0.0021354889773984587,525744.3148496177,1.000000000007276,5.24555806642203
2021-11-18,0.0038429271204400983,527764.7119355705,1.000000000007276,5.265716363777326
2021-11-19,-0.0016103174915708118,526914.8431885068,1.000000000007276,5.257236888611085
2021-11-22,-0.003967531990939466,524824.2916916555,1.000000000007276,5.236378633071573
2021-11-23,0.00042899030741705424,525049.4362258883,1.000000000007276,5.238624988751127
2021-11-24,0.0019597670504880593,526078.4108108812,1.000000000007276,5.248891473393945
2021-11-26,-0.022441475429859525,514272.43508048926,1.000000000007276,5.131098604359776
2021-11-29,0.01251252195285879,520707.2802141841,1.000000000007276,5.195301588289111
2021-11-30,-0.01804593748938954,511310.6291851689,1.000000000007276,5.10154750058832
2021-12-01,-0.009264545624783738,506573.568532646,0.999999999992724,5.054283981012118
2021-12-02,0.012945652427231114,513131.49387969176,0.999999999992724,5.119714984698823
2021-12-03,-0.008677616273922717,508678.7356777391,0.999999999992724,5.075288062629754
2021-12-06,0.010263384148549326,513899.5009501981,0.999999999992724,5.12737769368107
2021-12-07,0.019521832959365604,523931.76116564916,0.999999999992724,5.227473504536689
2021-12-08,0.00256386013568366,525275.0489219204,0.999999999992724,5.240876015465314
2021-12-09,-0.006869542162488029,521666.64982644824,0.999999999992724,5.204873596708702
2021-12-10,0.008627786384546754,526167.478245093,0.999999999992724,5.249780134259672
2021-12-13,-0.008537004448399332,521675.5841427116,0.999999999992724,5.204962737900379
2021-12-14,-0.006542016674425222,518262.7737726095,0.999999999992724,5.170911784879273
2021-12-15,0.014763806413295999,525914.3050358061,0.999999999992724,5.247254125451462
2021-12-16,-0.009600364536145434,520865.33599268884,0.999999999992724,5.196878573033335
2021-12-17,-0.009044310595854754,516154.4681153567,0.999999999992724,5.149876389089879
2021-12-20,-0.009481833833792641,511260.3772161173,0.999999999992724,5.101046116903957
2021-12-21,0.016413932699884226,519652.1706398601,0.999999999992724,5.184774344565825
2021-12-22,0.009216608382984548,524441.6011920156,0.999999999992724,5.232560379253834
2021-12-23,0.0057459319968182765,527455.0069687674,0.999999999992724,5.262626315362271
2021-12-27,0.012987600311494818,534305.3817815745,0.999999999992724,5.330975202534952
2021-12-28,-0.0011137421752061005,533710.3033434447,0.999999999992724,5.32503787061691
2021-12-29,0.001010443884755352,534249.587655689,0.999999999992724,5.330418522569365
2021-12-30,-0.0025186875940782505,532903.9798471192,0.999999999992724,5.316992863565326
2021-12-31,-0.002630171234564327,531502.3511285405,0.999999999992724,5.3030082618811925
2022-01-03,0.005125100193163146,534226.353930976,1.0,5.330186710548506
2022-01-04,6.702005875314221e-05,534262.157812604,1.0,5.330543939975012
2022-01-05,-0.01815448470781711,524562.9036386297,1.0,5.233770661532389
2022-01-06,-0.0013977153535005282,523829.71401433717,1.0,5.226455339922064
2022-01-07,-0.003140506400219789,522184.62344484986,1.0,5.210041623476576
2022-01-10,-0.0020509585530426033,521113.6444251283,1.0,5.199356044047199
2022-01-11,0.009385283511747167,526004.4437198979,1.0,5.248153474599097
2022-01-12,0.003514695657772293,527853.1892542092,1.0,5.266599136827594
2022-01-13,-0.013106013767740121,520935.138088498,1.0,5.197575016031163
2022-01-14,0.0001285233743562042,521002.0904302658,1.0,5.198243025910693
2022-01-18,-0.01739686426664322,511938.2877804131,1.0,5.1078098975639
2022-01-19,-0.009342873804828677,507155.31296182063,1.0,5.060088274271905
2022-01-20,-0.01058023806206998,501789.489016241,1.0,5.00655133571502
2022-01-21,-0.019022562424444334,492244.1671374995,1.0,4.911313900400195
2022-01-24,0.0026466404364438034,493546.9604548492,1.0,4.924312382365063
2022-01-25,-0.01150097826830454,487870.6875882702,1.0,4.8676779726691395
2022-01-26,-0.0027381449262530166,486534.8269403828,1.0,4.854349564925641
2022-01-27,-0.005110251565066615,484048.51157955127,1.0,4.829542617464099
2022-01-28,0.022748901885237816,495060.0836771699,1.0,4.939409408619365
2022-01-31,0.01780137241998725,503872.83259697724,1.0,5.027337675036987
2022-02-01,0.006010146517271275,506901.18214695755,0.9999999999708962,5.057552711055758
2022-02-02,0.0077665333517180635,510838.0470841272,0.9999999999708962,5.0968323628642445
2022-02-03,-0.018862797724024327,501202.2123322437,0.9999999999708962,5.000691844970275
2022-02-04,0.0037535725009190113,503083.51117385377,0.9999999999708962,5.019462304365125
2022-02-07,-0.002553524871110824,501798.87491582555,0.9999999999708962,5.006644982531325
2022-02-08,0.006569643677695636,505095.5147218911,0.9999999999708962,5.039536856087279
2022-02-09,0.011716577183707333,511013.5053052745,0.9999999999708962,5.098582978631764
2022-02-10,-0.01442858833750138,503640.3018023211,0.9999999999708962,5.025017623728494
2022-02-11,-0.015788815807194156,495688.41784408456,0.9999999999708962,4.94567854603954
2022-02-14,-0.0025838236681410276,494407.64637803566,0.9999999999708962,4.932899784757266
2022-02-15,0.012836276215888454,500753.99949019146,0.9999999999708962,4.996219848939707
2022-02-16,0.0009152810818437995,501212.3301525825,0.9999999999708962,5.0007927944481745
2022-02-17,-0.017061482496678493,492660.90475456475,0.9999999999708962,4.915471855716181
2022-02-18,-0.005148808464044197,490124.2881182608,0.9999999999708962,4.890163032620698
2022-02-22,-0.008541119699282063,485938.0779059173,0.9999999999708962,4.848395564810081
2022-02-23,-0.014037446334692727,479116.74821532925,0.9999999999708962,4.780336472259697
2022-02-24,0.011859169082319099,484798.67474258575,0.9999999999708962,4.837027290754602
2022-02-25,0.017493284800054854,493279.396030547,0.9999999999708962,4.92164278673741
2022-02-28,-0.0020352874574292024,492275.43066279776,0.9999999999708962,4.911625828903617
2022-03-01,-0.010843568147055116,486937.4084832848,0.9999999999854481,4.858366279515064
2022-03-02,0.013590052227381522,493554.91329603846,0.9999999999854481,4.924391730993423
2022-03-03,-0.003388283402552039,491882.6093750695,0.9999999999854481,4.907706496223634
2022-03-04,-0.004888042849340524,489478.26610359875,0.9999999999854481,4.883717416578106
2022-03-07,-0.021966570722687262,478726.10715401574,0.9999999999854481,4.776438892557223
2022-03-08,-0.0030788010735731675,477252.20470136247,0.9999999999854481,4.7617331873669615
2022-03-09,0.01783227894602346,485762.6991432018,0.9999999999854481,4.846645741830627
2022-03-10,-0.0032491702568956393,484184.37342923635,0.9999999999854481,4.83089816464056
2022-03-11,-0.010826523535453214,478942.33991480607,0.9999999999854481,4.778596331963702
2022-03-14,-0.007380987559790997,475407.2724620377,0.9999999999854481,4.743325571884214
2022-03-15,0.015436548548637408,482745.9199037732,0.9999999999854481,4.816546147356598
2022-03-16,0.018315089162259435,491587.4544695277,0.9999999999854481,4.904761619499571
2022-03-17,0.010497400106820098,496747.84466658754,0.9999999999854481,4.956248864648033
2022-03-18,0.007901912441788062,500673.1026407899,0.9999999999854481,4.995412709216193
2022-03-21,0.0005143099837172649,500930.60381605674,0.9999999999854481,4.997981899845332
2022-03-22,0.008688038041396284,505282.70795811026,0.9999999999854481,5.041404556721398
2022-03-23,-0.009043059336081627,500713.40644854907,0.9999999999854481,4.995814836177774
2022-03-24,0.012819326554235566,507132.21511589666,0.9999999999854481,5.059857817967232
2022-03-25,0.0035134160849212837,508913.9815976666,0.9999999999854481,5.077635203812292
2022-03-28,0.003942596742158688,510920.4242035526,0.9999999999854481,5.097654271824713
2022-03-29,0.010047594769520884,516053.94558542164,0.9999999999854481,5.148873436223125
2022-03-30,-0.0042267338510038055,513872.7229046717,0.9999999999854481,5.127110518575707
2022-03-31,-0.012402588831021188,507499.37081100774,0.9999999999854481,5.063521074922608
2022-04-01,0.001653639787041028,508338.5919624791,0.10541699478244482,5.071894314834621
2022-04-04,0.0073372464676386695,512068.3975007203,0.10541699478244482,5.109108053480378
2022-04-05,-0.010747365770151895,506565.0111334445,0.10541699478244482,5.0541986004703965
2022-04-06,-0.00775700745528618,502635.5825654952,0.10541699478244482,5.01499314424605
2022-04-07,0.0044072602395353044,504850.82838351175,0.10541699478244482,5.037095524132227
2022-04-08,-0.0014998706301072584,504093.617453434,0.10541699478244482,5.029540532494536
2022-04-11,-0.013118483608231646,497480.67359585693,0.10541699478244482,4.96356058746207
2022-04-12,-0.0021441949846903174,496413.97803055233,0.10541699478244482,4.9529177457442275
2022-04-13,0.009586138668833177,501172.6712611003,0.10541699478244482,5.000397102070256
2022-04-14,-0.010230059652099444,496045.6449380972,0.10541699478244482,4.949242741431893
2022-04-18,0.0006534014899572949,496369.7619015866,0.10541699478244482,4.952476584013304
2022-04-19,0.011194738490328815,501926.4915805817,0.10541699478244482,5.007918264250811
2022-04-20,-8.79185748202671e-05,501882.3629187774,0.10541699478244482,5.007477975214202
2022-04-21,-0.012262425541580524,495728.0678128534,0.10541699478244482,4.946074149392033
2022-04-22,-0.022779756637353654,484435.50306977105,0.10541699478244482,4.833403783958577
2022-04-25,0.0026876201334264938,485737.48168116796,0.10541699478244482,4.846394137281323
2022-04-26,-0.022774040405454943,474675.2766469171,0.10541699478244482,4.736022161378119
2022-04-27,0.0014128751248709825,475345.93353768275,0.10541699478244482,4.742713569280768
2022-04-28,0.02048336270525164,485082.61670480156,0.10541699478244482,4.839860291527464
2022-04-29,-0.029271863845822144,470883.3443946435,0.10541699478244482,4.698188560041071
2022-05-02,0.0028046285764669054,472203.997278515,0.07783301622748695,4.711365233934192
2022-05-03,0.003935251368689441,474062.23870510596,0.07783301622748695,4.729905640419428
2022-05-04,0.025382526250483428,486095.1359234012,0.07783301622748695,4.849962594499683
2022-05-05,-0.0289896218900646,472003.42173038225,0.07783301622748695,4.709364012704181
2022-05-06,-0.004608481358863714,469828.2027600179,0.07783301622748695,4.68766099643953
2022-05-09,-0.027041315071628547,457123.43029964727,0.07783301622748695,4.5609004784858245
2022-05-10,0.0009716932185830363,457567.61403692485,0.07783301622748695,4.565332274551401
2022-05-11,-0.011814584607144685,452161.64274739625,0.07783301622748695,4.511394770133985
2022-05-12,-0.0024139502255758893,451070.1470478894,0.07783301622748695,4.500504487710958
2022-05-13,0.018146228174068968,459255.3688587313,0.07783301622748695,4.582171669043383
2022-05-16,-0.0022894255137734243,458203.9378999287,0.07783301622748695,4.571681128315785
2022-05-17,0.015767137782729312,465428.502521386,0.07783301622748695,4.643763454564644
2022-05-18,-0.03221713838632878,450433.72804671276,0.07783301622748695,4.494154684715559
2022-05-19,-0.0033547098917789953,448922.6535636436,0.07783301622748695,4.479078099539558
2022-05-20,0.0004074511915939105,449105.5676337716,0.07783301622748695,4.4809031052484585
2022-05-23,0.015309347759075553,455981.08094921405,0.07783301622748695,4.549502809161429
2022-05-24,-0.005286301196942511,453570.6276152091,0.07783301622748695,4.5254527670158655
2022-05-25,0.006374037501254426,456461.703805096,0.07783301622748695,4.55429817266298
2022-05-26,0.01569243110116858,463624.6976423795,0.07783301622748695,4.625766182951673
2022-05-27,0.019635320338593276,472728.1170974711,0.07783301622748695,4.71659458376536
2022-05-31,-0.005476998598062943,470138.9858628633,0.07783301622748695,4.690761801842447
2022-06-01,-0.0059628667917552836,467335.60971655214,0.999999999992724,4.662791414066206
2022-06-02,0.01521558160418146,474446.3928227342,0.999999999992724,4.733738497330207
2022-06-03,-0.013144796833103878,468209.8913808804,0.999999999992724,4.671514466521759
2022-06-06,0.002410508360803254,469338.51523866475,0.999999999992724,4.682775191200923
2022-06-07,0.007662257858039645,472934.70796513284,0.999999999992724,4.718655822207134
2022-06-08,-0.008701162709969235,468819.6261199364,0.999999999992724,4.6775980301257665
2022-06-09,-0.018972250246272915,459925.06285282486,0.999999999992724,4.588853469746748
2022-06-10,-0.023041480305446504,449327.70857512025,0.999999999992724,4.4831194928989975
2022-06-13,-0.030008929684821828,435843.8649630474,0.999999999992724,4.348585875267938
2022-06-14,-0.002360343019189637,434815.1239389252,0.999999999992724,4.3383217209539024
2022-06-15,0.01114925049998794,439662.98667690356,0.999999999992724,4.386690756570356
2022-06-16,-0.02593399649178163,428260.7683228585,0.999999999992724,4.272926333878929
2022-06-17,0.0017021179044816037,428989.71864440787,0.999999999992724,4.280199358296356
2022-06-21,0.019674475097871014,437429.8661811199,0.999999999992724,4.36441003398508
2022-06-22,-0.001443017367486421,436798.6472871633,0.999999999992724,4.3581121145072075
2022-06-23,0.0077042287731690084,440163.8439936744,0.999999999992724,4.391688007256491
2022-06-24,0.024926396259641326,451135.54238822765,0.999999999992724,4.501156962774081
2022-06-27,-0.002978050205575289,449792.0380934761,0.999999999992724,4.487752291355765
2022-06-28,-0.01614086393441372,442532.00600782665,0.999999999992724,4.415316092249638
2022-06-29,-0.0006192198352185097,442257.98141198757,0.999999999992724,4.412582040946558
2022-06-30,-0.006345885572954568,439451.4628682212,0.999999999992724,4.384580300233436
2022-07-01,0.008450610051899066,443165.09581765713,0.09434576558669505,4.421632678591947
2022-07-05,0.0015343189326351148,443845.05241445324,0.09434576558669505,4.428416873323869
2022-07-06,0.002709417604813691,445047.61401327443,0.09434576558669505,4.440415303961907
2022-07-07,0.012043386328898231,450407.49436359067,0.09434576558669505,4.493892940928272
2022-07-08,-0.0006623544258584912,450109.1649662591,0.09434576558669505,4.490916391049514
2022-07-11,-0.009195958784145364,445969.9796368633,0.09434576558669505,4.44961810901438
2022-07-12,-0.007127036167826839,442791.53546222637,0.09434576558669505,4.417905519818417
2022-07-13,-0.004230532932724462,440918.2912891218,0.09434576558669505,4.39921542502316
2022-07-14,-0.0018855371331657489,440086.9234782042,0.09434576558669505,4.390920540982483
2022-07-15,0.01527455086665519,446809.0535766218,0.09434576558669505,4.457989880137162
2022-07-18,-0.006615211665822129,443853.3171130068,0.09434576558669505,4.428499333475961
2022-07-19,0.021695239689729418,453482.82121485495,0.09434576558669505,4.524576687981529
2022-07-20,0.005139336630441083,455813.4220892002,0.09434576558669505,4.547830010691312
2022-07-21,0.008241281961633318,459569.90902253427,0.09434576558669505,4.585309960122997
2022-07-22,-0.007467276367012832,456138.17350190005,0.09434576558669505,4.551070183422342
2022-07-25,0.0009809836338499078,456585.6375848796,0.09434576558669505,4.555534708788781
2022-07-26,-0.00957502198585114,452213.8200665805,0.09434576558669505,4.511915363794821
2022-07-27,0.020963350509622725,461693.7368819317,0.09434576558669505,4.606500227035804
2022-07-28,0.010156589818657968,466382.9707892849,0.09434576558669505,4.653286560341361
2022-07-29,0.011795587451193912,471884.23190697754,0.09434576558669505,4.708174808899334
2022-08-01,-0.002391822277510003,470755.5686886967,0.35644870017313224,4.696913691504997
2022-08-02,-0.005272197838637638,468273.65219692956,0.35644870017313224,4.672150633292376
2022-08-03,0.012551011983747307,474150.96041732637,0.35644870017313224,4.730790851880702
2022-08-04,-0.0005220967407336685,473903.40774627676,0.35644870017313224,4.728320921395842
2022-08-05,-0.0013552056472968532,473261.1711718258,0.35644870017313224,4.721913074180935
2022-08-08,-0.0009306626560203757,472820.7246732717,0.35644870017313224,4.71751856601782
2022-08-09,-0.003142897605176498,471334.69755001826,0.35644870017313224,4.702691888214307
2022-08-10,0.016799697336266073,479252.97781293903,0.35644870017313224,4.781695688602021
2022-08-11,3.9165992820278106e-05,479271.7482316271,0.35644870017313224,4.781882968461029
2022-08-12,0.013631930725374053,485805.1475021495,0.35644870017313224,4.847069265823936
2022-08-15,0.0033238917302693682,487419.91121445416,0.35644870017313224,4.86318039927265
2022-08-16,0.0016008691509430406,488200.2067138727,0.35644870017313224,4.870965714749316
2022-08-17,-0.005713471239792933,485410.88887355203,0.35644870017313224,4.843135592228078
2022-08-18,0.0023634701286836535,486558.14300954243,0.35644870017313224,4.8545821985294735
2022-08-19,-0.01084362239279113,481282.09023460926,0.35644870017313224,4.801940942293854
2022-08-22,-0.016680126617717894,473254.24403065606,0.35644870017313224,4.7218439593655885
2022-08-23,-0.001998443282841822,472308.4722655966,0.35644870017313224,4.712407622022368
2022-08-24,0.0026043034258023123,473538.5068379534,0.35644870017313224,4.7246801613361775
2022-08-25,0.01136562223416715,478920.5666200052,0.35644870017313224,4.778379091227189
2022-08-26,-0.027205924522232805,465891.08983239636,0.35644870017313224,4.648378870332647
2022-08-29,-0.005268205364092782,463436.6798938583,0.35644870017313224,4.623890255833625
2022-08-30,-0.008751191399694935,459381.056806468,0.35644870017313224,4.583425707193641
2022-08-31,-0.00603176846545328,456610.17663439614,0.35644870017313224,4.5557795445492415
2022-09-01,0.0025996146371292106,457797.1871330371,0.04190004024439986,4.567622815736786
2022-09-02,-0.008450605376331466,453928.5237621812,0.04190004024439986,4.529023637813067
2022-09-06,-0.0029971801715025226,452568.0181914818,0.04190004024439986,4.515449337969547
2022-09-07,0.014395968460955366,459083.17310780345,0.04190004024439986,4.5804536042259985
2022-09-08,0.005281100783406822,461507.6376129519,0.04190004024439986,4.604643441343635
2022-09-09,0.012454016714530836,467255.2614456673,0.04190004024439986,4.661989747726583
2022-09-12,0.008655846963617542,471299.7514816861,0.04190004024439986,4.702343217528858
2022-09-13,-0.035034167730599086,454788.156936887,0.04190004024439986,4.537600536519107
2022-09-14,0.0030326186494404883,456167.35598315846,0.04190004024439986,4.551361348529866
2022-09-15,-0.009029858500954613,452048.22930587595,0.04190004024439986,4.5102631995659275
2022-09-16,-0.006093043642118601,449293.8797163728,0.04190004024439986,4.482781969053531
2022-09-19,0.0062046579762795595,452081.59457084857,0.04190004024439986,4.510596097953741
2022-09-20,-0.009127875863031987,447955.0498956443,0.04190004024439986,4.469423936703342
2022-09-21,-0.01387937798100769,441737.7124396415,0.04190004024439986,4.407391112528473
2022-09-22,-0.0066484179137193955,438800.85551909235,0.04190004024439986,4.378088934503171
2022-09-23,-0.01323733730315213,432992.3005856744,0.04190004024439986,4.320134694533955
2022-09-26,-0.007812423236215782,429609.5814754764,0.04190004024439986,4.2863839738627965
2022-09-27,-0.00199064478717903,428754.3814015901,0.04190004024439986,4.277851305949379
2022-09-28,0.015497625210122212,435399.0561117497,0.04190004024439986,4.344147842193614
2022-09-29,-0.016457668922500668,428233.40259709326,0.04190004024439986,4.272653295256395
2022-09-30,-0.012153188516560332,423029.0013262427,0.04190004024439986,4.220726934293242
2022-10-03,0.020921191257742056,431879.27197056066,0.0838644437453695,4.309029569732294
2022-10-04,0.02488398403870362,442626.148880923,0.0838644437453695,4.416255392767814
2022-10-05,-0.001879447347762797,441794.2563393583,0.0838644437453695,4.407955273282834
2022-10-06,-0.00826507706953794,438142.7927618343,0.0838644437453695,4.371523183230075
2022-10-07,-0.022439651257225912,428311.0212913917,0.0838644437453695,4.2734277275355135
2022-10-10,-0.006113301721768272,425692.6267874787,0.0838644437453695,4.2473029744509185
2022-10-11,-0.0050430004439294684,423545.85868161195,0.0838644437453695,4.22588382366526
2022-10-12,-0.0026737034564110473,422413.42265530635,0.0838644437453695,4.214585063479534
2022-10-13,0.021117954102183534,431333.9299270874,0.0838644437453695,4.303588477409844
2022-10-14,-0.018237611383100205,423467.4293367318,0.0838644437453695,4.225101303206055
2022-10-17,0.020493975107653384,432145.96029246075,0.0838644437453695,4.311690424141274
2022-10-18,0.009467006639425568,436237.08896775043,0.0838644437453695,4.352509226013767
2022-10-19,-0.005698757515874342,433751.0795782923,0.0838644437453695,4.327705331349109
2022-10-20,-0.006694662692705244,430847.2624079189,0.0838644437453695,4.298732803922305
2022-10-21,0.01952207702100983,439258.29584893753,0.0838644437453695,4.382652996813217
2022-10-24,0.009875593225783463,443596.2320997925,0.0838644437453695,4.4259342950595055
2022-10-25,0.012872947380813793,449306.62305394036,0.0838644437453695,4.482909114350745
2022-10-26,-0.006101163637837748,446565.329823124,0.0838644437453695,4.455558152270537
2022-10-27,-0.004222873073266409,444679.5411163596,0.0838644437453695,4.436742895722942
2022-10-28,0.019216613469088983,453224.77597560454,0.0838644437453695,4.5220020690117755
2022-10-31,-0.005860776530934975,450568.52684532845,0.0838644437453695,4.495499625412872
2022-11-01,-0.003369596431263111,449050.29274523095,0.3158062170150515,4.480351605918337
2022-11-02,-0.019978457062355348,440078.96075278224,0.3158062170150515,4.390841093735242
2022-11-03,-0.008088143802378434,436519.53883381246,0.3158062170150515,4.355327339555719
2022-11-04,0.011416479697150761,441503.0552863183,0.3158062170150515,4.405049845702202
2022-11-07,0.007616481781442808,444865.75526335783,0.3158062170150515,4.43860082759834
2022-11-08,0.004313025837717754,446784.4727601245,0.3158062170150515,4.457744627651087
2022-11-09,-0.016348002771816694,439480.4389610373,0.3158062170150515,4.384869406122196
2022-11-10,0.0436007950195314,458642.1354952712,0.3158062170150515,4.576053198285944
2022-11-11,0.007778451152978372,462209.6609429188,0.3158062170150515,4.611647804562241
2022-11-14,-0.006832045171196399,459051.8236607934,0.3158062170150515,4.580140818447823
2022-11-15,0.006838377976872367,462190.9935419585,0.3158062170150515,4.611461552551671
2022-11-16,-0.006146594456498566,459350.0929432099,0.3158062170150515,4.583116768536401
2022-11-17,-0.0023551042831869706,458268.27557183703,0.3158062170150515,4.572323050604474
2022-11-18,0.003638875779875317,459935.85690050066,0.3158062170150515,4.588961166211085
2022-11-21,-0.002877351327830402,458612.4598519312,0.3158062170150515,4.575757112706126
2022-11-22,0.010845327746543898,463586.26228767406,0.3158062170150515,4.625382698282003
2022-11-23,0.005103164243549729,465952.01912518137,0.3158062170150515,4.648986785880608
2022-11-25,-0.0001607724667717081,465877.10686966934,0.3158062170150515,4.6482393568070535
2022-11-28,-0.012797914462196247,459914.85150605586,0.3158062170150515,4.588751587118823
2022-11-29,-0.001377357241394539,459281.3844549091,0.3158062170150515,4.582431236891344
2022-11-30,0.025271582003960846,470888.151625054,0.3158062170150515,4.698236523671955
2022-12-01,-0.0004978741765607753,470653.70857431146,0.19010257218587867,4.695897393031444
2022-12-02,-0.000902532379258858,470228.9283629049,0.19010257218587867,4.691659193584556
2022-12-05,-0.01431798813477192,463496.1961459783,0.19010257218587867,4.624484072918419
2022-12-06,-0.011437554121119131,458194.93331762584,0.19010257218587867,4.571591286052161
2022-12-07,-0.001371245052436909,457566.63578226237,0.19010257218587867,4.565322514119399
2022-12-08,0.006320403055203094,460458.6413450196,0.19010257218587867,4.594177192485627
2022-12-09,-0.005937502512925241,457724.66700493544,0.19010257218587867,4.56689925386042
2022-12-12,0.01148266654377128,462980.5667250119,0.19010257218587867,4.619339435131497
2022-12-13,0.006045068458972125,465779.31594603835,0.19010257218587867,4.647263658252097
2022-12-14,-0.005096294025223269,463405.56760111,0.19010257218587867,4.623579836236909
2022-12-15,-0.019397534939538663,454416.6419123907,0.19010257218587867,4.533893784817757
2022-12-16,-0.009329125053747833,450177.3322334859,0.19010257218587867,4.491596522718783
2022-12-19,-0.006698571988529967,447161.7869659155,0.19010257218587867,4.461509240067921
2022-12-20,0.001121174750470022,447663.1334708368,0.19010257218587867,4.466511371576874
2022-12-21,0.011793894579356756,452942.8252740564,0.19010257218587867,4.51918893583075
2022-12-22,-0.01116232593777966,447886.9298271686,0.19010257218587867,4.4687442759546
2022-12-23,0.004536995043404435,449918.9906078001,0.19010257218587867,4.489018946584848
2022-12-27,-0.00305102497641474,448546.27653009235,0.19010257218587867,4.475322837659218
2022-12-28,-0.009784246923983275,444157.58900368866,0.19010257218587867,4.431535173951018
2022-12-29,0.014248841057530326,450486.3198938981,0.19010257218587867,4.4946794142855016
2022-12-30,-0.0020802816165701454,449549.18148410646,0.19010257218587867,4.485329215327587
2023-01-03,-0.0033871217390639696,448026.50367872324,0.06030555517463654,4.470136859235493
2023-01-04,0.006144310681653886,450779.31771094044,0.06030555517463654,4.4976027688881475
2023-01-05,-0.009047700858531904,446700.80129107874,0.06030555517463654,4.456909804454742
2023-01-06,0.0183362785071306,454891.6315929104,0.06030555517463654,4.538632943910386
2023-01-09,-0.00045438771168682113,454684.9344253654,0.06030555517463654,4.536570644872817
2023-01-10,0.005619850822982775,457240.19592829363,0.06030555517463654,4.562065495144924
2023-01-11,0.010149309404694495,461880.86814903305,0.06030555517463654,4.608367309379631
2023-01-12,0.0030653363450354743,463296.6883612468,0.06030555517463654,4.622493505184345
2023-01-13,0.0031420537272297544,464752.3914477255,0.06030555517463654,4.637017628131406
2023-01-17,-0.0014948289026869288,464057.66614039656,0.06030555517463654,4.630086080158606
2023-01-18,-0.012654543870233237,458185.22804590483,0.06030555517463654,4.5714944527342825
2023-01-19,-0.0058040666321368395,455525.89045246557,0.06030555517463654,4.544961194322169
2023-01-20,0.014970255923110187,462345.2296121417,0.06030555517463654,4.613000426561777
2023-01-23,0.009651269189135281,466807.44788144104,0.06030555517463654,4.65752173544812
2023-01-24,-0.0008075155599226447,466430.493603789,0.06030555517463654,4.653760714176068
2023-01-25,0.00032154636517067736,466580.4726336121,0.06030555517463654,4.655257114018085
2023-01-26,0.008916904598363695,470740.9261955455,0.06030555517463654,4.696767597584639
2023-01-27,0.0018749325549780593,471623.53368303005,0.06030555517463654,4.705573720056517
2023-01-30,-0.010081088591190723,466869.055058281,0.06030555517463654,4.658136414512248
2023-01-31,0.011851357172937949,472402.0869827687,0.06030555517463654,4.713341652920901
2023-02-01,0.009483271267521909,476882.0041209698,0.999999999992724,4.75803955039206
2023-02-02,0.009645572117620738,481481.8038833141,0.999999999992724,4.8039335640138585
2023-02-03,-0.010965077171273596,476202.3187471695,0.999999999992724,4.751258061758775
2023-02-06,-0.004725306394099071,473952.1168855087,0.999999999992724,4.7288069116595315
2023-02-07,0.010629849598877472,478990.1566050713,0.999999999992724,4.779073417912604
2023-02-08,-0.008573230530975584,474883.6635704279,0.999999999992724,4.738101319776383
2023-02-09,-0.007695992400359342,471228.9625045351,0.999999999992724,4.701636928027251
2023-02-10,0.002069195238324717,472204.0272299102,0.999999999992724,4.711365532771056
2023-02-13,0.008969208197088241,476439.3234616388,0.999999999992724,4.753622751127066
2023-02-14,-0.0003093665966725778,476291.9290496185,0.999999999992724,4.752152139034685
2023-02-15,0.001701501423186924,477102.3404447489,0.999999999992724,4.760237932662453
2023-02-16,-0.011152473609509772,471781.4691839035,0.999999999992724,4.707149504743447
2023-02-17,-0.0017183270912685122,470970.7943042463,0.999999999992724,4.6990610822267955
2023-02-21,-0.016475079252825542,463211.51314231765,0.999999999992724,4.621643678483241
2023-02-22,-0.0016271026856956583,462457.8204452386,0.999999999992724,4.614123789641653
2023-02-23,0.004254710481527146,464425.4445811511,0.999999999992724,4.633755550492504
2023-02-24,-0.009251713653369187,460128.7133545476,0.999999999992724,4.590885370999637
2023-02-27,0.0031154756924338667,461562.23317639454,0.999999999992724,4.605188162779736
2023-02-28,-0.0025056873441605676,460405.70253018197,0.999999999992724,4.593649001082781
2023-03-01,-0.002506020782621743,459251.9162712038,1.0,4.582137221217998
2023-03-02,0.006320364979529813,462154.55599958624,1.0,4.611098000842384
2023-03-03,0.012865718591182018,468100.50646270957,1.0,4.670423090117584
2023-03-06,0.0005368829149332566,468351.821627101,1.0,4.672930560480178
2023-03-07,-0.012259485337196452,462610.0693372143,1.0,4.615642836792234
2023-03-08,0.0013274521795734184,463224.1620820486,1.0,4.621769881936067
2023-03-09,-0.014725435426909628,456402.9845951251,1.0,4.5537123079815816
2023-03-10,-0.0114791432284852,451163.8693650495,1.0,4.501439592176945
2023-03-13,-0.001073267132923883,450679.65001249727,1.0,4.496608345011819
2023-03-14,0.013192998778679854,456625.46608468797,1.0,4.555932093415762
2023-03-15,-0.004912398902400472,454382.33964628546,1.0,4.533551537600655
2023-03-16,0.014027462680051395,460756.17095814814,1.0,4.5971457626024375
2023-03-17,-0.009333771386579648,456455.578193469,1.0,4.554237055023523
2023-03-20,0.007693998990603967,459967.54695134505,1.0,4.589277350327845
2023-03-21,0.010558874351015435,464824.28648514906,1.0,4.637734953231917
2023-03-22,-0.013684522178486813,458463.38822764374,1.0,4.574269766406472
2023-03-23,0.0022396419880126306,459490.18208188494,1.0,4.584514493039813
2023-03-24,0.005324740675687556,461936.8481444954,1.0,4.608925843839181
2023-03-27,0.0014563918316232716,462609.6091968589,1.0,4.615638245790706
2023-03-28,-0.0017373689506414713,461805.8856255719,1.0,4.607619179215076
2023-03-29,0.011650227083229492,467186.0290614817,1.0,4.661298988965975
2023-03-30,0.004737807289473928,469399.4664355096,1.0,4.683383325294316
2023-03-31,0.011342403731699369,474723.5846952654,1.0,4.736504149800112
2023-04-03,0.0033298956309932848,476304.3646858716,0.999999999992724,4.752276214274713
2023-04-04,-0.0025610817961244647,475084.51024806,0.999999999992724,4.740105246172178
2023-04-05,-0.0021314198584608812,474071.9056884701,0.999999999992724,4.730002091719292
2023-04-06,0.0024137238726265053,475216.1843645719,0.999999999992724,4.741419010685648
2023-04-10,8.189269591962756e-05,475255.10109905415,0.999999999992724,4.741807298270919
2023-04-11,0.0008490316931080155,475658.6077421985,0.999999999992724,4.745833242949761
2023-04-12,-0.002744982656918471,474352.9331133322,0.999999999992724,4.732806013005237
2023-04-13,0.012036821433744516,480062.6346657903,0.999999999992724,4.789773953864334
2023-04-14,-0.00374600673986214,478264.3168007763,0.999999999992724,4.771831428350741
2023-04-17,0.002424375322351402,479423.80900798936,0.999999999992724,4.783400138708056
2023-04-18,0.000929445278775809,479869.4072038046,0.999999999992724,4.787846047383474
2023-04-19,-0.0005837422671487458,479589.2871481081,0.999999999992724,4.785051179277016
2023-04-20,-0.003941118622535655,477699.1688773601,0.999999999992724,4.766192724964581
2023-04-21,-0.00036076020550668275,477526.83402702556,0.999999999992724,4.764473272297638
2023-04-24,0.001147484823313949,478074.78882179677,0.999999999992724,4.769940433068685
2023-04-25,-0.012206801597628325,472239.02472582104,0.999999999992724,4.71171471656971
2023-04-26,-0.003930775119925456,470382.75931677094,0.999999999992724,4.693194025589632
2023-04-27,0.01591596644994997,477869.3555326915,0.999999999992724,4.7678907442440215
2023-04-28,0.006862096666014228,481148.5412440828,0.999999999992724,4.8006084714240185
2023-05-01,-0.0015640699267982505,480395.9912804001,1.0,4.793099984083532
2023-05-02,-0.008149640058792817,476480.9368657778,1.0,4.754037944447445
2023-05-03,-0.004423796202192909,474373.08230685367,1.0,4.733007049443717
2023-05-04,-0.005070995235629039,471967.538666565,1.0,4.70900599324579
2023-05-05,0.01470986544779218,478910.1176560758,1.0,4.778274837799282
2023-05-08,0.0003801071124960309,479092.1547980432,1.0,4.780091094050591
2023-05-09,-0.003170526366637061,477573.18048920704,1.0,4.764935689201976
2023-05-10,0.0034261856486448306,479209.43486637686,1.0,4.781261243477036
2023-05-11,-0.002719357765519348,477906.29296836286,1.0,4.768259283585611
2023-05-12,-0.0014364869975566075,477219.78679246333,1.0,4.761409741123761
2023-05-15,0.003840551062192832,479052.5737515285,1.0,4.779696178362569
2023-05-16,-0.007636754646662358,475394.16678293596,1.0,4.743194811362824
2023-05-17,0.009877905569740664,480090.0654708233,1.0,4.790047641808349
2023-05-18,0.006236381053197793,483084.090058954,1.0,4.819920204165638
2023-05-19,0.00039362153656674614,483274.24236077396,1.0,4.821817428562531
2023-05-22,0.00018149810866474603,483361.95572172885,1.0,4.822692579306141
2023-05-23,-0.010281004627108903,478392.5092183853,1.0,4.773110454583171
2023-05-24,-0.008015126664294936,474558.1326617501,1.0,4.734853369707016
2023-05-25,0.005777231649975789,477299.76492551697,1.0,4.762207714452482
2023-05-26,0.011722280313168243,482894.8065633832,1.0,4.818031648190827
2023-05-30,7.076887545531818e-05,482928.9804858069,1.0,4.8183726148724775
2023-05-31,-0.005262157515951271,480387.7321214728,1.0,4.7930175792024725
2023-06-01,0.010021667790738098,485202.01838354033,0.02113408005925521,4.841051609096407
2023-06-02,0.010855584764267956,490469.1700218967,0.02113408005925521,4.893604055187149
2023-06-05,-0.0008841037142343078,490035.54440696293,0.02113408005925521,4.889277601665966
2023-06-06,0.0018366677963512767,490935.5769104427,0.02113408005925521,4.898257580384367
2023-06-07,-0.005642840101031554,488165.30595002935,0.02113408005925521,4.870617496084592
2023-06-08,0.0073723760638984,491764.244166841,0.02113408005925521,4.906525519929131
2023-06-09,0.0015588379590798507,492530.8249375665,0.02113408005925521,4.914173998156791
2023-06-12,0.008884413589574924,496906.67249192635,0.02113408005925521,4.957833552407551
2023-06-13,0.005359670720214149,499569.9286351604,0.02113408005925521,4.984405907734085
2023-06-14,0.0017415484102507595,500439.95385018404,0.02113408005925521,4.993086491918744
2023-06-15,0.011839786079727244,506365.05584951874,0.02113408005925521,5.052203567860637
2023-06-16,-0.0035218409191296596,504581.71867581055,0.02113408005925521,5.034410510603573
2023-06-20,-0.005297800285445575,501908.54550257925,0.02113408005925521,5.007739209163447
2023-06-21,-0.005638778456412918,499078.3944091098,0.02113408005925521,4.979501677195483
2023-06-22,0.0031540345858331875,500652.5049261182,0.02113408005925521,4.995207197705571
2023-06-23,-0.006836019436732621,497230.0346713944,0.02113408005925521,4.961059864211549
2023-06-26,-0.004478424852562224,495003.22732668166,0.02113408005925521,4.938842130420616
2023-06-27,0.0101126139547143,500009.00387097406,0.02113408005925521,4.988786734268838
2023-06-28,0.00038776480659707957,500202.88976565684,0.02113408005925521,4.990721210192005
2023-06-29,0.002874322739937041,501640.6343062925,0.02113408005925521,5.005066153655147
2023-06-30,0.011687745040496411,507503.6821420174,0.02113408005925521,5.063564090769886
2023-07-03,0.0012966877115307973,508161.7559302076,0.999999999992724,5.070129952102937
2023-07-05,-0.0022716893950756045,507007.370258278,0.999999999992724,5.058612191659089
2023-07-06,-0.008785784845106503,502552.9125883055,0.999999999992724,5.01416831332834
2023-07-07,-0.0015278573323005418,501785.08343593846,0.999999999992724,5.006507379505432
2023-07-10,0.0023221264077466497,502950.29182919837,0.999999999992724,5.018133122501959
2023-07-11,0.00655398770178417,506246.6218564557,0.999999999992724,5.051021905272753
2023-07-12,0.009609186412294246,511111.24001646857,0.999999999992724,5.0995581163331005
2023-07-13,0.0095892208776156,516012.3985900185,0.999999999992724,5.148458905488856
2023-07-14,-0.0011345657230782402,515426.9486098949,0.999999999992724,5.1426176404880115
2023-07-17,0.0036724675098749326,517319.8373323787,0.999999999992724,5.161503736688413
2023-07-18,0.007484272597201969,521191.6000149144,0.999999999992724,5.200133837665266
2023-07-19,0.0017310252382591873,522093.7958285089,0.999999999992724,5.20913540058059
2023-07-20,-0.00822305596700812,517800.58932538336,0.999999999992724,5.166300388641893
2023-07-21,-0.0001721288004524757,517711.4609310692,0.999999999992724,5.165411119553219
2023-07-24,0.0036285552714518943,519590.0055817217,0.999999999992724,5.18415409930029
2023-07-25,0.0031550918705207653,521229.35978433647,0.999999999992724,5.20051058175452
2023-07-26,-8.208520483099502e-05,521186.57456557464,0.999999999992724,5.20008369677819
2023-07-27,-0.005967383283828731,518076.4545127561,0.999999999992724,5.169052804251526
2023-07-28,0.010476486584018785,523504.07553795504,0.999999999992724,5.223206316607352
2023-07-31,0.0015752209406341144,524328.7101202498,0.999999999992724,5.2314340205745244
2023-08-01,-0.0036400623919852215,522420.1209015029,0.05185859424085493,5.212391274340079
2023-08-02,-0.01525429981519566,514450.9677477806,0.05185859424085493,5.132879895087186
2023-08-03,-0.002756527047608315,513032.8697405156,0.05185859424085493,5.118730972824253
2023-08-04,-0.0038095127031153586,511078.4645061234,0.05185859424085493,5.099231102159449
2023-08-07,0.008630938916978526,515489.5515150589,0.05185859424085493,5.143242254325744
2023-08-08,-0.005078315161821556,512871.7331098394,0.05185859424085493,5.11712324920468
2023-08-09,-0.0063601081702190365,509609.8134098131,0.05185859424085493,5.084577791819396
2023-08-10,0.0007736940988265495,510004.0955151523,0.05185859424085493,5.088511699651951
2023-08-11,-0.0016602009730951606,509157.38621949556,0.05185859424085493,5.080063747576583
2023-08-14,0.0051146827757113655,511761.56473291863,0.05185859424085493,5.106046662125828
2023-08-15,-0.011773116279003126,505736.5363241934,0.05185859424085493,5.045932581046605
2023-08-16,-0.007720299808102404,501832.09863985935,0.05185859424085493,5.006976468709453
2023-08-17,-0.007852456824223641,497891.4837522803,0.05185859424085493,4.967659402169009
2023-08-18,0.0002626877573344011,498022.27374954306,0.05185859424085493,4.968964345476565
2023-08-21,0.007116003550026839,501566.2020175372,0.05185859424085493,5.0043235133989326
2023-08-22,-0.0025349128926100972,500294.77538554545,0.05185859424085493,4.991637989206026
2023-08-23,0.011558509736524725,506077.4374179717,0.05185859424085493,5.049333885505471
2023-08-24,-0.014486079316803235,498746.35951909045,0.05185859424085493,4.976188834343016
2023-08-25,0.007043156291682617,502259.1080790912,0.05185859424085493,5.01123691004022
2023-08-28,0.006867249395128061,505708.24663524487,0.05185859424085493,5.045650323679537
2023-08-29,0.01502196392065902,513304.9776705793,0.05185859424085493,5.121445900798113
2023-08-30,0.003835323554136627,515273.6683418948,0.05185859424085493,5.141088302892681
2023-08-31,-0.0011954178677590077,514657.70099197316,0.05185859424085493,5.134942554075676
2023-09-01,0.001528073477832681,515444.13577502134,0.08850595887031432,5.1427891236027525
2023-09-05,-0.004225410667608731,513266.1726251612,0.08850595887031432,5.121058727578619
2023-09-06,-0.006657696074288122,509849.00244260975,0.08850595887031432,5.0869642749918205
2023-09-07,-0.0035693445201538943,508029.1756996353,0.08850595887031432,5.068807146932659
2023-09-08,0.0012129186283336146,508645.3737505784,0.08850595887031432,5.074955197544605
2023-09-11,0.0075681857551144205,512494.89642260235,0.08850595887031432,5.113363401178506
2023-09-12,-0.005938157631142804,509451.6209424887,0.08850595887031432,5.082999443276991
2023-09-13,0.0011148836654699679,510019.6002330247,0.08850595887031432,5.088666396327894
2023-09-14,0.009062165359436491,514641.48218689003,0.08850595887031432,5.134780732670425
2023-09-15,-0.01156932200844163,508687.4291605682,0.08850595887031432,5.075374800931419
2023-09-18,0.00019508148876989928,508786.6646615674,0.08850595887031432,5.076364912603649
2023-09-19,-0.0018491288631966585,507845.8525547322,0.08850595887031432,5.066978059723636
2023-09-20,-0.009119888950202104,503214.3547756123,0.08850595887031432,5.020767782505845
2023-09-21,-0.016715961446107208,494802.64302205545,0.08850595887031432,4.936840821823621
2023-09-22,-0.0016711952262480345,493975.7312071021,0.08850595887031432,4.928590397009443
2023-09-25,0.0034432793060377165,495676.6276200523,0.08850595887031432,4.945560910331401
2023-09-26,-0.014678290916111725,488400.941879528,0.08850595887031432,4.872968528546206
2023-09-27,0.00031981163525052203,488557.1381834084,0.08850595887031432,4.874526960579845
2023-09-28,0.006301186967467176,491635.6280553928,0.08850595887031432,4.905242266336419
2023-09-29,-0.002190862813095995,490558.5218402932,0.08850595887031432,4.894495553465876
2023-10-02,-0.0010920249507481161,490022.81969464145,0.9999999999854481,4.889150642200166
2023-10-03,-0.010694679378097871,484782.1827500558,0.9999999999854481,4.836862743650613
2023-10-04,0.005853025223190755,487619.6250934453,0.9999999999854481,4.865173023290311
2023-10-05,-0.00018115002658902757,487531.2927853943,0.9999999999854481,4.864291697067783
2023-10-06,0.00950932485626832,492167.3862260871,0.9999999999854481,4.910547827010849
2023-10-09,0.005148652829830569,494701.3852319304,0.9999999999854481,4.935830532976407
2023-10-10,0.004174859556010935,496766.6940374378,0.9999999999854481,4.956436932243855
2023-10-11,0.003328256002100405,498420.0607685115,0.9999999999854481,4.972933223212627
2023-10-12,-0.004800858370329064,496027.2166478311,0.9999999999854481,4.94905887512288
2023-10-13,-0.0039972226447470005,494044.4854250355,0.9999999999854481,4.929276384917053
2023-10-16,0.00849433559219226,498241.0650817077,0.9999999999854481,4.971147312757206
2023-10-17,-1.7236014443477998e-05,498232.47739151365,0.9999999999854481,4.971061629990323
2023-10-18,-0.01066495452096583,492918.85067926504,0.9999999999854481,4.918045483785558
2023-10-19,-0.006959898818878707,489488.1853526194,0.9999999999854481,4.883816384831767
2023-10-20,-0.00978658303170421,484697.76858362777,0.9999999999854481,4.836020510270013
2023-10-23,-0.0013420252968440183,484047.2919168647,0.9999999999854481,4.829530448409175
2023-10-24,0.006031455280620213,486966.80151176656,0.9999999999854481,4.858659545335148
2023-10-25,-0.0114606780010712,481385.83180242864,0.9999999999854481,4.802976012769231
2023-10-26,-0.009412541682334852,476854.76759530284,0.9999999999854481,4.757767800849786
2023-10-27,-0.00359965507868365,475138.2549093339,0.9999999999854481,4.740641477822259
2023-10-30,0.009526630477175502,479664.72148942517,0.9999999999854481,4.785803817406244
2023-10-31,0.005035391027897962,482080.02092441224,0.9999999999854481,4.809902211009692
2023-11-01,0.008546664782842717,486200.19726175896,0.019914071571520253,4.851010832845445
2023-11-02,0.015435763588748763,493705.06856349454,0.019914071571520253,4.925889889227707
2023-11-03,0.00735676878338154,497337.14260009973,0.019914071571520253,4.962128522195153
2023-11-06,0.0018922870268152092,498278.24722299527,0.019914071571520253,4.971518293623093
2023-11-07,0.0022937491959107437,499421.1725519029,0.019914071571520253,4.982921709711547
2023-11-08,0.0006293264505690122,499735.47150576394,0.019914071571520253,4.986057594144582
2023-11-09,-0.006193379589606085,496640.420036338,0.019914071571520253,4.955177046808407
2023-11-10,0.012564981001696784,502880.6974787693,0.019914071571520253,5.017438752261598
2023-11-13,-0.0007505641709404376,502503.2532449842,0.019914071571520253,5.0136728425042625
2023-11-14,0.015741972614189415,510413.6456961078,0.019914071571520253,5.09259794308747
2023-11-15,0.0017155658523140271,511289.29391721915,0.019914071571520253,5.101334630218195
2023-11-16,0.0010858175966261818,511844.460829521,0.019914071571520253,5.106873749125964
2023-11-17,0.0010460380692374205,512379.86962107697,0.019914071571520253,5.112215733482339
2023-11-20,0.006261397477569819,515588.08364428,0.019914071571520253,5.1442253481807585
2023-11-21,-0.0017138722735902112,514704.4315231285,0.019914071571520253,5.135408802987412
2023-11-22,0.003208818826001769,516356.02479282644,0.019914071571520253,5.151887399433653
2023-11-24,0.0005558215879029049,516643.02661845007,0.019914071571520253,5.154750929668703
2023-11-27,-0.0014630206721767403,515887.1671903713,0.019914071571520253,5.147209422498675
2023-11-28,0.0008228692295428885,516311.67486616835,0.019914071571520253,5.151444902750463
2023-11-29,-0.0005155374682674907,516045.4968524709,0.019914071571520253,5.14878913988738
2023-11-30,0.003253416803392639,517724.40794324584,0.019914071571520253,5.165540296992215
2023-12-01,0.006815625759320598,521253.0237542528,0.9999999999854481,5.200746686501204
2023-12-04,-0.007299387258826173,517448.1960740364,0.9999999999854481,5.162784422401375
2023-12-05,-0.0002828708221004339,517301.8250774186,0.9999999999854481,5.1613240213274825
2023-12-06,-0.003441787925180795,515521.3819021931,0.9999999999854481,5.143559838632932
2023-12-07,0.0076665478794033515,519473.6512594025,0.9999999999854481,5.182993186406388
2023-12-08,0.0025686665934696595,520808.00587358023,0.9999999999854481,5.196306567858491
2023-12-11,0.0029021808297888807,522319.48488422716,0.9999999999854481,5.211387189165436
2023-12-12,0.004419171539197464,524627.7042861958,0.9999999999854481,5.234417203111534
2023-12-13,0.014519986340193913,532245.2913861186,0.9999999999854481,5.310420869399589
2023-12-14,0.003052570193807558,533870.0074983983,0.9999999999854481,5.326631301862092
2023-12-15,-0.0017200084359789702,532951.7465817849,0.9999999999854481,5.31746945108754
2023-12-18,0.005589817027308985,535930.8493295618,0.9999999999854481,5.3471931323674236
2023-12-19,0.0060525644962046155,539174.6053606347,0.9999999999854481,5.37955736367474
2023-12-20,-0.013152438655086085,532083.1444392487,0.9999999999854481,5.308803065457492
2023-12-21,0.009466849128443311,537120.2952914428,0.9999999999854481,5.359060703130795
2023-12-22,0.002191330183480611,538297.303206675,0.9999999999854481,5.370804174604671
2023-12-26,0.00474331196651856,540850.6152465199,0.9999999999854481,5.396279574315901
2023-12-27,0.0020956766156152717,541984.0632334332,0.9999999999854481,5.407588431231117
2023-12-28,-0.0003113452229709379,541815.319084419,0.9999999999854481,5.40590480440526
2023-12-29,-0.0029121335886445054,540237.4804948712,0.9999999999854481,5.3901620874473375
2024-01-02,-0.0063229337093264615,536821.5947184085,1.0,5.356080449885883
2024-01-03,-0.008391871005070772,532316.6571427953,1.0,5.3111329136576595
2024-01-04,-0.00285660407183419,530796.039212496,1.0,5.295961109750452
2024-01-05,0.0012779142078633843,531474.3510124832,1.0,5.3027288936968935
2024-01-08,0.01451842902244782,539190.5236549095,1.0,5.379716186765315
2024-01-09,-0.001920092084181424,538155.228198574,1.0,5.369386636299964
2024-01-10,0.005752833849472561,541251.1458116254,1.0,5.4002758254921766
2024-01-11,-0.00024959763374909905,541116.0508063668,1.0,5.398927929424541
2024-01-12,0.0009613513892243741,541636.2534735411,1.0,5.404118196289815
2024-01-16,-0.004723281244660815,539077.9531160812,1.0,5.37859302616935
2024-01-17,-0.006091839375782615,535793.9768146724,1.0,5.345827501386221
2024-01-18,0.00944499893680839,540854.5503560352,1.0,5.396318836453175
2024-01-19,0.012308621973375455,547511.7245589476,1.0,5.462740085058882
2024-01-22,0.0020756886970072497,548648.1884570936,1.0,5.474079032908127
2024-01-23,0.002595082736632781,550071.9758994434,1.0,5.48828472090539
2024-01-24,0.0020378189282730386,551192.9229838438,1.0,5.499468851393403
2024-01-25,0.004728440084351915,553799.2056950917,1.0,5.525472760352977
2024-01-26,-0.0012170916836876655,553125.1812874074,1.0,5.518747753407908
2024-01-29,0.007959250495103376,557527.6431604234,1.0,5.562672849196571
2024-01-30,-0.001418029243712704,556737.0526582437,1.0,5.554784816423203
2024-01-31,-0.015617075575330763,548042.448031293,1.0,5.468035322140422
2024-02-01,0.012696629896569389,555000.7401615562,0.1423731483876054,5.537460942887008
2024-02-02,0.009404173193688248,560220.0632446606,0.1423731483876054,5.589536184647201
2024-02-05,-0.0036889823125715315,558153.4213402034,0.1423731483876054,5.56891648452656
2024-02-06,0.0027251687376015354,559674.483594825,0.1423731483876054,5.584092721632505
2024-02-07,0.007778804739713152,564028.082120509,0.1423731483876054,5.6275302885625385
2024-02-08,0.0003763217630841087,564240.3381628016,0.1423731483876054,5.6296480506825395
2024-02-09,0.0059748070277454435,567611.5653005942,0.1423731483876054,5.663284111419491
2024-02-12,-0.0005029654464968614,567326.076296216,0.1423731483876054,5.6604356751977525
2024-02-13,-0.014348843570200942,559185.6031741457,0.1423731483876054,5.579214969155156
2024-02-14,0.009587782655994692,564546.9532017406,0.1423731483876054,5.632707269670487
2024-02-15,0.00691912572457154,568453.1245483673,0.1423731483876054,5.671680679439045
2024-02-16,-0.0048222911015266545,565711.8781042227,0.1423731483876054,5.6443301841678855
2024-02-20,-0.004820803614738911,562984.6922373571,0.1423731483876054,5.617119976813269
2024-02-21,0.0003885151088636185,563203.4202963503,0.1423731483876054,5.61930231279256
2024-02-22,0.02054301474907083,574773.3164662253,0.1423731483876054,5.734739723083746
2024-02-23,0.00041917654005474425,575014.2479563374,0.1423731483876054,5.737143591438983
2024-02-26,-0.0032110877569715424,573167.8267446406,0.1423731483876054,5.718721119892525
2024-02-27,0.0019114804328101975,574263.4258301794,0.1423731483876054,5.729652343413898
2024-02-28,-0.0021161397094234813,573048.2041911106,0.1423731483876054,5.717527598568809
2024-02-29,0.003960923052931387,575318.0040335321,0.1423731483876054,5.7401742854397515
2024-03-01,0.010072254798138003,581112.7535601141,0.11916013565178218,5.797990783428421
2024-03-04,-0.0014799835143807227,580252.7162648487,0.11916013565178218,5.789409852652415
2024-03-05,-0.010039116259190073,574427.491786555,0.11916013565178218,5.731289294069537
2024-03-06,0.005890064679209939,577810.9068666942,0.11916013565178218,5.765046958706871
2024-03-07,0.010608713787843227,583940.7374011371,0.11916013565178218,5.826206691865268
2024-03-08,-0.00652055877728086,580133.1175004643,0.11916013565178218,5.788216568682374
2024-03-11,-0.001563617465731193,579226.0112254915,0.11916013565178218,5.779166012160148
2024-03-12,0.010796366113773104,585479.5473053023,0.11916013565178218,5.841560004259702
2024-03-13,-0.0019969412607919734,584310.3790399386,0.11916013565178218,5.829894752059804
2024-03-14,-0.002496619495255592,582851.5783563473,0.11916013565178218,5.815339723166523
2024-03-15,-0.00675817406232726,578912.5659373129,0.11916013565178218,5.776038645085798
2024-03-18,0.005714555688461909,582220.794034112,0.11916013565178218,5.809046139581848
2024-03-19,0.004857975245085688,585049.2082387039,0.11916013565178218,5.837266341925498
2024-03-20,0.0096715413629187,590707.5358555274,0.11916013565178218,5.893721704797803
2024-03-21,0.0031734446933642246,592582.1135505184,0.11916013565178218,5.9124251046660605
2024-03-22,-0.0017458947914463785,591547.5275249663,0.11916013565178218,5.902102632471007
2024-03-25,-0.002712156983451286,589943.1577671461,0.11916013565178218,5.886095203599305
2024-03-26,-0.0016588093494194212,588964.554541416,0.11916013565178218,5.876331293844002
2024-03-27,0.007729660785422032,593517.0507626584,0.11916013565178218,5.921753341408176
2024-03-28,-0.0005343725579683989,593199.8915380444,0.11916013565178218,5.91858891892747
2024-04-01,-0.0015876804483883067,592258.0796682634,0.011351923757956683,5.909192091018841
2024-04-02,-0.00657041288874749,588366.6995481462,0.011351923757956683,5.870366259141926
2024-04-03,0.001647253007898808,589335.8883637243,0.011351923757956683,5.880036237619764
2024-04-04,-0.01209361110232876,582208.689321208,0.011351923757956683,5.808925366094392
2024-04-05,0.009893189349331255,587968.5901254887,0.011351923757956683,5.866394164657296
2024-04-08,0.0009606697319628488,588533.4337533672,0.011351923757956683,5.872029831967046
2024-04-09,0.0013147484894879824,589307.2071964076,0.011351923757956683,5.879750074318854
2024-04-10,-0.01038687933861604,583186.1443418817,0.011351923757956683,5.818677819755685
2024-04-11,0.008002699604678032,587853.2078686602,0.011351923757956683,5.865242950443593
2024-04-12,-0.014378869321698295,579400.5434123756,0.011351923757956683,5.780907388519152
2024-04-15,-0.012027973278036619,572431.5291589317,0.011351923757956683,5.711374788927239
2024-04-16,-0.0025046636756924645,570997.7807010262,0.011351923757956683,5.6970697159551476
2024-04-17,-0.0059011321638066105,567628.2473318692,0.011351923757956683,5.663450554614876
2024-04-18,-0.0023217958073044054,566310.3304471065,0.011351923757956683,5.650301178862295
2024-04-19,-0.008985238232345982,561221.8972146007,0.011351923757956683,5.599531876685712
2024-04-22,0.009460232357024756,566531.186766101,0.011351923757956683,5.652504749329726
2024-04-23,0.011992117261118151,573325.0951898806,0.011351923757956683,5.720290249102716
2024-04-24,-0.0003339167622350425,573133.6523303867,0.011351923757956683,5.718380148303691
2024-04-25,-0.00395280008116794,570868.169582935,0.011351923757956683,5.695776534789326
2024-04-26,0.009858238995149593,576495.9244334073,0.011351923757956683,5.751926861132246
2024-04-29,0.0037923954774523594,578682.2249699982,0.011351923757956683,5.77374044254704
2024-04-30,-0.015960594991960897,569446.1123482053,0.011351923757956683,5.681588109754841
2024-05-01,-0.0031521922080208764,567651.1087499735,0.999999999992724,5.663678651986088
2024-05-02,0.008443999400319147,572444.3543718487,0.999999999992724,5.711502751127059
2024-05-03,0.01185728548179732,579231.9905040789,0.999999999992724,5.779225669777243
2024-05-06,0.010408973870114524,585261.2011579704,0.999999999992724,5.839381478763451
2024-05-07,0.00044865171203856136,585523.7795978596,0.999999999992724,5.842001327261143
2024-05-08,-0.00026933449276667076,585366.0778476788,0.999999999992724,5.840427874796924
2024-05-09,0.006374934512294095,589097.7482596762,0.999999999992724,5.8776602200225305
2024-05-10,0.002066104708968286,590314.8858913981,0.999999999992724,5.889804081480834
2024-05-13,-0.0007672824349644891,589861.9476483555,0.999999999992724,5.885284938263732
2024-05-14,0.005153241256738106,592901.6485727569,0.999999999992724,5.915613231415252
2024-05-15,0.012755952397425663,600464.6737783062,0.999999999992724,5.991072512196767
2024-05-16,-0.0022350711650030997,599122.5925003414,0.999999999992724,5.977682038777313
2024-05-17,0.002717661646207681,600750.8049913561,0.999999999992724,5.993927355987323
2024-05-20,0.002025416226124621,601967.5754196431,0.999999999992724,6.006067553712353
2024-05-21,0.002011885999073204,603178.6655565259,0.999999999992724,6.0181510769331545
2024-05-22,-0.004143185767946145,600679.5842938634,0.999999999992724,5.9932167590418555
2024-05-23,-0.008253617440708072,595721.8048006583,0.999999999992724,5.943751040673484
2024-05-24,0.006357661410942184,599509.2023306963,0.999999999992724,5.981539397301021
2024-05-28,0.00195765602832787,600682.835134677,0.999999999992724,5.993249193960828
2024-05-29,-0.0072302548959756185,596339.745125016,0.999999999992724,5.949916474633391
2024-05-30,-0.006228595189876396,592625.3862569982,0.999999999992724,5.912856853499323
2024-05-31,0.006525767721358822,596492.7218734919,0.999999999992724,5.951442783894904
2024-06-03,0.0020826367703659088,597734.9995493212,0.05269617209478383,5.963837477473372
2024-06-04,0.0002622270369285751,597891.7418271216,0.05269617209478383,5.965401356903814
2024-06-05,0.012709309294891336,605490.5328988638,0.05269617209478383,6.041217487816868
2024-06-06,0.0006875715150769235,605906.8509419338,0.05269617209478383,6.045371256877877
2024-06-07,-0.004643181432565036,603093.5155017762,0.05269617209478383,6.017301501304979
2024-06-10,0.0037770290646963467,605371.4172385563,0.05269617209478383,6.040029023966448
2024-06-11,0.0029027250352864353,607128.6440070214,0.05269617209478383,6.057561567428172
2024-06-12,0.008165955413411696,612086.4294441879,0.05269617209478383,6.107027345101787
2024-06-13,0.0013725835294955413,612926.5691958708,0.05269617209478383,6.115409750249852
2024-06-14,0.0022667092523969146,614315.8955213069,0.05269617209478383,6.129271606112941
2024-06-17,0.007119329770683747,618689.412964896,0.05269617209478383,6.172907911930948
2024-06-18,0.0024514401222415216,620206.0930150441,0.05269617209478383,6.188040426057157
2024-06-20,-0.001766898130254324,619110.2520289235,0.05269617209478383,6.177106788998418
2024-06-21,-0.0028602564916123674,617339.437911534,0.05269617209478383,6.1594386792058025
2024-06-24,-0.0033886821507203013,615247.4707773475,0.05269617209478383,6.138566299295122
2024-06-25,0.003765260795038694,617564.0379583121,0.05269617209478383,6.1616796023196025
2024-06-26,0.000322531578179186,617763.2218621015,0.05269617209478383,6.1636669385659735
2024-06-27,0.002610893410993187,619376.1357876151,0.05269617209478383,6.179759615963431
2024-06-28,-0.0036763417326723946,617099.0974513977,0.05269617209478383,6.157040707789381
2024-07-01,0.0024889672003063357,618635.0368642928,0.05053075633941262,6.172365380162019
2024-07-02,0.00642960305743534,622612.614588752,0.05053075633941262,6.212051239481917
2024-07-03,0.005530664113853723,626056.0758330907,0.05053075633941262,6.24640800834554
2024-07-05,0.007009935697131597,630444.6886674792,0.05053075633941262,6.29019492682209
2024-07-08,-8.6906196795411e-05,630389.8991172973,0.05053075633941262,6.289648269903898
2024-07-09,0.001033386554398552,631041.3355630737,0.05053075633941262,6.296147907857913
2024-07-10,0.009328669885497742,636928.1118666453,0.05053075633941262,6.354882593240587
2024-07-11,-0.007368312270024435,632235.0266448548,0.05053075633941262,6.308057833854248
2024-07-12,0.0055605045357767224,635750.5723781905,0.05053075633941262,6.343133818051337
2024-07-15,0.0027919362973489736,637525.5474772735,0.05053075633941262,6.360843443596895
2024-07-16,0.006785885448535645,641851.7228129692,0.05053075633941262,6.404007398561213
2024-07-17,-0.014590625594563145,632486.7046381799,0.05053075633941262,6.310568924303994
2024-07-18,-0.0072604955747636035,627894.5377180575,0.05053075633941262,6.264751066554844
2024-07-19,-0.008026677235223767,622854.6309260346,0.05053075633941262,6.214465931784584
2024-07-22,0.009738608663628634,628920.3684309521,0.05053075633941262,6.274986183547686
2024-07-23,-0.0012464024116830563,628136.4805669831,0.05053075633941262,6.267165025635234
2024-07-24,-0.02201413389655693,614308.5999784695,0.05053075633941262,6.129198815609081
2024-07-25,-0.006858402932362284,610095.4240750019,0.05053075633941262,6.0871623004790765
2024-07-26,0.011040021373725839,616830.8905968022,0.05053075633941262,6.154364702381704
2024-07-29,0.0005203152332764471,617151.8371055352,0.05053075633941262,6.157566912087492
2024-07-30,-0.004361677267647579,614460.019966945,0.05053075633941262,6.130709592463021
2024-07-31,0.01772762822879681,625352.9387623782,0.05053075633941262,6.239392532896924
2024-08-01,-0.013365143601427265,616995.0069342444,0.5851081030268688,6.156002155709084
2024-08-02,-0.016926893067956916,606551.1984284051,0.5851081030268688,6.051800165493284
2024-08-05,-0.02743538304894333,589910.2339607262,0.5851081030268688,5.885766709817317
2024-08-06,0.007423364433118085,594289.3526102426,0.5851081030268688,5.929458901072605
2024-08-07,-0.00606722393130521,590683.6660279658,0.5851081030268688,5.893483546128327
2024-08-08,0.022350086886516074,603885.4972861367,0.5851081030268688,6.025203415448548
2024-08-09,0.004209177975839085,606427.3588212421,0.5851081030268688,6.050564568964804
2024-08-12,0.0022273359855462527,607778.0763001645,0.5851081030268688,6.064041209162131
2024-08-13,0.01457711083233737,616637.7246798568,0.5851081030268688,6.152437409959949
2024-08-14,0.001997850838081794,617869.6748749013,0.5851081030268688,6.164729062195683
2024-08-15,0.015722602702417765,627584.1942948315,0.5851081030268688,6.261654648008634
2024-08-16,0.004256395688891468,630255.4409538445,0.5851081030268688,6.288306727857746
2024-08-19,0.008421194377496777,635562.9445295917,0.5851081030268688,6.341261781118357
2024-08-20,-0.0010921885847514634,634868.7899366855,0.5851081030268688,6.334335927388099
2024-08-21,0.002953606055500879,636743.942239091,0.5851081030268688,6.3530450603408095
2024-08-22,-0.008264797562248405,631481.382457497,0.5851081030268688,6.30053842901325
2024-08-23,0.010718504061123513,638249.9182198915,0.5851081030268688,6.368070775751893
2024-08-26,-0.001823582822378711,637086.0166326411,0.5851081030268688,6.356458071273541
2024-08-27,0.0015081237121903346,638046.8211610296,0.5851081030268688,6.366044396416371
2024-08-28,-0.005928871673519187,634263.923436669,0.5851081030268688,6.328300936122093
2024-08-29,0.0006036364858883481,634646.7882825381,0.5851081030268688,6.332120929460817
2024-08-30,0.007853582807614057,639631.0393879013,0.5851081030268688,6.3818507655281635
2024-09-03,-0.018959017984943816,627504.2630084178,0.0009529682921538551,6.260857142087288
2024-09-04,-0.001777721731623494,626388.7350433813,0.0009529682921538551,6.249727080287209
2024-09-05,-0.0013388039571641253,625550.1233261822,0.0009529682921538551,6.241359920940925
2024-09-06,-0.015863347797792193,615626.8041549072,0.0009529682921538551,6.142351057783839
2024-09-09,0.010473183611948489,622074.3767112587,0.0009529682921538551,6.206681028221055
2024-09-10,0.004360765707118519,624787.0973204983,0.0009529682921538551,6.233746910003945
2024-09-11,0.009040720557917714,630435.6228755655,0.0009529682921538551,6.290104473846075
2024-09-12,0.009353346564089149,636332.3057426681,0.0009529682921538551,6.348938000914284
2024-09-13,0.005706889957540984,639963.7841879699,0.0009529682921538551,6.385170691432753
2024-09-16,0.0013161128627936503,640806.0487560618,0.0009529682921538551,6.393574296710881
2024-09-17,-0.00020235937139068128,640676.3756468522,0.0009529682921538551,6.392280497035259
2024-09-18,-0.003450834399663316,638465.5075707184,0.0009529682921538551,6.3702217956037925
2024-09-19,0.01690890085479846,649261.2575374403,0.0009529682921538551,6.477935244368734
2024-09-20,-0.0002596742822968956,649092.661086366,0.0009529682921538551,6.476253091183386
2024-09-23,0.0024412636654214115,650677.2674153679,0.0009529682921538551,6.4920633325429655
2024-09-24,0.0040051418457836,653283.3221671933,0.0009529682921538551,6.51806496706161
2024-09-25,-0.0021197994616589666,651898.4925325525,0.0009529682921538551,6.5042479764533745
2024-09-26,0.004081388432179978,654559.1434989304,0.0009529682921538551,6.530794338904502
2024-09-27,-0.002125871750693231,653167.634706608,0.0009529682921538551,6.516910707709837
2024-09-30,0.0027637049399176217,654972.7973252409,0.0009529682921538551,6.534921526025736
2024-10-01,-0.0075871863565883935,650003.3966534383,0.6770955753090675,6.485339858582098
2024-10-02,0.0004984694573784143,650327.4034938624,0.6770955753090675,6.4885726024223205
2024-10-03,-0.0016061397795390508,649282.8867813866,0.6770955753090675,6.478151047853143
2024-10-04,0.008247533159160714,654637.8689197917,0.6770955753090675,6.531579813430364
2024-10-07,-0.008642137410766693,648980.3985022954,0.6770955753090675,6.475133003173309
2024-10-08,0.008311638795747145,654374.4891601665,0.6770955753090675,6.528951969850107
2024-10-09,0.005796561627662289,658167.6112141535,0.6770955753090675,6.566797442307391
2024-10-10,-0.0007983796856990688,657642.143563575,0.6770955753090675,6.561554644629352
2024-10-11,0.006029329138008022,661607.2845021449,0.6770955753090675,6.601116417238847
2024-10-14,0.0072273201057557745,666388.9321315418,0.6770955753090675,6.648824798641592
2024-10-15,-0.007226129569961159,661573.5193639712,0.6770955753090675,6.600779529158638
2024-10-16,0.003990803104727991,664213.7290190548,0.6770955753090675,6.627121940597229
2024-10-17,0.0007330161289735848,664700.6083955114,0.6770955753090675,6.631979727868361
2024-10-18,0.004791794022552365,667885.716797608,0.6770955753090675,6.663758808686049
2024-10-21,-0.001142956270698714,667122.352629484,0.6770955753090675,6.656142423769238
2024-10-22,0.0007693687432477336,667635.6157155191,0.6770955753090675,6.661263451700691
2024-10-23,-0.010050346549343336,660925.6464088939,0.6770955753090675,6.594315445554624
2024-10-24,0.003313356611455598,663115.5287691033,0.6770955753090675,6.616164764234177
2024-10-25,0.0005409562099667475,663474.2452323163,0.6770955753090675,6.6197438196495515
2024-10-28,0.0024863399992853807,665123.8677867331,0.6770955753090675,6.636202753493368
2024-10-29,0.003361220020889899,667359.4954475096,0.6770955753090675,6.658508491051095
2024-10-30,-0.002606391175131173,665620.0955479352,0.6770955753090675,6.641153813280484
2024-10-31,-0.01974275962568739,652478.9179995053,0.6770955753090675,6.51003910990767
2024-11-01,0.0031441633738842345,654530.418315711,0.6029330869787373,6.530507736439596
2024-11-04,-0.001798170515537656,653353.4610159731,0.6029330869787373,6.51876476997644
2024-11-05,0.011110850444743692,660612.7736088773,0.6029330869787373,6.591193790420112
2024-11-06,0.019404237141383618,673431.4605266112,0.6029330869787373,6.7190908777742395
2024-11-07,0.008516371683294999,679166.65314768,0.6029330869787373,6.776313153063202
2024-11-08,0.0032803932848597395,681394.5868759663,0.6029330869787373,6.798542125226617
2024-11-11,-0.001337529289519468,680483.2016582997,0.6029330869787373,6.789448876008095
2024-11-12,-0.0036129408651999206,678024.6560909463,0.6029330869787373,6.764918998711779
2024-11-13,-0.0004781794521364624,677700.4386323617,0.6029330869787373,6.7616841534512275
2024-11-14,-0.006084758815299018,673576.7949142614,0.6029330869787373,6.720540936192247
2024-11-15,-0.011808026213891876,665623.1824628445,0.6029330869787373,6.641184612646155
2024-11-18,0.005464214998467609,669260.2906397858,0.6029330869787373,6.677473473214169
2024-11-19,0.004147713513106499,672036.190591058,0.6029330869787373,6.70516972017243
2024-11-20,0.0008324378395134779,672595.6189456285,0.6029330869787373,6.710751357167862
2024-11-21,0.005646896241221944,676393.696618115,0.6029330869787373,6.748646273782428
2024-11-22,0.004019524007935038,679112.4773204874,0.6029330869787373,6.775772619500958
2024-11-25,0.0002779228036868808,679301.2181642031,0.6029330869787373,6.777655761224515
2024-11-26,0.004919393137159833,682642.9679149045,0.6029330869787373,6.8109977144623155
2024-11-27,-0.0025482623890534795,680903.4145146151,0.6029330869787373,6.793641505154622
2024-11-29,0.006434350071438111,685284.5854484396,0.6029330869787373,6.837354172858638
2024-12-02,0.0003512856493610439,685525.316089036,0.11190987012287223,6.8397560372591615
2024-12-03,-0.00013832348656450666,685430.4918371863,0.11190987012287223,6.838809938356837
2024-12-04,0.005632787412445772,689291.3760837133,0.11190987012287223,6.877331500893723
2024-12-05,-0.0032082316878964123,687079.9696487677,0.11190987012287223,6.855267428044387
2024-12-06,0.0019088118635022244,688391.476046008,0.11190987012287223,6.868352843838518
2024-12-09,-0.0036475992731447304,685880.4997983436,0.11190987012287223,6.843299844997632
2024-12-10,-0.0015986746976190958,684783.9999977257,0.11190987012287223,6.832359634687213
2024-12-11,0.00759991349914424,689988.2991633064,0.11190987012287223,6.884284976905881
2024-12-12,-0.006886239128233496,685236.8747395847,0.11190987012287223,6.836878144328002
2024-12-13,-0.002046078689169173,683834.8261731472,0.11190987012287223,6.822889353656445
2024-12-16,0.004239392063886571,686733.8701082348,0.11190987012287223,6.851814256635112
2024-12-17,-0.004799706046784702,683437.7493993444,0.11190987012287223,6.8189275623160945
2024-12-18,-0.03013028699407727,662845.5738673559,0.11190987012287223,6.613471317871687
2024-12-19,-0.0005229804555402229,662498.918587182,0.11190987012287223,6.6100126016291645
2024-12-20,0.011602593131103012,670185.6239893447,0.11190987012287223,6.686705888437331
2024-12-23,0.004127272778818192,672951.6628719912,0.11190987012287223,6.714303747630641
2024-12-24,0.00999728629807306,679679.3533104868,0.11190987012287223,6.781428564487928
2024-12-26,0.001681575262288515,680822.285297302,0.11190987012287223,6.792832047004948
2024-12-27,-0.010542060447859658,673645.0156114479,0.11190987012287223,6.721221600953264
2024-12-30,-0.010237673866960617,666748.4576395142,0.11190987012287223,6.652411926215134
2024-12-31,-0.002179417121877081,665295.3346349496,0.11190987012287223,6.637913545761362
2025-01-02,-0.0012380017925207598,664471.6978181158,1.0,6.629695796893111
2025-01-03,0.011662577231898785,672221.1503123306,1.0,6.707015136148373
2025-01-06,0.005763581717248112,676095.5518442183,1.0,6.745671565964384
2025-01-07,-0.01082765997425561,668775.0190987424,1.0,6.672631727950118
2025-01-08,0.0012058536277883558,669581.4638816968,1.0,6.6806779451261615
2025-01-10,-0.013744655868800693,660378.2970845151,1.0,6.588854325800116
2025-01-13,0.0009373476214538101,660997.301110547,1.0,6.595030372730511
2025-01-14,0.0010150731385061285,661668.2617155294,1.0,6.601724810909501
2025-01-15,0.016839658005698865,672810.5289560441,1.0,6.712895598972954
2025-01-16,-0.0022400752815336933,671303.382720974,1.0,6.697858207474178
2025-01-17,0.009769283995571865,677861.5361139633,1.0,6.763291486465066
2025-01-21,0.007929899983451838,683236.9102979761,1.0,6.816923711511665
2025-01-22,0.005806575840981321,687204.177234979,1.0,6.8565066960447405
2025-01-23,0.004600472039480996,690365.6408377631,1.0,6.888049863388409
2025-01-24,-0.002881470510404882,688376.3726022923,1.0,6.8682021508328575
2025-01-27,-0.01426826887800392,678554.4334287378,1.0,6.770204795836289
2025-01-28,0.008383957984287482,684243.4052886564,1.0,6.826965908389602
2025-01-29,-0.0037853069075827195,681653.3340001493,1.0,6.801123747178743
2025-01-30,0.004749165730652649,684890.618654168,1.0,6.8334234110087735
2025-01-31,-0.004397030933589896,681879.1334178201,1.0,6.803376636888251
2025-02-03,-0.0062225269878303235,677636.1221076894,0.003238685654764595,6.76104244215684
2025-02-04,0.007576884868809808,682770.492987846,0.003238685654764595,6.812270082334198
2025-02-05,0.004317513794678929,685718.3640099209,0.003238685654764595,6.841682152387755
2025-02-06,0.003040156821715767,687803.0553720414,0.003238685654764595,6.862481939055348
2025-02-07,-0.008417691503132096,682013.3414370079,0.003238685654764595,6.804715683146564
2025-02-10,0.008340692859800214,687701.80524422,0.003238685654764595,6.861471726657955
2025-02-11,-1.423330987959659e-06,687700.8264169301,0.003238685654764595,6.8614619605126235
2025-02-12,-0.0024093933965529946,686043.884586957,0.003238685654764595,6.844929999374264
2025-02-13,0.010873053429719004,693503.276399203,0.003238685654764595,6.919355288980147
2025-02-14,-0.0011154323379831688,692729.72041821,0.003238685654764595,6.9116372163328235
2025-02-18,0.0042237810190082214,695655.6590626154,0.003238685654764595,6.940830458417441
2025-02-19,0.001962705969642098,697021.0265774729,0.003238685654764595,6.954453267792451
2025-02-20,-0.003698221945337532,694443.2881206224,0.003238685654764595,6.928734156099677
2025-02-21,-0.015838939625422932,683444.0428067996,0.003238685654764595,6.818990354120608
2025-02-24,-0.0042573685807912875,680534.369612225,0.003238685654764595,6.789959398834256
2025-02-25,-0.006586000353522414,676052.3700133747,0.003238685654764595,6.74524072383313
2025-02-26,0.000799827101259476,676593.0950207821,0.003238685654764595,6.750635750168571
2025-02-27,-0.017062441291598174,665048.7650586893,0.003238685654764595,6.635453424000356
2025-02-28,0.01336829225010816,673939.3313105673,0.003238685654764595,6.724158104584373
2025-03-03,-0.013574886202590841,664790.6815805762,0.9999999999854481,6.632878423506412
2025-03-04,-0.0076871909139195616,659680.3086934716,0.9999999999854481,6.581890220756099
2025-03-05,0.011783318446388025,667453.5318436184,0.9999999999854481,6.6594467292064365
2025-03-06,-0.015144900371109493,657345.0146015016,0.9999999999854481,6.558590071965894
2025-03-07,0.004923113098874943,660581.1984533664,0.9999999999854481,6.59087875265934
2025-03-10,-0.024338994007446324,644503.3166227782,0.9999999999854481,6.430463394194559
2025-03-11,-0.0045824547892111545,641549.9093128577,0.9999999999854481,6.400996086416986
2025-03-12,0.005015769495017475,644767.7757775204,0.9999999999854481,6.433102007324963
2025-03-13,-0.00891764384528737,639017.9663902184,0.9999999999854481,6.375733894803235
2025-03-14,0.018134992408407102,650606.5523595407,0.9999999999854481,6.491357780583516
2025-03-17,0.008098293304068305,655875.355046097,0.9999999999854481,6.543926699832327
2025-03-18,-0.007504481587670142,650953.3505203469,0.9999999999854481,6.4948179224023725
2025-03-19,0.009135348795478171,656900.0364269355,0.9999999999854481,6.554150349486641
2025-03-20,-0.0033684966378787484,654687.2708628089,0.9999999999854481,6.532072716070243
2025-03-21,-0.001112387975534479,653959.0046149656,0.9999999999854481,6.524806516925571
2025-03-24,0.013903945227801362,663051.6147963596,0.9999999999854481,6.615527069358904
2025-03-25,0.002251601905328693,664544.5430755663,0.9999999999854481,6.630422602713026
2025-03-26,-0.01013782413658082,657807.5073669418,0.9999999999854481,6.563204544415512
2025-03-27,4.371905764233297e-05,657836.2660912739,0.9999999999854481,6.5634914815333065
2025-03-28,-0.01678465488196812,646794.7113960893,0.9999999999854481,6.453325542195032
2025-03-31,0.006745983232883335,651157.977674285,0.9999999999854481,6.496859568099018
2025-04-01,0.0021015667187092024,652526.4296087872,1.0,6.510513151943462
2025-04-02,0.005284845914541592,655974.9312444356,1.0,6.5449202107760795
2025-04-03,-0.04011116602503262,629663.0118690307,1.0,6.2823958295810485
2025-04-04,-0.04888010017870004,598885.0207700505,1.0,5.97531169206888
2025-04-07,-0.003649107252326589,596699.6250974487,1.0,5.9535071388384395
2025-04-08,-0.01177944448175039,589670.834991332,1.0,5.883378132024787
2025-04-09,0.086333629239288,640579.258232695,1.0,6.39131151834955
2025-04-10,-0.03253385952055987,619738.7426335681,1.0,6.183377487259429
2025-04-11,0.016157910819889265,629752.4259686717,1.0,6.283287949264279
2025-04-14,0.007070196438899723,634204.8993281438,1.0,6.327712029347748
2025-04-15,-0.0016592077389963045,633152.6216510691,1.0,6.3172130405785145
2025-04-16,-0.014128104665855123,624207.3751429223,1.0,6.227962793544716
2025-04-17,0.0006746339076091346,624628.4866035734,1.0,6.23216438842057
2025-04-21,-0.01528644110433941,615080.1400310153,1.0,6.136896774544418
2025-04-22,0.01863356819311557,626541.2777645142,1.0,6.251249059087002
2025-04-23,0.009506101748502083,632497.2429005802,1.0,6.31067406869791
2025-04-24,0.018182973431825067,643997.923463944,1.0,6.425420887625951
2025-04-25,0.004590263696956143,646954.0437529357,1.0,6.454915263864085
2025-04-28,0.001812669275752743,648126.7574708706,1.0,6.466615890440479
2025-04-29,0.0039553059642643,650690.2971002945,1.0,6.492193334840545
2025-04-30,-0.00044744963226484025,650399.1459661387,1.0,6.489288405320278
2025-05-01,0.0025790201523336886,652076.538470646,1.000000000007276,6.506024410891905
2025-05-02,0.01386670709197868,661118.6928311698,1.000000000007276,6.596241545731006
2025-05-05,-0.0014442019004597961,660163.9039585536,1.000000000007276,6.58671524115477
2025-05-06,-0.0038176809023037217,657643.6088300208,1.000000000007276,6.561569264169701
2025-05-07,0.001399879669274462,658564.2307476503,1.000000000007276,6.570754671581149
2025-05-08,0.0031653250640224506,660648.8006135045,1.000000000007276,6.591553246032647
2025-05-09,0.00037058358750519105,660893.6262161168,1.000000000007276,6.593995967481794
2025-05-12,0.02396890541403085,676734.5230316268,1.000000000007276,6.752046833126866
2025-05-13,0.005891917155859794,680721.7867778395,1.000000000007276,6.791829333700135
2025-05-14,-0.0014053118462554748,679765.1603868764,1.000000000007276,6.782284695479741
2025-05-15,0.0064924457243540346,684178.498795995,1.000000000007276,6.82631831075226
2025-05-16,0.00416533833881072,687028.33372762,1.000000000007276,6.854752236124963
2025-05-19,0.0028867486755443927,689011.6118600696,1.000000000007276,6.874540183063781
2025-05-20,-0.00047452095123279303,688684.6614145993,1.000000000007276,6.8712780697168245
2025-05-21,-0.013373238010024768,679474.7175236485,1.000000000007276,6.779386832657438
2025-05-22,-0.0006700691167390582,679019.422499831,1.000000000007276,6.774844174910447
2025-05-23,-0.002979703735227157,676996.1457903164,1.000000000007276,6.754657146416884
2025-05-27,0.01631034133884679,688038.1840132402,1.000000000007276,6.864827910101825
2025-05-28,-0.005777884625447927,684062.7787681089,1.000000000007276,6.8251637264637015
2025-05-29,0.004143881037526276,686897.4535455237,1.000000000007276,6.853446393007807
2025-05-30,-0.0014160134905399913,685924.7974846857,1.000000000007276,6.843741820458615
2025-06-02,0.008254681024017385,691586.8878943855,0.008727336664719587,6.90023472619723
2025-06-03,0.0029472614032139965,693625.1752360455,0.008727336664719587,6.920571521678868
2025-06-04,0.0009354800154213194,694274.0477256719,0.008727336664719587,6.927045578032692
2025-06-05,-0.004373681088192249,691237.5144531114,0.008727336664719587,6.896748889791004
2025-06-06,0.0072130516885065,696223.4463738964,0.008727336664719587,6.946495496015716
2025-06-09,0.0012180237414354256,697071.4630609239,0.008727336664719587,6.954956492449638
2025-06-10,0.004811241999726823,700425.2425608137,0.008727336664719587,6.988418471232385
2025-06-11,-0.0017843062856319758,699175.4693978971,0.008727336664719587,6.975948992227538
2025-06-12,0.0051803476109530955,702797.4413704296,0.008727336664719587,7.012086832923556
2025-06-13,-0.008883001914800737,696554.490353019,0.008727336664719587,6.949798452159946
2025-06-16,0.006670561540088382,701200.8999469436,0.008727336664719587,6.99615751042629
2025-06-17,-0.008051365408559996,695555.2752766596,0.008727336664719587,6.939828889854006
2025-06-18,-0.0003910958435924261,695283.2464995101,0.008727336664719587,6.937114751619942
2025-06-20,-0.0027264211836512953,693387.611527616,0.008727336664719587,6.9182012550077046
2025-06-23,0.00898091497515252,699614.8667115696,0.008727336664719587,6.980333032259922
2025-06-24,0.008616618646182905,705643.1812172233,0.008727336664719587,7.04047990002226
2025-06-25,0.0002510666932693528,705820.3447173596,0.008727336664719587,7.042247530029788
2025-06-26,0.0072658352927836845,710948.7190883718,0.008727336664719587,7.093415340673998
2025-06-27,0.0028794840753381123,712995.8846033688,0.008727336664719587,7.1138407171872275
2025-06-30,0.005296597063516151,716772.336512058,0.008727336664719587,7.1515198650402025
2025-07-01,0.0004768449671881392,717114.1257933435,0.09433033385630551,7.154930031295593
2025-07-02,0.004494826543616881,720337.4294007621,0.09433033385630551,7.187090200717982
2025-07-03,0.005751629087752175,724480.5431127001,0.09433033385630551,7.22842767777273
2025-07-07,-0.00713800419802757,719309.1979545724,0.09433033385630551,7.17683113066365
2025-07-08,-0.0007572340907409103,718764.5125080977,0.09433033385630551,7.171396589468021
2025-07-09,0.005932119264252744,723028.3093192081,0.09433033385630551,7.213938169328
2025-07-10,0.002550250930392739,724872.2129377497,0.09433033385630551,7.232335521856124
2025-07-11,-0.0027132722766461947,722905.4372582745,0.09433033385630551,7.212712226389268
2025-07-14,0.001289085625378883,723837.3242659523,0.09433033385630551,7.2220100300403
2025-07-15,-0.004829794792430175,720341.338526646,0.09433033385630551,7.187129203606333
2025-07-16,0.0036483162553451187,722969.3715413898,0.09433033385630551,7.213350123909116
2025-07-17,0.004921787638823449,726527.6732574903,0.09433033385630551,7.248852701383478
2025-07-18,-0.0005579961397088606,726122.273620421,0.09433033385630551,7.244807869558787
2025-07-21,0.0036792890397221445,728793.8873432507,0.09433033385630551,7.271463611748148
2025-07-22,0.0015269025175363993,729906.6845646002,0.09433033385630551,7.282566427843101
2025-07-23,0.00766982784978576,735504.9431816186,0.09433033385630551,7.338422458649286
2025-07-24,-0.0010389672383795956,734740.7776419866,0.09433033385630551,7.330798078133361
2025-07-25,0.002363528754399269,736477.3585969731,0.09433033385630551,7.348124630183723
2025-07-28,-0.002299037588210595,734784.1694666926,0.09433033385630551,7.3312310154560745
2025-07-29,-0.0018938346156683883,733392.6097715114,0.09433033385630551,7.317346876383542
2025-07-30,-0.0034257816628631144,730880.1668172769,0.09433033385630551,7.292279243633619
2025-07-31,-0.0032353108194952407,728515.5423058184,0.09433033385630551,7.26868645369791
2025-08-01,-0.013244721804947512,718866.5566173973,1.0,7.172414723731291
2025-08-04,0.01493267803764775,729601.1594593974,1.0,7.2795180835532545
2025-08-05,-0.00441943168810166,726376.7369756069,1.0,7.24734675066069
2025-08-06,0.007823748070421965,732059.7255699192,1.0,7.304048165816851
2025-08-07,0.00040383508880759145,732355.3569742072,1.0,7.306997796756549
2025-08-08,0.007048260279688856,737517.1881473858,1.0,7.358499419091202
2025-08-11,-0.001997373235438693,736044.0910551043,1.0,7.3438017492985175
2025-08-12,0.010920762683854779,744082.2538983707,1.0,7.424001665399884
2025-08-13,0.003917583358918675,746997.2581539096,1.0,7.4530858107808395
2025-08-14,-0.00113112072169963,746152.3140761589,1.0,7.44465547097966
2025-08-15,-0.002023183608089174,744642.7109451822,1.0,7.429593566062903
2025-08-18,0.0005465002465974145,745049.6583703407,1.0,7.433653840778874
2025-08-19,-0.006416489226763411,740269.0552640037,1.0,7.385955880994028
2025-08-20,-0.0027554668512487224,738229.2684212185,1.0,7.365604124399163
2025-08-21,-0.003844958980656843,735390.8071658186,1.0,7.337283678673092
2025-08-22,0.015586221099671782,746852.7708809712,1.0,7.451644204359905
2025-08-25,-0.004231826615712642,743692.2194471384,1.0,7.420110138085073
2025-08-26,0.003530392891396117,746317.7451720611,1.0,7.446306042169945
2025-08-27,0.0012941211192134539,747283.5707277321,1.0,7.455942464079245
2025-08-28,0.0038266443015162466,750143.1591452741,1.0,7.484473703821846
2025-08-29,-0.006217008174295602,745479.512992976,1.0,7.437942669624885
2025-09-02,-0.006298397060019334,740784.1870200364,1.0,7.391095553381928
2025-09-03,0.005907999622968951,745160.7397176522,1.0,7.434762143124636
2025-09-04,0.00713682505711688,750478.8215564489,1.0,7.487822739881392
2025-09-05,-0.0008382308362360202,749849.7470662782,1.0,7.4815462159645545
2025-09-08,0.003605042527561775,752552.9872937336,1.0,7.508517508245026
2025-09-09,0.0018970540034544126,753980.6209510907,1.0,7.522761571444049
2025-09-10,0.002702983164152961,756018.6178756191,1.0,7.543095469319598
2025-09-11,0.0070623501367539365,761357.8860649614,1.0,7.596367450638895
2025-09-12,0.00037649024460018055,761644.5298817144,1.0,7.59922740887846
2025-09-15,0.0061637833912147055,766339.1417850088,1.0,7.646067400567369
2025-09-16,-0.000979764374611558,765588.3099950175,1.0,7.638576056122414
2025-09-17,-0.0019772874608866564,764074.521829463,1.0,7.623472395467615
2025-09-18,0.004234865356383288,767310.2745516537,1.0,7.655756774610524
2025-09-19,0.005705102848373889,771687.8585845848,1.0,7.699433654391812
2025-09-22,0.006119893167377821,776410.505837685,1.0,7.746553365806003
2025-09-23,-0.004594372426938054,772843.3868176793,1.0,7.710962814618339
2025-09-24,-0.003819729790219273,769891.3339098778,1.0,7.681509020244069
2025-09-25,-0.00368490210779715,767054.3597107786,1.0,7.653203411464308
2025-09-26,0.005568904023611765,771326.0118209008,1.0,7.695823366735931
2025-09-29,0.004406374226458176,774724.7628795853,1.0,7.729734044470491
2025-09-30,0.004160447663410949,777947.9647090943,1.0,7.7618931984145965
2025-10-01,0.003388163346661477,780583.7794887315,0.03923617892451148,7.788191760450166
2025-10-02,0.0009886715191000928,781355.5204397836,0.03923617892451148,7.795891723829014
2025-10-03,0.0003583150142403291,781635.4918542168,0.03923617892451148,7.798685108883054
2025-10-06,0.005498155661464832,785933.045458957,0.03923617892451148,7.841563493566442
2025-10-07,-0.0029693802365804434,783599.3114064956,0.03923617892451148,7.8182789099047545
2025-10-08,0.007584230411978865,789542.3091348705,0.03923617892451148,7.8775745385825875
2025-10-09,-0.0043233511221096865,786128.8405067192,0.03923617892451148,7.8435170178617035
2025-10-10,-0.024048019108219076,767223.9991286915,0.03923617892451148,7.654895970740524
2025-10-13,0.01686763149980197,780165.2508237987,0.03923617892451148,7.784015935144295
2025-10-14,-0.0008845247288701286,779475.1753668399,0.03923617892451148,7.77713078055974
2025-10-15,0.006070392282280013,784206.8954556156,0.03923617892451148,7.824341015228333
2025-10-16,-0.003255131667932787,781654.1987560068,0.03923617892451148,7.798871755008958
2025-10-17,0.00306222286996527,784047.7981198417,0.03923617892451148,7.822753638457072
2025-10-20,0.013427021512557147,794575.22477207,0.03923617892451148,7.9277899198480695
2025-10-21,-0.007132385049195666,788908.0083184444,0.03923617892451148,7.871245869550581
2025-10-22,-0.005093084307292162,784890.0333213806,0.03923617892451148,7.8311569507335355
2025-10-23,0.005976348664780584,789580.8098240204,0.03923617892451148,7.877958675119738
2025-10-24,0.007221047813512849,795282.4106043918,0.03923617892451148,7.934845791385656
2025-10-27,0.008309329751007732,801890.67439928,0.03923617892451148,8.000779041589675
2025-10-28,0.002189628169402047,803646.5168087255,0.03923617892451148,8.018297772756302
2025-10-29,0.00047040859110514255,804024.5590344442,0.03923617892451148,8.022069648914647
2025-10-30,-0.008428638640757047,797247.7265680488,0.03923617892451148,7.95445452269296
2025-10-31,0.00255768943423873,799286.8386547627,0.03923617892451148,7.974799546980784
2025-11-03,0.002162840740570271,801015.5687928069,0.0012888425635679823,7.992047768338876
2025-11-04,-0.013264742842545862,790390.3032598947,0.0012888425635679823,7.886035309906518
2025-11-05,0.0045757822121028635,794006.9571501699,0.0012888425635679823,7.922120090001603
2025-11-06,-0.010555677823367526,785625.6755209803,0.0012888425635679823,7.838496742653518
2025-11-07,0.001097782027117189,786488.1212676091,0.0012888425635679823,7.847101703497221
2025-11-10,0.017441079127451742,800205.3228234383,0.0012888425635679823,7.9839636252290775
2025-11-11,0.0019710423948429145,801782.5614393023,0.0012888425635679823,7.999700356013288
2025-11-12,0.0020296231469709713,803409.8778848372,0.0012888425635679823,8.015936733024684
2025-11-13,-0.016077105537340985,790493.3724883405,0.0012888425635679823,7.887063672187199
2025-11-14,-0.001961031203118968,788943.1903190321,0.0012888425635679823,7.871596894225053
2025-11-17,-0.009463507979329822,781477.02014221,0.0012888425635679823,7.797103974206486
2025-11-18,-0.0071443716941455016,775893.8578398807,0.0012888425635679823,7.741398565276856
2025-11-19,0.0038333225949747085,778868.1092964404,0.0012888425635679823,7.771073843313836
2025-11-20,-0.014496132680978269,767577.5338430965,0.0012888425635679823,7.658423325807479
2025-11-21,0.008500561912387905,774102.3741920877,0.0012888425635679823,7.72352422743978
2025-11-24,0.015884090917541727,786398.2866832396,0.0012888425635679823,7.846205388472269
2025-11-25,0.008066450428571015,792741.7294798832,0.0012888425635679823,7.909496415290768
2025-11-26,0.007205609798393908,798453.9170534193,0.0012888425635679823,7.966489160161149
2025-11-28,0.0064443243792544624,803599.4130967979,0.0012888425635679823,8.017827800473043
2025-12-01,-0.0034329446961693932,800840.7007537624,0.018538692989750416,7.990303041050609
2025-12-02,0.0016260292923668818,802142.8911917076,0.018538692989750416,8.003295507850245
2025-12-03,0.0029260766517156256,804490.0227769633,0.018538692989750416,8.026713763972547
2025-12-04,0.0005551108418317963,804936.6039107522,0.018538692989750416,8.031169479807208
2025-12-05,0.0017566042992229747,806350.5590097838,0.018538692989750416,8.045277066643225
2025-12-08,-0.002858769880495937,804045.3883185656,0.018538692989750416,8.02227747088486
2025-12-09,-6.258781530510404e-05,803995.0648743046,0.018538692989750416,8.021775374064186
2025-12-10,0.0061413388816145,808932.6710268434,0.018538692989750416,8.071039815068506
2025-12-11,0.002595904743128763,811032.5831844338,0.018538692989750416,8.091991465606423
2025-12-12,-0.009970738971209703,802945.9890003558,0.018538692989750416,8.011308330945605
2025-12-15,-0.0016160211345852549,801648.4113122008,0.018538692989750416,7.998361887367118
2025-12-16,-0.0019658228014878265,800072.5125864669,0.018538692989750416,7.98263852519438
2025-12-17,-0.009770242866939949,792255.6098273342,0.018538692989750416,7.904646208084239
2025-12-18,0.007271466183117248,798016.4697025786,0.018538692989750416,7.962124575675831
2025-12-19,0.00864750439770301,804917.3206337711,0.018538692989750416,8.030977082959048
2025-12-22,0.007795619473063953,811192.1497727102,0.018538692989750416,8.093583524294692
2025-12-23,0.005475644044764305,815633.9492367726,0.018538692989750416,8.137901106720298
2025-12-24,0.0026648430806828216,817807.4857227661,0.018538692989750416,8.159587336175822
2025-12-26,0.0011161120115399381,818720.2504807087,0.018538692989750416,8.168694349610938
2025-12-29,-0.007852626156531706,812291.1464269017,0.018538692989750416,8.10454864669647
2025-12-30,-0.001135007299562174,811369.1900463374,0.018538692989750416,8.095349924822813
2025-12-31,-0.007399503558715881,805365.4608371571,0.018538692989750416,8.035448354245036
2026-01-02,0.0028710630446084906,807677.7158491708,1.0,8.05851863306177
2026-01-05,0.009139153739928352,815059.2066666306,1.0,8.132166673765399
2026-01-06,0.006140343666789505,820063.9503043444,1.0,8.18210097189793
2026-01-07,-0.003951194574012051,816823.718073559,1.0,8.149771898933748
2026-01-08,0.0005716749129665022,817290.6757014976,1.0,8.154430919074768
2026-01-09,0.006939535210143344,822962.2931224499,1.0,8.211018879556367
2026-01-12,0.003764164730062136,826060.0587603925,1.0,8.241926507220668
2026-01-13,-0.002297191580624469,824162.440548318,1.0,8.222993223040156
2026-01-14,-0.0023757133089046256,822204.466869608,1.0,8.203457748601146
2026-01-15,0.0016624644822000878,823571.352592885,1.0,8.217095705739425
2026-01-16,-0.0008859533968186284,822841.7067555329,1.0,8.209815741886942
2026-01-20,-0.013631174401396495,811625.4079460055,1.0,8.09790631170595
2026-01-21,0.011867631984324278,821257.4795966358,1.0,8.194009283656815
2026-01-22,0.006683208373328364,826746.1144609347,1.0,8.24877155511248
2026-01-23,0.0024538301366991977,828774.8089919979,1.0,8.269012639345162
2026-01-26,0.006091029185471886,833822.900541752,1.0,8.31937943666645
2026-01-27,0.007552109449844968,840120.0223484306,1.0,8.382208300726946
2026-01-28,0.003685389411230533,843216.1917829562,1.0,8.413100002441173
2026-01-29,-0.0006949346975928528,842630.2115937142,1.0,8.407253447335158
2026-01-30,-0.015854416532001814,829270.8012366586,1.0,8.273961349290998
2026-02-02,0.00013197074953330556,829380.2407258638,0.0537980629806043,8.275053270171874
2026-02-03,-0.0001687840325533818,829240.2545843141,0.0537980629806043,8.27365657331134
2026-02-04,-0.0038058906791278435,826084.2568286341,0.0537980629806043,8.24216794087667
2026-02-05,-0.014065245693061335,814465.1787931693,0.0537980629806043,8.126239823744767
2026-02-06,0.02069049432630954,831316.865953966,0.0537980629806043,8.294375742712187
2026-02-09,0.00797818497690228,837949.2656849655,0.0537980629806043,8.360549806655477
2026-02-10,-0.002885629849710414,835531.2542713621,0.0537980629806043,8.336424354573401
2026-02-11,0.0017682812016648342,837008.7084816936,0.0537980629806043,8.351165497048695
2026-02-12,-0.01672448271013227,823010.1708084614,0.0537980629806043,8.211496574083851
2026-02-13,0.003544815054124628,825927.5896516409,0.0537980629806043,8.240604810756556
2026-02-17,-0.0023152198681882785,824015.3856863945,0.0537980629806043,8.221525998772805
2026-02-18,0.006666266908847973,829508.4921843773,0.0537980629806043,8.276332885478656
2026-02-19,-0.0018242777328558724,827995.2383128705,0.0537980629806043,8.261234555685975
2026-02-20,0.008898821027785164,835363.419750475,0.0537980629806043,8.334749803465577
2026-02-23,-0.005690726474592567,830609.5950217948,0.0537980629806043,8.287319022099892
2026-02-24,0.004607600392012801,834436.7121174268,0.0537980629806043,8.325503676474854
2026-02-25,0.007575518124233849,840758.0025535985,0.0537980629806043,8.388573680469365
2026-02-26,-0.0033888987391231806,837908.7588188369,0.0537980629806043,8.360145653700581
2026-02-27,-0.002461518620448855,835846.2308067671,0.0537980629806043,8.339566999504331
2026-03-02,0.00016879157046822968,835987.3146047349,0.09717041302428697,8.340974648115202
2026-03-03,-0.014947099526597896,823491.7290103646,0.09717041302428697,8.216301269900995
2026-03-04,0.00756855931432443,829724.3750062352,0.09717041302428697,8.2784868334066
2026-03-05,-0.007961733700132867,823118.3304879264,0.09717041302428697,8.21257572579896
2026-03-06,-0.00982155304437582,815034.0301432412,0.09717041302428697,8.131915477677072
2026-03-09,0.007783188143030806,821377.5933428187,0.09717041302428697,8.195207705803059
2026-03-10,-0.00011063902270469494,821286.7169286197,0.09717041302428697,8.194300996031625
2026-03-11,-0.0015049770020736375,820050.6993075336,0.09717041302428697,8.18196876148453
2026-03-12,-0.016050331935168693,806888.6133799804,0.09717041302428697,8.050645446979521
2026-03-13,-0.006946922272978551,801283.2208998783,0.09717041302428697,7.994718238812046
2026-03-16,0.01018739339462127,809446.2082916945,0.09717041302428697,8.076163578589979
2026-03-17,0.002208013900933281,811233.4767716604,0.09717041302428697,8.093995860037717
2026-03-18,-0.015968429166557274,798279.3524602922,0.09717041302428697,7.964747460472297
2026-03-19,-0.006053595179405513,793446.8924204196,0.09717041302428697,7.9165321036403995
2026-03-20,-0.017474414058717413,779581.8728886626,0.09717041302428697,7.778195343752258
2026-03-23,0.009038097643747411,786627.8099771258,0.09717041302428697,7.848495432761233
2026-03-24,-0.00350181214446621,783873.1871589731,0.09717041302428697,7.8210114761390015
2026-03-25,0.008430369101116497,790481.5274551917,0.09717041302428697,7.886945489626921
2026-03-26,-0.02014643974270114,774556.1389945974,0.09717041302428697,7.728051617566184
2026-03-27,-0.011502796616950195,765646.5772593323,0.09717041302428697,7.639157411564027
2026-03-30,-0.002767792984479489,763527.4260342031,0.09717041302428697,7.618013805272965
2026-03-31,0.030268666848191073,786638.3833222893,0.09717041302428697,7.848600927189693
2026-04-01,0.009363658658597673,794004.1966314703,0.046748263628387576,7.92209254721945
2026-04-02,-0.001975973127287811,792435.2656759728,0.046748263628387576,7.906438705234258
2026-04-06,0.004124467238867391,795703.6389681766,0.046748263628387576,7.93904855265011
2026-04-07,0.001258948266825488,796705.3886853623,0.046748263628387576,7.949043404065712
2026-04-08,0.02521822118656014,816796.8813977541,0.046748263628387576,8.149504138851007
2026-04-09,0.004976895072270615,820861.9937718285,0.046748263628387576,8.190063365841104
2026-04-10,-0.0004220025870066424,820515.5878868813,0.046748263628387576,8.18660713791297
2026-04-13,0.00814659821722108,827199.9987123627,0.046748263628387576,8.253300137027782
2026-04-14,0.012936176570984115,837900.8039552236,0.046748263628387576,8.3600662848937
2026-04-15,0.005054590874700393,842136.0497127998,0.046748263628387576,8.402322999649215
2026-04-16,0.0017955296513265662,843648.1299605102,0.046748263628387576,8.417409619735107
2026-04-17,0.012446774650102688,854148.8281181091,0.046748263628387576,8.522179220409557
2026-04-20,-0.0028575814663439614,851708.0282573794,0.046748263628387576,8.497826399016452
2026-04-21,-0.010115927252773327,843092.2118029248,0.046748263628387576,8.411863005357304
2026-04-22,0.010189376052741173,851682.795396122,0.046748263628387576,8.497574640823032
2026-04-23,-0.004986710724534271,847435.6996664188,0.046748263628387576,8.455199694229108
2026-04-24,0.007399242265738071,853706.081712886,0.046748263628387576,8.517761765171905
2026-04-27,0.0005794843647606296,854200.7910393397,0.046748263628387576,8.522697674937579
2026-04-28,-0.006133523870673674,848961.5300971516,0.046748263628387576,8.470423505305815
2026-04-29,-0.0020237928184752008,847243.4078493793,0.046748263628387576,8.453281123046333
2026-04-30,0.011914518622960113,857337.905210381,0.046748263628387576,8.553997898411987
2026-05-01,0.0017803000679175174,858864.2239412554,0.14394083846377725,8.569226581451497
2026-05-04,-0.004609593411700197,854905.2090730307,0.14394083846377725,8.529725931058271
2026-05-05,0.00967280911383428,863174.5439708168,0.14394083846377725,8.61223234178272
2026-05-06,0.015356933405470174,876430.2579598738,0.14394083846377725,8.744489820327916
2026-05-07,-0.0057530968548117345,871388.069799343,0.14394083846377725,8.694181923445653
2026-05-08,0.008944537115659124,879182.2327318058,0.14394083846377725,8.771947356350205
2026-05-11,0.00221434050140501,881129.0415578595,0.14394083846377725,8.791371434657565
2026-05-12,-0.003381270080356491,878149.7062927068,0.14394083846377725,8.761645433460256
2026-05-13,0.005456167417014157,882941.0381074415,0.14394083846377725,8.809450437793732
2026-05-14,0.00684990272995023,888989.0983347588,0.14394083846377725,8.869794316396938
2026-05-15,-0.014104511964895594,876450.3409606344,0.14394083846377725,8.744690196335153
2026-05-18,-0.0005129409656842165,876000.7736763678,0.14394083846377725,8.740204686501237
2026-05-19,-0.007154611300461466,869733.3286418099,0.14394083846377725,8.677671919282847
2026-05-20,0.012414385026242813,880530.5330537251,0.14394083846377725,8.785399879620241
2026-05-21,0.003203391099869446,883351.2167264727,0.14394083846377725,8.813542951403411
2026-05-22,0.003744740858520501,886659.1381201721,0.14394083846377725,8.846547385801856
2026-05-26,0.009054235634283536,894687.1588840028,0.14394083846377725,8.92664611038276
2026-05-27,-0.0007027220644401089,894058.4424766838,0.14394083846377725,8.920373159199546
2026-05-28,0.005335792886024038,898828.9531537405,0.14394083846377725,8.96797042284308
2026-05-29,0.0015975859230321632,900264.9096365126,0.14394083846377725,8.982297526148784
2026-06-01,0.002275976077645403,902313.891034389,0.03333587877204991,9.002741020440594
2026-06-02,0.0021734549354388566,904275.0296141728,0.03333587877204991,9.022308072343948
2026-06-03,-0.006771949044282688,898151.3251916084,0.03333587877204991,8.961209461816214
2026-06-04,0.002767781429265481,900637.2117501439,0.03333587877204991,8.986012130948387
2026-06-05,-0.029169546375510724,874366.0328344874,0.03333587877204991,8.723894233363787
2026-06-08,0.004341406967614203,878162.0116216802,0.03333587877204991,8.76176820857324
2026-06-09,-0.003523035382138051,875068.2157834875,0.03333587877204991,8.730900189164345
2026-06-10,-0.016078843277790966,860998.1310845286,0.03333587877204991,8.590517413348737
2026-06-11,0.020582407362273125,878719.5453566662,0.03333587877204991,8.76733094220298
2026-06-12,0.0052477463527977886,883330.8426459439,0.03333587877204991,8.813339671178698
2026-06-15,0.018406681146157178,899590.0318130942,0.03333587877204991,8.975564004338862
2026-06-16,-0.0067723029345683194,893497.735600738,0.03333587877204991,8.914778765892873
2026-06-17,-0.011428701967388988,883286.2162720202,0.03333587877204991,8.812894416272275
2026-06-18,0.011777029589047805,893688.7041766539,0.03333587877204991,8.916684134577869
2026-06-22,-0.002648773346245248,891321.5253571903,0.03333587877204991,8.893065859305311
2026-06-23,-0.018034544765209937,875246.9474079409,0.03333587877204991,8.73268346496571
2026-06-24,-0.0006344980752893692,874691.6049044076,0.03333587877204991,8.727142594115078
2026-06-25,0.0032277663396320655,877514.9050242768,0.03333587877204991,8.755311771221532
2026-06-26,-0.008004758529429168,870490.6101035825,0.03333587877204991,8.685227614643034
2026-06-29,0.016142437584665714,884542.4504452171,0.03333587877204991,8.825428359321023
2026-06-30,0.008391706699881762,891965.2712529481,0.03333587877204991,8.899488765613265
2026-07-01,-0.003631150257874416,888726.411328223,0.9999999999854481,8.867173384687058
2026-07-02,-0.0009931484361207499,887843.7740826731,0.9999999999854481,8.858366965307244
2026-07-06,0.00895764043943914,895796.7593773003,0.9999999999854481,8.937717031463071
2026-07-07,-0.00625900403515578,890189.9638456783,0.9999999999854481,8.881775824498064
2026-07-08,-0.003999439060033638,886629.7033334239,0.9999999999854481,8.846253703343104
2026-07-09,0.008598915443953858,894253.7571824859,0.9999999999854481,8.922321890933913
2026-07-10,0.003409388308551531,897302.6154871022,0.9999999999854481,8.952741550873998
2026-07-13,-0.00870082706009112,889495.3406091814,0.9999999999854481,8.874845294926152
2026-07-14,0.0043858996099575,893396.5778766182,0.9999999999854481,8.913769475443601
2026-07-15,0.003909909194293348,896889.6773706082,0.9999999999854481,8.948621504671449
2026-07-16,-0.0055201446280126465,891938.7166361508,0.9999999999854481,8.899223819744318
2026-07-17,-0.008927736855779633,883975.7224825415,0.9999999999854481,8.819773891260954
2026-07-20,-0.0025442642211925826,881726.6546794262,0.9999999999854481,8.79733405611041
2026-07-21,0.009889647667537638,890446.6206332825,0.9999999999854481,8.884336590338973
2026-07-22,-0.001817719240837512,888828.0386780186,0.9999999999854481,8.868187360776638
2026-07-23,-0.01147979731386406,878624.4729471157,0.9999999999854481,8.76638236733355
2026-07-24,0.0004041225175768215,878979.5448811277,0.9999999999854481,8.769925059845878
2026-07-27,0.0011752852254840462,880012.5965537291,0.9999999999854481,8.780232223197318
2026-07-28,0.0015006039493106194,881333.1469315607,0.9999999999854481,8.793407874347311
2026-07-29,-0.014881383741859322,868217.6901676516,0.9999999999854481,8.662549797370461
2026-07-30,0.017915405951713037,883772.1625414637,0.9999999999854481,8.817742893567283
2026-07-31,0.004628876588795849,887863.0348144814,0.9999999999854481,8.858559137213337
2026-08-03,0.01369750419026583,900024.5424542348,0.041087339465775585,8.979899288115034
2026-08-04,0.017938489401552182,916169.623170187,0.041087339465775585,9.140985116321891
2026-08-05,-0.0020637354620490767,914278.8914295986,0.041087339465775585,9.122120541179275
2026-08-06,-0.0021016473403621116,912357.3996290764,0.041087339465775585,9.102949060805443
2026-08-07,0.0070647558452188175,918802.9819010346,0.041087339465775585,9.167259173391498
2026-08-10,-0.0012955048420022486,917612.6681891357,0.041087339465775585,9.155382944744481
