date,gross_return,cost,net_return,exposure,n_holdings,equity_gross,equity_net
2005-02-01,0.0,0.0005,-0.0005,0.0,1,1.0,0.9995
2005-02-02,0.0,0.0,0.0,0.0,1,1.0,0.9995
2005-02-03,0.0,0.0,0.0,0.0,1,1.0,0.9995
2005-02-04,0.0,0.0,0.0,0.0,1,1.0,0.9995
2005-02-07,0.0,0.0,0.0,0.0,1,1.0,0.9995
2005-02-08,0.0,0.0,0.0,0.0,1,1.0,0.9995
2005-02-09,0.0,0.0,0.0,0.0,1,1.0,0.9995
2005-02-10,0.0,0.0,0.0,0.0,1,1.0,0.9995
2005-02-11,0.0,0.0,0.0,0.0,1,1.0,0.9995
2005-02-14,0.0,0.0,0.0,0.0,1,1.0,0.9995
2005-02-15,0.0,0.0,0.0,0.0,1,1.0,0.9995
2005-02-16,0.0,0.0,0.0,0.0,1,1.0,0.9995
2005-02-17,0.0,0.0,0.0,0.0,1,1.0,0.9995
2005-02-18,0.0,0.0,0.0,0.0,1,1.0,0.9995
2005-02-22,0.0,0.0,0.0,0.0,1,1.0,0.9995
2005-02-23,0.0,0.0,0.0,0.0,1,1.0,0.9995
2005-02-24,0.0,0.0,0.0,0.0,1,1.0,0.9995
2005-02-25,0.0,0.0,0.0,0.0,1,1.0,0.9995
2005-02-28,0.0,0.0,0.0,0.0,1,1.0,0.9995
2005-03-01,0.0,0.0,0.0,0.0,1,1.0,0.9995
2005-03-02,0.0,0.0,0.0,0.0,1,1.0,0.9995
2005-03-03,0.0,0.0,0.0,0.0,1,1.0,0.9995
2005-03-04,0.0,0.0,0.0,0.0,1,1.0,0.9995
2005-03-07,0.0,0.0,0.0,0.0,1,1.0,0.9995
2005-03-08,0.0,0.0,0.0,0.0,1,1.0,0.9995
2005-03-09,0.0,0.0,0.0,0.0,1,1.0,0.9995
2005-03-10,0.0,0.0,0.0,0.0,1,1.0,0.9995
2005-03-11,0.0,0.0,0.0,0.0,1,1.0,0.9995
2005-03-14,0.0,0.0,0.0,0.0,1,1.0,0.9995
2005-03-15,0.0,0.0,0.0,0.0,1,1.0,0.9995
2005-03-16,0.0,0.0,0.0,0.0,1,1.0,0.9995
2005-03-17,0.0,0.0,0.0,0.0,1,1.0,0.9995
2005-03-18,0.0,0.0,0.0,0.0,1,1.0,0.9995
2005-03-21,0.0,0.0,0.0,0.0,1,1.0,0.9995
2005-03-22,0.0,0.0,0.0,0.0,1,1.0,0.9995
2005-03-23,0.0,0.0,0.0,0.0,1,1.0,0.9995
2005-03-24,0.0,0.0,0.0,0.0,1,1.0,0.9995
2005-03-28,0.0,0.0,0.0,0.0,1,1.0,0.9995
2005-03-29,0.0,0.0,0.0,0.0,1,1.0,0.9995
2005-03-30,0.0,0.0,0.0,0.0,1,1.0,0.9995
2005-03-31,0.0,0.0,0.0,0.0,1,1.0,0.9995
2005-04-01,0.0,0.0,0.0,0.0,1,1.0,0.9995
2005-04-04,0.0,0.0,0.0,0.0,1,1.0,0.9995
2005-04-05,0.0,0.0,0.0,0.0,1,1.0,0.9995
2005-04-06,0.0,0.0,0.0,0.0,1,1.0,0.9995
2005-04-07,0.0,0.0,0.0,0.0,1,1.0,0.9995
2005-04-08,0.0,0.0,0.0,0.0,1,1.0,0.9995
2005-04-11,0.0,0.0,0.0,0.0,1,1.0,0.9995
2005-04-12,0.0,0.0,0.0,0.0,1,1.0,0.9995
2005-04-13,0.0,0.0,0.0,0.0,1,1.0,0.9995
2005-04-14,0.0,0.0,0.0,0.0,1,1.0,0.9995
2005-04-15,0.0,0.0,0.0,0.0,1,1.0,0.9995
2005-04-18,0.0,0.0,0.0,0.0,1,1.0,0.9995
2005-04-19,0.0,0.0,0.0,0.0,1,1.0,0.9995
2005-04-20,0.0,0.0,0.0,0.0,1,1.0,0.9995
2005-04-21,0.0,0.0,0.0,0.0,1,1.0,0.9995
2005-04-22,0.0,0.0,0.0,0.0,1,1.0,0.9995
2005-04-25,0.0,0.0,0.0,0.0,1,1.0,0.9995
2005-04-26,0.0,0.0,0.0,0.0,1,1.0,0.9995
2005-04-27,0.0,0.0,0.0,0.0,1,1.0,0.9995
2005-04-28,0.0,0.0,0.0,0.0,1,1.0,0.9995
2005-04-29,0.0,0.0,0.0,0.0,1,1.0,0.9995
2005-05-02,0.0,0.0,0.0,0.0,1,1.0,0.9995
2005-05-03,0.0,0.0,0.0,0.0,1,1.0,0.9995
2005-05-04,0.0,0.0,0.0,0.0,1,1.0,0.9995
2005-05-05,0.0,0.0,0.0,0.0,1,1.0,0.9995
2005-05-06,0.0,0.0,0.0,0.0,1,1.0,0.9995
2005-05-09,0.0,0.0,0.0,0.0,1,1.0,0.9995
2005-05-10,0.0,0.0,0.0,0.0,1,1.0,0.9995
2005-05-11,0.0,0.0,0.0,0.0,1,1.0,0.9995
2005-05-12,0.0,0.0,0.0,0.0,1,1.0,0.9995
2005-05-13,0.0,0.0,0.0,0.0,1,1.0,0.9995
2005-05-16,0.0,0.0,0.0,0.0,1,1.0,0.9995
2005-05-17,0.0,0.0,0.0,0.0,1,1.0,0.9995
2005-05-18,0.0,0.0,0.0,0.0,1,1.0,0.9995
2005-05-19,0.0,0.0,0.0,0.0,1,1.0,0.9995
2005-05-20,0.0,0.0,0.0,0.0,1,1.0,0.9995
2005-05-23,0.0,0.0,0.0,0.0,1,1.0,0.9995
2005-05-24,0.0,0.0,0.0,0.0,1,1.0,0.9995
2005-05-25,0.0,0.0,0.0,0.0,1,1.0,0.9995
2005-05-26,0.0,0.0,0.0,0.0,1,1.0,0.9995
2005-05-27,0.0,0.0,0.0,0.0,1,1.0,0.9995
2005-05-31,0.0,0.0,0.0,0.0,1,1.0,0.9995
2005-06-01,0.0,0.0,0.0,0.0,1,1.0,0.9995
2005-06-02,0.0,0.0,0.0,0.0,1,1.0,0.9995
2005-06-03,0.0,0.0,0.0,0.0,1,1.0,0.9995
2005-06-06,0.0,0.0,0.0,0.0,1,1.0,0.9995
2005-06-07,0.0,0.0,0.0,0.0,1,1.0,0.9995
2005-06-08,0.0,0.0,0.0,0.0,1,1.0,0.9995
2005-06-09,0.0,0.0,0.0,0.0,1,1.0,0.9995
2005-06-10,0.0,0.0,0.0,0.0,1,1.0,0.9995
2005-06-13,0.0,0.0,0.0,0.0,1,1.0,0.9995
2005-06-14,0.0,0.0,0.0,0.0,1,1.0,0.9995
2005-06-15,0.0,0.0,0.0,0.0,1,1.0,0.9995
2005-06-16,0.0,0.0,0.0,0.0,1,1.0,0.9995
2005-06-17,0.0,0.0,0.0,0.0,1,1.0,0.9995
2005-06-20,0.0,0.0,0.0,0.0,1,1.0,0.9995
2005-06-21,0.0,0.0,0.0,0.0,1,1.0,0.9995
2005-06-22,0.0,0.0,0.0,0.0,1,1.0,0.9995
2005-06-23,0.0,0.0,0.0,0.0,1,1.0,0.9995
2005-06-24,0.0,0.0,0.0,0.0,1,1.0,0.9995
2005-06-27,0.0,0.0,0.0,0.0,1,1.0,0.9995
2005-06-28,0.0,0.0,0.0,0.0,1,1.0,0.9995
2005-06-29,0.0,0.0,0.0,0.0,1,1.0,0.9995
2005-06-30,0.0,0.0,0.0,0.0,1,1.0,0.9995
2005-07-01,0.0,0.0,0.0,0.0,1,1.0,0.9995
2005-07-05,0.0,0.0,0.0,0.0,1,1.0,0.9995
2005-07-06,0.0,0.0,0.0,0.0,1,1.0,0.9995
2005-07-07,0.0,0.0,0.0,0.0,1,1.0,0.9995
2005-07-08,0.0,0.0,0.0,0.0,1,1.0,0.9995
2005-07-11,0.0,0.0,0.0,0.0,1,1.0,0.9995
2005-07-12,0.0,0.0,0.0,0.0,1,1.0,0.9995
2005-07-13,0.0,0.0,0.0,0.0,1,1.0,0.9995
2005-07-14,0.0,0.0,0.0,0.0,1,1.0,0.9995
2005-07-15,0.0,0.0,0.0,0.0,1,1.0,0.9995
2005-07-18,0.0,0.0,0.0,0.0,1,1.0,0.9995
2005-07-19,0.0,0.0,0.0,0.0,1,1.0,0.9995
2005-07-20,0.0,0.0,0.0,0.0,1,1.0,0.9995
2005-07-21,0.0,0.0,0.0,0.0,1,1.0,0.9995
2005-07-22,0.0,0.0,0.0,0.0,1,1.0,0.9995
2005-07-25,0.0,0.0,0.0,0.0,1,1.0,0.9995
2005-07-26,0.0,0.0,0.0,0.0,1,1.0,0.9995
2005-07-27,0.0,0.0,0.0,0.0,1,1.0,0.9995
2005-07-28,0.0,0.0,0.0,0.0,1,1.0,0.9995
2005-07-29,0.0,0.0,0.0,0.0,1,1.0,0.9995
2005-08-01,0.0,0.0,0.0,0.0,1,1.0,0.9995
2005-08-02,0.0,0.0,0.0,0.0,1,1.0,0.9995
2005-08-03,0.0,0.0,0.0,0.0,1,1.0,0.9995
2005-08-04,0.0,0.0,0.0,0.0,1,1.0,0.9995
2005-08-05,0.0,0.0,0.0,0.0,1,1.0,0.9995
2005-08-08,0.0,0.0,0.0,0.0,1,1.0,0.9995
2005-08-09,0.0,0.0,0.0,0.0,1,1.0,0.9995
2005-08-10,0.0,0.0,0.0,0.0,1,1.0,0.9995
2005-08-11,0.0,0.0,0.0,0.0,1,1.0,0.9995
2005-08-12,0.0,0.0,0.0,0.0,1,1.0,0.9995
2005-08-15,0.0,0.0,0.0,0.0,1,1.0,0.9995
2005-08-16,0.0,0.0,0.0,0.0,1,1.0,0.9995
2005-08-17,0.0,0.0,0.0,0.0,1,1.0,0.9995
2005-08-18,0.0,0.0,0.0,0.0,1,1.0,0.9995
2005-08-19,0.0,0.0,0.0,0.0,1,1.0,0.9995
2005-08-22,0.0,0.0,0.0,0.0,1,1.0,0.9995
2005-08-23,0.0,0.0,0.0,0.0,1,1.0,0.9995
2005-08-24,0.0,0.0,0.0,0.0,1,1.0,0.9995
2005-08-25,0.0,0.0,0.0,0.0,1,1.0,0.9995
2005-08-26,0.0,0.0,0.0,0.0,1,1.0,0.9995
2005-08-29,0.0,0.0,0.0,0.0,1,1.0,0.9995
2005-08-30,0.0,0.0,0.0,0.0,1,1.0,0.9995
2005-08-31,0.0,0.0,0.0,0.0,1,1.0,0.9995
2005-09-01,0.0,0.0,0.0,0.0,1,1.0,0.9995
2005-09-02,0.0,0.0,0.0,0.0,1,1.0,0.9995
2005-09-06,0.0,0.0,0.0,0.0,1,1.0,0.9995
2005-09-07,0.0,0.0,0.0,0.0,1,1.0,0.9995
2005-09-08,0.0,0.0,0.0,0.0,1,1.0,0.9995
2005-09-09,0.0,0.0,0.0,0.0,1,1.0,0.9995
2005-09-12,0.0,0.0,0.0,0.0,1,1.0,0.9995
2005-09-13,0.0,0.0,0.0,0.0,1,1.0,0.9995
2005-09-14,0.0,0.0,0.0,0.0,1,1.0,0.9995
2005-09-15,0.0,0.0,0.0,0.0,1,1.0,0.9995
2005-09-16,0.0,0.0,0.0,0.0,1,1.0,0.9995
2005-09-19,0.0,0.0,0.0,0.0,1,1.0,0.9995
2005-09-20,0.0,0.0,0.0,0.0,1,1.0,0.9995
2005-09-21,0.0,0.0,0.0,0.0,1,1.0,0.9995
2005-09-22,0.0,0.0,0.0,0.0,1,1.0,0.9995
2005-09-23,0.0,0.0,0.0,0.0,1,1.0,0.9995
2005-09-26,0.0,0.0,0.0,0.0,1,1.0,0.9995
2005-09-27,0.0,0.0,0.0,0.0,1,1.0,0.9995
2005-09-28,0.0,0.0,0.0,0.0,1,1.0,0.9995
2005-09-29,0.0,0.0,0.0,0.0,1,1.0,0.9995
2005-09-30,0.0,0.0,0.0,0.0,1,1.0,0.9995
2005-10-03,0.0,0.0,0.0,0.0,1,1.0,0.9995
2005-10-04,0.0,0.0,0.0,0.0,1,1.0,0.9995
2005-10-05,0.0,0.0,0.0,0.0,1,1.0,0.9995
2005-10-06,0.0,0.0,0.0,0.0,1,1.0,0.9995
2005-10-07,0.0,0.0,0.0,0.0,1,1.0,0.9995
2005-10-10,0.0,0.0,0.0,0.0,1,1.0,0.9995
2005-10-11,0.0,0.0,0.0,0.0,1,1.0,0.9995
2005-10-12,0.0,0.0,0.0,0.0,1,1.0,0.9995
2005-10-13,0.0,0.0,0.0,0.0,1,1.0,0.9995
2005-10-14,0.0,0.0,0.0,0.0,1,1.0,0.9995
2005-10-17,0.0,0.0,0.0,0.0,1,1.0,0.9995
2005-10-18,0.0,0.0,0.0,0.0,1,1.0,0.9995
2005-10-19,0.0,0.0,0.0,0.0,1,1.0,0.9995
2005-10-20,0.0,0.0,0.0,0.0,1,1.0,0.9995
2005-10-21,0.0,0.0,0.0,0.0,1,1.0,0.9995
2005-10-24,0.0,0.0,0.0,0.0,1,1.0,0.9995
2005-10-25,0.0,0.0,0.0,0.0,1,1.0,0.9995
2005-10-26,0.0,0.0,0.0,0.0,1,1.0,0.9995
2005-10-27,0.0,0.0,0.0,0.0,1,1.0,0.9995
2005-10-28,0.0,0.0,0.0,0.0,1,1.0,0.9995
2005-10-31,0.0,0.0,0.0,0.0,1,1.0,0.9995
2005-11-01,0.0,0.0,0.0,0.0,1,1.0,0.9995
2005-11-02,0.0,0.0,0.0,0.0,1,1.0,0.9995
2005-11-03,0.0,0.0,0.0,0.0,1,1.0,0.9995
2005-11-04,0.0,0.0,0.0,0.0,1,1.0,0.9995
2005-11-07,0.0,0.0,0.0,0.0,1,1.0,0.9995
2005-11-08,0.0,0.0,0.0,0.0,1,1.0,0.9995
2005-11-09,0.0,0.0,0.0,0.0,1,1.0,0.9995
2005-11-10,0.0,0.0,0.0,0.0,1,1.0,0.9995
2005-11-11,0.0,0.0,0.0,0.0,1,1.0,0.9995
2005-11-14,0.0,0.0,0.0,0.0,1,1.0,0.9995
2005-11-15,0.0,0.0,0.0,0.0,1,1.0,0.9995
2005-11-16,0.0,0.0,0.0,0.0,1,1.0,0.9995
2005-11-17,0.0,0.0,0.0,0.0,1,1.0,0.9995
2005-11-18,0.0,0.0,0.0,0.0,1,1.0,0.9995
2005-11-21,0.0,0.0,0.0,0.0,1,1.0,0.9995
2005-11-22,0.0,0.0,0.0,0.0,1,1.0,0.9995
2005-11-23,0.0,0.0,0.0,0.0,1,1.0,0.9995
2005-11-25,0.0,0.0,0.0,0.0,1,1.0,0.9995
2005-11-28,0.0,0.0,0.0,0.0,1,1.0,0.9995
2005-11-29,0.0,0.0,0.0,0.0,1,1.0,0.9995
2005-11-30,0.0,0.0,0.0,0.0,1,1.0,0.9995
2005-12-01,0.0,0.0,0.0,0.0,1,1.0,0.9995
2005-12-02,0.0,0.0,0.0,0.0,1,1.0,0.9995
2005-12-05,0.0,0.0,0.0,0.0,1,1.0,0.9995
2005-12-06,0.0,0.0,0.0,0.0,1,1.0,0.9995
2005-12-07,0.0,0.0,0.0,0.0,1,1.0,0.9995
2005-12-08,0.0,0.0,0.0,0.0,1,1.0,0.9995
2005-12-09,0.0,0.0,0.0,0.0,1,1.0,0.9995
2005-12-12,0.0,0.0,0.0,0.0,1,1.0,0.9995
2005-12-13,0.0,0.0,0.0,0.0,1,1.0,0.9995
2005-12-14,0.0,0.0,0.0,0.0,1,1.0,0.9995
2005-12-15,0.0,0.0,0.0,0.0,1,1.0,0.9995
2005-12-16,0.0,0.0,0.0,0.0,1,1.0,0.9995
2005-12-19,0.0,0.0,0.0,0.0,1,1.0,0.9995
2005-12-20,0.0,0.0,0.0,0.0,1,1.0,0.9995
2005-12-21,0.0,0.0,0.0,0.0,1,1.0,0.9995
2005-12-22,0.0,0.0,0.0,0.0,1,1.0,0.9995
2005-12-23,0.0,0.0,0.0,0.0,1,1.0,0.9995
2005-12-27,0.0,0.0,0.0,0.0,1,1.0,0.9995
2005-12-28,0.0,0.0,0.0,0.0,1,1.0,0.9995
2005-12-29,0.0,0.0,0.0,0.0,1,1.0,0.9995
2005-12-30,0.0,0.0,0.0,0.0,1,1.0,0.9995
2006-01-03,0.0,0.0,0.0,0.0,1,1.0,0.9995
2006-01-04,0.0,0.0,0.0,0.0,1,1.0,0.9995
2006-01-05,0.0,0.0,0.0,0.0,1,1.0,0.9995
2006-01-06,0.0,0.0,0.0,0.0,1,1.0,0.9995
2006-01-09,0.0,0.0,0.0,0.0,1,1.0,0.9995
2006-01-10,0.0,0.0,0.0,0.0,1,1.0,0.9995
2006-01-11,0.0,0.0,0.0,0.0,1,1.0,0.9995
2006-01-12,0.0,0.0,0.0,0.0,1,1.0,0.9995
2006-01-13,0.0,0.0,0.0,0.0,1,1.0,0.9995
2006-01-17,0.0,0.0,0.0,0.0,1,1.0,0.9995
2006-01-18,0.0,0.0,0.0,0.0,1,1.0,0.9995
2006-01-19,0.0,0.0,0.0,0.0,1,1.0,0.9995
2006-01-20,0.0,0.0,0.0,0.0,1,1.0,0.9995
2006-01-23,0.0,0.0,0.0,0.0,1,1.0,0.9995
2006-01-24,0.0,0.0,0.0,0.0,1,1.0,0.9995
2006-01-25,0.0,0.0,0.0,0.0,1,1.0,0.9995
2006-01-26,0.0,0.0,0.0,0.0,1,1.0,0.9995
2006-01-27,0.0,0.0,0.0,0.0,1,1.0,0.9995
2006-01-30,0.0,0.0,0.0,0.0,1,1.0,0.9995
2006-01-31,0.0,0.0,0.0,0.0,1,1.0,0.9995
2006-02-01,-0.11681453358150423,0.001,-0.11781453358150423,1.0,2,0.8831854664184957,0.8817443736852866
2006-02-02,0.03330439952559733,0.0,0.03330439952559733,1.0,2,0.9125994280472983,0.9111103405859489
2006-02-03,0.030859060710300368,0.0,0.030859060710300368,1.0,2,0.9407613892015952,0.9392263498998731
2006-02-06,0.04275480136922194,0.0,0.04275480136922194,1.0,2,0.9809834555327428,0.9793827859305816
2006-02-07,0.011355076144522303,0.0,0.011355076144522303,1.0,2,0.9921225973668336,0.9905037520394577
2006-02-08,0.042193227652867815,0.0,0.042193227652867815,1.0,2,1.033983451977087,1.0322963023402782
2006-02-09,0.047537007782168295,0.0,0.047537007782168295,1.0,2,1.083135931380355,1.0813685796981318
2006-02-10,0.023135905148389646,0.0,0.023135905148389646,1.0,2,1.1081952615515835,1.1063870205884767
2006-02-13,0.024104283124389447,0.0,0.024104283124389447,1.0,2,1.1349075138931297,1.133055686577891
2006-02-14,0.04886471159000361,0.0,0.04886471159000361,1.0,2,1.1903644422408455,1.188422125917933
2006-02-15,0.033519206652642186,0.0,0.033519206652642186,1.0,2,1.2302645139722734,1.2282570927471486
2006-02-16,0.048259845073138186,0.0,0.048259845073138186,1.0,2,1.289636888815555,1.2875325897531091
2006-02-17,0.040308354764544974,0.0,0.040308354764544974,1.0,2,1.3416200300473762,1.3394309101517907
2006-02-21,0.03710961596392559,0.0,0.03710961596392559,1.0,2,1.3914070341319447,1.3891366768377351
2006-02-22,0.04206798739288592,0.0,0.04206798739288592,1.0,2,1.44994072770218,1.4475748610459405
2006-02-23,0.030084074142507744,0.0,0.030084074142507744,1.0,2,1.493560852056614,1.4911238104924769
2006-02-24,0.04880410981772221,0.0,0.04880410981772221,1.0,2,1.5664527598998355,1.563896780691572
2006-02-27,0.0344393356622269,0.0,0.0344393356622269,1.0,2,1.6204003522970474,1.6177563468628848
2006-02-28,0.03895443284366085,0.0,0.03895443284366085,1.0,2,1.6835221290004472,1.6807751278341612
2006-03-01,0.0448580813155246,0.0,0.0448580813155246,1.0,2,1.7590417015596342,1.7561714751916573
2006-03-02,0.04016034630400295,0.0,0.04016034630400295,1.0,2,1.829685425457452,1.826699929804566
2006-03-03,0.029557474903512848,0.0,0.029557474903512848,1.0,2,1.8837663065017336,1.880692567136013
2006-03-06,0.02536422971934915,0.0,0.02536422971934915,1.0,2,1.9315465878374132,1.9283948854403232
2006-03-07,0.027763537243634173,0.0,0.027763537243634173,1.0,2,1.985173153466652,1.9819339486626795
2006-03-08,0.028766816357309988,0.0,0.028766816357309988,1.0,2,2.042280265009889,2.038947878596177
2006-03-09,0.036226294875319864,0.0,0.036226294875319864,1.0,2,2.1162645121081836,2.11281140568161
2006-03-10,0.039851169453917534,0.0,0.039851169453917534,1.0,2,2.200600127789519,2.197009411033598
2006-03-13,0.043256866713130504,0.0,0.043256866713130504,1.0,2,2.2957911942062084,2.2920451542941715
2006-03-14,0.0456204970980742,0.0,0.0456204970980742,1.0,2,2.400526329719277,2.396609393604304
2006-03-15,0.04285391857338772,0.0,0.04285391857338772,1.0,2,2.50339828958634,2.499313497410039
2006-03-16,0.03904334008503124,0.0,0.03904334008503124,1.0,2,2.601139320374945,2.596895044268528
2006-03-17,0.03785398358175507,0.0,0.03785398358175507,1.0,2,2.6996028055022756,2.69519786663781
2006-03-20,0.03764891132666032,0.0,0.03764891132666032,1.0,2,2.801239912143834,2.796669132126661
2006-03-21,0.028461952496253162,0.0,0.028461952496253162,1.0,2,2.88096866945388,2.876267796112987
2006-03-22,0.04208882170983885,0.0,0.04208882170983885,1.0,2,3.0022252461341563,2.9973265185733378
2006-03-23,0.03779663568952846,0.0,0.03779663568952846,1.0,2,3.115699260020194,3.110615377038417
2006-03-24,0.04870328733139606,0.0,0.04870328733139606,1.0,2,3.267444056319176,3.262112571523778
2006-03-27,0.042143853344462356,0.0,0.042143853344462356,1.0,2,3.405146739439927,3.3995905653312035
2006-03-28,0.031064167950646204,0.0,0.031064167950646204,1.0,2,3.5109247896504843,3.5051960176160843
2006-03-29,0.05288381619073579,0.0,0.05288381619073579,1.0,2,3.6965958908858587,3.6905641595241927
2006-03-30,0.04900464762955192,0.0,0.04900464762955192,1.0,2,3.8777462699475693,3.871418955715929
2006-03-31,0.034256770481485066,0.0,0.034256770481485066,1.0,2,4.010585333902598,4.00404126631956
2006-04-03,-0.16867967622694618,0.0005,-0.16917967622694619,1.0,2,3.3340810982993685,3.326638861284285
2006-04-04,0.1969228939511808,0.0,0.1969228939511808,1.0,2,3.990637996844412,3.9817302129788477
2006-04-05,0.19341346107465263,0.0,0.19341346107465263,1.0,2,4.762481103710109,4.751850434536601
2006-04-06,0.18767434842104358,0.0,0.18767434842104358,1.0,2,5.656276641716436,5.643650868632509
2006-04-07,0.1784623930415779,0.0,0.1784623930415779,1.0,2,6.66570930690233,6.650830308139846
2006-04-10,0.18872701403029202,0.0,0.18872701403029202,1.0,2,7.923708720787935,7.906021653017247
2006-04-11,0.1801575933515297,0.0,0.1801575933515297,1.0,2,9.351225014343616,9.330351487009917
2006-04-12,0.1931389206366897,0.0,0.1931389206366897,1.0,2,11.157310520244755,11.132405502371947
2006-04-13,0.1877389749464724,0.0,0.1877389749464724,1.0,2,13.251972560474998,13.222391900075726
2006-04-17,0.19746386601970473,0.0,0.19746386601970473,1.0,2,15.868758294653437,15.833336522692308
2006-04-18,0.2143074427497646,0.0,0.2143074427497646,1.0,2,19.26955130439473,19.22653838306695
2006-04-19,0.19320260772306608,0.0,0.19320260772306608,1.0,2,22.9924788660572,22.941155736163104
2006-04-20,0.1844191935355678,0.0,0.1844191935355678,1.0,2,27.232733275919053,27.171945175800165
2006-04-21,0.19110167742280842,0.0,0.19110167742280842,1.0,2,32.43695428575512,32.36454947773616
2006-04-24,0.1849384027832447,0.0,0.1849384027832447,1.0,2,38.4357928025158,38.34999756494799
2006-04-25,0.18246856854095522,0.0,0.18246856854095522,1.0,2,45.44911689592761,45.34766672417317
2006-04-26,0.18978952793069442,0.0,0.18978952793069442,1.0,2,54.07488333647266,53.95417898451246
2006-04-27,0.18049517604735582,0.0,0.18049517604735582,1.0,2,63.83513892402952,63.692648018812584
2006-04-28,0.19229257406476685,0.0,0.19229257406476685,1.0,2,76.11016210351316,75.94027125535123
2006-05-01,0.30721451748098744,0.0005,0.30671451748098744,1.0,2,99.4923088295437,99.23225491081158
2006-05-02,0.17378889650401524,0.0,0.17378889650401524,1.0,2,116.7829673916668,116.47771898936668
2006-05-03,0.15213377810896406,0.0,0.15213377810896406,1.0,2,134.54960143973702,134.19791444473324
2006-05-04,0.16183661842020652,0.0,0.16183661842020652,1.0,2,156.3246539465306,155.91605111751306
2006-05-05,0.1634586662093897,0.0,0.1634586662093897,1.0,2,181.8772733762749,181.4018808738168
2006-05-08,0.14996536882660244,0.0,0.14996536882660244,1.0,2,209.15256575932477,208.60588084489814
2006-05-09,0.16871174696539742,0.0,0.16871174696539742,1.0,2,244.4390605108756,243.80014342949642
2006-05-10,0.1544636695757396,0.0,0.1544636695757396,1.0,2,282.1960147850317,281.45840822670806
2006-05-11,0.14762964335201334,0.0,0.14762964335201334,1.0,2,323.8565118031054,323.01001265164234
2006-05-12,0.14055184872297583,0.0,0.14055184872297583,1.0,2,369.37514325800606,368.40966708586245
2006-05-15,0.09942033590360988,0.0,0.09942033590360988,1.0,2,406.09854407516104,405.03707993767597
2006-05-16,0.16410268859998556,0.0,0.16410268859998556,1.0,2,472.74040699443475,471.5047537381359
2006-05-17,0.13446739174252442,0.0,0.13446739174252442,1.0,2,536.3085764942759,534.9067681675043
2006-05-18,0.14077340015106965,0.0,0.14077340015106965,1.0,2,611.8065583375552,610.2074126862639
2006-05-19,0.14371796112163365,0.0,0.14371796112163365,1.0,2,699.7341495026725,697.905177898841
2006-05-22,0.11878259797100288,0.0,0.11878259797100288,1.0,2,782.8503896696301,780.8041680670802
2006-05-23,0.17245405714865847,0.0,0.17245405714865847,1.0,2,917.856115508566,915.4570146888311
2006-05-24,0.12770325709900687,0.0,0.12770325709900687,1.0,2,1035.069331007252,1032.3638571987283
2006-05-25,0.19939828137889953,0.0,0.19939828137889953,1.0,2,1241.4603767181052,1238.2154360818463
2006-05-26,0.15886875359320402,0.0,0.15886875359320402,1.0,2,1438.68963940266,1434.929179092035
2006-05-30,0.13362099440538777,0.0,0.13362099440538777,1.0,2,1630.9287796603724,1626.6658429036195
2006-05-31,0.15441183965933947,0.0,0.15441183965933947,1.0,2,1882.763492881092,1877.8423082173774
2006-06-01,0.1446546833070903,0.0,0.1446546833070903,1.0,2,2155.1140496859575,2149.4809926132175
2006-06-02,0.16958367839748079,0.0,0.16958367839748079,1.0,2,2520.586217597793,2513.997885986035
2006-06-05,0.13051659613900268,0.0,0.13051659613900268,1.0,2,2849.5645509935407,2842.1163327655804
2006-06-06,0.1354555760363279,0.0,0.1354555760363279,1.0,2,3235.5539587010708,3227.096837782598
2006-06-07,0.1322817321036231,0.0,0.1322817321036231,1.0,2,3663.558640672783,3653.982797150605
2006-06-08,0.11663336749253189,0.0,0.11663336749253189,1.0,2,4090.8518219408124,4080.1591155420615
2006-06-09,0.15281563038746576,0.0,0.15281563038746576,1.0,2,4715.9979219324105,4703.671202864786
2006-06-12,0.13997692423035446,0.0,0.13997692423035446,1.0,2,5376.128805721252,5362.07663043269
2006-06-13,0.09512141198366914,0.0,0.09512141198366914,1.0,2,5887.513768727535,5872.124930684083
2006-06-14,0.14857643658278946,0.0,0.14857643658278946,1.0,2,6762.259584817181,6744.584328054084
2006-06-15,0.19210857657337027,0.0,0.19210857657337027,1.0,2,8061.34764807604,8040.276822895616
2006-06-16,0.1583549426505761,0.0,0.1583549426505761,1.0,2,9337.901892573478,9313.494398080007
2006-06-19,0.13142911311769168,0.0,0.13142911311769168,1.0,2,10565.174056694425,10537.558706846252
2006-06-20,0.16945103205073792,0.0,0.16945103205073792,1.0,2,12355.453704396976,12323.158905016588
2006-06-21,0.167090107245294,0.0,0.167090107245294,1.0,2,14419.927788928931,14382.236848056607
2006-06-22,0.1436332319201426,0.0,0.1436332319201426,1.0,2,16491.10862130787,16448.00400878394
2006-06-23,0.15005124992005953,0.0,0.15005124992005953,1.0,2,18965.620082502584,18916.04756899212
2006-06-26,0.15002218829377573,0.0,0.15002218829377573,1.0,2,21810.883909628003,21753.874419161475
2006-06-27,0.14939844211401315,0.0,0.14939844211401315,1.0,2,25069.39598685602,25003.86936732808
2006-06-28,0.16714489535391025,0.0,0.16714489535391025,1.0,2,29259.61755566481,29183.138496172975
2006-06-29,0.18652948119324297,0.0,0.18652948119324297,1.0,2,34717.39883823567,34626.65417945468
2006-06-30,0.17202958377757155,0.0,0.17202958377757155,1.0,2,40689.8185102173,40583.46308555618
2006-07-03,0.16330556811502617,0.0,0.16330556811502617,1.0,2,47334.69243852564,47210.968580818124
2006-07-05,0.14082111366671263,0.0,0.14082111366671263,1.0,2,54000.41654279014,53859.26975365311
2006-07-06,0.16750859444870986,0.0,0.16750859444870986,1.0,2,63045.95041751777,62881.160328121456
2006-07-07,0.13954460107111333,0.0,0.13954460107111333,1.0,2,71843.67241767947,71655.88676099788
2006-07-10,0.15708541294654121,0.0,0.15708541294654121,1.0,2,83129.2653670067,82911.98132289984
2006-07-11,0.16858987056311292,0.0,0.16858987056311292,1.0,2,97144.01745523703,96890.10152225877
2006-07-12,0.15343184493271322,0.0,0.15343184493271322,1.0,2,112049.00327756975,111756.12855453683
2006-07-13,0.13595041783143108,0.0,0.13595041783143108,1.0,2,127282.11209075074,126949.42092674923
2006-07-14,0.14803116207542444,0.0,0.14803116207542444,1.0,2,146123.831054959,145741.89123133812
2006-07-17,0.12430605830188501,0.0,0.12430605830188501,1.0,2,164287.9085173715,163858.4912597678
2006-07-18,0.14939868031896908,0.0,0.14939868031896908,1.0,2,188832.30524223033,188338.73361303442
2006-07-19,0.17479326987328514,0.0,0.17479326987328514,1.0,2,221838.92133323007,221259.07670505033
2006-07-20,0.1359086053821576,0.0,0.1359086053821576,1.0,2,251988.73975111154,251330.08924817757
2006-07-21,0.142026965045138,0.0,0.142026965045138,1.0,2,287777.935683511,287025.7390486199
2006-07-24,0.1672794238938417,0.0,0.1672794238938417,1.0,2,335917.2629740078,335039.2393193772
2006-07-25,0.15451719201245256,0.0,0.15451719201245256,1.0,2,387822.2551972601,386808.56179299543
2006-07-26,0.1493939283961716,0.0,0.1493939283961716,1.0,2,445760.54542064137,444595.4123765243
2006-07-27,0.16794735184450044,0.0,0.16794735184450044,1.0,2,520624.84858079825,519264.0345273752
2006-07-28,0.1653184365685822,0.0,0.1653184365685822,1.0,2,606693.7345869307,605107.9528817352
2006-07-31,0.1453305487294818,0.0,0.1453305487294818,1.0,2,694864.867945188,693048.6237146112
2006-08-01,0.1513857147238813,0.0,0.1513857147238813,1.0,2,800057.4826155857,797966.2849540499
2006-08-02,0.1655617918495922,0.0,0.1655617918495922,1.0,2,932516.433020096,930079.0129266046
2006-08-03,0.1460383754809474,0.0,0.1460383754809474,1.0,2,1068699.6180076385,1065906.241043329
2006-08-04,0.15685061305166287,0.0,0.15685061305166287,1.0,2,1236325.8082602145,1233094.2884065688
2006-08-07,0.15044594550548107,0.0,0.15044594550548107,1.0,2,1422326.0134367505,1418608.3245233032
2006-08-08,0.15318260145708512,0.0,0.15318260145708512,1.0,2,1640201.612295077,1635914.4381224597
2006-08-09,0.1638444016881923,0.0,0.1638444016881923,1.0,2,1908939.4641095723,1903949.8604497095
2006-08-10,0.1426967055236944,0.0,0.1426967055236944,1.0,2,2181338.8366821753,2175637.233018181
2006-08-11,0.14463217595382521,0.0,0.14463217595382521,1.0,2,2496830.619124104,2490304.3801157596
2006-08-14,0.1547001366071215,0.0,0.1547001366071215,1.0,2,2883090.6569874464,2875554.8079129807
2006-08-15,0.16430410790468747,0.0,0.16430410790468747,1.0,2,3356794.2953921077,3348020.2753581577
2006-08-16,0.16311601298147643,0.0,0.16311601298147643,1.0,2,3904341.1972554326,3894135.994055725
2006-08-17,0.14662496959237442,0.0,0.14662496959237442,1.0,2,4476815.106581265,4465113.565772717
2006-08-18,0.1460494744712139,0.0,0.1460494744712139,1.0,2,5130651.60020225,5117241.055508111
2006-08-21,0.15632724858259378,0.0,0.15632724858259378,1.0,2,5932712.24829775,5917205.270049581
2006-08-22,0.1476890308475013,0.0,0.1476890308475013,1.0,2,6808908.770545945,6791111.58170893
2006-08-23,0.14213623920270185,0.0,0.14213623920270185,1.0,2,7776701.456265638,7756374.64193895
2006-08-24,0.1520481453139711,0.0,0.1520481453139711,1.0,2,8959134.489351286,8935717.020606084
2006-08-25,0.15151752640459287,0.0,0.15151752640459287,1.0,2,10316600.385903869,10289634.760219736
2006-08-28,0.14647834418620992,0.0,0.14647834418620992,1.0,2,11827758.928061882,11796843.422177592
2006-08-29,0.15513640089977226,0.0,0.15513640089977226,1.0,2,13662674.87887155,13626963.252672376
2006-08-30,0.15839913601055,0.0,0.15839913601055,1.0,2,15826830.775277851,15785462.458343197
2006-08-31,0.1543477108429685,0.0,0.1543477108429685,1.0,2,18269665.87534103,18221912.453386087
2006-09-01,0.20776437783446355,0.0005,0.20726437783446355,1.0,2,22065451.639174793,21998665.80099122
2006-09-05,0.07901124489849459,0.0,0.07901124489849459,1.0,2,23808870.44243352,23736807.77203347
2006-09-06,0.059693506968493015,0.0,0.059693506968493015,1.0,2,25230105.41610087,25153741.07218313
2006-09-07,0.052526415618307676,0.0,0.052526415618307676,1.0,2,26555352.4192807,26474976.930095915
2006-09-08,0.06481013832879245,0.0,0.06481013832879245,1.0,2,28276408.482944116,28190823.84718702
2006-09-11,0.04970639445553682,0.0,0.04970639445553682,1.0,2,29681926.79678322,29592088.05736185
2006-09-12,0.0705966980409955,0.0,0.0705966980409955,1.0,2,31777372.82013066,31681191.762349974
2006-09-13,0.07212305863701962,0.0,0.07212305863701962,1.0,2,34069254.14336738,33966136.21351661
2006-09-14,0.05538605244969458,0.0,0.05538605244969458,1.0,2,35956215.6402739,35847386.415351905
2006-09-15,0.07117597314051638,0.0,0.07117597314051638,1.0,2,38515434.27892065,38398859.02800871
2006-09-18,0.07388075218723056,0.0,0.07388075218723056,1.0,2,41360983.53426515,41235795.61612942
2006-09-19,0.054454275095369264,0.0,0.054454275095369264,1.0,2,43613265.90985507,43481260.97438656
2006-09-20,0.07280628710440307,0.0,0.07280628710440307,1.0,2,46788585.86924865,46646970.14454922
2006-09-21,0.07128029785807555,0.0,0.07128029785807555,1.0,2,50123690.20636684,49971980.07062945
2006-09-22,0.06981063325619419,0.0,0.06981063325619419,1.0,2,53622856.7608106,53460555.644426
2006-09-25,0.07008128244080158,0.0,0.07008128244080158,1.0,2,57380815.330747604,57207139.94398521
2006-09-26,0.07165607956346082,0.0,0.07165607956346082,1.0,2,61492499.59950391,61306379.31540945
2006-09-27,0.0758958102763223,0.0,0.0758958102763223,1.0,2,66159522.68252469,65959276.64866002
2006-09-28,0.06636519758262283,0.0,0.06636519758262283,1.0,2,70550212.47732246,70336677.07585523
2006-09-29,0.06400355871877128,0.0,0.06400355871877128,1.0,2,75065677.14423656,74838474.71716298
2006-10-02,-0.13122101021514831,0.0005,-0.13172101021514832,1.0,2,65215483.156885676,64980675.22445744
2006-10-03,0.20036359696271044,0.0,0.20036359696271044,1.0,2,78282291.93986034,78000437.04549542
2006-10-04,0.20572961148563584,0.0,0.20572961148563584,1.0,2,94387277.44685292,94047436.65457498
2006-10-05,0.19879637785917603,0.0,0.19879637785917603,1.0,2,113151126.31927639,112743726.40844479
2006-10-06,0.19608724883817258,0.0,0.19608724883817258,1.0,2,135338619.38216385,134851333.54364038
2006-10-09,0.20052305628483097,0.0,0.20052305628483097,1.0,2,162477132.97404483,161892135.0898963
2006-10-10,0.1965517020247477,0.0,0.1965517020247477,1.0,2,194412290.00019458,193712309.78623578
2006-10-11,0.19909127976160162,0.0,0.19909127976160162,1.0,2,233118081.61771694,232278741.44715327
2006-10-12,0.204193805146399,0.0,0.204193805146399,1.0,2,280719349.7516674,279708621.51786405
2006-10-13,0.1990886075810369,0.0,0.1990886075810369,1.0,2,336607374.2147809,335395421.50426686
2006-10-16,0.2013399745436802,0.0,0.2013399745436802,1.0,2,404379894.37039995,402923927.13200283
2006-10-17,0.19921141142622367,0.0,0.19921141142622367,1.0,2,484936983.8803146,483190971.3533661
2006-10-18,0.20165795911770212,0.0,0.20165795911770212,1.0,2,582728386.3503128,580630276.5005859
2006-10-19,0.1987964928392476,0.0,0.1987964928392476,1.0,2,698572745.834629,696057539.105185
2006-10-20,0.20015566287183179,0.0,0.20015566287183179,1.0,2,838396036.8413548,835377397.2417192
2006-10-23,0.1987783205922009,0.0,0.1987783205922009,1.0,2,1005050993.0358363,1001432313.326112
2006-10-24,0.20080557758145617,0.0,0.20080557758145617,1.0,2,1206870838.1912134,1202525507.4122956
2006-10-25,0.20178441868915992,0.0,0.20178441868915992,1.0,2,1450398568.7085266,1445176417.8843727
2006-10-26,0.20410281218827186,0.0,0.20410281218827186,1.0,2,1746428995.3757815,1740140988.8827465
2006-10-27,0.19970319368366451,0.0,0.19970319368366451,1.0,2,2095196443.294079,2087652701.8224812
2006-10-30,0.19903185831360487,0.0,0.19903185831360487,1.0,2,2512207284.934955,2503162098.5796275
2006-10-31,0.20218623877164932,0.0,0.20218623877164932,1.0,2,3020141026.890691,3009267028.327191
2006-11-01,0.19814383278629305,0.0,0.19814383278629305,1.0,2,3618563345.513943,3605534731.1973586
2006-11-02,0.19503363646645577,0.0,0.19503363646645577,1.0,2,4324304913.573751,4308735281.228885
2006-11-03,0.19341443344657727,0.0,0.19341443344657727,1.0,2,5160687898.482869,5142106874.519049
2006-11-06,0.20306374710297748,0.0,0.20306374710297748,1.0,2,6208636520.777791,6186282364.462867
2006-11-07,0.20206134540811943,0.0,0.20206134540811943,1.0,2,7463161969.316137,7436290902.100757
2006-11-08,0.19794767359761,0.0,0.19794767359761,1.0,2,8940477518.824425,8908287386.366674
2006-11-09,0.19573795736944738,0.0,0.19573795736944738,1.0,2,10690468326.266582,10651977363.0341
2006-11-10,0.19898766507933613,0.0,0.19898766507933613,1.0,2,12817739657.114967,12771589466.982199
2006-11-13,0.1984569248685626,0.0,0.1984569248685626,1.0,2,15361508853.231827,15306199838.28321
2006-11-14,0.20312840630446505,0.0,0.20312840630446505,1.0,2,18481867665.02074,18415323818.01134
2006-11-15,0.19736579958291783,0.0,0.19736579958291783,1.0,2,22129556254.513233,22049878927.931503
2006-11-16,0.2002393882167729,0.0,0.2002393882167729,1.0,2,26560765060.42562,26465133194.714417
2006-11-17,0.19854993761255113,0.0,0.19854993761255113,1.0,2,31834403306.114754,31719783739.432816
2006-11-20,0.19847858279916653,0.0,0.19847858279916653,1.0,2,38152850558.56951,38015481462.73148
2006-11-21,0.19904402967625384,0.0,0.19904402967625384,1.0,2,45746947677.3831,45582236083.15649
2006-11-22,0.1998038765920334,0.0,0.1998038765920334,1.0,2,54887365165.57716,54689743556.30441
2006-11-24,0.19636810848584346,0.0,0.19636810848584346,1.0,2,65665493242.91333,65429065052.03176
2006-11-27,0.19221366408223578,0.0,0.19221366408223578,1.0,2,78287298302.901,78005425383.15775
2006-11-28,0.20029702947981665,0.0,0.20029702947981665,1.0,2,93968011598.97237,93629680370.71375
2006-11-29,0.20356926715937806,0.0,0.20356926715937806,1.0,2,113097010856.5991,112689805788.14674
2006-11-30,0.2010766418374787,0.0,0.2010766418374787,1.0,2,135838178001.50093,135349093505.34497
2006-12-01,0.1956424763021003,0.0,0.1956424763021003,1.0,2,162413895522.08005,161829125323.9752
2006-12-04,0.19794322640510342,0.0,0.19794322640510342,1.0,2,194562626014.74197,193862104516.91867
2006-12-05,0.19730949301762346,0.0,0.19730949301762346,1.0,2,232951679113.88818,232112938074.4814
2006-12-06,0.19484276454832816,0.0,0.19484276454832816,1.0,2,278340628278.6132,277338464616.34827
2006-12-07,0.1952766618017301,0.0,0.1952766618017301,1.0,2,332694057012.65704,331496194175.846
2006-12-08,0.19493440890530084,0.0,0.19493440890530084,1.0,2,397547576362.7258,396116208841.8714
2006-12-11,0.19927212639217434,0.0,0.19927212639217434,1.0,2,476767727246.58154,475051128076.19775
2006-12-12,0.19596717183264356,0.0,0.19596717183264356,1.0,2,570198550376.1714,568145554121.1973
2006-12-13,0.19401793434406528,0.0,0.19401793434406528,1.0,2,680827295286.1366,678375980938.5563
2006-12-14,0.19824905096659823,0.0,0.19824905096659823,1.0,2,815800660448.769,812863375358.1602
2006-12-15,0.1977097717711122,0.0,0.1977097717711122,1.0,2,977092422836.8179,973574407781.318
2006-12-18,0.19371876445531916,0.0,0.19371876445531916,1.0,2,1166373559747.4204,1162174039162.034
2006-12-19,0.1933299155541643,0.0,0.1933299155541643,1.0,2,1391868461557.9993,1386857048012.472
2006-12-20,0.19333198626849069,0.0,0.19333198626849069,1.0,2,1660961155855.4756,1654980875775.1785
2006-12-21,0.19466569702648312,0.0,0.19466569702648312,1.0,2,1984293316993.9946,1977148881523.453
2006-12-22,0.18928378208960944,0.0,0.18928378208960944,1.0,2,2359887860809.754,2351391099572.453
2006-12-26,0.19695629827117556,0.0,0.19695629827117556,1.0,2,2824682638209.926,2814512386332.032
2006-12-27,0.19530373665366918,0.0,0.19530373665366918,1.0,2,3376353712313.069,3364197172240.7134
2006-12-28,0.19145304795559698,0.0,0.19145304795559698,1.0,2,4022766921511.6006,4008282974789.7983
2006-12-29,0.1900201629889845,0.0,0.1900201629889845,1.0,2,4787173747603.931,4769937558965.328
2007-01-03,0.18692721754864056,0.0005,0.18642721754864056,1.0,2,5682026816165.432,5659183745963.989
2007-01-04,0.1997451152595337,0.0,0.1997451152595337,1.0,2,6816983917468.157,6789578055576.446
2007-01-05,0.18686757968762469,0.0,0.18686757968762469,1.0,2,8090857202894.894,8058330073922.226
2007-01-08,0.21478597546479167,0.0,0.21478597546479167,1.0,2,9828659859565.008,9789146359466.877
2007-01-09,0.1959962896669623,0.0,0.1959962896669623,1.0,2,11755040724438.355,11707782724929.236
2007-01-10,0.19845111372069013,0.0,0.19845111372069013,1.0,2,14087841648035.215,14031205245891.299
2007-01-11,0.21310496841336984,0.0,0.21310496841336984,1.0,2,17090030697452.316,17021324796618.475
2007-01-12,0.21622849514498765,0.0,0.21622849514498765,1.0,2,20785382317144.08,20701820242765.35
2007-01-16,0.20972589016957982,0.0,0.20972589016957982,1.0,2,25144615126122.164,25043527921309.94
2007-01-17,0.20485235780726557,0.0,0.20485235780726557,1.0,2,30295548820864.523,30173753663802.37
2007-01-18,0.21039089790724436,0.0,0.21039089790724436,1.0,2,36669456539878.97,36522036790361.76
2007-01-19,0.21658790453199894,0.0,0.21658790453199894,1.0,2,44611617292178.56,44432268208026.78
2007-01-22,0.2077290201983275,0.0,0.2077290201983275,1.0,2,53878744841745.58,53662139748069.484
2007-01-23,0.21308889321358737,0.0,0.21308889321358737,1.0,2,65359706947810.43,65096945714458.47
2007-01-24,0.21340877688612914,0.0,0.21340877688612914,1.0,2,79308042065178.48,78989205278403.8
2007-01-25,0.18908363843441672,0.0,0.18908363843441672,1.0,2,94303895215972.2,93924771609487.42
2007-01-26,0.21411162985775994,0.0,0.21411162985775994,1.0,2,114495455922599.42,114035157542812.62
2007-01-29,0.2020413965198941,0.0,0.2020413965198941,1.0,2,137628277732383.39,137074980025128.62
2007-01-30,0.21003876111926512,0.0,0.21003876111926512,1.0,2,166535550682271.34,165866039010054.66
2007-01-31,0.2049832598099115,0.0,0.2049832598099115,1.0,2,200672550735362.06,199865800378093.6
2007-02-01,0.21554451920427004,0.0,0.21554451920427004,1.0,2,243926419201110.16,242945778225966.38
2007-02-02,0.20800071437841083,0.0,0.20800071437841083,1.0,2,294663288650708.75,293478673652186.4
2007-02-05,0.20735937086514594,0.0,0.20735937086514594,1.0,2,355764482802374.6,354334226783041.25
2007-02-06,0.21611234936115975,0.0,0.21611234936115975,1.0,2,432649581000053.75,430910228992194.3
2007-02-07,0.20702797073807006,0.0,0.20702797073807006,1.0,2,522220145795171.1,520120699270725.4
2007-02-08,0.20278984357236068,0.0,0.20278984357236068,1.0,2,628121087471309.2,625595894514582.6
2007-02-09,0.20022832972599575,0.0,0.20022832972599575,1.0,2,753888723681365.5,750857915556677.8
2007-02-12,0.2039105450068362,0.0,0.2039105450068362,1.0,2,907614584201740.9,903965762340536.9
2007-02-13,0.2202110369313932,0.0,0.2202110369313932,1.0,2,1107481332922861.5,1103029000216023.9
2007-02-14,0.21732704823542415,0.0,0.21732704823542415,1.0,2,1348166981982820.0,1342747036951043.2
2007-02-15,0.20845910929225148,0.0,0.20845910929225148,1.0,2,1629204670224181.5,1622654888278667.5
2007-02-16,0.20546069663496014,0.0,0.20546069663496014,1.0,2,1963942196729372.2,1956046692022526.0
2007-02-20,0.21121115360172665,0.0,0.21121115360172665,1.0,2,2378748693707692.5,2369185570343445.0
2007-02-21,0.2028805070687884,0.0,0.2028805070687884,1.0,2,2861350434876327.5,2849847140194780.0
2007-02-22,0.21164150951485916,0.0,0.21164150951485916,1.0,2,3466930960164552.0,3452993090832207.5
2007-02-23,0.20294047246172492,0.0,0.20294047246172492,1.0,2,4170511567212528.0,4153745140092767.5
2007-02-26,0.20887743823482313,0.0,0.20887743823482313,1.0,2,5041637339500578.0,5021368784035691.0
2007-02-27,0.1506509718838447,0.0,0.1506509718838447,1.0,2,5801164904582221.0,5777842871537867.0
2007-02-28,0.22142684872001145,0.0,0.22142684872001145,1.0,2,7085698568308988.0,7057212410981879.0
2007-03-01,0.19684066754802143,0.0005,0.19634066754802143,1.0,2,8480452204538989.0,8442830206782243.0
2007-03-02,0.18471689997728807,0.0,0.18471689997728807,1.0,2,1.004693504616699e+16,1.0002363629613666e+16
2007-03-05,0.18459350072737374,0.0,0.18459350072737374,1.0,2,1.1901533957919494e+16,1.1848734947552214e+16
2007-03-06,0.1965385723791851,0.0,0.1965385723791851,1.0,2,1.4240644451131384e+16,1.4177468398643484e+16
2007-03-07,0.18825460985132508,0.0,0.18825460985132508,1.0,2,1.692151141631056e+16,1.6846442180709604e+16
2007-03-08,0.19333538773143633,0.0,0.19333538773143633,1.0,2,2.019303838698489e+16,2.010345561161232e+16
2007-03-09,0.18538952005676168,0.0,0.18538952005676168,1.0,2,2.393661608203578e+16,2.383042559893154e+16
2007-03-12,0.18994968237058169,0.0,0.18994968237058169,1.0,2,2.8483368703845036e+16,2.835700737220437e+16
2007-03-13,0.18292975329932215,0.0,0.18292975329932215,1.0,2,3.369382431397304e+16,3.3544347735108772e+16
2007-03-14,0.1908982516659361,0.0,0.1908982516659361,1.0,2,4.0125916467449704e+16,3.994790507101524e+16
2007-03-15,0.1874371356180896,0.0,0.1874371356180896,1.0,2,4.764700331415922e+16,4.74356259714697e+16
2007-03-16,0.18647906413344284,0.0,0.18647906413344284,1.0,2,5.653217190094667e+16,5.62813771092134e+16
2007-03-19,0.19207417308988917,0.0,0.19207417308988917,1.0,2,6.739054207179647e+16,6.7091576077825784e+16
2007-03-20,0.19050409366701576,0.0,0.19050409366701576,1.0,2,8.022871621091294e+16,7.987279597122362e+16
2007-03-21,0.19314424523113793,0.0,0.19314424523113793,1.0,2,9.572443104933288e+16,9.529976686358627e+16
2007-03-22,0.1859720142279282,0.0,0.1859720142279282,1.0,2,1.1352649630239974e+17,1.1302285646265938e+17
2007-03-23,0.18818224339072132,0.0,0.18818224339072132,1.0,2,1.3489016706087374e+17,1.342917511462301e+17
2007-03-26,0.18672807921171164,0.0,0.18672807921171164,1.0,2,1.600779488606976e+17,1.5936779189174282e+17
2007-03-27,0.1857349466998972,0.0,0.1857349466998972,1.0,2,1.8981001816016813e+17,1.8896796022443597e+17
2007-03-28,0.18372168863643457,0.0,0.18372168863643457,1.0,2,2.2468223521666653e+17,2.2368547297505194e+17
2007-03-29,0.18830803688774478,0.0,0.18830803688774478,1.0,2,2.6699170585386752e+17,2.6580724527129066e+17
2007-03-30,0.18773104036406968,0.0,0.18773104036406968,1.0,2,3.1711433656239174e+17,3.1570751596237754e+17
2007-04-02,0.18749197797206724,0.0,0.18749197797206724,1.0,2,3.765707307677744e+17,3.7490014259081165e+17
2007-04-03,0.19036545016910678,0.0,0.19036545016910678,1.0,2,4.4825678745089126e+17,4.462681770035738e+17
2007-04-04,0.18690057183198233,0.0,0.18690057183198233,1.0,2,5.320362373530302e+17,5.296759544759581e+17
2007-04-05,0.18433967969968323,0.0,0.18433967969968323,1.0,2,6.301116269353124e+17,6.273162502686802e+17
2007-04-09,0.18336514602652343,0.0,0.18336514602652343,1.0,2,7.456521374213162e+17,7.42344186104008e+17
2007-04-10,0.18705096559571888,0.0,0.18705096559571888,1.0,2,8.851270897244851e+17,8.812003829191306e+17
2007-04-11,0.18444588057181555,0.0,0.18444588057181555,1.0,2,1.0483851352066862e+18,1.0437341635068708e+18
2007-04-12,0.18719269747522127,0.0,0.18719269747522127,1.0,2,1.2446351766589501e+18,1.2391135770207654e+18
2007-04-13,0.18721627728467127,0.0,0.18721627728467127,1.0,2,1.477651141010588e+18,1.471095808043486e+18
2007-04-16,0.19096125140220144,0.0,0.19096125140220144,1.0,2,1.7598252520338606e+18,1.7520181044800028e+18
2007-04-17,0.18911466570964047,0.0,0.18911466570964047,1.0,2,2.092634016279628e+18,2.0833504226259766e+18
2007-04-18,0.18571778595617627,0.0,0.18571778595617627,1.0,2,2.4812733725996616e+18,2.470265650486937e+18
2007-04-19,0.18395355380087702,0.0,0.18395355380087702,1.0,2,2.937712427440857e+18,2.9246797957262444e+18
2007-04-20,0.19075494173615837,0.0,0.19075494173615837,1.0,2,3.4980955903749263e+18,3.482576919756924e+18
2007-04-23,0.18423244454711718,0.0,0.18423244454711718,1.0,2,4.14255829224919e+18,4.124180579007111e+18
2007-04-24,0.18680572864491457,0.0,0.18680572864491457,1.0,2,4.916411912486832e+18,4.89460113713174e+18
2007-04-25,0.1895640393392089,0.0,0.1895640393392089,1.0,2,5.848386813673241e+18,5.822441499640717e+18
2007-04-26,0.1844613456859876,0.0,0.1844613456859876,1.0,2,6.927188115415592e+18,6.896456893842384e+18
2007-04-27,0.1839685928168754,0.0,0.1839685928168754,1.0,2,8.201573165186381e+18,8.165188364024805e+18
2007-04-30,0.18495825701019147,0.0,0.18495825701019147,1.0,2,9.718521842560813e+18,9.67540737199473e+18
2007-05-01,0.18505593399999193,0.0,0.18505593399999193,1.0,2,1.1516991979235228e+19,1.1465898920049623e+19
2007-05-02,0.18573642064943408,0.0,0.18573642064943408,1.0,2,1.365611684610662e+19,1.359553394498785e+19
2007-05-03,0.18555210346780565,0.0,0.18555210346780565,1.0,2,1.6190038052103838e+19,1.61182138662483e+19
2007-05-04,0.18742126350168387,0.0,0.18742126350168387,1.0,2,1.922439543996948e+19,1.913910987445092e+19
2007-05-07,0.18373038024057875,0.0,0.18373038024057875,1.0,2,2.275650092405032e+19,2.265554580915e+19
2007-05-08,0.18245166219917247,0.0,0.18245166219917247,1.0,2,2.6908462343480308e+19,2.6789087800058917e+19
2007-05-09,0.18282355738713285,0.0,0.18282355738713285,1.0,2,3.182796315293308e+19,3.1686764130821927e+19
2007-05-10,0.17969518754730057,0.0,0.17969518754730057,1.0,2,3.754729496094796e+19,3.738072315407705e+19
2007-05-11,0.18670488086858666,0.0,0.18670488086858666,1.0,2,4.455755819356944e+19,4.4359886617340625e+19
2007-05-14,0.1821610289827001,0.0,0.1821610289827001,1.0,2,5.267420884306659e+19,5.24405292091113e+19
2007-05-15,0.18457313284676824,0.0,0.18457313284676824,1.0,2,6.239645258945633e+19,6.2119641973379424e+19
2007-05-16,0.18595618087701898,0.0,0.18595618087701898,1.0,2,7.39994586132656e+19,7.3671173352196825e+19
2007-05-17,0.18066495067198035,0.0,0.18066495067198035,1.0,2,8.736856715338449e+19,8.698097225181838e+19
2007-05-18,0.18667860578307832,0.0,0.18667860578307832,1.0,2,1.0367840945884355e+20,1.0321845888144445e+20
2007-05-21,0.1833252168604183,0.0,0.1833252168604183,1.0,2,1.2268527635662928e+20,1.2214100523988342e+20
2007-05-22,0.18200486853638853,0.0,0.18200486853638853,1.0,2,1.4501459395126811e+20,1.4437126284147075e+20
2007-05-23,0.1843276042990813,0.0,0.1843276042990813,1.0,2,1.717447866427094e+20,1.7098287185067203e+20
2007-05-24,0.18076453402908793,0.0,0.18076453402908793,1.0,2,2.027901529721039e+20,2.0189051100771402e+20
2007-05-25,0.18475273589306063,0.0,0.18475273589306063,1.0,2,2.402561885458724e+20,2.3919033526723727e+20
2007-05-29,0.18441996340138062,0.0,0.18441996340138062,1.0,2,2.845642260444574e+20,2.8330180814318512e+20
2007-05-30,0.18644167154352165,0.0,0.18644167154352165,1.0,2,3.376188560096745e+20,3.361210708047026e+20
2007-05-31,0.18377651063517364,0.0,0.18377651063517364,1.0,2,3.996652712917716e+20,3.97892228348149e+20
2007-06-01,0.17185364079533738,0.0005,0.17135364079533738,1.0,2,4.6834920326271874e+20,4.66072510319774e+20
2007-06-04,0.20227457858025183,0.0,0.20227457858025183,1.0,2,5.6308434098108183e+20,5.603471309325464e+20
2007-06-05,0.1991593662723326,0.0,0.1991593662723326,1.0,2,6.752278614887481e+20,6.71945510421592e+20
2007-06-06,0.18974494459994745,0.0,0.18974494459994745,1.0,2,8.033489346592716e+20,7.994437740707204e+20
2007-06-07,0.1950780167589452,0.0,0.1950780167589452,1.0,2,9.600646515980137e+20,9.553976800267229e+20
2007-06-08,0.2235588695563442,0.0,0.2235588695563442,1.0,2,1.174695619810271e+21,1.168985305350251e+21
2007-06-11,0.20716937849978107,0.0,0.20716937849978107,1.0,2,1.41805658129278e+21,1.411163264535039e+21
2007-06-12,0.18981505719690167,0.0,0.18981505719690167,1.0,2,1.687225072379312e+21,1.679023300306924e+21
2007-06-13,0.22348530436625008,0.0,0.22348530436625008,1.0,2,2.064295081214371e+21,2.0542603336140427e+21
2007-06-14,0.21689254658474255,0.0,0.21689254658474255,1.0,2,2.5120252982813136e+21,2.499814088719615e+21
2007-06-15,0.21682339183005428,0.0,0.21682339183005428,1.0,2,3.056691143817572e+21,3.0418322583803585e+21
2007-06-18,0.21059465919420134,0.0,0.21059465919420134,1.0,2,3.7004139735117673e+21,3.682425886159898e+21
2007-06-19,0.20017880749224315,0.0,0.20017880749224315,1.0,2,4.4411584299569853e+21,4.4195695087299524e+21
2007-06-20,0.19843080347722553,0.0,0.19843080347722553,1.0,2,5.322421065583003e+21,5.296548237370684e+21
2007-06-21,0.20829574821439573,0.0,0.20829574821439573,1.0,2,6.431058743750675e+21,6.399796715427448e+21
2007-06-22,0.1914844104876008,0.0,0.1914844104876008,1.0,2,7.662506236108903e+21,7.625258016721558e+21
2007-06-25,0.19796168274822978,0.0,0.19796168274822978,1.0,2,9.179388864677826e+21,9.134766925101186e+21
2007-06-26,0.20237053906946656,0.0,0.20237053906946656,1.0,2,1.1037026737550935e+22,1.0983374632007846e+22
2007-06-27,0.2088429957901905,0.0,0.2088429957901905,1.0,2,1.3342032466037506e+22,1.3277175494042345e+22
2007-06-28,0.2030876142544802,0.0,0.2030876142544802,1.0,2,1.6051634008870881e+22,1.5973605389165455e+22
2007-06-29,0.2079459725897288,0.0,0.2079459725897288,1.0,2,1.9389506654499905e+22,1.9295252297579997e+22
2007-07-02,0.2974385178647331,0.0005,0.2969385178647331,1.0,2,2.515669277594273e+22,2.5024755916649487e+22
2007-07-03,0.1651608511853639,0.0,0.1651608511853639,1.0,2,2.931159356782613e+22,2.915786590454929e+22
2007-07-05,0.16141789336356138,0.0,0.16141789336356138,1.0,2,3.4043009252673546e+22,3.3864467193838854e+22
2007-07-06,0.16287708096214237,0.0,0.16287708096214237,1.0,2,3.9587835226916215e+22,3.938021275870955e+22
2007-07-09,0.16088715751485427,0.0,0.16088715751485427,1.0,2,4.5957009508741184e+22,4.571598325178853e+22
2007-07-10,0.14332115671413065,0.0,0.14332115671413065,1.0,2,5.254362127065627e+22,5.226805085175868e+22
2007-07-11,0.1576531395281644,0.0,0.1576531395281644,1.0,2,6.082728812615407e+22,6.050827316555618e+22
2007-07-12,0.176031712268371,0.0,0.176031712268371,1.0,2,7.153481980764253e+22,7.115964809729136e+22
2007-07-13,0.15905530767002551,0.0,0.15905530767002551,1.0,2,8.291281258126693e+22,8.247796781909678e+22
2007-07-16,0.14520222667069654,0.0,0.14520222667069654,1.0,2,9.495193758759703e+22,9.445395239770369e+22
2007-07-17,0.1609308757098032,0.0,0.1609308757098032,1.0,2,1.102326360539116e+23,1.096545096713182e+23
2007-07-18,0.14687137487807,0.0,0.14687137487807,1.0,2,1.2642265486758348e+23,1.2575961826832532e+23
2007-07-19,0.1670811821613402,0.0,0.1670811821613402,1.0,2,1.4754550149483445e+23,1.4677168395675599e+23
2007-07-20,0.1525944796939302,0.0,0.1525944796939302,1.0,2,1.700601305266187e+23,1.6916823270393915e+23
2007-07-23,0.17078149383519914,0.0,0.17078149383519914,1.0,2,1.9910325365976362e+23,1.980590361945785e+23
2007-07-24,0.13239037021095124,0.0,0.13239037021095124,1.0,2,2.2546260712198466e+23,2.2428014532000295e+23
2007-07-25,0.16906241363822655,0.0,0.16906241363822655,1.0,2,2.6357985966719462e+23,2.6219748801893487e+23
2007-07-26,0.1115955864027367,0.0,0.1115955864027367,1.0,2,2.9299420867070625e+23,2.9145757044773243e+23
2007-07-27,0.14437772337179072,0.0,0.14437772337179072,1.0,2,3.352960454797022e+23,3.3353755092844937e+23
2007-07-30,0.18329624210391404,0.0,0.18329624210391404,1.0,2,3.967545506084347e+23,3.94673730614177e+23
2007-07-31,0.14627753243681935,0.0,0.14627753243681935,1.0,2,4.547908272545157e+23,4.524056300460528e+23
2007-08-01,0.1428863326687672,0.0,0.1428863326687672,1.0,2,5.1977422069230824e+23,5.170482114020363e+23
2007-08-02,0.16438000453766138,0.0,0.16438000453766138,1.0,2,6.052147094482692e+23,6.020405987384927e+23
2007-08-03,0.13184538276812674,0.0,0.13184538276812674,1.0,2,6.85009474472377e+23,6.814168719211215e+23
2007-08-06,0.16687190405593239,0.0,0.16687190405593239,1.0,2,7.993183097739361e+23,7.951262027944364e+23
2007-08-07,0.152416109610644,0.0,0.152416109610644,1.0,2,9.21147296890235e+23,9.163162452738484e+23
2007-08-08,0.17212472198704598,0.0,0.17212472198704598,1.0,2,1.0796995192765855e+24,1.0740369242438233e+24
2007-08-09,0.1223207032339293,0.0,0.1223207032339293,1.0,2,1.211769123755833e+24,1.2054138761165341e+24
2007-08-10,0.1336353358257898,0.0,0.1336353358257898,1.0,2,1.3737042975522668e+24,1.3664997642604342e+24
2007-08-13,0.17065437612510648,0.0,0.17065437612510648,1.0,2,1.6081329474314264e+24,1.5996989290054035e+24
2007-08-14,0.13788835393268162,0.0,0.13788835393268162,1.0,2,1.8298757524576574e+24,1.8202787811138324e+24
2007-08-15,0.12219641696452499,0.0,0.12219641696452499,1.0,2,2.053480012898247e+24,2.0427103260424955e+24
2007-08-16,0.11982942079410541,0.0,0.11982942079410541,1.0,2,2.2995473334561163e+24,2.287487121262306e+24
2007-08-17,0.1979336663144634,0.0,0.1979336663144634,1.0,2,2.7547051680307334e+24,2.7402578338208724e+24
2007-08-20,0.16239624931263663,0.0,0.16239624931263663,1.0,2,3.202058955281061e+24,3.185265428182952e+24
2007-08-21,0.1505317639136175,0.0,0.1505317639136175,1.0,2,3.684070537974914e+24,3.6647490516203956e+24
2007-08-22,0.18963211601664726,0.0,0.18963211601664726,1.0,2,4.3826886296456847e+24,4.359703168949172e+24
2007-08-23,0.16178479232581855,0.0,0.16178479232581855,1.0,2,5.091740999421638e+24,5.065036840739828e+24
2007-08-24,0.16493972895106762,0.0,0.16493972895106762,1.0,2,5.931571379755281e+24,5.900462644378628e+24
2007-08-27,0.15174760075297083,0.0,0.15174760075297083,1.0,2,6.831673105328134e+24,6.795843693995614e+24
2007-08-28,0.1270157299393329,0.0,0.1270157299393329,1.0,2,7.699403051508296e+24,7.659022741342079e+24
2007-08-29,0.19344543056635227,0.0,0.19344543056635227,1.0,2,9.188817389911204e+24,9.14062569325848e+24
2007-08-30,0.14360111551047094,0.0,0.14360111551047094,1.0,2,1.0508341817324466e+25,1.0453229739274068e+25
2007-08-31,0.18331661733053206,0.0,0.18331661733053206,1.0,2,1.2434695493029364e+25,1.236948045525671e+25
2007-09-04,0.1525578930308445,0.0,0.1525578930308445,1.0,2,1.4331706437926061e+25,1.4256542331396883e+25
2007-09-05,0.13178941316570658,0.0,0.13178941316570658,1.0,2,1.6220473619043514e+25,1.6135403679023732e+25
2007-09-06,0.1585224236539981,0.0,0.1585224236539981,1.0,2,1.879178240995003e+25,1.8693226976858212e+25
2007-09-07,0.12603975750727248,0.0,0.12603975750727248,1.0,2,2.116029410802956e+25,2.1049316772049824e+25
2007-09-10,0.15902646161644718,0.0,0.15902646161644718,1.0,2,2.4525340806792856e+25,2.4396715137752645e+25
2007-09-11,0.18043463090302275,0.0,0.18043463090302275,1.0,2,2.895056162303737e+25,2.879872742887923e+25
2007-09-12,0.1491737053886515,0.0,0.1491737053886515,1.0,2,3.3269224173428344e+25,3.3094740309922936e+25
2007-09-13,0.16443083620560783,0.0,0.16443083620560783,1.0,2,3.873971052417698e+25,3.8536536133090997e+25
2007-09-14,0.1510855553278838,0.0,0.1510855553278838,1.0,2,4.459272120196373e+25,4.435885009517211e+25
2007-09-17,0.14407687578819994,0.0,0.14407687578819994,1.0,2,5.101750115563688e+25,5.07499346304416e+25
2007-09-18,0.18323691460043018,0.0,0.18323691460043018,1.0,2,6.036579065801966e+25,6.004919606829724e+25
2007-09-19,0.1524282049733876,0.0,0.1524282049733876,1.0,2,6.9567239769820885e+25,6.920238723508279e+25
2007-09-20,0.1498653758094733,0.0,0.1498653758094733,1.0,2,7.999296030195282e+25,7.957342900498117e+25
2007-09-21,0.1752090394284329,0.0,0.1752090394284329,1.0,2,9.400845003749474e+25,9.351541306497052e+25
2007-09-24,0.16458846265242383,0.0,0.16458846265242383,1.0,2,1.094811563055032e+26,1.0890697113564042e+26
2007-09-25,0.15522497894495813,0.0,0.15522497894495813,1.0,2,1.2647536648789458e+26,1.2581205343712935e+26
2007-09-26,0.16270964926402998,0.0,0.16270964926402998,1.0,2,1.4705412900967957e+26,1.4628288852507208e+26
2007-09-27,0.16877689904141602,0.0,0.16877689904141602,1.0,2,1.7187346889516964e+26,1.709720608331549e+26
2007-09-28,0.15055869070592798,0.0,0.15055869070592798,1.0,2,1.9775051333911243e+26,1.9671339045948896e+26
2007-10-01,0.24471482350198093,0.0005,0.24421482350198093,1.0,2,2.4614299530831946e+26,2.447537163910293e+26
2007-10-02,0.13410891555279747,0.0,0.13410891555279747,1.0,2,2.791529654800355e+26,2.775773718737472e+26
2007-10-03,0.1319280247143561,0.0,0.1319280247143561,1.0,2,3.159810648089714e+26,3.1419760625045293e+26
2007-10-04,0.15500514993580478,0.0,0.15500514993580478,1.0,2,3.649597571365612e+26,3.6289985331677535e+26
2007-10-05,0.16330318555063128,0.0,0.16330318555063128,1.0,2,4.245588480747464e+26,4.2216255539926156e+26
2007-10-08,0.1278597410160619,0.0,0.1278597410160619,1.0,2,4.78842832435661e+26,4.7614015039929e+26
2007-10-09,0.15308162691180827,0.0,0.15308162691180827,1.0,2,5.521448722599704e+26,5.4902845926044635e+26
2007-10-10,0.15400482228559909,0.0,0.15400482228559909,1.0,2,6.37177845188272e+26,6.335814895585877e+26
2007-10-11,0.15424027252698047,0.0,0.15424027252698047,1.0,2,7.354563296782653e+26,7.313052711761544e+26
2007-10-12,0.15236293600114392,0.0,0.15236293600114392,1.0,2,8.475126153686709e+26,8.42729089405666e+26
2007-10-15,0.1486318047864023,0.0,0.1486318047864023,1.0,2,9.734799449701605e+26,9.679854349100317e+26
2007-10-16,0.13020778675626365,0.0,0.13020778675626365,1.0,2,1.1002346140563345e+27,1.0940246760019663e+27
2007-10-17,0.16040874074910993,0.0,0.16040874074910993,1.0,2,1.276721863025694e+27,1.2695157966278947e+27
2007-10-18,0.14381204238766093,0.0,0.14381204238766093,1.0,2,1.4603298417083986e+27,1.4520874561843507e+27
2007-10-19,0.12175232129105373,0.0,0.12175232129105373,1.0,2,1.6381283897869932e+27,1.6288824746924166e+27
2007-10-22,0.12264433114572693,0.0,0.12264433114572693,1.0,2,1.8390355504832457e+27,1.8286556763160645e+27
2007-10-23,0.16656219978204595,0.0,0.16656219978204595,1.0,2,2.145349357249121e+27,2.133240588407193e+27
2007-10-24,0.13772849477648574,0.0,0.13772849477648574,1.0,2,2.4408250949927432e+27,2.4270486036446202e+27
2007-10-25,0.15788490243754005,0.0,0.15788490243754005,1.0,2,2.826194526982772e+27,2.8102429356422186e+27
2007-10-26,0.17892525392283304,0.0,0.17892525392283304,1.0,2,3.331872100358485e+27,3.3130663664868504e+27
2007-10-29,0.15324108236082284,0.0,0.15324108236082284,1.0,2,3.8424517873052473e+27,3.820764242420534e+27
2007-10-30,0.12456831159526482,0.0,0.12456831159526482,1.0,2,4.321099518836069e+27,4.2967103931024203e+27
2007-10-31,0.1612084834371431,0.0,0.1612084834371431,1.0,2,5.0176974190486e+27,4.989376559343072e+27
2007-11-01,0.11241482162069244,0.0,0.11241482162069244,1.0,2,5.581760979357557e+27,5.550256435260087e+27
2007-11-02,0.15885777463938644,0.0,0.15885777463938644,1.0,2,6.468467107107261e+27,6.431957821243439e+27
2007-11-05,0.11580969199687452,0.0,0.11580969199687452,1.0,2,7.217578290473267e+27,7.17684087545853e+27
2007-11-06,0.16758971505049008,0.0,0.16758971505049008,1.0,2,8.427170179528285e+27,8.379605592739335e+27
2007-11-07,0.13119445919894018,0.0,0.13119445919894018,1.0,2,9.532768213808935e+27,9.478963416779187e+27
2007-11-08,0.14508818625415776,0.0,0.14508818625415776,1.0,2,1.091586026393176e+28,1.0854249026489194e+28
2007-11-09,0.13358338612203374,0.0,0.13358338612203374,1.0,2,1.2374037840422721e+28,1.2304196365259407e+28
2007-11-12,0.09552157455431781,0.0,0.09552157455431781,1.0,2,1.355602541853461e+28,1.34795125756945e+28
2007-11-13,0.17280738052018801,0.0,0.17280738052018801,1.0,2,1.589860666137666e+28,1.5808871834589199e+28
2007-11-14,0.16212188302762887,0.0,0.16212188302762887,1.0,2,1.8476118710834646e+28,1.8371835904955243e+28
2007-11-15,0.11307286324287213,0.0,0.11307286324287213,1.0,2,2.0565266355083924e+28,2.0449191993756733e+28
2007-11-16,0.14074354565780567,0.0,0.14074354565780567,1.0,2,2.345969485929561e+28,2.332728378079527e+28
2007-11-19,0.11887369625476113,0.0,0.11887369625476113,1.0,2,2.6248435500228902e+28,2.6100284227402144e+28
2007-11-20,0.1630325583003689,0.0,0.1630325583003689,1.0,2,3.0527785091213444e+28,3.0355480337362282e+28
2007-11-21,0.11469150953662344,0.0,0.11469150953662344,1.0,2,3.402906284613434e+28,3.3836996199963652e+28
2007-11-23,0.1681876075246802,0.0,0.1681876075246802,1.0,2,3.975232951253266e+28,3.9527959636657234e+28
2007-11-26,0.13485180701295163,0.0,0.13485180701295163,1.0,2,4.511300298027197e+28,4.485837642119548e+28
2007-11-27,0.16616446598288687,0.0,0.16616446598288687,1.0,2,5.260918102937325e+28,5.231224458408275e+28
2007-11-28,0.16097934751291199,0.0,0.16097934751291199,1.0,2,6.107817266467042e+28,6.073343558416426e+28
2007-11-29,0.1227648460777021,0.0,0.1227648460777021,1.0,2,6.857642513055601e+28,6.818936645542423e+28
2007-11-30,0.1543386169528651,0.0,0.1543386169528651,1.0,2,7.916041574077772e+28,7.87136189650465e+28
2007-12-03,-0.04076978869704512,0.0005,-0.04126978869704512,1.0,2,7.593306231785597e+28,7.546512454277931e+28
2007-12-04,0.249118981751296,0.0,0.249118981751296,1.0,2,9.484942948373796e+28,9.426491952661122e+28
2007-12-05,0.26767152513621684,0.0,0.26767152513621684,1.0,2,1.2023792093195013e+29,1.1949695430314197e+29
2007-12-06,0.24581686436188638,0.0,0.24581686436188638,1.0,2,1.4979442963283452e+29,1.4887132091073596e+29
2007-12-07,0.24528605253493185,0.0,0.24528605253493185,1.0,2,1.8653691396919414e+29,1.8538737955259143e+29
2007-12-10,0.24880689685071172,0.0,0.24880689685071172,1.0,2,2.3294858468197752e+29,2.315130381743568e+29
2007-12-11,0.24760677274901804,0.0,0.24760677274901804,1.0,2,2.9062823195153333e+29,2.8883723440602952e+29
2007-12-12,0.262280102974501,0.0,0.262280102974501,1.0,2,3.668542345550786e+29,3.64593493988913e+29
2007-12-13,0.23732742730610856,0.0,0.23732742730610856,1.0,2,4.539188062383872e+29,4.511215299298469e+29
2007-12-14,0.23459952253236233,0.0,0.23459952253236233,1.0,2,5.604079414503727e+29,5.569544254554578e+29
2007-12-17,0.2318534724961825,0.0,0.2318534724961825,1.0,2,6.90340468690079e+29,6.86086243019422e+29
2007-12-18,0.2670225475329955,0.0,0.2670225475329955,1.0,2,8.746769393048259e+29,8.692867394578098e+29
2007-12-19,0.25977902803915487,0.0,0.25977902803915487,1.0,2,1.1018996644456965e+30,1.0951092037214858e+30
2007-12-20,0.25032843862438764,0.0,0.25032843862438764,1.0,2,1.3777364869671244e+30,1.3692461808122816e+30
2007-12-21,0.2582526434149187,0.0,0.2582526434149187,1.0,2,1.733540576655568e+30,1.7228576264928352e+30
2007-12-24,0.24696420282039094,0.0,0.24696420282039094,1.0,2,2.1616630432261113e+30,2.148341786792669e+30
2007-12-26,0.23657595703801737,0.0,0.23657595703801737,1.0,2,2.673060546471042e+30,2.6565878010479096e+30
2007-12-27,0.2419901979540512,0.0,0.2419901979540512,1.0,2,3.319914997254734e+30,3.299456008905811e+30
2007-12-28,0.24227498434278444,0.0,0.24227498434278444,1.0,2,4.1242473512339995e+30,4.0988316618031726e+30
2007-12-31,0.2396298162833555,0.0,0.2396298162833555,1.0,2,5.112539986317318e+30,5.081033939897468e+30
2008-01-02,0.42627906215430567,0.0005,0.42577906215430567,1.0,2,7.291908736911052e+30,7.244431805601208e+30
2008-01-03,0.14211998105712026,0.0,0.14211998105712026,1.0,2,8.3282346684711e+30,8.274010316582852e+30
2008-01-04,0.11172197709340276,0.0,0.11172197709340276,1.0,2,9.258681511330512e+30,9.1983991076427e+30
2008-01-07,0.13414126443179142,0.0,0.13414126443179142,1.0,2,1.0500652756231635e+31,1.0432283994690153e+31
2008-01-08,0.15135468738728497,0.0,0.15135468738728497,1.0,2,1.2089975771513506e+31,1.2011259077441856e+31
2008-01-09,0.14321718515541665,0.0,0.14321718515541665,1.0,2,1.3821468070106857e+31,1.3731477792685526e+31
2008-01-10,0.13990592707868282,0.0,0.13990592707868282,1.0,2,1.575517337404357e+31,1.565259292343154e+31
2008-01-11,0.11958798256674857,0.0,0.11958798256674857,1.0,2,1.7639302772834794e+31,1.752445493308328e+31
2008-01-14,0.14614087830988243,0.0,0.14614087830988243,1.0,2,2.0217125972830817e+31,2.0085494168906026e+31
2008-01-15,0.10306808302742465,0.0,0.10306808302742465,1.0,2,2.230086639117445e+31,2.2155667549553687e+31
2008-01-16,0.10497478838928415,0.0,0.10497478838928415,1.0,2,2.4641895121485684e+31,2.4481454062191417e+31
2008-01-17,0.12227580655662451,0.0,0.12227580655662451,1.0,2,2.7655002722549095e+31,2.7474943603324826e+31
2008-01-18,0.15386067610809734,0.0,0.15386067610809734,1.0,2,3.1910020139211774e+31,3.170225700216423e+31
2008-01-22,0.09189322258011245,0.0,0.09189322258011245,1.0,2,3.484233472240023e+31,3.4615479561156035e+31
2008-01-23,0.11093138058497592,0.0,0.11093138058497592,1.0,2,3.8707443015959926e+31,3.845542249848609e+31
2008-01-24,0.14210145350547881,0.0,0.14210145350547881,1.0,2,4.420782693000832e+31,4.391999393068825e+31
2008-01-25,0.13467789981417055,0.0,0.13467789981417055,1.0,2,5.016164421629018e+31,4.983504647312447e+31
2008-01-28,0.14687974088384903,0.0,0.14687974088384903,1.0,2,5.752937352108671e+31,5.715480518603158e+31
2008-01-29,0.13320567702481756,0.0,0.13320567702481756,1.0,2,6.519261266977668e+31,6.476814970605846e+31
2008-01-30,0.12265554059805067,0.0,0.12265554059805067,1.0,2,7.318884781978747e+31,7.271232212179055e+31
2008-01-31,0.12926494075650502,0.0,0.12926494075650502,1.0,2,8.264959989724915e+31,8.211147613313171e+31
2008-02-01,0.21751089172025811,0.0005,0.21701089172025811,0.5,2,1.0062678807122237e+32,9.993056078924933e+31
2008-02-04,0.026516755911205114,0.0,0.026516755911205114,0.5,2,1.0329508404863555e+32,1.025803950777677e+32
2008-02-05,0.019761481877589693,0.0,0.019761481877589693,0.5,2,1.0533634798010677e+32,1.04607535696093e+32
2008-02-06,0.03570045948127387,0.0,0.03570045948127387,0.5,2,1.0909690400307592e+32,1.0834207278564726e+32
2008-02-07,0.03277067564251196,0.0,0.03277067564251196,0.5,2,1.1267208325776298e+32,1.1189251571134313e+32
2008-02-08,0.03439559209376464,0.0,0.03439559209376464,0.5,2,1.1654750627385168e+32,1.1574112504009564e+32
2008-02-11,0.029748226244595,0.0,0.029748226244595,0.5,2,1.2001458785872958e+32,1.1918421821359236e+32
2008-02-12,0.01671713526103069,0.0,0.01671713526103069,0.5,2,1.2202088795726081e+32,1.2117663691044919e+32
2008-02-13,0.028722964244623006,0.0,0.028722964244623006,0.5,2,1.2552568955915435e+32,1.2465718911971168e+32
2008-02-14,0.029550408050685095,0.0,0.029550408050685095,0.5,2,1.29235024906471e+32,1.283408599246506e+32
2008-02-15,0.024874050179102214,0.0,0.024874050179102214,0.5,2,1.324496234008921e+32,1.3153321691444548e+32
2008-02-19,0.041537288165359565,0.0,0.041537288165359565,0.5,2,1.379512215754883e+32,1.3699675004873755e+32
2008-02-20,0.03689901411801477,0.0,0.03689901411801477,0.5,2,1.4304148564799964e+32,1.4205179506290806e+32
2008-02-21,0.028509392945442358,0.0,0.028509392945442358,0.5,2,1.4711951156983831e+32,1.4610160550696195e+32
2008-02-22,0.0285515943784046,0.0,0.0285515943784046,0.5,2,1.5132000818932932e+32,1.5027303928543039e+32
2008-02-25,0.02421527752500513,0.0,0.02421527752500513,0.5,2,1.5498426418271997e+32,1.5391194263625308e+32
2008-02-26,0.03362031297849716,0.0,0.03362031297849716,0.5,2,1.601948836512851e+32,1.590865103188124e+32
2008-02-27,0.03353045740815458,0.0,0.03353045740815458,0.5,2,1.6556629137455877e+32,1.644207537772693e+32
2008-02-28,0.034380157005797995,0.0,0.034380157005797995,0.5,2,1.712584864668838e+32,1.7007356510714344e+32
2008-02-29,0.029084248668402313,0.0,0.029084248668402313,0.5,2,1.7623941087386087e+32,1.7502002696664133e+32
2008-03-03,0.033216894279420095,0.0,0.033216894279420095,0.5,2,1.820935367527252e+32,1.8083364869917353e+32
2008-03-04,0.01681307904610385,0.0,0.01681307904610385,0.5,2,1.8515508977993337e+32,1.8387401912894813e+32
2008-03-05,0.04073104572923053,0.0,0.04073104572923053,0.5,2,1.9269665020875963e+32,1.913634002105067e+32
2008-03-06,0.02156996203617567,0.0,0.02156996203617567,0.5,2,1.9685310963826078e+32,1.954911014881608e+32
2008-03-07,0.025485166440855078,0.0,0.025485166440855078,0.5,2,2.0186994390179176e+32,2.0047322474729266e+32
2008-03-10,0.02646245712919637,0.0,0.02646245712919637,0.5,2,2.0721191863796616e+32,2.0577823886271963e+32
2008-03-11,0.028199679153772694,0.0,0.028199679153772694,0.5,2,2.1305522826039444e+32,2.1158111917547673e+32
2008-03-12,0.03294079246623305,0.0,0.03294079246623305,0.5,2,2.20073436318366e+32,2.1855076891200945e+32
2008-03-13,0.03433657427428227,0.0,0.03433657427428227,0.5,2,2.2763000421030812e+32,2.2605505362145817e+32
2008-03-14,0.029964818201883403,0.0,0.029964818201883403,0.5,2,2.3445089590376397e+32,2.328287522068422e+32
2008-03-17,0.02970094224375358,0.0,0.02970094224375358,0.5,2,2.4141430842199794e+32,2.3974398552882283e+32
2008-03-18,0.017485981053176003,0.0,0.017485981053176003,0.5,2,2.4563567444503058e+32,2.4393614431739272e+32
2008-03-19,0.009645129931128094,0.0,0.009645129931128094,0.5,2,2.4800486244077314e+32,2.4628894012423235e+32
2008-03-20,0.010536140657920412,0.0,0.010536140657920412,0.5,2,2.5061787655529738e+32,2.4888387503987143e+32
2008-03-24,0.02834393642112698,0.0,0.02834393642112698,0.5,2,2.5772137371437856e+32,2.5593822377024523e+32
2008-03-25,0.0417506957526807,0.0,0.0417506957526807,0.5,2,2.684814203772905e+32,2.6662382268235826e+32
2008-03-26,0.03356808849790899,0.0,0.03356808849790899,0.5,2,2.774938284565597e+32,2.7557387475781045e+32
2008-03-27,0.025828236561113105,0.0,0.025828236561113105,0.5,2,2.8466100470218466e+32,2.8269146198511774e+32
2008-03-28,0.018802523637117763,0.0,0.018802523637117763,0.5,2,2.9001334997166315e+32,2.8800677488110425e+32
2008-03-31,0.02027848283576783,0.0,0.02027848283576783,0.5,2,2.9589438071120706e+32,2.9384711532211556e+32
2008-04-01,-0.17034724188711253,0.0005,-0.17084724188711253,0.5,2,2.4548958906715768e+32,2.4364414613284783e+32
2008-04-02,0.1258096688510958,0.0,0.1258096688510958,0.5,2,2.7637455297408835e+32,2.742969354753294e+32
2008-04-03,0.1298300009085399,0.0,0.1298300009085399,0.5,2,3.1225626143781158e+32,3.0990890685730115e+32
2008-04-04,0.13330977950436923,0.0,0.13330977950436923,0.5,2,3.538830747989449e+32,3.512227948968881e+32
2008-04-07,0.12337446531411,0.0,0.12337446531411,0.5,2,3.975432099359779e+32,3.94554719423419e+32
2008-04-08,0.12996948922334345,0.0,0.12996948922334345,0.5,2,4.4921169787556534e+32,4.4583479477754036e+32
2008-04-09,0.13081697043706436,0.0,0.13081697043706436,0.5,2,5.0797621127653666e+32,5.041575519457685e+32
2008-04-10,0.12697644296748123,0.0,0.12697644296748123,0.5,2,5.72477223696529e+32,5.681736845870354e+32
2008-04-11,0.13155631581356547,0.0,0.13155631581356547,0.5,2,6.477902181332228e+32,6.429205212735246e+32
2008-04-14,0.12765906279940425,0.0,0.12765906279940425,0.5,2,7.304865102707317e+32,7.249951524738073e+32
2008-04-15,0.1254252460464499,0.0,0.1254252460464499,0.5,2,8.221079605550506e+32,8.159278478553179e+32
2008-04-16,0.12546400294559745,0.0,0.12546400294559745,0.5,2,9.252529161397288e+32,9.182974217620326e+32
2008-04-17,0.12729029056815527,0.0,0.12729029056815527,0.5,2,1.0430286286841878e+33,1.0351877674061095e+33
2008-04-18,0.12484261980251393,0.0,0.12484261980251393,0.5,2,1.1732430552181453e+33,1.1644233202766036e+33
2008-04-21,0.127937041867572,0.0,0.127937041867572,0.5,2,1.3233443010944274e+33,1.3133961953544087e+33
2008-04-22,0.12817069436861633,0.0,0.12817069436861633,0.5,2,1.4929582590544515e+33,1.481735097694082e+33
2008-04-23,0.12771605957451976,0.0,0.12771605957451976,0.5,2,1.683633005010121e+33,1.6709764657048362e+33
2008-04-24,0.12272962698824291,0.0,0.12272962698824291,0.5,2,1.8902646557001075e+33,1.8760547840469233e+33
2008-04-25,0.12672321218131777,0.0,0.12672321218131777,0.5,2,2.1298050647432377e+33,2.113794472509478e+33
2008-04-28,0.12814938155027272,0.0,0.12814938155027272,0.5,2,2.4027382666127224e+33,2.3846759268859526e+33
2008-04-29,0.13034053960796793,0.0,0.13034053960796793,0.5,2,2.715912468819738e+33,2.6954958739863986e+33
2008-04-30,0.12830810874327286,0.0,0.12830810874327286,0.5,2,3.064386061206272e+33,3.041349851702889e+33
2008-05-01,0.2157652953012324,0.001,0.2147652953012324,1.0,2,3.7255742246194234e+33,3.694526250718219e+33
2008-05-02,0.1397977801484827,0.0,0.1397977801484827,1.0,2,4.246401230999623e+33,4.211012819268923e+33
2008-05-05,0.143081346351765,0.0,0.143081346351765,1.0,2,4.853982036280842e+33,4.813530202954462e+33
2008-05-06,0.1340118586512722,0.0,0.1340118586512722,1.0,2,5.504473190822724e+33,5.458600332126425e+33
2008-05-07,0.11787340284944181,0.0,0.11787340284944181,1.0,2,6.153304176718522e+33,6.10202412806926e+33
2008-05-08,0.14260751369302377,0.0,0.14260751369302377,1.0,2,7.03081158635725e+33,6.972218617468058e+33
2008-05-09,0.12720201651002266,0.0,0.12720201651002266,1.0,2,7.925144997843924e+33,7.859098885158718e+33
2008-05-12,0.12996707138401836,0.0,0.12996707138401836,1.0,2,8.955152883507402e+33,8.8805229509802e+33
2008-05-13,0.12544152489810884,0.0,0.12544152489810884,1.0,2,1.0078500916910268e+34,9.994509291843811e+33
2008-05-14,0.13349011168175678,0.0,0.13349011168175678,1.0,2,1.142388112989331e+34,1.1328677453416397e+34
2008-05-15,0.15177744309265634,0.0,0.15177744309265634,1.0,2,1.3157768597982962e+34,1.3048115150917365e+34
2008-05-16,0.14990225924891543,0.0,0.14990225924891543,1.0,2,1.5130147837495043e+34,1.500405709097988e+34
2008-05-19,0.13629512052094162,0.0,0.13629512052094162,1.0,2,1.7192313160506095e+34,1.7049036860498073e+34
2008-05-20,0.12478910623014622,0.0,0.12478910623014622,1.0,2,1.9337726553834431e+34,1.9176570932404448e+34
2008-05-21,0.14296421980114454,0.0,0.14296421980114454,1.0,2,2.2102329543331247e+34,2.1918134434216955e+34
2008-05-22,0.13228210008852415,0.0,0.13228210008852415,1.0,2,2.5026072112171733e+34,2.481751128719777e+34
2008-05-23,0.11586214895798758,0.0,0.11586214895798758,1.0,2,2.7925646607065513e+34,2.7692921476721616e+34
2008-05-27,0.1244729534475792,0.0,0.1244729534475792,1.0,2,3.1401634317180327e+34,3.1139941202521056e+34
2008-05-28,0.12895210334394813,0.0,0.12895210334394813,1.0,2,3.545094111081823e+34,3.5155502118593014e+34
2008-05-29,0.11966429643170828,0.0,0.11966429643170828,1.0,2,3.9693153036686213e+34,3.936236054531788e+34
2008-05-30,0.1359101616971437,0.0,0.1359101616971437,1.0,2,4.508785588417171e+34,4.47121053318133e+34
2008-06-02,0.1356955140741764,0.0,0.1356955140741764,1.0,2,5.120607566687677e+34,5.077933745015244e+34
2008-06-03,0.1203002280561169,0.0,0.1203002280561169,1.0,2,5.736617824746083e+34,5.68881033259443e+34
2008-06-04,0.12320266137560798,0.0,0.12320266137560798,1.0,2,6.443384408049553e+34,6.389686905631122e+34
2008-06-05,0.14434308625569953,0.0,0.14434308625569953,1.0,2,7.373442399439279e+34,7.311994033797549e+34
2008-06-06,0.12985340448586152,0.0,0.12985340448586152,1.0,2,8.33090899778687e+34,8.2614813526664685e+34
2008-06-09,0.12401323121500701,0.0,0.12401323121500701,1.0,2,9.364051941560594e+34,9.286014349833165e+34
2008-06-10,0.1030666479641682,0.0,0.1030666479641682,1.0,2,1.0329173386539606e+35,1.0243092721817634e+35
2008-06-11,0.13921421620641833,0.0,0.13921421620641833,1.0,2,1.1767141163606913e+35,1.1669076846615144e+35
2008-06-12,0.12490097265306488,0.0,0.12490097265306488,1.0,2,1.3236868540287336e+35,1.3126555894720736e+35
2008-06-13,0.13030281224525542,0.0,0.13030281224525542,1.0,2,1.4961669736407526e+35,1.4836983042897382e+35
2008-06-16,0.13977549483359825,0.0,0.13977549483359825,1.0,2,1.705294452735076e+35,1.691082968955607e+35
2008-06-17,0.12990701120039228,0.0,0.12990701120039228,1.0,2,1.9268241583064985e+35,1.9107665031445157e+35
2008-06-18,0.142914507244994,0.0,0.142914507244994,1.0,2,2.202195283438622e+35,2.1838427564016544e+35
2008-06-19,0.12189163653417873,0.0,0.12189163653417873,1.0,2,2.470624470504805e+35,2.4500349239127637e+35
2008-06-20,0.12015562336348834,0.0,0.12015562336348834,1.0,2,2.7674838938553983e+35,2.744420397457819e+35
2008-06-23,0.12559280682999535,0.0,0.12559280682999535,1.0,2,3.1150599639415028e+35,3.089099858296038e+35
2008-06-24,0.12848509712166517,0.0,0.12848509712166517,1.0,2,3.5152987459483375e+35,3.4860031536077266e+35
2008-06-25,0.13799548686209973,0.0,0.13799548686209973,1.0,2,4.000394107861206e+35,3.96705585599264e+35
2008-06-26,0.13527605654016556,0.0,0.13527605654016556,1.0,2,4.541551647379184e+35,4.5037035282658954e+35
2008-06-27,0.14242252405417838,0.0,0.14242252405417838,1.0,2,5.188370896121339e+35,5.145132352353233e+35
2008-06-30,0.13332811367277891,0.0,0.13332811367277891,1.0,2,5.880126600735942e+35,5.831123143489277e+35
2008-07-01,0.214132018546681,0.0005,0.213632018546681,0.5,2,7.139249979061564e+35,7.076837751027159e+35
2008-07-02,0.029220268352448175,0.0,0.029220268352448175,0.5,2,7.347860779284954e+35,7.28362484919891e+35
2008-07-03,0.02048526390979044,0.0,0.02048526390979044,0.5,2,7.498383646521004e+35,7.432831826454656e+35
2008-07-07,0.0218627717110233,0.0,0.0218627717110233,0.5,2,7.662319096386564e+35,7.595334131842863e+35
2008-07-08,0.0242597525773382,0.0,0.0242597525773382,0.5,2,7.848205061833516e+35,7.779595058623583e+35
2008-07-09,0.030208112129508913,0.0,0.030208112129508913,0.5,2,8.085284520356762e+35,8.014601938476657e+35
2008-07-10,0.037777364611396635,0.0,0.037777364611396635,0.5,2,8.39072526166916e+35,8.317372478121696e+35
2008-07-11,0.03546162257564622,0.0,0.03546162257564622,0.5,2,8.688273994034413e+35,8.612320001761915e+35
2008-07-14,0.030241194489006362,0.0,0.030241194489006362,0.5,2,8.951017777661784e+35,8.872766845936757e+35
2008-07-15,0.02790329823998161,0.0,0.02790329823998161,0.5,2,9.200780696263258e+35,9.120346305452752e+35
2008-07-16,0.01755075806002232,0.0,0.01755075806002232,0.5,2,9.362261372226698e+35,9.280415296883372e+35
2008-07-17,0.0245834105169897,0.0,0.0245834105169897,0.5,2,9.592417686907502e+35,9.508559555894808e+35
2008-07-18,0.026854447489043365,0.0,0.026854447489043365,0.5,2,9.85001676397353e+35,9.763906669185026e+35
2008-07-21,0.03113444639758406,0.0,0.03113444639758406,0.5,2,1.0156691582926768e+36,1.006790049800778e+36
2008-07-22,0.016084547941043692,0.0,0.016084547941043692,0.5,2,1.0320057375614748e+36,1.0229838126233642e+36
2008-07-23,0.013091983749036529,0.0,0.013091983749036529,0.5,2,1.0455167399065423e+36,1.0363767000737569e+36
2008-07-24,0.03049960817070091,0.0,0.03049960817070091,0.5,2,1.0774045908096005e+36,1.0679857833432505e+36
2008-07-25,0.02851754408532109,0.0,0.02851754408532109,0.5,2,1.1081295237257407e+36,1.0984421150022378e+36
2008-07-28,0.026622287970164082,0.0,0.026622287970164082,0.5,2,1.1376304670146081e+36,1.1276851573063836e+36
2008-07-29,0.020165024230244355,0.0,0.020165024230244355,0.5,2,1.160570812947022e+36,1.1504249558275539e+36
2008-07-30,0.020650156844039758,0.0,0.020650156844039758,0.5,2,1.1845367822629928e+36,1.1741814116026905e+36
2008-07-31,0.029566410628601603,0.0,0.029566410628601603,0.5,2,1.2195592831720629e+36,1.2088977413706066e+36
2008-08-01,-0.15149272994781698,0.0005,-0.15199272994781698,0.5,2,1.0348049180311243e+36,1.0251540734319381e+36
2008-08-04,0.1201289449332768,0.0,0.1201289449332768,0.5,2,1.1591149410459692e+36,1.1483047506673677e+36
2008-08-05,0.1190438875106209,0.0,0.1190438875106209,0.5,2,1.2971004896997257e+36,1.2850034122337256e+36
2008-08-06,0.1208096735014651,0.0,0.1208096735014651,0.5,2,1.45380277635894e+36,1.4402442549139507e+36
2008-08-07,0.1261471690759421,0.0,0.1261471690759421,0.5,2,1.6371958809913654e+36,1.621926990449235e+36
2008-08-08,0.12119339129387052,0.0,0.12119339129387052,0.5,2,1.8356132020210652e+36,1.818493822852839e+36
2008-08-11,0.11872341440562512,0.0,0.11872341440562512,0.5,2,2.0535434688930485e+36,2.034391618577466e+36
2008-08-12,0.12458148344879011,0.0,0.12458148344879011,0.5,2,2.309376960574319e+36,2.287839144335632e+36
2008-08-13,0.12138044395668329,0.0,0.12138044395668329,0.5,2,2.5896901613121655e+36,2.5655380753765692e+36
2008-08-14,0.12313956901925205,0.0,0.12313956901925205,0.5,2,2.908583491669543e+36,2.8814573282809216e+36
2008-08-15,0.12372461464943735,0.0,0.12372461464943735,0.5,2,3.2684468633520714e+36,3.2379645258512754e+36
2008-08-18,0.12151464586969585,0.0,0.12151464586969585,0.5,2,3.6656110264962165e+36,3.631424638548731e+36
2008-08-19,0.1213979472547494,0.0,0.1213979472547494,0.5,2,4.110608680547232e+36,4.072272135278867e+36
2008-08-20,0.12256991946731438,0.0,0.12256991946731438,0.5,2,4.61444565548355e+36,4.571410202948986e+36
2008-08-21,0.12056873195972989,0.0,0.12056873195972989,0.5,2,5.170803516862286e+36,5.1225793343863174e+36
2008-08-22,0.11926234348968145,0.0,0.11926234348968145,0.5,2,5.78748566200797e+36,5.733510150517043e+36
2008-08-25,0.12549700772240213,0.0,0.12549700772240213,0.5,2,6.513797794826275e+36,6.45304851815295e+36
2008-08-26,0.12072002266242071,0.0,0.12072002266242071,0.5,2,7.30014361223613e+36,7.232060681506075e+36
2008-08-27,0.11945844852193882,0.0,0.11945844852193882,0.5,2,8.172207442141199e+36,8.095991430135307e+36
2008-08-28,0.11925967889805483,0.0,0.11925967889805483,0.5,2,9.146822277579253e+36,9.061516768454648e+36
2008-08-29,0.11945500537879106,0.0,0.11945500537879106,0.5,2,1.0239455981946329e+37,1.0143960302770404e+37
2008-09-02,0.10687346798190145,0.0005,0.10637346798190145,1.0,2,1.133378215298496e+37,1.1223008539246832e+37
2008-09-03,0.1252322959279737,0.0,0.1252322959279737,1.0,2,1.2753137713550758e+37,1.2628491665835967e+37
2008-09-04,0.1115445998573259,0.0,0.1115445998573259,1.0,2,1.417568135673415e+37,1.4037131715503216e+37
2008-09-05,0.12202148001424562,0.0,0.12202148001424562,1.0,2,1.59054189760932e+37,1.5749963302583826e+37
2008-09-08,0.13368563566437708,0.0,0.13368563566437708,1.0,2,1.8031745022420465e+37,1.7855507158380356e+37
2008-09-09,0.11791628555774347,0.0,0.11791628555774347,1.0,2,2.0157981417588613e+37,1.9960962239246265e+37
2008-09-10,0.12645082359497634,0.0,0.12645082359497634,1.0,2,2.270697476985492e+37,2.248504235414718e+37
2008-09-11,0.12353772339259605,0.0,0.12353772339259605,1.0,2,2.551214273805592e+37,2.526279329696462e+37
2008-09-12,0.12219735144871952,0.0,0.12219735144871952,1.0,2,2.8629659010428037e+37,2.834983972805016e+37
2008-09-15,0.11152084878529162,0.0,0.11152084878529162,1.0,2,3.1822462883704443e+37,3.15114379174493e+37
2008-09-16,0.13622704168293454,0.0,0.13622704168293454,1.0,2,3.6157542861416483e+37,3.580414788411887e+37
2008-09-17,0.10786997969635709,0.0,0.10786997969635709,1.0,2,4.005785627574764e+37,3.966634058942414e+37
2008-09-18,0.14591989416522416,0.0,0.14591989416522416,1.0,2,4.59030944239905e+37,4.545444881015465e+37
2008-09-19,0.15308005934404878,0.0,0.15308005934404878,1.0,2,5.292994284249044e+37,5.241261853146415e+37
2008-09-22,0.1048804146516309,0.0,0.1048804146516309,1.0,2,5.848125719529796e+37,5.790967569602187e+37
2008-09-23,0.11915460213484858,0.0,0.11915460213484858,1.0,2,6.544956812874945e+37,6.480988006333947e+37
2008-09-24,0.12044780579964881,0.0,0.12044780579964881,1.0,2,7.333282500039194e+37,7.261608791110711e+37
2008-09-25,0.12380003348272206,0.0,0.12380003348272206,1.0,2,8.241143119082306e+37,8.160596202588646e+37
2008-09-26,0.12117440981824845,0.0,0.12117440981824845,1.0,2,9.239758772764824e+37,9.149451631202365e+37
2008-09-29,0.09412768492872264,0.0,0.09412768492872264,1.0,2,1.0109475875345034e+38,1.0010668331614769e+38
2008-09-30,0.1401496555444997,0.0,0.1401496555444997,1.0,2,1.152631543701007e+38,1.1413660050060809e+38
2008-10-01,0.12378308355209894,0.0005,0.12328308355209894,0.5,2,1.2953078303797335e+38,1.2820771255647707e+38
2008-10-02,0.11970715047606822,0.0,0.11970715047606822,0.5,2,1.4503654397438298e+38,1.4355509249566777e+38
2008-10-03,0.11874594585218917,0.0,0.11874594585218917,0.5,2,1.622590455717537e+38,1.6060167773596433e+38
2008-10-06,0.1233804176339231,0.0,0.1233804176339231,0.5,2,1.8227863437927844e+38,1.8041677980773634e+38
2008-10-07,0.1151025223379879,0.0,0.1151025223379879,0.5,2,2.0325936496465725e+38,2.0118320623570414e+38
2008-10-08,0.11431103210678789,0.0,0.11431103210678789,0.5,2,2.264941527591375e+38,2.2418066618306025e+38
2008-10-09,0.11004740888543968,0.0,0.11004740888543968,0.5,2,2.5141924739798356e+38,2.4885116761871776e+38
2008-10-10,0.11258908594447065,0.0,0.11258908594447065,0.5,2,2.797263106513693e+38,2.7686909311712345e+38
2008-10-13,0.11131575350028411,0.0,0.11131575350028411,0.5,2,3.1086425569538104e+38,3.0768898483839643e+38
2008-10-14,0.11612633168666547,0.0,0.11612633168666547,0.5,2,3.4696378136179125e+38,3.434197779480734e+38
2008-10-15,0.11993136959576683,0.0,0.11993136959576683,0.5,2,3.885756228606371e+38,3.8460658226366005e+38
2008-10-16,0.11611285584765851,0.0,0.11611285584765851,0.5,2,4.336942481437684e+38,4.29264350908101e+38
2008-10-17,0.1211597163735808,0.0,0.1211597163735808,0.5,2,4.862405202417208e+38,4.8127389791341584e+38
2008-10-20,0.11637506738733483,0.0,0.11637506738733483,0.5,2,5.428267935513038e+38,5.37282180214855e+38
2008-10-21,0.12354707343276528,0.0,0.12354707343276528,0.5,2,6.098914552754593e+38,6.0366182118797585e+38
2008-10-22,0.1199778711973471,0.0,0.1199778711973471,0.5,2,6.83064933740861e+38,6.7608788141722284e+38
2008-10-23,0.11959893073516731,0.0,0.11959893073516731,0.5,2,7.647587694389558e+38,7.569472691177273e+38
2008-10-24,0.11835463367867738,0.0,0.11835463367867738,0.5,2,8.552715134484595e+38,8.46535485868231e+38
2008-10-27,0.11848195933330269,0.0,0.11848195933330269,0.5,2,9.56605758123792e+38,9.468346688790683e+38
2008-10-28,0.11258005497833456,0.0,0.11258005497833456,0.5,2,1.06430048696596e+39,1.0534293679568671e+39
2008-10-29,0.11765731661990864,0.0,0.11765731661990864,0.5,2,1.189523226339637e+39,1.1773730406392785e+39
2008-10-30,0.11192577280811888,0.0,0.11192577280811888,0.5,2,1.3226615327209078e+39,1.3091514280962744e+39
2008-10-31,0.11806420964816328,0.0,0.11806420964816328,0.5,2,1.47882052121363e+39,1.4637153567642252e+39
2008-11-03,0.11687883915688196,0.0,0.11687883915688196,0.5,2,1.651663347054454e+39,1.6347927085189294e+39
2008-11-04,0.11973903268998037,0.0,0.11973903268998037,0.5,2,1.8494319185602497e+39,1.8305412060856188e+39
2008-11-05,0.11759861841066749,0.0,0.11759861841066749,0.5,2,2.066922557027525e+39,2.0458103228650843e+39
2008-11-06,0.11296942096998241,0.0,0.11296942096998241,0.5,2,2.3004216014847202e+39,2.2769243304535658e+39
2008-11-07,0.11323684948537094,0.0,0.11323684948537094,0.5,2,2.5609140961249417e+39,2.5347560681507154e+39
2008-11-10,0.11505262704392061,0.0,0.11505262704392061,0.5,2,2.855553990517924e+39,2.8263864127069743e+39
2008-11-11,0.11656436893169447,0.0,0.11656436893169447,0.5,2,3.1884098393730275e+39,3.1558423612612784e+39
2008-11-12,0.11872352152660132,0.0,0.11872352152660132,0.5,2,3.566949083573459e+39,3.5305150797730423e+39
2008-11-13,0.11257886194189182,0.0,0.11257886194189182,0.5,2,3.968512152006833e+39,3.927976449522578e+39
2008-11-14,0.1226405343913648,0.0,0.1226405343913648,0.5,2,4.455212603067576e+39,4.409705580368723e+39
2008-11-17,0.11710075846116635,0.0,0.11710075846116635,0.5,2,4.976921377992536e+39,4.926085448420338e+39
2008-11-18,0.1194766494631439,0.0,0.1194766494631439,0.5,2,5.571547268876577e+39,5.514637632766748e+39
2008-11-19,0.12099311846455851,0.0,0.12099311846455851,0.5,2,6.245666147610648e+39,6.181870837157208e+39
2008-11-20,0.12839041118465372,0.0,0.12839041118465372,0.5,2,7.04754979242445e+39,6.97556377583024e+39
2008-11-21,0.10777130978707011,0.0,0.10777130978707011,0.5,2,7.807073464343627e+39,7.727329420454706e+39
2008-11-24,0.11101630200116225,0.0,0.11101630200116225,0.5,2,8.673785889806459e+39,8.585188957058372e+39
2008-11-25,0.1269091912662838,0.0,0.1269091912662838,0.5,2,9.774569042298702e+39,9.674728344466881e+39
2008-11-26,0.11831343788607046,0.0,0.11831343788607046,0.5,2,1.0931031909547816e+40,1.0819378715514568e+40
2008-11-28,0.11443291588970644,0.0,0.11443291588970644,0.5,2,1.2181901764640798e+40,1.2057471770045926e+40
2008-12-01,0.12483338870285937,0.0,0.12483338870285937,0.5,2,1.3702609842766251e+40,1.3562646830289824e+40
2008-12-02,0.11582793063830044,0.0,0.11582793063830044,0.5,2,1.5289754785197875e+40,1.5133580146620401e+40
2008-12-03,0.1135591425465492,0.0,0.1135591425465492,0.5,2,1.7026046228351942e+40,1.6852136531730093e+40
2008-12-04,0.11675363188247662,0.0,0.11675363188247662,0.5,2,1.9013898962110976e+40,1.8819684676788945e+40
2008-12-05,0.10940900927300956,0.0,0.10940900927300956,0.5,2,2.1094190809972643e+40,2.0878727732106862e+40
2008-12-08,0.11269546887466336,0.0,0.11269546887466336,0.5,2,2.3471410533834123e+40,2.323166574338308e+40
2008-12-09,0.11765297645512501,0.0,0.11765297645512501,0.5,2,2.623289184473988e+40,2.5964940366102664e+40
2008-12-10,0.11164725765886713,0.0,0.11164725765886713,0.5,2,2.9161722279666754e+40,2.886385475325405e+40
2008-12-11,0.11606189110861104,0.0,0.11606189110861104,0.5,2,3.2546286915428993e+40,3.221384832060099e+40
2008-12-12,0.11512462284072178,0.0,0.11512462284072178,0.5,2,3.629316592143368e+40,3.59224554587584e+40
2008-12-15,0.11500789107349257,0.0,0.11500789107349257,0.5,2,4.046716639443812e+40,4.005382130325168e+40
2008-12-16,0.12645246344327304,0.0,0.12645246344327304,0.5,2,4.558433927358366e+40,4.511872567736451e+40
2008-12-17,0.12138507764404338,0.0,0.12138507764404338,0.5,2,5.111759783566002e+40,5.059546569691169e+40
2008-12-18,0.11943159542890608,0.0,0.11943159542890608,0.5,2,5.722265409966609e+40,5.663816288656234e+40
2008-12-19,0.11167748693763485,0.0,0.11167748693763485,0.5,2,6.361313630541835e+40,6.296337058249805e+40
2008-12-22,0.11405845333864434,0.0,0.11405845333864434,0.5,2,7.086875224443473e+40,7.014487524812567e+40
2008-12-23,0.11263094286940928,0.0,0.11263094286940928,0.5,2,7.885076662970398e+40,7.804535868477915e+40
2008-12-24,0.11420674204436615,0.0,0.11420674204436615,0.5,2,8.785605579418309e+40,8.6958664831851755e+40
2008-12-26,0.11727667433842909,0.0,0.11727667433842909,0.5,2,9.815952183821635e+40,9.715688784824143e+40
2008-12-29,0.11188113424078311,0.0,0.11188113424078311,0.5,2,1.0914172047800891e+41,1.0802691066000724e+41
2008-12-30,0.11358788457083818,0.0,0.11358788457083818,0.5,2,1.2153889762552769e+41,1.202974589186004e+41
2008-12-31,0.106313366344372,0.0,0.106313366344372,0.5,2,1.3446010697388154e+41,1.330866867389106e+41
2009-01-02,0.10900091730330635,0.0,0.10900091730330635,0.5,2,1.4911638197473534e+41,1.4759325767430964e+41
2009-01-05,0.11031351631906655,0.0,0.11031351631906655,0.5,2,1.6556593441114545e+41,1.6387478891334878e+41
2009-01-06,0.10888887601995939,0.0,0.10888887601995939,0.5,2,1.835942229163694e+41,1.817189304861314e+41
2009-01-07,0.11226611279852083,0.0,0.11226611279852083,0.5,2,2.0420563265545528e+41,2.0211980843371397e+41
2009-01-08,0.11289216141092429,0.0,0.11289216141092429,0.5,2,2.272588478982148e+41,2.249375504717579e+41
2009-01-09,0.11339265498397633,0.0,0.11339265498397633,0.5,2,2.5302833202999304e+41,2.504438165253427e+41
2009-01-12,0.11309339117987505,0.0,0.11309339117987505,0.5,2,2.8164416416385234e+41,2.7876735703622413e+41
2009-01-13,0.11211773299400152,0.0,0.11211773299400152,0.5,2,3.1322146936089387e+41,3.10022121139855e+41
2009-01-14,0.11610199525994858,0.0,0.11610199525994858,0.5,2,3.495871069119465e+41,3.460163079789137e+41
2009-01-15,0.11243926527242254,0.0,0.11243926527242254,0.5,2,3.888944243618376e+41,3.84922127420339e+41
2009-01-16,0.10338983166464266,0.0,0.10338983166464266,0.5,2,4.291021534319261e+41,4.24719161378324e+41
2009-01-20,0.10659448146368661,0.0,0.10659448146368661,0.5,2,4.748420749719535e+41,4.699918801531383e+41
2009-01-21,0.10748164192919984,0.0,0.10748164192919984,0.5,2,5.2587888084700735e+41,5.205073791253893e+41
2009-01-22,0.10937615457880584,0.0,0.10937615457880584,0.5,2,5.833974906082591e+41,5.77438474684017e+41
2009-01-23,0.1104799819108635,0.0,0.1104799819108635,0.5,2,6.478512348175027e+41,6.412338669217438e+41
2009-01-26,0.10974512696832228,0.0,0.10974512696832228,0.5,2,7.18949750839134e+41,7.116061590634588e+41
2009-01-27,0.11397922990564646,0.0,0.11397922990564646,0.5,2,8.008950897806349e+41,7.927144810696269e+41
2009-01-28,0.1106738601648648,0.0,0.1106738601648648,0.5,2,8.895332409537439e+41,8.804472526981903e+41
2009-01-29,0.10584762840273398,0.0,0.10584762840273398,0.5,2,9.836882248940955e+41,9.736405063299963e+41
2009-01-30,0.11372116439853952,0.0,0.11372116439853952,0.5,2,1.0955543952341846e+42,1.0843640384154273e+42
2009-02-02,0.11556908078336187,0.0,0.11556908078336187,0.5,2,1.2221666096395712e+42,1.2096829935696322e+42
2009-02-03,0.1061039188196114,0.0,0.1061039188196114,0.5,2,1.351843276372808e+42,1.3380350997168088e+42
2009-02-04,0.10855392969561711,0.0,0.10855392969561711,0.5,2,1.4985911763556743e+42,1.4832840678617353e+42
2009-02-05,0.11210036206494778,0.0,0.11210036206494778,0.5,2,1.6665837898124812e+42,1.6495607489142042e+42
2009-02-06,0.10750956910381188,0.0,0.10750956910381188,0.5,2,1.845757494930619e+42,1.8269043142405315e+42
2009-02-09,0.11097199906970256,0.0,0.11097199906970256,0.5,2,2.0505848939409565e+42,2.0296395381008676e+42
2009-02-10,0.11855620013876716,0.0,0.11855620013876716,0.5,2,2.293694447028553e+42,2.270265889389509e+42
2009-02-11,0.11464385562138707,0.0,0.11464385562138707,0.5,2,2.556652422053272e+42,2.53053792423484e+42
2009-02-12,0.11207509710317565,0.0,0.11207509710317565,0.5,2,2.843189490513962e+42,2.814148207816728e+42
2009-02-13,0.10697023163066688,0.0,0.10697023163066688,0.5,2,3.1473261288841185e+42,3.115178293449909e+42
2009-02-17,0.12103953496566688,0.0,0.12103953496566688,0.5,2,3.528277019909545e+42,3.4922380254242264e+42
2009-02-18,0.10844760986190627,0.0,0.10844760986190627,0.5,2,3.910910229649424e+42,3.8709628923503465e+42
2009-02-19,0.10508607407065096,0.0,0.10508607407065096,0.5,2,4.32189243172603e+42,4.2777471855806165e+42
2009-02-20,0.11431255251112654,0.0,0.11431255251112654,0.5,2,4.8159389872751524e+42,4.766747385361625e+42
2009-02-23,0.10959130023316777,0.0,0.10959130023316777,0.5,2,5.343724002734241e+42,5.2891414292064575e+42
2009-02-24,0.11016835877151215,0.0,0.11016835877151215,0.5,2,5.932433305843408e+42,5.871837459772543e+42
2009-02-25,0.10766047790998601,0.0,0.10766047790998601,0.5,2,6.571121910719626e+42,6.504002286901412e+42
2009-02-26,0.10941352495052242,0.0,0.10941352495052242,0.5,2,7.290091521851073e+42,7.215628103397554e+42
2009-02-27,0.11222064711917962,0.0,0.11222064711917962,0.5,2,8.108190309991245e+42,8.025370558532166e+42
2009-03-02,0.1156516500897043,0.0,0.1156516500897043,0.5,2,9.045915898583083e+42,8.953517906207741e+42
2009-03-03,0.10704321742643397,0.0,0.10704321742643397,0.5,2,1.0014219840936348e+43,9.911931270173406e+42
2009-03-04,0.10447883244111777,0.0,0.10447883244111777,0.5,2,1.1060493837726053e+43,1.0947518276517728e+43
2009-03-05,0.11682845940726139,0.0,0.11682845940726139,0.5,2,1.2352674293071098e+43,1.2226499971096133e+43
2009-03-06,0.10596672858826561,0.0,0.10596672858826561,0.5,2,1.366164677722421e+43,1.3522102175117717e+43
2009-03-09,0.11076506645976514,0.0,0.11076506645976514,0.5,2,1.5174879990453285e+43,1.5019878721220363e+43
2009-03-10,0.10538703280857797,0.0,0.10538703280857797,0.5,2,1.6774115565873418e+43,1.6602779172794475e+43
2009-03-11,0.11123994734269915,0.0,0.11123994734269915,0.5,2,1.8640067298141528e+43,1.8449671453718597e+43
2009-03-12,0.11074821689575065,0.0,0.11074821689575065,0.5,2,2.0704421514227496e+43,2.0492939669530365e+43
2009-03-13,0.10832887447659567,0.0,0.10832887447659567,0.5,2,2.2947308193552773e+43,2.271291675864737e+43
2009-03-16,0.10503024094352742,0.0,0.10503024094352742,0.5,2,2.5357469502127006e+43,2.5098459878338387e+43
2009-03-17,0.11083147660227344,0.0,0.11083147660227344,0.5,2,2.8167875289944855e+43,2.7880159247097545e+43
2009-03-18,0.12201402614668261,0.0,0.12201402614668261,0.5,2,3.160475116206868e+43,3.128192972644658e+43
2009-03-19,0.10972043569355533,0.0,0.10972043569355533,0.5,2,3.507243822955725e+43,3.4714196685367476e+43
2009-03-20,0.11091956157612987,0.0,0.11091956157612987,0.5,2,3.8962657701385636e+43,3.8564680162175977e+43
2009-03-23,0.10860258307139842,0.0,0.10860258307139842,0.5,2,4.319410297108283e+43,4.27529040431106e+43
2009-03-24,0.10862477896507544,0.0,0.10862477896507544,0.5,2,4.78860528589114e+43,4.739692879490857e+43
2009-03-25,0.1070273848385479,0.0,0.1070273848385479,0.5,2,5.301117186664116e+43,5.24696981332065e+43
2009-03-26,0.11053458884459422,0.0,0.11053458884459422,0.5,2,5.887073995309047e+43,5.826941464316047e+43
2009-03-27,0.11065969678825333,0.0,0.11065969678825333,0.5,2,6.538535818599957e+43,6.471749039960162e+43
2009-03-30,0.11355923214220054,0.0,0.11355923214220054,0.5,2,7.281046925494444e+43,7.206675891555061e+43
2009-03-31,0.11022010532114496,0.0,0.11022010532114496,0.5,2,8.08356468447064e+43,8.000996467337616e+43
2009-04-01,0.1106547746293442,0.0,0.1106547746293442,0.5,2,8.978049712832466e+43,8.886344928241039e+43
2009-04-02,0.10470365395293757,0.0,0.10470365395293757,0.5,2,9.918084323137146e+43,9.81677771251403e+43
2009-04-03,0.10326575492504497,0.0,0.10326575492504497,0.5,2,1.0942282788176158e+44,1.0830514673928149e+44
2009-04-06,0.10832464696482907,0.0,0.10832464696482907,0.5,2,1.2127601708194665e+44,1.2003726352428817e+44
2009-04-07,0.11038603822449722,0.0,0.11038603822449722,0.5,2,1.346631961392692e+44,1.3328770148404428e+44
2009-04-08,0.11115588200570736,0.0,0.11115588200570736,0.5,2,1.4963180247983722e+44,1.4810341350301664e+44
2009-04-09,0.10376615268996842,0.0,0.10376615268996842,0.5,2,1.6515851894323521e+44,1.6347153492247621e+44
2009-04-13,0.11265457030828957,0.0,0.11265457030828957,0.5,2,1.8376438092753888e+44,1.8188735044680433e+44
2009-04-14,0.11115260008850586,0.0,0.11115260008850586,0.5,2,2.041902696712895e+44,2.021046023721759e+44
2009-04-15,0.10954784994543998,0.0,0.10954784994543998,0.5,2,2.265588746935588e+44,2.2424472702612583e+44
2009-04-16,0.10669442419080172,0.0,0.10669442419080172,0.5,2,2.5073144337430407e+44,2.4817038905400183e+44
2009-04-17,0.10431162560015556,0.0,0.10431162560015556,0.5,2,2.7688564782175105e+44,2.740574457620478e+44
2009-04-20,0.11279464573690001,0.0,0.11279464573690001,0.5,2,3.0811686637743753e+44,3.049696582683377e+44
2009-04-21,0.10895876235522306,0.0,0.10895876235522306,0.5,2,3.4168889879869277e+44,3.381987747891511e+44
2009-04-22,0.10865768455538927,0.0,0.10865768455538927,0.5,2,3.7881602338043945e+44,3.749466705772098e+44
2009-04-23,0.10833141629010234,0.0,0.10833141629010234,0.5,2,4.19853699706627e+44,4.155651744340974e+44
2009-04-24,0.10603003729178484,0.0,0.10603003729178484,0.5,2,4.643708031436145e+44,4.596275653765118e+44
2009-04-27,0.11143733705531961,0.0,0.11143733705531961,0.5,2,5.1611904885217895e+44,5.108472372992901e+44
2009-04-28,0.10836743430966933,0.0,0.10836743430966933,0.5,2,5.720495459746365e+44,5.6620644172959705e+44
2009-04-29,0.10672775264277234,0.0,0.10672775264277234,0.5,2,6.3310310841682776e+44,6.266363827872578e+44
2009-04-30,0.10698252184665935,0.0,0.10698252184665935,0.5,2,7.00834075544219e+44,6.9367552329870715e+44
2009-05-01,0.13779639179224462,0.0005,0.13729639179224462,1.0,2,7.974064823992658e+44,7.889146697222166e+44
2009-05-04,0.10372211823151678,0.0,0.10372211823151678,1.0,2,8.801151718452604e+44,8.707425703697225e+44
2009-05-05,0.0926548093542593,0.0,0.0926548093542593,1.0,2,9.61662075302374e+44,9.514210572239668e+44
2009-05-06,0.09437282874623282,0.0,0.09437282874623282,1.0,2,1.0524168456466319e+45,1.041209353722924e+45
2009-05-07,0.07917760117518252,0.0,0.07917760117518252,1.0,2,1.1357446869212846e+45,1.1236498126718672e+45
2009-05-08,0.09549767286764627,0.0,0.09549767286764627,1.0,2,1.2442056614940607e+45,1.230955754900197e+45
2009-05-11,0.09892970408071716,0.0,0.09892970408071716,1.0,2,1.3672945594012209e+45,1.3527338434689292e+45
2009-05-12,0.08736717126405757,0.0,0.08736717126405757,1.0,2,1.4867512173408415e+45,1.470918372845966e+45
2009-05-13,0.0829101993129483,0.0,0.0829101993129483,1.0,2,1.6100180570993393e+45,1.5928725083117028e+45
2009-05-14,0.09825916850379202,0.0,0.09825916850379202,1.0,2,1.768217092666011e+45,1.7493868365109602e+45
2009-05-15,0.09134192091793847,0.0,0.09134192091793847,1.0,2,1.929729438510057e+45,1.9091791905864268e+45
2009-05-18,0.10382256120312133,0.0,0.10382256120312133,1.0,2,2.1300788912452325e+45,2.1073950639488118e+45
2009-05-19,0.09362640938596684,0.0,0.09362640938596684,1.0,2,2.329510529541365e+45,2.3047028969440493e+45
2009-05-20,0.09345116920560931,0.0,0.09345116920560931,1.0,2,2.5472060122037834e+45,2.5200800773350253e+45
2009-05-21,0.08190945990037796,0.0,0.08190945990037796,1.0,2,2.755846280918391e+45,2.72649847537524e+45
2009-05-22,0.0887121556266039,0.0,0.0887121556266039,1.0,2,3.000323345074221e+45,2.968372032438427e+45
2009-05-26,0.10730641276648045,0.0,0.10730641276648045,1.0,2,3.3222772803736623e+45,3.286897386995741e+45
2009-05-27,0.08616123704331924,0.0,0.08616123704331924,1.0,2,3.608528800651572e+45,3.5701005318937477e+45
2009-05-28,0.10392721530569082,0.0,0.10392721530569082,1.0,2,3.9835531502536733e+45,3.94113113853483e+45
2009-05-29,0.10264581982565907,0.0,0.10264581982565907,1.0,2,4.392448229180548e+45,4.345671775290171e+45
2009-06-01,0.13975753626558268,0.001,0.13875753626558268,1.0,2,5.0063259718649435e+45,4.9486664842483153e+45
2009-06-02,0.09687509188929155,0.0,0.09687509188929155,1.0,2,5.491314260417107e+45,5.428069004639328e+45
2009-06-03,0.08002008053534648,0.0,0.08002008053534648,1.0,2,5.930729669780582e+45,5.862423523541986e+45
2009-06-04,0.12579205642882846,0.0,0.12579205642882846,1.0,2,6.676768351065748e+45,6.599869834225071e+45
2009-06-05,0.1132063836139795,0.0,0.1132063836139795,1.0,2,7.432621150318174e+45,7.347017230480687e+45
2009-06-08,0.09082153532809761,0.0,0.09082153532809761,1.0,2,8.107663214702162e+45,8.014284615434931e+45
2009-06-09,0.1094657980078278,0.0,0.1094657980078278,1.0,2,8.995175038478244e+45,8.891574676325372e+45
2009-06-10,0.11959291106745384,0.0,0.11959291106745384,1.0,2,1.0070934206891154e+46,9.954943975840777e+45
2009-06-11,0.11360496073190679,0.0,0.11360496073190679,1.0,2,1.121504229199864e+46,1.10858749953045e+46
2009-06-12,0.08888283400003288,0.0,0.08888283400003288,1.0,2,1.2211867034341705e+46,1.2071218982257266e+46
2009-06-15,0.08173067822257551,0.0,0.08173067822257551,1.0,2,1.3209951209422364e+46,1.3057807896650381e+46
2009-06-16,0.10994082500566271,0.0,0.10994082500566271,1.0,2,1.4662264143670812e+46,1.4493394069573582e+46
2009-06-17,0.10356451452641674,0.0,0.10356451452641674,1.0,2,1.6180754411568166e+46,1.5994395390229019e+46
2009-06-18,0.1023980186689995,0.0,0.1023980186689995,1.0,2,1.783763160388242e+46,1.7632189787997049e+46
2009-06-19,0.1142107843546547,0.0,0.1142107843546547,1.0,2,1.9874881500391208e+46,1.9645976013574324e+46
2009-06-22,0.08077444286421132,0.0,0.08077444286421132,1.0,2,2.1480263980577532e+46,2.1232868780594451e+46
2009-06-23,0.11320161924299027,0.0,0.11320161924299027,1.0,2,2.391186464494579e+46,2.363646390773168e+46
2009-06-24,0.13155247751316584,0.0,0.13155247751316584,1.0,2,2.7057529680947886e+46,2.6745899294444306e+46
2009-06-25,0.11641537445729022,0.0,0.11641537445729022,1.0,2,3.020744213064468e+46,2.9859533176004014e+46
2009-06-26,0.10726052260202551,0.0,0.10726052260202551,1.0,2,3.3447508160048076e+46,3.3062282309114727e+46
2009-06-29,0.11206920852621255,0.0,0.11206920852621255,1.0,2,3.7195943926718697e+46,3.676754611956741e+46
2009-06-30,0.09719464789539756,0.0,0.09719464789539756,1.0,2,4.081119059981307e+46,4.0341154818636556e+46
2009-07-01,0.05789269447820089,0.0005,0.05739269447820089,1.0,2,4.317386038849968e+46,4.2656442392040364e+46
2009-07-02,0.08760221465303925,0.0,0.08760221465303925,1.0,2,4.695598617365338e+46,4.639324121480289e+46
2009-07-06,0.10883946851372095,0.0,0.10883946851372095,1.0,2,5.206665075233144e+46,5.144265693125088e+46
2009-07-07,0.09781802807616291,0.0,0.09781802807616291,1.0,2,5.715970785745477e+46,5.647467619126439e+46
2009-07-08,0.11794106283105638,0.0,0.11794106283105638,1.0,2,6.390118455327567e+46,6.313535952430188e+46
2009-07-09,0.13253065657228008,0.0,0.13253065657228008,1.0,2,7.237005049786774e+46,7.150273017498457e+46
2009-07-10,0.10877569253099473,0.0,0.10877569253099473,1.0,2,8.024215285927637e+46,7.928048916762538e+46
2009-07-13,0.12507912668836285,0.0,0.12507912668836285,1.0,2,9.027877126250878e+46,8.919682351613817e+46
2009-07-14,0.1243908155749226,0.0,0.1243908155749226,1.0,2,1.0150862124895414e+47,1.0029208914000305e+47
2009-07-15,0.16298779661429408,0.0,0.16298779661429408,1.0,2,1.1805328776367608e+47,1.1663847576677653e+47
2009-07-16,0.11732944347803143,0.0,0.11732944347803143,1.0,2,1.319044143177401e+47,1.3032360321661827e+47
2009-07-17,0.12291580216367182,0.0,0.12291580216367182,1.0,2,1.4811755121253443e+47,1.4634243344684898e+47
2009-07-20,0.14112266567784204,0.0,0.14112266567784204,1.0,2,1.6902029487332156e+47,1.6699466775665048e+47
2009-07-21,0.12193496730600328,0.0,0.12193496730600328,1.0,2,1.8962977900275107e+47,1.8735715710983453e+47
2009-07-22,0.11317659585106771,0.0,0.11317659585106771,1.0,2,2.1109143186227273e+47,2.0856160235985927e+47
2009-07-23,0.13701739494723802,0.0,0.13701739494723802,1.0,2,2.400146299517237e+47,2.3713816980122893e+47
2009-07-24,0.10623171586730534,0.0,0.10623171586730534,1.0,2,2.6551179592475168e+47,2.623297644768459e+47
2009-07-27,0.1246295344607008,0.0,0.1246295344607008,1.0,2,2.9860240744467804e+47,2.9502380089878047e+47
2009-07-28,0.10742803128935474,0.0,0.10742803128935474,1.0,2,3.3068067621472157e+47,3.26717627012839e+47
2009-07-29,0.10748106191518314,0.0,0.10748106191518314,1.0,2,3.662225864491107e+47,3.6183358451058767e+47
2009-07-30,0.14290581313286976,0.0,0.14290581313286976,1.0,2,4.185579229532436e+47,4.135417071238542e+47
2009-07-31,0.11901966576830098,0.0,0.11901966576830098,1.0,2,4.683745470478129e+47,4.627613028869879e+47
2009-08-03,0.14948013218357575,0.0,0.14948013218357575,1.0,2,5.3838723625194235e+47,5.3193492361197855e+47
2009-08-04,0.10728382042347195,0.0,0.10728382042347195,1.0,2,5.961474758242852e+47,5.890029344337394e+47
2009-08-05,0.10759118876078788,0.0,0.10759118876078788,1.0,2,6.602876914249631e+47,6.523744603330578e+47
2009-08-06,0.11287666575626715,0.0,0.11287666575626715,1.0,2,7.348187644729159e+47,7.260123142399976e+47
2009-08-07,0.13063685991416218,0.0,0.13063685991416218,1.0,2,8.308131804696619e+47,8.208562832313248e+47
2009-08-10,0.10707401536088679,0.0,0.10707401536088679,1.0,2,9.197716837172975e+47,9.08748661511116e+47
2009-08-11,0.10280627148822863,0.0,0.10280627148822863,1.0,2,1.014329981140723e+48,1.0021737231209922e+48
2009-08-12,0.12588673368462272,0.0,0.12588673368462272,1.0,2,1.1420206693449137e+48,1.1283340997092514e+48
2009-08-13,0.13197307514023776,0.0,0.13197307514023776,1.0,2,1.2927366489520746e+48,1.2772438206334728e+48
2009-08-14,0.1064713680193018,0.0,0.1064713680193018,1.0,2,1.4303760884546897e+48,1.4132337175105183e+48
2009-08-17,0.07057835642924365,0.0,0.07057835642924365,1.0,2,1.531329681853512e+48,1.5129774305428008e+48
2009-08-18,0.13421052064423467,0.0,0.13421052064423467,1.0,2,1.7368502357330423e+48,1.7160349192189268e+48
2009-08-19,0.11084222545175071,0.0,0.11084222545175071,1.0,2,1.9293665811380907e+48,1.906244048618068e+48
2009-08-20,0.12698149869905528,0.0,0.12698149869905528,1.0,2,2.1743604411508778e+48,2.1483017747977447e+48
2009-08-21,0.13480410648790814,0.0,0.13480410648790814,1.0,2,2.4674731576028758e+48,2.4379016760157422e+48
2009-08-24,0.12242419953843853,0.0,0.12242419953843853,1.0,2,2.769551583804991e+48,2.7363598372553873e+48
2009-08-25,0.12142749560813026,0.0,0.12142749560813026,1.0,2,3.105851296583962e+48,3.06862915937598e+48
2009-08-26,0.11226975514605342,0.0,0.11226975514605342,1.0,2,3.454544461171496e+48,3.413143403733161e+48
2009-08-27,0.1150799968332279,0.0,0.1150799968332279,1.0,2,3.8520934268233565e+48,3.8059279358261256e+48
2009-08-28,0.12217216501489592,0.0,0.12217216501489592,1.0,2,4.322712020618015e+48,4.2709063916366774e+48
2009-08-31,0.09748923841769874,0.0,0.09748923841769874,1.0,2,4.744129923407098e+48,4.687273803110619e+48
2009-09-01,0.10390020518092913,0.0,0.10390020518092913,1.0,2,5.23704599585408e+48,5.174282512993006e+48
2009-09-02,0.12071404909236888,0.0,0.12071404909236888,1.0,2,5.869231023296604e+48,5.7988911062842294e+48
2009-09-03,0.13295116323898137,0.0,0.13295116323898137,1.0,2,6.649552115162204e+48,6.5698604243609e+48
2009-09-04,0.13483973725653497,0.0,0.13483973725653497,1.0,2,7.546175975244312e+48,7.45573867779383e+48
2009-09-08,0.13907791472575504,0.0,0.13907791472575504,1.0,2,8.595682394034882e+48,8.492667265841554e+48
2009-09-09,0.12349346112587267,0.0,0.12349346112587267,1.0,2,9.657192963612976e+48,9.54145614069073e+48
2009-09-10,0.12690235181477966,0.0,0.12690235181477966,1.0,2,1.0882713462624605e+49,1.0752289364681954e+49
2009-09-11,0.11682803094202243,0.0,0.11682803094202243,1.0,2,1.2154119447769277e+49,1.2008458159276594e+49
2009-09-14,0.11101626052806468,0.0,0.11101626052806468,1.0,2,1.3503424338872048e+49,1.3341592278827208e+49
2009-09-15,0.12281672402202298,0.0,0.12281672402202298,1.0,2,1.5161870679251566e+49,1.4980162935750283e+49
2009-09-16,0.13951558066390413,0.0,0.13951558066390413,1.0,2,1.727718787101837e+49,1.7070129066171378e+49
2009-09-17,0.11185416045265745,0.0,0.11185416045265745,1.0,2,1.9209713215313968e+49,1.8979494021686484e+49
2009-09-18,0.12138302188998423,0.0,0.12138302188998423,1.0,2,2.1541446255028745e+49,2.128328235998168e+49
2009-09-21,0.10875570667183754,0.0,0.10875570667183754,1.0,2,2.3884201465227803e+49,2.359796077333774e+49
2009-09-22,0.1316512708706824,0.0,0.1316512708706824,1.0,2,2.702858694185646e+49,2.670466229910417e+49
2009-09-23,0.10905103471062921,0.0,0.10905103471062921,1.0,2,2.997608231463211e+49,2.961683335441941e+49
2009-09-24,0.10813133491665955,0.0,0.10813133491665955,1.0,2,3.3217436110884944e+49,3.281934108103703e+49
2009-09-25,0.11477285627147249,0.0,0.11477285627147249,1.0,2,3.702989613134636e+49,3.6586110597855327e+49
2009-09-28,0.12947640213091294,0.0,0.12947640213091294,1.0,2,4.18243938537145e+49,4.13231485660293e+49
2009-09-29,0.1154282755943053,0.0,0.1154282755943053,1.0,2,4.6652111514025824e+49,4.6093008347133344e+49
2009-09-30,0.1226344037551984,0.0,0.1226344037551984,1.0,2,5.23732653934694e+49,5.174559694306742e+49
2009-10-01,0.09508911367774964,0.0,0.09508911367774964,1.0,2,5.735339278014396e+49,5.666603989310978e+49
2009-10-02,0.10895727341634304,0.0,0.10895727341634304,1.0,2,6.360246207864503e+49,6.284021709516474e+49
2009-10-05,0.13199068142923198,0.0,0.13199068142923198,1.0,2,7.199739438898228e+49,7.11345401707164e+49
2009-10-06,0.13581069958189518,0.0,0.13581069958189518,1.0,2,8.177541088902358e+49,8.079537183573783e+49
2009-10-07,0.11519371026536596,0.0,0.11519371026536596,1.0,2,9.119542387780501e+49,9.010249048976632e+49
2009-10-08,0.12957043305679877,0.0,0.12957043305679877,1.0,2,1.0301165444245054e+50,1.0177710920202145e+50
2009-10-09,0.12061891823131349,0.0,0.12061891823131349,1.0,2,1.154368087665168e+50,1.1405335401467954e+50
2009-10-12,0.12268341599908789,0.0,0.12268341599908789,1.0,2,1.2959899079802655e+50,1.2804580909135372e+50
2009-10-13,0.11553081584349423,0.0,0.11553081584349423,1.0,2,1.4457166793741606e+50,1.4283904588101811e+50
2009-10-14,0.14478131912790787,0.0,0.14478131912790787,1.0,2,1.6550294472991703e+50,1.6351947136664367e+50
2009-10-15,0.10895760229635681,0.0,0.10895760229635681,1.0,2,1.8353574876067524e+50,1.8133616089552093e+50
2009-10-16,0.10089225265589696,0.0,0.10089225265589696,1.0,2,2.0205308389602655e+50,1.9963157465624225e+50
2009-10-19,0.13101404543597206,0.0,0.13101404543597206,1.0,2,2.2852487581005886e+50,2.2578611484870982e+50
2009-10-20,0.11017492351783903,0.0,0.11017492351783903,1.0,2,2.5370258652435577e+50,2.5066208278355646e+50
2009-10-21,0.11287875912347256,0.0,0.11287875912347256,1.0,2,2.8234021967764048e+50,2.7895650764746947e+50
2009-10-22,0.11909784367824966,0.0,0.11909784367824966,1.0,2,3.159663310248908e+50,3.1217962618829827e+50
2009-10-23,0.11599154859967709,0.0,0.11599154859967709,1.0,2,3.5261575506582604e+50,3.4838982447114727e+50
2009-10-26,0.11673921899467565,0.0,0.11673921899467565,1.0,2,3.9377984291742845e+50,3.8906058048560115e+50
2009-10-27,0.10457999710902216,0.0,0.10457999710902216,1.0,2,4.349613377513243e+50,4.297485348680198e+50
2009-10-28,0.0875026592438981,0.0,0.0875026592438981,1.0,2,4.730216114728485e+50,4.673526744751406e+50
2009-10-29,0.14573052184607244,0.0,0.14573052184607244,1.0,2,5.419552977572569e+50,5.354602236125605e+50
2009-10-30,0.08691491417882857,0.0,0.08691491417882857,1.0,2,5.890592959505904e+50,5.819997029940225e+50
2009-11-02,0.1988274020016667,0.0005,0.1983274020016667,1.0,2,7.061804253893772e+50,6.974261920545687e+50
2009-11-03,0.10539066426089272,0.0,0.10539066426089272,1.0,2,7.806052495092036e+50,7.709284017081448e+50
2009-11-04,0.13064435697227716,0.0,0.13064435697227716,1.0,2,8.825869203805176e+50,8.716458470209708e+50
2009-11-05,0.11587161210259894,0.0,0.11587161210259894,1.0,2,9.848536896656762e+50,9.726448564978259e+50
2009-11-06,0.1014947890900525,0.0,0.1014947890900525,1.0,2,1.0848112071828541e+51,1.0713632410675973e+51
2009-11-09,0.12948689523140383,0.0,0.12948689523140383,1.0,2,1.2252800423131932e+51,1.2100907408184946e+51
2009-11-10,0.09972633454202873,0.0,0.09972633454202873,1.0,2,1.3474727297205898e+51,1.3307686548635711e+51
2009-11-11,0.12071729241579221,0.0,0.12071729241579221,1.0,2,1.510135989256576e+51,1.4914154437105073e+51
2009-11-12,0.08986865169326347,0.0,0.08986865169326347,1.0,2,1.645849874484537e+51,1.6254469387512808e+51
2009-11-13,0.12253068106798104,0.0,0.12253068106798104,1.0,2,1.847516980540778e+51,1.8246140591963398e+51
2009-11-16,0.12908678853260963,0.0,0.12908678853260963,1.0,2,2.086007014318251e+51,2.0601476284094442e+51
2009-11-17,0.10188822426146077,0.0,0.10188822426146077,1.0,2,2.298546564804089e+51,2.270052411984542e+51
2009-11-18,0.10523796747215364,0.0,0.10523796747215364,1.0,2,2.5404409334241724e+51,2.5089481138770552e+51
2009-11-19,0.09594350483459885,0.0,0.09594350483459885,1.0,2,2.7841797404021676e+51,2.7496653893705764e+51
2009-11-20,0.10576853600840808,0.0,0.10576853600840808,1.0,2,3.078658355528775e+51,3.040493472117292e+51
2009-11-23,0.12873684040518252,0.0,0.12873684040518252,1.0,2,3.4749951049065644e+51,3.431916994990255e+51
2009-11-24,0.10477929748111053,0.0,0.10477929748111053,1.0,2,3.8391026507489726e+51,3.791510846738818e+51
2009-11-25,0.11876376527221627,0.0,0.11876376527221627,1.0,2,4.295048936818467e+51,4.241804950967969e+51
2009-11-27,0.06639305451087468,0.0,0.06639305451087468,1.0,2,4.580210355007529e+51,4.523431338302083e+51
2009-11-30,0.11489591810118488,0.0,0.11489591810118488,1.0,2,5.106457828842673e+51,5.043155134883972e+51
2009-12-01,0.24598298003939384,0.0005,0.24548298003939384,1.0,2,6.362559543026886e+51,6.281163886196261e+51
2009-12-02,0.019174706023494026,0.0,0.019174706023494026,1.0,2,6.484559751821402e+51,6.40160335719946e+51
2009-12-03,0.007199298655010955,0.0,0.007199298655010955,1.0,2,6.531244034121028e+51,6.44769041163886e+51
2009-12-04,-0.006443147501154434,0.0,-0.006443147501154434,1.0,2,6.489162265443151e+51,6.406146991274892e+51
2009-12-07,0.005608496741224489,0.0,0.005608496741224489,1.0,2,6.525556710862165e+51,6.442075845799262e+51
2009-12-08,-0.0026203131758418263,0.0,-0.0026203131758418263,1.0,2,6.50845770863299e+51,6.425195589580742e+51
2009-12-09,0.014199222907210152,0.0,0.014199222907210152,1.0,2,6.60087275042002e+51,6.516428373979623e+51
2009-12-10,0.013134036294096096,0.0,0.013134036294096096,1.0,2,6.687568852696747e+51,6.602015380751349e+51
2009-12-11,0.0028064319989805075,0.0,0.0028064319989805075,1.0,2,6.70633705992034e+51,6.62054348797365e+51
2009-12-14,0.01973702271945349,0.0,0.01973702271945349,1.0,2,6.838700186836301e+51,6.751213305210917e+51
2009-12-15,0.007419785303563242,0.0,0.007419785303563242,1.0,2,6.889441873978064e+51,6.801305858474141e+51
2009-12-16,0.017827611754848316,0.0,0.017827611754848316,1.0,2,7.01226416891494e+51,6.922556898744993e+51
2009-12-17,-0.014724378105790192,0.0,-0.014724378105790192,1.0,2,6.909012939914152e+51,6.820626553509026e+51
2009-12-18,0.026061807126383396,0.0,0.026061807126383396,1.0,2,7.089074302587882e+51,6.998384407227667e+51
2009-12-21,0.006644132601150821,0.0,0.006644132601150821,1.0,2,7.136175052273687e+51,7.044882601223114e+51
2009-12-22,0.009626023213514412,0.0,0.009626023213514412,1.0,2,7.204868038982576e+51,7.112696804678971e+51
2009-12-23,0.015434711440898197,0.0,0.015434711440898197,1.0,2,7.316073098134021e+51,7.222479227425789e+51
2009-12-24,0.02281586533026264,0.0,0.02281586533026264,1.0,2,7.482995636687404e+51,7.387266340829355e+51
2009-12-28,0.013680029661399196,0.0,0.013680029661399196,1.0,2,7.585363238953409e+51,7.488324363488556e+51
2009-12-29,0.0034722763289611325,0.0,0.0034722763289611325,1.0,2,7.611701716174599e+51,7.514325894919481e+51
2009-12-30,0.008862784883395536,0.0,0.008862784883395536,1.0,2,7.679162591081627e+51,7.58092374886988e+51
2009-12-31,0.00835203103240495,0.0,0.00835203103240495,1.0,2,7.743299195345224e+51,7.644239859274738e+51
2010-01-04,-0.14404409027027348,0.0005,-0.14454409027027348,1.0,2,6.62792270706118e+51,6.539310163008108e+51
2010-01-05,0.11197104865091762,0.0,0.11197104865091762,1.0,2,7.370058162948049e+51,7.271523579413728e+51
2010-01-06,0.11006804728570746,0.0,0.11006804728570746,1.0,2,8.181266073325828e+51,8.071885980591774e+51
2010-01-07,0.10369323355152754,0.0,0.10369323355152754,1.0,2,9.029608007014392e+51,8.908885938778578e+51
2010-01-08,0.11569775808896332,0.0,0.11569775808896332,1.0,2,1.0074313409848109e+52,9.939624068965548e+51
2010-01-11,0.11191563026543666,0.0,0.11191563026543666,1.0,2,1.1201786544602801e+52,1.1052023361245332e+52
2010-01-12,0.09413232920517411,0.0,0.09413232920517411,1.0,2,1.2256236803305442e+52,1.209237606266935e+52
2010-01-13,0.11867201659647802,0.0,0.11867201659647802,1.0,2,1.3710709140637673e+52,1.3527402715469303e+52
2010-01-14,0.10839786291949494,0.0,0.10839786291949494,1.0,2,1.5196920710593584e+52,1.499374426067755e+52
2010-01-15,0.10133115071825494,0.0,0.10133115071825494,1.0,2,1.673684217357211e+52,1.6513077620187234e+52
2010-01-19,0.12529596193391906,0.0,0.12529596193391906,1.0,2,1.8833900913446014e+52,1.8582099565098066e+52
2010-01-20,0.08804599896902593,0.0,0.08804599896902593,1.0,2,2.0492150533854016e+52,2.0218179084249028e+52
2010-01-21,0.09528355974762354,0.0,0.09528355974762354,1.0,2,2.2444715583603791e+52,2.2144639159011225e+52
2010-01-22,0.08700739219330472,0.0,0.08700739219330472,1.0,2,2.4397571755053587e+52,2.407138646329853e+52
2010-01-25,0.12263230443246737,0.0,0.12263230443246737,1.0,2,2.7389502201932286e+52,2.702331605617733e+52
2010-01-26,0.09590828387330874,0.0,0.09590828387330874,1.0,2,3.0016382354263823e+52,2.961507592369133e+52
2010-01-27,0.10819391610180873,0.0,0.10819391610180873,1.0,2,3.3263972308380854e+52,3.281924696352788e+52
2010-01-28,0.10211090755165009,0.0,0.10211090755165009,1.0,2,3.666058670956258e+52,3.6170450056135444e+52
2010-01-29,0.10546965736244729,0.0,0.10546965736244729,1.0,2,4.052716622852644e+52,3.9985335030201567e+52
2010-02-01,0.12875830663924148,0.0,0.12875830663924148,1.0,2,4.5745375524998556e+52,4.5133779059093065e+52
2010-02-02,0.11536978272451753,0.0,0.11536978272451753,1.0,2,5.10230095599691e+52,5.0340853342677e+52
2010-02-03,0.11190184620681504,0.0,0.11190184620681504,1.0,2,5.673257852875762e+52,5.597408777134908e+52
2010-02-04,0.07389532135046667,0.0,0.07389532135046667,1.0,2,6.092485065018076e+52,6.011031097451214e+52
2010-02-05,0.10898266006413726,0.0,0.10898266006413726,1.0,2,6.756460293804774e+52,6.666129256179698e+52
2010-02-08,0.09797829465523111,0.0,0.09797829465523111,1.0,2,7.418446751297549e+52,7.319265232651529e+52
2010-02-09,0.13732639278187858,0.0,0.13732639278187858,1.0,2,8.437195283697687e+52,8.324393524865381e+52
2010-02-10,0.1088396987050857,0.0,0.1088396987050857,1.0,2,9.355497076291313e+52,9.230418008014295e+52
2010-02-11,0.1277247400603414,0.0,0.1277247400603414,1.0,2,1.0550425508495906e+53,1.0409370748736216e+53
2010-02-12,0.09756392185139617,0.0,0.09756392185139617,1.0,2,1.1579766398305777e+53,1.1424949782988127e+53
2010-02-16,0.13168306568183247,0.0,0.13168306568183247,1.0,2,1.3104625537514153e+53,1.2929422195672989e+53
2010-02-17,0.11737750698959348,0.0,0.11737750698959348,1.0,2,1.4642813813139727e+53,1.4447045539817e+53
2010-02-18,0.10985757596780432,0.0,0.10985757596780432,1.0,2,1.625143784399914e+53,1.6034162942717775e+53
2010-02-19,0.10250403758269461,0.0,0.10250403758269461,1.0,2,1.7917275839533255e+53,1.7677729383605167e+53
2010-02-22,0.11271728989555535,0.0,0.11271728989555535,1.0,2,1.9936862614476554e+53,1.9670315131232167e+53
2010-02-23,0.09500974127079176,0.0,0.09500974127079176,1.0,2,2.183105877322929e+53,2.1539186682565476e+53
2010-02-24,0.12275254738865288,0.0,0.12275254738865288,1.0,2,2.4510876849834584e+53,2.4183176716530135e+53
2010-02-25,0.0952199869600398,0.0,0.0952199869600398,1.0,2,2.6844802223854976e+53,2.6485898488130476e+53
2010-02-26,0.11485407726624602,0.0,0.11485407726624602,1.0,2,2.992803721267071e+53,2.9527911919552163e+53
2010-03-01,0.12804593071582548,0.0,0.12804593071582548,1.0,2,3.3760200592064993e+53,3.3308840883386136e+53
2010-03-02,0.12037345623669782,0.0,0.12037345623669782,1.0,2,3.7824032620576067e+53,3.7318341183757548e+53
2010-03-03,0.11417640496702042,0.0,0.11417640496702042,1.0,2,4.214264468654875e+53,4.157921521945169e+53
2010-03-04,0.1100473977954941,0.0,0.1100473977954941,1.0,2,4.678033307052355e+53,4.6154899656731155e+53
2010-03-05,0.13272876717149362,0.0,0.13272876717149362,1.0,2,5.298942900684599e+53,5.228098258709307e+53
2010-03-08,0.11186148715727795,0.0,0.11186148715727795,1.0,2,5.891690533916678e+53,5.8129211049329055e+53
2010-03-09,0.11148887620219733,0.0,0.11148887620219733,1.0,2,6.548548490474172e+53,6.46099714637391e+53
2010-03-10,0.11548868357126313,0.0,0.11548868357126313,1.0,2,7.304831734941617e+53,7.20716920136632e+53
2010-03-11,0.11194022616263882,0.0,0.11194022616263882,1.0,2,8.122536251431002e+53,8.013941351759671e+53
2010-03-12,0.1118390205564439,0.0,0.1118390205564439,1.0,2,9.030952750225255e+53,8.910212703337257e+53
2010-03-15,0.10280744519605406,0.0,0.10280744519605406,1.0,2,9.959401930162193e+53,9.826248907520788e+53
2010-03-16,0.11865024064352081,0.0,0.11865024064352081,1.0,2,1.1141087365841482e+54,1.0992135705021262e+54
2010-03-17,0.11930125001633479,0.0,0.11930125001633479,1.0,2,1.2470233015127567e+54,1.2303511234979485e+54
2010-03-18,0.1084479079145293,0.0,0.1084479079145293,1.0,2,1.3822603696824845e+54,1.3637801288415917e+54
2010-03-19,0.100028747401401,0.0,0.100028747401401,1.0,2,1.5205261430444209e+54,1.5001973468605373e+54
2010-03-22,0.1094258963979764,0.0,0.1094258963979764,1.0,2,1.6869110792436143e+54,1.6643577863146175e+54
2010-03-23,0.11662407528677005,0.0,0.11662407528677005,1.0,2,1.883645523951408e+54,1.8584619740898953e+54
2010-03-24,0.09820814213604756,0.0,0.09820814213604756,1.0,2,2.0686348513015575e+54,2.040978071795755e+54
2010-03-25,0.11230851812805798,0.0,0.11230851812805798,1.0,2,2.3009601659992908e+54,2.270197294570997e+54
2010-03-26,0.11700930946776872,0.0,0.11700930946776872,1.0,2,2.57019392613571e+54,2.535831512364346e+54
2010-03-29,0.12370200636990197,0.0,0.12370200636990197,1.0,2,2.8881320715584328e+54,2.8495189582598383e+54
2010-03-30,0.11403086510432514,0.0,0.11403086510432514,1.0,2,3.217468270213788e+54,3.174452070201383e+54
2010-03-31,0.10622670444792404,0.0,0.10622670444792404,1.0,2,3.559249321224361e+54,3.5116636520467656e+54
2010-04-01,0.09474865759642359,0.0005,0.09424865759642359,1.0,2,3.896483416461351e+54,3.842633237182328e+54
2010-04-05,0.13814232107537322,0.0,0.13814232107537322,1.0,2,4.434752679643022e+54,4.3734635116080696e+54
2010-04-06,0.1247193196317325,0.0,0.1247193196317325,1.0,2,4.987852016583102e+54,4.9189189052100356e+54
2010-04-07,0.11853017653574655,0.0,0.11853017653574655,1.0,2,5.5790629966428764e+54,5.501959231409602e+54
2010-04-08,0.1203338082441715,0.0,0.1203338082441715,1.0,2,6.250412893463054e+54,6.164030938529295e+54
2010-04-09,0.1295244375899789,0.0,0.1295244375899789,1.0,2,7.059994108194009e+54,6.962423579129531e+54
2010-04-12,0.12133155099748338,0.0,0.12133155099748338,1.0,2,7.916594143374282e+54,7.807185230686766e+54
2010-04-13,0.1231796396046882,0.0,0.1231796396046882,1.0,2,8.891757356851712e+54,8.768871493729807e+54
2010-04-14,0.14361924226867484,0.0,0.14361924226867484,1.0,2,1.016878481087967e+55,1.0028250173210665e+55
2010-04-15,0.12005190663187915,0.0,0.12005190663187915,1.0,2,1.1389566815555066e+55,1.1232160726686077e+55
2010-04-16,0.1047244694401071,0.0,0.1047244694401071,1.0,2,1.258233315746672e+55,1.2408442799454283e+55
2010-04-19,0.11394854813891786,0.0,0.11394854813891786,1.0,2,1.401607175296022e+55,1.382236684111691e+55
2010-04-20,0.1386862335158619,0.0,0.1386862335158619,1.0,2,1.5959907953066337e+55,1.5739338836585954e+55
2010-04-21,0.12546081339758053,0.0,0.12546081339758053,1.0,2,1.7962250986608554e+55,1.7714009089364158e+55
2010-04-22,0.12412799608457842,0.0,0.12412799608457842,1.0,2,2.0191869206744518e+55,1.991281354025094e+55
2010-04-23,0.12896548084051868,0.0,0.12896548084051868,1.0,2,2.2795923328061188e+55,2.2480879113356993e+55
2010-04-26,0.12564810945317456,0.0,0.12564810945317456,1.0,2,2.5660187997471596e+55,2.5305559072795655e+55
2010-04-27,0.09720727809073243,0.0,0.09720727809073243,1.0,2,2.815454502800229e+55,2.776544359082636e+55
2010-04-28,0.13473979817150772,0.0,0.13473979817150772,1.0,2,3.1948082742685946e+55,3.1506553856396685e+55
2010-04-29,0.14321143640791073,0.0,0.14321143640791073,1.0,2,3.652341356274478e+55,3.6018652690434453e+55
2010-04-30,0.1088157789848232,0.0,0.1088157789848232,1.0,2,4.049773726075971e+55,3.9938050440927874e+55
2010-05-03,0.16868227394097302,0.0005,0.16818227394097301,1.0,2,4.732898767136873e+55,4.6654922580852405e+55
2010-05-04,0.07215480753453951,0.0,0.07215480753453951,1.0,2,5.074400166760093e+55,5.002129954021266e+55
2010-05-05,0.09177397847332619,0.0,0.09177397847332619,1.0,2,5.540098058429377e+55,5.461195320742394e+55
2010-05-06,0.07892405339417208,0.0,0.07892405339417208,1.0,2,5.977345053401806e+55,5.892214991832669e+55
2010-05-07,0.10163609645645977,0.0,0.10163609645645977,1.0,2,6.584859071802895e+55,6.491076723084772e+55
2010-05-10,0.18797879639286724,0.0,0.18797879639286724,1.0,2,7.822672954537055e+55,7.711261512784004e+55
2010-05-11,0.09169839765311844,0.0,0.09169839765311844,1.0,2,8.539999529832489e+55,8.41837183739046e+55
2010-05-12,0.12747737156643696,0.0,0.12747737156643696,1.0,2,9.628656223074143e+55,9.491523752089913e+55
2010-05-13,0.09831931112132336,0.0,0.09831931112132336,1.0,2,1.0575339069950837e+56,1.0424723828887073e+56
2010-05-14,0.09121028667710118,0.0,0.09121028667710118,1.0,2,1.1539918778228602e+56,1.137556587784947e+56
2010-05-17,0.10919217427469302,0.0,0.10919217427469302,1.0,2,1.2799987600576743e+56,1.2617688649656861e+56
2010-05-18,0.10205474074791465,0.0,0.10205474074791465,1.0,2,1.4106287016730124e+56,1.3905383593635498e+56
2010-05-19,0.09457701877261254,0.0,0.09457701877261254,1.0,2,1.5440417588723268e+56,1.522051331881114e+56
2010-05-20,0.0593765314106357,0.0,0.0593765314106357,1.0,2,1.635721602867343e+56,1.612425460597153e+56
2010-05-21,0.11442506765950161,0.0,0.11442506765950161,1.0,2,1.822889157947547e+56,1.7969273530218852e+56
2010-05-24,0.10435839094129001,0.0,0.10435839094129001,1.0,2,2.013122937335276e+56,1.9844518002216404e+56
2010-05-25,0.0864689925867137,0.0,0.0864689925867137,1.0,2,2.187195649679863e+56,2.1560453482236962e+56
2010-05-26,0.1100872402127121,0.0,0.1100872402127121,1.0,2,2.4279779825583687e+56,2.3933984303830985e+56
2010-05-27,0.16402522947614445,0.0,0.16402522947614445,1.0,2,2.826227628310531e+56,2.78597615715453e+56
2010-05-28,0.10040157011073308,0.0,0.10040157011073308,1.0,2,3.1099853196832416e+56,3.065692537623911e+56
2010-06-01,0.23728430475540385,0.001,0.23628430475540385,1.0,2,3.847936024063792e+56,3.790067567470207e+56
2010-06-02,0.03637240736091041,0.0,0.03637240736091041,1.0,2,3.987894720629763e+56,3.927921448959608e+56
2010-06-03,0.022148897692750247,0.0,0.022148897692750247,1.0,2,4.0762221928064494e+56,4.014920579277774e+56
2010-06-04,0.0029944592112496893,0.0,0.0029944592112496893,1.0,2,4.088428273898799e+56,4.0269430951888274e+56
2010-06-07,0.024542678816088404,0.0,0.024542678816088404,1.0,2,4.188769255887712e+56,4.125775066184712e+56
2010-06-08,0.02265509721295944,0.0,0.02265509721295944,1.0,2,4.283666230582503e+56,4.21924490138793e+56
2010-06-09,0.024361107002006055,0.0,0.024361107002006055,1.0,2,4.388021081986603e+56,4.32203037789831e+56
2010-06-10,0.035254813377739835,0.0,0.035254813377739835,1.0,2,4.542719946329629e+56,4.474402752284037e+56
2010-06-11,0.031432932957904,0.0,0.031432932957904,1.0,2,4.6855109578491415e+56,4.615046354023242e+56
2010-06-14,0.02797284239475395,0.0,0.02797284239475395,1.0,2,4.8165780174119485e+56,4.744142318328819e+56
2010-06-15,0.04193462596535946,0.0,0.04193462596535946,1.0,2,5.018559415005091e+56,4.943086151974371e+56
2010-06-16,0.017657927134241358,0.0,0.017657927134241358,1.0,2,5.107176771474112e+56,5.0303708070642125e+56
2010-06-17,0.03251301206159074,0.0,0.03251301206159074,1.0,2,5.273226471445726e+56,5.193923313788565e+56
2010-06-18,0.028942758579795835,0.0,0.028942758579795835,1.0,2,5.425848192145368e+56,5.3442497823415206e+56
2010-06-21,0.013834861994409642,0.0,0.013834861994409642,1.0,2,5.500914053086317e+56,5.41818674054387e+56
2010-06-22,0.021189705430802175,0.0,0.021189705430802175,1.0,2,5.617476801471376e+56,5.532996521545073e+56
2010-06-23,0.020426104874718132,0.0,0.020426104874718132,1.0,2,5.732219971749526e+56,5.646014088765603e+56
2010-06-24,0.017350898174800566,0.0,0.017350898174800566,1.0,2,5.83167913679491e+56,5.743977504313264e+56
2010-06-25,0.03790074886520095,0.0,0.03790074886520095,1.0,2,6.052704143221007e+56,5.961678553191605e+56
2010-06-28,0.014943791764121361,0.0,0.014943791764121361,1.0,2,6.143154493547135e+56,6.0507686360551285e+56
2010-06-29,0.006018884929985424,0.0,0.006018884929985424,1.0,2,6.180129433550918e+56,6.087187516213509e+56
2010-06-30,0.020538597565792627,0.0,0.020538597565792627,1.0,2,6.30706062489113e+56,6.2122098109165346e+56
2010-07-01,0.004841840846208312,0.0005,0.004341840846208311,0.5,2,6.3375984086442404e+56,6.239182237218788e+56
2010-07-02,0.030861572836461015,0.0,0.030861572836461015,0.5,2,6.533186663540854e+56,6.431733214272669e+56
2010-07-06,0.01625125858122234,0.0,0.01625125858122234,0.5,2,6.639359169369449e+56,6.53625697386325e+56
2010-07-07,0.03000957068990079,0.0,0.03000957068990079,0.5,2,6.838603487698283e+56,6.732407239567757e+56
2010-07-08,0.022604295370583394,0.0,0.022604295370583394,0.5,2,6.993185300856517e+56,6.884588561366001e+56
2010-07-09,0.029490028910676147,0.0,0.029490028910676147,0.5,2,7.199414537556491e+56,7.087615277078794e+56
2010-07-12,0.02054556597921503,0.0,0.02054556597921503,0.5,2,7.347330583949578e+56,7.23323434438931e+56
2010-07-13,0.029110522322820298,0.0,0.029110522322820298,0.5,2,7.561215214926782e+56,7.443797574237845e+56
2010-07-14,0.024425650895691264,0.0,0.024425650895691264,0.5,2,7.745902818113773e+56,7.625617175124372e+56
2010-07-15,0.024386825665072553,0.0,0.024386825665072553,0.5,2,7.934800799757708e+56,7.811581771762713e+56
2010-07-16,0.01808051313879705,0.0,0.01808051313879705,0.5,2,8.078266069871465e+56,7.952819178621857e+56
2010-07-19,0.020618579475972065,0.0,0.020618579475972065,0.5,2,8.244828440861159e+56,8.116795012914307e+56
2010-07-20,0.028750614741519465,0.0,0.028750614741519465,0.5,2,8.481872326974281e+56,8.350157859266493e+56
2010-07-21,0.02130384959053583,0.0,0.02130384959053583,0.5,2,8.66256885927427e+56,8.528048366357536e+56
2010-07-22,0.02908340148704608,0.0,0.02908340148704608,0.5,2,8.914505827317725e+56,8.77607302089726e+56
2010-07-23,0.021579007563135855,0.0,0.021579007563135855,0.5,2,9.106872015987033e+56,8.965451966989835e+56
2010-07-26,0.022107510645434203,0.0,0.022107510645434203,0.5,2,9.308202286027073e+56,9.163655791791192e+56
2010-07-27,0.016045788594017507,0.0,0.016045788594017507,0.5,2,9.457559732099014e+56,9.310693875374617e+56
2010-07-28,0.026004550590513653,0.0,0.026004550590513653,0.5,2,9.703499322615186e+56,9.552814285289581e+56
2010-07-29,0.02683980933541802,0.0,0.02683980933541802,0.5,2,9.963939394320537e+56,9.809209999323411e+56
2010-07-30,0.030110461550999112,0.0,0.030110461550999112,0.5,2,1.0263958208349711e+57,1.0104569839853715e+57
2010-08-02,-0.20065731548001953,0.001,-0.20165731548001953,1.0,2,8.204419908063146e+56,8.066909411868445e+56
2010-08-03,0.16189066839633887,0.0,0.16189066839633887,1.0,2,9.532638930783718e+56,9.372866768448543e+56
2010-08-04,0.1644148820804116,0.0,0.1644148820804116,1.0,2,1.1099946636503665e+57,1.091390555293842e+57
2010-08-05,0.16283956249380044,0.0,0.16283956249380044,1.0,2,1.2907457090496454e+57,1.269112115827757e+57
2010-08-06,0.16365375998338821,0.0,0.16365375998338821,1.0,2,1.5019810975180444e+57,1.4768070854234428e+57
2010-08-09,0.16890772611250743,0.0,0.16890772611250743,1.0,2,1.7556773093637855e+57,1.726251212129156e+57
2010-08-10,0.1536411802513502,0.0,0.1536411802513502,1.0,2,2.0254216433149524e+57,1.9914744857710035e+57
2010-08-11,0.14885810014063744,0.0,0.14885810014063744,1.0,2,2.326922061122544e+57,2.287921594201428e+57
2010-08-12,0.15932637721759507,0.0,0.15932637721759507,1.0,2,2.6976621231888983e+57,2.652447853163446e+57
2010-08-13,0.17031522114032271,0.0,0.17031522114032271,1.0,2,3.157115044261688e+57,3.1042000958381525e+57
2010-08-16,0.1716208705653059,0.0,0.1716208705653059,1.0,2,3.698941876632704e+57,3.6369456186948025e+57
2010-08-17,0.17009350092832137,0.0,0.17009350092832137,1.0,2,4.328107850159535e+57,4.255566431664521e+57
2010-08-18,0.16353914026890204,0.0,0.16353914026890204,1.0,2,5.035922886965711e+57,4.951518107256136e+57
2010-08-19,0.16426592560504227,0.0,0.16426592560504227,1.0,2,5.86315342126875e+57,5.764883812294692e+57
2010-08-20,0.16145961742099435,0.0,0.16145961742099435,1.0,2,6.809815929547396e+57,6.695679747104276e+57
2010-08-23,0.163349256977315,0.0,0.163349256977315,1.0,2,7.922194301791247e+57,7.789414058751816e+57
2010-08-24,0.15995691830136044,0.0,0.15995691830136044,1.0,2,9.189404088490374e+57,9.03538472696305e+57
2010-08-25,0.15771807420768208,0.0,0.15771807420768208,1.0,2,1.0638739204443275e+58,1.0460428205825165e+58
2010-08-26,0.1657541554875132,0.0,0.1657541554875132,1.0,2,1.2402154436727669e+58,1.2194287649119479e+58
2010-08-27,0.17019626472341992,0.0,0.17019626472341992,1.0,2,1.4512954796381708e+58,1.4269709857962547e+58
2010-08-30,0.16109404027068508,0.0,0.16109404027068508,1.0,2,1.6850905320796655e+58,1.6568475072472157e+58
2010-08-31,0.1689490280575106,0.0,0.1689490280575106,1.0,2,1.9697849396634383e+58,1.936770283236142e+58
2010-09-01,0.17845332119158286,0.0,0.17845332119158286,1.0,2,2.3212996041795404e+58,2.2823933726647942e+58
2010-09-02,0.159101286393237,0.0,0.159101286393237,1.0,2,2.690621357308617e+58,2.6455250943111616e+58
2010-09-03,0.16791454940280814,0.0,0.16791454940280814,1.0,2,3.1424158301346663e+58,3.089747248456242e+58
2010-09-07,0.16085006559449772,0.0,0.16085006559449772,1.0,2,3.6478736225370156e+58,3.5867332960408474e+58
2010-09-08,0.16793129366176346,0.0,0.16793129366176346,1.0,2,4.2604657590842797e+58,4.1890580584647076e+58
2010-09-09,0.1652672389963148,0.0,0.1652672389963148,1.0,2,4.964581171926477e+58,4.881372117782433e+58
2010-09-10,0.1640213040267391,0.0,0.1640213040267391,1.0,2,5.778878249692455e+58,5.682021137980872e+58
2010-09-13,0.1795780455466408,0.0,0.1795780455466408,1.0,2,6.816637911224219e+58,6.702387388694178e+58
2010-09-14,0.16423241417993756,0.0,0.16423241417993756,1.0,2,7.93615081197506e+58,7.80313665030859e+58
2010-09-15,0.15964989733649465,0.0,0.15964989733649465,1.0,2,9.203156474353816e+58,9.048906615432995e+58
2010-09-16,0.15709472692810766,0.0,0.15709472692810766,1.0,2,1.0648923827569077e+59,1.047044212918239e+59
2010-09-17,0.167045952819584,0.0,0.167045952819584,1.0,2,1.2427783454848524e+59,1.2219487111093976e+59
2010-09-20,0.17354314027564116,0.0,0.17354314027564116,1.0,2,1.4584540022268593e+59,1.4340095276910947e+59
2010-09-21,0.1677141842541876,0.0,0.1677141842541876,1.0,2,1.703057425482592e+59,1.6745132658405395e+59
2010-09-22,0.165885031513043,0.0,0.165885031513043,1.0,2,1.985569160177294e+59,1.9522899517135062e+59
2010-09-23,0.16116913095407565,0.0,0.16116913095407565,1.0,2,2.3055816161722826e+59,2.2669388266015466e+59
2010-09-24,0.17136843092108894,0.0,0.17136843092108894,1.0,2,2.7006855200962353e+59,2.6554205763103484e+59
2010-09-27,0.16650218182628723,0.0,0.16650218182628723,1.0,2,3.15035555161892e+59,3.0975538959324387e+59
2010-09-28,0.16745870685992775,0.0,0.16745870685992775,1.0,2,3.677910018442019e+59,3.6162662657742162e+59
2010-09-29,0.16459563073345035,0.0,0.16459563073345035,1.0,2,4.28327793770836e+59,4.211487892689422e+59
2010-09-30,0.16774673864112705,0.0,0.16774673864112705,1.0,2,5.00178384245243e+59,4.917951251514666e+59
2010-10-01,0.323291835956909,0.0005,0.322791835956909,1.0,2,6.618819723938479e+59,6.505425765137664e+59
2010-10-04,0.0975109435459422,0.0,0.0975109435459422,1.0,2,7.2642270803802125e+59,7.13977596966432e+59
2010-10-05,0.11663572135035766,0.0,0.11663572135035766,1.0,2,8.111495445953162e+59,7.972528890166068e+59
2010-10-06,0.10318511501302458,0.0,0.10318511501302458,1.0,2,8.948481036471462e+59,8.795175200642514e+59
2010-10-07,0.09193122169543733,0.0,0.09193122169543733,1.0,2,9.771125830472738e+59,9.603726401862994e+59
2010-10-08,0.10796068945013515,0.0,0.10796068945013515,1.0,2,1.0826023311834598e+60,1.0640551325498588e+60
2010-10-11,0.10170956036620787,0.0,0.10170956036620787,1.0,2,1.1927133383395613e+60,1.172279712286912e+60
2010-10-12,0.09342214242004077,0.0,0.09342214242004077,1.0,2,1.304139173700202e+60,1.2817965945243044e+60
2010-10-13,0.1183559067822737,0.0,0.1183559067822737,1.0,2,1.4584917481737747e+60,1.4335047927796588e+60
2010-10-14,0.10316065563525773,0.0,0.10316065563525773,1.0,2,1.6089507131539947e+60,1.5813860870590928e+60
2010-10-15,0.09643580065619928,0.0,0.09643580065619928,1.0,2,1.7641111633933626e+60,1.73388832051121e+60
2010-10-18,0.09832484962698651,0.0,0.09832484962698651,1.0,2,1.937567128259303e+60,1.904372628895463e+60
2010-10-19,0.06417127887409274,0.0,0.06417127887409274,1.0,2,2.0619032887841056e+60,2.0265786559445027e+60
2010-10-20,0.11419091461724734,0.0,0.11419091461724734,1.0,2,2.2973539111826727e+60,2.257995526210597e+60
2010-10-21,0.0952911288351676,0.0,0.0952911288351676,1.0,2,2.516271358713157e+60,2.4731624688079635e+60
2010-10-22,0.103036938979779,0.0,0.103036938979779,1.0,2,2.7755402571574503e+60,2.727989559193609e+60
2010-10-25,0.11324610632936005,0.0,0.11324610632936005,1.0,2,3.0898593842409224e+60,3.036923754879433e+60
2010-10-26,0.09679089363125626,0.0,0.09679089363125626,1.0,2,3.388929635236524e+60,3.3308703190042036e+60
2010-10-27,0.08264206250107892,0.0,0.08264206250107892,1.0,2,3.668997769963499e+60,3.606140312090337e+60
2010-10-28,0.11255124642125236,0.0,0.11255124642125236,1.0,2,4.081948042089686e+60,4.0120158989860284e+60
2010-10-29,0.10522299186506906,0.0,0.10522299186506906,1.0,2,4.511462827716124e+60,4.434172215287563e+60
2010-11-01,0.10514558880997071,0.0,0.10514558880997071,1.0,2,4.9858232431306315e+60,4.900405863748786e+60
2010-11-02,0.10954906423220712,0.0,0.10954906423220712,1.0,2,5.53201551384278e+60,5.437240740480486e+60
2010-11-03,0.09980570664172245,0.0,0.09980570664172245,1.0,2,6.084142231354829e+60,5.979908394765303e+60
2010-11-04,0.13019677094928467,0.0,0.13019677094928467,1.0,2,6.876277903873403e+60,6.758473158336265e+60
2010-11-05,0.09776037770942031,0.0,0.09776037770942031,1.0,2,7.548505428991008e+60,7.419184047034196e+60
2010-11-08,0.09971343571337515,0.0,0.09971343571337515,1.0,2,8.301192839816766e+60,8.158976378553838e+60
2010-11-09,0.09085063799893656,0.0,0.09085063799893656,1.0,2,9.055361505466323e+60,8.900224587963705e+60
2010-11-10,0.10970822020020565,0.0,0.10970822020020565,1.0,2,1.0048809099500487e+61,9.876652386891312e+60
2010-11-11,0.09498244288288682,0.0,0.09498244288288682,1.0,2,1.1003269535834824e+61,1.0814760958103342e+61
2010-11-12,0.07135545815932942,0.0,0.07135545815932942,1.0,2,1.178841287481491e+61,1.1586453181152435e+61
2010-11-15,0.09692188001711827,0.0,0.09692188001711827,1.0,2,1.2930968013059974e+61,1.270943400620005e+61
2010-11-16,0.08086591971231905,0.0,0.08086591971231905,1.0,2,1.3976642634206647e+61,1.373719407613444e+61
2010-11-17,0.10007253865078769,0.0,0.10007253865078769,1.0,2,1.537532074442654e+61,1.5111909961271775e+61
2010-11-18,0.12311160985750214,0.0,0.12311160985750214,1.0,2,1.7268201233348336e+61,1.6972361524625566e+61
2010-11-19,0.09883227953150803,0.0,0.09883227953150803,1.0,2,1.897485692464895e+61,1.864977870313717e+61
2010-11-22,0.10206020783139297,0.0,0.10206020783139297,1.0,2,2.091143476594957e+61,2.0553178993588838e+61
2010-11-23,0.08101997787008408,0.0,0.08101997787008408,1.0,2,2.260567874791851e+61,2.221839710080928e+61
2010-11-24,0.11338535712520992,0.0,0.11338535712520992,1.0,2,2.5168831705809016e+61,2.473763799083427e+61
2010-11-26,0.07987781595109289,0.0,0.07987781595109289,1.0,2,2.717926301250966e+61,2.6713626485330895e+61
2010-11-29,0.10366547680027866,0.0,0.10366547680027866,1.0,2,2.999681427178165e+61,2.9482907311997277e+61
2010-11-30,0.09896919400966564,0.0,0.09896919400966564,1.0,2,3.2965574803117514e+61,3.240080688572732e+61
2010-12-01,0.06137265109707579,0.0005,0.06087265109707579,1.0,2,3.49887595237238e+61,3.4373129898545934e+61
2010-12-02,0.11987556107503983,0.0,0.11987556107503983,1.0,2,3.918305670294983e+61,3.849362813103935e+61
2010-12-03,0.10732853176864171,0.0,0.10732853176864171,1.0,2,4.338851664908487e+61,4.262509272079188e+61
2010-12-06,0.106647276102385,0.0,0.106647276102385,1.0,2,4.801578376383276e+61,4.7170942753075936e+61
2010-12-07,0.11442279849904186,0.0,0.11442279849904186,1.0,2,5.350988411421535e+61,5.256837403072098e+61
2010-12-08,0.10787707614483377,0.0,0.10787707614483377,1.0,2,5.928237395730579e+61,5.823929651884317e+61
2010-12-09,0.11097729444511584,0.0,0.11097729444511584,1.0,2,6.586137142737119e+61,6.470253607689124e+61
2010-12-10,0.11433049786857719,0.0,0.11433049786857719,1.0,2,7.339133481296983e+61,7.21000092399218e+61
2010-12-13,0.11272484022122231,0.0,0.11272484022122231,1.0,2,8.166436130338409e+61,8.022747126144064e+61
2010-12-14,0.11137739064867103,0.0,0.11137739064867103,1.0,2,9.075992477434531e+61,8.916299766888114e+61
2010-12-15,0.09979142376713873,0.0,0.09979142376713873,1.0,2,9.981698688857563e+61,9.806070015360485e+61
2010-12-16,0.11495600991498522,0.0,0.11495600991498522,1.0,2,1.1129154942302266e+62,1.0933336697273304e+62
2010-12-17,0.10738942416173752,0.0,0.10738942416173752,1.0,2,1.2324308482962862e+62,1.2107461429359876e+62
2010-12-20,0.10875670084061306,0.0,0.10875670084061306,1.0,2,1.3664659613711884e+62,1.342422898997203e+62
2010-12-21,0.12131727200601883,0.0,0.12131727200601883,1.0,2,1.5322418840938231e+62,1.505281982981955e+62
2010-12-22,0.10232215015468532,0.0,0.10232215015468532,1.0,2,1.6890241682313694e+62,1.6593056720697773e+62
2010-12-23,0.09749871937428162,0.0,0.09749871937428162,1.0,2,1.853701861626139e+62,1.8210858501470622e+62
2010-12-27,0.09931433138738449,0.0,0.09931433138738449,1.0,2,2.037801022605089e+62,2.0019457737534443e+62
2010-12-28,0.10199215939800071,0.0,0.10199215939800071,1.0,2,2.245640749324036e+62,2.206128546216259e+62
2010-12-29,0.10967214571572781,0.0,0.10967214571572781,1.0,2,2.4919249888090776e+62,2.4480793976045154e+62
2010-12-30,0.10518443380712139,0.0,0.10518443380712139,1.0,2,2.7540367078467776e+62,2.705579242956425e+62
2010-12-31,0.10209554551335642,0.0,0.10209554551335642,1.0,2,3.035211587898203e+62,2.9818068316956753e+62
2011-01-03,0.2866110182294224,0.0005,0.2861110182294224,1.0,2,3.9051366716474487e+62,3.834934620475573e+62
2011-01-04,-0.0027516016112288377,0.0,-0.0027516016112288377,1.0,2,3.894391291289675e+62,3.824382408194915e+62
2011-01-05,0.010864074078196673,0.0,0.010864074078196673,1.0,2,3.9367002467677302e+62,3.865930781980897e+62
2011-01-06,0.00846394707756648,0.0,0.00846394707756648,1.0,2,3.970020269316615e+62,3.8986518155251187e+62
2011-01-07,0.00783798719569534,0.0,0.00783798719569534,1.0,2,4.0011372373541697e+62,3.929209398535679e+62
2011-01-10,0.012300898397805349,0.0,0.012300898397805349,1.0,2,4.0503548199865386e+62,3.977542204130768e+62
2011-01-11,0.013040149190733097,0.0,0.013040149190733097,1.0,2,4.1031720511145677e+62,4.0294099478850703e+62
2011-01-12,0.014714928844180075,0.0,0.014714928844180075,1.0,2,4.163549935882147e+62,4.0887024285522305e+62
2011-01-13,0.003972980286985173,0.0,0.003972980286985173,1.0,2,4.180091637701285e+62,4.104946762700217e+62
2011-01-14,0.0071285210354869455,0.0,0.0071285210354869455,1.0,2,4.209889508870902e+62,4.13420896204768e+62
2011-01-18,0.01196583402820034,0.0,0.01196583402820034,1.0,2,4.260264348011113e+62,4.183678220325441e+62
2011-01-19,0.005290459886345411,0.0,0.005290459886345411,1.0,2,4.282803105649494e+62,4.20581180212745e+62
2011-01-20,-0.004205609568865731,0.0,-0.004205609568865731,1.0,2,4.264791307926807e+62,4.188123799767574e+62
2011-01-21,0.005617423760303497,0.0,0.005617423760303497,1.0,2,4.288748447952691e+62,4.211650265911481e+62
2011-01-24,0.012667163793921243,0.0,0.012667163793921243,1.0,2,4.343074727013833e+62,4.264999929672494e+62
2011-01-25,0.007901307593182583,0.0,0.007901307593182583,1.0,2,4.377390696332147e+62,4.2986990060017385e+62
2011-01-26,0.01551273325530833,0.0,0.01551273325530833,1.0,2,4.445295990558615e+62,4.365383577026702e+62
2011-01-27,-0.0003397715742985974,0.0,-0.0003397715742985974,1.0,2,4.44378560534168e+62,4.363900343776319e+62
2011-01-28,0.006980558967694783,0.0,0.006980558967694783,1.0,2,4.474805712799561e+62,4.394362807455193e+62
2011-01-31,0.009673386865795164,0.0,0.009673386865795164,1.0,2,4.518092239608741e+62,4.436871178920369e+62
2011-02-01,-0.16329092314040994,0.0005,-0.16379092314040994,1.0,2,3.7803287869695078e+62,3.7101519526699225e+62
2011-02-02,0.11921443519714892,0.0,0.11921443519714892,1.0,2,4.230998548167601e+62,4.152455622203066e+62
2011-02-03,0.12094683843293719,0.0,0.12094683843293719,1.0,2,4.74272444598282e+62,4.654682001441603e+62
2011-02-04,0.12168023351081947,0.0,0.12168023351081947,1.0,2,5.319820264047482e+62,5.221064794295626e+62
2011-02-07,0.12417170732274246,0.0,0.12417170732274246,1.0,2,5.98039142888438e+62,5.8693733238459765e+62
2011-02-08,0.12621464220248296,0.0,0.12621464220248296,1.0,2,6.735204393311819e+62,6.610174177867995e+62
2011-02-09,0.11746271291310029,0.0,0.11746271291310029,1.0,2,7.526339773374456e+62,7.386623169628492e+62
2011-02-10,0.11209767951339783,0.0,0.11209767951339783,1.0,2,8.370024997199125e+62,8.214646486383746e+62
2011-02-11,0.1199742795670577,0.0,0.1199742795670577,1.0,2,9.374212716196355e+62,9.200192780485698e+62
2011-02-14,0.12160146726276966,0.0,0.12160146726276966,1.0,2,1.0514130736919144e+63,1.03189497216931e+63
2011-02-15,0.11937943100860782,0.0,0.11937943100860782,1.0,2,1.1769301681842666e+63,1.1550820068075255e+63
2011-02-16,0.13051337821503112,0.0,0.13051337821503112,1.0,2,1.33053530035718e+63,1.3058356616313733e+63
2011-02-17,0.12141796733181653,0.0,0.12141796733181653,1.0,2,1.4920861919897768e+63,1.4643875733360524e+63
2011-02-18,0.12096269425122569,0.0,0.12096269425122569,1.0,2,1.6725729578279118e+63,1.6415238396347956e+63
2011-02-22,0.08722702262158138,0.0,0.08722702262158138,1.0,2,1.8184665170566125e+63,1.7847090767284853e+63
2011-02-23,0.11921369038649354,0.0,0.11921369038649354,1.0,2,2.0352526213992048e+63,1.9974708320315596e+63
2011-02-24,0.12488761372712442,0.0,0.12488761372712442,1.0,2,2.289430464617626e+63,2.246930197733515e+63
2011-02-25,0.13579154075137806,0.0,0.13579154075137806,1.0,2,2.600315754851197e+63,2.5520443112445477e+63
2011-02-28,0.13123382786724042,0.0,0.13123382786724042,1.0,2,2.9415651450238122e+63,2.886958855095985e+63
2011-03-01,0.05586204344551704,0.0005,0.05536204344551704,1.0,2,3.105886984952951e+63,3.0467867966572294e+63
2011-03-02,0.15257981115065272,0.0,0.15257981115065272,1.0,2,3.579782634572342e+63,3.5116649507074914e+63
2011-03-03,0.16712475819592248,0.0,0.16712475819592248,1.0,2,4.1780529417692075e+63,4.098551106459577e+63
2011-03-04,0.14202682932600647,0.0,0.14202682932600647,1.0,2,4.771448553844882e+63,4.680655324940627e+63
2011-03-07,0.1465467271767325,0.0,0.1465467271767325,1.0,2,5.4706887233030026e+63,5.366590043853021e+63
2011-03-08,0.15395294879716936,0.0,0.15395294879716936,1.0,2,6.3129173842069216e+63,6.1927924060897236e+63
2011-03-09,0.14820344245132727,0.0,0.14820344245132727,1.0,2,7.248513472457216e+63,7.110585559058658e+63
2011-03-10,0.12406776667257047,0.0,0.12406776667257047,1.0,2,8.14782035068102e+63,7.992780029105296e+63
2011-03-11,0.14811874363777128,0.0,0.14811874363777128,1.0,2,9.354665264410158e+63,9.176660565189442e+63
2011-03-14,0.12866310294772254,0.0,0.12866310294772254,1.0,2,1.0558265524366447e+64,1.0357358188204716e+64
2011-03-15,0.10664400109067085,0.0,0.10664400109067085,1.0,2,1.1684241204462574e+64,1.1461908306124088e+64
2011-03-16,0.12914673257593762,0.0,0.12914673257593762,1.0,2,1.3193222778648053e+64,1.2942176312945014e+64
2011-03-17,0.1860743999777344,0.0,0.1860743999777344,1.0,2,1.5648143790957568e+64,1.5350384004782304e+64
2011-03-18,0.1645338863770313,0.0,0.1645338863770313,1.0,2,1.822279370347043e+64,1.7876042342468955e+64
2011-03-21,0.17373988303454546,0.0,0.17373988303454546,1.0,2,2.1388819750074033e+64,2.0981823848170092e+64
2011-03-22,0.14634655108336087,0.0,0.14634655108336087,1.0,2,2.451899975224104e+64,2.4052441403788393e+64
2011-03-23,0.14562885531206216,0.0,0.14562885531206216,1.0,2,2.8089673619556636e+64,2.7555170912882547e+64
2011-03-24,0.1606987657528593,0.0,0.1606987657528593,1.0,2,3.260364950062004e+64,3.1983252868691864e+64
2011-03-25,0.14301864170488965,0.0,0.14301864170488965,1.0,2,3.7266579166821023e+64,3.6557454251276194e+64
2011-03-28,0.1491974671369058,0.0,0.1491974671369058,1.0,2,4.2826658387367705e+64,4.2011733830539914e+64
2011-03-29,0.15182311549906413,0.0,0.15182311549906413,1.0,2,4.9328735090151994e+64,4.8390086148209913e+64
2011-03-30,0.15919039198681595,0.0,0.15919039198681595,1.0,2,5.71813957653671e+64,5.609332293041925e+64
2011-03-31,0.1436988903738865,0.0,0.1436988903738865,1.0,2,6.53982988868804e+64,6.415387119290457e+64
2011-04-01,0.36724429437224193,0.001,0.36624429437224193,1.0,2,8.941545101473778e+64,8.764986047919761e+64
2011-04-04,0.025278707364895125,0.0,0.025278707364895125,1.0,2,9.167575803483946e+64,8.986553565282514e+64
2011-04-05,0.03152013320753583,0.0,0.03152013320753583,1.0,2,9.456539013999942e+64,9.269810930736876e+64
2011-04-06,0.024667810745503116,0.0,0.024667810745503116,1.0,2,9.68981112870476e+64,9.49847687242289e+64
2011-04-07,0.019744216943837767,0.0,0.019744216943837767,1.0,2,9.88112886177472e+64,9.686016860428033e+64
2011-04-08,0.022243116132935337,0.0,0.022243116132935337,1.0,2,1.0100915958571674e+65,9.901464058320103e+64
2011-04-11,0.014431616885588971,0.0,0.014431616885588971,1.0,2,1.0246688507879312e+65,1.0044358194216207e+65
2011-04-12,0.011465606312618115,0.0,0.011465606312618115,1.0,2,1.0364173004318685e+65,1.0159522850934011e+65
2011-04-13,0.0244013134609386,0.0,0.0244013134609386,1.0,2,1.0617072438560464e+65,1.040742855263322e+65
2011-04-14,0.028476360339256768,0.0,0.028476360339256768,1.0,2,1.0919408019068903e+65,1.0703794238303075e+65
2011-04-15,0.030229488925822612,0.0,0.030229488925822612,1.0,2,1.1249496142857884e+65,1.102736446769414e+65
2011-04-18,0.014674368922817926,0.0,0.014674368922817926,1.0,2,1.1414575399453999e+65,1.1189184082139457e+65
2011-04-19,0.02233150237410375,0.0,0.02233150237410375,1.0,2,1.1669480017086292e+65,1.1439055373034038e+65
2011-04-20,0.035181820917636886,0.0,0.035181820917636886,1.0,2,1.2080033573249363e+65,1.1841502170635054e+65
2011-04-21,0.02660713247386387,0.0,0.02660713247386387,1.0,2,1.2401448626821533e+65,1.2156570587578687e+65
2011-04-25,0.021245331251172728,0.0,0.021245331251172728,1.0,2,1.2664921510892758e+65,1.2414840956590058e+65
2011-04-26,0.024359059962390794,0.0,0.024359059962390794,1.0,2,1.2973427093395569e+65,1.2717254811875182e+65
2011-04-27,0.03366168093981192,0.0,0.03366168093981192,1.0,2,1.3410134456909364e+65,1.3145338985782813e+65
2011-04-28,0.025226261651396187,0.0,0.025226261651396187,1.0,2,1.3748422017499763e+65,1.3476946746534468e+65
2011-04-29,0.031751101067999055,0.0,0.031751101067999055,1.0,2,1.4184949554502902e+65,1.3904854644771727e+65
2011-05-02,-0.008879442651720304,0.0005,-0.009379442651720304,1.0,2,1.405899510841615e+65,1.3774434858050583e+65
2011-05-03,0.03270107640852293,0.0,0.03270107640852293,1.0,2,1.4518739381683516e+65,1.4224873704827916e+65
2011-05-04,0.026529522922441262,0.0,0.026529522922441262,1.0,2,1.490391461091484e+65,1.4602252817848982e+65
2011-05-05,0.0168908485641307,0.0,0.0168908485641307,1.0,2,1.5155654375620536e+65,1.484889725889042e+65
2011-05-06,0.047149853381261764,0.0,0.047149853381261764,1.0,2,1.5870241257328122e+65,1.5549020587520522e+65
2011-05-09,0.04495353304253191,0.0,0.04495353304253191,1.0,2,1.6583664672082376e+65,1.6248003998280634e+65
2011-05-10,0.0422891041426281,0.0,0.0422891041426281,1.0,2,1.728497299446649e+65,1.6935117531473763e+65
2011-05-11,0.027322515232299394,0.0,0.027322515232299394,1.0,2,1.7757241932397681e+65,1.7397827538188234e+65
2011-05-12,0.03763758377641252,0.0,0.03763758377641252,1.0,2,1.8425581613266324e+65,1.805263972968437e+65
2011-05-13,0.03028748307527357,0.0,0.03028748307527357,1.0,2,1.8983646104530198e+65,1.8599408749961195e+65
2011-05-16,0.03206698563545313,0.0,0.03206698563545313,1.0,2,1.9592394411472694e+65,1.9195835723174124e+65
2011-05-17,0.033131416440144223,0.0,0.033131416440144223,1.0,2,2.0241518189778748e+65,1.9831820950435202e+65
2011-05-18,0.04288377087743683,0.0,0.04288377087743683,1.0,2,2.1109550818040687e+65,2.0682284216156015e+65
2011-05-19,0.03833812907838402,0.0,0.03833812907838402,1.0,2,2.1918851502089438e+65,2.147520429807083e+65
2011-05-20,0.03891959158317676,0.0,0.03891959158317676,1.0,2,2.2771924250523062e+65,2.2311010478517027e+65
2011-05-23,0.029769089767768486,0.0,0.029769089767768486,1.0,2,2.3449823707721705e+65,2.297518895226162e+65
2011-05-24,0.03939540978842726,0.0,0.03939540978842726,1.0,2,2.4373639122153777e+65,2.3880305936002515e+65
2011-05-25,0.036517521835043865,0.0,0.036517521835043865,1.0,2,2.526370402099651e+65,2.475235552944802e+65
2011-05-26,0.0361743311712428,0.0,0.0361743311712428,1.0,2,2.6177601616864294e+65,2.5647755435638614e+65
2011-05-27,0.043559313319156134,0.0,0.043559313319156134,1.0,2,2.7317879967637335e+65,2.6764954050592687e+65
2011-05-31,0.04270136040811068,0.0,0.04270136040811068,1.0,2,2.848439060572092e+65,2.7907853999813565e+65
2011-06-01,0.02786893730718426,0.0,0.02786893730718426,1.0,2,2.927822030174511e+65,2.8685616233312424e+65
2011-06-02,0.03477443722842577,0.0,0.03477443722842577,1.0,2,3.0296353935788163e+65,2.968314239437646e+65
2011-06-03,0.03171281283966926,0.0,0.03171281283966926,1.0,2,3.125713653787819e+65,3.0624478333622573e+65
2011-06-06,0.03248829683065979,0.0,0.03248829683065979,1.0,2,3.227262766779724e+65,3.1619415476009415e+65
2011-06-07,0.03732568158740873,0.0,0.03732568158740873,1.0,2,3.347722549211444e+65,3.2799631710046927e+65
2011-06-08,0.03230485131786848,0.0,0.03230485131786848,1.0,2,3.4558702284171953e+65,3.385921893572084e+65
2011-06-09,0.04251129429476158,0.0,0.04251129429476158,1.0,2,3.6027837447419437e+65,3.5298618156488033e+65
2011-06-10,0.02549327403680679,0.0,0.02549327403680679,1.0,2,3.694630498042003e+65,3.619849550227199e+65
2011-06-13,0.032340621628325794,0.0,0.032340621628325794,1.0,2,3.814117145035652e+65,3.736917734882562e+65
2011-06-14,0.04673331807711245,0.0,0.04673331807711245,1.0,2,3.9923634947579707e+65,3.911556300014831e+65
2011-06-15,0.02878331225315295,0.0,0.02878331225315295,1.0,2,4.107276939855678e+65,4.0241438463939453e+65
2011-06-16,0.03678384048329364,0.0,0.03678384048329364,1.0,2,4.258358359632039e+65,4.172167311721528e+65
2011-06-17,0.04210686588711682,0.0,0.04210686588711682,1.0,2,4.437664483980349e+65,4.3478442011748e+65
2011-06-20,0.03639749170943313,0.0,0.03639749170943313,1.0,2,4.59918434024527e+65,4.506094824440966e+65
2011-06-21,0.04408096036783071,0.0,0.04408096036783071,1.0,2,4.801920802871969e+65,4.704727811810835e+65
2011-06-22,0.03264556880431474,0.0,0.03264556880431474,1.0,2,4.958682238834997e+65,4.85831632729688e+65
2011-06-23,0.022035555111667215,0.0,0.022035555111667215,1.0,2,5.06794955459009e+65,4.965372024476942e+65
2011-06-24,0.0234732730320808,0.0,0.0234732730320808,1.0,2,5.186910918197795e+65,5.081925557713345e+65
2011-06-27,0.03680022568188274,0.0,0.03680022568188274,1.0,2,5.377790410579295e+65,5.268941565135723e+65
2011-06-28,0.04283717074310789,0.0,0.04283717074310789,1.0,2,5.608159736617929e+65,5.4946481145969e+65
2011-06-29,0.04273097089920391,0.0,0.04273097089920391,1.0,2,5.8478018471214365e+65,5.7294397632831055e+65
2011-06-30,0.03553853800772827,0.0,0.03553853800772827,1.0,2,6.055624175327025e+65,5.933055676073531e+65
2011-07-01,0.03727793256107609,0.0,0.03727793256107609,1.0,2,6.281365324950088e+65,6.15422772544731e+65
2011-07-05,0.04371353363307895,0.0,0.04371353363307895,1.0,2,6.55594599934395e+65,6.423250766109278e+65
2011-07-06,0.03917903453687149,0.0,0.03917903453687149,1.0,2,6.812801634074111e+65,6.674907529713659e+65
2011-07-07,0.04218148663616794,0.0,0.04218148663616794,1.0,2,7.100175735156672e+65,6.956465052475934e+65
2011-07-08,0.03299162490944213,0.0,0.03299162490944213,1.0,2,7.334422069802084e+65,7.185970138182863e+65
2011-07-11,0.029229275748907435,0.0,0.029229275748907435,1.0,2,7.548801914939201e+65,7.396010840875224e+65
2011-07-12,0.03670193393860849,0.0,0.03670193393860849,1.0,2,7.825857544136942e+65,7.667458742166259e+65
2011-07-13,0.042192449347073335,0.0,0.042192449347073335,1.0,2,8.156049642165351e+65,7.990967606765883e+65
2011-07-14,0.03435287073182641,0.0,0.03435287073182641,1.0,2,8.436233361205016e+65,8.265480283983324e+65
2011-07-15,0.04088159241151118,0.0,0.04088159241151118,1.0,2,8.781120014966192e+65,8.603386280038511e+65
2011-07-18,0.03503677869878591,0.0,0.03503677869878591,1.0,2,9.088782173658043e+65,8.904821221192392e+65
2011-07-19,0.03661969205950538,0.0,0.03661969205950538,1.0,2,9.421610578053323e+65,9.230913032157406e+65
2011-07-20,0.03989369973900975,0.0,0.03989369973900975,1.0,2,9.797473481512062e+65,9.599168304979206e+65
2011-07-21,0.038027685960743296,0.0,0.038027685960743296,1.0,2,1.0170048726275713e+66,9.964202462765276e+65
2011-07-22,0.03950440103106673,0.0,0.03950440103106673,1.0,2,1.0571810409664e+66,1.0357832312809098e+66
2011-07-25,0.03427509345148533,0.0,0.03427509345148533,1.0,2,1.0934160199406617e+66,1.0712847983285443e+66
2011-07-26,0.03478274703042611,0.0,0.03478274703042611,1.0,2,1.131448032761273e+66,1.108547026466347e+66
2011-07-27,0.0238279785413279,0.0,0.0238279785413279,1.0,2,1.1584081522065361e+66,1.1349614612250399e+66
2011-07-28,0.03432274407307706,0.0,0.03432274407307706,1.0,2,1.1981678987468871e+66,1.1739164529914726e+66
2011-07-29,0.03281306980315829,0.0,0.03281306980315829,1.0,2,1.2374834656443724e+66,1.212436255506558e+66
2011-08-01,0.08867941655488243,0.0005,0.08817941655488243,1.0,2,1.3472227773740293e+66,1.3193481771271125e+66
2011-08-02,0.008656688601051066,0.0,0.008656688601051066,1.0,2,1.3588852654339993e+66,1.3307693634528661e+66
2011-08-03,0.012729927309924893,0.0,0.012729927309924893,1.0,2,1.376183776085502e+66,1.3477099607158961e+66
2011-08-04,-0.016542399025001653,0.0,-0.016542399025001653,1.0,2,1.3534183949297622e+66,1.3254156047757645e+66
2011-08-05,0.010528249219452612,0.0,0.010528249219452612,1.0,2,1.3676675210897741e+66,1.3393699105821952e+66
2011-08-08,-0.0059088219494518035,0.0,-0.0059088219494518035,1.0,2,1.3595862172216065e+66,1.3314558122561118e+66
2011-08-09,0.035880085384155214,0.0,0.035880085384155214,1.0,2,1.4083682867826383e+66,1.3792285604850908e+66
2011-08-10,0.004899634949442455,0.0,0.004899634949442455,1.0,2,1.4152687772622448e+66,1.3859862769433126e+66
2011-08-11,0.018433892288953146,0.0,0.018433892288953146,1.0,2,1.4413576894622154e+66,1.4115353986864527e+66
2011-08-12,0.010850095058817177,0.0,0.010850095058817177,1.0,2,1.4569965574066377e+66,1.4268506919410862e+66
2011-08-15,0.020840071180907693,0.0,0.020840071180907693,1.0,2,1.4873604693733293e+66,1.4565863619256658e+66
2011-08-16,0.009609977495880495,0.0,0.009609977495880495,1.0,2,1.501653970012269e+66,1.4705841240845778e+66
2011-08-17,0.007441212213835091,0.0,0.007441212213835091,1.0,2,1.5128280958748781e+66,1.4815270526301878e+66
2011-08-18,-0.007474803249359174,0.0,-0.007474803249359174,1.0,2,1.5015200035081107e+66,1.4704529294031741e+66
2011-08-19,0.005495204665501019,0.0,0.005495204665501019,1.0,2,1.5097711632367316e+66,1.47853336920123e+66
2011-08-22,0.02616127190482692,0.0,0.02616127190482692,1.0,2,1.5492686971522346e+66,1.5172136826932633e+66
2011-08-23,0.008417082379377605,0.0,0.008417082379377605,1.0,2,1.562309019403956e+66,1.5299841952476115e+66
2011-08-24,-0.005397564308006364,0.0,-0.005397564308006364,1.0,2,1.5538763560027448e+66,1.521726007163529e+66
2011-08-25,0.003694747603963433,0.0,0.003694747603963433,1.0,2,1.5596175369459415e+66,1.5273484006823854e+66
2011-08-26,0.033810382412077566,0.0,0.033810382412077566,1.0,2,1.6123488022866661e+66,1.5789886341859318e+66
2011-08-29,0.011754572544538544,0.0,0.011754572544538544,1.0,2,1.6313012732502445e+66,1.597548970633472e+66
2011-08-30,0.025766307713572745,0.0,0.025766307713572745,1.0,2,1.6733338838303535e+66,1.6387119089983156e+66
2011-08-31,0.006096476939095985,0.0,0.006096476939095985,1.0,2,1.6835353252645332e+66,1.648702278361346e+66
2011-09-01,-0.028248633850835037,0.0005,-0.028748633850835037,0.5,2,1.635977752286189e+66,1.6013043402316982e+66
2011-09-02,0.03979110151060944,0.0,0.03979110151060944,0.5,2,1.7010751090965075e+66,1.6650220037832371e+66
2011-09-06,0.023697188516830336,0.0,0.023697188516830336,0.5,2,1.7413858066380552e+66,1.7044783440915592e+66
2011-09-07,0.008822806150994011,0.0,0.008822806150994011,0.5,2,1.7567497160441154e+66,1.7195166261100466e+66
2011-09-08,0.03805499505738047,0.0,0.03805499505738047,0.5,2,1.8236028178052286e+66,1.7849528228177482e+66
2011-09-09,0.02179173548818264,0.0,0.02179173548818264,0.5,2,1.8633422880463447e+66,1.8238500425914775e+66
2011-09-12,0.013465016687581932,0.0,0.013465016687581932,0.5,2,1.888432223049566e+66,1.848408213850619e+66
2011-09-13,0.02991897669636262,0.0,0.02991897669636262,0.5,2,1.944932182723646e+66,1.903710696126181e+66
2011-09-14,0.02104653592313116,0.0,0.02104653592313116,0.5,2,1.985866267775393e+66,1.9437772116794494e+66
2011-09-15,0.01683915765496463,0.0,0.01683915765496463,0.5,2,2.019306582940139e+66,1.9765087825930474e+66
2011-09-16,0.029475565625877054,0.0,0.029475565625877054,0.5,2,2.0788267866443564e+66,2.034767496924491e+66
2011-09-19,0.01718297214274478,0.0,0.01718297214274478,0.5,2,2.114547209408858e+66,2.0697308501411072e+66
2011-09-20,0.03181051367111021,0.0,0.03181051367111021,0.5,2,2.1818120423219665e+66,2.1355700516450394e+66
2011-09-21,0.018478976648397594,0.0,0.018478976648397594,0.5,2,2.222129696103227e+66,2.1750332007604057e+66
2011-09-22,0.011496648309902158,0.0,0.011496648309902158,0.5,2,2.2476767397183155e+66,2.200038792531909e+66
2011-09-23,-0.002879520863442009,0.0,-0.002879520863442009,0.5,2,2.2412045076520232e+66,2.1937037349284315e+66
2011-09-26,0.017806058556859627,0.0,0.017806058556859627,0.5,2,2.281111526353173e+66,2.232764952088969e+66
2011-09-27,0.03434684045559361,0.0,0.03434684045559361,0.5,2,2.3594605000102407e+66,2.3094533736732095e+66
2011-09-28,0.011145221008072914,0.0,0.011145221008072914,0.5,2,2.385757208742673e+66,2.3351927419306372e+66
2011-09-29,0.02948074289172059,0.0,0.02948074289172059,0.5,2,2.4560911036156846e+66,2.404035958758106e+66
2011-09-30,0.025875231431114587,0.0,0.025875231431114587,0.5,2,2.519643029337642e+66,2.4662409455596936e+66
2011-10-03,-0.1011121779092593,0.0005,-0.1016121779092593,0.5,2,2.264876435087429e+66,2.215640831832382e+66
2011-10-04,0.07621592645084446,0.0,0.07621592645084446,0.5,2,2.4374960908843033e+66,2.3845079505128065e+66
2011-10-05,0.07548606056465973,0.0,0.07548606056465973,0.5,2,2.621493068426917e+66,2.5645050620821287e+66
2011-10-06,0.0738851361809243,0.0,0.0738851361809243,0.5,2,2.8151824407849887e+66,2.7539838678307365e+66
2011-10-07,0.07384870294357754,0.0,0.07384870294357754,0.5,2,3.023080012586495e+66,2.957362004397573e+66
2011-10-10,0.07056829575916279,0.0,0.07056829575916279,0.5,2,3.236413617018312e+66,3.1660580009908112e+66
2011-10-11,0.0802046271330551,0.0,0.0802046271330551,0.5,2,3.495988964419608e+66,3.419990502441905e+66
2011-10-12,0.07468290314515202,0.0,0.07468290314515202,0.5,2,3.757079569645878e+66,3.675405321893114e+66
2011-10-13,0.07990369623979626,0.0,0.07990369623979626,0.5,2,4.0572841143276065e+66,3.969083792291792e+66
2011-10-14,0.07376905041944981,0.0,0.07376905041944981,0.5,2,4.356586110723473e+66,4.2618793346843865e+66
2011-10-17,0.08028681331156212,0.0,0.08028681331156212,0.5,2,4.7063625264708736e+66,4.604052045184596e+66
2011-10-18,0.07739526996210705,0.0,0.07739526996210705,0.5,2,5.0706127247466305e+66,4.960383896141249e+66
2011-10-19,0.0774437787609058,0.0,0.0774437787609058,0.5,2,5.463300134784142e+66,5.3445347691631716e+66
2011-10-20,0.07614210253413028,0.0,0.07614210253413028,0.5,2,5.879287293821604e+66,5.751478883554018e+66
2011-10-21,0.07625086794195296,0.0,0.07625086794195296,0.5,2,6.327588052855596e+66,6.190034140374826e+66
2011-10-24,0.07735854141461423,0.0,0.07735854141461423,0.5,2,6.817081035297044e+66,6.668886152780889e+66
2011-10-25,0.08024909725414625,0.0,0.08024909725414625,0.5,2,7.364145634287993e+66,7.204058246232232e+66
2011-10-26,0.07371186092525162,0.0,0.07371186092525162,0.5,2,7.906970513115928e+66,7.735082785775915e+66
2011-10-27,0.070812055761864,0.0,0.070812055761864,0.5,2,8.466879349998108e+66,8.282819899324914e+66
2011-10-28,0.08071238921795909,0.0,0.08071238921795909,0.5,2,9.150261411556657e+66,8.951346082861483e+66
2011-10-31,0.0842348752410702,0.0,0.0842348752410702,0.5,2,9.92103253998231e+66,9.705361603390964e+66
2011-11-01,0.12306676868775568,0.0005,0.12256676868775568,1.0,2,1.1141981956724012e+67,1.0894916414064809e+67
2011-11-02,0.062385195585818176,0.0,0.062385195585818176,1.0,2,1.1837076680307896e+67,1.1574597905447382e+67
2011-11-03,0.06700365273097014,0.0,0.06700365273097014,1.0,2,1.263020405554511e+67,1.2350138244004592e+67
2011-11-04,0.058406125527956376,0.0,0.058406125527956376,1.0,2,1.3367885339056982e+67,1.307146196857154e+67
2011-11-07,0.06341586592730769,0.0,0.06341586592730769,1.0,2,1.421562136345024e+67,1.3900400048244374e+67
2011-11-08,0.06411410822922209,0.0,0.06411410822922209,1.0,2,1.512704325009213e+67,1.4791611801366996e+67
2011-11-09,0.048015950587841194,0.0,0.048015950587841194,1.0,2,1.5853382611328694e+67,1.5501845102735963e+67
2011-11-10,0.05811835052335196,0.0,0.05811835052335196,1.0,2,1.6774755058914707e+67,1.640278677017548e+67
2011-11-11,0.066960207573871,0.0,0.066960207573871,1.0,2,1.7897996139660477e+67,1.7501120777096373e+67
2011-11-14,0.060553068677770716,0.0,0.060553068677770716,1.0,2,1.8981774729099812e+67,1.856086734544985e+67
2011-11-15,0.06438903789415323,0.0,0.06438903789415323,1.0,2,2.0203992941430098e+67,1.975598373630437e+67
2011-11-16,0.05422249140451291,0.0,0.05422249140451291,1.0,2,2.129950377503363e+67,2.082720239463383e+67
2011-11-17,0.04967868910003481,0.0,0.04967868910003481,1.0,2,2.2357635201058546e+67,2.1861870507220347e+67
2011-11-18,0.05487458146932245,0.0,0.05487458146932245,1.0,2,2.3584501075360422e+67,2.3061531501440584e+67
2011-11-21,0.052065396755296256,0.0,0.052065396755296256,1.0,2,2.4812437481124773e+67,2.426223928884785e+67
2011-11-22,0.06270460981392922,0.0,0.06270460981392922,1.0,2,2.6368291691911214e+67,2.578359353666724e+67
2011-11-23,0.04974378296000731,0.0,0.04974378296000731,1.0,2,2.767995027085981e+67,2.7066167017484265e+67
2011-11-25,0.052687932133672455,0.0,0.052687932133672455,1.0,2,2.91383496121943e+67,2.849222738842012e+67
2011-11-28,0.07622577036934186,0.0,0.07622577036934186,1.0,2,3.135944275867502e+67,3.0664069370640906e+67
2011-11-29,0.05565661134823113,0.0,0.05565661134823113,1.0,2,3.3104803076391697e+67,3.2370727561957865e+67
2011-11-30,0.07617202292718983,0.0,0.07617202292718983,1.0,2,3.562646289532671e+67,3.4836471363977136e+67
2011-12-01,0.019234470711727236,0.0005,0.018734470711727236,0.5,2,3.631171905244931e+67,3.5489114216445485e+67
2011-12-02,0.07724316282027716,0.0,0.07724316282027716,0.5,2,3.9116551079501815e+67,3.8230405644213797e+67
2011-12-05,0.07410905341734364,0.0,0.07410905341734364,0.5,2,4.2015441652954865e+67,4.1063624818267554e+67
2011-12-06,0.07421402286780332,0.0,0.07421402286780332,0.5,2,4.513357660058811e+67,4.411112160956535e+67
2011-12-07,0.07821854229442582,0.0,0.07821854229442582,0.5,2,4.8663859170819925e+67,4.7561429240837704e+67
2011-12-08,0.07777773927143605,0.0,0.07777773927143605,0.5,2,5.244882412134984e+67,5.1260649683708435e+67
2011-12-09,0.07313995668468648,0.0,0.07313995668468648,0.5,2,5.62849288457481e+67,5.500985138120376e+67
2011-12-12,0.07852738748249721,0.0,0.07852738748249721,0.5,2,6.070483726264295e+67,5.932963129597013e+67
2011-12-13,0.07710738045757837,0.0,0.07710738045757837,0.5,2,6.538562824506893e+67,6.390438374871635e+67
2011-12-14,0.07797345555193858,0.0,0.07797345555193858,0.5,2,7.048397162277138e+67,6.88872293745209e+67
2011-12-15,0.07470326634627866,0.0,0.07470326634627866,0.5,2,7.574935452805083e+67,7.403333041834295e+67
2011-12-16,0.07844253803193874,0.0,0.07844253803193874,0.5,2,8.169132615151227e+67,7.984069275531489e+67
2011-12-19,0.07715021627714297,0.0,0.07715021627714297,0.5,2,8.799382963206806e+67,8.600041946910435e+67
2011-12-20,0.07141406983011006,0.0,0.07141406983011006,0.5,2,9.427782712603137e+67,9.214205943048972e+67
2011-12-21,0.07531319095340266,0.0,0.07531319095340266,0.5,2,1.0137819112304606e+68,9.908157194721797e+67
2011-12-22,0.07746555380477876,0.0,0.07746555380477876,0.5,2,1.0923150884211954e+68,1.0675698078995724e+68
2011-12-23,0.0737910664459217,0.0,0.0737910664459217,0.5,2,1.1729181836907666e+68,1.1463469225299494e+68
2011-12-27,0.07578211550489583,0.0,0.07578211550489583,0.5,2,1.261804404965013e+68,1.233219517421796e+68
2011-12-28,0.07830970339728899,0.0,0.07830970339728899,0.5,2,1.360615933663216e+68,1.3297925720548447e+68
2011-12-29,0.0757865332565692,0.0,0.0757865332565692,0.5,2,1.4637322983692013e+68,1.430572941041218e+68
2011-12-30,0.07713663559178774,0.0,0.07713663559178774,0.5,2,1.5766396832724362e+68,1.5409225246817865e+68
2012-01-03,0.07101363677727651,0.0,0.07101363677727651,0.5,2,1.688602601068985e+68,1.6503490371514628e+68
2012-01-04,0.07433142005218107,0.0,0.07433142005218107,0.5,2,1.814118830310249e+68,1.7730218246646807e+68
2012-01-05,0.07580638906267989,0.0,0.07580638906267989,0.5,2,1.9516406281666815e+68,1.907428206921834e+68
2012-01-06,0.07728579082308024,0.0,0.07728579082308024,0.5,2,2.1024747175169964e+68,2.0548453043320378e+68
2012-01-09,0.07547984155085086,0.0,0.07547984155085086,0.5,2,2.261169176059849e+68,2.20994470231453e+68
2012-01-10,0.07382238946594821,0.0,0.07382238946594821,0.5,2,2.4280940876233366e+68,2.3730881008270024e+68
2012-01-11,0.07831834467014204,0.0,0.07831834467014204,0.5,2,2.6182583972693555e+68,2.5589444326401843e+68
2012-01-12,0.07451497993263101,0.0,0.07451497993263101,0.5,2,2.8133578692003242e+68,2.7496241256870854e+68
2012-01-13,0.07861907713569521,0.0,0.07861907713569521,0.5,2,3.0345414685292993e+68,2.965797036918647e+68
2012-01-17,0.07565012721327913,0.0,0.07565012721327913,0.5,2,3.264104916657511e+68,3.1901599600503084e+68
2012-01-18,0.07478273491536275,0.0,0.07478273491536275,0.5,2,3.508203609375842e+68,3.4287288466803548e+68
2012-01-19,0.07263813475487879,0.0,0.07263813475487879,0.5,2,3.7630329759012364e+68,3.6777853146834623e+68
2012-01-20,0.07359147825086132,0.0,0.07359147825086132,0.5,2,4.039960135304546e+68,3.9484389726803273e+68
2012-01-23,0.07374912147941115,0.0,0.07374912147941115,0.5,2,4.3379036460951e+68,4.2396328781305706e+68
2012-01-24,0.07624957173429953,0.0,0.07624957173429953,0.5,2,4.668666941334507e+68,4.562903069398682e+68
2012-01-25,0.07701864597414121,0.0,0.07701864597414121,0.5,2,5.028241347660325e+68,4.91433168551502e+68
2012-01-26,0.0783109646446325,0.0,0.0783109646446325,0.5,2,5.422007778061633e+68,5.299177740391384e+68
2012-01-27,0.07705290219371902,0.0,0.07705290219371902,0.5,2,5.839789213078199e+68,5.707494764528894e+68
2012-01-30,0.07794546495185295,0.0,0.07794546495185295,0.5,2,6.294974298512396e+68,6.152368097660366e+68
2012-01-31,0.07629134709020219,0.0,0.07629134709020219,0.5,2,6.775226367644107e+68,6.62174054762566e+68
2012-02-01,0.11500360937955856,0.0005,0.11450360937955856,1.0,2,7.554401854286736e+68,7.379953740703773e+68
2012-02-02,0.060359576500429,0.0,0.060359576500429,1.0,2,8.010382350925539e+68,7.82540462308541e+68
2012-02-03,0.05980187450779556,0.0,0.05980187450779556,1.0,2,8.489418231035048e+68,8.293378488327886e+68
2012-02-06,0.058193064093210733,0.0,0.058193064093210733,1.0,2,8.983443490267743e+68,8.775995594248406e+68
2012-02-07,0.054983582419353416,0.0,0.054983582419353416,1.0,2,9.477385395824483e+68,9.258531271316645e+68
2012-02-08,0.06038726148623047,0.0,0.06038726148623047,1.0,2,1.0049698745927918e+69,9.817628620176084e+68
2012-02-09,0.060116397844631464,0.0,0.060116397844631464,1.0,2,1.0653850433956815e+69,1.040782908819743e+69
2012-02-10,0.05748726246264102,0.0,0.05748726246264102,1.0,2,1.1266311130091412e+69,1.1006146690656945e+69
2012-02-13,0.06205800273356976,0.0,0.06205800273356976,1.0,2,1.1965475896999873e+69,1.1689166172071804e+69
2012-02-14,0.05994774026240618,0.0,0.05994774026240618,1.0,2,1.2682779138189303e+69,1.238990526963927e+69
2012-02-15,0.05560444448636098,0.0,0.05560444448636098,1.0,2,1.3387998026711528e+69,1.3078839069396198e+69
2012-02-16,0.06151510478848421,0.0,0.06151510478848421,1.0,2,1.4211562128232707e+69,1.3883385225261825e+69
2012-02-17,0.055152918821798735,0.0,0.055152918821798735,1.0,2,1.4995371260622074e+69,1.464909444356245e+69
2012-02-21,0.05730286665355633,0.0,0.05730286665355633,1.0,2,1.5854649020390073e+69,1.5488529549057264e+69
2012-02-22,0.057549174525936775,0.0,0.057549174525936775,1.0,2,1.6767070983911973e+69,1.6379881639226088e+69
2012-02-23,0.06120908905895284,0.0,0.06120908905895284,1.0,2,1.7793368125024025e+69,1.7382479273256587e+69
2012-02-24,0.060244513193546956,0.0,0.060244513193546956,1.0,2,1.8865320925789675e+69,1.8429678275170848e+69
2012-02-27,0.06045458495146061,0.0,0.06045458495146061,1.0,2,2.0005816072334396e+69,1.9543836826085252e+69
2012-02-28,0.06325469327761729,0.0,0.06325469327761729,1.0,2,2.1271277831758334e+69,2.0780076229987076e+69
2012-02-29,0.05442374127525318,0.0,0.05442374127525318,1.0,2,2.2428940353067977e+69,2.191100572240793e+69
2012-03-01,0.05870451350927708,0.0,0.05870451350927708,1.0,2,2.3745620385023425e+69,2.319728065384087e+69
2012-03-02,0.05868009341991165,0.0,0.05868009341991165,1.0,2,2.513901560753036e+69,2.455849924969616e+69
2012-03-05,0.051715466537260835,0.0,0.051715466537260835,1.0,2,2.6439091527961272e+69,2.5828553495849166e+69
2012-03-06,0.0545867861048665,0.0,0.0545867861048665,1.0,2,2.7882316562005083e+69,2.723845122092519e+69
2012-03-07,0.06050002637587548,0.0,0.06050002637587548,1.0,2,2.95691974494269e+69,2.8886378238229162e+69
2012-03-08,0.06149146525300875,0.0,0.06149146525300875,1.0,2,3.138745072694769e+69,3.06626439619505e+69
2012-03-09,0.05876774539515406,0.0,0.05876774539515406,1.0,2,3.3232020439871896e+69,3.2464618415448664e+69
2012-03-12,0.058001691506074204,0.0,0.058001691506074204,1.0,2,3.515953383754889e+69,3.434762119764393e+69
2012-03-13,0.06286011726311502,0.0,0.06286011726311502,1.0,2,3.736966625749367e+69,3.650671669383688e+69
2012-03-14,0.05329264908513248,0.0,0.05329264908513248,1.0,2,3.936119476778279e+69,3.845225633585187e+69
2012-03-15,0.058486960460323145,0.0,0.058486960460323145,1.0,2,4.166331140983718e+69,4.070121193177705e+69
2012-03-16,0.0555933113151274,0.0,0.0555933113151274,1.0,2,4.397951285146336e+69,4.2963927077603315e+69
2012-03-19,0.057796891173899356,0.0,0.057796891173899356,1.0,2,4.6521391969620496e+69,4.54471084953109e+69
2012-03-20,0.05780976844867014,0.0,0.05780976844867014,1.0,2,4.921078286729409e+69,4.807439531408641e+69
2012-03-21,0.059750764581177285,0.0,0.059750764581177285,1.0,2,5.215116476925321e+69,5.094687719088084e+69
2012-03-22,0.056717585035964024,0.0,0.056717585035964024,1.0,2,5.51090528917779e+69,5.3836461030271436e+69
2012-03-23,0.05922384360854105,0.0,0.05922384360854105,1.0,2,5.837282282165537e+69,5.7024863178765544e+69
2012-03-26,0.06503448353377406,0.0,0.06503448353377406,1.0,2,6.2169069206270235e+69,6.07334457041807e+69
2012-03-27,0.060499008295078205,0.0,0.060499008295078205,1.0,2,6.593023623987767e+69,6.440775893962661e+69
2012-03-28,0.05428387673240748,0.0,0.05428387673240748,1.0,2,6.95091850568617e+69,6.790406178651592e+69
2012-03-29,0.057506701559073725,0.0,0.057506701559073725,1.0,2,7.350642901754108e+69,7.1809000402322e+69
2012-03-30,0.0550018041356275,0.0,0.0550018041356275,1.0,2,7.754941522907328e+69,7.575862497762572e+69
2012-04-02,0.06326042089308809,0.0,0.06326042089308809,1.0,2,8.245522387647731e+69,8.055114747999193e+69
2012-04-03,0.05438921841141203,0.0,0.05438921841141203,1.0,2,8.693989905705692e+69,8.493226143357107e+69
2012-04-04,0.05279011614464274,0.0,0.05279011614464274,1.0,2,9.152946642588247e+69,8.941584537907645e+69
2012-04-05,0.06220139336923863,0.0,0.06220139336923863,1.0,2,9.72227267719153e+69,9.49776355509434e+69
2012-04-09,0.05886337328948099,0.0,0.05886337328948099,1.0,2,1.0294558443011177e+70,1.0056833956653087e+70
2012-04-10,0.051666688843036934,0.0,0.051666688843036934,1.0,2,1.0826444190862693e+70,1.057643726743757e+70
2012-04-11,0.057173143007663685,0.0,0.057173143007663685,1.0,2,1.1445426032851374e+70,1.118112542784036e+70
2012-04-12,0.06140612037144033,0.0,0.06140612037144033,1.0,2,1.2148245241527062e+70,1.1867714961750498e+70
2012-04-13,0.05287117320701912,0.0,0.05287117320701912,1.0,2,1.2790537219853184e+70,1.249517497506474e+70
2012-04-16,0.0520826048560315,0.0,0.0520826048560315,1.0,2,1.3456701715771161e+70,1.314595623589801e+70
2012-04-17,0.06531479612797453,0.0,0.06531479612797453,1.0,2,1.433562344489172e+70,1.4004581687352965e+70
2012-04-18,0.05631491938747735,0.0,0.05631491938747735,1.0,2,1.5142932923560026e+70,1.4793248576131588e+70
2012-04-19,0.051919106629136014,0.0,0.051919106629136014,1.0,2,1.5929140472696193e+70,1.5561300826347078e+70
2012-04-20,0.055551958756829944,0.0,0.055551958756829944,1.0,2,1.681403542726716e+70,1.6425761568054932e+70
2012-04-23,0.05294950420610328,0.0,0.05294950420610328,1.0,2,1.7704330266844812e+70,1.7295497499291106e+70
2012-04-24,0.052729876290119326,0.0,0.052729876290119326,1.0,2,1.8637877411614955e+70,1.8207486942804794e+70
2012-04-25,0.06964477045201628,0.0,0.06964477045201628,1.0,2,1.9935908105659697e+70,1.9475543191444515e+70
2012-04-26,0.061488123795889416,0.0,0.061488123795889416,1.0,2,2.1161729691243974e+70,2.0673057802192246e+70
2012-04-27,0.059935148961464124,0.0,0.059935148961464124,1.0,2,2.243006111257092e+70,2.1912100601055597e+70
2012-04-30,0.05365979216047123,0.0,0.05365979216047123,1.0,2,2.363365353001814e+70,2.3087899365107575e+70
2012-05-01,0.056450572129585985,0.0,0.056450572129585985,1.0,2,2.4967786793300076e+70,2.4391224493538205e+70
2012-05-02,0.05818567479468645,0.0,0.05818567479468645,1.0,2,2.6420554315998103e+70,2.581044434976341e+70
2012-05-03,0.05080353747613353,0.0,0.05080353747613353,1.0,2,2.776281193733113e+70,2.7121706226562276e+70
2012-05-04,0.04584505468751593,0.0,0.04584505468751593,1.0,2,2.90355995688773e+70,2.8365102331737764e+70
2012-05-07,0.055806792974147645,0.0,0.055806792974147645,1.0,2,3.0655983262897886e+70,2.994806772525557e+70
2012-05-08,0.05514892666668719,0.0,0.05514892666668719,1.0,2,3.234662783575863e+70,3.1599671516044665e+70
2012-05-09,0.05452318838956288,0.0,0.05452318838956288,1.0,2,3.411026911901478e+70,3.3322586359162275e+70
2012-05-10,0.054544970583069785,0.0,0.054544970583069785,1.0,2,3.5970812744692034e+70,3.5140165851874584e+70
2012-05-11,0.05786775009768358,0.0,0.05786775009768358,1.0,2,3.8052362747412445e+70,3.7173648187782015e+70
2012-05-14,0.053834392044204815,0.0,0.053834392044204815,1.0,2,4.010088856176494e+70,3.9174868938036416e+70
2012-05-15,0.05487282048111425,0.0,0.05487282048111425,1.0,2,4.2301337420947833e+70,4.1324504488644464e+70
2012-05-16,0.0529646660511745,0.0,0.0529646660511745,1.0,2,4.454181363096638e+70,4.351324306861578e+70
2012-05-17,0.04787309175496951,0.0,0.04787309175496951,1.0,2,4.6674167961854384e+70,4.5596356546595906e+70
2012-05-18,0.04958204814212269,0.0,0.04958204814212269,1.0,2,4.8988368804732573e+70,4.7857117291994617e+70
2012-05-21,0.0672328607264544,0.0,0.0672328607264544,1.0,2,5.2281996981797334e+70,5.107468819365688e+70
2012-05-22,0.05435309544304262,0.0,0.05435309544304262,1.0,2,5.5123685353701833e+70,5.3850755595770354e+70
2012-05-23,0.05776723838004505,0.0,0.05776723838004505,1.0,2,5.830802842591573e+70,5.696156503121677e+70
2012-05-24,0.052125826008686704,0.0,0.052125826008686704,1.0,2,6.134738257055457e+70,5.993073365921647e+70
2012-05-25,0.0573645196312621,0.0,0.0573645196312621,1.0,2,6.486654570234971e+70,6.336863140672654e+70
2012-05-29,0.06273500853328334,0.0,0.06273500853328334,1.0,2,6.893594900051124e+70,6.734406303877002e+70
2012-05-30,0.05692529178495259,0.0,0.05692529178495259,1.0,2,7.286014801183795e+70,7.117764347723624e+70
2012-05-31,0.05606182709358931,0.0,0.05606182709358931,1.0,2,7.694482103169093e+70,7.51679922187862e+70
2012-06-01,0.046680557714494475,0.0,0.046680557714494475,1.0,2,8.053664819069223e+70,7.867687601783792e+70
2012-06-04,0.055845885835892284,0.0,0.055845885835892284,1.0,2,8.503428865115506e+70,8.307065585385476e+70
2012-06-05,0.05530374162749335,0.0,0.05530374162749335,1.0,2,8.973700298019622e+70,8.766477394202275e+70
2012-06-06,0.06411800425612146,0.0,0.06411800425612146,1.0,2,9.549076051921202e+70,9.328566429074929e+70
2012-06-07,0.05600018118858424,0.0,0.05600018118858424,1.0,2,1.0083826041012359e+71,9.850967839332868e+70
2012-06-08,0.06147203672036694,0.0,0.06147203672036694,1.0,2,1.0703699365687262e+71,1.0456526896083492e+71
2012-06-11,0.04945931262344533,0.0,0.04945931262344533,1.0,2,1.1233096978842162e+71,1.0973699528792349e+71
2012-06-12,0.05863668673969874,0.0,0.05863668673969874,1.0,2,1.1891768567507186e+71,1.1617160910437727e+71
2012-06-13,0.05470292663213111,0.0,0.05470292663213111,1.0,2,1.2542283110981814e+71,1.2252653611395063e+71
2012-06-14,0.05603707288586257,0.0,0.05603707288586257,1.0,2,1.3245115943827024e+71,1.2939256454862035e+71
2012-06-15,0.06416707570565938,0.0,0.06416707570565938,1.0,2,1.409501630132481e+71,1.376953070337611e+71
2012-06-18,0.058964361060536596,0.0,0.058964361060536596,1.0,2,1.4926119931670274e+71,1.4581442283404124e+71
2012-06-19,0.05857510411157141,0.0,0.05857510411157141,1.0,2,1.5800418960649662e+71,1.543555178325139e+71
2012-06-20,0.0542018327410147,0.0,0.0542018327410147,1.0,2,1.6656830626392753e+71,1.6272186979272453e+71
2012-06-21,0.04529337694046642,0.0,0.04529337694046642,1.0,2,1.7411274734587465e+71,1.700920927777039e+71
2012-06-22,0.05757015731820675,0.0,0.05757015731820675,1.0,2,1.8413644560168184e+71,1.7988432131749936e+71
2012-06-25,0.048966527988813346,0.0,0.048966527988813346,1.0,2,1.931529680189972e+71,1.8869263197204138e+71
2012-06-26,0.056915165329993356,0.0,0.056915165329993356,1.0,2,2.0414630112777732e+71,1.994321043172817e+71
2012-06-27,0.059398061882625586,0.0,0.059398061882625586,1.0,2,2.1627219575527415e+71,2.1127798479090183e+71
2012-06-28,0.05180192939962336,0.0,0.05180192939962336,1.0,2,2.2747551277089035e+71,2.222225920427348e+71
2012-06-29,0.06806359741795492,0.0,0.06806359741795492,1.0,2,2.429583144945711e+71,2.3734786108470594e+71
2012-07-02,0.05871385982925115,0.0,0.05871385982925115,1.0,2,2.5722333491615644e+71,2.5128347013120593e+71
2012-07-03,0.0576811131214508,0.0,0.0576811131214508,1.0,2,2.7206026319493205e+71,2.657777803973947e+71
2012-07-05,0.05641677457824251,0.0,0.05641677457824251,1.0,2,2.8740902573529784e+71,2.8077210552198014e+71
2012-07-06,0.05100012471035981,0.0,0.05100012471035981,1.0,2,3.02066921890681e+71,2.950915179187914e+71
2012-07-09,0.055202934486736244,0.0,0.055202934486736244,1.0,2,3.1874190239042234e+71,3.1138143565005396e+71
2012-07-10,0.05113271599505825,0.0,0.05113271599505825,1.0,2,3.3504004156107643e+71,3.273032141652817e+71
2012-07-11,0.052065577190339274,0.0,0.052065577190339274,1.0,2,3.5248409470682916e+71,3.4434444492705036e+71
2012-07-12,0.05105283013665751,0.0,0.05105283013665751,1.0,2,3.704794053197704e+71,3.619242033824127e+71
2012-07-13,0.06150504746896368,0.0,0.06150504746896368,1.0,2,3.9326575873023634e+71,3.841843686916149e+71
2012-07-16,0.0551201472202984,0.0,0.0551201472202984,1.0,2,4.1494262524814934e+71,4.0536066765363414e+71
2012-07-17,0.056515249328870865,0.0,0.056515249328870865,1.0,2,4.383932111712248e+71,4.282697268541969e+71
2012-07-18,0.06153698388210693,0.0,0.06153698388210693,1.0,2,4.653706071410936e+71,4.546241541328179e+71
2012-07-19,0.05978454075327827,0.0,0.05978454075327827,1.0,2,4.931925751690981e+71,4.81803650402996e+71
2012-07-20,0.05127505397220766,0.0,0.05127505397220766,1.0,2,5.184810510795856e+71,5.065081585814162e+71
2012-07-23,0.04871941872348068,0.0,0.04871941872348068,1.0,2,5.437411465073224e+71,5.311849416462034e+71
2012-07-24,0.0518354612421939,0.0,0.0518354612421939,1.0,2,5.719262196328887e+71,5.587191581013422e+71
2012-07-25,0.051030223199738156,0.0,0.051030223199738156,1.0,2,6.011117422745375e+71,5.872307214452235e+71
2012-07-26,0.06075133489961099,0.0,0.06075133489961099,1.0,2,6.376300830415466e+71,6.229057716670825e+71
2012-07-27,0.0625256746884843,0.0,0.0625256746884843,1.0,2,6.774983341853936e+71,6.618533753079178e+71
2012-07-30,0.05611906202721534,0.0,0.05611906202721534,1.0,2,7.155189052248788e+71,6.9899596592974475e+71
2012-07-31,0.05603974641528253,0.0,0.05603974641528253,1.0,2,7.556164032290217e+71,7.381675226057532e+71
2012-08-01,0.05185052365952397,0.0,0.05185052365952397,1.0,2,7.947955094221724e+71,7.76441895201315e+71
2012-08-02,0.0537469766110959,0.0,0.0537469766110959,1.0,2,8.375133650776899e+71,8.18173299582575e+71
2012-08-03,0.061489237252295936,0.0,0.061489237252295936,1.0,2,8.890114230849207e+71,8.684821517141017e+71
2012-08-06,0.05883703118227218,0.0,0.05883703118227218,1.0,2,9.413182159063643e+71,9.19581063155751e+71
2012-08-07,0.0552242161103676,0.0,0.0552242161103676,1.0,2,9.93301776490203e+71,9.703642065184659e+71
2012-08-08,0.05349966608726414,0.0,0.05349966608726414,1.0,2,1.0464430898563152e+72,1.0222783675502369e+72
2012-08-09,0.055065816672036305,0.0,0.055065816672036305,1.0,2,1.1040663332000622e+72,1.0785709607255469e+72
2012-08-10,0.05662977837609384,0.0,0.05662977837609384,1.0,2,1.1665893649616884e+72,1.1396501951943251e+72
2012-08-13,0.055503971207506,0.0,0.055503971207506,1.0,2,1.2313397074855047e+72,1.2029053068150196e+72
2012-08-14,0.0520345946699296,0.0,0.0520345946699296,1.0,2,1.2954119700655028e+72,1.2654979968814465e+72
2012-08-15,0.05285813291608982,0.0,0.05285813291608982,1.0,2,1.363885028160319e+72,1.3323898582056513e+72
2012-08-16,0.05930359112020078,0.0,0.05930359112020078,1.0,2,1.4447683082053018e+72,1.4114053615693814e+72
2012-08-17,0.0573305898335007,0.0,0.0573305898335007,1.0,2,1.5275977274874604e+72,1.4923220634423192e+72
2012-08-20,0.05511104987573773,0.0,0.05511104987573773,1.0,2,1.6117852420370854e+72,1.5745654991113527e+72
2012-08-21,0.052965873103484995,0.0,0.052965873103484995,1.0,2,1.6971548546368915e+72,1.65796373553041e+72
2012-08-22,0.059951335870771116,0.0,0.059951335870771116,1.0,2,1.7989015553519373e+72,1.757360876300752e+72
2012-08-23,0.051329523168880176,0.0,0.051329523168880176,1.0,2,1.8912383144159094e+72,1.847565372116915e+72
2012-08-24,0.05721874978375424,0.0,0.05721874978375424,1.0,2,1.9994526063099223e+72,1.9532807528532014e+72
2012-08-27,0.057076821337234074,0.0,0.057076821337234074,1.0,2,2.1135750054925407e+72,2.064767809405262e+72
2012-08-28,0.05463272813712183,0.0,0.05463272813712183,1.0,2,2.2290453741650305e+72,2.1775717078027804e+72
2012-08-29,0.05416162992892448,0.0,0.05416162992892448,1.0,2,2.349774104815338e+72,2.2955125407844907e+72
2012-08-30,0.050817757997976276,0.0,0.050817757997976276,1.0,2,2.469184356623755e+72,2.4121653415633968e+72
2012-08-31,0.0606007088026323,0.0,0.0606007088026323,1.0,2,2.6188186787995264e+72,2.5583442710112824e+72
2012-09-04,0.05176367110267155,0.0,0.05176367110267155,1.0,2,2.7543783475664375e+72,2.690773562423314e+72
2012-09-05,0.05324013010578371,0.0,0.05324013010578371,1.0,2,2.901021809151428e+72,2.834030696971934e+72
2012-09-06,0.06060006712802646,0.0,0.06060006712802646,1.0,2,3.0768239255258733e+72,3.005773147451321e+72
2012-09-07,0.055614016476530415,0.0,0.055614016476530415,1.0,2,3.247938462015452e+72,3.1729362647983916e+72
2012-09-10,0.048391535889574844,0.0,0.048391535889574844,1.0,2,3.4051111926672033e+72,3.3264795239317164e+72
2012-09-11,0.05239351895090233,0.0,0.05239351895090233,1.0,2,3.583516950470142e+72,3.5007654919086214e+72
2012-09-12,0.052716756708207524,0.0,0.052716756708207524,1.0,2,3.772428341707814e+72,3.685314494638056e+72
2012-09-13,0.06198131179705657,0.0,0.06198131179705657,1.0,2,4.0062483989872584e+72,3.913735121400429e+72
2012-09-14,0.053152136966098995,0.0,0.053152136966098995,1.0,2,4.219189062610444e+72,4.121758506622137e+72
2012-09-17,0.05527988242293419,0.0,0.05527988242293419,1.0,2,4.452425337911679e+72,4.349608832243937e+72
2012-09-18,0.056224134374077805,0.0,0.056224134374077805,1.0,2,4.702759098400974e+72,4.594161823702696e+72
2012-09-19,0.056502165252212244,0.0,0.056502165252212244,1.0,2,4.968475170120171e+72,4.85374191426095e+72
2012-09-20,0.054261449630559844,0.0,0.054261449630559844,1.0,2,5.2380718353043335e+72,5.117112986661357e+72
2012-09-21,0.0548300991819895,0.0,0.0548300991819895,1.0,2,5.525275833556456e+72,5.3976847992454455e+72
2012-09-24,0.05129373361159445,0.0,0.05129373361159445,1.0,2,5.808687860293481e+72,5.674552205457294e+72
2012-09-25,0.04938824606777653,0.0,0.04938824606777653,1.0,2,6.095568765668562e+72,5.954808386104863e+72
2012-09-26,0.05209791231160771,0.0,0.05209791231160771,1.0,2,6.4131351727117375e+72,6.26504147123658e+72
2012-09-27,0.05852109755882501,0.0,0.05852109755882501,1.0,2,6.788438881811933e+72,6.631678574384901e+72
2012-09-28,0.04990999822226977,0.0,0.04990999822226977,1.0,2,7.127249854335154e+72,6.962665640243116e+72
2012-10-01,0.006032677729948477,0.0005,0.005532677729948476,1.0,2,7.17024625580718e+72,7.0011878253719666e+72
2012-10-02,0.07519151306426669,0.0,0.07519151306426669,1.0,2,7.709387920824715e+72,7.527617731208807e+72
2012-10-03,0.07729375406691774,0.0,0.07729375406691774,1.0,2,8.305275454783407e+72,8.109455564834631e+72
2012-10-04,0.07627761134334837,0.0,0.07627761134334837,1.0,2,8.938782028022827e+72,8.72802546461524e+72
2012-10-05,0.0732820107395869,0.0,0.0732820107395869,1.0,2,9.593833948599222e+72,9.367632720448562e+72
2012-10-08,0.07434388028359173,0.0,0.07434388028359173,1.0,2,1.030707679113454e+73,1.0064058885958246e+73
2012-10-09,0.06903113401935845,0.0,0.06903113401935845,1.0,2,1.1018585990451169e+73,1.0758792283693546e+73
2012-10-10,0.07255032184406018,0.0,0.07255032184406018,1.0,2,1.1817987950324855e+73,1.1539346126528904e+73
2012-10-11,0.07598038560061737,0.0,0.07598038560061737,1.0,2,1.2715923231813986e+73,1.2416110094801561e+73
2012-10-12,0.07383042902964138,0.0,0.07383042902964138,1.0,2,1.3654745299526797e+73,1.3332796829980022e+73
2012-10-15,0.07875652836774355,0.0,0.07875652836774355,1.0,2,1.4730145635063292e+73,1.4382841621741707e+73
2012-10-16,0.0773830680843145,0.0,0.0773830680843145,1.0,2,1.587000949763326e+73,1.5495830034202855e+73
2012-10-17,0.07339283293977605,0.0,0.07339283293977605,1.0,2,1.7034754453445717e+73,1.663311289916627e+73
2012-10-18,0.07267742824764128,0.0,0.07267742824764128,1.0,2,1.8272796597952205e+73,1.7841964768430342e+73
2012-10-19,0.06968189756904469,0.0,0.06968189756904469,1.0,2,1.95460797387907e+73,1.908522672985461e+73
2012-10-22,0.07250358608090052,0.0,0.07250358608090052,1.0,2,2.0963240613676257e+73,2.0468974108936128e+73
2012-10-23,0.06929758274213865,0.0,0.06929758274213865,1.0,2,2.241594251464585e+73,2.1887424535896825e+73
2012-10-24,0.07297185832649067,0.0,0.07297185832649067,1.0,2,2.4051675496079344e+73,2.3484590578262043e+73
2012-10-25,0.07474311289764868,0.0,0.07474311289764868,1.0,2,2.5849372593060415e+73,2.523990198320814e+73
2012-10-26,0.0776639263685932,0.0,0.0776639263685932,1.0,2,2.785693636280219e+73,2.720013187238253e+73
2012-10-31,0.07774314375851837,0.0,0.07774314375851837,1.0,2,3.0022622171127417e+73,2.931475563478782e+73
2012-11-01,0.040630037152003584,0.0005,0.040130037152003584,1.0,2,3.124244242534089e+73,3.0491157867513764e+73
2012-11-02,0.1098442619878982,0.0,0.1098442619878982,1.0,2,3.467424545625187e+73,3.384043660062731e+73
2012-11-05,0.11375305558471177,0.0,0.11375305558471177,1.0,2,3.861854682699483e+73,3.768988966626938e+73
2012-11-06,0.12488046399254199,0.0,0.12488046399254199,1.0,2,4.344124887346765e+73,4.239662057562081e+73
2012-11-07,0.09440773804206881,0.0,0.09440773804206881,1.0,2,4.7542438917334297e+73,4.6399189624793005e+73
2012-11-08,0.10613828432754385,0.0,0.10613828432754385,1.0,2,5.258851181676721e+73,5.1323920005756906e+73
2012-11-09,0.1137014863964238,0.0,0.1137014863964238,1.0,2,5.856790377770954e+73,5.715952599810262e+73
2012-11-12,0.11666537296341334,0.0,0.11666537296341334,1.0,2,6.540075011562132e+73,6.382806341708319e+73
2012-11-13,0.10716275958129423,0.0,0.10716275958129423,1.0,2,7.240927497669796e+73,7.066805483158768e+73
2012-11-14,0.10934398787258287,0.0,0.10934398787258287,1.0,2,8.032679386161253e+73,7.839518176207182e+73
2012-11-15,0.11798085555222854,0.0,0.11798085555222854,1.0,2,8.980381772517308e+73,8.764431237753352e+73
2012-11-16,0.11816613570671852,0.0,0.11816613570671852,1.0,2,1.004155878374673e+74,9.800090208785917e+73
2012-11-19,0.13911997662405617,0.0,0.13911997662405617,1.0,2,1.1438540207010662e+74,1.1163478529545857e+74
2012-11-20,0.11406041385269516,0.0,0.11406041385269516,1.0,2,1.2743224836892991e+74,1.2436789510661535e+74
2012-11-21,0.11744493684142165,0.0,0.11744493684142165,1.0,2,1.4239852073017923e+74,1.3897427469251234e+74
2012-11-23,0.13570376005535378,0.0,0.13570376005535378,1.0,2,1.617225354195848e+74,1.5783360631925183e+74
2012-11-26,0.11034964160319316,0.0,0.11034964160319316,1.0,2,1.7956855924229568e+74,1.7525048820952073e+74
2012-11-27,0.1101896846293633,0.0,0.1101896846293633,1.0,2,1.9935516215455338e+74,1.9456128423646977e+74
2012-11-28,0.11790678649535025,0.0,0.11790678649535025,1.0,2,2.2286048869545623e+74,2.1750138003720036e+74
2012-11-29,0.12424014327643762,0.0,0.12424014327643762,1.0,2,2.5054870774163664e+74,2.4452378265584504e+74
2012-11-30,0.11664524959205336,0.0,0.11664524959205336,1.0,2,2.797740242911263e+74,2.7304632031492907e+74
2012-12-03,0.11660498858413731,0.0,0.11660498858413731,1.0,2,3.1239707119973126e+74,3.048848833781921e+74
2012-12-04,0.11733797630541432,0.0,0.11733797630541432,1.0,2,3.4905311133804613e+74,3.406594585999014e+74
2012-12-05,0.11687041514768698,0.0,0.11687041514768698,1.0,2,3.8984709336871536e+74,3.8047247095045817e+74
2012-12-06,0.11813862484948245,0.0,0.11813862484948245,1.0,2,4.359030928808632e+74,4.2542096546162996e+74
2012-12-07,0.11729535107129252,0.0,0.11729535107129252,1.0,2,4.870324991933863e+74,4.7532086695854e+74
2012-12-10,0.11507013434160263,0.0,0.11507013434160263,1.0,2,5.430753943042957e+74,5.300161029748262e+74
2012-12-11,0.1231479477419089,0.0,0.1231479477419089,1.0,2,6.099540145819976e+74,5.952864983263402e+74
2012-12-12,0.11939791045644937,0.0,0.11939791045644937,1.0,2,6.827812493976107e+74,6.663624623494419e+74
2012-12-13,0.11131228223521872,0.0,0.11131228223521872,1.0,2,7.587831885354728e+74,7.405367888294383e+74
2012-12-14,0.11578131800441405,0.0,0.11578131800441405,1.0,2,8.466361061837016e+74,8.26277114270867e+74
2012-12-17,0.12240822959802838,0.0,0.12240822959802838,1.0,2,9.50271333055417e+74,9.274202329861318e+74
2012-12-18,0.12540694434665778,0.0,0.12540694434665778,1.0,2,1.069441957234122e+75,1.043725170530188e+75
2012-12-19,0.11774206499710343,0.0,0.11774206499710343,1.0,2,1.1953602616734114e+75,1.1666155273978662e+75
2012-12-20,0.11869903389922382,0.0,0.11869903389922382,1.0,2,1.3372483698955687e+75,1.3050916634318263e+75
2012-12-21,0.09590959090086887,0.0,0.09590959090086887,1.0,2,1.4655033139851065e+75,1.4302624709597073e+75
2012-12-24,0.10633384551191372,0.0,0.10633384551191372,1.0,2,1.6213359169715961e+75,1.5823477795882246e+75
2012-12-26,0.11097348441839194,0.0,0.11097348441839194,1.0,2,1.801261213090623e+75,1.7579464262508356e+75
2012-12-27,0.11312592183372394,0.0,0.11312592183372394,1.0,2,2.0050305482848314e+75,1.956815736254762e+75
2012-12-28,0.09737625568342057,0.0,0.09737625568342057,1.0,2,2.2002729156076842e+75,2.1473631257136465e+75
2012-12-31,0.12268311882001343,0.0,0.12268311882001343,1.0,2,2.4702092591496393e+75,2.4108083312152895e+75
2013-01-02,0.1589768864481319,0.0005,0.1584768864481319,1.0,2,2.862915436044595e+75,2.7928657293695053e+75
2013-01-03,0.09135048620816766,0.0,0.09135048620816766,1.0,2,3.1244441531001376e+75,3.047995371661539e+75
2013-01-04,0.10370837265849814,0.0,0.10370837265849814,1.0,2,3.4484751716805124e+75,3.3640980115271915e+75
2013-01-07,0.09083382077993618,0.0,0.09083382077993618,1.0,2,3.7617133473889995e+75,3.669671887392392e+75
2013-01-08,0.09493511905582314,0.0,0.09493511905582314,1.0,2,4.118832051877253e+75,4.0180526249177955e+75
2013-01-09,0.10363822461048722,0.0,0.10363822461048722,1.0,2,4.545700493202582e+75,4.4344764653557836e+75
2013-01-10,0.10930791338467177,0.0,0.10930791338467177,1.0,2,5.042581528986229e+75,4.919199834737259e+75
2013-01-11,0.09885045922850266,0.0,0.09885045922850266,1.0,2,5.541043028823683e+75,5.405464997437811e+75
2013-01-14,0.0987084373132936,0.0,0.0987084373132936,1.0,2,6.087990727284588e+75,5.9390300002866036e+75
2013-01-15,0.0955305796886371,0.0,0.0955305796886371,1.0,2,6.669580010601133e+75,6.50638897900219e+75
2013-01-16,0.09168025543106645,0.0,0.09168025543106645,1.0,2,7.28104880959098e+75,7.102896382530987e+75
2013-01-17,0.10897762803529765,0.0,0.10897762803529765,1.0,2,8.074520238469433e+75,7.87695318247971e+75
2013-01-18,0.09940724293056846,0.0,0.09940724293056846,1.0,2,8.877186033362755e+75,8.659979381043184e+75
2013-01-22,0.10091373471671272,0.0,0.10091373471671272,1.0,2,9.77301602976443e+75,9.533890242953977e+75
2013-01-23,0.09529160542792703,0.0,0.09529160542792703,1.0,2,1.0704302417113547e+76,1.044238995017871e+76
2013-01-24,0.10324041320885907,0.0,0.10324041320885907,1.0,2,1.180941902176894e+76,1.1520466603523198e+76
2013-01-25,0.10986449848688379,0.0,0.10986449848688379,1.0,2,1.310685492001705e+76,1.2786156889254167e+76
2013-01-28,0.09584327651002195,0.0,0.09584327651002195,1.0,2,1.4363058840292984e+76,1.4011624059491475e+76
2013-01-29,0.10235948313753535,0.0,0.10235948313753535,1.0,2,1.5833254119459383e+76,1.544584665613848e+76
2013-01-30,0.09410000795394646,0.0,0.09410000795394646,1.0,2,1.7323163458037367e+76,1.6899300949336546e+76
2013-01-31,0.09920947050407797,0.0,0.09920947050407797,1.0,2,1.9041785332164847e+76,1.8575871648409286e+76
2013-02-01,0.1082882918272795,0.0,0.1082882918272795,1.0,2,2.1103787739126726e+76,2.058742105841832e+76
2013-02-04,0.08150337767186988,0.0,0.08150337767186988,1.0,2,2.282381772153575e+76,2.2265365412232396e+76
2013-02-05,0.10558534246706602,0.0,0.10558534246706602,1.0,2,2.5233678332069993e+76,2.461626164443732e+76
2013-02-06,0.0969237887926152,0.0,0.0969237887926152,1.0,2,2.7679422041188332e+76,2.7002162988926516e+76
2013-02-07,0.09334752054800027,0.0,0.09334752054800027,1.0,2,3.0263227458934935e+76,2.952274795337579e+76
2013-02-08,0.10538058814743251,0.0,0.10538058814743251,1.0,2,3.345238416779703e+76,3.263387249643094e+76
2013-02-11,0.0969947894678791,0.0,0.0969947894678791,1.0,2,3.669709112735111e+76,3.5799188088743865e+76
2013-02-12,0.10132811600733543,0.0,0.10132811600733543,1.0,2,4.0415538234235104e+76,3.9426652372368525e+76
2013-02-13,0.10387818715410135,0.0,0.10387818715410135,1.0,2,4.4613831078864724e+76,4.352222154636512e+76
2013-02-14,0.0933071562821694,0.0,0.0933071562821694,1.0,2,4.8776620787686666e+76,4.7583156273939014e+76
2013-02-15,0.09780673955768704,0.0,0.09780673955768704,1.0,2,5.354730303357199e+76,5.2237109646956884e+76
2013-02-19,0.11048469364761498,0.0,0.11048469364761498,1.0,2,5.94634604048922e+76,5.800851070333779e+76
2013-02-20,0.08866005901097457,0.0,0.08866005901097457,1.0,2,6.473549431338668e+76,6.315154868543447e+76
2013-02-21,0.0841053657429956,0.0,0.0841053657429956,1.0,2,7.018009673916768e+76,6.846293278485953e+76
2013-02-22,0.11316255223058075,0.0,0.11316255223058075,1.0,2,7.812185560196095e+76,7.621037299198494e+76
2013-02-25,0.08495037862015986,0.0,0.08495037862015986,1.0,2,8.475833681385699e+76,8.268447303243766e+76
2013-02-26,0.1076987512183602,0.0,0.1076987512183602,1.0,2,9.388670384405456e+76,9.158948752317938e+76
2013-02-27,0.10684632367289443,0.0,0.10684632367289443,1.0,2,1.039181529915576e+77,1.0137548755211553e+77
2013-02-28,0.09906575335590434,0.0,0.09906575335590434,1.0,2,1.1421288310502038e+77,1.1141832659828796e+77
2013-03-01,0.0958726110362304,0.0,0.0958726110362304,1.0,2,1.2516277042227444e+77,1.221002924865533e+77
2013-03-04,0.09961401794885627,0.0,0.09961401794885627,1.0,2,1.3763073688164746e+77,1.3426319321386943e+77
2013-03-05,0.1110510615758657,0.0,0.1110510615758657,1.0,2,1.5291477631782306e+77,1.491732633508352e+77
2013-03-06,0.10297625780024233,0.0,0.10297625780024233,1.0,2,1.686613677453936e+77,1.6453456777455427e+77
2013-03-07,0.1025905585744824,0.0,0.1025905585744824,1.0,2,1.8596443167232973e+77,1.8141426098735684e+77
2013-03-08,0.1046926414806198,0.0,0.1046926414806198,1.0,2,2.0543353924554816e+77,2.0040699917237776e+77
2013-03-11,0.09822039515187536,0.0,0.09822039515187536,1.0,2,2.256113026476942e+77,2.2009105382229027e+77
2013-03-12,0.09543173388172854,0.0,0.09543173388172854,1.0,2,2.471417804426791e+77,2.410947247004083e+77
2013-03-13,0.09813719871717091,0.0,0.09813719871717091,1.0,2,2.7139558246129767e+77,2.6475508560799384e+77
2013-03-14,0.10854167461759096,0.0,0.10854167461759096,1.0,2,3.008533134654634e+77,2.9349204596340914e+77
2013-03-15,0.09880757226431114,0.0,0.09880757226431114,1.0,2,3.305798989766596e+77,3.2249128250393923e+77
2013-03-18,0.08571971513893195,0.0,0.08571971513893195,1.0,2,3.589171137475958e+77,3.501351433749657e+77
2013-03-19,0.09740332430244147,0.0,0.09740332430244147,1.0,2,3.9387683377564916e+77,3.8423947029479934e+77
2013-03-20,0.10892631169405231,0.0,0.10892631169405231,1.0,2,4.367803845405619e+77,4.260932586012882e+77
2013-03-21,0.08749331380587438,0.0,0.08749331380587438,1.0,2,4.749957477894198e+77,4.633735697866583e+77
2013-03-22,0.10385760409063988,0.0,0.10385760409063988,1.0,2,5.243276681080708e+77,5.114984385436275e+77
2013-03-25,0.09233134203218579,0.0,0.09233134203218579,1.0,2,5.727395453690955e+77,5.587257758217282e+77
2013-03-26,0.10163867700615709,0.0,0.10163867700615709,1.0,2,6.309520350295182e+77,6.155139244854873e+77
2013-03-27,0.0892096990345348,0.0,0.0892096990345348,1.0,2,6.872390761797288e+77,6.70423736440403e+77
2013-03-28,0.09918554061161305,0.0,0.09918554061161305,1.0,2,7.554032554800408e+77,7.36920077178102e+77
2013-04-01,0.08409032168666536,0.0,0.08409032168666536,1.0,2,8.189253582365117e+77,7.988879235253709e+77
2013-04-02,0.102262647139864,0.0,0.102262647139864,1.0,2,9.026708331797389e+77,8.805843173531445e+77
2013-04-03,0.09053094839414938,0.0,0.09053094839414938,1.0,2,9.843904797952377e+77,9.603044507441393e+77
2013-04-04,0.10421407218665668,0.0,0.10421407218665668,1.0,2,1.0869778203164762e+78,1.0603816880951567e+78
2013-04-05,0.08575602864564708,0.0,0.08575602864564708,1.0,2,1.1801927214127191e+78,1.1513158105147646e+78
2013-04-08,0.10112806672268332,0.0,0.10112806672268332,1.0,2,1.2995433296893698e+78,1.2677461526193819e+78
2013-04-09,0.09625755476416087,0.0,0.09625755476416087,1.0,2,1.4246341929153443e+78,1.3897762973321962e+78
2013-04-10,0.11241659289724953,0.0,0.11241659289724953,1.0,2,1.5847867150078104e+78,1.5460102135676366e+78
2013-04-11,0.10179103266713463,0.0,0.10179103266713463,1.0,2,1.7461037912856116e+78,1.703380189720624e+78
2013-04-12,0.0915602440212917,0.0,0.0915602440212917,1.0,2,1.9059774805022246e+78,1.8593420955524783e+78
2013-04-15,0.06815596665810475,0.0,0.06815596665810475,1.0,2,2.0358812181144324e+78,1.9860673534229633e+78
2013-04-16,0.1143169135545542,0.0,0.1143169135545542,1.0,2,2.2686168753329606e+78,2.2131084433777388e+78
2013-04-17,0.07598658917037515,0.0,0.07598658917037515,1.0,2,2.441001333823866e+78,2.3812750054541712e+78
2013-04-18,0.0940432554331721,0.0,0.0940432554331721,1.0,2,2.6705610457733776e+78,2.605217859048726e+78
2013-04-19,0.10640904523042383,0.0,0.10640904523042383,1.0,2,2.954732896883685e+78,2.8824366040473497e+78
2013-04-22,0.09908009889074526,0.0,0.09908009889074526,1.0,2,3.2474881245026585e+78,3.1680287078226647e+78
2013-04-23,0.11207889095107376,0.0,0.11207889095107376,1.0,2,3.611462991873699e+78,3.523097851896592e+78
2013-04-24,0.10372686808965675,0.0,0.10372686808965675,1.0,2,3.98606873724246e+78,3.888537758047223e+78
2013-04-25,0.10310361379850069,0.0,0.10310361379850069,1.0,2,4.397046828901384e+78,4.289460053293811e+78
2013-04-26,0.09263737969448033,0.0,0.09263737969448033,1.0,2,4.804377725524732e+78,4.686824392935096e+78
2013-04-29,0.1055844121224096,0.0,0.1055844121224096,1.0,2,5.3116451232882605e+78,5.181679991184118e+78
2013-04-30,0.09975995979926783,0.0,0.09975995979926783,1.0,2,5.841534627255474e+78,5.698604178797316e+78
2013-05-01,0.06679829908133172,0.0005,0.06629829908133172,1.0,2,6.2317392043808405e+78,6.076411942989346e+78
2013-05-02,0.11156527373283676,0.0,0.11156527373283676,1.0,2,6.926984894549239e+78,6.754328504722431e+78
2013-05-03,0.12059685137317622,0.0,0.12059685137317622,1.0,2,7.76235746234143e+78,7.56887925553205e+78
2013-05-06,0.10684672313841959,0.0,0.10684672313841959,1.0,2,8.591739921021671e+78,8.37758920181601e+78
2013-05-07,0.11143398315466957,0.0,0.11143398315466957,1.0,2,9.549151722650101e+78,9.311137335807917e+78
2013-05-08,0.11413290241163876,0.0,0.11413290241163876,1.0,2,1.0639024124325259e+79,1.0373844464697049e+79
2013-05-09,0.10037747679550707,0.0,0.10037747679550707,1.0,2,1.1706942521491556e+79,1.1415144796732377e+79
2013-05-10,0.10765780175098111,0.0,0.10765780175098111,1.0,2,1.2967286218580425e+79,1.2644074192217734e+79
2013-05-13,0.10690649945489611,0.0,0.10690649945489611,1.0,2,1.4353573395638574e+79,1.3995807902955725e+79
2013-05-14,0.11218021574326181,0.0,0.11218021574326181,1.0,2,1.5963760355848054e+79,1.5565860653010546e+79
2013-05-15,0.10914948849917439,0.0,0.10914948849917439,1.0,2,1.7706196633212268e+79,1.7264866381336072e+79
2013-05-16,0.09999445518733613,0.0,0.09999445518733613,1.0,2,1.9476718118990175e+79,1.899125728901993e+79
2013-05-17,0.11487248883848672,0.0,0.11487248883848672,1.0,2,2.1714057203724226e+79,2.11728302799817e+79
2013-05-20,0.1084614854587792,0.0,0.1084614854587792,1.0,2,2.4069196103377058e+79,2.346926690351513e+79
2013-05-21,0.1067103576906327,0.0,0.1067103576906327,1.0,2,2.663762862889441e+79,2.597368076952616e+79
2013-05-22,0.10169985549120308,0.0,0.10169985549120308,1.0,2,2.9346671611081307e+79,2.8615200350361616e+79
2013-05-23,0.08798411361585595,0.0,0.08798411361585595,1.0,2,3.1928712500357895e+79,3.113288338912831e+79
2013-05-24,0.0975601125088536,0.0,0.0975601125088536,1.0,2,3.5043681284155654e+79,3.4170210995296695e+79
2013-05-28,0.11544002429449518,0.0,0.11544002429449518,1.0,2,3.908912470296713e+79,3.811482098274178e+79
2013-05-29,0.09715565586293357,0.0,0.09715565586293357,1.0,2,4.28868542505919e+79,4.181789141341836e+79
2013-05-30,0.11045423490028511,0.0,0.11045423490028511,1.0,2,4.762388892412107e+79,4.6436854614630684e+79
2013-05-31,0.08900214492793662,0.0,0.08900214492793662,1.0,2,5.186251718817765e+79,5.0569834279039564e+79
2013-06-03,0.11185667071187055,0.0,0.11185667071187055,1.0,2,5.7663685695584356e+79,5.622640757994395e+79
2013-06-04,0.10878284690788975,0.0,0.10878284690788975,1.0,2,6.393650558875178e+79,6.23428762678936e+79
2013-06-05,0.08837409660994983,0.0,0.08837409660994983,1.0,2,6.958683651055472e+79,6.785237163813457e+79
2013-06-06,0.1122006467563218,0.0,0.1122006467563218,1.0,2,7.73945245727654e+79,7.546545161988358e+79
2013-06-07,0.11774487381994841,0.0,0.11774487381994841,1.0,2,8.650733310294055e+79,8.435112169863221e+79
2013-06-10,0.10909493345162946,0.0,0.10909493345162946,1.0,2,9.59448448508838e+79,9.35534017069148e+79
2013-06-11,0.09064201870218958,0.0,0.09064201870218958,1.0,2,1.0464147927223628e+80,1.0203327089408641e+80
2013-06-12,0.1099609153252975,0.0,0.1099609153252975,1.0,2,1.1614795211400451e+80,1.1325294275523417e+80
2013-06-13,0.11944270362593062,0.0,0.11944270362593062,1.0,2,1.3002097753511633e+80,1.267801804315121e+80
2013-06-14,0.09710078738553046,0.0,0.09710078738553046,1.0,2,1.426461168304125e+80,1.3909063577629155e+80
2013-06-17,0.12355617887534143,0.0,0.12355617887534143,1.0,2,1.602709259573838e+80,1.56276143250152e+80
2013-06-18,0.11374360954397589,0.0,0.11374360954397589,1.0,2,1.7850071958073194e+80,1.7405155586903573e+80
2013-06-19,0.09482705010273107,0.0,0.09482705010273107,1.0,2,1.9542741625978755e+80,1.9055635147788707e+80
2013-06-20,0.0724773891651328,0.0,0.0724773891651328,1.0,2,2.0959148516158455e+80,2.043673783218377e+80
2013-06-21,0.11485685220558356,0.0,0.11485685220558356,1.0,2,2.3366450339633741e+80,2.2784037208939158e+80
2013-06-24,0.07872755548377253,0.0,0.07872755548377253,1.0,2,2.5206033855206073e+80,2.4577768762450253e+80
2013-06-25,0.11425848599210764,0.0,0.11425848599210764,1.0,2,2.8086037121367724e+80,2.7385987410311937e+80
2013-06-26,0.10875780221785064,0.0,0.10875780221785064,1.0,2,3.1140612791696643e+80,3.036442721262319e+80
2013-06-27,0.11043284797389541,0.0,0.11043284797389541,1.0,2,3.457955934993602e+80,3.3717657386809215e+80
2013-06-28,0.09592844420429752,0.0,0.09592844420429752,1.0,2,3.7896722679645557e+80,3.695213980213936e+80
2013-07-01,0.11067823442452424,0.0,0.11067823442452424,1.0,2,4.209106503630455e+80,4.104193739364834e+80
2013-07-02,0.09633389010564025,0.0,0.09633389010564025,1.0,2,4.614586106994127e+80,4.499566688025063e+80
2013-07-03,0.0955227395561325,0.0,0.0955227395561325,1.0,2,5.055384013851875e+80,4.929377624880731e+80
2013-07-05,0.1103278177392431,0.0,0.1103278177392431,1.0,2,5.613133499934007e+80,5.473225101046475e+80
2013-07-08,0.10627889351323982,0.0,0.10627889351323982,1.0,2,6.209691117449093e+80,6.054913408734585e+80
2013-07-09,0.10926008940180931,0.0,0.10926008940180931,1.0,2,6.888162524099203e+80,6.71647378909314e+80
2013-07-10,0.09998832994124907,0.0,0.09998832994124907,1.0,2,7.576898391247781e+80,7.388042786358737e+80
2013-07-11,0.12443146350450623,0.0,0.12443146350450623,1.0,2,8.519702946895682e+80,8.307347762699264e+80
2013-07-12,0.09485639838249044,0.0,0.09485639838249044,1.0,2,9.327851283726896e+80,9.095352851579756e+80
2013-07-15,0.10472303714078102,0.0,0.10472303714078102,1.0,2,1.030469220015631e+81,1.004784582606425e+81
2013-07-16,0.09706753984775796,0.0,0.09706753984775796,1.0,2,1.1304943320913865e+81,1.1023165501169872e+81
2013-07-17,0.10542031105238953,0.0,0.10542031105238953,1.0,2,1.2496713962234237e+81,1.2185231037085168e+81
2013-07-18,0.10480605157402628,0.0,0.10480605157402628,1.0,2,1.3806445210266013e+81,1.3462316989599342e+81
2013-07-19,0.09794249924549253,0.0,0.09794249924549253,1.0,2,1.5158682959855426e+81,1.4780849961195757e+81
2013-07-22,0.10335398372387278,0.0,0.10335398372387278,1.0,2,1.6725393231763671e+81,1.6308509687510188e+81
2013-07-23,0.10033864831765038,0.0,0.10033864831765038,1.0,2,1.8403596581220017e+81,1.794488350563027e+81
2013-07-24,0.10011590435251821,0.0,0.10011590435251821,1.0,2,2.024608929628777e+81,1.9741451746297033e+81
2013-07-25,0.09745465965850486,0.0,0.09745465965850486,1.0,2,2.2219165038073193e+81,2.1665348207397208e+81
2013-07-26,0.09380678078890592,0.0,0.09380678078890592,1.0,2,2.4303473382112245e+81,2.3697704777403832e+81
2013-07-29,0.09138603355349678,0.0,0.09138603355349678,1.0,2,2.652447141607647e+81,2.586334402133252e+81
2013-07-30,0.10179133759711567,0.0,0.10179133759711567,1.0,2,2.9224432840575355e+81,2.849600840399832e+81
2013-07-31,0.09984469961213066,0.0,0.09984469961213066,1.0,2,3.214233755887749e+81,3.134118380324028e+81
2013-08-01,0.1374787044830647,0.0005,0.1369787044830647,1.0,2,3.656122448552932e+81,3.563425855757375e+81
2013-08-02,0.0919280759657678,0.0,0.0919280759657678,1.0,2,3.992222750743654e+81,3.8910047385238195e+81
2013-08-05,0.08860043461527634,0.0,0.08860043461527634,1.0,2,4.345935421540536e+81,4.235749449447129e+81
2013-08-06,0.0842975016787843,0.0,0.0842975016787843,1.0,2,4.712286920033738e+81,4.592812545772809e+81
2013-08-07,0.08143987655771084,0.0,0.08143987655771084,1.0,2,5.096054985105801e+81,4.966850632553252e+81
2013-08-08,0.09694471979897706,0.0,0.09694471979897706,1.0,2,5.590090607717062e+81,5.448360575409499e+81
2013-08-09,0.08819081395098927,0.0,0.08819081395098927,1.0,2,6.08308524847141e+81,5.928855929253343e+81
2013-08-12,0.08786108432183626,0.0,0.08786108432183626,1.0,2,6.617551714424275e+81,6.4497716399854905e+81
2013-08-13,0.09241442382587911,0.0,0.09241442382587911,1.0,2,7.229108943250753e+81,7.045823569903244e+81
2013-08-14,0.08780558845654796,0.0,0.08780558845654796,1.0,2,7.863865108029379e+81,7.664486254619614e+81
2013-08-15,0.07169110679627144,0.0,0.07169110679627144,1.0,2,8.427634301320584e+81,8.213961757238103e+81
2013-08-16,0.08839953513710036,0.0,0.08839953513710036,1.0,2,9.172633255862806e+81,8.940072158211872e+81
2013-08-19,0.08206089363805602,0.0,0.08206089363805602,1.0,2,9.925347737853059e+81,9.673702468703442e+81
2013-08-20,0.09321367049826784,0.0,0.09321367049826784,1.0,2,1.0850525831470021e+82,1.0575423783119444e+82
2013-08-21,0.07933223692009617,0.0,0.07933223692009617,1.0,2,1.1711322317439824e+82,1.1414395808212296e+82
2013-08-22,0.10221542415780543,0.0,0.10221542415780543,1.0,2,1.290840009556571e+82,1.2581123117253793e+82
2013-08-23,0.09579511238557448,0.0,0.09579511238557448,1.0,2,1.4144961733438389e+82,1.378633322020787e+82
2013-08-26,0.08559369105276005,0.0,0.08559369105276005,1.0,2,1.535568121800343e+82,1.4966356366608747e+82
2013-08-27,0.06668884277383424,0.0,0.06668884277383424,1.0,2,1.6379733828435984e+82,1.5964445353238694e+82
2013-08-28,0.08715416086266836,0.0,0.08715416086266836,1.0,2,1.7807295785407185e+82,1.735581319163814e+82
2013-08-29,0.09249965194737786,0.0,0.09249965194737786,1.0,2,1.945446444768136e+82,1.896121987112838e+82
2013-08-30,0.07672329301418035,0.0,0.07672329301418035,1.0,2,2.094707502393477e+82,2.041598709920726e+82
2013-09-03,0.11013510387506376,0.0,0.11013510387506376,1.0,2,2.325408330757458e+82,2.2664503959090414e+82
2013-09-04,0.09598755369000084,0.0,0.09598755369000084,1.0,2,2.5486185877572146e+82,2.484001424972084e+82
2013-09-05,0.08868542703921034,0.0,0.08868542703921034,1.0,2,2.7746439155725324e+82,2.7042961521117403e+82
2013-09-06,0.09500851768975793,0.0,0.09500851768975793,1.0,2,3.0382587211079845e+82,2.961227320917993e+82
2013-09-09,0.1036861109989759,0.0,0.1036861109989759,1.0,2,3.3532839521083934e+82,3.268265465607896e+82
2013-09-10,0.10115796753602557,0.0,0.10115796753602557,1.0,2,3.69249534127485e+82,3.598876557476973e+82
2013-09-11,0.08880502298325366,0.0,0.08880502298325366,1.0,2,4.02040747492232e+82,3.918474872877609e+82
2013-09-12,0.08269607878666468,0.0,0.08269607878666468,1.0,2,4.352879408222992e+82,4.242517379688662e+82
2013-09-13,0.0933211306088314,0.0,0.0933211306088314,1.0,2,4.759095036002262e+82,4.6384338981888244e+82
2013-09-16,0.10040168101561986,0.0,0.10040168101561986,1.0,2,5.236916177729981e+82,5.104140458846817e+82
2013-09-17,0.09261540590459821,0.0,0.09261540590459821,1.0,2,5.721935295218801e+82,5.576862499236997e+82
2013-09-18,0.10245580615656441,0.0,0.10245580615656441,1.0,2,6.308180788666143e+82,6.148244442420636e+82
2013-09-19,0.0879969184481379,0.0,0.0879969184481379,1.0,2,6.863281259082507e+82,6.689271007219543e+82
2013-09-20,0.08452550564874983,0.0,0.08452550564874983,1.0,2,7.443403577916044e+82,7.254685021526296e+82
2013-09-23,0.08868807683802021,0.0,0.08868807683802021,1.0,2,8.103544726370658e+82,7.898089084151055e+82
2013-09-24,0.08752163974372001,0.0,0.08752163974372001,1.0,2,8.812780248559191e+82,8.589342791637931e+82
2013-09-25,0.08630682403029566,0.0,0.08630682403029566,1.0,2,9.573383322689254e+82,9.330661688491714e+82
2013-09-26,0.09231180872368344,0.0,0.09231180872368344,1.0,2,1.0457119652811846e+83,1.0191991945545161e+83
2013-09-27,0.08227921555772666,0.0,0.08227921555772666,1.0,2,1.131752325483849e+83,1.1030581047795284e+83
2013-09-30,0.07897492429268621,0.0,0.07897492429268621,1.0,2,1.2211323797070075e+83,1.1901720350949257e+83
2013-10-01,0.09430069306343375,0.0,0.09430069306343375,1.0,2,1.3362860094355787e+83,1.3024060828690946e+83
2013-10-02,0.08207677217528553,0.0,0.08207677217528553,1.0,2,1.445964051793044e+83,1.4093033702124474e+83
2013-10-03,0.07957316638628137,0.0,0.07957316638628137,1.0,2,1.5610239898749534e+83,1.5214461017791094e+83
2013-10-04,0.09079711526895073,0.0,0.09079711526895073,1.0,2,1.7027604650212267e+83,1.6595890188578427e+83
2013-10-07,0.07215192602840692,0.0,0.07215192602840692,1.0,2,1.825617912137534e+83,1.7793315629840303e+83
2013-10-08,0.07876448820771143,0.0,0.07876448820771143,1.0,2,1.9694117726498777e+83,1.9194797028942947e+83
2013-10-09,0.08798523916523238,0.0,0.08798523916523238,1.0,2,2.1426909384813013e+83,2.088365583626258e+83
2013-10-10,0.10946512909788714,0.0,0.10946512909788714,1.0,2,2.37724087867903e+83,2.316968791841491e+83
2013-10-11,0.09475534300173016,0.0,0.09475534300173016,1.0,2,2.6024971535359963e+83,2.536513964436736e+83
2013-10-14,0.08754701124421094,0.0,0.08754701124421094,1.0,2,2.8303380010996394e+83,2.758578181002377e+83
2013-10-15,0.07960149322406196,0.0,0.07960149322406196,1.0,2,3.055637132315977e+83,2.978165123385483e+83
2013-10-16,0.09774088088331734,0.0,0.09774088088331734,1.0,2,3.354297797288314e+83,3.2692536059611535e+83
2013-10-17,0.0961346115123084,0.0,0.0961346115123084,1.0,2,3.6767619129272185e+83,3.5835420313054427e+83
2013-10-18,0.09632840155775996,0.0,0.09632840155775996,1.0,2,4.030938510907949e+83,3.928738907096144e+83
2013-10-21,0.0867759062635387,0.0,0.0867759062635387,1.0,2,4.3807268532845856e+83,4.2696587862322366e+83
2013-10-22,0.09422742147252028,0.0,0.09422742147252028,1.0,2,4.79351144884502e+83,4.671977724226391e+83
2013-10-23,0.07721625477837152,0.0,0.07721625477837152,1.0,2,5.163648450162077e+83,5.032730346499132e+83
2013-10-24,0.09387280999053615,0.0,0.09387280999053615,1.0,2,5.648374639982068e+83,5.50516688604965e+83
2013-10-25,0.08579603738686431,0.0,0.08579603738686431,1.0,2,6.132982801768986e+83,5.977488390026093e+83
2013-10-28,0.08569590044624453,0.0,0.08569590044624453,1.0,2,6.65855428538791e+83,6.489734640016351e+83
2013-10-29,0.08988721935041777,0.0,0.08988721935041777,1.0,2,7.257073214995238e+83,7.073078841129506e+83
2013-10-30,0.0816567081179837,0.0,0.0816567081179837,1.0,2,7.849661924302942e+83,7.650643175555106e+83
2013-10-31,0.08102454652233104,0.0,0.08102454652233104,1.0,2,8.485677222073198e+83,8.270533069458625e+83
2013-11-01,0.11023982529203064,0.0005,0.10973982529203063,1.0,2,9.421136796519111e+83,9.178139923572976e+83
2013-11-04,0.08201373536613815,0.0,0.08201373536613815,1.0,2,1.0193799416597015e+84,9.930873462418277e+83
2013-11-05,0.07240280357153045,0.0,0.07240280357153045,1.0,2,1.0931859073404471e+84,1.0649896543011471e+84
2013-11-06,0.08615295991569427,0.0,0.08615295991569427,1.0,2,1.1873671089959505e+84,1.1567416652987829e+84
2013-11-07,0.06289632852108784,0.0,0.06289632852108784,1.0,2,1.2620481407584942e+84,1.2294964690934455e+84
2013-11-08,0.08649158155477749,0.0,0.08649158155477749,1.0,2,1.371204680450963e+84,1.3358375632213522e+84
2013-11-11,0.0785218861104996,0.0,0.0785218861104996,1.0,2,1.4788742582035173e+84,1.4407300482227464e+84
2013-11-12,0.07744672186577611,0.0,0.07744672186577611,1.0,2,1.5934082215530612e+84,1.5523098675511197e+84
2013-11-13,0.08157138341976833,0.0,0.08157138341976833,1.0,2,1.723384734537577e+84,1.6789339309434218e+84
2013-11-14,0.08150781228974796,0.0,0.08150781228974796,1.0,2,1.8638540539832828e+84,1.8157801626336467e+84
2013-11-15,0.08543984599998161,0.0,0.08543984599998161,1.0,2,2.023101457322056e+84,1.9709201400988873e+84
2013-11-18,0.07697420913100222,0.0,0.07697420913100222,1.0,2,2.178828091991199e+84,2.122630159143363e+84
2013-11-19,0.07516962811010991,0.0,0.07516962811010991,1.0,2,2.342609789382038e+84,2.282187478821473e+84
2013-11-20,0.07620004322113566,0.0,0.07620004322113566,1.0,2,2.5211167565832047e+84,2.456090263346404e+84
2013-11-21,0.08684121250492277,0.0,0.08684121250492277,1.0,2,2.740053592591368e+84,2.6693801198369405e+84
2013-11-22,0.08236847737588521,0.0,0.08236847737588521,1.0,2,2.9657476349414434e+84,2.8892528958453673e+84
2013-11-25,0.07883206493482803,0.0,0.07883206493482803,1.0,2,3.1995436450794597e+84,3.117018667743789e+84
2013-11-26,0.08049281409911552,0.0,0.08049281409911552,1.0,2,3.457083916904847e+84,3.3679162719099626e+84
2013-11-27,0.08461815863540606,0.0,0.08461815863540606,1.0,2,3.749615992201412e+84,3.652903145277205e+84
2013-11-29,0.08436361494679112,0.0,0.08436361494679112,1.0,2,4.0659471519658215e+84,3.961075259663293e+84
2013-12-02,0.07401108173454873,0.0,0.07401108173454873,1.0,2,4.36687229895832e+84,4.254238724462931e+84
2013-12-03,0.07345763516811249,0.0,0.07345763516811249,1.0,2,4.687652411120937e+84,4.566745040602585e+84
2013-12-04,0.07260455253572246,0.0,0.07260455253572246,1.0,2,5.027997316873373e+84,4.898311520820265e+84
2013-12-05,0.07533862181005774,0.0,0.07533862181005774,1.0,2,5.406799705191282e+84,5.267343559995192e+84
2013-12-06,0.09010422185464723,0.0,0.09010422185464723,1.0,2,5.893975185351479e+84,5.741953452709647e+84
2013-12-09,0.08072266904515674,0.0,0.08072266904515674,1.0,2,6.369752593598973e+84,6.205459260945423e+84
2013-12-10,0.07594103605117397,0.0,0.07594103605117397,1.0,2,6.853478204946531e+84,6.67670826639497e+84
2013-12-11,0.07035976965867596,0.0,0.07035976965867596,1.0,2,7.335687352807325e+84,7.146479922096698e+84
2013-12-12,0.0733268813854514,0.0,0.0733268813854514,1.0,2,7.873590429207385e+84,7.670509007667793e+84
2013-12-13,0.07833971276440538,0.0,0.07833971276440538,1.0,2,8.490405241856062e+84,8.271414480085273e+84
2013-12-16,0.08721186186812357,0.0,0.08721186186812357,1.0,2,9.230869291013204e+84,8.992779937176466e+84
2013-12-17,0.0758082021775458,0.0,0.0758082021775458,1.0,2,9.93064489650083e+84,9.674506416792115e+84
2013-12-18,0.0917990834130914,0.0,0.0917990834130914,1.0,2,1.08422689957005e+85,1.0562617238327704e+85
2013-12-19,0.07573140582044419,0.0,0.07573140582044419,1.0,2,1.1663369269028314e+85,1.1362539090929518e+85
2013-12-20,0.08408288906272071,0.0,0.08408288906272071,1.0,2,1.264405905337357e+85,1.2317934204782973e+85
2013-12-23,0.08802116411727223,0.0,0.08802116411727223,1.0,2,1.3757003850419044e+85,1.3402173113007935e+85
2013-12-24,0.07693609391650524,0.0,0.07693609391650524,1.0,2,1.4815413990664606e+85,1.4433283962315573e+85
2013-12-26,0.08206621793358326,0.0,0.08206621793358326,1.0,2,1.603125898399875e+85,1.5617768989464255e+85
2013-12-27,0.08051677263652718,0.0,0.08051677263652718,1.0,2,1.732204421869066e+85,1.6875261344278753e+85
2013-12-30,0.0787028836569642,0.0,0.0787028836569642,1.0,2,1.8685339049535062e+85,1.820339307453839e+85
2013-12-31,0.08103235526237995,0.0,0.08103235526237995,1.0,2,2.0199456081595007e+85,1.9678456889135132e+85
2014-01-02,0.062343067954121145,0.0,0.062343067954121145,1.0,2,2.1458752144726174e+85,2.090527226420673e+85
2014-01-03,0.07406402316246102,0.0,0.07406402316246102,1.0,2,2.3048073660610682e+85,2.245360083340049e+85
2014-01-06,0.07455244096769348,0.0,0.07455244096769348,1.0,2,2.476636381161241e+85,2.412757158404473e+85
2014-01-07,0.08493998611222014,0.0,0.08493998611222014,1.0,2,2.687001840982096e+85,2.617696717931509e+85
2014-01-08,0.07760606031728351,0.0,0.07760606031728351,1.0,2,2.8955294679260043e+85,2.8208458473156567e+85
2014-01-09,0.07504613239298397,0.0,0.07504613239298397,1.0,2,3.1128277557237656e+85,3.0325394182335068e+85
2014-01-10,0.08286647299836469,0.0,0.08286647299836469,1.0,2,3.370776812892009e+85,3.28383526405103e+85
2014-01-13,0.06517975484804328,0.0,0.06517975484804328,1.0,2,3.590483219203779e+85,3.497874841523236e+85
2014-01-14,0.08914051754238084,0.0,0.08914051754238084,1.0,2,3.910540751590838e+85,3.809677215195091e+85
2014-01-15,0.08220101042011319,0.0,0.08220101042011319,1.0,2,4.231991152660634e+85,4.1228365316586104e+85
2014-01-16,0.07496282528317821,0.0,0.07496282528317821,1.0,2,4.549233166037489e+85,4.431896006252439e+85
2014-01-17,0.07242602572068679,0.0,0.07242602572068679,1.0,2,4.878716044330321e+85,4.752880620392688e+85
2014-01-21,0.08421553654450348,0.0,0.08421553654450348,1.0,2,5.289579733651877e+85,5.15314701197103e+85
2014-01-22,0.07834992368704469,0.0,0.07834992368704469,1.0,2,5.7040179021200394e+85,5.556895687107082e+85
2014-01-23,0.07062075244216581,0.0,0.07062075244216581,1.0,2,6.106839938311341e+85,5.94932784177321e+85
2014-01-24,0.051776733780932394,0.0,0.051776733780932394,1.0,2,6.423032164040052e+85,6.25736460561219e+85
2014-01-27,0.07058868319806932,0.0,0.07058868319806932,1.0,2,6.876425546638484e+85,6.699063733412561e+85
2014-01-28,0.0812158538822293,0.0,0.0812158538822293,1.0,2,7.434900319066304e+85,7.243133914733136e+85
2014-01-29,0.062128608858613765,0.0,0.062128608858613765,1.0,2,7.896820332892356e+85,7.693139748632151e+85
2014-01-30,0.08988038956104849,0.0,0.08988038956104849,1.0,2,8.60658962070633e+85,8.384602146186795e+85
2014-01-31,0.061018268078603166,0.0,0.061018268078603166,1.0,2,9.131748813425112e+85,8.896216047675252e+85
2014-02-03,0.05881174596559302,0.0,0.05881174596559302,1.0,2,9.668802904861875e+85,9.41941804592616e+85
2014-02-04,0.08615166455411594,0.0,0.08615166455411594,1.0,2,1.0501786369361395e+86,1.0230916589713776e+86
2014-02-05,0.0747585187414645,0.0,0.0747585187414645,1.0,2,1.1286884362474156e+86,1.0995764759328254e+86
2014-02-06,0.09240471915871934,0.0,0.09240471915871934,1.0,2,1.2329845742165522e+86,1.2011825313849326e+86
2014-02-07,0.09002361900296985,0.0,0.09002361900296985,1.0,2,1.343982307762362e+86,1.3093173299433526e+86
2014-02-10,0.07637805586789781,0.0,0.07637805586789781,1.0,2,1.446633063550102e+86,1.4093204421185728e+86
2014-02-11,0.08976387503625638,0.0,0.08976387503625638,1.0,2,1.5764884530899302e+86,1.535826506170946e+86
2014-02-12,0.07859081174653798,0.0,0.07859081174653798,1.0,2,1.7003859603273117e+86,1.6565283579927699e+86
2014-02-13,0.07612806534956618,0.0,0.07612806534956618,1.0,2,1.8298330538345941e+86,1.782636657083453e+86
2014-02-14,0.07868773566631676,0.0,0.07868773566631676,1.0,2,1.9738184734882198e+86,1.9229082991451221e+86
2014-02-18,0.08431496403161476,0.0,0.08431496403161476,1.0,2,2.1402409070853158e+86,2.0850382432236365e+86
2014-02-19,0.06943287072674814,0.0,0.06943287072674814,1.0,2,2.2888439773110687e+86,2.2298084340257094e+86
2014-02-20,0.07937040514920785,0.0,0.07937040514920785,1.0,2,2.4705104511135726e+86,2.4067892328394508e+86
2014-02-21,0.07844345712398304,0.0,0.07844345712398304,1.0,2,2.6643058317598526e+86,2.5955861008321564e+86
2014-02-24,0.08351102134267208,0.0,0.08351102134267208,1.0,2,2.886804732939356e+86,2.812346147095494e+86
2014-02-25,0.07575734170242637,0.0,0.07575734170242637,1.0,2,3.1055013855208246e+86,3.02540201514651e+86
2014-02-26,0.07473968586613111,0.0,0.07473968586613111,1.0,2,3.337605583531486e+86,3.25151961137732e+86
2014-02-27,0.07952902044950272,0.0,0.07952902044950272,1.0,2,3.603042086236536e+86,3.510109781042506e+86
2014-02-28,0.07661614271043687,0.0,0.07661614271043687,1.0,2,3.879093272907344e+86,3.779040852956159e+86
2014-03-03,0.05848541661327006,0.0,0.05848541661327006,1.0,2,4.105963659055063e+86,4.0000596316398676e+86
2014-03-04,0.09680602927884147,0.0,0.09680602927884147,1.0,2,4.5034456972514067e+86,4.3872895214575087e+86
2014-03-05,0.07592670407305219,0.0,0.07592670407305219,1.0,2,4.8453774860156745e+86,4.720401954636016e+86
2014-03-06,0.08401778638881313,0.0,0.08401778638881313,1.0,2,5.252475376608904e+86,5.116999677729961e+86
2014-03-07,0.07181670067542928,0.0,0.07181670067542928,1.0,2,5.629690828535889e+86,5.484485711941762e+86
2014-03-10,0.071395178312678,0.0,0.071395178312678,1.0,2,6.031623609084457e+86,5.876051547299179e+86
2014-03-11,0.07142702312776567,0.0,0.07142702312776567,1.0,2,6.46244452810851e+86,6.29576041706806e+86
2014-03-12,0.07246222628684396,0.0,0.07246222628684396,1.0,2,6.930727645870486e+86,6.751965233057401e+86
2014-03-13,0.06454706972243063,0.0,0.06454706972243063,1.0,2,7.378085806455665e+86,7.187784803718984e+86
2014-03-14,0.06973484572962374,0.0,0.06973484572962374,1.0,2,7.892595481948777e+86,7.68902386814406e+86
2014-03-17,0.08789477197932405,0.0,0.08789477197932405,1.0,2,8.586313362159706e+86,8.364848867778162e+86
2014-03-18,0.08424133356730507,0.0,0.08424133356730507,1.0,2,9.309635850214811e+86,9.069514891488756e+86
2014-03-19,0.06883880460625086,0.0,0.06883880460625086,1.0,2,9.950500053463098e+86,9.693849454977433e+86
2014-03-20,0.07203369934841175,0.0,0.07203369934841175,1.0,2,1.0667271382680615e+87,1.0392133292146044e+87
2014-03-21,0.07229395516274623,0.0,0.07229395516274623,1.0,2,1.1438450621728973e+87,1.1143421710413733e+87
2014-03-24,0.07541497435377315,0.0,0.07541497435377315,1.0,2,1.2301081082013563e+87,1.1983802572917863e+87
2014-03-25,0.08104496938061156,0.0,0.08104496938061156,1.0,2,1.3298021821653773e+87,1.2955029485503287e+87
2014-03-26,0.06924934861646814,0.0,0.06924934861646814,1.0,2,1.4218901170690877e+87,1.385215683868153e+87
2014-03-27,0.07286580051739983,0.0,0.07286580051739983,1.0,2,1.525497278697106e+87,1.4861505335624634e+87
2014-03-28,0.07824496462758579,0.0,0.07824496462758579,1.0,2,1.6448597593082395e+87,1.602434329492326e+87
2014-03-31,0.08085371497639016,0.0,0.08085371497639016,1.0,2,1.7778527814634817e+87,1.7319970980374816e+87
2014-04-01,0.0845873203272996,0.0,0.0845873203272996,1.0,2,1.9282365841839137e+87,1.8785020913751313e+87
2014-04-02,0.07381140618781179,0.0,0.07381140618781179,1.0,2,2.0705624379253114e+87,2.0171569722662753e+87
2014-04-03,0.0667872903042081,0.0,0.0667872903042081,1.0,2,2.208849692560018e+87,2.1518774205621804e+87
2014-04-04,0.06124491461407783,0.0,0.06124491461407783,1.0,2,2.3441305033761885e+87,2.2836689694444734e+87
2014-04-07,0.06504705167874358,0.0,0.06504705167874358,1.0,2,2.496609281371019e+87,2.432214902917071e+87
2014-04-08,0.07426185012661857,0.0,0.07426185012661857,1.0,2,2.6820121056489183e+87,2.612835681513227e+87
2014-04-09,0.08764993043451752,0.0,0.08764993043451752,1.0,2,2.9170902801335798e+87,2.8418505472346862e+87
2014-04-10,0.04939523197588541,0.0,0.04939523197588541,1.0,2,3.061180631215379e+87,2.9822244142561407e+87
2014-04-11,0.06155285793438858,0.0,0.06155285793438858,1.0,2,3.2496050477200812e+87,3.1657888499553145e+87
2014-04-14,0.07974616791035055,0.0,0.07974616791035055,1.0,2,3.5087485974978896e+87,3.418248379152567e+87
2014-04-15,0.07098131707158922,0.0,0.07098131707158922,1.0,2,3.757804194221381e+87,3.6608801511826412e+87
2014-04-16,0.08664595499077654,0.0,0.08664595499077654,1.0,2,4.083402727298038e+87,3.9780806079886396e+87
2014-04-17,0.07311305176438299,0.0,0.07311305176438299,1.0,2,4.381952762273802e+87,4.268930221403401e+87
2014-04-21,0.07672782689535024,0.0,0.07672782689535024,1.0,2,4.718170475281148e+87,4.59647596045957e+87
2014-04-22,0.078081564863622,0.0,0.078081564863622,1.0,2,5.086572609284439e+87,4.955375996310273e+87
2014-04-23,0.06646083382895757,0.0,0.06646083382895757,1.0,2,5.42463046622902e+87,5.284714416961055e+87
2014-04-24,0.07751939104882272,0.0,0.07751939104882272,1.0,2,5.845144516635985e+87,5.694382260430811e+87
2014-04-25,0.06158009745340626,0.0,0.06158009745340626,1.0,2,6.205089085599672e+87,6.045042874965087e+87
2014-04-28,0.07602714181078335,0.0,0.07602714181078335,1.0,2,6.676844273459103e+87,6.504630206872324e+87
2014-04-29,0.07933963691980855,0.0,0.07933963691980855,1.0,2,7.206582673885451e+87,7.020705205783193e+87
2014-04-30,0.07351660611033778,0.0,0.07351660611033778,1.0,2,7.736386173723073e+87,7.536843625013554e+87
2014-05-01,0.0279278955058071,0.0005,0.0274278955058071,1.0,2,7.952447158375382e+87,7.743563384404034e+87
2014-05-02,0.08685093010868944,0.0,0.08685093010868944,1.0,2,8.643124590720489e+87,8.416099066695116e+87
2014-05-05,0.08678380030370775,0.0,0.08678380030370775,1.0,2,9.393207789201642e+87,9.146480127435406e+87
2014-05-06,0.08424366430672481,0.0,0.08424366430672481,1.0,2,1.0184526032958458e+88,9.917013128879205e+87
2014-05-07,0.09181866772882419,0.0,0.09181866772882419,1.0,2,1.111965564475423e+88,1.0827580062222151e+88
2014-05-08,0.08831387410222757,0.0,0.08831387410222757,1.0,2,1.2101675513425179e+88,1.1783805604669028e+88
2014-05-09,0.0881810333734615,0.0,0.0881810333734615,1.0,2,1.3168813765749325e+88,1.282291375996073e+88
2014-05-12,0.09797220842044957,0.0,0.09797220842044957,1.0,2,1.4458991532657403e+88,1.4079202939409051e+88
2014-05-13,0.08996956842794895,0.0,0.08996956842794895,1.0,2,1.5759860760753957e+88,1.5345902751677193e+88
2014-05-14,0.0861415520247567,0.0,0.0861415520247567,1.0,2,1.7117439626379364e+88,1.666782263192765e+88
2014-05-15,0.08221575614231685,0.0,0.08221575614231685,1.0,2,1.85247628684826e+88,1.8038180272857603e+88
2014-05-16,0.09095002253677248,0.0,0.09095002253677248,1.0,2,2.020959046885946e+88,1.9678753175196367e+88
2014-05-19,0.08732596843617507,0.0,0.08732596843617507,1.0,2,2.1974412528251105e+88,2.1397219353836848e+88
2014-05-20,0.08243322028557099,0.0,0.08243322028557099,1.0,2,2.3785834116838444e+88,2.3161061050330365e+88
2014-05-21,0.09711389219724131,0.0,0.09711389219724131,1.0,2,2.6095769047082553e+88,2.5410321836345872e+88
2014-05-22,0.09097409117554828,0.0,0.09097409117554828,1.0,2,2.8469807919667893e+88,2.7722002771885627e+88
2014-05-23,0.09103558445084586,0.0,0.09103558445084586,1.0,2,3.106157352283818e+88,3.0245691496372204e+88
2014-05-27,0.0963648988316837,0.0,0.0963648988316837,1.0,2,3.405481891291939e+88,3.316031449751442e+88
2014-05-28,0.08633624294905157,0.0,0.08633624294905157,1.0,2,3.6994984032171154e+88,3.602325146623878e+88
2014-05-29,0.0952912467552886,0.0,0.0952912467552886,1.0,2,4.052028218428874e+88,3.945595201063595e+88
2014-05-30,0.0885994884052107,0.0,0.0885994884052107,1.0,2,4.41103584558515e+88,4.295172917331885e+88
2014-06-02,0.09094932828486063,0.0,0.09094932828486063,1.0,2,4.8122165927815616e+88,4.6858160090305446e+88
2014-06-03,0.08582015680859706,0.0,0.08582015680859706,1.0,2,5.225201775371008e+88,5.08795347370178e+88
2014-06-04,0.08877019263644348,0.0,0.08877019263644348,1.0,2,5.6890439435349784e+88,5.5396120836875494e+88
2014-06-05,0.09504136292200527,0.0,0.09504136292200527,1.0,2,6.229738433651722e+88,6.066104366180424e+88
2014-06-06,0.09335040459121047,0.0,0.09335040459121047,1.0,2,6.811287036930524e+88,6.632377663055874e+88
2014-06-09,0.0873503742003483,0.0,0.0873503742003483,1.0,2,7.406255508392387e+88,7.211718333761837e+88
2014-06-10,0.08659473301533294,0.0,0.08659473301533294,1.0,2,8.047598226784965e+88,7.836215157455725e+88
2014-06-11,0.08376251447716349,0.0,0.08376251447716349,1.0,2,8.721685289762435e+88,8.492596243028278e+88
2014-06-12,0.08692423699726998,0.0,0.08692423699726998,1.0,2,9.479811128905349e+88,9.230808691579393e+88
2014-06-13,0.09022708132770058,0.0,0.09022708132770058,1.0,2,1.0335146818604334e+89,1.0063677618114973e+89
2014-06-16,0.08828860757942669,0.0,0.08828860757942669,1.0,2,1.1247622540347853e+89,1.0952185702146586e+89
2014-06-17,0.08753886579486786,0.0,0.08753886579486786,1.0,2,1.2232226660418695e+89,1.1910927616487267e+89
2014-06-18,0.09499284516497303,0.0,0.09499284516497303,1.0,2,1.3394200673594704e+89,1.3042380519331443e+89
2014-06-19,0.0934070680521783,0.0,0.0934070680521783,1.0,2,1.4645313687417698e+89,1.426063104406304e+89
2014-06-20,0.08778005621279361,0.0,0.08778005621279361,1.0,2,1.5930880146153219e+89,1.5512430038740804e+89
2014-06-23,0.08543389092182663,0.0,0.08543389092182663,1.0,2,1.7291917222848365e+89,1.6837717294603051e+89
2014-06-24,0.07803976689105069,0.0,0.07803976689105069,1.0,2,1.8641374412018796e+89,1.8151728827251285e+89
2014-06-25,0.08353616790015955,0.0,0.08353616790015955,1.0,2,2.019860339479094e+89,1.9668054694242717e+89
2014-06-26,0.08253293786556604,0.0,0.08253293786556604,1.0,2,2.1865653473744433e+89,2.1291317030259209e+89
2014-06-27,0.08360632277246827,0.0,0.08360632277246827,1.0,2,2.3693760355701254e+89,2.3071405754142014e+89
2014-06-30,0.08295674767113304,0.0,0.08295674767113304,1.0,2,2.565931765490946e+89,2.49853345397067e+89
2014-07-01,0.09160215852289805,0.0,0.09160215852289805,1.0,2,2.800976653832387e+89,2.727404511496055e+89
2014-07-02,0.08397564433567012,0.0,0.08397564433567012,1.0,2,3.0361904731071307e+89,2.95644006271295e+89
2014-07-03,0.08653783172535101,0.0,0.08653783172535101,1.0,2,3.29893581335499e+89,3.21228397536609e+89
2014-07-07,0.07620172301468237,0.0,0.07620172301468237,1.0,2,3.5503204064474823e+89,3.4570655491014394e+89
2014-07-08,0.07490192193794798,0.0,0.07490192193794798,1.0,2,3.816246228385915e+89,3.7160064029946043e+89
2014-07-09,0.08679454741776571,0.0,0.08679454741776571,1.0,2,4.147475592613426e+89,4.03853549694404e+89
2014-07-10,0.06929182881820295,0.0,0.06929182881820295,1.0,2,4.43486176140447e+89,4.3183730072745227e+89
2014-07-11,0.08347180015477723,0.0,0.08347180015477723,1.0,2,4.805047656066487e+89,4.678835375931526e+89
2014-07-14,0.0921591652784774,0.0,0.0921591652784774,1.0,2,5.247876837172879e+89,5.110032938652787e+89
2014-07-15,0.08174943075614177,0.0,0.08174943075614177,1.0,2,5.676887781290104e+89,5.527775222532786e+89
2014-07-16,0.09103091704706057,0.0,0.09103091704706057,1.0,2,6.193660081994194e+89,6.030973670269964e+89
2014-07-17,0.07125630772768166,0.0,0.07125630772768166,1.0,2,6.634997430757429e+89,6.460718586016266e+89
2014-07-18,0.09174343737006418,0.0,0.09174343737006418,1.0,2,7.243714901996661e+89,7.05344711697806e+89
2014-07-21,0.0779409663629208,0.0,0.0779409663629208,1.0,2,7.808297041515769e+89,7.603199601465087e+89
2014-07-22,0.0898273637130858,0.0,0.0898273637130858,1.0,2,8.509695779843818e+89,8.28617497744908e+89
2014-07-23,0.0866231100019858,0.0,0.0866231100019858,1.0,2,9.246832093464664e+89,9.003949224016354e+89
2014-07-24,0.08494237385364761,0.0,0.08494237385364761,1.0,2,1.0032279962109647e+90,9.768766045162011e+89
2014-07-25,0.07931737831385,0.0,0.07931737831385,1.0,2,1.0828014107214757e+90,1.054359895722562e+90
2014-07-28,0.08392646048883962,0.0,0.08392646048883962,1.0,2,1.1736771005356514e+90,1.1428485898519388e+90
2014-07-29,0.0829612345285814,0.0,0.0829612345285814,1.0,2,1.271046801734015e+90,1.237660719745304e+90
2014-07-30,0.0841812067356803,0.0,0.0841812067356803,1.0,2,1.3780450553215112e+90,1.3418484926628142e+90
2014-07-31,0.06420026019170544,0.0,0.06420026019170544,1.0,2,1.4665159064290455e+90,1.4279955150296149e+90
2014-08-01,0.13208521640022564,0.001,0.13108521640022563,1.0,2,1.6602209772840992e+90,1.6151846161358235e+90
2014-08-04,0.07182521414202447,0.0,0.07182521414202447,1.0,2,1.779466704500611e+90,1.731195597068683e+90
2014-08-05,0.0494393668491635,0.0,0.0494393668491635,1.0,2,1.8674424117002887e+90,1.8167848112798182e+90
2014-08-06,0.05680013275233736,0.0,0.05680013275233736,1.0,2,1.97351338859221e+90,1.919978429742942e+90
2014-08-07,0.06050114856548244,0.0,0.06050114856548244,1.0,2,2.092913215311396e+90,2.0361393299633414e+90
2014-08-08,0.07115685502120112,0.0,0.07115685502120112,1.0,2,2.2418383375452648e+90,2.1810246010685084e+90
2014-08-11,0.07247070097583241,0.0,0.07247070097583241,1.0,2,2.404305933341665e+90,2.3390849827534785e+90
2014-08-12,0.0605072580942847,0.0,0.0605072580942847,1.0,2,2.5497838929879893e+90,2.4806166015094086e+90
2014-08-13,0.07155522331502717,0.0,0.07155522331502717,1.0,2,2.732234248855804e+90,2.658117676389378e+90
2014-08-14,0.06506658638991264,0.0,0.06506658638991264,1.0,2,2.9100114046464585e+90,2.8310723198147214e+90
2014-08-15,0.06569309894702818,0.0,0.06569309894702818,1.0,2,3.1011790717888785e+90,3.017054233846502e+90
2014-08-18,0.07224122270433697,0.0,0.07224122270433697,1.0,2,3.325212039760008e+90,3.23500992066487e+90
2014-08-19,0.06723727058939344,0.0,0.06723727058939344,1.0,2,3.548790221444461e+90,3.452523158059986e+90
2014-08-20,0.06003843815496607,0.0,0.06003843815496607,1.0,2,3.7618540436796027e+90,3.659807256163759e+90
2014-08-21,0.06283958018136693,0.0,0.06283958018136693,1.0,2,3.998247372488006e+90,3.8897880076858095e+90
2014-08-22,0.06141304277831999,0.0,0.06141304277831999,1.0,2,4.243791909412917e+90,4.128671725000414e+90
2014-08-25,0.06815668882656561,0.0,0.06815668882656561,1.0,2,4.53303471402747e+90,4.4100683190283075e+90
2014-08-26,0.06497075315869394,0.0,0.06497075315869394,1.0,2,4.827549393492339e+90,4.6965937791968715e+90
2014-08-27,0.06462642914261746,0.0,0.06462642914261746,1.0,2,5.139536672303358e+90,5.000117864279797e+90
2014-08-28,0.05338224688174659,0.0,0.05338224688174659,1.0,2,5.413896687802047e+90,5.267035390548613e+90
2014-08-29,0.06407569201190016,0.0,0.06407569201190016,1.0,2,5.7607958645538965e+90,5.604524328049183e+90
2014-09-02,0.06458697548773523,0.0,0.06458697548773523,1.0,2,6.132868245847686e+90,5.9665036034453125e+90
2014-09-03,0.07255640928350976,0.0,0.07255640928350976,1.0,2,6.577847144375251e+90,6.399411680888427e+90
2014-09-04,0.06127035029025146,0.0,0.06127035029025146,1.0,2,6.980874143066852e+90,6.7915058762279875e+90
2014-09-05,0.06921058914473294,0.0,0.06921058914473294,1.0,2,7.464024555253742e+90,7.261549999101642e+90
2014-09-08,0.05826387031041369,0.0,0.05826387031041369,1.0,2,7.898907513934789e+90,7.684636006501885e+90
2014-09-09,0.05209595561570168,0.0,0.05209595561570168,1.0,2,8.310408649193268e+90,8.08497446281943e+90
2014-09-10,0.06109452256770531,0.0,0.06109452256770531,1.0,2,8.818129097958259e+90,8.578922117597472e+90
2014-09-11,0.05684470454601237,0.0,0.05684470454601237,1.0,2,9.31939304118029e+90,9.06658841069555e+90
2014-09-12,0.052371388529654395,0.0,0.052371388529654395,1.0,2,9.8074625950005e+90,9.541418234990548e+90
2014-09-15,0.05588716948903527,0.0,0.05588716948903527,1.0,2,1.0355573919304666e+91,1.0074661093055237e+91
2014-09-16,0.0692965607397128,0.0,0.0692965607397128,1.0,2,1.1073179576398348e+91,1.077280045742216e+91
2014-09-17,0.05934526914091537,0.0,0.05934526914091537,1.0,2,1.1730320398605395e+91,1.1412115199969255e+91
2014-09-18,0.06764736466314597,0.0,0.06764736466314597,1.0,2,1.2523845660225393e+91,1.2184114718479404e+91
2014-09-19,0.06036033577986977,0.0,0.06036033577986977,1.0,2,1.3279789189531863e+91,1.2919551974067277e+91
2014-09-22,0.04953762867838968,0.0,0.04953762867838968,1.0,2,1.3937638455330187e+91,1.3559555942449779e+91
2014-09-23,0.05734643121024485,0.0,0.05734643121024485,1.0,2,1.4736912280242041e+91,1.433714808454494e+91
2014-09-24,0.07112386626270606,0.0,0.07112386626270606,1.0,2,1.5785058458387207e+91,1.5356861487498727e+91
2014-09-25,0.03472005400482342,0.0,0.03472005400482342,1.0,2,1.6333116540531706e+91,1.5890052547689275e+91
2014-09-26,0.06611651699957533,0.0,0.06611651699957533,1.0,2,1.7413005317939813e+91,1.6940647477082715e+91
2014-09-29,0.041286988106634726,0.0,0.041286988106634726,1.0,2,1.813193586140236e+91,1.764007578798772e+91
2014-09-30,0.05946541938876315,0.0,0.05946541938876315,1.0,2,1.921015903173081e+91,1.8689050292769976e+91
2014-10-01,0.07327183245389413,0.0005,0.07277183245389413,1.0,2,2.061772258571645e+91,2.0049086729397835e+91
2014-10-02,0.03825238304415485,0.0,0.03825238304415485,1.0,2,2.1406399607563396e+91,2.081601207465624e+91
2014-10-03,0.04380419943150332,0.0,0.04380419943150332,1.0,2,2.2344089805083556e+91,2.172784081894306e+91
2014-10-06,0.03951892147290087,0.0,0.03951892147290087,1.0,2,2.3227104135474097e+91,2.258650165404256e+91
2014-10-07,0.03572164734568806,0.0,0.03572164734568806,1.0,2,2.4056814558263074e+91,2.339332870090107e+91
2014-10-08,0.05004007856886239,0.0,0.05004007856886239,1.0,2,2.5260619448875112e+91,2.4563932707081382e+91
2014-10-09,0.031204899216032866,0.0,0.031204899216032866,1.0,2,2.604887453291182e+91,2.533044775155527e+91
2014-10-10,0.029482313169933216,0.0,0.029482313169933216,1.0,2,2.681685560961543e+91,2.6077247944901258e+91
2014-10-13,0.03467334282778123,0.0,0.03467334282778123,1.0,2,2.7746685637730734e+91,2.698143330289987e+91
2014-10-14,0.04098816407366335,0.0,0.04098816407366335,1.0,2,2.88839713411504e+91,2.8087352718061737e+91
2014-10-15,0.04108643404536744,0.0,0.04108643404536744,1.0,2,3.0070710724626858e+91,2.924136188302135e+91
2014-10-16,0.035293705749274984,0.0,0.035293705749274984,1.0,2,3.1132017540613406e+91,3.027339790502877e+91
2014-10-17,0.04495892511420224,0.0,0.04495892511420224,1.0,2,3.2531679585875875e+91,3.1634457334393402e+91
2014-10-20,0.04766737853114045,0.0,0.04766737853114045,1.0,2,3.408237947094959e+91,3.314238898677914e+91
2014-10-21,0.05092252816790138,0.0,0.05092252816790138,1.0,2,3.581794039958813e+91,3.483008322350994e+91
2014-10-22,0.037068605137258515,0.0,0.037068605137258515,1.0,2,3.714566148909033e+91,3.612118582542009e+91
2014-10-23,0.044956963064771704,0.0,0.044956963064771704,1.0,2,3.881561762067187e+91,3.774508464242925e+91
2014-10-24,0.04409215560260876,0.0,0.04409215560260876,1.0,2,4.05270818726139e+91,3.9409346787716884e+91
2014-10-27,0.04003671682859211,0.0,0.04003671682859211,1.0,2,4.214965317343692e+91,4.09871676454565e+91
2014-10-28,0.04563382344620809,0.0,0.04563382344620809,1.0,2,4.407310300467245e+91,4.2857568817349396e+91
2014-10-29,0.03594386435222441,0.0,0.03594386435222441,1.0,2,4.5657260640654014e+91,4.439803545738633e+91
2014-10-30,0.04104795650386467,0.0,0.04104795650386467,1.0,2,4.753139788951719e+91,4.622048408569816e+91
2014-10-31,0.04656574088894144,0.0,0.04656574088894144,1.0,2,4.974473264772963e+91,4.837277517139422e+91
2014-11-03,0.04010759498780514,0.0,0.04010759498780514,1.0,2,5.1739874237541414e+91,5.0312890846404655e+91
2014-11-04,0.037452928553031006,0.0,0.037452928553031006,1.0,2,5.367768405070286e+91,5.219725595257149e+91
2014-11-05,0.03947360739605715,0.0,0.03947360739605715,1.0,2,5.57965358768499e+91,5.4257669941194806e+91
2014-11-06,0.03884716483502615,0.0,0.03884716483502615,1.0,2,5.7964073103281336e+91,5.636542658896484e+91
2014-11-07,0.041996482296056126,0.0,0.041996482296056126,1.0,2,6.039836027317059e+91,5.873257622881796e+91
2014-11-10,0.03916413629014637,0.0,0.03916413629014637,1.0,2,6.27638098866104e+91,6.103278684891479e+91
2014-11-11,0.04058429555570836,0.0,0.04058429555570836,1.0,2,6.531103489725088e+91,6.35097595089797e+91
2014-11-12,0.040023186427336044,0.0,0.040023186427336044,1.0,2,6.79249906227058e+91,6.605162245376286e+91
2014-11-13,0.04217671340255713,0.0,0.04217671340255713,1.0,2,7.078984348507104e+91,6.883746280376912e+91
2014-11-14,0.04096753520424806,0.0,0.04096753520424806,1.0,2,7.36899288901489e+91,7.165756398455365e+91
2014-11-17,0.037457669150821216,0.0,0.037457669150821216,1.0,2,7.645018186626365e+91,7.434168930844087e+91
2014-11-18,0.043108554295659074,0.0,0.043108554295659074,1.0,2,7.974583868215848e+91,7.75464520584248e+91
2014-11-19,0.03518866771147311,0.0,0.03518866771147311,1.0,2,8.255198850091769e+91,8.027520839211238e+91
2014-11-20,0.0424920068584998,0.0,0.0424920068584998,1.0,2,8.605978816248147e+91,8.368626309767751e+91
2014-11-21,0.04163647846640417,0.0,0.04163647846640417,1.0,2,8.964301467913194e+91,8.71706643890778e+91
2014-11-24,0.04287763944569234,0.0,0.04287763944569234,1.0,2,9.348669554136866e+91,9.090833670699411e+91
2014-11-25,0.0407505609712413,0.0,0.0407505609712413,1.0,2,9.729633082802707e+91,9.461290242476662e+91
2014-11-26,0.043355992258713894,0.0,0.043355992258713894,1.0,2,1.0151470979420828e+92,9.871493868986924e+91
2014-11-28,0.043672383777022816,0.0,0.043672383777022816,1.0,2,1.0594809915935404e+92,1.0302605537685848e+92
2014-12-01,0.03302355923992689,0.0,0.03302355923992689,1.0,2,1.094468824883006e+92,1.0642834241985214e+92
2014-12-02,0.03805253874289449,0.0,0.03805253874289449,1.0,2,1.1361161422447568e+92,1.104782110431256e+92
2014-12-03,0.03959792531794959,0.0,0.03959792531794959,1.0,2,1.1811039843978816e+92,1.1485291899327195e+92
2014-12-04,0.03974185329992119,0.0,0.03974185329992119,1.0,2,1.2280432456777746e+92,1.194173868509703e+92
2014-12-05,0.03564984773137497,0.0,0.03564984773137497,1.0,2,1.2718228003937306e+92,1.2367459850868608e+92
2014-12-08,0.03643290621066059,0.0,0.03643290621066059,1.0,2,1.318159001197055e+92,1.2818042355679414e+92
2014-12-09,0.04173814900773487,0.0,0.04173814900773487,1.0,2,1.373176518004905e+92,1.3353043717508218e+92
2014-12-10,0.03289565177039494,0.0,0.03289565177039494,1.0,2,1.4183480545604777e+92,1.379230079371423e+92
2014-12-11,0.03986656872940009,0.0,0.03986656872940009,1.0,2,1.4748927247598237e+92,1.4342152501243396e+92
2014-12-12,0.037155101459672935,0.0,0.037155101459672935,1.0,2,1.5296925135904085e+92,1.4875036632577195e+92
2014-12-15,0.03206687329991775,0.0,0.03206687329991775,1.0,2,1.5787449696115448e+92,1.5352032547605682e+92
2014-12-16,0.03430935081375058,0.0,0.03430935081375058,1.0,2,1.6329106846193914e+92,1.5878750817985602e+92
2014-12-17,0.0439235877746838,0.0,0.0439235877746838,1.0,2,1.7046339804034903e+92,1.6576202523291724e+92
2014-12-18,0.04729760313132958,0.0,0.04729760313132958,1.0,2,1.7852590818927934e+92,1.7360217171662923e+92
2014-12-19,0.0422684549852515,0.0,0.0422684549852515,1.0,2,1.8607192250327903e+92,1.8094006729717548e+92
2014-12-22,0.039103202007028104,0.0,0.039103202007028104,1.0,2,1.9334793047676083e+92,1.8801540329986218e+92
2014-12-23,0.033071850453094964,0.0,0.033071850453094964,1.0,2,1.9974230431890365e+92,1.9423342060067356e+92
2014-12-24,0.03834686747391364,0.0,0.03834686747391364,1.0,2,2.0740179599155476e+92,2.016816638394525e+92
2014-12-26,0.04241309684467831,0.0,0.04241309684467831,1.0,2,2.161983484507048e+92,2.1023560777967107e+92
2014-12-29,0.03954853751442722,0.0,0.03954853751442722,1.0,2,2.2474867694496468e+92,2.1855011860081376e+92
2014-12-30,0.03570454853226712,0.0,0.03570454853226712,1.0,2,2.32773226988509e+92,2.2635335191712926e+92
2014-12-31,0.033982656201954786,0.0,0.033982656201954786,1.0,2,2.4068347953427907e+92,2.3404544005548913e+92
2015-01-02,0.03919416265517539,0.0,0.03919416265517539,1.0,2,2.5011686697955915e+92,2.4321865510172605e+92
2015-01-05,0.033589332397906235,0.0,0.033589332397906235,1.0,2,2.5851812556285845e+92,2.513882073533096e+92
2015-01-06,0.03559559823061481,0.0,0.03559559823061481,1.0,2,2.677202328957256e+92,2.6033652098217253e+92
2015-01-07,0.043560996312748346,0.0,0.043560996312748346,1.0,2,2.7938239297374446e+92,2.716770392127507e+92
2015-01-08,0.04496855494905666,0.0,0.04496855494905666,1.0,2,2.9194581546398324e+92,2.838939630789863e+92
2015-01-09,0.03739676161234984,0.0,0.03739676161234984,1.0,2,3.028636435286129e+92,2.9451067793943637e+92
2015-01-12,0.03493679448607612,0.0,0.03493679448607612,1.0,2,3.1344472839987626e+92,3.0479993696856143e+92
2015-01-13,0.03872723339789175,0.0,0.03872723339789175,1.0,2,3.255835755539571e+92,3.166039952672056e+92
2015-01-14,0.038168187605793547,0.0,0.038168187605793547,1.0,2,3.380105105470656e+92,3.286881959553081e+92
2015-01-15,0.03583019552483119,0.0,0.03583019552483119,1.0,2,3.5012149322941496e+92,3.4046515828309084e+92
2015-01-16,0.03979597180045458,0.0,0.03979597180045458,1.0,2,3.640549183007058e+92,3.5401430012116203e+92
2015-01-20,0.043495086704435526,0.0,0.043495086704435526,1.0,2,3.7988951853737117e+92,3.69412182799542e+92
2015-01-21,0.038375123282126666,0.0,0.038375123282126666,1.0,2,3.944678256448305e+92,3.835884208563939e+92
2015-01-22,0.046437021099345555,0.0,0.046437021099345555,1.0,2,4.127857363873124e+92,4.0140112444916684e+92
2015-01-23,0.04242223048794347,0.0,0.04242223048794347,1.0,2,4.302970280384705e+92,4.184294554686691e+92
2015-01-26,0.0362246901512111,0.0,0.0362246901512111,1.0,2,4.458844045521511e+92,4.3358693284316167e+92
2015-01-27,0.02659759895890118,0.0,0.02659759895890118,1.0,2,4.577438591264576e+92,4.451193041967441e+92
2015-01-28,0.04015069600415638,0.0,0.04015069600415638,1.0,2,4.7612259366201344e+92,4.6299115406512923e+92
2015-01-29,0.04016586568418412,0.0,0.04016586568418412,1.0,2,4.9524646980824723e+92,4.815875945722746e+92
2015-01-30,0.03990157397394578,0.0,0.03990157397394578,1.0,2,5.1500758345863646e+92,5.008036976020348e+92
2015-02-02,0.0402039240611099,0.0,0.0402039240611099,1.0,2,5.357129092349032e+92,5.2093797142995e+92
2015-02-03,0.0377525423927807,0.0,0.0377525423927807,1.0,2,5.559374335511537e+92,5.406047042803684e+92
2015-02-04,0.036574349013233975,0.0,0.036574349013233975,1.0,2,5.762704832753752e+92,5.603769694129148e+92
2015-02-05,0.039663756917946213,0.0,0.039663756917946213,1.0,2,5.991275356429969e+92,5.826036253101239e+92
2015-02-06,0.02880547098942321,0.0,0.02880547098942321,1.0,2,6.163856864899259e+92,5.993857971373274e+92
2015-02-09,0.036347472462671615,0.0,0.036347472462671615,1.0,2,6.387897482560034e+92,6.211719558932929e+92
2015-02-10,0.0436820241453143,0.0,0.0436820241453143,1.0,2,6.666933774631013e+92,6.483060042690157e+92
2015-02-11,0.039386015705850264,0.0,0.039386015705850264,1.0,2,6.929517732988495e+92,6.738401947353522e+92
2015-02-12,0.04347082791884699,0.0,0.04347082791884699,1.0,2,7.230749605919835e+92,7.03132585885495e+92
2015-02-13,0.04027921967620135,0.0,0.04027921967620135,1.0,2,7.521998557720287e+92,7.314542177738724e+92
2015-02-17,0.034890393634977146,0.0,0.034890393634977146,1.0,2,7.784444048320878e+92,7.569749433579671e+92
2015-02-18,0.040078516570465905,0.0,0.040078516570465905,1.0,2,8.096433018103371e+92,7.873133761687668e+92
2015-02-19,0.03849053891215548,0.0,0.03849053891215548,1.0,2,8.408069088236339e+92,8.176174923102513e+92
2015-02-20,0.04120862892336469,0.0,0.04120862892336469,1.0,2,8.754554087255483e+92,8.513103881521164e+92
2015-02-23,0.04039679049041023,0.0,0.04039679049041023,1.0,2,9.108209974555309e+92,8.857005955446074e+92
2015-02-24,0.03991617191512559,0.0,0.03991617191512559,1.0,2,9.47177484973872e+92,9.21054372781695e+92
2015-02-25,0.03653348453381189,0.0,0.03653348453381189,1.0,2,9.817811789719397e+92,9.547036984645149e+92
2015-02-26,0.03722885954578925,0.0,0.03722885954578925,1.0,2,1.0183317725885855e+93,9.902462283624958e+92
2015-02-27,0.03741273997009986,0.0,0.03741273997009986,1.0,2,1.0564303543997332e+93,1.027294053010594e+93
2015-03-02,0.03829297943128729,0.0,0.03829297943128729,1.0,2,1.09688422023135e+93,1.0666322030524126e+93
2015-03-03,0.03377181107499694,0.0,0.03377181107499694,1.0,2,1.1339279868881485e+93,1.1026543043004063e+93
2015-03-04,0.035781374309900804,0.0,0.035781374309900804,1.0,2,1.1745014886274658e+93,1.1421087906970026e+93
2015-03-05,0.038370416051156986,0.0,0.038370416051156986,1.0,2,1.219567599398805e+93,1.1859319801717303e+93
2015-03-06,0.025991379340950638,0.0,0.025991379340950638,1.0,2,1.2512658435067117e+93,1.2167559881409385e+93
2015-03-09,0.04138474479217269,0.0,0.04138474479217269,1.0,2,1.3030491611073997e+93,1.2671111241844992e+93
2015-03-10,0.030703414118591565,0.0,0.030703414118591565,1.0,2,1.3430572191177634e+93,1.30601576176461e+93
2015-03-11,0.035153356019744286,0.0,0.035153356019744286,1.0,2,1.390270187696298e+93,1.351926598805319e+93
2015-03-12,0.04135211649086595,0.0,0.04135211649086595,1.0,2,1.4477608024516933e+93,1.4078316250062166e+93
2015-03-13,0.03415128321788474,0.0,0.03415128321788474,1.0,2,1.497203691647973e+93,1.4559108815548989e+93
2015-03-16,0.04562813780434127,0.0,0.04562813780434127,1.0,2,1.5655183080116552e+93,1.5223413838893258e+93
2015-03-17,0.03896551266209025,0.0,0.03896551266209025,1.0,2,1.6265195314652174e+93,1.5816601963592894e+93
2015-03-18,0.04653158466288432,0.0,0.04653158466288432,1.0,2,1.702204062749426e+93,1.6552573516940958e+93
2015-03-19,0.035424029601873464,0.0,0.035424029601873464,1.0,2,1.762502989856691e+93,1.7138932371192262e+93
2015-03-20,0.04299919149959974,0.0,0.04299919149959974,1.0,2,1.838289193436156e+93,1.7875892606319847e+93
2015-03-23,0.036689101601334595,0.0,0.036689101601334595,1.0,2,1.9057343724267706e+93,1.8531743046367663e+93
2015-03-24,0.03642016312074253,0.0,0.03642016312074253,1.0,2,1.9751415291353596e+93,1.9206672151028061e+93
2015-03-25,0.024853158451612123,0.0,0.024853158451612123,1.0,2,2.02423003452332e+93,1.9684018617325726e+93
2015-03-26,0.032063231681530024,0.0,0.032063231681530024,1.0,2,2.0891333910969523e+93,2.0315151866676588e+93
2015-03-27,0.04072400960635836,0.0,0.04072400960635836,1.0,2,2.1742112793849487e+93,2.1142466306449755e+93
2015-03-30,0.042711961207139604,0.0,0.042711961207139604,1.0,2,2.267076107206164e+93,2.2045502507154093e+93
2015-03-31,0.03274607976053301,0.0,0.03274607976053301,1.0,2,2.341313962235936e+93,2.276740629061439e+93
2015-04-01,0.036709387585437014,0.0,0.036709387585437014,1.0,2,2.42726216393485e+93,2.360318383245167e+93
2015-04-02,0.035700473237951724,0.0,0.035700473237951724,1.0,2,2.513916571859899e+93,2.4445828665192566e+93
2015-04-06,0.04155634967675398,0.0,0.04155634967675398,1.0,2,2.6183857679782957e+93,2.546170806934132e+93
2015-04-07,0.035647955729116276,0.0,0.035647955729116276,1.0,2,2.711725867916934e+93,2.636936591138488e+93
2015-04-08,0.03984245921730439,0.0,0.03984245921730439,1.0,2,2.8197676952179236e+93,2.741998629729541e+93
2015-04-09,0.037584049796187846,0.0,0.037584049796187846,1.0,2,2.925745984688676e+93,2.845054042770375e+93
2015-04-10,0.03872126356196509,0.0,0.03872126356196509,1.0,2,3.0390345660771675e+93,2.955218130208521e+93
2015-04-13,0.036305704276251294,0.0,0.036305704276251294,1.0,2,3.149368856318471e+93,3.062509405715688e+93
2015-04-14,0.0373954540575237,0.0,0.0373954540575237,1.0,2,3.267140934695124e+93,3.177033335497863e+93
2015-04-15,0.040175189640165476,0.0,0.040175189640165476,1.0,2,3.398398941327648e+93,3.304671252244617e+93
2015-04-16,0.03603249181849316,0.0,0.03603249181849316,1.0,2,3.520851723377012e+93,3.423746792103931e+93
2015-04-17,0.02903515901639747,0.0,0.02903515901639747,1.0,2,3.623080213038421e+93,3.5231558246445495e+93
2015-04-20,0.04293199587857233,0.0,0.04293199587857233,1.0,2,3.7786262778123233e+93,3.6744119359877574e+93
2015-04-21,0.03790508441036,0.0,0.03790508441036,1.0,2,3.9218554258280034e+93,3.8136908305798074e+93
2015-04-22,0.036775890474996464,0.0,0.036775890474996464,1.0,2,4.0660851514270242e+93,3.9539427068707085e+93
2015-04-23,0.03928305225701684,0.0,0.03928305225701684,1.0,2,4.225813386912013e+93,4.1092656448459614e+93
2015-04-24,0.04533451460321619,0.0,0.04533451460321619,1.0,2,4.4173885856114425e+93,4.295557208230726e+93
2015-04-27,0.034724869630529676,0.0,0.034724869630529676,1.0,2,4.570781828354189e+93,4.4447198722770195e+93
2015-04-28,0.03320097408191447,0.0,0.03320097408191447,1.0,2,4.722536237371463e+93,4.592288901557859e+93
2015-04-29,0.03046268343599906,0.0,0.03046268343599906,1.0,2,4.866397363785544e+93,4.732182344612669e+93
2015-04-30,0.02770984386052594,0.0,0.02770984386052594,1.0,2,5.001244474899316e+93,4.863310378501423e+93
2015-05-01,0.03957117849612801,0.0,0.03957117849612801,1.0,2,5.199149612718332e+93,5.055757301571175e+93
2015-05-04,0.03652099301179995,0.0,0.03652099301179995,1.0,2,5.389027719391721e+93,5.240398578651213e+93
2015-05-05,0.02771469405677629,0.0,0.02771469405677629,1.0,2,5.53838297389815e+93,5.385634621994096e+93
2015-05-06,0.03072411890167609,0.0,0.03072411890167609,1.0,2,5.708544910911214e+93,5.551103500481226e+93
2015-05-07,0.04092045259946486,0.0,0.04092045259946486,1.0,2,5.942141152350073e+93,5.778257168147392e+93
2015-05-08,0.04573988597300849,0.0,0.04573988597300849,1.0,2,6.213934011094087e+93,6.042553992141172e+93
2015-05-11,0.02973194021262604,0.0,0.02973194021262604,1.0,2,6.398686325597139e+93,6.222210846167078e+93
2015-05-12,0.033385312070644935,0.0,0.033385312070644935,1.0,2,6.612308465419368e+93,6.429941297035717e+93
2015-05-13,0.037847399748695776,0.0,0.037847399748695776,1.0,2,6.862567147171779e+93,6.673297855665275e+93
2015-05-14,0.04511988135094114,0.0,0.04511988135094114,1.0,2,7.172205362615037e+93,6.974396263132382e+93
2015-05-15,0.039815692287695825,0.0,0.039815692287695825,1.0,2,7.457771684357079e+93,7.252086678637717e+93
2015-05-18,0.034302662008730334,0.0,0.034302662008730334,1.0,2,7.71359310578386e+93,7.500852556833042e+93
2015-05-19,0.03277883110194835,0.0,0.03277883110194835,1.0,2,7.966435671387502e+93,7.74672173591409e+93
2015-05-20,0.03790595846973466,0.0,0.03790595846973466,1.0,2,8.268411051098929e+93,8.040368648312239e+93
2015-05-21,0.04143005401846511,0.0,0.04143005401846511,1.0,2,8.61097176759283e+93,8.373481555740188e+93
2015-05-22,0.03416024145469748,0.0,0.03416024145469748,1.0,2,8.905124642333385e+93,8.65952170750073e+93
2015-05-26,0.033121281817386716,0.0,0.033121281817386716,1.0,2,9.200073785231064e+93,8.946336166378638e+93
2015-05-27,0.04317042065350141,0.0,0.04317042065350141,1.0,2,9.597244840582738e+93,9.332553261988837e+93
2015-05-28,0.03521818339263938,0.0,0.03521818339263938,1.0,2,9.935242369442443e+93,9.661228834291134e+93
2015-05-29,0.03395181071501724,0.0,0.03395181071501724,1.0,2,1.027256183777757e+94,9.989245046947452e+93
2015-06-01,0.03590014987860696,0.0,0.03590014987860696,1.0,2,1.0641348347391044e+94,1.0347860441306998e+94
2015-06-02,0.030231520082298124,0.0,0.030231520082298124,1.0,2,1.0963052483657927e+94,1.0660691992047189e+94
2015-06-03,0.03313965165338917,0.0,0.03313965165338917,1.0,2,1.1326364224024175e+94,1.101398361104771e+94
2015-06-04,0.03412255047700269,0.0,0.03412255047700269,1.0,2,1.1712848658979358e+94,1.1389808822768565e+94
2015-06-05,0.02986868743894744,0.0,0.02986868743894744,1.0,2,1.2062696074594109e+94,1.1730007462485207e+94
2015-06-08,0.032173294469821034,0.0,0.032173294469821034,1.0,2,1.2450792747501978e+94,1.2107400446708941e+94
2015-06-09,0.033219873547251866,0.0,0.033219873547251866,1.0,2,1.2864406508137032e+94,1.2509606758534552e+94
2015-06-10,0.04033353478535123,0.0,0.04033353478535123,1.0,2,1.3383273495525877e+94,1.301416341788097e+94
2015-06-11,0.04057050124689132,0.0,0.04057050124689132,1.0,2,1.3926239609563597e+94,1.3542154551053357e+94
2015-06-12,0.03078172400317225,0.0,0.03078172400317225,1.0,2,1.4354913273627229e+94,1.3959005414852185e+94
2015-06-15,0.03500499915046151,0.0,0.03500499915046151,1.0,2,1.4857407000575499e+94,1.4447640387540373e+94
2015-06-16,0.040138222058393125,0.0,0.040138222058393125,1.0,2,1.5453756901976525e+94,1.502754298563528e+94
2015-06-17,0.03693026108327885,0.0,0.03693026108327885,1.0,2,1.6024468179084042e+94,1.5582514071534986e+94
2015-06-18,0.04202610918228572,0.0,0.04202610918228572,1.0,2,1.6697914228366292e+94,1.623738650923982e+94
2015-06-19,0.03625231182418909,0.0,0.03625231182418909,1.0,2,1.730325222178659e+94,1.6826029308182662e+94
2015-06-22,0.03506212832144506,0.0,0.03506212832144506,1.0,2,1.79099410715652e+94,1.7415985706926555e+94
2015-06-23,0.033831506504002795,0.0,0.033831506504002795,1.0,2,1.8515861359414166e+94,1.800519474064406e+94
2015-06-24,0.034600446443388444,0.0,0.034600446443388444,1.0,2,1.915651842873378e+94,1.8628182516970495e+94
2015-06-25,0.03328574539148016,0.0,0.03328574539148016,1.0,2,1.979415742373981e+94,1.9248235457336397e+94
2015-06-26,0.029566718326278774,0.0,0.029566718326278774,1.0,2,2.0379405700793547e+94,1.9817342613381354e+94
2015-06-29,0.029752590957512592,0.0,0.029752590957512592,1.0,2,2.0985745822566456e+94,2.040695990202217e+94
2015-06-30,0.0355794842534658,0.0,0.0355794842534658,1.0,2,2.1732407835607695e+94,2.1133029010517276e+94
2015-07-01,0.007570286428086881,0.0005,0.0070702864280868805,1.0,2,2.1896928387695246e+94,2.1282445578714703e+94
2015-07-02,0.059251963584891765,0.0,0.059251963584891765,1.0,2,2.319436439114395e+94,2.2543472269142148e+94
2015-07-06,0.04058428429711841,0.0,0.04058428429711841,1.0,2,2.4135691069685096e+94,2.345838295675722e+94
2015-07-07,0.055217273022191316,0.0,0.055217273022191316,1.0,2,2.5468398113059162e+94,2.4753690893139604e+94
2015-07-08,0.03347397292304499,0.0,0.03347397292304499,1.0,2,2.632092658188904e+94,2.558229527184199e+94
2015-07-09,0.07037534621319042,0.0,0.07037534621319042,1.0,2,2.8173270902741447e+94,2.7382658158525933e+94
2015-07-10,0.08500011868314528,0.0,0.08500011868314528,1.0,2,3.0568002273166874e+94,2.9710187351860633e+94
2015-07-13,0.06818816625232521,0.0,0.06818816625232521,1.0,2,3.265237829417103e+94,3.1736070546397033e+94
2015-07-14,0.06312786912245988,0.0,0.06312786912245988,1.0,2,3.471365335766251e+94,3.373950105431114e+94
2015-07-15,0.05514330877256185,0.0,0.05514330877256185,1.0,2,3.662787906338777e+94,3.56000087787812e+94
2015-07-16,0.06965070025617942,0.0,0.06965070025617942,1.0,2,3.917903648905138e+94,3.807957431934944e+94
2015-07-17,0.06305253570078717,0.0,0.06305253570078717,1.0,2,4.164937408599974e+94,4.0480588038591e+94
2015-07-20,0.059774812547232825,0.0,0.059774812547232825,1.0,2,4.413895761469995e+94,4.2900307600399534e+94
2015-07-21,0.05436270319090658,0.0,0.05436270319090658,1.0,2,4.653847066666389e+94,4.523248428927865e+94
2015-07-22,0.043702008784231694,0.0,0.043702008784231694,1.0,2,4.857229532054315e+94,4.720923471502133e+94
2015-07-23,0.054342775744162686,0.0,0.054342775744162686,1.0,2,5.1211848672526675e+94,4.977471557019328e+94
2015-07-24,0.04772780930927395,0.0,0.04772780930927395,1.0,2,5.365607802034442e+94,5.215035370335081e+94
2015-07-27,0.04934422725940746,0.0,0.04934422725940746,1.0,2,5.6303695728028786e+94,5.472367260814743e+94
2015-07-28,0.06781016698631553,0.0,0.06781016698631553,1.0,2,6.012165873729312e+94,5.843449398581037e+94
2015-07-29,0.05934311950218635,0.0,0.05934311950218635,1.0,2,6.368946551640997e+94,6.19021791454601e+94
2015-07-30,0.05733383938170633,0.0,0.05733383938170633,1.0,2,6.734102710263453e+94,6.5451268741963516e+94
2015-07-31,0.06082803235878975,0.0,0.06082803235878975,1.0,2,7.143724927830772e+94,6.943254063492352e+94
2015-08-03,0.08436568967974484,0.0005,0.08386568967974484,1.0,2,7.746410208249601e+94,7.525554854148828e+94
2015-08-04,0.031423626026413964,0.0,0.031423626026413964,1.0,2,7.989830505680833e+94,7.762035075526865e+94
2015-08-05,0.03659640436173711,0.0,0.03659640436173711,1.0,2,8.282229573648471e+94,8.046097649820832e+94
2015-08-06,0.029119377529554846,0.0,0.029119377529554846,1.0,2,8.523402943389985e+94,8.280395004925629e+94
2015-08-07,0.035671089686931,0.0,0.035671089686931,1.0,2,8.8274420142215e+94,8.575765717789547e+94
2015-08-10,0.038018516340701525,0.0,0.038018516340701525,1.0,2,9.163048262685775e+94,8.901803606865357e+94
2015-08-11,0.03226562900900526,0.0,0.03226562900900526,1.0,2,9.458699778521205e+94,9.1890258995555e+94
2015-08-12,0.036023505904766884,0.0,0.036023505904766884,1.0,2,9.79943530584418e+94,9.520046828307193e+94
2015-08-13,0.03243317705401533,0.0,0.03243317705401533,1.0,2,1.0117262126147994e+95,9.828812192652198e+94
2015-08-14,0.03436624296759183,0.0,0.03436624296759183,1.0,2,1.0464954414542009e+95,1.0166591540547712e+95
2015-08-17,0.03990708838389917,0.0,0.03990708838389917,1.0,2,1.0882580275296613e+95,1.0572310607719351e+95
2015-08-18,0.0311748523003047,0.0,0.0311748523003047,1.0,2,1.1221843108025193e+95,1.0901900829387946e+95
2015-08-19,0.03329285104123497,0.0,0.03329285104123497,1.0,2,1.1595450259028785e+95,1.1264856189767074e+95
2015-08-20,0.022524885206247347,0.0,0.022524885206247347,1.0,2,1.185663644502816e+95,1.1518595782306463e+95
2015-08-21,0.015113094408077066,0.0,0.015113094408077066,1.0,2,1.2035826910984119e+95,1.1692677407812938e+95
2015-08-24,0.014846244039630363,0.0,0.014846244039630363,1.0,2,1.221451373452334e+95,1.1866269750086003e+95
2015-08-25,0.0334504953046138,0.0,0.0334504953046138,1.0,2,1.2623095268848154e+95,1.2263202350644535e+95
2015-08-26,0.05645396383627482,0.0,0.05645396383627482,1.0,2,1.333571903265756e+95,1.2955508732664742e+95
2015-08-27,0.04690012351747819,0.0,0.04690012351747819,1.0,2,1.3961165902483585e+95,1.3563123692458486e+95
2015-08-28,0.035293472193115294,0.0,0.035293472193115294,1.0,2,1.4453903923046358e+95,1.4041813421350053e+95
2015-08-31,0.028756699429928145,0.0,0.028756699429928145,1.0,2,1.4869550493750462e+95,1.4445609629358948e+95
2015-09-01,-0.027750685537742292,0.001,-0.028750685537742293,0.0,1,1.4456910273910812e+95,1.4030288449504266e+95
2015-09-02,0.04916266650832479,0.0,0.04916266650832479,0.0,1,1.5167650532447867e+95,1.4720054841562846e+95
2015-09-03,0.04970920736310358,0.0,0.04970920736310358,0.0,1,1.5921622417976405e+95,1.5451777100078352e+95
2015-09-04,0.04916266650832479,0.0,0.04916266650832479,0.0,1,1.670437183118285e+95,1.6211427664610476e+95
2015-09-08,0.04943594346118607,0.0,0.04943594346118607,0.0,1,1.7530168212583832e+95,1.7012854886063267e+95
2015-09-09,0.04943594346118607,0.0,0.04943594346118607,0.0,1,1.8396788617206206e+95,1.7853901418324052e+95
2015-09-10,0.04926056755700059,0.0,0.04926056755700059,0.0,1,1.930302486571595e+95,1.873339473529743e+95
2015-09-11,0.04961139327253139,0.0,0.04961139327253139,0.0,1,2.026067482367844e+95,1.9662784548839844e+95
2015-09-14,0.04933805646549294,0.0,0.04933805646549294,0.0,1,2.1260297142158075e+95,2.0632908123179325e+95
2015-09-15,0.049358532276006395,0.0,0.049358532276006395,0.0,1,2.230967420484677e+95,2.1651318184725146e+95
2015-09-16,0.04943597897627461,0.0,0.04943597897627461,0.0,1,2.3412574789805112e+95,2.272167229531385e+95
2015-09-17,0.04943597897627461,0.0,0.04943597897627461,0.0,1,2.4569998344894375e+95,2.3844940409210786e+95
2015-09-18,0.049533964201028846,0.0,0.049533964201028846,0.0,1,2.5787047763329712e+95,2.50260748338163e+95
2015-09-21,0.04961139327253139,0.0,0.04961139327253139,0.0,1,2.706637913125382e+95,2.6267653274464564e+95
2015-09-22,0.04943594346118607,0.0,0.04943594346118607,0.0,1,2.840443111968551e+95,2.756621949659903e+95
2015-09-23,0.04926056755700059,0.0,0.04926056755700059,0.0,1,2.980364951777494e+95,2.8924147114402353e+95
2015-09-24,0.049533964201028846,0.0,0.049533964201028846,0.0,1,3.127994242604842e+95,3.035687478211245e+95
2015-09-25,0.04943597897627461,0.0,0.04943597897627461,0.0,1,3.282629700220163e+95,3.185759660562636e+95
2015-09-28,0.04970934010521433,0.0,0.04970934010521433,0.0,1,3.4458070564278846e+95,3.344121671023016e+95
2015-09-29,0.04933805646549294,0.0,0.04933805646549294,0.0,1,3.615816479547117e+95,3.509114134855428e+95
2015-09-30,0.04926056755700059,0.0,0.04926056755700059,0.0,1,3.793933651511564e+95,3.6819750887606994e+95
2015-10-01,0.03914319260823995,0.0005,0.03864319260823995,0.5,2,3.9424403271755644e+95,3.824258361294421e+95
2015-10-02,0.05953118012904013,0.0,0.05953118012904013,0.5,2,4.1771384524406446e+95,4.0519209746606266e+95
2015-10-05,0.05257635111553982,0.0,0.05257635111553982,0.5,2,4.396757150374387e+95,4.2649561945168047e+95
2015-10-06,0.05602262409341535,0.0,0.05602262409341535,0.5,2,4.6430750234398476e+95,4.503890232177103e+95
2015-10-07,0.053831158608658836,0.0,0.053831158608658836,0.5,2,4.89301713145854e+95,4.746339861621418e+95
2015-10-08,0.05448731649006422,0.0,0.05448731649006422,0.5,2,5.159624504491628e+95,5.004955183830992e+95
2015-10-09,0.05551141259559739,0.0,0.05551141259559739,0.5,2,5.446042549198817e+95,5.282787316063108e+95
2015-10-12,0.05725414485234254,0.0,0.05725414485234254,0.5,2,5.757851058182667e+95,5.585248786281102e+95
2015-10-13,0.05595699361941853,0.0,0.05595699361941853,0.5,2,6.080043093106956e+95,5.897782516977898e+95
2015-10-14,0.058421448012119015,0.0,0.058421448012119015,0.5,2,6.435248014582347e+95,6.242339511680307e+95
2015-10-15,0.053662573814197645,0.0,0.053662573814197645,0.5,2,6.78057998617754e+95,6.577319516499134e+95
2015-10-16,0.05538804413341142,0.0,0.05538804413341142,0.5,2,7.156143049702067e+95,6.941624380158536e+95
2015-10-19,0.05522909892309902,0.0,0.05522909892309902,0.5,2,7.55137038210191e+95,7.325004039737308e+95
2015-10-20,0.053266237786409376,0.0,0.053266237786409376,0.5,2,7.9536034724882e+95,7.715179446704366e+95
2015-10-21,0.057303022147755456,0.0,0.057303022147755456,0.5,2,8.409368988426657e+95,8.157282545412775e+95
2015-10-22,0.05592277470726453,0.0,0.05592277470726453,0.5,2,8.879644235796698e+95,8.613460419423395e+95
2015-10-23,0.05206884559482361,0.0,0.05206884559482361,0.5,2,9.341997060447363e+95,9.061953360039478e+95
2015-10-26,0.0567571553911807,0.0,0.0567571553911807,0.5,2,9.872222239271128e+95,9.576284055042871e+95
2015-10-27,0.05694363075928355,0.0,0.05694363075928355,0.5,2,1.043438241723777e+96,1.0121592438319246e+96
2015-10-28,0.05326889959609388,0.0,0.05326889959609388,0.5,2,1.0990210486568856e+96,1.0660758529668658e+96
2015-10-29,0.05245275169399288,0.0,0.05245275169399288,0.5,2,1.1566677268285572e+96,1.1219944649694986e+96
2015-10-30,0.05636387405191473,0.0,0.05636387405191473,0.5,2,1.2218620009034365e+96,1.185234419679985e+96
2015-11-02,0.11940512915120671,0.0005,0.11890512915120671,1.0,2,1.3677585909262632e+96,1.3261648714264891e+96
2015-11-03,0.033570936444608235,0.0,0.033570936444608235,1.0,2,1.4136755276538156e+96,1.3706854680402198e+96
2015-11-04,0.03331455718385151,0.0,0.03331455718385151,1.0,2,1.4607715018592502e+96,1.41634924744632e+96
2015-11-05,0.03191029543906254,0.0,0.03191029543906254,1.0,2,1.5073851520525417e+96,1.461545370377226e+96
2015-11-06,0.02934562766520038,0.0,0.02934562766520038,1.0,2,1.5516203154727272e+96,1.5044353366321136e+96
2015-11-09,0.02668259310570309,0.0,0.02668259310570309,1.0,2,1.5930215690050285e+96,1.5445775725733097e+96
2015-11-10,0.032904140097073986,0.0,0.032904140097073986,1.0,2,1.6454385738892306e+96,1.5954005694120603e+96
2015-11-11,0.03257236943849601,0.0,0.03257236943849601,1.0,2,1.6990344070063028e+96,1.647366546161337e+96
2015-11-12,0.02876758884457592,0.0,0.02876758884457592,1.0,2,1.7479115302598481e+96,1.6947573096376155e+96
2015-11-13,0.02590724154992402,0.0,0.02590724154992402,1.0,2,1.7931950964821873e+96,1.7386637966268964e+96
2015-11-16,0.040892065147127676,0.0,0.040892065147127676,1.0,2,1.8665225471890467e+96,1.8097613498675158e+96
2015-11-17,0.032913385310516186,0.0,0.032913385310516186,1.0,2,1.9279561229754457e+96,1.869326722495785e+96
2015-11-18,0.042045072756422164,0.0,0.042045072756422164,1.0,2,2.0090171784371377e+96,1.9479227005486444e+96
2015-11-19,0.035172546655601655,0.0,0.035172546655601655,1.0,2,2.079679428877623e+96,2.016436102615197e+96
2015-11-20,0.0364685511908146,0.0,0.0364685511908146,1.0,2,2.1555223245901305e+96,2.0899726058464258e+96
2015-11-23,0.03241734691116421,0.0,0.03241734691116421,1.0,2,2.2253986395611277e+96,2.1577239728449794e+96
2015-11-24,0.03296105914947306,0.0,0.03296105914947306,1.0,2,2.298750135750859e+96,2.2288448403421588e+96
2015-11-25,0.0342294594804044,0.0,0.0342294594804044,1.0,2,2.3774351103781173e+96,2.305136994492759e+96
2015-11-27,0.03480430536144802,0.0,0.03480430536144802,1.0,2,2.460180087936745e+96,2.3853656863490557e+96
2015-11-30,0.032536078622388775,0.0,0.032536078622388775,1.0,2,2.54022470070309e+96,2.4629761318632567e+96
2015-12-01,0.03998502700594403,0.0,0.03998502700594403,1.0,2,2.641795653961869e+96,2.5614582990108047e+96
2015-12-02,0.028519150879218136,0.0,0.028519150879218136,1.0,2,2.7171374228092704e+96,2.6345089147111193e+96
2015-12-03,0.020139730089859476,0.0,0.020139730089859476,1.0,2,2.771859837121706e+96,2.68756721317273e+96
2015-12-04,0.04592152460376264,0.0,0.04592152460376264,1.0,2,2.8991478668302713e+96,2.810984397076707e+96
2015-12-07,0.03232740104414361,0.0,0.03232740104414361,1.0,2,2.992869782607567e+96,2.9018562170098365e+96
2015-12-08,0.033065430510911265,0.0,0.033065430510911265,1.0,2,3.0918303104325833e+96,2.997807342106031e+96
2015-12-09,0.026031078274543484,0.0,0.026031078274543484,1.0,2,3.1723139872550596e+96,3.075843499680394e+96
2015-12-10,0.03447481007335723,0.0,0.03447481007335723,1.0,2,3.2816789094587324e+96,3.181882620147246e+96
2015-12-11,0.02567079287378099,0.0,0.02567079287378099,1.0,2,3.365922209021703e+96,3.2635640698377293e+96
2015-12-14,0.0326352686312954,0.0,0.0326352686312954,1.0,2,3.4757699845051695e+96,3.370071359952327e+96
2015-12-15,0.03458893144201086,0.0,0.03458893144201086,1.0,2,3.595993154207418e+96,3.486638527176403e+96
2015-12-16,0.03884025970690386,0.0,0.03884025970690386,1.0,2,3.735662462221083e+96,3.6220604730760315e+96
2015-12-17,0.028586668503093715,0.0,0.028586668503093715,1.0,2,3.842452606668048e+96,3.725603115118015e+96
2015-12-18,0.025557067632187402,0.0,0.025557067632187402,1.0,2,3.9406544278101384e+96,3.820818605901775e+96
2015-12-21,0.0386765561172423,0.0,0.0386765561172423,1.0,2,4.093065369925996e+96,3.968594711126738e+96
2015-12-22,0.034652788634155274,0.0,0.034652788634155274,1.0,2,4.234901499055822e+96,4.1061175848260393e+96
2015-12-23,0.03502266240345603,0.0,0.03502266240345603,1.0,2,4.383219024569144e+96,4.2499247547882955e+96
2015-12-24,0.03318006374885485,0.0,0.03318006374885485,1.0,2,4.528654511229541e+96,4.390937529080007e+96
2015-12-28,0.03192845099400382,0.0,0.03192845099400382,1.0,2,4.673247434860108e+96,4.531133362794971e+96
2015-12-29,0.03773652152696072,0.0,0.03773652152696072,1.0,2,4.84959953728652e+96,4.702122574481614e+96
2015-12-30,0.02806232639511408,0.0,0.02806232639511408,1.0,2,4.985690582387449e+96,4.8340750729165505e+96
2015-12-31,0.027135604686873205,0.0,0.027135604686873205,1.0,2,5.120980311122181e+96,4.965250623121881e+96
2016-01-04,0.032140271359502814,0.0005,0.031640271359502814,0.5,2,5.285570007948319e+96,5.1223525002053975e+96
2016-01-05,0.0270492651891181,0.0,0.0270492651891181,0.5,2,5.428540792768962e+96,5.260908371375595e+96
2016-01-06,0.02160013387466042,0.0,0.02160013387466042,0.5,2,5.545798000636827e+96,5.37454469649963e+96
2016-01-07,0.01147721630271098,0.0,0.01147721630271098,0.5,2,5.609448323861279e+96,5.436229508509945e+96
2016-01-08,0.02430835524141156,0.0,0.02430835524141156,0.5,2,5.74580478642604e+96,5.56837530657665e+96
2016-01-11,0.02949212934232065,0.0,0.02949212934232065,0.5,2,5.915260804363042e+96,5.732598551344793e+96
2016-01-12,0.033647056524250096,0.0,0.033647056524250096,0.5,2,6.114291919003127e+96,5.925483618832726e+96
2016-01-13,0.011758690465952126,0.0,0.011758690465952126,0.5,2,6.186187985097157e+96,5.995159546567649e+96
2016-01-14,0.03762247579800532,0.0,0.03762247579800532,0.5,2,6.418927692848386e+96,6.220712291513571e+96
2016-01-15,0.010669963148653872,0.0,0.010669963148653872,0.5,2,6.487417414784951e+96,6.287087062422398e+96
2016-01-19,0.029755968575485736,0.0,0.029755968575485736,0.5,2,6.680456803515351e+96,6.474165427483183e+96
2016-01-20,0.02501111839702097,0.0,0.02501111839702097,0.5,2,6.847542499574258e+96,6.636091545511864e+96
2016-01-21,0.028392703314669754,0.0,0.028392703314669754,0.5,2,7.041962742199262e+96,6.824508123932571e+96
2016-01-22,0.04220352437154351,0.0,0.04220352437154351,0.5,2,7.339158388413171e+96,7.112526418864756e+96
2016-01-25,0.020484346625344374,0.0,0.020484346625344374,0.5,2,7.48949625277973e+96,7.258221875410701e+96
2016-01-26,0.03191189957293711,0.0,0.03191189957293711,0.5,2,7.728500305050325e+96,7.489845522976902e+96
2016-01-27,0.015608346966825726,0.0,0.015608346966825726,0.5,2,7.8491294193447695e+96,7.606749630627452e+96
2016-01-28,0.03528228377314108,0.0,0.03528228377314108,0.5,2,8.126064630890201e+96,7.875133129686485e+96
2016-01-29,0.03722659142399176,0.0,0.03722659142399176,0.5,2,8.4285703187893015e+96,8.168297493114866e+96
2016-02-01,-0.04673872077499347,0.0005,-0.04723872077499347,0.5,2,8.034629724127011e+96,7.782437568630534e+96
2016-02-02,0.05785304634823035,0.0,0.05785304634823035,0.5,2,8.4994575299478e+96,8.232675289990725e+96
2016-02-03,0.0533930387962161,0.0,0.0533930387962161,0.5,2,8.953269395591094e+96,8.67224284114585e+96
2016-02-04,0.055220415698012504,0.0,0.055220415698012504,0.5,2,9.447672653471928e+96,9.151127695868035e+96
2016-02-05,0.05394778527530786,0.0,0.05394778527530786,0.5,2,9.95735366913283e+96,9.644810767831648e+96
2016-02-08,0.05761714806188917,0.0,0.05761714806188917,0.5,2,1.0531067989791852e+97,1.0200517257870707e+97
2016-02-09,0.05489150550757077,0.0,0.05489150550757077,0.5,2,1.1109134166354113e+97,1.0760439007111186e+97
2016-02-10,0.05490225179704333,0.0,0.05490225179704333,0.5,2,1.1719050647602425e+97,1.1351211338926333e+97
2016-02-11,0.05766015888211529,0.0,0.05766015888211529,0.5,2,1.2394772969890738e+97,1.2005723988233293e+97
2016-02-12,0.04974921222560852,0.0,0.04974921222560852,0.5,2,1.3011403160858067e+97,1.260299929884599e+97
2016-02-16,0.052345081093992496,0.0,0.052345081093992496,0.5,2,1.3692486114459813e+97,1.3262704319171613e+97
2016-02-17,0.05248850377925274,0.0,0.05248850377925274,0.5,2,1.4411184223626004e+97,1.3958843824951565e+97
2016-02-18,0.05564895313722529,0.0,0.05564895313722529,0.5,2,1.5213151539138488e+97,1.4735638870816142e+97
2016-02-19,0.05368985523614128,0.0,0.05368985523614128,0.5,2,1.6029943442960315e+97,1.5526793188602319e+97
2016-02-22,0.05327636392511359,0.0,0.05327636392511359,0.5,2,1.6883960543526455e+97,1.6354004273108269e+97
2016-02-23,0.05397057409712913,0.0,0.05397057409712913,0.5,2,1.779519758709385e+97,1.7236639272514824e+97
2016-02-24,0.05497621863861046,0.0,0.05497621863861046,0.5,2,1.8773510260359196e+97,1.818424452175546e+97
2016-02-25,0.05564993840766941,0.0,0.05564993840766941,0.5,2,1.9818254950043936e+97,1.919619660938115e+97
2016-02-26,0.05072499107192141,0.0,0.05072499107192141,0.5,2,2.0823535755445977e+97,2.016992351100686e+97
2016-02-29,0.054709157131804576,0.0,0.054709157131804576,0.5,2,2.1962773845130423e+97,2.127340302570701e+97
2016-03-01,0.05072314458798499,0.0,0.05072314458798499,0.5,2,2.3076794798430188e+97,2.2352456923258425e+97
2016-03-02,0.05217775482001974,0.0,0.05217775482001974,0.5,2,2.4280890139454583e+97,2.3518757940225257e+97
2016-03-03,0.054076039953418975,0.0,0.054076039953418975,0.5,2,2.5593904524740306e+97,2.479055923425567e+97
2016-03-04,0.051748215983939916,0.0,0.051748215983939916,0.5,2,2.6918343423958908e+97,2.6073426447872588e+97
2016-03-07,0.05239468355207605,0.0,0.05239468355207605,0.5,2,2.8328721509403342e+97,2.7439535375727205e+97
2016-03-08,0.05712687418351242,0.0,0.05712687418351242,0.5,2,2.994705281885079e+97,2.9007070260790412e+97
2016-03-09,0.051355471463260804,0.0,0.051355471463260804,0.5,2,3.148499783529805e+97,3.049674202980124e+97
2016-03-10,0.05213240439363748,0.0,0.05213240439363748,0.5,2,3.312638647478061e+97,3.208661051798728e+97
2016-03-11,0.05235112143123427,0.0,0.05235112143123427,0.5,2,3.486058995569984e+97,3.376638056153115e+97
2016-03-14,0.05416798643200782,0.0,0.05416798643200782,0.5,2,3.674891791943198e+97,3.559543740564618e+97
2016-03-15,0.054056267754244935,0.0,0.054056267754244935,0.5,2,3.873542726616356e+97,3.7519593900875255e+97
2016-03-16,0.055389546278623636,0.0,0.055389546278623636,0.5,2,4.0880965007344984e+97,3.959778718360295e+97
2016-03-17,0.054176770879922787,0.0,0.054176770879922787,0.5,2,4.309576368189805e+97,4.174306742720095e+97
2016-03-18,0.05463126761223619,0.0,0.05463126761223619,0.5,2,4.545013988055752e+97,4.402354411477199e+97
2016-03-21,0.052005345974506734,0.0,0.052005345974506734,0.5,2,4.781379012963564e+97,4.6313003757484664e+97
2016-03-22,0.053244731457703864,0.0,0.053244731457703864,0.5,2,5.03596225450631e+97,4.8778927205551565e+97
2016-03-23,0.05550196039375327,0.0,0.05550196039375327,0.5,2,5.315468032100355e+97,5.148625329136386e+97
2016-03-24,0.05365694087304357,0.0,0.05365694087304357,0.5,2,5.600679786011318e+97,5.424884813999312e+97
2016-03-28,0.05440741982848879,0.0,0.05440741982848879,0.5,2,5.905398322453766e+97,5.720038799595766e+97
2016-03-29,0.05677643597606957,0.0,0.05677643597606957,0.5,2,6.2406857922217514e+97,6.0448022162816486e+97
2016-03-30,0.05252955194003717,0.0,0.05252955194003717,0.5,2,6.568506220685715e+97,6.362332968269067e+97
2016-03-31,0.05528108216167399,0.0,0.05528108216167399,0.5,2,6.93162035275091e+97,6.714049619827876e+97
2016-04-01,0.08163002339507947,0.0005,0.08113002339507946,1.0,2,7.497448684311776e+97,7.258760622560237e+97
2016-04-04,0.041478499693734405,0.0,0.041478499693734405,1.0,2,7.808431607267793e+97,7.559843122819995e+97
2016-04-05,0.03917031873065163,0.0,0.03917031873065163,1.0,2,8.114290362110966e+97,7.855964587494578e+97
2016-04-06,0.045687034548105854,0.0,0.045687034548105854,1.0,2,8.485008226218091e+97,8.214880313012139e+97
2016-04-07,0.03880719159175772,0.0,0.03880719159175772,1.0,2,8.814287566110578e+97,8.533676747222561e+97
2016-04-08,0.043405787981552535,0.0,0.043405787981552535,1.0,2,9.196878663413609e+97,8.90408771081561e+97
2016-04-11,0.041189177835702306,0.0,0.041189177835702306,1.0,2,9.575690534214329e+97,9.270839763001085e+97
2016-04-12,0.044086223497617594,0.0,0.044086223497617594,1.0,2,9.997846567249724e+97,9.679556076803351e+97
2016-04-13,0.047298483730861374,0.0,0.047298483730861374,1.0,2,1.0470729550454434e+98,1.0137384402423995e+98
2016-04-14,0.040888745001143034,0.0,0.040888745001143034,1.0,2,1.0898864541018898e+98,1.0551889328233274e+98
2016-04-15,0.04319061660997486,0.0,0.04319061660997486,1.0,2,1.1369593220894095e+98,1.1007631934719883e+98
2016-04-18,0.04462987572055149,0.0,0.04462987572055149,1.0,2,1.1877016753335823e+98,1.1498901179944004e+98
2016-04-19,0.042982960764684275,0.0,0.042982960764684275,1.0,2,1.2387526098445955e+98,1.199315799819852e+98
2016-04-20,0.04068228777246674,0.0,0.04068228777246674,1.0,2,1.2891478999971874e+98,1.2481067103181892e+98
2016-04-21,0.03878409081300116,0.0,0.03878409081300116,1.0,2,1.3391463292220683e+98,1.2965133943154861e+98
2016-04-22,0.04145432930886983,0.0,0.04145432930886983,1.0,2,1.394659742146404e+98,1.3502594875168009e+98
2016-04-25,0.040383566315710384,0.0,0.040383566315710384,1.0,2,1.450981076331225e+98,1.4047877810743527e+98
2016-04-26,0.042251587305388305,0.0,0.042251587305388305,1.0,2,1.5122873299563e+98,1.4641422946519584e+98
2016-04-27,0.045540448744746276,0.0,0.045540448744746276,1.0,2,1.581157573593504e+98,1.530819991776571e+98
2016-04-28,0.039066323966601035,0.0,0.039066323966601035,1.0,2,1.642927587605753e+98,1.5906235015098643e+98
2016-04-29,0.038720245055570424,0.0,0.038720245055570424,1.0,2,1.7065421464064047e+98,1.6522128332794755e+98
2016-05-02,0.14785118938661196,0.0005,0.14735118938661196,1.0,2,1.9588564324909732e+98,1.89566835938303e+98
2016-05-03,0.007762897567782534,0.0,0.007762897567782534,1.0,2,1.9740628343263926e+98,1.910384238679407e+98
2016-05-04,0.007379476888390357,0.0,0.007379476888390357,1.0,2,1.9886303853885347e+98,1.924481875016687e+98
2016-05-05,0.01354065749827299,0.0,0.01354065749827299,1.0,2,2.0155577483277395e+98,1.9505406249479222e+98
2016-05-06,0.019103811688218453,0.0,0.019103811688218453,1.0,2,2.0540625839985224e+98,1.9878033857371474e+98
2016-05-09,0.0036622418834998394,0.0,0.0036622418834998394,1.0,2,2.0615850580249714e+98,1.9950832025525566e+98
2016-05-10,0.02103027419125003,0.0,0.02103027419125003,1.0,2,2.1049407570638206e+98,2.0370403493365942e+98
2016-05-11,0.014040477590843536,0.0,0.014040477590843536,1.0,2,2.1344951305934286e+98,2.065641368713099e+98
2016-05-12,0.010570612198860962,0.0,0.010570612198860962,1.0,2,2.1570580508592887e+98,2.0874764625636892e+98
2016-05-13,0.0120308773980502,0.0,0.0120308773980502,1.0,2,2.183009351809654e+98,2.1125906359561085e+98
2016-05-16,0.01849342809360932,0.0,0.01849342809360932,1.0,2,2.2233806782850226e+98,2.1516596789733953e+98
2016-05-17,0.011250617354246983,0.0,0.011250617354246983,1.0,2,2.2483950835292336e+98,2.175867178698087e+98
2016-05-18,0.004821325166274648,0.0,0.004821325166274648,1.0,2,2.259235327329181e+98,2.1863577418852147e+98
2016-05-19,0.01065790653016463,0.0,0.01065790653016463,1.0,2,2.2833140462775013e+98,2.209659738339729e+98
2016-05-20,0.01633594659261889,0.0,0.01633594659261889,1.0,2,2.3206141425916673e+98,2.2457566218131072e+98
2016-05-23,0.01177295708220849,0.0,0.01177295708220849,1.0,2,2.3479346332967652e+98,2.2721958181387984e+98
2016-05-24,0.011285182914587355,0.0,0.011285182914587355,1.0,2,2.374431505105014e+98,2.2978379635642555e+98
2016-05-25,0.01589444225477571,0.0,0.01589444225477571,1.0,2,2.412171769550826e+98,2.334360816386959e+98
2016-05-26,0.012299079806154689,0.0,0.012299079806154689,1.0,2,2.441839262650685e+98,2.3630713063640625e+98
2016-05-27,0.011585463248057537,0.0,0.011585463248057537,1.0,2,2.470129101685788e+98,2.3904485821364824e+98
2016-05-31,0.015089323586183534,0.0,0.015089323586183534,1.0,2,2.5074016790007737e+98,2.4265188343084734e+98
2016-06-01,-0.09226756043161594,0.0005,-0.09276756043161594,1.0,2,2.2760498430572347e+98,2.201416601708308e+98
2016-06-02,0.04403111862609993,0.0,0.04403111862609993,1.0,2,2.376266863695804e+98,2.2983474372435924e+98
2016-06-03,0.04522789983264286,0.0,0.04522789983264286,1.0,2,2.483740423382666e+98,2.4022968649158567e+98
2016-06-06,0.042473063774664976,0.0,0.042473063774664976,1.0,2,2.589232488784711e+98,2.5043297728651055e+98
2016-06-07,0.043339155107112615,0.0,0.043339155107112615,1.0,2,2.7014476372245265e+98,2.6128653093306662e+98
2016-06-08,0.04365483348395943,0.0,0.04365483348395943,1.0,2,2.819378883993199e+98,2.7269295093255107e+98
2016-06-09,0.04155852525340442,0.0,0.04155852525340442,1.0,2,2.936548112542546e+98,2.840256678203069e+98
2016-06-10,0.03831358343306396,0.0,0.03831358343306396,1.0,2,3.049057793657651e+98,2.9490770894147196e+98
2016-06-13,0.038883749768273856,0.0,0.038883749768273856,1.0,2,3.1676165939352407e+98,3.063748265006871e+98
2016-06-14,0.040834247974166515,0.0,0.040834247974166515,1.0,2,3.296963835419077e+98,3.1888541213905845e+98
2016-06-15,0.042126548284345644,0.0,0.042126548284345644,1.0,2,3.4358535416236e+98,3.323189538507079e+98
2016-06-16,0.04383937248247133,0.0,0.04383937248247133,1.0,2,3.586479204830055e+98,3.4688760825155427e+98
2016-06-17,0.03743036005248357,0.0,0.03743036005248357,1.0,2,3.720722412787589e+98,3.5987173632615476e+98
2016-06-20,0.04248473980638989,0.0,0.04248473980638989,1.0,2,3.878796336386673e+98,3.751607934076452e+98
2016-06-21,0.041290427200023516,0.0,0.041290427200023516,1.0,2,4.038953494137964e+98,3.9065134283614656e+98
2016-06-22,0.040916577624174055,0.0,0.040916577624174055,1.0,2,4.2042136483012886e+98,4.066354588292896e+98
2016-06-23,0.04465183584363741,0.0,0.04465183584363741,1.0,2,4.391939505976818e+98,4.247924785851372e+98
2016-06-24,0.029172798944694545,0.0,0.029172798944694545,1.0,2,4.520064674161941e+98,4.3718486415611987e+98
2016-06-27,0.03669252272328416,0.0,0.03669252272328416,1.0,2,4.685917249929342e+98,4.532262797184442e+98
2016-06-28,0.04969632942863461,0.0,0.04969632942863461,1.0,2,4.9187901372571514e+98,4.7574996222104644e+98
2016-06-29,0.04738974016574954,0.0,0.04738974016574954,1.0,2,5.151890323791619e+98,4.98295629314567e+98
2016-06-30,0.048147977496452,0.0,0.048147977496452,1.0,2,5.3999434231657264e+98,5.222875560613851e+98
2016-07-01,0.04333926884471906,0.0,0.04333926884471906,1.0,2,5.633973022928577e+98,5.449231168677807e+98
2016-07-05,0.03956343374708532,0.0,0.03956343374708532,1.0,2,5.856872341354078e+98,5.664821464992344e+98
2016-07-06,0.042748174876285905,0.0,0.042748174876285905,1.0,2,6.107242944430364e+98,5.906982243620775e+98
2016-07-07,0.03927413093713944,0.0,0.03927413093713944,1.0,2,6.347099603494844e+98,6.138973837700095e+98
2016-07-08,0.04860763583321581,0.0,0.04860763583321581,1.0,2,6.65561710961867e+98,6.437374842392661e+98
2016-07-11,0.039490850154385804,0.0,0.039490850154385804,1.0,2,6.918453087579587e+98,6.691592247681202e+98
2016-07-12,0.04097100039099871,0.0,0.04097100039099871,1.0,2,7.201909031735916e+98,6.965753476277353e+98
2016-07-13,0.04235554930525326,0.0,0.04235554930525326,1.0,2,7.506949844821555e+98,7.260791791090057e+98
2016-07-14,0.040882266792172106,0.0,0.040882266792172106,1.0,2,7.813850971173005e+98,7.557629418215815e+98
2016-07-15,0.03807192792241337,0.0,0.03807192792241337,1.0,2,8.111339342143983e+98,7.845362940690437e+98
2016-07-18,0.041856001112748065,0.0,0.041856001112748065,1.0,2,8.450847570674638e+98,8.173738460665889e+98
2016-07-19,0.04116706831877609,0.0,0.04116706831877609,1.0,2,8.798744189968165e+98,8.510227310295929e+98
2016-07-20,0.04095805341131176,0.0,0.04095805341131176,1.0,2,9.159123624453349e+98,8.858789655013433e+98
2016-07-21,0.03892572518523457,0.0,0.03892572518523457,1.0,2,9.51564915359641e+98,9.203624466598285e+98
2016-07-22,0.041505397486612805,0.0,0.041505397486612805,1.0,2,9.91059995405958e+98,9.585624558401962e+98
2016-07-25,0.0386167760921442,0.0,0.0386167760921442,1.0,2,1.0293315373424312e+99,9.955790475677128e+98
2016-07-26,0.0410469658983279,0.0,0.0410469658983279,1.0,2,1.0715824738537994e+99,1.0364445467823145e+99
2016-07-27,0.04219873388518652,0.0,0.04219873388518652,1.0,2,1.1168018975039857e+99,1.0801811943987342e+99
2016-07-28,0.04049030861660552,0.0,0.04049030861660552,1.0,2,1.1620215509975328e+99,1.1239180643217924e+99
2016-07-29,0.042741366682229054,0.0,0.042741366682229054,1.0,2,1.2116879402013707e+99,1.171955858429751e+99
2016-08-01,0.03759633102915649,0.0,0.03759633102915649,1.0,2,1.2572429611052182e+99,1.2160170988348352e+99
2016-08-02,0.03506768067614707,0.0,0.03506768067614707,1.0,2,1.3013315557975898e+99,1.25865999815351e+99
2016-08-03,0.04155590387829633,0.0,0.04155590387829633,1.0,2,1.3554095648441084e+99,1.3109647520522343e+99
2016-08-04,0.04200787755321489,0.0,0.04200787755321489,1.0,2,1.412347443878536e+99,1.3660355988330252e+99
2016-08-05,0.040353512005166015,0.0,0.040353512005166015,1.0,2,1.4693406234105538e+99,1.4211599327700178e+99
2016-08-08,0.039428967258811454,0.0,0.039428967258811454,1.0,2,1.5272752067430502e+99,1.4771948012287416e+99
2016-08-09,0.04200679021485226,0.0,0.04200679021485226,1.0,2,1.5914311359530507e+99,1.5392470133504276e+99
2016-08-10,0.040231678369998414,0.0,0.040231678369998414,1.0,2,1.6554570815627148e+99,1.6011735041235224e+99
2016-08-11,0.04034641728992877,0.0,0.04034641728992877,1.0,2,1.7222488437810118e+99,1.6657751184744677e+99
2016-08-12,0.04196093337303941,0.0,0.04196093337303941,1.0,2,1.794516012766701e+99,1.7356725972352414e+99
2016-08-15,0.040029730687645204,0.0,0.040029730687645204,1.0,2,1.8663500054724187e+99,1.8051511038644938e+99
2016-08-16,0.03656328868601544,0.0,0.03656328868601544,1.0,2,1.9345898995116533e+99,1.8711533647969708e+99
2016-08-17,0.04153559413477731,0.0,0.04153559413477731,1.0,2,2.0149442403950088e+99,1.9488728315211006e+99
2016-08-18,0.04181262695549359,0.0,0.04181262695549359,1.0,2,2.0991943522547655e+99,2.0303603242091888e+99
2016-08-19,0.036987883884101624,0.0,0.036987883884101624,1.0,2,2.1768391092061265e+99,2.1054590561239252e+99
2016-08-22,0.04118918890008472,0.0,0.04118918890008472,1.0,2,2.2665013464803097e+99,2.1921812069080075e+99
2016-08-23,0.04152680958442262,0.0,0.04152680958442262,1.0,2,2.360621916318435e+99,2.283215498461826e+99
2016-08-24,0.03774653262945227,0.0,0.03774653262945227,1.0,2,2.449727208508549e+99,2.369398966774586e+99
2016-08-25,0.038533677233766994,0.0,0.038533677233766994,1.0,2,2.544124206071994e+99,2.460700621798299e+99
2016-08-26,0.038202549634670124,0.0,0.038202549634670124,1.0,2,2.641316237331225e+99,2.554705659438612e+99
2016-08-29,0.04426667848455368,0.0,0.04426667848455368,1.0,2,2.758238533985198e+99,2.667793993487651e+99
2016-08-30,0.03929769865042093,0.0,0.03929769865042093,1.0,2,2.866630960699727e+99,2.772632157905132e+99
2016-08-31,0.03806479975785532,0.0,0.03806479975785532,1.0,2,2.975748694198431e+99,2.878171845797981e+99
2016-09-01,0.039723517251940954,0.0,0.039723517251940954,1.0,2,3.0939558987898633e+99,2.992502954768588e+99
2016-09-02,0.04087345982358198,0.0,0.04087345982358198,1.0,2,3.2204165809149856e+99,3.1148169040622725e+99
2016-09-06,0.042998673833212764,0.0,0.042998673833212764,1.0,2,3.358890223084819e+99,3.2487499001702234e+99
2016-09-07,0.04004789860515778,0.0,0.04004789860515778,1.0,2,3.4934067181647756e+99,3.378855506765757e+99
2016-09-08,0.036034084137779976,0.0,0.036034084137779976,1.0,2,3.6192884297746107e+99,3.5006094703859555e+99
2016-09-09,0.025576276136150544,0.0,0.025576276136150544,1.0,2,3.7118563500709004e+99,3.5901420248453703e+99
2016-09-12,0.04525817840344559,0.0,0.04525817840344559,1.0,2,3.8798482069703716e+99,3.752625313099529e+99
2016-09-13,0.031122768118733324,0.0,0.031122768118733324,1.0,2,4.000599823051794e+99,3.869417400555615e+99
2016-09-14,0.04050403047778073,0.0,0.04050403047778073,1.0,2,4.1626402402140875e+99,4.0261444008789744e+99
2016-09-15,0.0437781884066859,0.0,0.0437781884066859,1.0,2,4.344873088919432e+99,4.2024017090131776e+99
2016-09-16,0.03740557544097234,0.0,0.03740557544097234,1.0,2,4.507395567028458e+99,4.359594963172941e+99
2016-09-19,0.03863327239223219,0.0,0.03863327239223219,1.0,2,4.681531007749009e+99,4.528020382905005e+99
2016-09-20,0.04052309830389045,0.0,0.04052309830389045,1.0,2,4.871241148988733e+99,4.711509798003484e+99
2016-09-21,0.04467428723075556,0.0,0.04467428723075556,1.0,2,5.088860375248932e+99,4.921993140010011e+99
2016-09-22,0.04400425724458129,0.0,0.04400425724458129,1.0,2,5.312791896283142e+99,5.138581792299076e+99
2016-09-23,0.03627593474721258,0.0,0.03627593474721258,1.0,2,5.5055183884382295e+99,5.324988650089732e+99
2016-09-26,0.03615569726925372,0.0,0.03615569726925372,1.0,2,5.704574244600912e+99,5.517517327684589e+99
2016-09-27,0.04274401530784666,0.0,0.04274401530784666,1.0,2,5.948410653436881e+99,5.7533581728004485e+99
2016-09-28,0.04111952157239429,0.0,0.04111952157239429,1.0,2,6.193006453622339e+99,5.989933508300627e+99
2016-09-29,0.03466592629275761,0.0,0.03466592629275761,1.0,2,6.407692758874183e+99,6.197580101797895e+99
2016-09-30,0.041840271436834275,0.0,0.041840271436834275,1.0,2,6.675792363189317e+99,6.456888535508642e+99
2016-10-03,0.07588700627021994,0.0005,0.07538700627021994,1.0,2,7.182398260113351e+99,6.943654032021143e+99
2016-10-04,0.026086249837060482,0.0,0.026086249837060482,1.0,2,7.369760095555936e+99,7.124787925882558e+99
2016-10-05,0.02955977673464183,0.0,0.02955977673464183,1.0,2,7.587608558568442e+99,7.335395066253319e+99
2016-10-06,0.02730697993533271,0.0,0.02730697993533271,1.0,2,7.794803233234429e+99,7.535702552145236e+99
2016-10-07,0.02852797962336706,0.0,0.02852797962336706,1.0,2,8.017173221040296e+99,7.75068092100059e+99
2016-10-10,0.03046130138638814,0.0,0.03046130138638814,1.0,2,8.261386750793285e+99,7.986776748484918e+99
2016-10-11,0.021823316604775156,0.0,0.021823316604775156,1.0,2,8.441677609450342e+99,8.161074706118762e+99
2016-10-12,0.028180455117933767,0.0,0.028180455117933767,1.0,2,8.679567926443525e+99,8.391057505588647e+99
2016-10-13,0.027814068280148874,0.0,0.027814068280148874,1.0,2,8.920982021391816e+99,8.624446951991745e+99
2016-10-14,0.02779356565257113,0.0,0.02779356565257113,1.0,2,9.168927920888777e+99,8.864151084569045e+99
2016-10-17,0.02846467162109334,0.0,0.02846467162109334,1.0,2,9.429918443274352e+99,9.116466234391063e+99
2016-10-18,0.03417849539948892,0.0,0.03417849539948892,1.0,2,9.752218867405359e+99,9.428053333642793e+99
2016-10-19,0.02845938631075068,0.0,0.02845938631075068,1.0,2,1.002976103153984e+100,9.696369945623295e+99
2016-10-20,0.028057434367491862,0.0,0.028057434367491862,1.0,2,1.0311170393403895e+100,9.96842520897554e+99
2016-10-21,0.03126890075726019,0.0,0.03126890075726019,1.0,2,1.0633589357126441e+100,1.0280126907541167e+100
2016-10-24,0.034346624584496444,0.0,0.034346624584496444,1.0,2,1.0998817258761358e+100,1.0633214567115462e+100
2016-10-25,0.026893313627336213,0.0,0.026893313627336213,1.0,2,1.1294611900830986e+100,1.0919176941335657e+100
2016-10-26,0.023894875817236594,0.0,0.023894875817236594,1.0,2,1.1564495249605224e+100,1.1180089318375306e+100
2016-10-27,0.024709165304185376,0.0,0.024709165304185376,1.0,2,1.1850244274387185e+100,1.1456339993458599e+100
2016-10-28,0.025431757181509584,0.0,0.025431757181509584,1.0,2,1.2151616809314976e+100,1.1747694850361057e+100
2016-10-31,0.02911699971812337,0.0,0.02911699971812337,1.0,2,1.2505435432526543e+100,1.208975247800762e+100
2016-11-01,0.03735974432904765,0.001,0.03635974432904765,1.0,2,1.2972635303009147e+100,1.2529332787109448e+100
2016-11-02,0.03635978685327412,0.0,0.03635978685327412,1.0,2,1.344431755755182e+100,1.2984896656662487e+100
2016-11-03,0.03981482419683452,0.0,0.03981482419683452,1.0,2,1.3979600697552161e+100,1.350188803426157e+100
2016-11-04,0.032296698625003395,0.0,0.032296698625003395,1.0,2,1.443109564817889e+100,1.3937954442972654e+100
2016-11-07,0.0487539520602665,0.0,0.0487539520602665,1.0,2,1.5134668593587324e+100,1.461748480570352e+100
2016-11-08,0.03639592828000776,0.0,0.03639592828000776,1.0,2,1.5685508906261213e+100,1.5149501734326008e+100
2016-11-09,0.019867230081155762,0.0,0.019867230081155762,1.0,2,1.5997136520641923e+100,1.5450480370896732e+100
2016-11-10,0.01730213924543955,0.0,0.01730213924543955,1.0,2,1.6273921204250376e+100,1.5717806733682917e+100
2016-11-11,0.014973963954883762,0.0,0.014973963954883762,1.0,2,1.651760631376744e+100,1.5953164605162916e+100
2016-11-14,0.030357010824378305,0.0,0.030357010824378305,1.0,2,1.7019031467427297e+100,1.6437454995764935e+100
2016-11-15,0.051588888688554047,0.0,0.051588888688554047,1.0,2,1.78970243873874e+100,1.728544503186457e+100
2016-11-16,0.029709254612695413,0.0,0.029709254612695413,1.0,2,1.8428731641721913e+100,1.7798982719409984e+100
2016-11-17,0.03600485478093146,0.0,0.03600485478093146,1.0,2,1.909225544827887e+100,1.843983250747065e+100
2016-11-18,0.03328749566994116,0.0,0.03328749566994116,1.0,2,1.9727788818842863e+100,1.905364835221752e+100
2016-11-21,0.045577491747738064,0.0,0.045577491747738064,1.0,2,2.062693195093479e+100,1.9922065852755016e+100
2016-11-22,0.045395562450725624,0.0,0.045395562450725624,1.0,2,2.156330312848032e+100,2.0826439237321225e+100
2016-11-23,0.020606015840018643,0.0,0.020606015840018643,1.0,2,2.2007636894308908e+100,2.125558917413665e+100
2016-11-25,0.038508431096248796,0.0,0.038508431096248796,1.0,2,2.2855116463244663e+100,2.207410856525906e+100
2016-11-28,0.04593192485595721,0.0,0.04593192485595721,1.0,2,2.3904895955208566e+100,2.308801486114078e+100
2016-11-29,0.03535381235371421,0.0,0.03535381235371421,1.0,2,2.475002516114407e+100,2.3904264206161318e+100
2016-11-30,0.032967964129238525,0.0,0.032967964129238525,1.0,2,2.5565983102854417e+100,2.469233913104588e+100
2016-12-01,-0.03205220179402646,0.0005,-0.03255220179402646,1.0,2,2.4746537053379057e+100,2.388854912488554e+100
2016-12-02,0.044507391642060024,0.0,0.044507391642060024,1.0,2,2.5847940869798548e+100,2.495176613654741e+100
2016-12-05,0.05732721008157221,0.0,0.05732721008157221,1.0,2,2.7329731206217546e+100,2.6382181275763525e+100
2016-12-06,0.053052139326827175,0.0,0.053052139326827175,1.0,2,2.8779631913934533e+100,2.778181243255094e+100
2016-12-07,0.057155595090341904,0.0,0.057155595090341904,1.0,2,3.042454890245646e+100,2.9369698454821653e+100
2016-12-08,0.05407918745115958,0.0,0.05407918745115958,1.0,2,3.2069883785669376e+100,3.0957987882943987e+100
2016-12-09,0.04305770103885137,0.0,0.04305770103885137,1.0,2,3.3450739254063434e+100,3.229096766997217e+100
2016-12-12,0.03490242865899701,0.0,0.03490242865899701,1.0,2,3.461825129446909e+100,3.341800086540335e+100
2016-12-13,0.05176772987123174,0.0,0.05176772987123174,1.0,2,3.641035957609559e+100,3.514797490704014e+100
2016-12-14,0.02605303141146398,0.0,0.02605303141146398,1.0,2,3.73589598178343e+100,3.6063686201342606e+100
2016-12-15,0.05055624658056235,0.0,0.05055624658056235,1.0,2,3.924768860237805e+100,3.788693081354171e+100
2016-12-16,0.04214828821150657,0.0,0.04214828821150657,1.0,2,4.090191149322654e+100,3.948380009292028e+100
2016-12-19,0.045805260207631204,0.0,0.045805260207631204,1.0,2,4.277543419216328e+100,4.129236583016258e+100
2016-12-20,0.049782653876772054,0.0,0.049782653876772054,1.0,2,4.4904908826980384e+100,4.334800938603861e+100
2016-12-21,0.04063135530925327,0.0,0.04063135530925327,1.0,2,4.6729456132659046e+100,4.510929775735159e+100
2016-12-22,0.034001689846327066,0.0,0.034001689846327066,1.0,2,4.831833660676927e+100,4.664309010888268e+100
2016-12-23,0.0480325279233314,0.0,0.0480325279233314,1.0,2,5.0639188459042834e+100,4.888347563696805e+100
2016-12-27,0.048238182466441515,0.0,0.048238182466441515,1.0,2,5.308193087188266e+100,5.124152565433796e+100
2016-12-28,0.043055095018811274,0.0,0.043055095018811274,1.0,2,5.536737844935354e+100,5.344773441029434e+100
2016-12-29,0.05240880543795379,0.0,0.05240880543795379,1.0,2,5.826911661411527e+100,5.624886632410289e+100
2016-12-30,0.04016576613708461,0.0,0.04016576613708461,1.0,2,6.060954032505234e+100,5.850814513435295e+100
2017-01-03,0.05443199823432121,0.0,0.05443199823432121,1.0,2,6.3908638717008605e+100,6.169286038699945e+100
2017-01-04,0.05651571587083459,0.0,0.05651571587083459,1.0,2,6.752048118443089e+100,6.517947655589018e+100
2017-01-05,0.043980891573154324,0.0,0.043980891573154324,1.0,2,7.049009214637055e+100,6.804612804708974e+100
2017-01-06,0.03965383525539157,0.0,0.03965383525539157,1.0,2,7.328529464748008e+100,7.074441799843631e+100
2017-01-09,0.03956221306951152,0.0,0.03956221306951152,1.0,2,7.618462308918561e+100,7.354322373676903e+100
2017-01-10,0.05152209493024157,0.0,0.05152209493024157,1.0,2,8.01098144722113e+100,7.733232469161083e+100
2017-01-11,0.04782350795551782,0.0,0.04782350795551782,1.0,2,8.394094682193816e+100,8.103062773671877e+100
2017-01-12,0.04139516153587536,0.0,0.04139516153587536,1.0,2,8.741569587510662e+100,8.438490366123362e+100
2017-01-13,0.046000818633107676,0.0,0.046000818633107676,1.0,2,9.14368894467443e+100,8.826667830992631e+100
2017-01-17,0.03620339561610669,0.0,0.03620339561610669,1.0,2,9.4747215329291e+100,9.14622317845002e+100
2017-01-18,0.04415083123615238,0.0,0.04415083123615238,1.0,2,9.893038364338992e+100,9.550036534449953e+100
2017-01-19,0.03862642203523753,0.0,0.03862642203523753,1.0,2,1.0275171039410746e+101,9.918920276081554e+100
2017-01-20,0.04673720103539686,0.0,0.04673720103539686,1.0,2,1.0755403773952774e+101,1.0382502847078851e+101
2017-01-23,0.04862278732607339,0.0,0.04862278732607339,1.0,2,1.1278361484259726e+101,1.0887329074924717e+101
2017-01-24,0.05477255188612096,0.0,0.05477255188612096,1.0,2,1.1896106123846771e+101,1.1483655871582306e+101
2017-01-25,0.05339347247432552,0.0,0.05339347247432552,1.0,2,1.2531280538722039e+101,1.2096808135266262e+101
2017-01-26,0.04004673540198567,0.0,0.04004673540198567,1.0,2,1.3033117414704294e+101,1.2581245809867859e+101
2017-01-27,0.043005662278383205,0.0,0.043005662278383205,1.0,2,1.3593615260675582e+101,1.312231061820836e+101
2017-01-30,0.03320361253959675,0.0,0.03320361253959675,1.0,2,1.4044972394803403e+101,1.3558018735599586e+101
2017-01-31,0.046484511090549296,0.0,0.046484511090549296,1.0,2,1.4697846069856103e+101,1.4188256607880442e+101
2017-02-01,0.0324120544234619,0.001,0.0314120544234619,1.0,2,1.5174233456579945e+101,1.4633938896621226e+101
2017-02-02,0.053070790606159435,0.0,0.053070790606159435,1.0,2,1.5979542022963076e+101,1.5410573603547143e+101
2017-02-03,0.057427662652829115,0.0,0.057427662652829115,1.0,2,1.6897209771604506e+101,1.629556682573824e+101
2017-02-06,0.04513025611407234,0.0,0.04513025611407234,1.0,2,1.7659785176210222e+101,1.7030989930107788e+101
2017-02-07,0.051076605563776856,0.0,0.051076605563776856,1.0,2,1.8561787057996545e+101,1.7900875085128558e+101
2017-02-08,0.05274807850665458,0.0,0.05274807850665458,1.0,2,1.9540885658955552e+101,1.8845111849456734e+101
2017-02-09,0.056058810666149206,0.0,0.056058810666149206,1.0,2,2.0636324468359812e+101,1.9901546406607834e+101
2017-02-10,0.05492879493676839,0.0,0.05492879493676839,1.0,2,2.176985290333096e+101,2.0994714368100972e+101
2017-02-13,0.0568017021066583,0.0,0.0568017021066583,1.0,2,2.3006417602851735e+101,2.218724987945222e+101
2017-02-14,0.05245624648813857,0.0,0.05245624648813857,1.0,2,2.4213247915435977e+101,2.335110972802269e+101
2017-02-15,0.05401487292944207,0.0,0.05401487292944207,1.0,2,2.552112342479733e+101,2.4612416952743296e+101
2017-02-16,0.05209715208787025,0.0,0.05209715208787025,1.0,2,2.68507012733123e+101,2.5894653781980438e+101
2017-02-17,0.04895519512014923,0.0,0.04895519512014923,1.0,2,2.816518259326014e+101,2.7162331610446e+101
2017-02-21,0.05616178089362878,0.0,0.05616178089362878,1.0,2,2.974698940689186e+101,2.868781652691196e+101
2017-02-22,0.04943245377158406,0.0,0.04943245377158406,1.0,2,3.121745608559184e+101,3.0105925691186214e+101
2017-02-23,0.05406389359328112,0.0,0.05406389359328112,1.0,2,3.2905193309656205e+101,3.173356925428173e+101
2017-02-24,0.04541987349487753,0.0,0.04541987349487753,1.0,2,3.439974302710529e+101,3.317490395535215e+101
2017-02-27,0.05187186075731226,0.0,0.05187186075731226,1.0,2,3.6184121707494617e+101,3.4895747953961386e+101
2017-02-28,0.04903809521399427,0.0,0.04903809521399427,1.0,2,3.79585221130215e+101,3.66069689646913e+101
2017-03-01,0.0709792970364973,0.0005,0.0704792970364973,1.0,2,4.0652791329148107e+101,3.918700240395962e+101
2017-03-02,0.034900849658730804,0.0,0.034900849658730804,1.0,2,4.207160828753446e+101,4.055466208343654e+101
2017-03-03,0.05258074910134236,0.0,0.05258074910134236,1.0,2,4.4283764967191264e+101,4.268705659533544e+101
2017-03-06,0.047061925150419404,0.0,0.047061925150419404,1.0,2,4.6367844199455983e+101,4.469599165771683e+101
2017-03-07,0.04745459072119185,0.0,0.04745459072119185,1.0,2,4.8568211268565157e+101,4.6817021648711586e+101
2017-03-08,0.042319873639783956,0.0,0.042319873639783956,1.0,2,5.062361183236117e+101,4.8798312089076095e+101
2017-03-09,0.043448915285249134,0.0,0.043448915285249134,1.0,2,5.282315285429876e+101,5.091854581709751e+101
2017-03-10,0.054807257339157645,0.0,0.054807257339157645,1.0,2,5.571824498624997e+101,5.370925166103086e+101
2017-03-13,0.05538761543410686,0.0,0.05538761543410686,1.0,2,5.880434571221173e+101,5.66840790372857e+101
2017-03-14,0.04287952623010921,0.0,0.04287952623010921,1.0,2,6.132584819662292e+101,5.911466549119457e+101
2017-03-15,0.06179126949637204,0.0,0.06179126949637204,1.0,2,6.511525020963405e+101,6.276743571774886e+101
2017-03-16,0.05153226716123516,0.0,0.05153226716123516,1.0,2,6.847078667970759e+101,6.600198398418155e+101
2017-03-17,0.04624413880362721,0.0,0.04624413880362721,1.0,2,7.163715924291754e+101,6.905418889286083e+101
2017-03-20,0.05131687262338713,0.0,0.05131687262338713,1.0,2,7.531335421888764e+101,7.259783390838708e+101
2017-03-21,0.03815807059186577,0.0,0.03815807059186577,1.0,2,7.818716650568216e+101,7.536802717947987e+101
2017-03-22,0.049458563083520535,0.0,0.049458563083520535,1.0,2,8.205419141262516e+101,7.909562150621667e+101
2017-03-23,0.045566873486830084,0.0,0.045566873486830084,1.0,2,8.579314437178839e+101,8.269976168475263e+101
2017-03-24,0.0475320600151139,0.0,0.0475320600151139,1.0,2,8.987106925895357e+101,8.663065172038791e+101
2017-03-27,0.0418742561835625,0.0,0.0418742561835625,1.0,2,9.363435343659368e+101,9.025824582387642e+101
2017-03-28,0.050264345684307044,0.0,0.050264345684307044,1.0,2,9.834082294565721e+101,9.479501749282691e+101
2017-03-29,0.04661302403523687,0.0,0.04661302403523687,1.0,2,1.0292478608926811e+102,9.921369992164075e+101
2017-03-30,0.0446458710633833,0.0,0.0446458710633833,1.0,2,1.0751995281823588e+102,1.0364318197606353e+102
2017-03-31,0.040901391371522655,0.0,0.040901391371522655,1.0,2,1.119176684887022e+102,1.0788233232505644e+102
2017-04-03,0.08283969806542585,0.001,0.08183969806542585,1.0,2,1.211888943544927e+102,1.16711389829133e+102
2017-04-04,0.04029801052988691,0.0,0.04029801052988691,1.0,2,1.2607256569529538e+102,1.2141462664542513e+102
2017-04-05,0.03721449480511296,0.0,0.03721449480511296,1.0,2,1.3076429253643022e+102,1.2593301063798603e+102
2017-04-06,0.04195249298211157,0.0,0.04195249298211157,1.0,2,1.362501806013756e+102,1.3121621438299233e+102
2017-04-07,0.04002007480474912,0.0,0.04002007480474912,1.0,2,1.4170292302120324e+102,1.364674970981957e+102
2017-04-10,0.04122833795984682,0.0,0.04122833795984682,1.0,2,1.4754509902141955e+102,1.4209382518909452e+102
2017-04-11,0.04153985210334482,0.0,0.04153985210334482,1.0,2,1.536741006133427e+102,1.4799638167224803e+102
2017-04-12,0.0386508919884922,0.0,0.0386508919884922,1.0,2,1.5961374167757768e+102,1.5371657383494977e+102
2017-04-13,0.03603853673831725,0.0,0.03603853673831725,1.0,2,1.6536598737096535e+102,1.592562942283889e+102
2017-04-17,0.04997495343371333,0.0,0.04997495343371333,1.0,2,1.7363014488934937e+102,1.6721512011647838e+102
2017-04-18,0.03598059002223902,0.0,0.03598059002223902,1.0,2,1.79877459948115e+102,1.7323161879890884e+102
2017-04-19,0.04092558744588959,0.0,0.04092558744588959,1.0,2,1.8723905066476608e+102,1.803212245624566e+102
2017-04-20,0.05127051129438087,0.0,0.05127051129438087,1.0,2,1.968388925266231e+102,1.895663859430026e+102
2017-04-21,0.04127737118147262,0.0,0.04127737118147262,1.0,2,2.0496388455639453e+102,1.9739118801910221e+102
2017-04-24,0.061484003041541446,0.0,0.061484003041541446,1.0,2,2.17565884657866e+102,2.0952758842364215e+102
2017-04-25,0.04852757551109749,0.0,0.04852757551109749,1.0,2,2.2812382955423933e+102,2.196954542925286e+102
2017-04-26,0.038527428349384496,0.0,0.038527428349384496,1.0,2,2.369128540521775e+102,2.281597551664695e+102
2017-04-27,0.04551775720505796,0.0,0.04551775720505796,1.0,2,2.476965958216819e+102,2.3854507550610233e+102
2017-04-28,0.04207532100400774,0.0,0.04207532100400774,1.0,2,2.581185096024791e+102,2.485819361319468e+102
2017-05-01,0.04718385621673149,0.0,0.04718385621673149,1.0,2,2.7029753624643953e+102,2.6031099046447335e+102
2017-05-02,0.045233906120205,0.0,0.045233906120205,1.0,2,2.8252414962553365e+102,2.720858733692009e+102
2017-05-03,0.03757943591314383,0.0,0.03757943591314383,1.0,2,2.9314124780030185e+102,2.8231070701035056e+102
2017-05-04,0.044990409618004656,0.0,0.044990409618004656,1.0,2,3.0632979261477047e+102,2.9501198135829476e+102
2017-05-05,0.04716376136338252,0.0,0.04716376136338252,1.0,2,3.2077745785214795e+102,3.08925856046416e+102
2017-05-08,0.039480063418265765,0.0,0.039480063418265765,1.0,2,3.334417722313008e+102,3.2112226843467056e+102
2017-05-09,0.04221948693409239,0.0,0.04221948693409239,1.0,2,3.4751951277730083e+102,3.3467988585109424e+102
2017-05-10,0.042277564041482196,0.0,0.042277564041482196,1.0,2,3.622117912344079e+102,3.4882933615855985e+102
2017-05-11,0.03895896905672325,0.0,0.03895896905672325,1.0,2,3.7632318920108953e+102,3.6241936747203854e+102
2017-05-12,0.04423069367615218,0.0,0.04423069367615218,1.0,2,3.929682249058756e+102,3.7844942749699916e+102
2017-05-15,0.045972043911431226,0.0,0.045972043911431226,1.0,2,4.110337773970457e+102,3.958475211961472e+102
2017-05-16,0.04655516542250293,0.0,0.04655516542250293,1.0,2,4.3016952289800143e+102,4.142762680275216e+102
2017-05-17,0.022550647870681062,0.0,0.022550647870681062,1.0,2,4.398701243335731e+102,4.2361846626899005e+102
2017-05-18,0.045348099665102226,0.0,0.045348099665102226,1.0,2,4.598173985715528e+102,4.428287586973339e+102
2017-05-19,0.04966521156862669,0.0,0.04966521156862669,1.0,2,4.826543269545446e+102,4.648219426867093e+102
2017-05-22,0.04691114070594188,0.0,0.04691114070594188,1.0,2,5.052961919986409e+102,4.866272702432948e+102
2017-05-23,0.042116216802076833,0.0,0.042116216802076833,1.0,2,5.265773559701195e+102,5.071221698586642e+102
2017-05-24,0.04403262673457892,0.0,0.04403262673457892,1.0,2,5.497639401324333e+102,5.294520910728805e+102
2017-05-25,0.04547947145277914,0.0,0.04547947145277914,1.0,2,5.747669135534536e+102,5.535312923344437e+102
2017-05-26,0.03976613696816955,0.0,0.03976613696816955,1.0,2,5.976231733625923e+102,5.75543093521583e+102
2017-05-30,0.04018950889716705,0.0,0.04018950889716705,1.0,2,6.216413552056014e+102,5.986738877993718e+102
2017-05-31,0.043504192664355956,0.0,0.043504192664355956,1.0,2,6.486853604905972e+102,6.247187119573147e+102
2017-06-01,0.0467279805096697,0.0,0.0467279805096697,1.0,2,6.789971173725099e+102,6.53910555753682e+102
2017-06-02,0.052284980570404926,0.0,0.052284980570404926,1.0,2,7.144984684616925e+102,6.881002564560459e+102
2017-06-05,0.03821820557115346,0.0,0.03821820557115346,1.0,2,7.418053178096358e+102,7.143982135108465e+102
2017-06-06,0.03722219787637837,0.0,0.03722219787637837,1.0,2,7.694169421348957e+102,7.409896851766784e+102
2017-06-07,0.04335610139467133,0.0,0.04335610139467133,1.0,2,8.027758610928741e+102,7.73116109099604e+102
2017-06-08,0.04035281405914909,0.0,0.04035281405914909,1.0,2,8.351701261467282e+102,8.043135196962332e+102
2017-06-09,0.02703511528467667,0.0,0.02703511528467667,1.0,2,8.577490467894228e+102,8.260582284262449e+102
2017-06-12,0.0363215299839324,0.0,0.0363215299839324,1.0,2,8.889038045110743e+102,8.560619271385027e+102
2017-06-13,0.05060600302955054,0.0,0.05060600302955054,1.0,2,9.338876731351407e+102,8.993837996167566e+102
2017-06-14,0.040683446666568646,0.0,0.040683446666568646,1.0,2,9.718814424777e+102,9.359738324612408e+102
2017-06-15,0.03029487817796278,0.0,0.03029487817796278,1.0,2,1.0013244723809846e+103,9.643290456934151e+102
2017-06-16,0.04356479205179986,0.0,0.04356479205179986,1.0,2,1.0449469647966404e+103,1.0063398400385593e+103
2017-06-19,0.05170111459139759,0.0,0.05170111459139759,1.0,2,1.0989718875655247e+103,1.0583687314262817e+103
2017-06-20,0.03297972710693298,0.0,0.03297972710693298,1.0,2,1.1352156805156268e+103,1.0932734433672313e+103
2017-06-21,0.04193594611148255,0.0,0.04193594611148255,1.0,2,1.18282202411864e+103,1.1391208995733944e+103
2017-06-22,0.03884620637384262,0.0,0.03884620637384262,1.0,2,1.228770172571079e+103,1.1833714251229797e+103
2017-06-23,0.0402617769065976,0.0,0.0402617769065976,1.0,2,1.2782426431286172e+103,1.2310160614389235e+103
2017-06-26,0.038369985769101556,0.0,0.038369985769101556,1.0,2,1.3272887951549211e+103,1.2782501301978704e+103
2017-06-27,0.029117563862294193,0.0,0.029117563862294193,1.0,2,1.3659362114115521e+103,1.3154696599958929e+103
2017-06-28,0.049342695807326586,0.0,0.049342695807326586,1.0,2,1.4333351863834446e+103,1.3803784792728376e+103
2017-06-29,0.024780865876834757,0.0,0.024780865876834757,1.0,2,1.4688544733937606e+103,1.4145854532269668e+103
2017-06-30,0.039882704095125676,0.0,0.039882704095125676,1.0,2,1.5274363617149256e+103,1.4710029462752873e+103
2017-07-03,0.001289019772668154,0.0005,0.000789019772668154,1.0,2,1.5294052573866687e+103,1.4721635966855516e+103
2017-07-05,0.046705978262937764,0.0,0.046705978262937764,1.0,2,1.6008376260933932e+103,1.5409224376318352e+103
2017-07-06,0.037474024028178676,0.0,0.037474024028178676,1.0,2,1.6608274537588293e+103,1.5986670020852102e+103
2017-07-07,0.049647645517007566,0.0,0.049647645517007566,1.0,2,1.7432836264479621e+103,1.678037054704474e+103
2017-07-10,0.046979107863927616,0.0,0.046979107863927616,1.0,2,1.8251815359722797e+103,1.756869738497103e+103
2017-07-11,0.04655070921010046,0.0,0.04655070921010046,1.0,2,1.91014503090897e+103,1.838653270813907e+103
2017-07-12,0.05482902482257024,0.0,0.05482902482257024,1.0,2,2.014876420223387e+103,1.9394648366394624e+103
2017-07-13,0.048154097560510756,0.0,0.048154097560510756,1.0,2,2.1119009759351967e+103,2.032858015598179e+103
2017-07-14,0.05160455258297775,0.0,0.05160455258297775,1.0,2,2.2208846808978868e+103,2.137762743957843e+103
2017-07-17,0.04473444007412031,0.0,0.04473444007412031,1.0,2,2.320234713567045e+103,2.233394363320112e+103
2017-07-18,0.04690257677921683,0.0,0.04690257677921683,1.0,2,2.4290597003659278e+103,2.3381463139240036e+103
2017-07-19,0.050878341826812445,0.0,0.050878341826812445,1.0,2,2.55264623011888e+103,2.4571073213249306e+103
2017-07-20,0.048192004927418486,0.0,0.048192004927418486,1.0,2,2.6756633698187255e+103,2.5755202494614176e+103
2017-07-21,0.04315387726165454,0.0,0.04315387726165454,1.0,2,2.7911286184733883e+103,2.6866639341915816e+103
2017-07-24,0.04421580602208791,0.0,0.04421580602208791,1.0,2,2.9145406200505055e+103,2.805456945552336e+103
2017-07-25,0.048907229515065154,0.0,0.048907229515065154,1.0,2,3.057082727086296e+103,2.9426640722830977e+103
2017-07-26,0.04921355500669222,0.0,0.04921355500669222,1.0,2,3.207532636035766e+103,3.0874830324706184e+103
2017-07-27,0.04490179351097795,0.0,0.04490179351097795,1.0,2,3.3515566041387662e+103,3.226116558063262e+103
2017-07-28,0.0448293806710548,0.0,0.0448293806710548,1.0,2,3.50180481098629e+103,3.3707413653338725e+103
2017-07-31,0.0470751257217179,0.0,0.0470751257217179,1.0,2,3.6666527127163865e+103,3.5294194388823596e+103
2017-08-01,0.05142999605441445,0.0,0.05142999605441445,1.0,2,3.8552286472642985e+103,3.710937466698453e+103
2017-08-02,0.04604399014046473,0.0,0.04604399014046473,1.0,2,4.032738757088173e+103,3.881803834826998e+103
2017-08-03,0.04421832837992595,0.0,0.04421832837992595,1.0,2,4.211059723719553e+103,4.053450711501834e+103
2017-08-04,0.0479570484951492,0.0,0.0479570484951492,1.0,2,4.413009719105941e+103,4.247842243846025e+103
2017-08-07,0.04660611133291437,0.0,0.04660611133291437,1.0,2,4.618682941387826e+103,4.445817652387369e+103
2017-08-08,0.042301654697576185,0.0,0.042301654697576185,1.0,2,4.8140608723319996e+103,4.633883095567049e+103
2017-08-09,0.04295249853906624,0.0,0.04295249853906624,1.0,2,5.020836814917815e+103,4.832919952459596e+103
2017-08-10,0.0323059532175663,0.0,0.0323059532175663,1.0,2,5.183039734173584e+103,4.989052038347998e+103
2017-08-11,0.0466916919878439,0.0,0.0466916919878439,1.0,2,5.425044629002374e+103,5.221999319433868e+103
2017-08-14,0.055605035141796266,0.0,0.055605035141796266,1.0,2,5.7267044262438634e+103,5.5123687751014246e+103
2017-08-15,0.04544096557037247,0.0,0.04544096557037247,1.0,2,5.98693140490851e+103,5.762856134822005e+103
2017-08-16,0.05016225898857918,0.0,0.05016225898857918,1.0,2,6.28724940858839e+103,6.051934016770869e+103
2017-08-17,0.03355584842115267,0.0,0.03355584842115267,1.0,2,6.498223396728964e+103,6.25501179729245e+103
2017-08-18,0.04688150931458451,0.0,0.04688150931458451,1.0,2,6.802869917430964e+103,6.548256191130052e+103
2017-08-21,0.04651186393809292,0.0,0.04651186393809292,1.0,2,7.119284077419057e+103,6.852827792123666e+103
2017-08-22,0.05347162039418696,0.0,0.05347162039418696,1.0,2,7.499963733085188e+103,7.219259598450838e+103
2017-08-23,0.04295701522763862,0.0,0.04295701522763862,1.0,2,7.822139789374066e+103,7.529377442953767e+103
2017-08-24,0.04497484920084294,0.0,0.04497484920084294,1.0,2,8.173939346829076e+103,7.868010058026841e+103
2017-08-25,0.05076365764783253,0.0,0.05076365764783253,1.0,2,8.588878405465655e+103,8.267419026982219e+103
2017-08-28,0.04655408859551402,0.0,0.04655408859551402,1.0,2,8.9887258116898e+103,8.652301184820588e+103
2017-08-29,0.04229391758796064,0.0,0.04229391758796064,1.0,2,9.368894240390183e+103,9.018240898077604e+103
2017-08-30,0.04717320166026673,0.0,0.04717320166026673,1.0,2,9.81085497772582e+103,9.443660194583483e+103
2017-08-31,0.05335960418911456,0.0,0.05335960418911456,1.0,2,1.0334358316094075e+104,9.947570164662954e+103
2017-09-01,0.048785760011229695,0.0,0.048785760011229695,1.0,2,1.0838527840773095e+104,1.0432869935411069e+104
2017-09-05,0.0388557876512024,0.0,0.0388557876512024,1.0,2,1.1259667377005819e+104,1.0838247314214015e+104
2017-09-06,0.05212990201017237,0.0,0.05212990201017237,1.0,2,1.1846632734036267e+104,1.1403244084666006e+104
2017-09-07,0.05137963007160512,0.0,0.05137963007160512,1.0,2,1.2455308341505218e+104,1.1989138547352364e+104
2017-09-08,0.0456452742039109,0.0,0.0456452742039109,1.0,2,1.3023834306047482e+104,1.2536386063814941e+104
2017-09-11,0.055998557887117384,0.0,0.055998557887117384,1.0,2,1.3753150245346907e+104,1.3238405604504733e+104
2017-09-12,0.048924310846820196,0.0,0.048924310846820196,1.0,2,1.442601364307328e+104,1.388608547541581e+104
2017-09-13,0.04380886066127915,0.0,0.04380886066127915,1.0,2,1.505800086466039e+104,1.4494419059138915e+104
2017-09-14,0.046207289658112494,0.0,0.046207289658112494,1.0,2,1.5753790272285863e+104,1.5164166879030614e+104
2017-09-15,0.04616821792754244,0.0,0.04616821792754244,1.0,2,1.6481114694761554e+104,1.586426944019132e+104
2017-09-18,0.0479597740059462,0.0,0.0479597740059462,1.0,2,1.7271545230888397e+104,1.662511621731233e+104
2017-09-19,0.04887108190853706,0.0,0.04887108190853706,1.0,2,1.8115624332554146e+104,1.7437603633707547e+104
2017-09-20,0.0435435363047223,0.0,0.0435435363047223,1.0,2,1.8904442678361427e+104,1.8196898560599248e+104
2017-09-21,0.041691499829610956,0.0,0.041691499829610956,1.0,2,1.969259724706522e+104,1.895555455383792e+104
2017-09-22,0.04579332971878364,0.0,0.04579332971878364,1.0,2,2.0594386845819287e+104,1.9823592513524208e+104
2017-09-25,0.04065823480808889,0.0,0.04065823480808889,1.0,2,2.1431718261925223e+104,2.0629584792678948e+104
2017-09-26,0.04268374040730061,0.0,0.04268374040730061,1.0,2,2.2346504160699644e+104,2.1510132634680053e+104
2017-09-27,0.046621985099598195,0.0,0.046621985099598195,1.0,2,2.3388342544707892e+104,2.2512977717864486e+104
2017-09-28,0.045860680036335144,0.0,0.045860680036335144,1.0,2,2.446094783873094e+104,2.354543818564861e+104
2017-09-29,0.04862841805649859,0.0,0.04862841805649859,1.0,2,2.5650445036290956e+104,2.4690415597063778e+104
2017-10-02,0.044930066570272376,0.0,0.044930066570272376,1.0,2,2.680292123932862e+104,2.5799757613487544e+104
2017-10-03,0.04682112069440264,0.0,0.04682112069440264,1.0,2,2.8057864049637795e+104,2.700773117859498e+104
2017-10-04,0.04336669678026078,0.0,0.04336669678026078,1.0,2,2.927464093218022e+104,2.8178967267339904e+104
2017-10-05,0.04601865371939273,0.0,0.04601865371939273,1.0,2,3.062182049599778e+104,2.947572540418572e+104
2017-10-06,0.041945083332098176,0.0,0.041945083332098176,1.0,2,3.190625530848296e+104,3.071208716253834e+104
2017-10-09,0.04422464534133308,0.0,0.04422464534133308,1.0,2,3.331729813367064e+104,3.2070318324993706e+104
2017-10-10,0.05089154445090904,0.0,0.05089154445090904,1.0,2,3.501286689262453e+104,3.370242635558493e+104
2017-10-11,0.04638318128173785,0.0,0.04638318128173785,1.0,2,3.663687504489849e+104,3.526565210687045e+104
2017-10-12,0.04317173269886626,0.0,0.04317173269886626,1.0,2,3.821855242125862e+104,3.678813141307947e+104
2017-10-13,0.04831590117400125,0.0,0.04831590117400125,1.0,2,4.006511622305754e+104,3.856558313480999e+104
2017-10-16,0.044447762530974266,0.0,0.044447762530974266,1.0,2,4.1845920994715884e+104,4.027973701585457e+104
2017-10-17,0.04281568218020043,0.0,0.04281568218020043,1.0,2,4.3637582648563416e+104,4.2004341434227454e+104
2017-10-18,0.04579278760248012,0.0,0.04579278760248012,1.0,2,4.5635869202274757e+104,4.392783731990709e+104
2017-10-19,0.04188607457109417,0.0,0.04188607457109417,1.0,2,4.754737662279793e+104,4.5767801989635605e+104
2017-10-20,0.04616392702330374,0.0,0.04616392702330374,1.0,2,4.974235024736232e+104,4.788062346070216e+104
2017-10-23,0.04179616834740846,0.0,0.04179616834740846,1.0,2,5.182138989229683e+104,4.988185005944454e+104
2017-10-24,0.04664708400490991,0.0,0.04664708400490991,1.0,2,5.423870661985399e+104,5.220869290948777e+104
2017-10-25,0.040258101122048084,0.0,0.040258101122048084,1.0,2,5.642225395568517e+104,5.431051574808789e+104
2017-10-26,0.04518621099082293,0.0,0.04518621099082293,1.0,2,5.897176182750456e+104,5.6764602171701404e+104
2017-10-27,0.04976571571982541,0.0,0.04976571571982541,1.0,2,6.190653376210941e+104,5.958953322632728e+104
2017-10-30,0.04182905038265761,0.0,0.04182905038265761,1.0,2,6.449602528186037e+104,6.208210681393036e+104
2017-10-31,0.04763730205912864,0.0,0.04763730205912864,1.0,2,6.756844191982556e+104,6.503953088869265e+104
2017-11-01,0.04738897820323407,0.0,0.04738897820323407,1.0,2,7.077044134119067e+104,6.812168780032548e+104
2017-11-02,0.044983555763172256,0.0,0.044983555763172256,1.0,2,7.395394743564643e+104,7.118604354217283e+104
2017-11-03,0.045341434694813276,0.0,0.045341434694813276,1.0,2,7.730712551372345e+104,7.441372088662239e+104
2017-11-06,0.04500683624758589,0.0,0.04500683624758589,1.0,2,8.078647465249118e+104,7.776284703714017e+104
2017-11-07,0.0421760329677659,0.0,0.0421760329677659,1.0,2,8.419372767078423e+104,8.104257543744593e+104
2017-11-08,0.04708432645537408,0.0,0.04708432645537408,1.0,2,8.81579326299303e+104,8.485841051612692e+104
2017-11-09,0.03690623627014006,0.0,0.03690623627014006,1.0,2,9.141151012065759e+104,8.799021506414364e+104
2017-11-10,0.04232937137234777,0.0,0.04232937137234777,1.0,2,9.528090188026204e+104,9.171478555472653e+104
2017-11-13,0.04024914611207003,0.0,0.04024914611207003,1.0,2,9.91158768217305e+104,9.540622735915588e+104
2017-11-14,0.04186456152281015,0.0,0.04186456152281015,1.0,2,1.0326531954482111e+105,9.940036723409248e+104
2017-11-15,0.03740289899411475,0.0,0.03740289899411475,1.0,2,1.0712774186135106e+105,1.0311822912972716e+105
2017-11-16,0.05406068602305164,0.0,0.05406068602305164,1.0,2,1.1291914107847609e+105,1.0869287133796243e+105
2017-11-17,0.04024933533200736,0.0,0.04024933533200736,1.0,2,1.174640614531459e+105,1.130676871646428e+105
2017-11-20,0.04645898545144511,0.0,0.04645898545144511,1.0,2,1.2292132257526527e+105,1.183206971976535e+105
2017-11-21,0.05224043489753688,0.0,0.05224043489753688,1.0,2,1.2934278592477755e+105,1.245018218766387e+105
2017-11-22,0.04614055871767947,0.0,0.04614055871767947,1.0,2,1.3531073433344801e+105,1.3024640549939584e+105
2017-11-24,0.049779714232256356,0.0,0.049779714232256356,1.0,2,1.4204646402112383e+105,1.3673003434493436e+105
2017-11-27,0.041238294615463744,0.0,0.041238294615463744,1.0,2,1.479042179535118e+105,1.4236854778403322e+105
2017-11-28,0.051574728302061834,0.0,0.051574728302061834,1.0,2,1.555323378091931e+105,1.4971116695475384e+105
2017-11-29,0.04249372855783412,0.0,0.04249372855783412,1.0,2,1.6214148675402232e+105,1.5607295264540575e+105
2017-11-30,0.05029284221697389,0.0,0.05029284221697389,1.0,2,1.7029604296416795e+105,1.639223050271384e+105
2017-12-01,0.04114215587188241,0.0,0.04114215587188241,1.0,2,1.773023893081645e+105,1.7066642205144315e+105
2017-12-04,0.04369175419850124,0.0,0.04369175419850124,1.0,2,1.8504904172062382e+105,1.781231374136525e+105
2017-12-05,0.041979792780006686,0.0,0.041979792780006686,1.0,2,1.9281736214619442e+105,1.856007098116023e+105
2017-12-06,0.04132934107063618,0.0,0.04132934107063618,1.0,2,2.0078637667067484e+105,1.9327146485035819e+105
2017-12-07,0.047864036658232856,0.0,0.047864036658232856,1.0,2,2.1039682316411377e+105,2.025222173289461e+105
2017-12-08,0.050640877396744666,0.0,0.050640877396744666,1.0,2,2.2105150289063222e+105,2.1277812010681812e+105
2017-12-11,0.04718063789636945,0.0,0.04718063789636945,1.0,2,2.314808538049634e+105,2.2281712754384812e+105
2017-12-12,0.04580651481010717,0.0,0.04580651481010717,1.0,2,2.4208418496303673e+105,2.3302360359663094e+105
2017-12-13,0.04646741189936182,0.0,0.04646741189936182,1.0,2,2.533332105000354e+105,2.438516073672292e+105
2017-12-14,0.04048157863886376,0.0,0.04048157863886376,1.0,2,2.6358853878272843e+105,2.5372310538707897e+105
2017-12-15,0.047288962626728104,0.0,0.047288962626728104,1.0,2,2.7605336734205876e+105,2.6572140783526596e+105
2017-12-18,0.054036225142643335,0.0,0.054036225142643335,1.0,2,2.9097024925113907e+105,2.8007998965427255e+105
2017-12-19,0.04017807800555295,0.0,0.04017807800555295,1.0,2,3.026608746228465e+105,2.913330653263964e+105
2017-12-20,0.04411295401112242,0.0,0.04411295401112242,1.0,2,3.160121398660502e+105,3.041846274390591e+105
2017-12-21,0.043886857636376175,0.0,0.043886857636376175,1.0,2,3.2988091965971816e+105,3.1753433487865124e+105
2017-12-22,0.04177279598841682,0.0,0.04177279598841682,1.0,2,3.436609680171349e+105,3.307986318688548e+105
2017-12-26,0.04019893140385827,0.0,0.04019893140385827,1.0,2,3.5747577169663925e+105,3.44096383379841e+105
2017-12-27,0.04281508259929473,0.0,0.04281508259929473,1.0,2,3.727811263890775e+105,3.588288984563675e+105
2017-12-28,0.044523505181972345,0.0,0.044523505181972345,1.0,2,3.893786488016031e+105,3.7480521877623103e+105
2017-12-29,0.040830959791428256,0.0,0.040830959791428256,1.0,2,4.05277352754462e+105,3.901088755937008e+105
2018-01-02,0.04892912397721,0.0,0.04892912397721,1.0,2,4.2510721859254055e+105,4.09196561132235e+105
2018-01-03,0.04652351354631229,0.0,0.04652351354631229,1.0,2,4.448847000353657e+105,4.2823382288717494e+105
2018-01-04,0.04852494995190615,0.0,0.04852494995190615,1.0,2,4.664727078389505e+105,4.490138477104885e+105
2018-01-05,0.04679731252320646,0.0,0.04679731252320646,1.0,2,4.883023769312362e+105,4.700264890690437e+105
2018-01-08,0.04127893009455752,0.0,0.04127893009455752,1.0,2,5.08458976613587e+105,4.89428679653915e+105
2018-01-09,0.042476899751149544,0.0,0.042476899751149544,1.0,2,5.300567375907744e+105,5.102180926149119e+105
2018-01-10,0.03866546741375265,0.0,0.03866546741375265,1.0,2,5.505516291055305e+105,5.299459136488207e+105
2018-01-11,0.047551977178883376,0.0,0.047551977178883376,1.0,2,5.767314476085539e+105,5.55145889640692e+105
2018-01-12,0.04853365650917002,0.0,0.04853365650917002,1.0,2,6.047223335848238e+105,5.82089149560991e+105
2018-01-16,0.04052302692058424,0.0,0.04052302692058424,1.0,2,6.292275129881602e+105,6.056771638388311e+105
2018-01-17,0.04848819116374148,0.0,0.04848819116374148,1.0,2,6.597376169234157e+105,6.350453539425611e+105
2018-01-18,0.03833982988215384,0.0,0.03833982988215384,1.0,2,6.85031844923117e+105,6.593928847801711e+105
2018-01-19,0.04621926596034304,0.0,0.04621926596034304,1.0,2,7.166935139549231e+105,6.898695398941837e+105
2018-01-22,0.04670872658477804,0.0,0.04670872658477804,1.0,2,7.501693553433275e+105,7.220924676122678e+105
2018-01-23,0.043372328479624966,0.0,0.043372328479624966,1.0,2,7.827059470386268e+105,7.5341129931021e+105
2018-01-24,0.04388697774725958,0.0,0.04388697774725958,1.0,2,8.170565455189589e+105,7.864762442375712e+105
2018-01-25,0.041213058017889326,0.0,0.041213058017889326,1.0,2,8.50729944333328e+105,8.188893353210259e+105
2018-01-26,0.05071477076228398,0.0,0.05071477076228398,1.0,2,8.938745184408033e+105,8.604191202415108e+105
2018-01-29,0.03231493367189736,0.0,0.03231493367189736,1.0,2,9.22760014215217e+105,8.882235070421475e+105
2018-01-30,0.031529854756993825,0.0,0.031529854756993825,1.0,2,9.518545034389843e+105,9.162290652109341e+105
2018-01-31,0.04183903732635924,0.0,0.04183903732635924,1.0,2,9.916791795376311e+105,9.545632072697897e+105
2018-02-01,0.04064861057892011,0.0,0.04064861057892011,1.0,2,1.0319895603258793e+106,9.933648753550643e+105
2018-02-02,0.019569530532423773,0.0,0.019569530532423773,1.0,2,1.052185111535819e+106,1.0128045596131625e+106
2018-02-05,0.0022541616796445396,0.0,0.0022541616796445396,1.0,2,1.0545569068941356e+106,1.0150875848404118e+106
2018-02-06,0.05464285715510453,0.0,0.05464285715510453,1.0,2,1.1121809093194807e+106,1.0705548707387665e+106
2018-02-07,0.03051483953472739,0.0,0.03051483953472739,1.0,2,1.146118931300952e+106,1.1032226808324808e+106
2018-02-08,0.015706900335748675,0.0,0.015706900335748675,1.0,2,1.1641209071278107e+106,1.120550889528454e+106
2018-02-09,0.053684276300224765,0.0,0.053684276300224765,1.0,2,1.2266158955529283e+106,1.180706853090362e+106
2018-02-12,0.055287290180426996,0.0,0.055287290180426996,1.0,2,1.2944321645102875e+106,1.2459849354951878e+106
2018-02-13,0.03824474613023826,0.0,0.03824474613023826,1.0,2,1.3439373940247983e+106,1.2936373130353025e+106
2018-02-14,0.05260335607652533,0.0,0.05260335607652533,1.0,2,1.4146330113072423e+106,1.361686977246778e+106
2018-02-15,0.0515058374839385,0.0,0.0515058374839385,1.0,2,1.4874948692870477e+106,1.4318218054008462e+106
2018-02-16,0.04230926641959193,0.0,0.04230926641959193,1.0,2,1.5504296860094895e+106,1.4924011356309315e+106
2018-02-20,0.03178866757157067,0.0,0.03178866757157067,1.0,2,1.5997157798911399e+106,1.5398425792149376e+106
2018-02-21,0.03843799707769152,0.0,0.03843799707769152,1.0,2,1.6612056503637327e+106,1.5990310437749064e+106
2018-02-22,0.04479369440514369,0.0,0.04479369440514369,1.0,2,1.7356171886102237e+106,1.6706575516940975e+106
2018-02-23,0.05363505938569346,0.0,0.05363505938569346,1.0,2,1.8287071195921635e+106,1.760263368692368e+106
2018-02-26,0.05061263853766407,0.0,0.05061263853766407,1.0,2,1.921262812027335e+106,1.8493549423030857e+106
2018-02-27,0.028184473211831818,0.0,0.028184473211831818,1.0,2,1.9754125922858084e+106,1.901478037133596e+106
2018-02-28,0.03357279716487904,0.0,0.03357279716487904,1.0,2,2.0417327185635676e+106,1.9653159735877543e+106
2018-03-01,0.06354881691194764,0.001,0.06254881691194764,1.0,2,2.171482417278697e+106,2.088244162593821e+106
2018-03-02,0.0338390216460554,0.0,0.0338390216460554,1.0,2,2.2449632578010194e+106,2.158908302014082e+106
2018-03-05,0.035579196665673885,0.0,0.035579196665673885,1.0,2,2.3248372470575335e+106,2.2357205250745966e+106
2018-03-06,0.038203174458710576,0.0,0.038203174458710576,1.0,2,2.413653409994981e+106,2.3211321463349416e+106
2018-03-07,0.03083911374932763,0.0,0.03083911374932763,1.0,2,2.4880883420572686e+106,2.3927138046229856e+106
2018-03-08,0.03535563669782049,0.0,0.03535563669782049,1.0,2,2.576056289551128e+106,2.477309724621096e+106
2018-03-09,0.04972087973493455,0.0,0.04972087973493455,1.0,2,2.704140074514321e+106,2.600483743505165e+106
2018-03-12,0.03615730550884133,0.0,0.03615730550884133,1.0,2,2.8019144933272363e+106,2.6945102286898566e+106
2018-03-13,0.022710283106532947,0.0,0.022710283106532947,1.0,2,2.8655467647109955e+106,2.755703318816852e+106
2018-03-14,0.034173514106415614,0.0,0.034173514106415614,1.0,2,2.9634725674974407e+106,2.8498753850555364e+106
2018-03-15,0.03040881135236667,0.0,0.03040881135236667,1.0,2,3.053588245750384e+106,2.9365367080174435e+106
2018-03-16,0.02834464256703967,0.0,0.02834464256703967,1.0,2,3.1401411131230924e+106,3.0197717913911895e+106
2018-03-19,0.016004251203932562,0.0,0.016004251203932562,1.0,2,3.1903967203133103e+106,3.0681009777191632e+106
2018-03-20,0.03846128713631336,0.0,0.03846128713631336,1.0,2,3.3131034846520326e+106,3.1861040903864234e+106
2018-03-21,0.030873521281856997,0.0,0.030873521281856997,1.0,2,3.4153906555944315e+106,3.2844703428271802e+106
2018-03-22,0.0013913386256999005,0.0,0.0013913386256999005,1.0,2,3.4201426205354142e+106,3.2890401532801212e+106
2018-03-23,0.014206477451581823,0.0,0.014206477451581823,1.0,2,3.4687307995552443e+106,3.3357658280550423e+106
2018-03-26,0.06704796583001638,0.0,0.06704796583001638,1.0,2,3.7013021436773504e+106,3.5594221413114133e+106
2018-03-27,0.010614520338453504,0.0,0.010614520338453504,1.0,2,3.740589690560176e+106,3.597203700023505e+106
2018-03-28,0.021339987122136528,0.0,0.021339987122136528,1.0,2,3.820413826385927e+106,3.673967980657708e+106
2018-03-29,0.04846578059202422,0.0,0.04846578059202422,1.0,2,4.005573164666282e+106,3.852029706710386e+106
2018-04-02,0.009921709378703625,0.0,0.009921709378703625,1.0,2,4.0453152975012355e+106,3.8902484259785e+106
2018-04-03,0.042644305920350234,0.0,0.042644305920350234,1.0,2,4.217824960592151e+106,4.056145369962088e+106
2018-04-04,0.03336034582419972,0.0,0.03336034582419972,1.0,2,4.358533059903447e+106,4.19145978221725e+106
2018-04-05,0.03601104306732866,0.0,0.03601104306732866,1.0,2,4.515488381634006e+106,4.342398620949652e+106
2018-04-06,0.009098804259746462,0.0,0.009098804259746462,1.0,2,4.556573926555652e+106,4.381909256019465e+106
2018-04-09,0.035828631103758224,0.0,0.035828631103758224,1.0,2,4.7198297328672175e+106,4.53890706628353e+106
2018-04-10,0.05297382726927713,0.0,0.05297382726927713,1.0,2,4.969857177876525e+106,4.779350345204136e+106
2018-04-11,0.0272281725853174,0.0,0.0272281725853174,1.0,2,5.105177306840125e+106,4.90948332124905e+106
2018-04-12,0.03670371646068232,0.0,0.03670371646068232,1.0,2,5.292556287191895e+106,5.089679605040624e+106
2018-04-13,0.0242528577299011,0.0,0.0242528577299011,1.0,2,5.420915901852653e+106,5.213118880392453e+106
2018-04-16,0.03498665144544538,0.0,0.03498665144544538,1.0,2,5.610575597025844e+106,5.395508453604414e+106
2018-04-17,0.040858188414079843,0.0,0.040858188414079843,1.0,2,5.839813551880565e+106,5.6159591545915445e+106
2018-04-18,0.03530232283378493,0.0,0.03530232283378493,1.0,2,6.045972535178165e+106,5.814215557688286e+106
2018-04-19,0.0246477313472116,0.0,0.0246477313472116,1.0,2,6.194992041957856e+106,5.957522780748964e+106
2018-04-20,0.017431117208179137,0.0,0.017431117208179137,1.0,2,6.3029776743449606e+106,6.0613690586105965e+106
2018-04-23,0.02699352153219331,0.0,0.02699352153219331,1.0,2,6.473117237914325e+106,6.224986754808772e+106
2018-04-24,0.021519130339645864,0.0,0.021519130339645864,1.0,2,6.612413091460811e+106,6.358943056148071e+106
2018-04-25,0.027103795255489782,0.0,0.027103795255489782,1.0,2,6.791634582036485e+106,6.531294546783226e+106
2018-04-26,0.04625663629239246,0.0,0.04625663629239246,1.0,2,7.105792752728581e+106,6.833410263152264e+106
2018-04-27,0.03489962513260647,0.0,0.03489962513260647,1.0,2,7.353782256068799e+106,7.0718937197135825e+106
2018-04-30,0.026026924555894004,0.0,0.026026924555894004,1.0,2,7.545178592047974e+106,7.255953364023868e+106
2018-05-01,0.028742068286408018,0.0005,0.028242068286408017,1.0,2,7.76204263037376e+106,7.460876494413622e+106
2018-05-02,0.030628373396292263,0.0,0.030628373396292263,1.0,2,7.999781370374786e+106,7.689391005548141e+106
2018-05-03,0.03374508338567922,0.0,0.03374508338567922,1.0,2,8.269734659785286e+106,7.948870146215455e+106
2018-05-04,0.041617732908235006,0.0,0.041617732908235006,1.0,2,8.613902268078204e+106,8.279684100882892e+106
2018-05-07,0.03680602796115001,0.0,0.03680602796115001,1.0,2,8.930945795811704e+106,8.584426385409477e+106
2018-05-08,0.03150207365666974,0.0,0.03150207365666974,1.0,2,9.21228910809509e+106,8.854853617702907e+106
2018-05-09,0.03923766126671757,0.0,0.03923766126671757,1.0,2,9.573757787609596e+106,9.202297364520703e+106
2018-05-10,0.04166629294164165,0.0,0.04166629294164165,1.0,2,9.97266078414046e+106,9.585722982246919e+106
2018-05-11,0.03403579033214699,0.0,0.03403579033214699,1.0,2,1.031208817564309e+107,9.911980639852719e+106
2018-05-14,0.03550323647468784,0.0,0.03550323647468784,1.0,2,1.067820068069078e+107,1.0263888032441938e+107
2018-05-15,0.021901040103927516,0.0,0.021901040103927516,1.0,2,1.0912064382036373e+107,1.048867785586267e+107
2018-05-16,0.03767884677951955,0.0,0.03767884677951955,1.0,2,1.1323218383935373e+107,1.0883879141713459e+107
2018-05-17,0.03149785401034633,0.0,0.03149785401034633,1.0,2,1.1679875463519839e+107,1.1226697977985402e+107
2018-05-18,0.028126799495304222,0.0,0.028126799495304222,1.0,2,1.2008392978812386e+107,1.1542469061006535e+107
2018-05-21,0.03979668485367027,0.0,0.03979668485367027,1.0,2,1.2486287209789208e+107,1.200182106466065e+107
2018-05-22,0.03270645924495241,0.0,0.03270645924495241,1.0,2,1.289466945353695e+107,1.2394358136177185e+107
2018-05-23,0.02976358534069229,0.0,0.02976358534069229,1.0,2,1.3278461048257316e+107,1.2763258672306399e+107
2018-05-24,0.03098031872370194,0.0,0.03098031872370194,1.0,2,1.3689832003692588e+107,1.3158668493927503e+107
2018-05-25,0.029833220947886874,0.0,0.029833220947886874,1.0,2,1.4098243786598202e+107,1.355123395848684e+107
2018-05-29,0.018937081215475993,0.0,0.018937081215475993,1.0,2,1.436522337418059e+107,1.380785477652862e+107
2018-05-30,0.043892457989723965,0.0,0.043892457989723965,1.0,2,1.4995748337644812e+107,1.4413915462235612e+107
2018-05-31,0.029841736131438423,0.0,0.029841736131438423,1.0,2,1.5443247502630264e+107,1.4844051724080508e+107
2018-06-01,0.017420171239109883,0.0005,0.016920171239109882,1.0,2,1.571227151861404e+107,1.5095215621134154e+107
2018-06-04,0.04314019082879833,0.0,0.04314019082879833,1.0,2,1.6390101910280944e+107,1.574642610363174e+107
2018-06-05,0.03907305224206459,0.0,0.03907305224206459,1.0,2,1.7030513218474114e+107,1.636168703340475e+107
2018-06-06,0.04422253019949607,0.0,0.04422253019949607,1.0,2,1.7783645603591002e+107,1.7085242232354195e+107
2018-06-07,0.03244522854434673,0.0,0.03244522854434673,1.0,2,1.8360640049551177e+107,1.763957682131845e+107
2018-06-08,0.0388902272451791,0.0,0.0388902272451791,1.0,2,1.9074689513445156e+107,1.8325583972408316e+107
2018-06-11,0.04097813057344257,0.0,0.04097813057344257,1.0,2,1.985633463097499e+107,1.9076532145264254e+107
2018-06-12,0.03592373052057074,0.0,0.03592373052057074,1.0,2,2.056964824538441e+107,1.976183234531773e+107
2018-06-13,0.03598049186622776,0.0,0.03598049186622776,1.0,2,2.1309754306768627e+107,2.047287279328019e+107
2018-06-14,0.03853032127218903,0.0,0.03853032127218903,1.0,2,2.2130825986439836e+107,2.1261699159369933e+107
2018-06-15,0.03218468591793949,0.0,0.03218468591793949,1.0,2,2.2843099669917976e+107,2.1946000268895974e+107
2018-06-18,0.03301346448630382,0.0,0.03301346448630382,1.0,2,2.3597229529627912e+107,2.2670513769389585e+107
2018-06-19,0.02844828345846323,0.0,0.02844828345846323,1.0,2,2.4268530204121184e+107,2.3315450971250174e+107
2018-06-20,0.04304029580298224,0.0,0.04304029580298224,1.0,2,2.531305492281017e+107,2.431895487783271e+107
2018-06-21,0.029000670311815302,0.0,0.029000670311815302,1.0,2,2.604715048321146e+107,2.502422087057265e+107
2018-06-22,0.039995727672221926,0.0,0.039995727672221926,1.0,2,2.7088925220575367e+107,2.6025082793721603e+107
2018-06-25,0.01854298237805474,0.0,0.01854298237805474,1.0,2,2.7591234683580938e+107,2.6507665445352998e+107
2018-06-26,0.0373559570307852,0.0,0.0373559570307852,1.0,2,2.8621931660847094e+107,2.749788465671603e+107
2018-06-27,0.023425296975333687,0.0,0.023425296975333687,1.0,2,2.9292408910010143e+107,2.8142030770993075e+107
2018-06-28,0.03624324322784839,0.0,0.03624324322784839,1.0,2,3.035406081086523e+107,2.916198923715177e+107
2018-06-29,0.03846798852015909,0.0,0.03846798852015909,1.0,2,3.152172047367781e+107,3.028379230435153e+107
2018-07-02,0.03849861109496944,0.0005,0.03799861109496944,0.5,2,3.2735262931238266e+107,3.1434534350605414e+107
2018-07-03,0.02870046057639941,0.0,0.02870046057639941,0.5,2,3.3674780054454336e+107,3.233671996447244e+107
2018-07-05,0.032204298487273963,0.0,0.032204298487273963,0.5,2,3.475925272282128e+107,3.3378101346307694e+107
2018-07-06,0.030530108034404924,0.0,0.030530108034404924,0.5,2,3.58204564636442e+107,3.439713838639379e+107
2018-07-09,0.029791196422378263,0.0,0.029791196422378263,0.5,2,3.6887590718091873e+107,3.542187029243057e+107
2018-07-10,0.02468746283263079,0.0,0.02468746283263079,0.5,2,3.7798251742930065e+107,3.629634639873722e+107
2018-07-11,0.022102176092112735,0.0,0.022102176092112735,0.5,2,3.863367535892631e+107,3.709857463834243e+107
2018-07-12,0.029284101837584398,0.0,0.029284101837584398,0.5,2,3.9765027842497283e+107,3.818497307608087e+107
2018-07-13,0.025216332414643494,0.0,0.025216332414643494,0.5,2,4.076775600305125e+107,3.9147858050411537e+107
2018-07-16,0.025032918884191124,0.0,0.025032918884191124,0.5,2,4.1788291932166125e+107,4.012784320547732e+107
2018-07-17,0.028537010115921857,0.0,0.028537010115921857,0.5,2,4.2980804841761446e+107,4.127297187296215e+107
2018-07-18,0.027744131375208758,0.0,0.027744131375208758,0.5,2,4.417326993790348e+107,4.2418054626850906e+107
2018-07-19,0.02964945788787604,0.0,0.02964945788787604,0.5,2,4.5482983444697136e+107,4.367572695119535e+107
2018-07-20,0.024517929809458994,0.0,0.024517929809458994,0.5,2,4.6598132040319014e+107,4.474656535896186e+107
2018-07-23,0.02695447767446274,0.0,0.02695447767446274,0.5,2,4.785416035007146e+107,4.595268565593889e+107
2018-07-24,0.02227423565834702,0.0,0.02227423565834702,0.5,2,4.8920075194941274e+107,4.6976246605373215e+107
2018-07-25,0.028156654878366327,0.0,0.028156654878366327,0.5,2,5.029750086882896e+107,4.8298940568521735e+107
2018-07-26,0.029155342228460446,0.0,0.029155342228460446,0.5,2,5.1763941719895956e+107,4.970711271006906e+107
2018-07-27,0.018271615024047116,0.0,0.018271615024047116,0.5,2,5.270975253512911e+107,5.0615341937464366e+107
2018-07-30,0.023584425190301073,0.0,0.023584425190301073,0.5,2,5.395288175059314e+107,5.180907568287e+107
2018-07-31,0.03144832109435447,0.0,0.03144832109435447,0.5,2,5.564960929985153e+107,5.3438384130546603e+107
2018-08-01,0.02581870305534889,0.0,0.02581870305534889,0.5,2,5.708641003751058e+107,5.4818093902170855e+107
2018-08-02,0.029129550991384145,0.0,0.029129550991384145,0.5,2,5.874931152961332e+107,5.641492036374463e+107
2018-08-03,0.024745644294672686,0.0,0.024745644294672686,0.5,2,6.020310109528205e+107,5.781094391597814e+107
2018-08-06,0.028760992532143093,0.0,0.028760992532143093,0.5,2,6.193460203629531e+107,5.947364404222174e+107
2018-08-07,0.02769858645326151,0.0,0.02769858645326151,0.5,2,6.365010296524598e+107,6.112097991341572e+107
2018-08-08,0.02575995450126828,0.0,0.02575995450126828,0.5,2,6.528972672163177e+107,6.269545357505824e+107
2018-08-09,0.02748527647161053,0.0,0.02748527647161053,0.5,2,6.70842329113317e+107,6.441865545008173e+107
2018-08-10,0.024522987529216556,0.0,0.024522987529216556,0.5,2,6.872933871842335e+107,6.599839333433298e+107
2018-08-13,0.023756311058070856,0.0,0.023756311058070856,0.5,2,7.036209426783373e+107,6.756627169571632e+107
2018-08-14,0.030813286705441978,0.0,0.030813286705441978,0.5,2,7.253018165170383e+107,6.964821059709421e+107
2018-08-15,0.020332788942135915,0.0,0.020332788942135915,0.5,2,7.40049225271627e+107,7.106435296336236e+107
2018-08-16,0.030881044624374243,0.0,0.030881044624374243,0.5,2,7.629027184214738e+107,7.325889441842625e+107
2018-08-17,0.028128982913960432,0.0,0.028128982913960432,0.5,2,7.843623959529653e+107,7.531959260781779e+107
2018-08-20,0.027744685256154866,0.0,0.027744685256154866,0.5,2,8.06124283755444e+107,7.740931099834351e+107
2018-08-21,0.031682874802838434,0.0,0.031682874802838434,0.5,2,8.316646185131954e+107,7.986186050727801e+107
2018-08-22,0.027248529317740133,0.0,0.027248529317740133,0.5,2,8.543262562532794e+107,8.203797875467984e+107
2018-08-23,0.02498265526456339,0.0,0.02498265526456339,0.5,2,8.7566959459672e+107,8.408750529650958e+107
2018-08-24,0.028958804978661323,0.0,0.028958804978661323,0.5,2,9.010279396123898e+107,8.652257896353335e+107
2018-08-27,0.027216202165664838,0.0,0.027216202165664838,0.5,2,9.25550498173793e+107,8.887739496449957e+107
2018-08-28,0.026794017414149163,0.0,0.026794017414149163,0.5,2,9.50349714339536e+107,9.125877743290259e+107
2018-08-29,0.027515666477979428,0.0,0.027515666477979428,0.5,2,9.764992201167457e+107,9.376982351593449e+107
2018-08-30,0.02587549104303588,0.0,0.02587549104303588,0.5,2,1.001766616940408e+108,9.619616374442811e+107
2018-08-31,0.02765250272538894,0.0,0.02765250272538894,0.5,2,1.0294679710455563e+108,9.885622842454286e+107
2018-09-04,0.01949941625947671,0.001,0.01849941625947671,1.0,2,1.0495419955387726e+108,1.0068501094401039e+108
2018-09-05,0.02457998763152236,0.0,0.02457998763152236,1.0,2,1.075339724807879e+108,1.0315984726769387e+108
2018-09-06,0.02569847596319419,0.0,0.02569847596319419,1.0,2,1.1029743168781222e+108,1.0581089812306949e+108
2018-09-07,0.02212662514021735,0.0,0.02212662514021735,1.0,2,1.1273794161269718e+108,1.0815213620158839e+108
2018-09-10,0.027480714772080084,0.0,0.027480714772080084,1.0,2,1.1583606083014714e+108,1.111242342085354e+108
2018-09-11,0.025298060380302023,0.0,0.025298060380302023,1.0,2,1.1876648849124452e+108,1.1393546179525774e+108
2018-09-12,0.02692233820313733,0.0,0.02692233820313733,1.0,2,1.2196396006160482e+108,1.1700287083104031e+108
2018-09-13,0.029367441172711284,0.0,0.029367441172711284,1.0,2,1.2554572948390493e+108,1.2043894575720924e+108
2018-09-14,0.02504045516925235,0.0,0.02504045516925235,1.0,2,1.286894516947377e+108,1.2345479177907463e+108
2018-09-17,0.023520985434299535,0.0,0.023520985434299535,1.0,2,1.3171635441359762e+108,1.2635857013830472e+108
2018-09-18,0.02656485701008432,0.0,0.02656485701008432,1.0,2,1.352153805344844e+108,1.2971526748602748e+108
2018-09-19,0.02570712406504888,0.0,0.02570712406504888,1.0,2,1.386913790973872e+108,1.330498739604218e+108
2018-09-20,0.030005529223027905,0.0,0.030005529223027905,1.0,2,1.4285288732587587e+108,1.3704210584166142e+108
2018-09-21,0.025459534416431784,0.0,0.025459534416431784,1.0,2,1.4648985532723564e+108,1.4053113405183748e+108
2018-09-24,0.023001052825525004,0.0,0.023001052825525004,1.0,2,1.4985927622802092e+108,1.4376349808979475e+108
2018-09-25,0.02463425362071031,0.0,0.02463425362071031,1.0,2,1.5355094764603808e+108,1.4730500456313926e+108
2018-09-26,0.025754174687194653,0.0,0.025754174687194653,1.0,2,1.575055255750984e+108,1.5109872338295633e+108
2018-09-27,0.02680056321822355,0.0,0.02680056321822355,1.0,2,1.6172676237049337e+108,1.5514825427117413e+108
2018-09-28,0.02577385319279435,0.0,0.02577385319279435,1.0,2,1.6589508420117638e+108,1.5914702259987767e+108
2018-10-01,0.021312892669148875,0.0005,0.020812892669148875,0.5,2,1.6943078832509546e+108,1.6245933249986355e+108
2018-10-02,0.027250222731773133,0.0,0.027250222731773133,0.5,2,1.740478150445742e+108,1.6688638549534e+108
2018-10-03,0.02825880766217259,0.0,0.02825880766217259,0.5,2,1.789661987739402e+108,1.71602395764488e+108
2018-10-04,0.023969182381530674,0.0,0.023969182381530674,0.5,2,1.8325587223248204e+108,1.7571556488567463e+108
2018-10-05,0.025214992626164667,0.0,0.025214992626164667,0.5,2,1.8787666769952545e+108,1.8014623155856928e+108
2018-10-08,0.027221998597990626,0.0,0.027221998597990626,0.5,2,1.9299104608423708e+108,1.8505017202148997e+108
2018-10-09,0.026664111629259468,0.0,0.026664111629259468,0.5,2,1.9813698088047473e+108,1.8998437046528463e+108
2018-10-10,0.013327350175440011,0.0,0.013327350175440011,0.5,2,2.007776218073733e+108,1.92516358698336e+108
2018-10-11,0.017255367685553857,0.0,0.017255367685553857,0.5,2,2.0424211349469058e+108,1.9583829925315976e+108
2018-10-12,0.03571743500603031,0.0,0.03571743500603031,0.5,2,2.1153711790893146e+108,2.02833140978426e+108
2018-10-15,0.02492908940616234,0.0,0.02492908940616234,0.5,2,2.168105456340051e+108,2.078895864844099e+108
2018-10-16,0.038194261210500735,0.0,0.038194261210500735,0.5,2,2.2509146424714145e+108,2.1582977565353842e+108
2018-10-17,0.02760705748716563,0.0,0.02760705748716563,0.5,2,2.3130557724048257e+108,2.2178820067744772e+108
2018-10-18,0.02067573491606728,0.0,0.02067573491606728,0.5,2,2.360879900401147e+108,2.2637383472216618e+108
2018-10-19,0.02767287090299836,0.0,0.02767287090299836,0.5,2,2.4262122251024317e+108,2.3263824862624935e+108
2018-10-22,0.02595407620587309,0.0,0.02595407620587309,0.5,2,2.489182322084361e+108,2.386761594594959e+108
2018-10-23,0.023554336320611546,0.0,0.023554336320611546,0.5,2,2.547813359662057e+108,2.4429801799111683e+108
2018-10-24,0.013992838299195676,0.0,0.013992838299195676,0.5,2,2.5834645000203386e+108,2.477164406536805e+108
2018-10-25,0.036433072252894716,0.0,0.036433072252894716,0.5,2,2.677588048812368e+108,2.5674151163424595e+108
2018-10-26,0.017954214924284506,0.0,0.017954214924284506,0.5,2,2.7256620401194415e+108,2.613511039141129e+108
2018-10-29,0.026712771976942495,0.0,0.026712771976942495,0.5,2,2.7984720286833596e+108,2.683325163588928e+108
2018-10-30,0.03406540497937949,0.0,0.03406540497937949,0.5,2,2.893803111663924e+108,2.774733721977944e+108
2018-10-31,0.03361371519303252,0.0,0.03361371519303252,0.5,2,2.9910745852841063e+108,2.8680028310450134e+108
2018-11-01,-0.006494272578047688,0.0005,-0.006994272578047689,0.0,1,2.971649731626e+108,2.8479432374900724e+108
2018-11-02,0.040597713780236466,0.0,0.040597713780236466,0.0,1,3.092291916885669e+108,2.963563221908054e+108
2018-11-05,0.040731111654666696,0.0,0.040731111654666696,0.0,1,3.2182444042211625e+108,3.084272446395255e+108
2018-11-06,0.040642186994018115,0.0,0.040642186994018115,0.0,1,3.3490408950899715e+108,3.2096240239021487e+108
2018-11-07,0.04077566358835816,0.0,0.04077566358835816,0.0,1,3.4856002599718135e+108,3.340498573345895e+108
2018-11-08,0.04077623981394596,0.0,0.04077623981394596,0.0,1,3.6277299320679763e+108,3.476711544270792e+108
2018-11-09,0.040865236001218386,0.0,0.040865236001218386,0.0,1,3.7759779718906175e+108,3.6187881820355775e+108
2018-11-12,0.0405526122841654,0.0,0.0405526122841654,0.0,1,3.9291037425782476e+108,3.7655394961201864e+108
2018-11-13,0.040731788083845255,0.0,0.040731788083845255,0.0,1,4.0891431635803884e+108,3.9189166528975037e+108
2018-11-14,0.0405526122841654,0.0,0.0405526122841654,0.0,1,4.25496860086751e+108,4.077838960496416e+108
2018-11-15,0.04104350168443338,0.0,0.04104350168443338,0.0,1,4.429607411804426e+108,4.245207750740398e+108
2018-11-16,0.040775718508684,0.0,0.040775718508684,0.0,1,4.610227836732144e+108,4.4183091469954725e+108
2018-11-19,0.040552733901416116,0.0,0.040552733901416116,0.0,1,4.797185179420044e+108,4.5974836621277723e+108
2018-11-20,0.040909524256946384,0.0,0.040909524256946384,0.0,1,4.993435742882592e+108,4.785564531524503e+108
2018-11-21,0.04095331963633286,0.0,0.04095331963633286,0.0,1,5.197933512944352e+108,4.981549285424325e+108
2018-11-23,0.0406420465845474,0.0,0.0406420465845474,0.0,1,5.409188168920816e+108,5.184009643545759e+108
2018-11-26,0.04077554395635097,0.0,0.04077554395635097,0.0,1,5.629750758870821e+108,5.395390456636307e+108
2018-11-27,0.04064208810363745,0.0,0.04064208810363745,0.0,1,5.858555585214368e+108,5.614670390928444e+108
2018-11-28,0.04073131152992704,0.0,0.04073131152992704,0.0,1,6.097182237871129e+108,5.843363279759208e+108
2018-11-29,0.040775813981057896,0.0,0.040775813981057896,0.0,1,6.345799806611172e+108,6.081631173878414e+108
2018-11-30,0.0408196530710645,0.0,0.0408196530710645,0.0,1,6.604833153175469e+108,6.329881248502301e+108
2018-12-03,0.08037972290218964,0.001,0.07937972290218964,1.0,2,7.135727811842908e+108,6.832345468012179e+108
2018-12-04,0.01168825407447921,0.0,0.01168825407447921,1.0,2,7.219132011514055e+108,6.912203657766922e+108
2018-12-06,0.02360642402305485,0.0,0.02360642402305485,1.0,2,7.389549902856266e+108,7.075376068245878e+108
2018-12-07,0.01493404391515113,0.0,0.01493404391515113,1.0,2,7.499905765618721e+108,7.181040045165271e+108
2018-12-10,0.025320161039710076,0.0,0.025320161039710076,1.0,2,7.689804587386836e+108,7.362865135541462e+108
2018-12-11,0.02457830676027828,0.0,0.02457830676027828,1.0,2,7.878806963462225e+108,7.543831893477358e+108
2018-12-12,0.02661011555741649,0.0,0.02661011555741649,1.0,2,8.088462927214533e+108,7.744574131908515e+108
2018-12-13,0.025075681215789014,0.0,0.025075681215789014,1.0,2,8.291286645103092e+108,7.9387746039923e+108
2018-12-14,0.015929464963616136,0.0,0.015929464963616136,1.0,2,8.42336240521956e+108,8.065235035900641e+108
2018-12-17,0.01644697985746013,0.0,0.01644697985746013,1.0,2,8.561901277030294e+108,8.197883794081781e+108
2018-12-18,0.025495623816112978,0.0,0.025495623816112978,1.0,2,8.780192291140156e+108,8.4068939553839e+108
2018-12-19,0.01893646953379885,0.0,0.01893646953379885,1.0,2,8.946458134962226e+108,8.566090846643904e+108
2018-12-20,0.01579936831576717,0.0,0.01579936831576717,1.0,2,9.087806522158085e+108,8.701429670956352e+108
2018-12-21,0.015058367728346567,0.0,0.015058367728346567,1.0,2,9.224654054612809e+108,8.832458998703959e+108
2018-12-24,0.011917834355952561,0.0,0.011917834355952561,1.0,2,9.33459195362665e+108,8.937722782006255e+108
2018-12-26,0.04448672849666596,0.0,0.04448672849666596,1.0,2,9.749857411494801e+108,9.335332828787832e+108
2018-12-27,0.02702320366630212,0.0,0.02702320366630212,1.0,2,1.001332979404303e+109,9.58760342911288e+108
2018-12-28,0.02591351292227767,0.0,0.02591351292227767,1.0,2,1.027281034505599e+109,9.836051914466872e+108
2018-12-31,0.029312277316791868,0.0,0.029312277316791868,1.0,2,1.0573929810713078e+109,1.0124368995886086e+109
2019-01-02,-0.02161557506173095,0.0005,-0.022115575061730952,0.5,2,1.0345368237192136e+109,9.900462753404905e+108
2019-01-03,0.04020000147525726,0.0,0.04020000147525726,0.5,2,1.0761252055589338e+109,1.0298461370697512e+109
2019-01-04,0.03211889013236391,0.0,0.03211889013236391,0.5,2,1.1106891528049489e+109,1.062923651999534e+109
2019-01-07,0.03568419877058271,0.0,0.03568419877058271,0.5,2,1.1503232053059707e+109,1.100853230875439e+109
2019-01-08,0.03541151768511025,0.0,0.03541151768511025,0.5,2,1.1910578958342558e+109,1.1398361145292955e+109
2019-01-09,0.03689075928858837,0.0,0.03689075928858837,0.5,2,1.2349969259682498e+109,1.1818855342588356e+109
2019-01-10,0.036843050308866254,0.0,0.036843050308866254,0.5,2,1.280497979842993e+109,1.225429802456855e+109
2019-01-11,0.03852054085227219,0.0,0.03852054085227219,0.5,2,1.329823454586787e+109,1.2726340212239862e+109
2019-01-14,0.03645532006522406,0.0,0.03645532006522406,0.5,2,1.37830259425399e+109,1.3190283017935996e+109
2019-01-15,0.036702672897275634,0.0,0.036702672897275634,0.5,2,1.4288899835243607e+109,1.367440166096579e+109
2019-01-16,0.036259615155263825,0.0,0.036259615155263825,0.5,2,1.4807009844261654e+109,1.4170230202670913e+109
2019-01-17,0.03590878721119817,0.0,0.03590878721119817,0.5,2,1.533871160999336e+109,1.4679065983752315e+109
2019-01-18,0.03505493867743936,0.0,0.03505493867743936,0.5,2,1.5876409204872607e+109,1.519363974165484e+109
2019-01-22,0.03865723942708199,0.0,0.03865723942708199,0.5,2,1.6490147356747694e+109,1.578098391091682e+109
2019-01-23,0.03614784726102316,0.0,0.03614784726102316,0.5,2,1.7086230684711176e+109,1.6351432506957306e+109
2019-01-24,0.0387186885928536,0.0,0.0387186885928536,0.5,2,1.7747787129818168e+109,1.698453853024125e+109
2019-01-25,0.035299707053208396,0.0,0.035299707053208396,0.5,2,1.8374278816343452e+109,1.7584087764792696e+109
2019-01-28,0.036783979282316914,0.0,0.036783979282316914,0.5,2,1.905015790765134e+109,1.823090048483127e+109
2019-01-29,0.03798984704213232,0.0,0.03798984704213232,0.5,2,1.977387049269148e+109,1.8923489605690345e+109
2019-01-30,0.03752227694500243,0.0,0.03752227694500243,0.5,2,2.051583113759286e+109,1.9633542023440935e+109
2019-01-31,0.03898194468322447,0.0,0.03898194468322447,0.5,2,2.131557813212888e+109,2.0398895672534474e+109
2019-02-01,0.023468136834050912,0.0005,0.022968136834050912,1.0,2,2.181581503643059e+109,2.0867420299604772e+109
2019-02-04,0.03962946294942643,0.0,0.03962946294942643,1.0,2,2.2680364070128355e+109,2.169438495921807e+109
2019-02-05,0.04681733883766548,0.0,0.04681733883766548,1.0,2,2.3742198359761165e+109,2.271005833072853e+109
2019-02-06,0.0356324636397638,0.0,0.0356324636397638,1.0,2,2.4588191379543413e+109,2.351927365845513e+109
2019-02-07,0.0372480170328327,0.0,0.0372480170328327,1.0,2,2.5504052750855196e+109,2.4395319964285118e+109
2019-02-08,0.038535089623255414,0.0,0.038535089623255414,1.0,2,2.6486853709365635e+109,2.5335395805496837e+109
2019-02-11,0.037591900276402246,0.0,0.037591900276402246,1.0,2,2.748254487264376e+109,2.628780147808025e+109
2019-02-12,0.04596239990575768,0.0,0.04596239990575768,1.0,2,2.8745708590508143e+109,2.7496051922258945e+109
2019-02-13,0.03646066144511795,0.0,0.03646066144511795,1.0,2,2.979379613942668e+109,2.8498576162473813e+109
2019-02-14,0.04294857104313299,0.0,0.04294857104313299,1.0,2,3.107339710956547e+109,2.9722549285415955e+109
2019-02-15,0.03895812391946896,0.0,0.03895812391946896,1.0,2,3.228395836475879e+109,3.0880484043679714e+109
2019-02-19,0.04509042661977852,0.0,0.04509042661977852,1.0,2,3.3739655820400927e+109,3.2272898243434493e+109
2019-02-20,0.04322331893827536,0.0,0.04322331893827536,1.0,2,3.5197995724793754e+109,3.366784001727297e+109
2019-02-21,0.038011140257044995,0.0,0.038011140257044995,1.0,2,3.6535911677055764e+109,3.494759300632129e+109
2019-02-22,0.04877753123837514,0.0,0.04877753123837514,1.0,2,3.831804325020587e+109,3.6652250315893147e+109
2019-02-25,0.04808871483666033,0.0,0.04808871483666033,1.0,2,4.016070870516384e+109,3.841480992945603e+109
2019-02-26,0.03974426600144387,0.0,0.03974426600144387,1.0,2,4.175686659474837e+109,3.994157835368724e+109
2019-02-27,0.03425440398071061,0.0,0.03425440398071061,1.0,2,4.318722317205352e+109,4.130975331424165e+109
2019-02-28,0.03542459826958683,0.0,0.03542459826958683,1.0,2,4.471711320330251e+109,4.27731347300144e+109
2019-03-01,0.08768531591530737,0.0005,0.08718531591530737,1.0,2,4.863814740135465e+109,4.6502323994138706e+109
2019-03-04,0.02292389427480601,0.0,0.02292389427480601,1.0,2,4.975312315010573e+109,4.756833835291312e+109
2019-03-05,0.021978417612096457,0.0,0.021978417612096457,1.0,2,5.084661806820482e+109,4.861381515834695e+109
2019-03-06,0.021075949026743424,0.0,0.021075949026743424,1.0,2,5.191825879879259e+109,4.963839744861979e+109
2019-03-07,0.020297813114380225,0.0,0.020297813114380225,1.0,2,5.2972085913114515e+109,5.064594836332921e+109
2019-03-08,0.02155342744773553,0.0,0.02155342744773553,1.0,2,5.411381592359804e+109,5.173754213689999e+109
2019-03-11,0.028957959872406736,0.0,0.028957959872406736,1.0,2,5.56808416336564e+109,5.323575580599729e+109
2019-03-12,0.0257261382941405,0.0,0.0257261382941405,1.0,2,5.711329466585798e+109,5.460530622205547e+109
2019-03-13,0.02550015963400576,0.0,0.02550015963400576,1.0,2,5.856969279706136e+109,5.599775024758165e+109
2019-03-14,0.021539957592942305,0.0,0.021539957592942305,1.0,2,5.983128149614172e+109,5.720393941321473e+109
2019-03-15,0.026336736778851344,0.0,0.026336736778851344,1.0,2,6.140704220804696e+109,5.8710504508253925e+109
2019-03-18,0.023007392221190803,0.0,0.023007392221190803,1.0,2,6.281985811327072e+109,6.006128011297932e+109
2019-03-19,0.02201206353645002,0.0,0.02201206353645002,1.0,2,6.4202652821410815e+109,6.138335282690674e+109
2019-03-20,0.023734587655647232,0.0,0.023734587655647232,1.0,2,6.5726476312525674e+109,6.284026139517448e+109
2019-03-21,0.02677463559485066,0.0,0.02677463559485066,1.0,2,6.748627876472713e+109,6.452278649471544e+109
2019-03-22,0.01675806165362298,0.0,0.01675806165362298,1.0,2,6.861721798504001e+109,6.560406332885743e+109
2019-03-25,0.022593792854846584,0.0,0.022593792854846584,1.0,2,7.016754119446985e+109,6.7086307946145865e+109
2019-03-26,0.02538727226435261,0.0,0.02538727226435261,1.0,2,7.1948903666894035e+109,6.8789446311184875e+109
2019-03-27,0.021371964977426883,0.0,0.021371964977426883,1.0,2,7.348659311622716e+109,7.025961194856411e+109
2019-03-28,0.02397486226394885,0.0,0.02397486226394885,1.0,2,7.524842406443556e+109,7.194407646774943e+109
2019-03-29,0.024200998479142477,0.0,0.024200998479142477,1.0,2,7.706951106077683e+109,7.368519495292874e+109
2019-04-01,0.02433013602102585,0.0,0.02433013602102585,1.0,2,7.89446227479595e+109,7.547796576886932e+109
2019-04-02,0.022828785376504124,0.0,0.022828785376504124,1.0,2,8.074683259730174e+109,7.720103605006196e+109
2019-04-03,0.021005631837629934,0.0,0.021005631837629934,1.0,2,8.24429708348954e+109,7.882269259081315e+109
2019-04-04,0.0234948584301356,0.0,0.0234948584301356,1.0,2,8.437995676322105e+109,8.06746205943164e+109
2019-04-05,0.024159043192393037,0.0,0.024159043192393037,1.0,2,8.641849578323597e+109,8.262364223778442e+109
2019-04-08,0.021111082716696095,0.0,0.021111082716696095,1.0,2,8.824288379596831e+109,8.436791678342098e+109
2019-04-09,0.020140839822921364,0.0,0.020140839822921364,1.0,2,9.002016958401558e+109,8.606715748154943e+109
2019-04-10,0.024627281434493664,0.0,0.024627281434493664,1.0,2,9.223712163514198e+109,8.818675759111442e+109
2019-04-11,0.02049091860690455,0.0,0.02049091860690455,1.0,2,9.412714498710283e+109,8.999378526312076e+109
2019-04-12,0.022785148274641676,0.0,0.022785148274641676,1.0,2,9.627184594230266e+109,9.204430700413724e+109
2019-04-15,0.02197423154583128,0.0,0.02197423154583128,1.0,2,9.838734577638343e+109,9.406690991872175e+109
2019-04-16,0.020504675740294354,0.0,0.020504675740294354,1.0,2,1.0040474639847638e+110,9.59957214044966e+109
2019-04-17,0.021014956040908306,0.0,0.021014956040908306,1.0,2,1.025147477303389e+110,9.801306726992738e+109
2019-04-18,0.024212267803950527,0.0,0.024212267803950527,1.0,2,1.0499686225624029e+110,1.0038618590295348e+110
2019-04-22,0.02102846319190438,0.0,0.02102846319190438,1.0,2,1.072047849094611e+110,1.024971531181894e+110
2019-04-23,0.02684527947098453,0.0,0.02684527947098453,1.0,2,1.1008272732098237e+110,1.0524871783862749e+110
2019-04-24,0.022714946470384023,0.0,0.022714946470384023,1.0,2,1.1258325057939236e+110,1.0763943683040846e+110
2019-04-25,0.020765889267812365,0.0,0.020765889267812365,1.0,2,1.149211418943344e+110,1.098746654564784e+110
2019-04-26,0.02544438707595309,0.0,0.02544438707595309,1.0,2,1.1784523991190437e+110,1.1267035897419389e+110
2019-04-29,0.021198104201436307,0.0,0.021198104201436307,1.0,2,1.203433355872002e+110,1.150587569841421e+110
2019-04-30,0.022470406955797606,0.0,0.022470406955797606,1.0,2,1.2304749931226272e+110,1.1764417407740401e+110
2019-05-01,0.04681296188785278,0.0005,0.04631296188785278,1.0,2,1.2880771720796327e+110,1.2309262422777876e+110
2019-05-02,0.013082138745127536,0.0,0.013082138745127536,1.0,2,1.3049279763592101e+110,1.2470293901642841e+110
2019-05-03,0.02527327800127921,0.0,0.02527327800127921,1.0,2,1.3379077838773831e+110,1.2785459106176717e+110
2019-05-06,0.014579420984259905,0.0,0.014579420984259905,1.0,2,1.3574137046966495e+110,1.2971863696962705e+110
2019-05-07,0.008563566667641687,0.0,0.008563566667641687,1.0,2,1.3690380074523898e+110,1.3082949116535208e+110
2019-05-08,0.014574531188002393,0.0,0.014574531188002393,1.0,2,1.3889910945895653e+110,1.3273626966465198e+110
2019-05-09,0.015271608837260142,0.0,0.015271608837260142,1.0,2,1.410203223264575e+110,1.3476336605348764e+110
2019-05-10,0.01680045910827782,0.0,0.01680045910827782,1.0,2,1.433895284851393e+110,1.3702745247416312e+110
2019-05-13,0.0015471849312049257,0.0,0.0015471849312049257,1.0,2,1.436113786029041e+110,1.3723945928379255e+110
2019-05-14,0.02149111212408583,0.0,0.02149111212408583,1.0,2,1.4669774684275364e+110,1.4018888789110944e+110
2019-05-15,0.025062972598296318,0.0,0.025062972598296318,1.0,2,1.5037442845210537e+110,1.4370243814690993e+110
2019-05-16,0.02015079838395356,0.0,0.02015079838395356,1.0,2,1.53404593241946e+110,1.4659815700529086e+110
2019-05-17,0.011798793584640033,0.0,0.011798793584640033,1.0,2,1.5521458237254337e+110,1.4832783839968494e+110
2019-05-20,0.007161416051016001,0.0,0.007161416051016001,1.0,2,1.5632613857409784e+110,1.4939007576241296e+110
2019-05-21,0.021331756449054162,0.0,0.021331756449054162,1.0,2,1.5966084968878157e+110,1.525768284744825e+110
2019-05-22,0.015716203586381428,0.0,0.015716203586381428,1.0,2,1.621701121072651e+110,1.5497475697335185e+110
2019-05-23,0.011677906552643447,0.0,0.011677906552643447,1.0,2,1.6406391952208543e+110,1.5678453770330526e+110
2019-05-24,0.016328905196714816,0.0,0.016328905196714816,1.0,2,1.66742903710163e+110,1.593446575557733e+110
2019-05-28,0.017128734957581826,0.0,0.017128734957581826,1.0,2,1.69598998713872e+110,1.6207402996195278e+110
2019-05-29,0.0125900494015323,0.0,0.0125900494015323,1.0,2,1.7173425848613003e+110,1.641145500058792e+110
2019-05-30,0.020290223013185726,0.0,0.020290223013185726,1.0,2,1.7521878488981772e+110,1.6744447082520712e+110
2019-05-31,0.011762505713250604,0.0,0.011762505713250604,1.0,2,1.7727979684815303e+110,1.6941403736994084e+110
2019-06-03,-0.04695026893055709,0.0005,-0.047450268930557093,0.5,2,1.689564627101777e+110,1.6137529573612568e+110
2019-06-04,0.0308206358817254,0.0,0.0308206358817254,0.5,2,1.741638083272324e+110,1.6634898496631455e+110
2019-06-05,0.03321018880575832,0.0,0.03321018880575832,0.5,2,1.799478212849097e+110,1.718734661646921e+110
2019-06-06,0.03320892014511306,0.0,0.03320892014511306,0.5,2,1.8592369411224737e+110,1.7758119837761917e+110
2019-06-07,0.03556807158841757,0.0,0.03556807158841757,0.5,2,1.925366413744148e+110,1.838974191542713e+110
2019-06-10,0.0304443176207978,0.0,0.0304443176207978,0.5,2,1.9839828803805913e+110,1.894960505926489e+110
2019-06-11,0.03280581641900793,0.0,0.03280581641900793,0.5,2,2.0490690585328114e+110,1.957126232405184e+110
2019-06-12,0.03426021015380204,0.0,0.03426021015380204,0.5,2,2.119270595097799e+110,2.0241777884249046e+110
2019-06-13,0.03436242199075701,0.0,0.03436242199075701,0.5,2,2.1920938655991522e+110,2.0937334397750785e+110
2019-06-14,0.03322995383415872,0.0,0.03322995383415872,0.5,2,2.2649370435531546e+110,2.1633081053198387e+110
2019-06-17,0.03287521881653155,0.0,0.03287521881653155,0.5,2,2.3393973444656326e+110,2.2344273326498048e+110
2019-06-18,0.03451605055103918,0.0,0.03451605055103918,0.5,2,2.420144101466175e+110,2.3115509394161688e+110
2019-06-19,0.033882175543461734,0.0,0.033882175543461734,0.5,2,2.5021438487525253e+110,2.389871314123121e+110
2019-06-20,0.03410598900448253,0.0,0.03410598900448253,0.5,2,2.5874819393457127e+110,2.4713802388847326e+110
2019-06-21,0.030849926773960867,0.0,0.030849926773960867,0.5,2,2.667305567703474e+110,2.5476221382849403e+110
2019-06-24,0.034825665536653116,0.0,0.034825665536653116,0.5,2,2.7601962592883675e+110,2.6363447747866245e+110
2019-06-25,0.033829374932817624,0.0,0.033829374932817624,0.5,2,2.8535719734319943e+110,2.7255306706250558e+110
2019-06-26,0.031154330437282163,0.0,0.031154330437282163,0.5,2,2.942473097618862e+110,2.810442753754656e+110
2019-06-27,0.03445526466089771,0.0,0.03445526466089771,0.5,2,3.0438567869548916e+110,2.907277302649575e+110
2019-06-28,0.033102893920954446,0.0,0.033102893920954446,0.5,2,3.144617255284037e+110,3.003516594797983e+110
2019-07-01,0.0667669225444254,0.0005,0.0662669225444254,1.0,2,3.35457367199945e+110,3.202550396346357e+110
2019-07-02,0.02297664144904399,0.0,0.02297664144904399,1.0,2,3.431650508475384e+110,3.276134248525701e+110
2019-07-03,0.025003049889342377,0.0,0.025003049889342377,1.0,2,3.517452237341581e+110,3.358047596585772e+110
2019-07-05,0.015483516508653872,0.0,0.015483516508653872,1.0,2,3.5719147671268604e+110,3.410041981984353e+110
2019-07-08,0.016987152310114828,0.0,0.016987152310114828,1.0,2,3.632591427314793e+110,3.467968884516207e+110
2019-07-09,0.02001244486322379,0.0,0.02001244486322379,1.0,2,3.7052884629645496e+110,3.537371420604963e+110
2019-07-10,0.02308498059514663,0.0,0.02308498059514663,1.0,2,3.7908249752315076e+110,3.619031571207455e+110
2019-07-11,0.019136019039153074,0.0,0.019136019039153074,1.0,2,3.863366274131634e+110,3.688285428257376e+110
2019-07-12,0.02278499426333319,0.0,0.02278499426333319,1.0,2,3.951393052524878e+110,3.7723229905817556e+110
2019-07-15,0.021478572476666846,0.0,0.021478572476666846,1.0,2,4.036263334587332e+110,3.8533471033403625e+110
2019-07-16,0.01716510171677499,0.0,0.01716510171677499,1.0,2,4.1055462052812124e+110,3.9194901983192395e+110
2019-07-17,0.019318983720490013,0.0,0.019318983720490013,1.0,2,4.18486118558476e+110,3.995210765653189e+110
2019-07-18,0.02245114372058077,0.0,0.02245114372058077,1.0,2,4.2788161055130036e+110,4.084907816746881e+110
2019-07-19,0.016928809826523783,0.0,0.016928809826523783,1.0,2,4.3512513696459e+110,4.154060444335469e+110
2019-07-22,0.02185504911683883,0.0,0.02185504911683883,1.0,2,4.446348182049223e+110,4.2448476393807374e+110
2019-07-23,0.022901717465185878,0.0,0.022901717465185878,1.0,2,4.548177191866358e+110,4.342061940700597e+110
2019-07-24,0.022830215640910034,0.0,0.022830215640910034,1.0,2,4.6520130579297355e+110,4.4411921511329795e+110
2019-07-25,0.016870142380558284,0.0,0.016870142380558284,1.0,2,4.730493180573227e+110,4.516115695062011e+110
2019-07-26,0.023399798401453842,0.0,0.023399798401453842,1.0,2,4.8411857673380923e+110,4.6217918918841034e+110
2019-07-29,0.019937265481613675,0.0,0.019937265481613675,1.0,2,4.9377057732273216e+110,4.7139377838333666e+110
2019-07-30,0.018840047854064512,0.0,0.018840047854064512,1.0,2,5.0307323862842145e+110,4.8027485972618696e+110
2019-07-31,0.01631942591098079,0.0,0.01631942591098079,1.0,2,5.112831050740152e+110,4.881126697163952e+110
2019-08-01,0.020990613338876973,0.0,0.020990613338876973,1.0,2,5.220152510393242e+110,4.98358454032219e+110
2019-08-02,0.01698454324272669,0.0,0.01698454324272669,1.0,2,5.308814416439645e+110,5.068228447451076e+110
2019-08-05,0.009233235102987125,0.0,0.009233235102987125,1.0,2,5.357831948064759e+110,5.115024592262039e+110
2019-08-06,0.027219068609900143,0.0,0.027219068609900143,1.0,2,5.503667143459449e+110,5.2542507975801454e+110
2019-08-07,0.02016568157137638,0.0,0.02016568157137638,1.0,2,5.6146523425492986e+110,5.360206346060297e+110
2019-08-08,0.02881930719544673,0.0,0.02881930719544673,1.0,2,5.7764627332048615e+110,5.514683779378392e+110
2019-08-09,0.015871084470434393,0.0,0.015871084470434393,1.0,2,5.8681414611838725e+110,5.602207791468641e+110
2019-08-12,0.017026204826494584,0.0,0.017026204826494584,1.0,2,5.968053639652835e+110,5.69759212880677e+110
2019-08-13,0.02527778951251325,0.0,0.02527778951251325,1.0,2,6.118912843355367e+110,5.841614663366899e+110
2019-08-14,0.008614977536535562,0.0,0.008614977536535562,1.0,2,6.171627140048893e+110,5.891940042468902e+110
2019-08-15,0.024282128205250664,0.0,0.024282128205250664,1.0,2,6.321487381498565e+110,6.035008885957783e+110
2019-08-16,0.02541264876495286,0.0,0.02541264876495286,1.0,2,6.48213311999667e+110,6.188374447069997e+110
2019-08-19,0.02358495117228898,0.0,0.02358495117228898,1.0,2,6.635013913124068e+110,6.334326956239984e+110
2019-08-20,0.018714869321613203,0.0,0.018714869321613203,1.0,2,6.759187331455271e+110,6.452873057466388e+110
2019-08-21,0.022778471078015006,0.0,0.022778471078015006,1.0,2,6.91315128459571e+110,6.599859639775988e+110
2019-08-22,0.018702882768291407,0.0,0.018702882768291407,1.0,2,7.042447142630966e+110,6.723296040905896e+110
2019-08-23,0.010681332779675756,0.0,0.010681332779675756,1.0,2,7.117669864144684e+110,6.79510980329509e+110
2019-08-26,0.025197623688361093,0.0,0.025197623688361093,1.0,2,7.29701823091939e+110,6.966330423039612e+110
2019-08-27,0.020654188368050996,0.0,0.020654188368050996,1.0,2,7.4477322199859e+110,7.110214323831156e+110
2019-08-28,0.02319258689438275,0.0,0.02319258689438275,1.0,2,7.620464396664018e+110,7.275118587374295e+110
2019-08-29,0.02562209431563628,0.0,0.02562209431563628,1.0,2,7.815716654164291e+110,7.461522361977437e+110
2019-08-30,0.020028520786235016,0.0,0.020028520786235016,1.0,2,7.972253897631543e+110,7.61096561770126e+110
2019-09-03,0.01726485188264698,0.0,0.01726485188264698,1.0,2,8.109893680345008e+110,7.74236781177479e+110
2019-09-04,0.025990655882811797,0.0,0.025990655882811797,1.0,2,8.320675136237046e+110,7.943597029288787e+110
2019-09-05,0.021903544483918402,0.0,0.021903544483918402,1.0,2,8.502927414219848e+110,8.117589960182137e+110
2019-09-06,0.020288973314761927,0.0,0.020288973314761927,1.0,2,8.675443081624312e+110,8.282287526264452e+110
2019-09-09,0.01673267849153437,0.0,0.01673267849153437,1.0,2,8.820606481480737e+110,8.42087238061588e+110
2019-09-10,0.01582154978762873,0.0,0.01582154978762873,1.0,2,8.960162146084564e+110,8.554103632241061e+110
2019-09-11,0.022301104898825364,0.0,0.022301104898825364,1.0,2,9.159983662014879e+110,8.744869594659092e+110
2019-09-12,0.021012272145506328,0.0,0.021012272145506328,1.0,2,9.352455731569527e+110,8.928619174459033e+110
2019-09-13,0.014902591042528224,0.0,0.014902591042528224,1.0,2,9.491831554580458e+110,9.061678734590472e+110
2019-09-16,0.020174636700020343,0.0,0.020174636700020343,1.0,2,9.683325807811909e+110,9.244494810953134e+110
2019-09-17,0.021808436584273505,0.0,0.021808436584273505,1.0,2,9.894504004616433e+110,9.446102789791451e+110
2019-09-18,0.020281726923451426,0.0,0.020281726923451426,1.0,2,1.0095181632881059e+111,9.637686067064854e+110
2019-09-19,0.02026517551732887,0.0,0.02026517551732887,1.0,2,1.0299762260550709e+111,9.832995466794838e+110
2019-09-20,0.019862584077256884,0.0,0.019862584077256884,1.0,2,1.0504342154426654e+111,1.0028304165985336e+111
2019-09-23,0.01955563868659299,0.0,0.01955563868659299,1.0,2,1.0709761274238969e+111,1.0224414058894599e+111
2019-09-24,0.018137365099225145,0.0,0.018137365099225145,1.0,2,1.0904008124595384e+111,1.0409857989606421e+111
2019-09-25,0.0188244395046287,0.0,0.0188244395046287,1.0,2,1.1109269965894809e+111,1.0605817731583542e+111
2019-09-26,0.0194567410483234,0.0,0.0194567410483234,1.0,2,1.1325420154857142e+111,1.0812172380792682e+111
2019-09-27,0.017540801123880012,0.0,0.017540801123880012,1.0,2,1.1524077097437874e+111,1.1001826546241274e+111
2019-09-30,0.02145570828200255,0.0,0.02145570828200255,1.0,2,1.1771334333859807e+111,1.1237878527186619e+111
2019-10-01,0.014283057553722667,0.0,0.014283057553722667,1.0,2,1.193946497963444e+111,1.139838979297217e+111
2019-10-02,0.011846086804422395,0.0,0.011846086804422395,1.0,2,1.208090091818155e+111,1.153341610789036e+111
2019-10-03,0.024904726038219527,0.0,0.024904726038219527,1.0,2,1.2381772445843735e+111,1.1820652676342159e+111
2019-10-04,0.025997485928092368,0.0,0.025997485928092368,1.0,2,1.2703667400769398e+111,1.2127959927956232e+111
2019-10-07,0.0147930735468631,0.0,0.0147930735468631,1.0,2,1.2891593686943865e+111,1.2307369731143897e+111
2019-10-08,0.012553101117474097,0.0,0.012553101117474097,1.0,2,1.305342316606146e+111,1.2461865387869084e+111
2019-10-09,0.02262148360735472,0.0,0.02262148360735472,1.0,2,1.3348710964232382e+111,1.2743771271457824e+111
2019-10-10,0.018737184629053993,0.0,0.018737184629053993,1.0,2,1.3598828226129082e+111,1.2982553666641564e+111
2019-10-11,0.02083658784801301,0.0,0.02083658784801301,1.0,2,1.388218140509286e+111,1.3253065786608084e+111
2019-10-14,0.019904225823843436,0.0,0.019904225823843436,1.0,2,1.415849547870739e+111,1.3516857800882986e+111
2019-10-15,0.021574601980846098,0.0,0.021574601980846098,1.0,2,1.4463959383308112e+111,1.380847862796873e+111
2019-10-16,0.019019859569603448,0.0,0.019019859569603448,1.0,2,1.473906185959908e+111,1.4071113952342566e+111
2019-10-17,0.020299129223242784,0.0,0.020299129223242784,1.0,2,1.5038251980916451e+111,1.4356745312776142e+111
2019-10-18,0.01713004128094825,0.0,0.01713004128094825,1.0,2,1.5295857858142853e+111,1.4602676952644058e+111
2019-10-21,0.02038594869666266,0.0,0.02038594869666266,1.0,2,1.56076784317104e+111,1.4900366375834598e+111
2019-10-22,0.018934751488446866,0.0,0.018934751488446866,1.0,2,1.5903205944126427e+111,1.5182501110247835e+111
2019-10-23,0.020539889323767546,0.0,0.020539889323767546,1.0,2,1.6229856034111867e+111,1.5494348002710305e+111
2019-10-24,0.01990524013867584,0.0,0.01990524013867584,1.0,2,1.6552915215887003e+111,1.5802766720496467e+111
2019-10-25,0.01969815534314573,0.0,0.01969815534314573,1.0,2,1.6878977111191465e+111,1.61140520742083e+111
2019-10-28,0.01963371864786989,0.0,0.01963371864786989,1.0,2,1.7210374198856433e+111,1.643043083891043e+111
2019-10-29,0.019188051379822713,0.0,0.019188051379822713,1.0,2,1.7540607743250068e+111,1.674569879004007e+111
2019-10-30,0.0224744800552526,0.0,0.0224744800552526,1.0,2,1.793482378213275e+111,1.7122049663508093e+111
2019-10-31,0.020763176117680915,0.0,0.020763176117680915,1.0,2,1.8307207686960746e+111,1.747755779616719e+111
2019-11-01,0.10014811482118674,0.0005,0.09964811482118674,1.0,2,2.0140640024449802e+111,1.9219163482233586e+111
2019-11-04,0.005694320553389032,0.0,0.005694320553389032,1.0,2,2.0255327284899436e+111,1.9328603559869412e+111
2019-11-05,-0.0037895346370470095,0.0,-0.0037895346370470095,1.0,2,2.0178569020568586e+111,1.9255357147193536e+111
2019-11-06,0.007007744050513853,0.0,0.007007744050513853,1.0,2,2.031997526757036e+111,1.93902937616823e+111
2019-11-07,-0.0009498593442421877,0.0,-0.0009498593442421877,1.0,2,2.0300674149187686e+111,1.9371875709965164e+111
2019-11-08,0.002574601072293403,0.0,0.002574601072293403,1.0,2,2.0352940286620463e+111,1.9421750561940374e+111
2019-11-11,0.002223537772651052,0.0,0.002223537772651052,1.0,2,2.0398195818132277e+111,1.9464935557925856e+111
2019-11-12,0.0071938777035835955,0.0,0.0071938777035835955,1.0,2,2.054493794422167e+111,1.960496392383771e+111
2019-11-13,0.006569149674470032,0.0,0.006569149674470032,1.0,2,2.0679900716629961e+111,1.9733751866215984e+111
2019-11-14,0.007424642294174277,0.0,0.007424642294174277,1.0,2,2.0833441582129975e+111,1.9880267914944628e+111
2019-11-15,0.007241767916269348,0.0,0.007241767916269348,1.0,2,2.0984312530964914e+111,2.0024236201297912e+111
2019-11-18,0.006497095026155031,0.0,0.006497095026155031,1.0,2,2.1120649603537128e+111,2.0154335566723917e+111
2019-11-19,0.0050993535485754915,0.0,0.0050993535485754915,1.0,2,2.1228351263041144e+111,2.025710964931527e+111
2019-11-20,0.0031228989433526033,0.0,0.0031228989433526033,1.0,2,2.129464525876961e+111,2.0320370555634493e+111
2019-11-21,0.0013277229859208761,0.0,0.0013277229859208761,1.0,2,2.1322918648756708e+111,2.0347350378703637e+111
2019-11-22,0.005092893003341592,0.0,0.005092893003341592,1.0,2,2.1431513991953782e+111,2.0450977257083877e+111
2019-11-25,0.006191705695880567,0.0,0.006191705695880567,1.0,2,2.156421161920911e+111,2.057760368945289e+111
2019-11-26,0.008210780905147375,0.0,0.008210780905147375,1.0,2,2.1741270636206665e+111,2.0746561884899936e+111
2019-11-27,0.004295557330564359,0.0,0.004295557330564359,1.0,2,2.1834661510663806e+111,2.0835679930888624e+111
2019-11-29,0.00598600606134958,0.0,0.00598600606134958,1.0,2,2.196536392681416e+111,2.0960402437247266e+111
2019-12-02,-0.050232308647587376,0.001,-0.05123230864758738,1.0,2,2.086199298648585e+111,1.9886552630204572e+111
2019-12-03,0.014732734979305828,0.0,0.014732734979305828,1.0,2,2.1169347200295883e+111,2.0179535939757394e+111
2019-12-04,0.015053870222236199,0.0,0.015053870222236199,1.0,2,2.1488027805738598e+111,2.0483316054939454e+111
2019-12-05,0.013871519163470625,0.0,0.013871519163470625,1.0,2,2.178609939523109e+111,2.0767450766126972e+111
2019-12-06,0.017871907635826023,0.0,0.017871907635826023,1.0,2,2.2175458551367586e+111,2.1138604728050757e+111
2019-12-09,0.012833889856658343,0.0,0.012833889856658343,1.0,2,2.2460055943936727e+111,2.1409895252853996e+111
2019-12-10,0.01364321092550852,0.0,0.01364321092550852,1.0,2,2.2766483224578576e+111,2.1701994969681725e+111
2019-12-11,0.01902704885907086,0.0,0.01902704885907086,1.0,2,2.3199662213241852e+111,2.211491988830917e+111
2019-12-12,0.01441607026624614,0.0,0.01441607026624614,1.0,2,2.3534110173861121e+111,2.243373012735144e+111
2019-12-13,0.01888568271043839,0.0,0.01888568271043839,1.0,2,2.3978567911477163e+111,2.2857406436548204e+111
2019-12-16,0.017057093613494334,0.0,0.017057093613494334,1.0,2,2.4387572589060764e+111,2.3247287357898097e+111
2019-12-17,0.014945797724353727,0.0,0.014945797724353727,1.0,2,2.475206431596486e+111,2.3594736612389167e+111
2019-12-18,0.01353158661570647,0.0,0.01353158661570647,1.0,2,2.5086999018173875e+111,2.391401083453449e+111
2019-12-19,0.01739233256484024,0.0,0.01739233256484024,1.0,2,2.5523320448151775e+111,2.4329931263927906e+111
2019-12-20,0.016029017175292315,0.0,0.016029017175292315,1.0,2,2.5932434189985693e+111,2.471991615003109e+111
2019-12-23,0.015134397120243726,0.0,0.015134397120243726,1.0,2,2.632490594731152e+111,2.5094037177824787e+111
2019-12-24,0.014877697990047956,0.0,0.014877697990047956,1.0,2,2.671655994761204e+111,2.54673786843075e+111
2019-12-26,0.01904462417894731,0.0,0.01904462417894731,1.0,2,2.722536679116863e+111,2.595239534017307e+111
2019-12-27,0.014551280993013116,0.0,0.014551280993013116,1.0,2,2.762153075348477e+111,2.633003593720969e+111
2019-12-30,0.010064095995459432,0.0,0.010064095995459432,1.0,2,2.789951649052938e+111,2.659502394644567e+111
2019-12-31,0.013056714142897385,0.0,0.013056714142897385,1.0,2,2.8263792502071273e+111,2.6942267571737923e+111
2020-01-02,-0.013992759390296372,0.001,-0.014992759390296373,1.0,2,2.7868304054132526e+111,2.653832863660587e+111
2020-01-03,0.010851669248031992,0.0,0.010851669248031992,1.0,2,2.8170721672231563e+111,2.6826313801365896e+111
2020-01-06,0.02506727360319483,0.0,0.02506727360319483,1.0,2,2.887688485998884e+111,2.7498776349189893e+111
2020-01-07,0.020719657969383243,0.0,0.020719657969383243,1.0,2,2.9475204037509064e+111,2.806854158972167e+111
2020-01-08,0.025537398452776028,0.0,0.025537398452776028,1.0,2,3.0227924067491805e+111,2.8785339120286707e+111
2020-01-09,0.02857951833179584,0.0,0.02857951833179584,1.0,2,3.109182357751082e+111,2.96080102473619e+111
2020-01-10,0.020133506286755254,0.0,0.020133506286755254,1.0,2,3.1717811002975316e+111,3.020412330781547e+111
2020-01-13,0.02881142742183157,0.0,0.02881142742183157,1.0,2,3.263164641266691e+111,3.107434721433865e+111
2020-01-14,0.021720399202044494,0.0,0.021720399202044494,1.0,2,3.334041879937e+111,3.174929444077703e+111
2020-01-15,0.023079633831049662,0.0,0.023079633831049662,1.0,2,3.4109903457033306e+111,3.2482056530864345e+111
2020-01-16,0.029625832769906102,0.0,0.029625832769906102,1.0,2,3.512043775264902e+111,3.344436450567037e+111
2020-01-17,0.025748797938500267,0.0,0.025748797938500267,1.0,2,3.6024746807853653e+111,3.4305516689508425e+111
2020-01-21,0.017322263316119302,0.0,0.017322263316119302,1.0,2,3.664877695795582e+111,3.489976588279961e+111
2020-01-22,0.02496892553039709,0.0,0.02496892553039709,1.0,2,3.756385754059915e+111,3.5771175538155526e+111
2020-01-23,0.021229955808848955,0.0,0.021229955808848955,1.0,2,3.8361336576195966e+111,3.6530596014061144e+111
2020-01-24,0.018030785198421495,0.0,0.018030785198421495,1.0,2,3.90530215959257e+111,3.7189271343960986e+111
2020-01-27,0.0011114776309252838,0.0,0.0011114776309252838,1.0,2,3.9096428155849615e+111,3.723060638717021e+111
2020-01-28,0.03215730352466628,0.0,0.03215730352466628,1.0,2,4.035366386278758e+111,3.842784229716982e+111
2020-01-29,0.02330056755064308,0.0,0.02330056755064308,1.0,2,4.12939271335384e+111,3.932323283244048e+111
2020-01-30,0.020797890585934842,0.0,0.020797890585934842,1.0,2,4.2152753711925296e+111,4.0141073126374813e+111
2020-01-31,0.005391358760289844,0.0,0.005391358760289844,1.0,2,4.2380014329920423e+111,4.035748805262213e+111
2020-02-03,0.14380339317658974,0.001,0.14280339317658974,1.0,2,4.847440419343547e+111,4.612067428662025e+111
2020-02-04,0.00568001937109186,0.0,0.00568001937109186,1.0,2,4.874973974825632e+111,4.6382640609976067e+111
2020-02-05,0.0034346379741943545,0.0,0.0034346379741943545,1.0,2,4.891717745562777e+111,4.65419481887585e+111
2020-02-06,0.007658948535668342,0.0,0.007658948535668342,1.0,2,4.929183160027058e+111,4.6898410574685947e+111
2020-02-07,-0.0001925885159594909,0.0,-0.0001925885159594909,1.0,2,4.928233855957376e+111,4.6889378479392507e+111
2020-02-10,0.007725801026662482,0.0,0.007725801026662482,1.0,2,4.966308410141364e+111,4.7251636487788167e+111
2020-02-11,-0.0006909420624765517,0.0,-0.0006909420624765517,1.0,2,4.962876978765567e+111,4.7218988344617904e+111
2020-02-12,0.005220886532917024,0.0,0.005220886532917024,1.0,2,4.988787596348528e+111,4.746551332496429e+111
2020-02-13,0.002706538137420722,0.0,0.002706538137420722,1.0,2,5.002289940237537e+111,4.7593980546990557e+111
2020-02-14,0.004248833085033821,0.0,0.004248833085033821,1.0,2,5.02354383523655e+111,4.779619942618707e+111
2020-02-18,0.007125254261806657,0.0,0.007125254261806657,1.0,2,5.059337862357941e+111,4.813675949984667e+111
2020-02-19,0.008468707730447722,0.0,0.008468707730447722,1.0,2,5.102183916023839e+111,4.854441564714173e+111
2020-02-20,-0.0017949669768383414,0.0,-0.0017949669768383414,1.0,2,5.09302566438482e+111,4.845728002414519e+111
2020-02-21,-0.0012448576568767078,0.0,-0.0012448576568767078,1.0,2,5.086685572389841e+111,4.839695760807572e+111
2020-02-24,-0.014601774440630821,0.0,-0.014601774440630821,1.0,2,5.012410937011394e+111,4.769027614946983e+111
2020-02-25,-0.020875143501923654,0.0,-0.020875143501923654,1.0,2,4.90777613941067e+111,4.669473479120328e+111
2020-02-26,0.0056284736713136385,0.0,0.0056284736713136385,1.0,2,4.935399428196044e+111,4.6957554876564543e+111
2020-02-27,-0.024517996165530243,0.0,-0.024517996165530243,1.0,2,4.814393323940173e+111,4.580624972615826e+111
2020-02-28,-0.017971990055310028,0.0,-0.017971990055310028,1.0,2,4.727869094999969e+111,4.498302026160869e+111
2020-03-02,-0.044717502607620085,0.0005,-0.045217502607620086,1.0,2,4.5164505964158213e+111,4.294900042563078e+111
2020-03-03,0.003503449977003359,0.0,0.003503449977003359,1.0,2,4.532273755153972e+111,4.309947010018428e+111
2020-03-04,0.03353094919822208,0.0,0.03353094919822208,1.0,2,4.6842451961904746e+111,4.4544636242583847e+111
2020-03-05,0.0029570532511946634,0.0,0.0029570532511946634,1.0,2,4.698096758677263e+111,4.467635710400826e+111
2020-03-06,0.011322721476804853,0.0,0.011322721476804853,1.0,2,4.7512919997468446e+111,4.5182215052095215e+111
2020-03-09,-0.014642398572602577,0.0,-0.014642398572602577,1.0,2,4.6817216885517334e+111,4.4520639050909394e+111
2020-03-10,0.03242473660624828,0.0,0.03242473660624828,1.0,2,4.833525281166784e+111,4.596420904567698e+111
2020-03-11,-0.011232148709712897,0.0,-0.011232148709712897,1.0,2,4.7792344064165615e+111,4.5447932214351605e+111
2020-03-12,-0.03068746677006673,0.0,-0.03068746677006673,1.0,2,4.6325718093832937e+111,4.4053250304755446e+111
2020-03-13,0.05255616579392436,0.0,0.05255616579392436,1.0,2,4.876042021449503e+111,4.6368520231533424e+111
2020-03-16,-0.0339715690595776,0.0,-0.0339715690595776,1.0,2,4.710395223180428e+111,4.479330884429746e+111
2020-03-17,0.039441230425377616,0.0,0.039441230425377616,1.0,2,4.896179006572485e+111,4.65600120599405e+111
2020-03-18,-0.0094482287647642,0.0,-0.0094482287647642,1.0,2,4.849918787245152e+111,4.6120102414708005e+111
2020-03-19,0.018245937912522103,0.0,0.018245937912522103,1.0,2,4.938410104318001e+111,4.696160693988593e+111
2020-03-20,0.009151468657628559,0.0,0.009151468657628559,1.0,2,4.983603809606184e+111,4.739137461390817e+111
2020-03-23,0.019500639764870986,0.0,0.019500639764870986,1.0,2,5.080787272228153e+111,4.831553673821605e+111
2020-03-24,0.04809457584121385,0.0,0.04809457584121385,1.0,2,5.325145581025404e+111,5.063925198418113e+111
2020-03-25,0.010464942761215457,0.0,0.010464942761215457,1.0,2,5.380872924725975e+111,5.116918885766636e+111
2020-03-26,0.04066199701586409,0.0,0.04066199701586409,1.0,2,5.599669963533927e+111,5.324983026230098e+111
2020-03-27,6.625245271346669e-05,0.0,6.625245271346669e-05,1.0,2,5.600040955403397e+111,5.325335819416244e+111
2020-03-30,0.0334183809732021,0.0,0.0334183809732021,1.0,2,5.787185257516602e+111,5.503299920639734e+111
2020-03-31,0.010416448834557612,0.0,0.010416448834557612,1.0,2,5.847467176647631e+111,5.560624762684303e+111
2020-04-01,-0.061631517194932595,0.0005,-0.062131517194932595,0.5,2,5.487078902803268e+111,5.215134709627016e+111
2020-04-02,0.028576878969216846,0.0,0.028576878969216846,0.5,2,5.64388249250322e+111,5.36416698303219e+111
2020-04-03,0.02840040329628435,0.0,0.02840040329628435,0.5,2,5.80417103144715e+111,5.516511488698917e+111
2020-04-06,0.025632448942299157,0.0,0.025632448942299157,0.5,2,5.952946149063092e+111,5.6579131877726e+111
2020-04-07,0.024941557872839082,0.0,0.024941557872839082,0.5,2,6.101421899953844e+111,5.79903035698493e+111
2020-04-08,0.02721639014680044,0.0,0.02721639014680044,0.5,2,6.267480578833219e+111,5.95685902965377e+111
2020-04-09,0.02875855747985051,0.0,0.02875855747985051,0.5,2,6.447724279313442e+111,6.128169702457435e+111
2020-04-13,0.0270406706798364,0.0,0.0270406706798364,0.5,2,6.622075068184742e+111,6.293879521251739e+111
2020-04-14,0.028769569207094392,0.0,0.028769569207094392,0.5,2,6.812589315153458e+111,6.474951723719505e+111
2020-04-15,0.03262191720103591,0.0,0.03262191720103591,0.5,2,7.034829039717055e+111,6.686177062731387e+111
2020-04-16,0.028643160915754418,0.0,0.028643160915754418,0.5,2,7.236328779916493e+111,6.877690308250429e+111
2020-04-17,0.02687281051466106,0.0,0.02687281051466106,0.5,2,7.430789272040978e+111,7.062513176682564e+111
2020-04-20,0.029387499904454883,0.0,0.029387499904454883,0.5,2,7.649161591063108e+111,7.270062781987535e+111
2020-04-21,0.029895159245099057,0.0,0.029895159245099057,0.5,2,7.877834494919435e+111,7.48740246657692e+111
2020-04-22,0.026339929717145327,0.0,0.026339929717145327,0.5,2,8.085336101838916e+111,7.684620121310537e+111
2020-04-23,0.028277176035378604,0.0,0.028277176035378604,0.5,2,8.313966574095817e+111,7.901919477245847e+111
2020-04-24,0.027783025368437186,0.0,0.027783025368437186,0.5,2,8.544953718336261e+111,8.121458706541517e+111
2020-04-27,0.025359196987316146,0.0,0.025359196987316146,0.5,2,8.761646882927049e+111,8.327412377705057e+111
2020-04-28,0.03023070630236746,0.0,0.03023070630236746,0.5,2,9.02651765656987e+111,8.579155935554159e+111
2020-04-29,0.027788265015218083,0.0,0.027788265015218083,0.5,2,9.27734892137518e+111,8.81755579429822e+111
2020-04-30,0.027208337204219946,0.0,0.027208337204219946,0.5,2,9.529770159189163e+111,9.057466825666509e+111
2020-05-01,0.08717111511758152,0.0005,0.08667111511758152,1.0,2,1.0360490850779935e+112,9.842487575587528e+111
2020-05-04,0.018706564054966568,0.0,0.018706564054966568,1.0,2,1.0554300036520946e+112,1.002660669988047e+112
2020-05-05,0.018371579728631182,0.0,0.018371579728631182,1.0,2,1.0748199201121786e+112,1.0210811304274952e+112
2020-05-06,0.01405630500786792,0.0,0.01405630500786792,1.0,2,1.0899279167378076e+112,1.0354337582345626e+112
2020-05-07,0.022639239597666783,0.0,0.022639239597666783,1.0,2,1.1146030559890208e+112,1.0588751911747476e+112
2020-05-08,0.01828083979613132,0.0,0.01828083979613132,1.0,2,1.1349789358918345e+112,1.0782323189087112e+112
2020-05-11,0.016134438282826735,0.0,0.016134438282826735,1.0,2,1.1532911834852896e+112,1.095628991712693e+112
2020-05-12,0.00457791560710874,0.0,0.00457791560710874,1.0,2,1.1585708531937078e+112,1.1006446887734552e+112
2020-05-13,0.008358343674448598,0.0,0.008358343674448598,1.0,2,1.1682545865559e+112,1.1098442553456803e+112
2020-05-14,0.01946192850864259,0.0,0.01946192850864259,1.0,2,1.1909910737993447e+112,1.1314439648989455e+112
2020-05-15,0.015933536090102396,0.0,0.015933536090102396,1.0,2,1.2099677730567166e+112,1.1494718681475916e+112
2020-05-18,0.019649506391662297,0.0,0.019649506391662297,1.0,2,1.2337430425470998e+112,1.1720584229677937e+112
2020-05-19,0.013211165981061979,0.0,0.013211165981061979,1.0,2,1.25004222666017e+112,1.1875426813331227e+112
2020-05-20,0.02310487010117168,0.0,0.02310487010117168,1.0,2,1.2789242899281324e+112,1.2149807007249214e+112
2020-05-21,0.00841093224623829,0.0,0.00841093224623829,1.0,2,1.2896812354787863e+112,1.2251998210792058e+112
2020-05-22,0.015706318509895234,0.0,0.015706318509895234,1.0,2,1.3099373797394512e+112,1.2444431997073424e+112
2020-05-26,0.011022136264694449,0.0,0.011022136264694449,1.0,2,1.3243756880371563e+112,1.2581596222281892e+112
2020-05-27,0.01605986687292338,0.0,0.01605986687292338,1.0,2,1.3456449852767695e+112,1.2783654982660616e+112
2020-05-28,0.011741458610172839,0.0,0.011741458610172839,1.0,2,1.361444820175383e+112,1.2933753738526253e+112
2020-05-29,0.021965530100104103,0.0,0.021965530100104103,1.0,2,1.3913496773525761e+112,1.3217850495577184e+112
2020-06-01,0.013955184638630436,0.0,0.013955184638630436,1.0,2,1.41076621899693e+112,1.3402308039768775e+112
2020-06-02,0.015473850758399077,0.0,0.015473850758399077,1.0,2,1.4325962049246795e+112,1.360969335419425e+112
2020-06-03,0.012268287483740536,0.0,0.012268287483740536,1.0,2,1.4501717070148112e+112,1.3776660984829057e+112
2020-06-04,0.007670579164889613,0.0,0.007670579164889613,1.0,2,1.4612953638961515e+112,1.3882335953541036e+112
2020-06-05,0.0196316956268644,0.0,0.0196316956268644,1.0,2,1.4899830697011089e+112,1.4154869747570832e+112
2020-06-08,0.017114017000365578,0.0,0.017114017000365578,1.0,2,1.5154826652862306e+112,1.4397116429068721e+112
2020-06-09,0.018592603434078203,0.0,0.018592603434078203,1.0,2,1.5436594334931174e+112,1.4664796305428648e+112
2020-06-10,0.022647198220360543,0.0,0.022647198220360543,1.0,2,1.5786189946681657e+112,1.4996912854218904e+112
2020-06-11,-0.009599245993604344,0.0,-0.009599245993604344,1.0,2,1.5634654426081696e+112,1.485295379858661e+112
2020-06-12,0.016576732337512667,0.0,0.016576732337512667,1.0,2,1.5893825907692358e+112,1.509916723812722e+112
2020-06-15,0.018597063781888912,0.0,0.018597063781888912,1.0,2,1.618940440183595e+112,1.5379967414308078e+112
2020-06-16,0.020673419362440715,0.0,0.020673419362440715,1.0,2,1.6524094748263248e+112,1.5697923930444743e+112
2020-06-17,0.015654320123538124,0.0,0.015654320123538124,1.0,2,1.6782768217204236e+112,1.5943664256926875e+112
2020-06-18,0.015636002808585348,0.0,0.015636002808585348,1.0,2,1.7045183628184278e+112,1.6192959436027327e+112
2020-06-19,0.013180523159956825,0.0,0.013180523159956825,1.0,2,1.726984806576128e+112,1.6406391112902127e+112
2020-06-22,0.018547125079870663,0.0,0.018547125079870663,1.0,2,1.759015409794732e+112,1.6710682500982404e+112
2020-06-23,0.0170361676226376,0.0,0.0170361676226376,1.0,2,1.7889822911667976e+112,1.6995368489157816e+112
2020-06-24,0.0035829869573275053,0.0,0.0035829869573275053,1.0,2,1.7953921913829382e+112,1.7056262672789445e+112
2020-06-25,0.017913258578423075,0.0,0.017913258578423075,1.0,2,1.8275535159568626e+112,1.736179591642863e+112
2020-06-26,0.0029071991172720524,0.0,0.0029071991172720524,1.0,2,1.8328665779252198e+112,1.7412270114191126e+112
2020-06-29,0.01860684404310997,0.0,0.01860684404310997,1.0,2,1.866970440492503e+112,1.7736257508642385e+112
2020-06-30,0.02177013854918375,0.0,0.02177013854918375,1.0,2,1.9076146456492553e+112,1.812237829194953e+112
2020-07-01,0.01753622897998558,0.0,0.01753622897998558,1.0,2,1.941067012880935e+112,1.8440176467339077e+112
2020-07-02,0.016856769508483027,0.0,0.016856769508483027,1.0,2,1.9737871321175885e+112,1.8751018271744764e+112
2020-07-06,0.024073237453045515,0.0,0.024073237453045515,1.0,2,2.0213025784308207e+112,1.920241598708687e+112
2020-07-07,0.010976810631349143,0.0,0.010976810631349143,1.0,2,2.0434900340629133e+112,1.9413197271041512e+112
2020-07-08,0.01844572740457706,0.0,0.01844572740457706,1.0,2,2.0811836941852077e+112,1.9771287815954423e+112
2020-07-09,0.0185912272112283,0.0,0.0185912272112283,1.0,2,2.1198754531121084e+112,2.0138860319999424e+112
2020-07-10,0.015452183871159875,0.0,0.015452183871159875,1.0,2,2.152632158397555e+112,2.045004969261966e+112
2020-07-13,0.00369097148517461,0.0,0.00369097148517461,1.0,2,2.1605774623122703e+112,2.0525530242905527e+112
2020-07-14,0.016186806899920803,0.0,0.016186806899920803,1.0,2,2.1955503124870404e+112,2.0857773037465927e+112
2020-07-15,0.013668901488648855,0.0,0.013668901488648855,1.0,2,2.2255610734217977e+112,2.1142875882387644e+112
2020-07-16,0.009765012338539047,0.0,0.009765012338539047,1.0,2,2.247293704763934e+112,2.134933632625136e+112
2020-07-17,0.013449608405754265,0.0,0.013449608405754265,1.0,2,2.2775189250657256e+112,2.1636476539562185e+112
2020-07-20,0.027119007881839463,0.0,0.027119007881839463,1.0,2,2.339282978745622e+112,2.2223236317373807e+112
2020-07-21,0.00859552102125205,0.0,0.00859552102125205,1.0,2,2.359390334764087e+112,2.2414256612300046e+112
2020-07-22,0.01495513847152452,0.0,0.01495513847152452,1.0,2,2.3946753439288605e+112,2.2749464923673278e+112
2020-07-23,0.0007739174292319406,0.0,0.0007739174292319406,1.0,2,2.3965286249148787e+112,2.2767071131083405e+112
2020-07-24,0.007447374393173056,0.0,0.007447374393173056,1.0,2,2.4143764708285763e+112,2.2936626033632586e+112
2020-07-27,0.02113418994219346,0.0,0.02113418994219346,1.0,2,2.46540236175503e+112,2.3421373044860436e+112
2020-07-28,0.007793162685721444,0.0,0.007793162685721444,1.0,2,2.484615643445949e+112,2.3603899615322008e+112
2020-07-29,0.01919202372009632,0.0,0.01919202372009632,1.0,2,2.5323004458102863e+112,2.4056906216626044e+112
2020-07-30,0.01595280516355907,0.0,0.01595280516355907,1.0,2,2.5726977414378916e+112,2.444068135433789e+112
2020-07-31,0.022046749655288134,0.0,0.022046749655288134,1.0,2,2.629417364482098e+112,2.4979518937561646e+112
2020-08-03,0.09234000491085492,0.0005,0.09184000491085492,1.0,2,2.8722177768310624e+112,2.7273638079458103e+112
2020-08-04,0.012957995688221924,0.0,0.012957995688221924,1.0,2,2.909435962398874e+112,2.7627049764093847e+112
2020-08-05,0.006494391633365182,0.0,0.006494391633365182,1.0,2,2.9283309789708894e+112,2.7806470644936343e+112
2020-08-06,0.013596441053686625,0.0,0.013596441053686625,1.0,2,2.9681458585121517e+112,2.8184539683971287e+112
2020-08-07,-0.013044573639713897,0.0,-0.013044573639713897,1.0,2,2.929427661287378e+112,2.7816884380562283e+112
2020-08-10,-0.003163395684982251,0.0,-0.003163395684982251,1.0,2,2.920160722464194e+112,2.772888856854316e+112
2020-08-11,-0.03594023003168423,0.0,-0.03594023003168423,1.0,2,2.815209474369342e+112,2.6732305934866783e+112
2020-08-12,0.010766199151805322,0.0,0.010766199151805322,1.0,2,2.8455185802244515e+112,2.7020111264348545e+112
2020-08-13,0.013530036371858734,0.0,0.013530036371858734,1.0,2,2.884018550111688e+112,2.738569435252685e+112
2020-08-14,-0.0020518311026102576,0.0,-0.0020518311026102576,1.0,2,2.8781010311500634e+112,2.7329503533087756e+112
2020-08-17,0.017190484420589958,0.0,0.017190484420589958,1.0,2,2.927576982086932e+112,2.7799310937795758e+112
2020-08-18,0.009903007881399861,0.0,0.009903007881399861,1.0,2,2.9565688000139443e+112,2.807460773311024e+112
2020-08-19,-0.01852283287402534,0.0,-0.01852283287402534,1.0,2,2.9018047702507284e+112,2.755458646606602e+112
2020-08-20,0.010703588714751244,0.0,0.010703588714751244,1.0,2,2.9328644950419954e+112,2.784951942680384e+112
2020-08-21,-5.211778028735292e-05,0.0,-5.211778028735292e-05,1.0,2,2.9327116406546303e+112,2.7848067971669247e+112
2020-08-24,0.0012405327570798597,0.0,0.0012405327570798597,1.0,2,2.936349765511932e+112,2.788261441220949e+112
2020-08-25,0.004909200098818456,0.0,0.004909200098818456,1.0,2,2.9507648940709487e+112,2.8019495745637224e+112
2020-08-26,0.016963224549074007,0.0,0.016963224549074007,1.0,2,3.000819381560599e+112,2.8494796743722296e+112
2020-08-27,-0.0064825126519385545,0.0,-0.0064825126519385545,1.0,2,2.98136653195345e+112,2.83100788633167e+112
2020-08-28,0.011863670164914963,0.0,0.011863670164914963,1.0,2,3.0167364811292626e+112,2.8645940301293823e+112
2020-08-31,0.005716704709040676,0.0,0.005716704709040676,1.0,2,3.0339822727768692e+112,2.880970068310913e+112
2020-09-01,0.009781707131274908,0.0,0.009781707131274908,1.0,2,3.0636597988106522e+112,2.909150873773099e+112
2020-09-02,-0.0010350041952773559,0.0,-0.0010350041952773559,1.0,2,3.060488898065981e+112,2.906139890414049e+112
2020-09-03,-0.028764435089341234,0.0,-0.028764435089341234,1.0,2,2.9724556638159125e+112,2.822546418175689e+112
2020-09-04,-0.004713959030393955,0.0,-0.004713959030393955,1.0,2,2.958443629597022e+112,2.8092410499990235e+112
2020-09-08,-0.02507578912347974,0.0,-0.02507578912347974,1.0,2,2.884258321007545e+112,2.7387971138322252e+112
2020-09-09,0.02026069037861311,0.0,0.02026069037861311,1.0,2,2.9426953858214175e+112,2.794287034165419e+112
2020-09-10,-0.010090070683290375,0.0,-0.010090070683290375,1.0,2,2.913003381379087e+112,2.766092480481288e+112
2020-09-11,-0.00251861444664514,0.0,-0.00251861444664514,1.0,2,2.9056666489796194e+112,2.7591257599991915e+112
2020-09-14,0.01341435393923901,0.0,0.01341435393923901,1.0,2,2.944644289838475e+112,2.7961376495066925e+112
2020-09-15,0.006725348598423386,0.0,0.006725348598423386,1.0,2,2.9644480491859955e+112,2.814942649928801e+112
2020-09-16,-0.005553516550784954,0.0,-0.005553516550784954,1.0,2,2.947984937880899e+112,2.7993098193329108e+112
2020-09-17,-0.010427735791072257,0.0,-0.010427735791072257,1.0,2,2.9172441298326165e+112,2.770119356139553e+112
2020-09-18,-0.004693191910208061,0.0,-0.004693191910208061,1.0,2,2.9035529432823843e+112,2.7571186543870083e+112
2020-09-21,-0.008727570614955327,0.0,-0.008727570614955327,1.0,2,2.878211979935626e+112,2.733055706637035e+112
2020-09-22,0.007415783977909707,0.0,0.007415783977909707,1.0,2,2.8995561782214602e+112,2.7533234573570482e+112
2020-09-23,-0.025089297402154043,0.0,-0.025089297402154043,1.0,2,2.826808350931809e+112,2.6842445062910905e+112
2020-09-24,0.004420386626214912,0.0,0.004420386626214912,1.0,2,2.8393039367611404e+112,2.6961099048081903e+112
2020-09-25,0.010449001152538717,0.0,0.010449001152538717,1.0,2,2.8689718268687653e+112,2.724281560310902e+112
2020-09-28,0.016249634992610063,0.0,0.016249634992610063,1.0,2,2.9155915718594644e+112,2.768550141283052e+112
2020-09-29,0.002539765472222566,0.0,0.002539765472222566,1.0,2,2.9229964906647763e+112,2.77558160934e+112
2020-09-30,0.0009095094347421062,0.0,0.0009095094347421062,1.0,2,2.9256549835507537e+112,2.778106027000591e+112
2020-10-01,-0.057292315245598024,0.0005,-0.057792315245598025,1.0,2,2.758037435933309e+112,2.6175528477024767e+112
2020-10-02,-0.002193947680551811,0.0,-0.002193947680551811,1.0,2,2.7519864460978683e+112,2.611810073703538e+112
2020-10-05,0.019873845056709416,0.0,0.019873845056709416,1.0,2,2.806678998325782e+112,2.6637167824258754e+112
2020-10-06,0.004815544472283606,0.0,0.004815544472283606,1.0,2,2.820194685861644e+112,2.6765440290532152e+112
2020-10-07,0.019644819175678396,0.0,0.019644819175678396,1.0,2,2.875596900505605e+112,2.7291242525197073e+112
2020-10-08,0.01636302176277299,0.0,0.01636302176277299,1.0,2,2.9226503551695407e+112,2.773780972056999e+112
2020-10-09,0.019736887072682896,0.0,0.019736887072682896,1.0,2,2.9803343751824583e+112,2.8285267738668444e+112
2020-10-12,0.02842184040125889,0.0,0.02842184040125889,1.0,2,3.0650409631362796e+112,2.9089187104043752e+112
2020-10-13,0.013853429655592275,0.0,0.013853429655592275,1.0,2,3.107502292510597e+112,2.9492172111327986e+112
2020-10-14,0.00882006406588498,0.0,0.00882006406588498,1.0,2,3.1349106618154255e+112,2.975229495879201e+112
2020-10-15,0.008491844393208214,0.0,0.008491844393208214,1.0,2,3.1615318353421717e+112,3.0004946817922905e+112
2020-10-16,0.009850825093165483,0.0,0.009850825093165483,1.0,2,3.192675532478602e+112,3.0300520300955996e+112
2020-10-19,0.003936414466183258,0.0,0.003936414466183258,1.0,2,3.20524322663048e+112,3.041979570740156e+112
2020-10-20,0.01253177851108117,0.0,0.01253177851108117,1.0,2,3.2454106248207567e+112,3.0801009849559057e+112
2020-10-21,0.011412128293245727,0.0,0.011412128293245727,1.0,2,3.282447667235474e+112,3.115251492552375e+112
2020-10-22,0.010983731087570725,0.0,0.010983731087570725,1.0,2,3.318501189721412e+112,3.149468577216724e+112
2020-10-23,0.014117562019847651,0.0,0.014117562019847651,1.0,2,3.3653503360802425e+112,3.1939313951851423e+112
2020-10-26,0.006430677920765238,0.0,0.006430677920765238,1.0,2,3.3869918201821133e+112,3.2144705392885983e+112
2020-10-27,0.017581805180548193,0.0,0.017581805180548193,1.0,2,3.446541250512666e+112,3.2709867340689827e+112
2020-10-28,-0.006873079164933016,0.0,-0.006873079164933016,1.0,2,3.422852899652685e+112,3.2485049832982813e+112
2020-10-29,0.019246033306497212,0.0,0.019246033306497212,1.0,2,3.4887292405626413e+112,3.311025818403162e+112
2020-10-30,-0.0015117026696990221,0.0,-0.0015117026696990221,1.0,2,3.4834553192558257e+112,3.3060205318340393e+112
2020-11-02,0.010345119546984027,0.0005,0.009845119546984027,1.0,2,3.519492080970104e+112,3.338568699194729e+112
2020-11-03,0.02444018857560959,0.0,0.02444018857560959,1.0,2,3.605509131119378e+112,3.420163947775676e+112
2020-11-04,0.05331829666201493,0.0,0.05331829666201493,1.0,2,3.7977487365900045e+112,3.6025212637759075e+112
2020-11-05,0.037936231553166,0.0,0.037936231553166,1.0,2,3.941821012042026e+112,3.739187344613714e+112
2020-11-06,0.016372306795222225,0.0,0.016372306795222225,1.0,2,4.0063577149830315e+112,3.800406466984542e+112
2020-11-09,0.01452732351784003,0.0,0.01452732351784003,1.0,2,4.064559369636784e+112,3.855616201229718e+112
2020-11-10,8.703863793962929e-05,0.0,8.703863793962929e-05,1.0,2,4.064913143348142e+112,3.855951788812291e+112
2020-11-11,0.027035964937765056,0.0,0.027035964937765056,1.0,2,4.174811992566762e+112,3.960201166176332e+112
2020-11-12,0.009915622223234888,0.0,0.009915622223234888,1.0,2,4.216207851138084e+112,3.9994690248681505e+112
2020-11-13,0.026368631038003854,0.0,0.026368631038003854,1.0,2,4.327383480344279e+112,4.104929547932824e+112
2020-11-16,0.025295099054373105,0.0,0.025295099054373105,1.0,2,4.436845074125845e+112,4.2087641474590075e+112
2020-11-17,0.011896670657874198,0.0,0.011896670657874198,1.0,2,4.489628758732732e+112,4.258834428397996e+112
2020-11-18,0.010570435760148822,0.0,0.010570435760148822,1.0,2,4.537086091113833e+112,4.303852164136488e+112
2020-11-19,0.01909819108576094,0.0,0.01909819108576094,1.0,2,4.623736228254473e+112,4.386047955172033e+112
2020-11-20,0.015085606339793611,0.0,0.015085606339793611,1.0,2,4.6934880928129615e+112,4.452214148011214e+112
2020-11-23,0.0164085655344392,0.0,0.0164085655344392,1.0,2,4.770501499768993e+112,4.525268595632213e+112
2020-11-24,0.028669903295763466,0.0,0.028669903295763466,1.0,2,4.907271316439664e+112,4.655007608656344e+112
2020-11-25,0.014326268758660332,0.0,0.014326268758660332,1.0,2,4.9775742041906435e+112,4.721696498731563e+112
2020-11-27,0.024562257325890846,0.0,0.024562257325890846,1.0,2,5.09983466265269e+112,4.837672023148166e+112
2020-11-30,0.0031734035375681757,0.0,0.0031734035375681757,1.0,2,5.116018496012165e+112,4.853023908660019e+112
2020-12-01,0.03311221837316142,0.0,0.03311221837316142,1.0,2,5.285421217653253e+112,5.0137182960937424e+112
2020-12-02,0.014600888006366886,0.0,0.014600888006366886,1.0,2,5.362593060918683e+112,5.0869230354304796e+112
2020-12-03,0.021051342723623245,0.0,0.021051342723623245,1.0,2,5.475482845331405e+112,5.19400959565802e+112
2020-12-04,0.020443346987828737,0.0,0.020443346987828737,1.0,2,5.5874200410644185e+112,5.300192536080169e+112
2020-12-07,0.017315806886762097,0.0,0.017315806886762097,1.0,2,5.684170727490714e+112,5.391969646497591e+112
2020-12-08,0.017959797597074778,0.0,0.017959797597074778,1.0,2,5.7862572832636654e+112,5.4888083299982594e+112
2020-12-09,-0.0010901413722100295,0.0,-0.0010901413722100295,1.0,2,5.7799494448089285e+112,5.482824752953598e+112
2020-12-10,0.022040938537925436,0.0,0.022040938537925436,1.0,2,5.907344955274279e+112,5.603671356347664e+112
2020-12-11,0.00960549726668286,0.0,0.00960549726668286,1.0,2,5.964087941095518e+112,5.657497406244451e+112
2020-12-14,0.017382256970621623,0.0,0.017382256970621623,1.0,2,6.067757250283026e+112,5.755837479970417e+112
2020-12-15,0.024927196903936466,0.0,0.024927196903936466,1.0,2,6.219009430026119e+112,5.899314374180697e+112
2020-12-16,0.020176594017064786,0.0,0.020176594017064786,1.0,2,6.3444878584840545e+112,6.018342445287576e+112
2020-12-17,0.02268492853684767,0.0,0.02268492853684767,1.0,2,6.488412112156664e+112,6.154868113569202e+112
2020-12-18,0.011781846575585397,0.0,0.011781846575585397,1.0,2,6.564857588181264e+112,6.227383825376237e+112
2020-12-21,0.0036143479659606625,0.0,0.0036143479659606625,1.0,2,6.588585267851928e+112,6.249891757438742e+112
2020-12-22,0.011761388999551758,0.0,0.011761388999551758,1.0,2,6.666076182143851e+112,6.323399165603072e+112
2020-12-23,0.01748036479394205,0.0,0.01748036479394205,1.0,2,6.782601625551935e+112,6.4339344897555234e+112
2020-12-24,0.013045785701813417,0.0,0.013045785701813417,1.0,2,6.871085992859656e+112,6.51787022032838e+112
2020-12-28,0.020396309916370092,0.0,0.020396309916370092,1.0,2,7.011230792232052e+112,6.650810721336878e+112
2020-12-29,0.01986719794142866,0.0,0.01986719794142866,1.0,2,7.150524302194366e+112,6.782943694408653e+112
2020-12-30,0.021666642917898493,0.0,0.021666642917898493,1.0,2,7.305452158925766e+112,6.929907313367616e+112
2020-12-31,0.014644894663895625,0.0,0.014644894663895625,1.0,2,7.412439736265362e+112,7.031395076002444e+112
2021-01-04,0.0116775681981659,0.0,0.0116775681981659,1.0,2,7.4989990068003965e+112,7.113504671530711e+112
2021-01-05,0.0288260812224444,0.0,0.0288260812224444,1.0,2,7.715165761257454e+112,7.3185591349684924e+112
2021-01-06,0.0013800028970032407,0.0,0.0013800028970032407,1.0,2,7.72581271235885e+112,7.328658767776639e+112
2021-01-07,0.029828005748006314,0.0,0.029828005748006314,1.0,2,7.95625829835111e+112,7.547258043627057e+112
2021-01-08,0.03109275060158362,0.0,0.03109275060158362,1.0,2,8.203640253343521e+112,7.78192305570335e+112
2021-01-11,-0.0005503582497961568,0.0,-0.0005503582497961568,1.0,2,8.199125312251734e+112,7.777640210150365e+112
2021-01-12,0.019146585822136353,0.0,0.019146585822136353,1.0,2,8.356110568709212e+112,7.926555465927706e+112
2021-01-13,0.01906422252783002,0.0,0.01906422252783002,1.0,2,8.515413320058238e+112,8.07766908320934e+112
2021-01-14,0.01723847533378664,0.0,0.01723847533378664,1.0,2,8.662206062533059e+112,8.216915782454736e+112
2021-01-15,0.0037535797795624215,0.0,0.0037535797795624215,1.0,2,8.694720344055787e+112,8.247758631386126e+112
2021-01-19,0.03245301046700866,0.0,0.03245301046700866,1.0,2,8.976890194389142e+112,8.51542322857986e+112
2021-01-20,0.03567458892270836,0.0,0.03567458892270836,1.0,2,9.297137061878266e+112,8.81920745176233e+112
2021-01-21,0.018239512805060754,0.0,0.018239512805060754,1.0,2,9.4667123123688e+112,8.980065499009236e+112
2021-01-22,0.007407877251928541,0.0,0.007407877251928541,1.0,2,9.536840555158148e+112,9.046588721940175e+112
2021-01-25,0.02171829068665032,0.0,0.02171829068665032,1.0,2,9.743964430567307e+112,9.243065165525844e+112
2021-01-26,0.010804202887867154,0.0,0.010804202887867154,1.0,2,9.849240199207318e+112,9.342929116879963e+112
2021-01-27,-0.014053468706758276,0.0,-0.014053468706758276,1.0,2,9.710824210282411e+112,9.21162855490643e+112
2021-01-28,0.018107471269361297,0.0,0.018107471269361297,1.0,2,9.886662680671918e+112,9.378427854308426e+112
2021-01-29,-0.007998386630538812,0.0,-0.007998386630538812,1.0,2,9.807585330066185e+112,9.303415562343052e+112
2021-02-01,0.023338125239678875,0.0005,0.022838125239678875,1.0,2,1.0036475984798107e+113,9.51588813211262e+112
2021-02-02,0.03212382451046747,0.0,0.03212382451046747,1.0,2,1.035888597803728e+113,9.821574852529845e+112
2021-02-03,0.01919638006257518,0.0,0.01919638006257518,1.0,2,1.0557739090296566e+113,1.0010113536212039e+113
2021-02-04,0.02589382220776909,0.0,0.02589382220776909,1.0,2,1.083111930921672e+113,1.0269313636398297e+113
2021-02-05,0.026306227189299924,0.0,0.026306227189299924,1.0,2,1.1116045194479388e+113,1.0539460533995567e+113
2021-02-08,0.030276971371456296,0.0,0.030276971371456296,1.0,2,1.1452605376596456e+113,1.0858563478853944e+113
2021-02-09,0.02251429245349662,0.0,0.02251429245349662,1.0,2,1.1710452683399638e+113,1.110303635264172e+113
2021-02-10,0.0151023931633954,0.0,0.0151023931633954,1.0,2,1.1887308543945678e+113,1.1270718772946785e+113
2021-02-11,0.02099626424701151,0.0,0.02099626424701151,1.0,2,1.213689761532012e+113,1.150736176255733e+113
2021-02-12,0.016823312738246166,0.0,0.016823312738246166,1.0,2,1.2341080439574725e+113,1.170095370828097e+113
2021-02-16,0.015276143381389773,0.0,0.015276143381389773,1.0,2,1.2529604553850932e+113,1.1879699154827673e+113
2021-02-17,0.012259598927422843,0.0,0.012259598927422843,1.0,2,1.2683212480400355e+113,1.2025339501844304e+113
2021-02-18,-0.00037884793352810364,0.0,-0.00037884793352810364,1.0,2,1.2678407471561658e+113,1.2020783726824058e+113
2021-02-19,0.028950945852215693,0.0,0.028950945852215693,1.0,2,1.3045459359763166e+113,1.2368796785600536e+113
2021-02-22,-0.0041845787969083115,0.0,-0.0041845787969083115,1.0,2,1.2990869607130372e+113,1.2317038580828243e+113
2021-02-23,0.012285611749259517,0.0,0.012285611749259517,1.0,2,1.3150470387408832e+113,1.246836093473295e+113
2021-02-24,0.021269709132627823,0.0,0.021269709132627823,1.0,2,1.3430177067506255e+113,1.273355934517534e+113
2021-02-25,-0.011358658260345933,0.0,-0.011358658260345933,1.0,2,1.3277628275820515e+113,1.2588923196135658e+113
2021-02-26,0.008093854001455514,0.0,0.008093854001455514,1.0,2,1.3385095460570603e+113,1.2690816102520717e+113
2021-03-01,0.04621126680460702,0.0005,0.04571126680460702,1.0,2,1.4003637678104166e+113,1.3270929383351245e+113
2021-03-02,0.006876195322813083,0.0,0.006876195322813083,1.0,2,1.4099929426008716e+113,1.3362182885906429e+113
2021-03-03,0.00843773742410392,0.0,0.00843773742410392,1.0,2,1.4218900928203772e+113,1.3474929476510561e+113
2021-03-04,-0.001236870544382207,0.0,-0.001236870544382207,1.0,2,1.4201313988472189e+113,1.3458262733153438e+113
2021-03-05,0.03197456167068008,0.0,0.03197456167068008,1.0,2,1.4655394778401286e+113,1.3888584784894868e+113
2021-03-08,0.016051487209630233,0.0,0.016051487209630233,1.0,2,1.4890635660238875e+113,1.4111517225929473e+113
2021-03-09,0.03458349781290504,0.0,0.03458349781290504,1.0,2,1.5405605926027515e+113,1.4599542851049177e+113
2021-03-10,0.027628196721474485,0.0,0.027628196721474485,1.0,2,1.5831235037165315e+113,1.500290189298156e+113
2021-03-11,0.03102423416778982,0.0,0.03102423416778982,1.0,2,1.632238698012365e+113,1.5468355434505796e+113
2021-03-12,0.019144624021782186,0.0,0.019144624021782186,1.0,2,1.663487294199615e+113,1.57644912835347e+113
2021-03-15,0.0188057816739039,0.0,0.0188057816739039,1.0,2,1.6947704730716458e+113,1.6060954864813012e+113
2021-03-16,0.00945701093186857,0.0,0.00945701093186857,1.0,2,1.7107979359624926e+113,1.6212843490545797e+113
2021-03-17,0.02108729088797545,0.0,0.02108729088797545,1.0,2,1.746874029688682e+113,1.655472843735216e+113
2021-03-18,-0.0033011881972569435,0.0,-0.0033011881972569435,1.0,2,1.741107269759779e+113,1.650007816322598e+113
2021-03-19,0.021226796514355273,0.0,0.021226796514355273,1.0,2,1.7780653994846347e+113,1.6850321964867734e+113
2021-03-22,0.012333355347452946,0.0,0.012333355347452946,1.0,2,1.7999949118874895e+113,1.705814297337944e+113
2021-03-23,-0.00990559789052331,0.0,-0.00990559789052331,1.0,2,1.782164886085344e+113,1.6889171868326086e+113
2021-03-24,0.003681110100105023,0.0,0.003681110100105023,1.0,2,1.7887252312475653e+113,1.6951342769472992e+113
2021-03-25,0.0285781102896302,0.0,0.0285781102896302,1.0,2,1.8398436181840025e+113,1.743578011269632e+113
2021-03-26,0.031093047702522858,0.0,0.031093047702522858,1.0,2,1.89704996356938e+113,1.7977911655471085e+113
2021-03-29,-0.0015236867672895893,0.0,-0.0015236867672895893,1.0,2,1.894159453643002e+113,1.795051894937814e+113
2021-03-30,0.022079010972307134,0.0,0.022079010972307134,1.0,2,1.9359806210032855e+113,1.834684865422007e+113
2021-03-31,0.020409110237657235,0.0,0.020409110237657235,1.0,2,1.9754922629153093e+113,1.8721291510917657e+113
2021-04-01,0.02832555261687275,0.0,0.02832555261687275,1.0,2,2.0314491729527422e+113,1.925158243866597e+113
2021-04-05,0.026494866932769368,0.0,0.026494866932769368,1.0,2,2.0852721484708093e+113,1.9761650553623665e+113
2021-04-06,0.008674232412105798,0.0,0.008674232412105798,1.0,2,2.1033602837291364e+113,1.9933067703372617e+113
2021-04-07,0.008624892744519053,0.0,0.008624892744519053,1.0,2,2.121501540579381e+113,2.0104988274383442e+113
2021-04-08,0.022864442004005336,0.0,0.022864442004005336,1.0,2,2.1700084895153664e+113,2.0564677612774292e+113
2021-04-09,0.01625263702239138,0.0,0.01625263702239138,1.0,2,2.2052768498309677e+113,2.089890785349721e+113
2021-04-12,0.010872204645648698,0.0,0.010872204645648698,1.0,2,2.2292530710426412e+113,2.1126125056550987e+113
2021-04-13,0.01741831869439081,0.0,0.01741831869439081,1.0,2,2.2680829114845114e+113,2.1494106635563548e+113
2021-04-14,0.02070144673708174,0.0,0.02070144673708174,1.0,2,2.3150355090718937e+113,2.1939065739240826e+113
2021-04-15,0.022183165284933415,0.0,0.022183165284933415,1.0,2,2.3663903244101255e+113,2.2425743660731424e+113
2021-04-16,0.019473388689951188,0.0,0.019473388689951188,1.0,2,2.4124719629895034e+113,2.2862448883698057e+113
2021-04-19,0.007899291337064573,0.0,0.007899291337064573,1.0,2,2.4315287818676575e+113,2.3043046028109134e+113
2021-04-20,-0.003135810572636899,0.0,-0.003135810572636899,1.0,2,2.423903968205806e+113,2.297078740074843e+113
2021-04-21,0.030320466479592467,0.0,0.030320466479592467,1.0,2,2.4973978672235412e+113,2.3667272390142667e+113
2021-04-22,0.0122228983740989,0.0,0.0122228983740989,1.0,2,2.5279233075543056e+113,2.3956555055359496e+113
2021-04-23,0.030194244717557717,0.0,0.030194244717557717,1.0,2,2.604252042529818e+113,2.4679905141290662e+113
2021-04-26,0.021340743578112997,0.0,0.021340743578112997,1.0,2,2.659828717582224e+113,2.5206592668443098e+113
2021-04-27,0.01426583325974179,0.0,0.01426583325974179,1.0,2,2.697773390566725e+113,2.556618571649734e+113
2021-04-28,0.017096539140659672,0.0,0.017096539140659672,1.0,2,2.7438959789311792e+113,2.600327901127681e+113
2021-04-29,0.015287498124567533,0.0,0.015287498124567533,1.0,2,2.7858432835630983e+113,2.6400804090394313e+113
2021-04-30,0.001461091789936808,0.0,0.001461091789936808,1.0,2,2.7899136563127632e+113,2.6439378088498522e+113
2021-05-03,0.02189225263332817,0.0005,0.021392252633328168,1.0,2,2.8509911509019347e+113,2.7004975944035763e+113
2021-05-04,0.005936312291480894,0.0,0.005936312291480894,1.0,2,2.867915524713937e+113,2.7165285914663486e+113
2021-05-05,0.022819813249044196,0.0,0.022819813249044196,1.0,2,2.9333608214019438e+113,2.7785192666093e+113
2021-05-06,0.023283346433482566,0.0,0.023283346433482566,1.0,2,3.00165927762105e+113,2.8432124932658698e+113
2021-05-07,0.024588389516798315,0.0,0.024588389516798315,1.0,2,3.075465245135908e+113,2.9131225095293187e+113
2021-05-10,0.009773418637561981,0.0,0.009773418637561981,1.0,2,3.1055230544818936e+113,2.941593675357454e+113
2021-05-11,0.0030568003920616316,0.0,0.0030568003920616316,1.0,2,3.115016018572391e+113,2.9505855400575726e+113
2021-05-12,-0.003511834357342647,0.0,-0.003511834357342647,1.0,2,3.104076598294696e+113,2.9402235723837202e+113
2021-05-13,0.024695614179132908,0.0,0.024695614179132908,1.0,2,3.180733676348657e+113,3.0128341993277e+113
2021-05-14,0.031685773184903954,0.0,0.031685773184903954,1.0,2,3.281517682179027e+113,3.10829818041132e+113
2021-05-17,0.012912327583125771,0.0,0.012912327583125771,1.0,2,3.323889713461142e+113,3.148433544742825e+113
2021-05-18,0.014686028001308582,0.0,0.014686028001308582,1.0,2,3.372704450866294e+113,3.194671527941177e+113
2021-05-19,0.008041828456244737,0.0,0.008041828456244737,1.0,2,3.3998271614937734e+113,3.220362528342929e+113
2021-05-20,0.027905696161678928,0.0,0.027905696161678928,1.0,2,3.4947017052646425e+113,3.310228986589323e+113
2021-05-21,0.016039152874127605,0.0,0.016039152874127605,1.0,2,3.550753760164857e+113,3.363322255353598e+113
2021-05-24,0.024110900694569615,0.0,0.024110900694569615,1.0,2,3.636365631467062e+113,3.4444149842562646e+113
2021-05-25,0.015548969614603003,0.0,0.015548969614603003,1.0,2,3.69290737017833e+113,3.497972088186548e+113
2021-05-26,0.016684251579380194,0.0,0.016684251579380194,1.0,2,3.754520765801732e+113,3.556333134523502e+113
2021-05-27,0.01737110312393514,0.0,0.01737110312393514,1.0,2,3.81974093320543e+113,3.618110564146378e+113
2021-05-28,0.01868356898866158,0.0,0.01868356898866158,1.0,2,3.891107326449788e+113,3.685709782480212e+113
2021-06-01,0.01975852242765913,0.0,0.01975852242765913,1.0,2,3.967989857827875e+113,3.75853396187919e+113
2021-06-02,0.018087181680173592,0.0,0.018087181680173592,1.0,2,4.039759611291494e+113,3.8265152484988016e+113
2021-06-03,0.0106431382867333,0.0,0.0106431382867333,1.0,2,4.0827553314796295e+113,3.867241379444868e+113
2021-06-04,0.025771275820389072,0.0,0.025771275820389072,1.0,2,4.1879731452343546e+113,3.966905123698563e+113
2021-06-07,0.01662610936744241,0.0,0.01662610936744241,1.0,2,4.257602844774933e+113,4.032859322135443e+113
2021-06-08,0.01601276702088955,0.0,0.01601276702088955,1.0,2,4.325778847195791e+113,4.0974365588888205e+113
2021-06-09,0.013530453060585923,0.0,0.013530453060585923,1.0,2,4.3843085948382494e+113,4.152876731917594e+113
2021-06-10,0.019866019397980106,0.0,0.019866019397980106,1.0,2,4.471407354430037e+113,4.2353778616312894e+113
2021-06-11,0.017676384347698304,0.0,0.017676384347698304,1.0,2,4.5504456694020674e+113,4.310244028571217e+113
2021-06-14,0.01751257635757253,0.0,0.01751257635757253,1.0,2,4.630135696648456e+113,4.385727506241341e+113
2021-06-15,0.015155858019810342,0.0,0.015155858019810342,1.0,2,4.700309375879316e+113,4.452196969639512e+113
2021-06-16,0.010760728884040172,0.0,0.010760728884040172,1.0,2,4.750888130744265e+113,4.5001058541681474e+113
2021-06-17,0.011522027941382407,0.0,0.011522027941382407,1.0,2,4.805627996533082e+113,4.551956199559051e+113
2021-06-18,-0.0020540071396485393,0.0,-0.0020540071396485393,1.0,2,4.7957572023177086e+113,4.542606449025789e+113
2021-06-21,0.02801117132245795,0.0,0.02801117132245795,1.0,2,4.930091978932742e+113,4.669850176519953e+113
2021-06-22,0.016791138992890198,0.0,0.016791138992890198,1.0,2,5.012873838598734e+113,4.748262279909872e+113
2021-06-23,0.011345162771537964,0.0,0.011345162771537964,1.0,2,5.069745708250821e+113,4.802132088357403e+113
2021-06-24,0.022228056960177434,0.0,0.022228056960177434,1.0,2,5.182436304627435e+113,4.908874153947707e+113
2021-06-25,0.018019710482269857,0.0,0.018019710482269857,1.0,2,5.275822306429626e+113,4.9973306449957425e+113
2021-06-28,0.01208815138043634,0.0,0.01208815138043634,1.0,2,5.33959724512603e+113,5.057739134330544e+113
2021-06-29,0.014741900854057244,0.0,0.014741900854057244,1.0,2,5.4183130583142754e+113,5.1322998231945306e+113
2021-06-30,0.010586442870204493,0.0,0.010586442870204493,1.0,2,5.475673719959003e+113,5.18663262206554e+113
2021-07-01,0.018255719617811028,0.0,0.018255719617811028,1.0,2,5.5756360841091905e+113,5.281318332974561e+113
2021-07-02,0.01984134938869858,0.0,0.01984134938869858,1.0,2,5.686264227718237e+113,5.3861068152520485e+113
2021-07-06,0.011017435384656604,0.0,0.011017435384656604,1.0,2,5.748912276427207e+113,5.4454478990639465e+113
2021-07-07,0.018129672502098848,0.0,0.018129672502098848,1.0,2,5.8531381732421286e+113,5.544172086101219e+113
2021-07-08,0.0009414839309186407,0.0,0.0009414839309186407,1.0,2,5.858648808777682e+113,5.54939183503053e+113
2021-07-09,0.028597104500457993,0.0,0.028597104500457993,1.0,2,6.0261892009937814e+113,5.7080883732508866e+113
2021-07-12,0.017556122600361157,0.0,0.017556122600361157,1.0,2,6.1319857174194e+113,5.808300272545375e+113
2021-07-13,0.009764857268559857,0.0,0.009764857268559857,1.0,2,6.191863682722848e+113,5.8650174956797174e+113
2021-07-14,0.017265526355240646,0.0,0.017265526355240646,1.0,2,6.298769468324957e+113,5.966280109825323e+113
2021-07-15,0.007812492100605695,0.0,0.007812492100605695,1.0,2,6.347978555039782e+113,6.012891626053335e+113
2021-07-16,0.0075751751556877855,0.0,0.0075751751556877855,1.0,2,6.396065604478758e+113,6.0584403333128576e+113
2021-07-19,-0.004307439505884525,0.0,-0.004307439505884525,1.0,2,6.368514938811796e+113,6.0323439680771015e+113
2021-07-20,0.024793203658374785,0.0,0.024793203658374785,1.0,2,6.52641082669116e+113,6.181905100615007e+113
2021-07-21,0.025332546125376665,0.0,0.025332546125376665,1.0,2,6.691741429991471e+113,6.338508496719037e+113
2021-07-22,0.016686081233716232,0.0,0.016686081233716232,1.0,2,6.803400371087333e+113,6.444273364395891e+113
2021-07-23,0.022938308303899868,0.0,0.022938308303899868,1.0,2,6.959458866314201e+113,6.592094093623015e+113
2021-07-26,0.01548925376404553,0.0,0.01548925376404553,1.0,2,7.067255690754977e+113,6.694200711875606e+113
2021-07-27,0.009848623360793729,0.0,0.009848623360793729,1.0,2,7.136858430247649e+113,6.760129373388426e+113
2021-07-28,0.016271735210258875,0.0,0.016271735210258875,1.0,2,7.252987500857742e+113,6.870128408539295e+113
2021-07-29,0.020909982010477224,0.0,0.020909982010477224,1.0,2,7.404647339022893e+113,7.013782669971521e+113
2021-07-30,0.008126968431679538,0.0,0.008126968431679538,1.0,2,7.464824674194853e+113,7.07078346031704e+113
2021-08-02,0.017013483384414718,0.0,0.017013483384414718,1.0,2,7.591827344756836e+113,7.191082117233938e+113
2021-08-03,0.021983084973416445,0.0,0.021983084973416445,1.0,2,7.758719130380131e+113,7.349164286467906e+113
2021-08-04,0.010770055461765626,0.0,0.010770055461765626,1.0,2,7.842280965726587e+113,7.428315193430793e+113
2021-08-05,0.020490342803626438,0.0,0.020490342803626438,1.0,2,8.00297199107668e+113,7.580523918197576e+113
2021-08-06,0.013111599444643796,0.0,0.013111599444643796,1.0,2,8.10790375419038e+113,7.679916711393524e+113
2021-08-09,0.013480986139850826,0.0,0.013480986139850826,1.0,2,8.217206292323865e+113,7.78344956213503e+113
2021-08-10,0.015883441029360568,0.0,0.015883441029360568,1.0,2,8.347723803894083e+113,7.907077524260204e+113
2021-08-11,0.019252218690154033,0.0,0.019252218690154033,1.0,2,8.508436008131656e+113,8.059306309957263e+113
2021-08-12,0.01440369373592082,0.0,0.01440369373592082,1.0,2,8.630988914564466e+113,8.175390089769862e+113
2021-08-13,0.017861551492444838,0.0,0.017861551492444838,1.0,2,8.785151767492681e+113,8.321415240829111e+113
2021-08-16,0.01162161337308909,0.0,0.01162161337308909,1.0,2,8.887249404758392e+113,8.418123511474958e+113
2021-08-17,0.004605767260136118,0.0,0.004605767260136118,1.0,2,8.928182007099492e+113,8.456895429135892e+113
2021-08-18,0.008087689613369031,0.0,0.008087689613369031,1.0,2,9.000390371984578e+113,8.525292174459462e+113
2021-08-19,0.007888368210415442,0.0,0.007888368210415442,1.0,2,9.07138876527627e+113,8.59254281823297e+113
2021-08-20,0.018923943902914853,0.0,0.018923943902914853,1.0,2,9.24305521739189e+113,8.755147616508607e+113
2021-08-23,0.024125990336861858,0.0,0.024125990336861858,1.0,2,9.466053078249767e+113,8.966374223302293e+113
2021-08-24,0.01756319890359509,0.0,0.01756319890359509,1.0,2,9.632307251295057e+113,9.12385243723022e+113
2021-08-25,0.015576644873772416,0.0,0.015576644873772416,1.0,2,9.782346280663544e+113,9.265971446525658e+113
2021-08-26,0.008277418455137853,0.0,0.008277418455137853,1.0,2,9.863318854301656e+113,9.342669769581908e+113
2021-08-27,0.023169349703702324,0.0,0.023169349703702324,1.0,2,1.009184553807609e+114,9.559133352639559e+113
2021-08-30,0.016377223897034554,0.0,0.016377223897034554,1.0,2,1.025712195198745e+114,9.715685419817347e+113
2021-08-31,0.013948223103178226,0.0,0.013948223103178226,1.0,2,1.0400190577370278e+114,9.851201967653255e+113
2021-09-01,0.03779364612641345,0.0005,0.03729364612641345,1.0,2,1.0793251699698671e+114,1.0218589207754743e+114
2021-09-02,0.014957440991973048,0.0,0.014957440991973048,1.0,2,1.0954691125108427e+114,1.0371433152850947e+114
2021-09-03,0.016225287604728855,0.0,0.016225287604728855,1.0,2,1.1132434139234281e+114,1.0539712638629174e+114
2021-09-07,0.012114583252289701,0.0,0.012114583252289701,1.0,2,1.1267298939414667e+114,1.0667396864845058e+114
2021-09-08,0.007092771189341873,0.0,0.007092771189341873,1.0,2,1.1347215312713849e+114,1.0743058269993306e+114
2021-09-09,0.01026641770160619,0.0,0.01026641770160619,1.0,2,1.1463710564864232e+114,1.0853350993585753e+114
2021-09-10,0.008846839200812695,0.0,0.008846839200812695,1.0,2,1.1565128168876245e+114,1.0949368844615988e+114
2021-09-13,0.017193819628604723,0.0,0.017193819628604723,1.0,2,1.1763976896593599e+114,1.113763031757738e+114
2021-09-14,0.00990034748620816,0.0,0.00990034748620816,1.0,2,1.1880444355689602e+114,1.1247896727894324e+114
2021-09-15,0.01783266255090693,0.0,0.01783266255090693,1.0,2,1.209230431083944e+114,1.1448476674650313e+114
2021-09-16,0.010697216086429984,0.0,0.010697216086429984,1.0,2,1.2221658303035359e+114,1.1570943503499502e+114
2021-09-17,0.0005784619246827494,0.0,0.0005784619246827494,1.0,2,1.2228728067020147e+114,1.157763685374893e+114
2021-09-20,-0.010108284236522491,0.0,-0.010108284236522491,1.0,2,1.2105116607867567e+114,1.1460606809643997e+114
2021-09-21,0.018093631048791803,0.0,0.018093631048791803,1.0,2,1.2324142121572926e+114,1.1667970800852967e+114
2021-09-22,0.019571944759811666,0.0,0.019571944759811666,1.0,2,1.2565349550388422e+114,1.1896335680826357e+114
2021-09-23,0.023116314673817973,0.0,0.023116314673817973,1.0,2,1.2855814124581718e+114,1.2171335119889708e+114
2021-09-24,0.006728205045091418,0.0,0.006728205045091418,1.0,2,1.2942310678033485e+114,1.2253226358248849e+114
2021-09-27,0.007430504592193299,0.0,0.007430504592193299,1.0,2,1.3038478576960203e+114,1.2344274012972999e+114
2021-09-28,-0.014181489287073745,0.0,-0.014181489287073745,1.0,2,1.2853573532701302e+114,1.216921382330132e+114
2021-09-29,0.010072600087539851,0.0,0.010072600087539851,1.0,2,1.2983042438591988e+114,1.2291789447523194e+114
2021-09-30,0.009267836361921078,0.0,0.009267836361921078,1.0,2,1.3103367151392733e+114,1.2405707740718026e+114
2021-10-01,0.016264180649659288,0.0,0.016264180649659288,1.0,2,1.3316482681861795e+114,1.260747641249994e+114
2021-10-04,-0.00288546770048409,0.0,-0.00288546770048409,1.0,2,1.3278058401199227e+114,1.2571097946527057e+114
2021-10-05,0.021161806326915944,0.0,0.021161806326915944,1.0,2,1.3559046101482884e+114,1.2837125086588152e+114
2021-10-06,0.009201039390949184,0.0,0.009201039390949184,1.0,2,1.3683803418766324e+114,1.2955239980176393e+114
2021-10-07,0.0209579772799508,0.0,0.0209579772799508,1.0,2,1.3970588259920142e+114,1.3226755605337242e+114
2021-10-08,0.009992736900974741,0.0,0.009992736900974741,1.0,2,1.4110192672753368e+114,1.3358927094154868e+114
2021-10-11,0.007005639274417719,0.0,0.007005639274417719,1.0,2,1.4209043592711212e+114,1.3452514918469763e+114
2021-10-12,0.010228122968465592,0.0,0.010228122968465592,1.0,2,1.435437543784175e+114,1.359010889529099e+114
2021-10-13,0.021707009732653937,0.0,0.021707009732653937,1.0,2,1.466596600517715e+114,1.3885109521348897e+114
2021-10-14,0.02716916777263889,0.0,0.02716916777263889,1.0,2,1.5064428096119627e+114,1.426235639147589e+114
2021-10-15,0.019326270194595874,0.0,0.019326270194595874,1.0,2,1.5355567303832298e+114,1.4537994544709177e+114
2021-10-18,0.014111398679765907,0.0,0.014111398679765907,1.0,2,1.5572255836010652e+114,1.4743145981733828e+114
2021-10-19,0.019405875152790963,0.0,0.019405875152790963,1.0,2,1.5874449088611596e+114,1.5029249632014726e+114
2021-10-20,0.012903220938781435,0.0,0.012903220938781435,1.0,2,1.607928061248339e+114,1.5223175360560712e+114
2021-10-21,0.011741584008902684,0.0,0.011741584008902684,1.0,2,1.6268076836597585e+114,1.5401919552938993e+114
2021-10-22,0.010277117893437715,0.0,0.010277117893437715,1.0,2,1.6435265780146802e+114,1.5560206895969792e+114
2021-10-25,0.01646729081865994,0.0,0.01646729081865994,1.0,2,1.670591008143045e+114,1.5816441348124243e+114
2021-10-26,0.015348307599391486,0.0,0.015348307599391486,1.0,2,1.6962317528088018e+114,1.6059196955062987e+114
2021-10-27,0.010638843281897015,0.0,0.010638843281897015,1.0,2,1.714277696596712e+114,1.6230048234701018e+114
2021-10-28,0.02252659330808482,0.0,0.02252659330808482,1.0,2,1.7528945330850667e+114,1.659565593065473e+114
2021-10-29,0.00961246697792456,0.0,0.00961246697792456,1.0,2,1.7697441739001314e+114,1.6755181125265146e+114
2021-11-01,0.00010951411969317704,0.0005,-0.000390485880306823,1.0,2,1.769937985875418e+114,1.6748638463613747e+114
2021-11-02,0.014120034420589955,0.0,0.014120034420589955,1.0,2,1.7949295711582887e+114,1.6985129815217993e+114
2021-11-03,0.01906017892120121,0.0,0.01906017892120121,1.0,2,1.8291412499355208e+114,1.7308869428495878e+114
2021-11-04,0.01529675337655445,0.0,0.01529675337655445,1.0,2,1.857121172526667e+114,1.7573638935370563e+114
2021-11-05,0.016437109358013513,0.0,0.016437109358013513,1.0,2,1.88764687633057e+114,1.7862498760369492e+114
2021-11-08,0.014448702477845743,0.0,0.014448702477845743,1.0,2,1.9149209244299054e+114,1.8120588690468958e+114
2021-11-09,0.011063980228766757,0.0,0.011063980228766757,1.0,2,1.9361075716774494e+114,1.8321074525473918e+114
2021-11-10,0.0033415632031118525,0.0,0.0033415632031118525,1.0,2,1.942577197496233e+114,1.8382295553949715e+114
2021-11-11,0.016177829799960852,0.0,0.016177829799960852,1.0,2,1.9740038807706122e+114,1.867968120275409e+114
2021-11-12,0.020807280145921037,0.0,0.020807280145921037,1.0,2,2.0150775325269418e+114,1.906835456257629e+114
2021-11-15,0.013495392568265652,0.0,0.013495392568265652,1.0,2,2.042271794883885e+114,1.932568949302914e+114
2021-11-16,0.014306415970317232,0.0,0.014306415970317232,1.0,2,2.0714893847059405e+114,1.9602170845829603e+114
2021-11-17,0.01096558634131739,0.0,0.01096558634131739,1.0,2,2.094204480409056e+114,1.9817120142716803e+114
2021-11-18,0.015539864063322695,0.0,0.015539864063322695,1.0,2,2.126748133355414e+114,2.0125075495861155e+114
2021-11-19,0.00857347406333997,0.0,0.00857347406333997,1.0,2,2.144981753315993e+114,2.0297617308647677e+114
2021-11-22,0.010180788462602675,0.0,0.010180788462602675,1.0,2,2.1668193588026457e+114,2.050426305676188e+114
2021-11-23,0.012971600176886033,0.0,0.012971600176886033,1.0,2,2.1949264731805703e+114,2.077023615905589e+114
2021-11-24,0.01043630842715848,0.0,0.01043630842715848,1.0,2,2.2178334028296177e+114,2.0987000749716717e+114
2021-11-26,-0.012726696783126712,0.0,-0.012726696783126712,1.0,2,2.1896077095963149e+114,2.0719905554787818e+114
2021-11-29,0.02340382508429889,0.0,0.02340382508429889,1.0,2,2.2408529054349394e+114,2.1204830600155266e+114
2021-11-30,-0.0006219738892319637,0.0,-0.0006219738892319637,1.0,2,2.2394591534381495e+114,2.1191641749196384e+114
2021-12-01,0.037682402302565865,0.001,0.036682402302565864,1.0,2,2.3238473541981697e+114,2.1969002077292256e+114
2021-12-02,0.013400263101390253,0.0,0.013400263101390253,1.0,2,2.354987520151895e+114,2.2263392485202964e+114
2021-12-03,0.0049518950423883545,0.0,0.0049518950423883545,1.0,2,2.3666491711778216e+114,2.2373638468077188e+114
2021-12-06,0.012506031681500163,0.0,0.012506031681500163,1.0,2,2.3962465606915676e+114,2.2653443899589393e+114
2021-12-07,0.023937232383951512,0.0,0.023937232383951512,1.0,2,2.4536060714640863e+114,2.3195704650510673e+114
2021-12-08,0.011544134593426791,0.0,0.011544134593426791,1.0,2,2.481930830192317e+114,2.3463478986985545e+114
2021-12-09,0.005138897040346202,0.0,0.005138897040346202,1.0,2,2.494685217189936e+114,2.3584055389707987e+114
2021-12-10,0.01695853842360301,0.0,0.01695853842360301,1.0,2,2.536991432300446e+114,2.3984006499218732e+114
2021-12-13,0.00635734921485126,0.0,0.00635734921485126,1.0,2,2.5531199727906655e+114,2.4136481204105525e+114
2021-12-14,0.004524568088522529,0.0,0.004524568088522529,1.0,2,2.5646717379457233e+114,2.424568835673084e+114
2021-12-15,0.02102652674556138,0.0,0.02102652674556138,1.0,2,2.6185978768372244e+114,2.475549097142819e+114
2021-12-16,-0.0001011633797961542,0.0,-0.0001011633797961542,1.0,2,2.618332970625676e+114,2.475298662229301e+114
2021-12-17,0.009586036875881054,0.0,0.009586036875881054,1.0,2,2.643432407035429e+114,2.49902696648425e+114
2021-12-20,0.005598721474463386,0.0,0.005598721474463386,1.0,2,2.6582322488189904e+114,2.513018322426768e+114
2021-12-21,0.019610129124386977,0.0,0.019610129124386977,1.0,2,2.71036052646094e+114,2.562298936221507e+114
2021-12-22,0.017326881574539876,0.0,0.017326881574539876,1.0,2,2.757322622327236e+114,2.6066955864479863e+114
2021-12-23,0.013471131120836644,0.0,0.013471131120836644,1.0,2,2.794466876915055e+114,2.6418107244851333e+114
2021-12-27,0.018991126363217536,0.0,0.018991126363217536,1.0,2,2.8475369504923745e+114,2.6919816857815333e+114
2021-12-28,0.0087618465494948,0.0,0.0087618465494948,1.0,2,2.872486632296605e+114,2.7155684162264015e+114
2021-12-29,0.008037357350480612,0.0,0.008037357350480612,1.0,2,2.895573833844851e+114,2.737394409997292e+114
2021-12-30,0.011034223197716242,0.0,0.011034223197716242,1.0,2,2.927524241812962e+114,2.767599430897383e+114
2021-12-31,0.007241514112508063,0.0,0.007241514112508063,1.0,2,2.9487239499247604e+114,2.787641041233996e+114
2022-01-03,-0.0013537733218259018,0.001,-0.002353773321825902,1.0,2,2.9447320461079234e+114,2.781079566120313e+114
2022-01-04,0.013493500649719381,0.0,0.013493500649719381,1.0,2,2.9844667898853305e+114,2.8186060650526786e+114
2022-01-05,-0.0012863766166690827,0.0,-0.0012863766166690827,1.0,2,2.9806276415935963e+114,2.8149802761189933e+114
2022-01-06,0.007685430963029427,0.0,0.007685430963029427,1.0,2,3.003535049559561e+114,2.8366146126933955e+114
2022-01-07,0.011009879350497354,0.0,0.011009879350497354,1.0,2,3.036603608080202e+114,2.867845397343008e+114
2022-01-10,0.004603441637204886,0.0,0.004603441637204886,1.0,2,3.050582435565325e+114,2.881047356254203e+114
2022-01-11,0.020729946114782127,0.0,0.020729946114782127,1.0,2,3.1138208450732944e+114,2.940771312703488e+114
2022-01-12,0.018270617110280163,0.0,0.018270617110280163,1.0,2,3.170712273483638e+114,2.9945010193667896e+114
2022-01-13,0.0022027618184920494,0.0,0.0022027618184920494,1.0,2,3.1776965974170916e+114,3.0010971918776867e+114
2022-01-14,0.009219866755388939,0.0,0.009219866755388939,1.0,2,3.2069945366343296e+114,3.028766908106771e+114
2022-01-18,-0.005826319410696945,0.0,-0.005826319410696945,1.0,2,3.188309562115538e+114,3.0111203446795923e+114
2022-01-19,0.007159863561582158,0.0,0.007159863561582158,1.0,2,3.211137423572373e+114,3.0326795555150024e+114
2022-01-20,0.00392008623262724,0.0,0.00392008623262724,1.0,2,3.223725359177593e+114,3.044567920888547e+114
2022-01-21,-0.004559514402612208,0.0,-0.004559514402612208,1.0,2,3.2090267369723565e+114,3.030686169603524e+114
2022-01-24,0.0049996533506207474,0.0,0.0049996533506207474,1.0,2,3.2250707582500915e+114,3.0458385498660624e+114
2022-01-25,0.0005553228849091707,0.0,0.0005553228849091707,1.0,2,3.226861713847599e+114,3.0475299737165417e+114
2022-01-26,0.010515206406537136,0.0,0.010515206406537136,1.0,2,3.260792830814058e+114,3.0795753804202796e+114
2022-01-27,0.006971697133572374,0.0,0.006971697133572374,1.0,2,3.283526090845818e+114,3.101045247272575e+114
2022-01-28,0.024281445145799607,0.0,0.024281445145799607,1.0,2,3.363254849505492e+114,3.1763431073388666e+114
2022-01-31,0.026570916106294307,0.0,0.026570916106294307,1.0,2,3.45261961195579e+114,3.260741453568774e+114
2022-02-01,0.0010931401728206391,0.0005,0.0005931401728206391,0.5,2,3.4563938091550874e+114,3.2626755303180677e+114
2022-02-02,0.022166460539658095,0.0,0.022166460539658095,0.5,2,3.533009826135242e+114,3.334997498714571e+114
2022-02-03,0.005331874803207015,0.0,0.005331874803207015,0.5,2,3.551847392206695e+114,3.3527792878467255e+114
2022-02-04,0.019481263403282767,0.0,0.019481263403282767,0.5,2,3.621041866822537e+114,3.4180956642863386e+114
2022-02-07,0.015937589077906156,0.0,0.015937589077906156,0.5,2,3.678752544129849e+114,3.4725718684127066e+114
2022-02-08,0.02111046670072858,0.0,0.02111046670072858,0.5,2,3.756412727212922e+114,3.5458794812067196e+114
2022-02-09,0.024785560840166976,0.0,0.024785560840166976,0.5,2,3.8495175234040355e+114,3.633766092820069e+114
2022-02-10,0.007969811056566745,0.0,0.007969811056566745,0.5,2,3.880197450724508e+114,3.6627265220036034e+114
2022-02-11,0.008010322847773754,0.0,0.008010322847773754,0.5,2,3.91127908501792e+114,3.6920661439479554e+114
2022-02-14,0.015786756567205296,0.0,0.015786756567205296,0.5,2,3.973025495799499e+114,3.7503518933924815e+114
2022-02-15,0.02551996830119635,0.0,0.02551996830119635,0.5,2,4.0744169805121474e+114,3.8460607548301895e+114
2022-02-16,0.017628122219702447,0.0,0.017628122219702447,0.5,2,4.146241301018647e+114,3.9138595838807374e+114
2022-02-17,0.006763236864148703,0.0,0.006763236864148703,0.5,2,4.174283313033352e+114,3.940329943299541e+114
2022-02-18,0.014281951517376046,0.0,0.014281951517376046,0.5,2,4.233900224929886e+114,3.99660554451221e+114
2022-02-22,0.011877468298551908,0.0,0.011877468298551908,0.5,2,4.2841882406307224e+114,4.0440751001689703e+114
2022-02-23,0.009536199467719386,0.0,0.009536199467719386,0.5,2,4.325043114250635e+114,4.082640206986619e+114
2022-02-24,0.02331332067783748,0.0,0.02331332067783748,0.5,2,4.425874231318633e+114,4.1778201073443313e+114
2022-02-25,0.02792265263800464,0.0,0.02792265263800464,0.5,2,4.549456380099239e+114,4.294475926985779e+114
2022-02-28,0.01537150419299893,0.0,0.01537150419299893,0.5,2,4.6193883679218003e+114,4.360488481704174e+114
2022-03-01,0.05213935114361523,0.0005,0.05163935114361523,0.5,2,4.8602402801056065e+114,4.5856612775685855e+114
2022-03-02,0.010177505459006753,0.0,0.010177505459006753,0.5,2,4.909705402088466e+114,4.6323318702541957e+114
2022-03-03,0.018467264925334126,0.0,0.018467264925334126,0.5,2,5.000374232454178e+114,4.7178783701242486e+114
2022-03-04,0.023417631947610484,0.0,0.023417631947610484,0.5,2,5.117471155830105e+114,4.8283599093694107e+114
2022-03-07,0.022863867107752567,0.0,0.022863867107752567,0.5,2,5.234476336264761e+114,4.938754888685633e+114
2022-03-08,0.02901164013824481,0.0,0.02901164013824481,0.5,2,5.386337080044633e+114,5.082036268247177e+114
2022-03-09,0.0005225978082336047,0.0,0.0005225978082336047,0.5,2,5.389151967997072e+114,5.084692129262327e+114
2022-03-10,0.017082305943730502,0.0,0.017082305943730502,0.5,2,5.481211110691655e+114,5.171550395844066e+114
2022-03-11,0.011957925108524337,0.0,0.011957925108524337,0.5,2,5.546755022657317e+114,5.233391408172527e+114
2022-03-14,0.007878013595054356,0.0,0.007878013595054356,0.5,2,5.590452434134246e+114,5.274620136834351e+114
2022-03-15,0.0060320564720967584,0.0,0.0060320564720967584,0.5,2,5.624174358921515e+114,5.306436943368595e+114
2022-03-16,0.01862382311789701,0.0,0.01862382311789701,0.5,2,5.728917987366281e+114,5.405263086388167e+114
2022-03-17,0.017903790662193275,0.0,0.017903790662193275,0.5,2,5.83148733573296e+114,5.502037785160941e+114
2022-03-18,0.011068142103154599,0.0,0.011068142103154599,0.5,2,5.896031066237599e+114,5.562935121224029e+114
2022-03-21,0.01925683833245273,0.0,0.01925683833245273,0.5,2,6.009569983283255e+114,5.670059663507363e+114
2022-03-22,0.011864063024698557,0.0,0.011864063024698557,0.5,2,6.080867900316264e+114,5.737329608709015e+114
2022-03-23,0.022292368548283592,0.0,0.022292368548283592,0.5,2,6.216424848643541e+114,5.865228274829336e+114
2022-03-24,0.019078536789890965,0.0,0.019078536789890965,0.5,2,6.335025138819979e+114,5.977128248251776e+114
2022-03-25,0.013376334438723048,0.0,0.013376334438723048,0.5,2,6.419764553754553e+114,6.05708031468353e+114
2022-03-28,0.006330339440137278,0.0,0.006330339440137278,0.5,2,6.46040384250558e+114,6.09542368909165e+114
2022-03-29,0.015805918050024792,0.0,0.015805918050024792,0.5,2,6.562516456210288e+114,6.191767456401612e+114
2022-03-30,0.019525611968583545,0.0,0.019525611968583545,0.5,2,6.690653606071695e+114,6.312665505155014e+114
2022-03-31,0.015649815015021773,0.0,0.015649815015021773,0.5,2,6.795361097336305e+114,6.411457552562398e+114
2022-04-01,0.06418388377981099,0.0005,0.06368388377981099,1.0,2,7.231513764249588e+114,6.819764070198974e+114
2022-04-04,0.008160348111119764,0.0,0.008160348111119764,1.0,2,7.290525433936218e+114,6.875415719047504e+114
2022-04-05,-0.0076240264160510884,0.0,-0.0076240264160510884,1.0,2,7.234942275440997e+114,6.822997367984154e+114
2022-04-06,-0.0024100183940146125,0.0,-0.0024100183940146125,1.0,2,7.21750593147755e+114,6.806553818824999e+114
2022-04-07,0.005826241595603521,0.0,0.005826241595603521,1.0,2,7.259556864752039e+114,6.846210445806951e+114
2022-04-08,0.003435226478175013,0.0,0.003435226478175013,1.0,2,7.284495086713652e+114,6.869728729205545e+114
2022-04-11,-0.004376831366751266,0.0,-0.004376831366751266,1.0,2,7.252612080127178e+114,6.839661085022485e+114
2022-04-12,0.004219243171017906,0.0,0.004219243171017906,1.0,2,7.283212614118297e+114,6.868519278347543e+114
2022-04-13,0.009437641422337717,0.0,0.009437641422337717,1.0,2,7.351948963172992e+114,6.933341900399001e+114
2022-04-14,-0.005824097184422894,0.0,-0.005824097184422894,1.0,2,7.309130497916556e+114,6.892961443358246e+114
2022-04-18,0.00332405210117237,0.0,0.00332405210117237,1.0,2,7.333426428505898e+114,6.915874006327341e+114
2022-04-19,0.0016909143753706668,0.0,0.0016909143753706668,1.0,2,7.345826624674582e+114,6.927568157102893e+114
2022-04-20,0.004026238979135233,0.0,0.004026238979135233,1.0,2,7.375402678164816e+114,6.955460202047636e+114
2022-04-21,-0.006567879839101121,0.0,-0.006567879839101121,1.0,2,7.326961919609645e+114,6.909777575214936e+114
2022-04-22,-0.016330762383298114,0.0,-0.016330762383298114,1.0,2,7.207307045509026e+114,6.79693563951266e+114
2022-04-25,-0.004876492733256077,0.0,-0.004876492733256077,1.0,2,7.172160665075256e+114,6.763790432258167e+114
2022-04-26,-0.011654075274018127,0.0,-0.011654075274018127,1.0,2,7.088575764807117e+114,6.684964709422946e+114
2022-04-27,-0.0006292401003040737,0.0,-0.0006292401003040737,1.0,2,7.084115348681856e+114,6.68075826155866e+114
2022-04-28,0.01691272419535561,0.0,0.01691272419535561,1.0,2,7.203927037742199e+114,6.793748083452246e+114
2022-04-29,-0.01650264131675533,0.0,-0.01650264131675533,1.0,2,7.085043213766264e+114,6.68163329563464e+114
2022-05-02,-0.05976615870280422,0.0005,-0.06026615870280422,0.5,2,6.661597396636083e+114,6.278956923045982e+114
2022-05-03,0.016702648259331154,0.0,0.016702648259331154,0.5,2,6.772863714797372e+114,6.383832131967111e+114
2022-05-04,0.02028454167569288,0.0,0.02028454167569288,0.5,2,6.910248151083968e+114,6.513325240898626e+114
2022-05-05,0.013601328483400343,0.0,0.013601328483400343,0.5,2,7.004236706088672e+114,6.601915117019312e+114
2022-05-06,0.0161891123500969,0.0,0.0161891123500969,0.5,2,7.117629081050215e+114,6.708794262574541e+114
2022-05-09,0.008095409389890784,0.0,0.008095409389890784,0.5,2,7.175249202346708e+114,6.763104698642633e+114
2022-05-10,0.011192735220287853,0.0,0.011192735220287853,0.5,2,7.255559866808157e+114,6.838802338801625e+114
2022-05-11,0.01945675065449448,0.0,0.01945675065449448,0.5,2,7.396729485995401e+114,6.971863210683062e+114
2022-05-12,0.00770558305625213,0.0,0.00770558305625213,0.5,2,7.453725599394369e+114,7.025585481709809e+114
2022-05-13,0.011339702446658939,0.0,0.011339702446658939,0.5,2,7.538248629810546e+114,7.105253530585966e+114
2022-05-16,0.020178220927653034,0.0,0.020178220927653034,0.5,2,7.690357076070441e+114,7.248624906073117e+114
2022-05-17,0.012299448639833066,0.0,0.012299448639833066,0.5,2,7.784944227949546e+114,7.337778995814778e+114
2022-05-18,0.015646988303098575,0.0,0.015646988303098575,0.5,2,7.906755159224547e+114,7.452593137933015e+114
2022-05-19,0.02277390679232677,0.0,0.02277390679232677,0.5,2,8.086822864250476e+114,7.622317799417435e+114
2022-05-20,0.015704705795133944,0.0,0.015704705795133944,0.5,2,8.213824038150891e+114,7.742024057934297e+114
2022-05-23,0.01777266564531138,0.0,0.01777266564531138,0.5,2,8.359805586450369e+114,7.87962046293392e+114
2022-05-24,0.019162568081181885,0.0,0.019162568081181885,0.5,2,8.520000930146168e+114,8.030614226508765e+114
2022-05-25,0.012352787620693806,0.0,0.012352787620693806,0.5,2,8.625246692164378e+114,8.12981469851255e+114
2022-05-26,0.014488744448502733,0.0,0.014488744448502733,0.5,2,8.75021568729244e+114,8.24760550609298e+114
2022-05-27,0.01566486350408991,0.0,0.01566486350408991,0.5,2,8.887286621665222e+114,8.376803120581507e+114
2022-05-31,0.010393614155803976,0.0,0.010393614155803976,0.5,2,8.97965764970285e+114,8.463868380075968e+114
2022-06-01,-0.06174984939910455,0.0005,-0.06224984939910455,0.0,1,8.425165142178182e+114,7.936993848082396e+114
2022-06-02,0.030697448104484493,0.0,0.030697448104484493,0.0,1,8.683796211901909e+114,8.180639304839519e+114
2022-06-03,0.03061380044188433,0.0,0.03061380044188433,0.0,1,8.949640216211066e+114,8.431079764004912e+114
2022-06-06,0.030530071556928884,0.0,0.030530071556928884,0.0,1,9.222873372420759e+114,8.688481232502157e+114
2022-06-07,0.030578598583708594,0.0,0.030578598583708594,0.0,1,9.504895915064389e+114,8.954162812412927e+114
2022-06-08,0.030683958918819032,0.0,0.030683958918819032,0.0,1,9.796543750849876e+114,9.228911976301422e+114
2022-06-09,0.03076767944050307,0.0,0.03076767944050307,0.0,1,1.0097960668600887e+115,9.512864181572883e+114
2022-06-10,0.03061380044188433,0.0,0.03061380044188433,0.0,1,1.040709762137943e+115,9.804089107258305e+114
2022-06-13,0.030530071556928884,0.0,0.030530071556928884,0.0,1,1.0724827056460091e+115,1.010340864925341e+115
2022-06-14,0.030613710848200415,0.0,0.030613710848200415,0.0,1,1.105315381086352e+115,1.0412711480222862e+115
2022-06-15,0.030571842220058487,0.0,0.030571842220058487,0.0,1,1.1391069085203278e+115,1.0731047252679226e+115
2022-06-16,0.030805852377544962,0.0,0.030805852377544962,0.0,1,1.1741980677864466e+115,1.1061626310201721e+115
2022-06-17,0.030697424265105022,0.0,0.030697424265105022,0.0,1,1.2102429240445538e+115,1.1401189746108032e+115
2022-06-21,0.030781598830187162,0.0,0.030781598830187162,0.0,1,1.247496136219566e+115,1.1752136595059574e+115
2022-06-22,0.03049501440297342,0.0,0.03049501440297342,0.0,1,1.2855385488612353e+115,1.2110518169791627e+115
2022-06-23,0.030732507072673387,0.0,0.030732507072673387,0.0,1,1.3250463714063074e+115,1.2482704755098488e+115
2022-06-24,0.03044601421577109,0.0,0.03044601421577109,0.0,1,1.3653887520666999e+115,1.286275336152349e+115
2022-06-27,0.030781598830187162,0.0,0.030781598830187162,0.0,1,1.407417600880067e+115,1.3258689475349548e+115
2022-06-28,0.030648897744625092,0.0,0.030648897744625092,0.0,1,1.4505533990134256e+115,1.3665053693307274e+115
2022-06-29,0.030732661028517794,0.0,0.030732661028517794,0.0,1,1.4951327649290695e+115,1.408501715640018e+115
2022-06-30,0.030817071435709553,0.0,0.030817071435709553,0.0,1,1.5412083781517588e+115,1.451907613628216e+115
2022-07-01,0.030276098186486133,0.0,0.030276098186486133,0.0,1,1.5878701543345166e+115,1.4958657110961308e+115
2022-07-05,0.03045576384292703,0.0,0.03045576384292703,0.0,1,1.6362299527681607e+115,1.5414234439340066e+115
2022-07-06,0.030407098842563984,0.0,0.030407098842563984,0.0,1,1.685982958671146e+115,1.5882936589519533e+115
2022-07-07,0.030526042163931844,0.0,0.030526042163931844,0.0,1,1.737449345555212e+115,1.6367779781538264e+115
2022-07-08,0.03033719248835054,0.0,0.03033719248835054,0.0,1,1.790158680790079e+115,1.6864332267377721e+115
2022-07-11,0.03037213119995552,0.0,0.03037213119995552,0.0,1,1.8445296151117748e+115,1.7376537979602163e+115
2022-07-12,0.030323172492512596,0.0,0.030323172492512596,0.0,1,1.900461604798357e+115,1.7903449738080336e+115
2022-07-13,0.030288410981849867,0.0,0.030288410981849867,0.0,1,1.9580235669397159e+115,1.8445716781740207e+115
2022-07-14,0.03069361392938097,0.0,0.03069361392938097,0.0,1,2.018122386367993e+115,1.9011882491289645e+115
2022-07-15,0.030253238050649167,0.0,0.030253238050649167,0.0,1,2.0791771233381277e+115,1.9587053498089597e+115
2022-07-18,0.03049105424337739,0.0,0.03049105424337739,0.0,1,2.14257342578742e+115,2.018428340876778e+115
2022-07-19,0.03045639504708797,0.0,0.03045639504708797,0.0,1,2.2078284884605943e+115,2.0799023918007597e+115
2022-07-20,0.030406988680819702,0.0,0.030406988680819702,0.0,1,2.2749619043184066e+115,2.143145960285455e+115
2022-07-21,0.03049083656064222,0.0,0.03049083656064222,0.0,1,2.3443273959246664e+115,2.2084922734861197e+115
2022-07-22,0.03061014289989239,0.0,0.03061014289989239,0.0,1,2.416087592518053e+115,2.276094537570838e+115
2022-07-25,0.030371972414605874,0.0,0.030371972414605874,0.0,1,2.489468938229283e+115,2.3452240180789745e+115
2022-07-26,0.03025257534760284,0.0,0.03025257534760284,0.0,1,2.564781784858581e+115,2.416173084392917e+115
2022-07-27,0.03054023664131522,0.0,0.03054023664131522,0.0,1,2.643110827501497e+115,2.489963582156653e+115
2022-07-28,0.030372117350915717,0.0,0.030372117350915717,0.0,1,2.7233876997258483e+115,2.5655890482734213e+115
2022-07-29,0.030239042124564075,0.0,0.030239042124564075,0.0,1,2.8057403350993784e+115,2.643170003578482e+115
2022-08-01,0.030515150500310395,0.0,0.030515150500310395,0.0,1,2.891357923689727e+115,2.723826734035585e+115
2022-08-02,0.030044328411911292,0.0,0.030044328411911292,0.0,1,2.9782268307054426e+115,2.805662278970094e+115
2022-08-03,0.03011137054966473,0.0,0.03011137054966473,0.0,1,3.0679053223857678e+115,2.890144615489379e+115
2022-08-04,0.030051637235427586,0.0,0.030051637235427586,0.0,1,3.160100900206742e+115,2.9769981930319902e+115
2022-08-05,0.02996781897150058,0.0,0.02996781897150058,0.0,1,3.2548022319158136e+115,3.066212335959257e+115
2022-08-08,0.030002565842256468,0.0,0.030002565842256468,0.0,1,3.352454650182391e+115,3.1582065734552135e+115
2022-08-09,0.03017090503658415,0.0,0.03017090503658415,0.0,1,3.453601241072499e+115,3.2534925240688464e+115
2022-08-10,0.0299182306122715,0.0,0.0299182306122715,0.0,1,3.5569268794457327e+115,3.350831263699239e+115
2022-08-11,0.030274981438562887,0.0,0.030274981438562887,0.0,1,3.664612774699277e+115,3.4522776180114894e+115
2022-08-12,0.030121327279650556,0.0,0.030121327279650556,0.0,1,3.774995775439182e+115,3.556264802003826e+115
2022-08-15,0.03000250595654541,0.0,0.03000250595654541,0.0,1,3.88825510867773e+115,3.6629616579089984e+115
2022-08-16,0.03008679434232231,0.0,0.03008679434232231,0.0,1,4.005240240483001e+115,3.773168431994319e+115
2022-08-17,0.030051276180720232,0.0,0.030051276180720232,0.0,1,4.125602821119891e+115,3.8865569586205555e+115
2022-08-18,0.03005221387860002,0.0,0.03005221387860002,0.0,1,4.2495863194783416e+115,4.003356599592382e+115
2022-08-19,0.0300024229554946,0.0,0.0300024229554946,0.0,1,4.377084205621215e+115,4.123466997535024e+115
2022-08-22,0.030338408876084633,0.0,0.030338408876084633,0.0,1,4.509877975936402e+115,4.248566425293282e+115
2022-08-23,0.02968069401488005,0.0,0.02968069401488005,0.0,1,4.643734284184618e+115,4.374666825364305e+115
2022-08-24,0.03020583211469463,0.0,0.03020583211469463,0.0,1,4.78400214235795e+115,4.506807277048983e+115
2022-08-25,0.030212204596934855,0.0,0.030212204596934855,0.0,1,4.928537393875043e+115,4.642967860582141e+115
2022-08-26,0.02998507556341179,0.0,0.02998507556341179,0.0,1,5.076319960047487e+115,4.78218760272019e+115
2022-08-29,0.030027186104114145,0.0,0.030027186104114145,0.0,1,5.228747564211862e+115,4.9257832398518564e+115
2022-08-30,0.029932991396250497,0.0,0.029932991396250497,0.0,1,5.385259620064581e+115,5.073226667190137e+115
2022-08-31,0.030120893576562224,0.0,0.030120893576562224,0.0,1,5.5474684519627045e+115,5.226036787722349e+115
2022-09-01,0.02971910210297346,0.0,0.02971910210297346,0.0,1,5.712334233299609e+115,5.381349908610565e+115
2022-09-02,0.029422022207402754,0.0,0.029422022207402754,0.0,1,5.880402657967857e+115,5.5396801051275105e+115
2022-09-06,0.029541064106172632,0.0,0.029541064106172632,0.0,1,6.054116009856994e+115,5.703328150240771e+115
2022-09-07,0.029555942299506643,0.0,0.029555942299506643,0.0,1,6.233051113318846e+115,5.87189538796444e+115
2022-09-08,0.029590090362447086,0.0,0.029590090362447086,0.0,1,6.417487658995703e+115,6.045645303093144e+115
2022-09-09,0.029337558241188,0.0,0.029337558241188,0.0,1,6.605761076953593e+115,6.223009774278203e+115
2022-09-12,0.029421882201328353,0.0,0.029421882201328353,0.0,1,6.800115001209842e+115,6.406102434794731e+115
2022-09-13,0.02967467114854505,0.0,0.02967467114854505,0.0,1,7.001906177643032e+115,6.59620141789116e+115
2022-09-14,0.029337568196763697,0.0,0.029337568196763697,0.0,1,7.207325077636977e+115,6.789717926828132e+115
2022-09-15,0.029674049279498904,0.0,0.029674049279498904,0.0,1,7.421195597164145e+115,6.991196351182727e+115
2022-09-16,0.02942185398528152,0.0,0.02942185398528152,0.0,1,7.639540930420123e+115,7.196890309409658e+115
2022-09-19,0.0295059479474874,0.0,0.0295059479474874,0.0,1,7.8649528274558e+115,7.409241380262877e+115
2022-09-20,0.02965893038011702,0.0,0.02965893038011702,0.0,1,8.098218915808214e+115,7.6289915545295745e+115
2022-09-21,0.029505965289802316,0.0,0.029505965289802316,0.0,1,8.337164682047271e+115,7.8540923145337184e+115
2022-09-22,0.029505841700582347,0.0,0.029505841700582347,0.0,1,8.583159743387445e+115,8.085833919068111e+115
2022-09-23,0.02959013199985394,0.0,0.02959013199985394,0.0,1,8.83713657317011e+115,8.325094812062232e+115
2022-09-26,0.029387391408196573,0.0,0.029387391408196573,0.0,1,9.09683696457355e+115,8.569747631814651e+115
2022-09-27,0.02947128277390232,0.0,0.02947128277390232,0.0,1,9.364932419104583e+115,8.82230908757284e+115
2022-09-28,0.029387475272884434,0.0,0.029387475272884434,0.0,1,9.640144139003252e+115,9.081574477733631e+115
2022-09-29,0.029777148938380793,0.0,0.029777148938380793,0.0,1,9.927200146817812e+115,9.351997873552104e+115
2022-09-30,0.02947112660222939,0.0,0.02947112660222939,0.0,1,1.021976591915035e+116,9.627611786867337e+115
2022-10-03,0.02893395590475578,0.0,0.02893395590475578,0.0,1,1.0515464175611972e+116,9.906176681776664e+115
2022-10-04,0.02896880011095837,0.0,0.02896880011095837,0.0,1,1.0820084555389218e+116,1.0193146733934887e+116
2022-10-05,0.02888485938533847,0.0,0.02888485938533847,0.0,1,1.1132621176309109e+116,1.048757434403872e+116
2022-10-06,0.029206006859908262,0.0,0.029206006859908262,0.0,1,1.1457760586753152e+116,1.0793874512274511e+116
2022-10-07,0.028901263734835037,0.0,0.028901263734835037,0.0,1,1.1788904347281505e+116,1.1105831126274471e+116
2022-10-10,0.02891872510240101,0.0,0.02891872510240101,0.0,1,1.2129824431359039e+116,1.1426997603648891e+116
2022-10-11,0.028934539426084704,0.0,0.028934539426084704,0.0,1,1.2480795314599683e+116,1.1757632516333446e+116
2022-10-12,0.028682283507057815,0.0,0.028682283507057815,0.0,1,1.2838773024206588e+116,1.2094868265538722e+116
2022-10-13,0.02920544098573752,0.0,0.02920544098573752,0.0,1,1.321373505209433e+116,1.244810422689818e+116
2022-10-14,0.02898562945529426,0.0,0.02898562945529426,0.0,1,1.3596743480034767e+116,1.2808920363439932e+116
2022-10-17,0.028765926729901747,0.0,0.028765926729901747,0.0,1,1.3987866406746716e+116,1.317738082810379e+116
2022-10-18,0.029019595947969545,0.0,0.029019595947969545,0.0,1,1.4393788638044681e+116,1.3559783095387883e+116
2022-10-19,0.028816752096263554,0.0,0.028816752096263554,0.0,1,1.4808570876953229e+116,1.3950532003326778e+116
2022-10-20,0.029121313769897572,0.0,0.029121313769897572,0.0,1,1.523981591594475e+116,1.4356789823052655e+116
2022-10-21,0.029087059127849257,0.0,0.029087059127849257,0.0,1,1.5683097342589374e+116,1.4774386617521894e+116
2022-10-24,0.02890111545917684,0.0,0.02890111545917684,0.0,1,1.6136356349645056e+116,1.5201382870993409e+116
2022-10-25,0.02876641609079833,0.0,0.02876641609079833,0.0,1,1.660054149058834e+116,1.563867217581594e+116
2022-10-26,0.028952882510713707,0.0,0.028952882510713707,0.0,1,1.7081175017979574e+116,1.6091456813945907e+116
2022-10-27,0.029407673089309916,0.0,0.029407673089309916,0.0,1,1.7583492628889608e+116,1.6564669115461177e+116
2022-10-28,0.028884783430151217,0.0,0.028884783430151217,0.0,1,1.8091388005420744e+116,1.7043135995453386e+116
2022-10-31,0.02885077981529427,0.0,0.02885077981529427,0.0,1,1.8613338657318196e+116,1.7534843759420328e+116
2022-11-01,0.028166674860417906,0.0,0.028166674860417906,0.0,1,1.9137614515345724e+116,1.8028742002320147e+116
2022-11-02,0.02823898303228256,0.0,0.02823898303228256,0.0,1,1.967804128692294e+116,1.8537855341817068e+116
2022-11-03,0.02847525151768171,0.0,0.02847525151768171,0.0,1,2.0238378461943393e+116,1.9065725435273704e+116
2022-11-04,0.02812112385588339,0.0,0.02812112385588339,0.0,1,2.0807504409313945e+116,1.9601875061641303e+116
2022-11-07,0.028087466493150304,0.0,0.028087466493150304,0.0,1,2.1391934492216627e+116,2.015244207063807e+116
2022-11-08,0.028121082431617594,0.0,0.028121082431617594,0.0,1,2.1993498845444014e+116,2.0719150555304884e+116
2022-11-09,0.028417393618752507,0.0,0.028417393618752507,0.0,1,2.261849675918857e+116,2.1307934812081176e+116
2022-11-10,0.02815429573622852,0.0,0.02815429573622852,0.0,1,2.3255304606055695e+116,2.190784471030879e+116
2022-11-11,0.028120881367552197,0.0,0.028120881367552197,0.0,1,2.3909264268048875e+116,2.252391261242614e+116
2022-11-14,0.028003027562888638,0.0,0.028003027562888638,0.0,1,2.4578796054355435e+116,2.3154650358136003e+116
2022-11-15,0.02807010514431807,0.0,0.02807010514431807,0.0,1,2.5268725443921943e+116,2.3804603828268804e+116
2022-11-16,0.027985765437069654,0.0,0.027985765437069654,0.0,1,2.5975890067089256e+116,2.4470793887329106e+116
2022-11-17,0.028592797399396352,0.0,0.028592797399396352,0.0,1,2.6718613429046536e+116,2.5170482339151896e+116
2022-11-18,0.028070021779940224,0.0,0.028070021779940224,0.0,1,2.746860548992967e+116,2.5877018326623487e+116
2022-11-21,0.028238405650119813,0.0,0.028238405650119813,0.0,1,2.824427511439741e+116,2.6607744067146263e+116
2022-11-22,0.028357091042060523,0.0,0.028357091042060523,0.0,1,2.9045200595233382e+116,2.7362262288082174e+116
2022-11-23,0.028272373409025553,0.0,0.028272373409025553,0.0,1,2.986637735220187e+116,2.813585838480653e+116
2022-11-25,0.028120479793009134,0.0,0.028120479793009134,0.0,1,3.0706234213024852e+116,2.8927052221975454e+116
2022-11-28,0.02827242240444472,0.0,0.02827242240444472,0.0,1,3.15743738371453e+116,2.9744890061310573e+116
2022-11-29,0.02806996587842736,0.0,0.02806996587842736,0.0,1,3.246066543338668e+116,3.0579828110389133e+116
2022-11-30,0.02818751913060702,0.0,0.02818751913060702,0.0,1,3.33756510612825e+116,3.1441797600261397e+116
2022-12-01,0.09666182723342376,0.001,0.09566182723342376,1.0,2,3.660180247797122e+116,3.444957741020588e+116
2022-12-02,0.0056292705301626556,0.0,0.0056292705301626556,1.0,2,3.68078439260113e+116,3.4643503401097706e+116
2022-12-05,-0.00787429871613815,0.0,-0.00787429871613815,1.0,2,3.651800796784089e+116,3.4370710106743916e+116
2022-12-06,-0.0015502487166692558,0.0,-0.0015502487166692558,1.0,2,3.646139597285343e+116,3.4317426957509925e+116
2022-12-07,0.007318129469321533,0.0,0.007318129469321533,1.0,2,3.672822518921498e+116,3.456856633103897e+116
2022-12-08,0.014782003823433587,0.0,0.014782003823433587,1.0,2,3.7271141954389886e+116,3.507955901071501e+116
2022-12-09,0.0050184268762986095,0.0,0.0050184268762986095,1.0,2,3.745818445488413e+116,3.5255603212463086e+116
2022-12-12,0.01621775800159947,0.0,0.01621775800159947,1.0,2,3.8065672225552715e+116,3.582737005356322e+116
2022-12-13,0.022492878773870295,0.0,0.022492878773870295,1.0,2,3.892187877636795e+116,3.663323074496461e+116
2022-12-14,0.005054862017101924,0.0,0.005054862017101924,1.0,2,3.911862350302887e+116,3.681840667162107e+116
2022-12-15,-0.017422390408077693,0.0,-0.017422390408077693,1.0,2,3.84370835721325e+116,3.617694201638471e+116
2022-12-16,-0.0023362476866934934,0.0,-0.0023362476866934934,1.0,2,3.834728502455386e+116,3.6092423719287286e+116
2022-12-19,0.0021036021964166984,0.0,0.0021036021964166984,1.0,2,3.8427952457558124e+116,3.616834782109718e+116
2022-12-20,0.009631888117339615,0.0,0.009631888117339615,1.0,2,3.879808619620777e+116,3.651671730069902e+116
2022-12-21,0.019208080223962587,0.0,0.019208080223962587,1.0,2,3.954332294840074e+116,3.72181333361266e+116
2022-12-22,-0.004877722555405861,0.0,-0.004877722555405861,1.0,2,3.935044159013963e+116,3.703659360768287e+116
2022-12-23,0.011495184811567527,0.0,0.011495184811567527,1.0,2,3.980278218863507e+116,3.74623360959941e+116
2022-12-27,0.005585156666537583,0.0,0.005585156666537583,1.0,2,4.002508696292267e+116,3.767156911218471e+116
2022-12-28,-0.004168397421697723,0.0,-0.004168397421697723,1.0,2,3.985824649362319e+116,3.751453904062617e+116
2022-12-29,0.02378831500618478,0.0,0.02378831500618478,1.0,2,4.080640701680766e+116,3.8406946712636405e+116
2022-12-30,0.00014842905784856475,0.0,0.00014842905784856475,1.0,2,4.0812463873355354e+116,3.8412647419551804e+116
2023-01-03,0.034061828007280914,0.0005,0.033561828007280914,1.0,2,4.220261099836295e+116,3.9701846085551124e+116
2023-01-04,0.018746774481324557,0.0,0.018746774481324557,1.0,2,4.2993773829272324e+116,4.0446127640609206e+116
2023-01-05,-0.006623595346937627,0.0,-0.006623595346937627,1.0,2,4.270900046898947e+116,4.017822885776722e+116
2023-01-06,0.02812287618604775,0.0,0.02812287618604775,1.0,2,4.391010040120872e+116,4.13081562133089e+116
2023-01-09,0.009690985251307849,0.0,0.009690985251307849,1.0,2,4.4335632536580275e+116,4.17084729459308e+116
2023-01-10,0.008597636569580624,0.0,0.008597636569580624,1.0,2,4.471681419221226e+116,4.2067067238192096e+116
2023-01-11,0.009274001331053272,0.0,0.009274001331053272,1.0,2,4.51315179865513e+116,4.24571972757526e+116
2023-01-12,0.01885910178167083,0.0,0.01885910178167083,1.0,2,4.598265787782098e+116,4.32579018805405e+116
2023-01-13,0.013565418693317621,0.0,0.013565418693317621,1.0,2,4.66064318845652e+116,4.384471343134448e+116
2023-01-17,0.003981916013430453,0.0,0.003981916013430453,1.0,2,4.679201478201521e+116,4.401929939786102e+116
2023-01-18,0.0035999309358044074,0.0,0.0035999309358044074,1.0,2,4.69604628035776e+116,4.417776583553581e+116
2023-01-19,0.012891625764416825,0.0,0.012891625764416825,1.0,2,4.756585951576514e+116,4.474728905979558e+116
2023-01-20,0.008572592888270558,0.0,0.008572592888270558,1.0,2,4.7973622264774466e+116,4.513088935175897e+116
2023-01-23,0.008163362425613052,0.0,0.008163362425613052,1.0,2,4.836524833019128e+116,4.549930915812762e+116
2023-01-24,0.0068164358903353706,0.0,0.0068164358903353706,1.0,2,4.8694926944754176e+116,4.580945228205854e+116
2023-01-25,0.009913757626977937,0.0,0.009913757626977937,1.0,2,4.917767664814786e+116,4.626359608900748e+116
2023-01-26,0.002723735541744432,0.0,0.002723735541744432,1.0,2,4.931162363389483e+116,4.638960588996402e+116
2023-01-27,0.0038989347976454702,0.0,0.0038989347976454702,1.0,2,4.9503886439209424e+116,4.657047593861746e+116
2023-01-30,0.00015107608477382684,0.0,0.00015107608477382684,1.0,2,4.9511365292553745e+116,4.6577511623788324e+116
2023-01-31,0.009991473529539052,0.0,0.009991473529539052,1.0,2,5.000605678828563e+116,4.70428895982492e+116
2023-02-01,0.015970828043384122,0.0,0.015970828043384122,1.0,2,5.0804694922379036e+116,4.779420349868674e+116
2023-02-02,-0.00447233707271566,0.0,-0.00447233707271566,1.0,2,5.057747920180967e+116,4.758045171051865e+116
2023-02-03,-0.013070467599302693,0.0,-0.013070467599302693,1.0,2,4.991640789864801e+116,4.695855295807612e+116
2023-02-06,0.0008592260519536543,0.0,0.0008592260519536543,1.0,2,4.995929737673448e+116,4.699890097013975e+116
2023-02-07,0.009939903664048955,0.0,0.009939903664048955,1.0,2,5.0455887979782795e+116,4.7466065518099124e+116
2023-02-08,0.004163200877517703,0.0,0.004163200877517703,1.0,2,5.066594597689616e+116,4.766367628371639e+116
2023-02-09,0.0037785468815691448,0.0,0.0037785468815691448,1.0,2,5.0857389629068914e+116,4.7843775719102346e+116
2023-02-10,0.005039331080949283,0.0,0.005039331080949283,1.0,2,5.111367685332263e+116,4.808487634511359e+116
2023-02-13,0.007060293003530671,0.0,0.007060293003530671,1.0,2,5.147455438839486e+116,4.8424369661148624e+116
2023-02-14,0.005907374220377737,0.0,0.005907374220377737,1.0,2,5.1778633843994294e+116,4.871043053412293e+116
2023-02-15,-0.002914217689029386,0.0,-0.002914217689029386,1.0,2,5.1627739633332355e+116,4.856847773582015e+116
2023-02-16,0.002336868763807509,0.0,0.002336868763807509,1.0,2,5.1748386885427475e+116,4.868197589434667e+116
2023-02-17,0.0073605634745522175,0.0,0.0073605634745522175,1.0,2,5.212928417180335e+116,4.9040302667983624e+116
2023-02-21,-0.002599393231374425,0.0,-0.002599393231374425,1.0,2,5.199377966337077e+116,4.8912827637163914e+116
2023-02-22,8.365451420278003e-05,0.0,8.365451420278003e-05,1.0,2,5.199812917775008e+116,4.891691941599819e+116
2023-02-23,0.008642883554052738,0.0,0.008642883554052738,1.0,2,5.244754295326196e+116,4.933970265433364e+116
2023-02-24,-0.006697544835603919,0.0,-0.006697544835603919,1.0,2,5.209627318281522e+116,4.9009247783630876e+116
2023-02-27,0.013779893982297342,0.0,0.013779893982297342,1.0,2,5.2814154304147215e+116,4.968459002224145e+116
2023-02-28,0.004409383232566344,0.0,0.004409383232566344,1.0,2,5.30470321505781e+116,4.990366842040246e+116
2023-03-01,-0.006968511353099838,0.0005,-0.007468511353099838,1.0,2,5.267737330478854e+116,4.953096230624335e+116
2023-03-02,0.0074069815731671595,0.0,0.0074069815731671595,1.0,2,5.306755363817996e+116,4.9897837231346935e+116
2023-03-03,0.02047923303112331,0.0,0.02047923303112331,1.0,2,5.415433643552788e+116,5.0919706667756744e+116
2023-03-06,-0.0017511495043445735,0.0,-0.0017511495043445735,1.0,2,5.40595040961207e+116,5.083053864866413e+116
2023-03-07,-0.007482847872906262,0.0,-0.007482847872906262,1.0,2,5.3654985050884674e+116,5.045018146065829e+116
2023-03-08,0.009519008314606225,0.0,0.009519008314606225,1.0,2,5.4165727299704116e+116,5.093041715745569e+116
2023-03-09,-0.011042708396859058,0.0,-0.011042708396859058,1.0,2,5.3567590968029695e+116,5.036800741225552e+116
2023-03-10,-0.011782114896616402,0.0,-0.011782114896616402,1.0,2,5.293645145650942e+116,4.9774565761810695e+116
2023-03-13,-0.005647691107134201,0.0,-0.005647691107134201,1.0,2,5.263748273037525e+116,4.9493454389396255e+116
2023-03-14,0.023067741843373624,0.0,0.023067741843373624,1.0,2,5.385171059328458e+116,5.063515661818763e+116
2023-03-15,-0.019404757711892595,0.0,-0.019404757711892595,1.0,2,5.2806731196850934e+116,4.965259367230797e+116
2023-03-16,0.01931906581382148,0.0,0.01931906581382148,1.0,2,5.3826907912255675e+116,5.061183539729022e+116
2023-03-17,-0.01296688344967073,0.0,-0.01296688344967073,1.0,2,5.3128940670901295e+116,4.995555762651963e+116
2023-03-20,0.0207179001953417,0.0,0.0207179001953417,1.0,2,5.422966076120526e+116,5.099053188362851e+116
2023-03-21,0.022906141752275178,0.0,0.022906141752275178,1.0,2,5.547185305777922e+116,5.215852823497881e+116
2023-03-22,-0.009089770825668142,0.0,-0.009089770825668142,1.0,2,5.4967626626208875e+116,5.168441916671871e+116
2023-03-23,0.0055422793775294354,0.0,0.0055422793775294354,1.0,2,5.5272272569691055e+116,5.1970868657206004e+116
2023-03-24,0.007811708633575942,0.0,0.007811708633575942,1.0,2,5.570404345852108e+116,5.2376849940589944e+116
2023-03-27,0.01637480439076633,0.0,0.01637480439076633,1.0,2,5.661618627392911e+116,5.323451061297162e+116
2023-03-28,0.005761255728191528,0.0,0.005761255728191528,1.0,2,5.694236660140815e+116,5.3541208242178084e+116
2023-03-29,0.017981324277854205,0.0,0.017981324277854205,1.0,2,5.796626576041652e+116,5.4503950069808805e+116
2023-03-30,0.012498485630813128,0.0,0.012498485630813128,1.0,2,5.8690756300094985e+116,5.5185166906578874e+116
2023-03-31,0.01737411007145384,0.0,0.01737411007145384,1.0,2,5.9710455960229714e+116,5.6143960070725334e+116
2023-04-03,0.03209477846072406,0.0005,0.03159477846072406,1.0,2,6.1626849816062114e+116,5.791781605106764e+116
2023-04-04,0.014497030248703802,0.0,0.014497030248703802,1.0,2,6.252025612197789e+116,5.875745238229882e+116
2023-04-05,0.0008490706079263832,0.0,0.0008490706079263832,1.0,2,6.257334023385109e+116,5.880734160811326e+116
2023-04-06,0.0030536927368135514,0.0,0.0030536927368135514,1.0,2,6.2764419988441365e+116,5.8986921160053276e+116
2023-04-10,0.0014293983919633213,0.0,0.0014293983919633213,1.0,2,6.2854135349445354e+116,5.9071236970306326e+116
2023-04-11,0.010744943830266473,0.0,0.010744943830266473,1.0,2,6.352949950327512e+116,5.970595409353663e+116
2023-04-12,0.01119926692061396,0.0,0.01119926692061396,1.0,2,6.42409833255453e+116,6.037461701018007e+116
2023-04-13,0.019560282297781284,0.0,0.019560282297781284,1.0,2,6.549755509448004e+116,6.155556156251963e+116
2023-04-14,-0.0059319391446154834,0.0,-0.0059319391446154834,1.0,2,6.510902758353847e+116,6.119041771731813e+116
2023-04-17,0.002399892796277503,0.0,0.002399892796277503,1.0,2,6.526528226980883e+116,6.133726815999913e+116
2023-04-18,0.009431802429534841,0.0,0.009431802429534841,1.0,2,6.588085151768549e+116,6.191578915485164e+116
2023-04-19,0.0006222954079228571,0.0,0.0006222954079228571,1.0,2,6.592184886905499e+116,6.195431906612063e+116
2023-04-20,0.007250916801995799,0.0,0.007250916801995799,1.0,2,6.639984271063825e+116,6.2403544679193376e+116
2023-04-21,0.0018580113857827318,0.0,0.0018580113857827318,1.0,2,6.652321437440879e+116,6.251949117572051e+116
2023-04-24,0.007681029522794924,0.0,0.007681029522794924,1.0,2,6.703418114796984e+116,6.299970523319134e+116
2023-04-25,0.0001410865803715411,0.0,0.0001410865803715411,1.0,2,6.704363877135601e+116,6.30085936461671e+116
2023-04-26,0.0033817570916074846,0.0,0.0033817570916074846,1.0,2,6.727036407221821e+116,6.322167340456224e+116
2023-04-27,0.011539139953886446,0.0,0.011539139953886446,1.0,2,6.804660621799643e+116,6.395119714209638e+116
2023-04-28,0.004787005089140539,0.0,0.004787005089140539,1.0,2,6.837234566826072e+116,6.425733184827222e+116
2023-05-01,0.0028217156051331127,0.0,0.0028217156051331127,1.0,2,6.856527298299242e+116,6.44386477642927e+116
2023-05-02,0.009256119583479938,0.0,0.009256119583479938,1.0,2,6.919992134899694e+116,6.503509959379674e+116
2023-05-03,0.010769610890697279,0.0,0.010769610890697279,1.0,2,6.99451775755925e+116,6.573550231065968e+116
2023-05-04,0.007984053086254272,0.0,0.007984053086254272,1.0,2,7.050362358648351e+116,6.626033805075957e+116
2023-05-05,0.005392276714862754,0.0,0.005392276714862754,1.0,2,7.088379863426234e+116,6.66176321287496e+116
2023-05-08,0.006382255449360663,0.0,0.006382255449360663,1.0,2,7.133619714436725e+116,6.704280287442682e+116
2023-05-09,0.006319098160390946,0.0,0.006319098160390946,1.0,2,7.178697757651151e+116,6.746645292673806e+116
2023-05-10,0.004114907477319074,0.0,0.004114907477319074,1.0,2,7.208237434731523e+116,6.774407113835448e+116
2023-05-11,-0.0016954183154408997,0.0,-0.0016954183154408997,1.0,2,7.196016456962631e+116,6.762921659938398e+116
2023-05-12,0.003681531127459947,0.0,0.003681531127459947,1.0,2,7.222508815542653e+116,6.787819566542036e+116
2023-05-15,0.010668474912160997,0.0,0.010668474912160997,1.0,2,7.299561969644132e+116,6.860235249295965e+116
2023-05-16,-0.006098158075688753,0.0,-0.006098158075688753,1.0,2,7.255048086869957e+116,6.818400450309347e+116
2023-05-17,0.00610686657683468,0.0,0.00610686657683468,1.0,2,7.299353697544991e+116,6.860039512126816e+116
2023-05-18,-0.0023336141367434893,0.0,-0.0023336141367434893,1.0,2,7.282319822567309e+116,6.844030826942698e+116
2023-05-19,0.01347522041626964,0.0,0.01347522041626964,1.0,2,7.380450687318173e+116,6.936255650871495e+116
2023-05-22,0.004480210042123067,0.0,0.004480210042123067,1.0,2,7.41351665660289e+116,6.967331533093262e+116
2023-05-23,-0.0012459323650784726,0.0,-0.0012459323650784726,1.0,2,7.40427991626138e+116,6.95865070923795e+116
2023-05-24,-0.006094967196272449,0.0,-0.006094967196272449,1.0,2,7.359151073059747e+116,6.916237961434827e+116
2023-05-25,-0.0005586421650655149,0.0,-0.0005586421650655149,1.0,2,7.355039940971249e+116,6.912374259285942e+116
2023-05-26,0.011892237099767056,0.0,0.011892237099767056,1.0,2,7.442507819827535e+116,6.994577852899696e+116
2023-05-30,0.0043415555824645735,0.0,0.0043415555824645735,1.0,2,7.474819881200244e+116,7.024945201423937e+116
2023-05-31,0.0006224452121870727,0.0,0.0006224452121870727,1.0,2,7.479472547047258e+116,7.029317844930439e+116
2023-06-01,0.05782027361471087,0.0005,0.05732027361471087,1.0,2,7.911937696211248e+116,7.432240267126622e+116
2023-06-02,-0.003438215854018045,0.0,-0.003438215854018045,1.0,2,7.884734746588132e+116,7.406686620809315e+116
2023-06-05,0.0035247538196859773,0.0,0.0035247538196859773,1.0,2,7.912526495503378e+116,7.43279336776723e+116
2023-06-06,0.000609362053346052,0.0,0.000609362053346052,1.0,2,7.917348088895833e+116,7.437322629995909e+116
2023-06-07,-0.014144855707000525,0.0,-0.014144855707000525,1.0,2,7.805358342596306e+116,7.332122774548207e+116
2023-06-08,0.012868103829445587,0.0,0.012868103829445587,1.0,2,7.905798504174864e+116,7.426473291701336e+116
2023-06-09,0.0007864974110950995,0.0,0.0007864974110950995,1.0,2,7.912016394231037e+116,7.432314193718827e+116
2023-06-12,0.00808825551466491,0.0,0.00808825551466491,1.0,2,7.976010804463795e+116,7.492428649982895e+116
2023-06-13,0.00041222797022638646,0.0,0.00041222797022638646,1.0,2,7.979298739208222e+116,7.495517238637343e+116
2023-06-14,0.0040367263188055835,0.0,0.0040367263188055835,1.0,2,8.011508984434398e+116,7.525774590347611e+116
2023-06-15,0.00950754059378861,0.0,0.00950754059378861,1.0,2,8.087678731321409e+116,7.597326197765043e+116
2023-06-16,-0.0035172323741122224,0.0,-0.0035172323741122224,1.0,2,8.059232485856188e+116,7.570604636105574e+116
2023-06-20,-0.005800985894027555,0.0,-0.005800985894027555,1.0,2,8.012480991889047e+116,7.526687665402266e+116
2023-06-21,-0.00733816198099152,0.0,-0.00733816198099152,1.0,2,7.95368410850095e+116,7.471455612133213e+116
2023-06-22,0.0009437775481835886,0.0,0.0009437775481835886,1.0,2,7.961190616987897e+116,7.478507004192194e+116
2023-06-23,-0.003484099028646992,0.0,-0.003484099028646992,1.0,2,7.933453040492375e+116,7.452451145203159e+116
2023-06-26,-0.005595360602253907,0.0,-0.005595360602253907,1.0,2,7.889062509909773e+116,7.410751993675068e+116
2023-06-27,0.006363127736050966,0.0,0.006363127736050966,1.0,2,7.939261622378019e+116,7.457907555231017e+116
2023-06-28,-0.00011483901915715355,0.0,-0.00011483901915715355,1.0,2,7.938349885360473e+116,7.457051096442409e+116
2023-06-29,-0.0013555510122548187,0.0,-0.0013555510122548187,1.0,2,7.92758904713774e+116,7.44694268328019e+116
2023-06-30,0.011205973950810466,0.0,0.011205973950810466,1.0,2,8.016425403492696e+116,7.530392929002208e+116
2023-07-03,-0.04197441161538651,0.0005,-0.04247441161538651,1.0,2,7.679940663922453e+116,7.210543920110172e+116
2023-07-05,-0.0011705450393155181,0.0,-0.0011705450393155181,1.0,2,7.670950947476061e+116,7.20210365369372e+116
2023-07-06,-0.008770484328579353,0.0,-0.008770484328579353,1.0,2,7.603672992405921e+116,7.138937716466195e+116
2023-07-07,0.006897520713914529,0.0,0.006897520713914529,1.0,2,7.656119484372874e+116,7.188178687240867e+116
2023-07-10,0.005701630625100651,0.0,0.005701630625100651,1.0,2,7.699771849694405e+116,7.229163026982736e+116
2023-07-11,0.011806431201734857,0.0,0.011806431201734857,1.0,2,7.790678676306876e+116,7.314513642906933e+116
2023-07-12,0.020867680697250646,0.0,0.020867680697250646,1.0,2,7.953252071338926e+116,7.467150578062797e+116
2023-07-13,0.02103921267620351,0.0,0.02103921267620351,1.0,2,8.120582233135282e+116,7.624253547159897e+116
2023-07-14,0.0016058924235664573,0.0,0.0016058924235664573,1.0,2,8.133623014618421e+116,7.63649727816663e+116
2023-07-17,0.008600945146182815,0.0,0.008600945146182815,1.0,2,8.203579860006885e+116,7.702178372365116e+116
2023-07-18,0.011945506589003174,0.0,0.011945506589003174,1.0,2,8.30157577727801e+116,7.794184794861881e+116
2023-07-19,0.004431457813754425,0.0,0.004431457813754425,1.0,2,8.338363860122702e+116,7.828724395972917e+116
2023-07-20,-0.009898238291589923,0.0,-0.009898238291589923,1.0,2,8.255828747673226e+116,7.751233816382393e+116
2023-07-21,0.00395439948747478,0.0,0.00395439948747478,1.0,2,8.288475592641706e+116,7.781885291413193e+116
2023-07-24,0.004702726774466259,0.0,0.004702726774466259,1.0,2,8.327454028730734e+116,7.818481371728948e+116
2023-07-25,0.00916077008550531,0.0,0.00916077008550531,1.0,2,8.403739920485551e+116,7.890104681993161e+116
2023-07-26,0.0028883179634113243,0.0,0.0028883179634113243,1.0,2,8.428012593457727e+116,7.912893813079358e+116
2023-07-27,0.0025018959677989283,0.0,0.0025018959677989283,1.0,2,8.449098604181857e+116,7.932691050203921e+116
2023-07-28,0.018102642024204807,0.0,0.018102642024204807,1.0,2,8.602049611640568e+116,8.076293716574375e+116
2023-07-31,0.004859446532867517,0.0,0.004859446532867517,1.0,2,8.64385081180141e+116,8.115540034073802e+116
2023-08-01,-0.0025337105239239266,0.0,-0.0025337105239239266,1.0,2,8.62194979603232e+116,8.094977604882144e+116
2023-08-02,-0.016462662877978207,0.0,-0.016462662877978207,1.0,2,8.480009543189387e+116,7.961712717568186e+116
2023-08-03,0.0016091313869371904,0.0,0.0016091313869371904,1.0,2,8.493654992706859e+116,7.974524159395801e+116
2023-08-04,0.004061683821004858,0.0,0.004061683821004858,1.0,2,8.528153533771933e+116,8.00691415515423e+116
2023-08-07,0.012999475217766732,0.0,0.012999475217766732,1.0,2,8.63901505428751e+116,8.110999837284943e+116
2023-08-08,-0.00427905706307935,0.0,-0.00427905706307935,1.0,2,8.602048215901413e+116,8.076292406142573e+116
2023-08-09,-0.00023586952779730552,0.0,-0.00023586952779730552,1.0,2,8.600019254850638e+116,8.074387454866383e+116
2023-08-10,0.007906280953755895,0.0,0.007906280953755895,1.0,2,8.668013423287199e+116,8.13822583061404e+116
2023-08-11,-0.0018595777402713454,0.0,-0.0018595777402713454,1.0,2,8.65189457847288e+116,8.123092167014128e+116
2023-08-14,0.007293775713905604,0.0,0.007293775713905604,1.0,2,8.714999557028618e+116,8.182340179383712e+116
2023-08-15,-0.007679274541209091,0.0,-0.007679274541209091,1.0,2,8.64807468280368e+116,8.119505742756658e+116
2023-08-16,-0.004643193944209534,0.0,-0.004643193944209534,1.0,2,8.607919994807415e+116,8.081805302861915e+116
2023-08-17,-0.0033870119596059456,0.0,-0.0033870119596059456,1.0,2,8.578764866837671e+116,8.054432131645915e+116
2023-08-18,0.0031218913671620108,0.0,0.0031218913671620108,1.0,2,8.605546838816364e+116,8.079577193785093e+116
2023-08-21,0.014132538273504025,0.0,0.014132538273504025,1.0,2,8.727165058880367e+116,8.193762127709991e+116
2023-08-22,0.003377707300620203,0.0,0.003377707300620203,1.0,2,8.756642868013466e+116,8.221438257868302e+116
2023-08-23,0.017657130521007203,0.0,0.017657130521007203,1.0,2,8.911260054059826e+116,8.366605266257885e+116
2023-08-24,-0.011781366023338402,0.0,-0.011781366023338402,1.0,2,8.806273237633793e+116,8.26803522724331e+116
2023-08-25,0.011843729153246385,0.0,0.011843729153246385,1.0,2,8.910572352709811e+116,8.365959597104281e+116
2023-08-28,0.0137584019746404,0.0,0.0137584019746404,1.0,2,9.03316758896251e+116,8.481061832144843e+116
2023-08-29,0.020874565472808415,0.0,0.020874565472808415,1.0,2,9.22173103722516e+116,8.658100312638887e+116
2023-08-30,0.0072576845849532945,0.0,0.0072576845849532945,1.0,2,9.288659452420613e+116,8.720938073812905e+116
2023-08-31,0.004622953793022522,0.0,0.004622953793022522,1.0,2,9.331600495868276e+116,8.761254567559952e+116
2023-09-01,0.005732159963388828,0.0,0.005732159963388828,1.0,2,9.385090722625031e+116,8.811475480221177e+116
2023-09-05,0.0007723746711218449,0.0,0.0007723746711218449,1.0,2,9.392339528985368e+116,8.818281240697311e+116
2023-09-06,-0.0017509879814802676,0.0,-0.0017509879814802676,1.0,2,9.375893655352133e+116,8.802840536227538e+116
2023-09-07,-0.0012470611208688087,0.0,-0.0012470611208688087,1.0,2,9.364201342901143e+116,8.7918628560416e+116
2023-09-08,0.004545564228703225,0.0,0.004545564228703225,1.0,2,9.406766921555809e+116,8.831826833343687e+116
2023-09-11,0.01647707133538212,0.0,0.01647707133538212,1.0,2,9.561762891157597e+116,8.977349474098432e+116
2023-09-12,-0.00352530671477691,0.0,-0.00352530671477691,1.0,2,9.528054744232293e+116,8.945701563716494e+116
2023-09-13,0.005403364420041634,0.0,0.005403364420041634,1.0,2,9.579538296229486e+116,8.99403844925819e+116
2023-09-14,0.015513718717590885,0.0,0.015513718717590885,1.0,2,9.72815255880158e+116,9.133569431895178e+116
2023-09-15,-0.00479813369495713,0.0,-0.00479813369495713,1.0,2,9.681475582219511e+116,9.089745344648771e+116
2023-09-18,0.0023457983568737073,0.0,0.0023457983568737073,1.0,2,9.704186371732396e+116,9.11106805434265e+116
2023-09-19,0.00306370560789182,0.0,0.00306370560789182,1.0,2,9.733917141939498e+116,9.138981684634622e+116
2023-09-20,-0.004269630027697979,0.0,-0.004269630027697979,1.0,2,9.69235691702315e+116,9.099961614011325e+116
2023-09-21,-0.013832702955796805,0.0,-0.013832702955796805,1.0,2,9.558285422848406e+116,8.974084548095554e+116
2023-09-22,0.005110045604802493,0.0,0.005110045604802493,1.0,2,9.60712869726288e+116,9.019942529397676e+116
2023-09-25,0.0038074046533226324,0.0,0.0038074046533226324,1.0,2,9.643706923769907e+116,9.054285100556807e+116
2023-09-26,-0.010921185504952524,0.0,-0.010921185504952524,1.0,2,9.538386211500022e+116,8.955401573358899e+116
2023-09-27,0.004396997155393045,0.0,0.004396997155393045,1.0,2,9.580326468539027e+116,8.99477844860236e+116
2023-09-28,0.0118713978448865,0.0,0.0118713978448865,1.0,2,9.69405833553095e+116,9.10155904209233e+116
2023-09-29,0.003851170726389519,0.0,0.003851170726389519,1.0,2,9.731391809212659e+116,9.136610699839742e+116
2023-10-02,-0.012866011710739644,0.0005,-0.013366011710739645,0.5,2,9.606187608233534e+116,9.014490654229214e+116
2023-10-03,-0.0006772254883778972,0.0,-0.0006772254883778972,0.5,2,9.599682053139098e+116,9.008385811393426e+116
2023-10-04,0.014870543395682223,0.0,0.014870543395682223,0.5,2,9.742434541695055e+116,9.142345403526799e+116
2023-10-05,0.006911586017830096,0.0,0.006911586017830096,0.5,2,9.80977021605306e+116,9.205533510187989e+116
2023-10-06,0.016284714334383,0.0,0.016284714334383,0.5,2,9.969519521707422e+116,9.355442993696989e+116
2023-10-09,0.010548147954240028,0.0,0.010548147954240028,0.5,2,1.0074679488655075e+117,9.454125590571963e+116
2023-10-10,0.010779760880857692,0.0,0.010779760880857692,0.5,2,1.018328212449406e+117,9.556038803775927e+116
2023-10-11,0.0117117948819499,0.0,0.0117117948819499,0.5,2,1.030254663596116e+117,9.667957170129703e+116
2023-10-12,0.006607650862388348,0.0,0.006607650862388348,0.5,2,1.0370622267125064e+117,9.731839655662444e+116
2023-10-13,0.0019016302721450717,0.0,0.0019016302721450717,0.5,2,1.0390343356369211e+117,9.750346016555313e+116
2023-10-16,0.013801007620175942,0.0,0.013801007620175942,0.5,2,1.0533740564206707e+117,9.884910616229145e+116
2023-10-17,0.006356656545470185,0.0,0.006356656545470185,0.5,2,1.0600699935112458e+117,9.947745597999186e+116
2023-10-18,0.0015624209683757218,0.0,0.0015624209683757218,0.5,2,1.0617262690970538e+117,9.963288164309567e+116
2023-10-19,0.003745152034676069,0.0,0.003745152034676069,0.5,2,1.0657025953940316e+117,1.0000602193250195e+117
2023-10-20,0.0007747030344355532,0.0,0.0007747030344355532,0.5,2,1.0665281984284892e+117,1.000834969011549e+117
2023-10-23,0.009579926627570179,0.0,0.009579926627570179,0.5,2,1.0767454603156687e+117,1.0104228945809862e+117
2023-10-24,0.012949886737725902,0.0,0.012949886737725902,0.5,2,1.0906891920721171e+117,1.0235077566230151e+117
2023-10-25,-0.004164018746886822,0.0,-0.004164018746886822,0.5,2,1.086147541829302e+117,1.0192458511368529e+117
2023-10-26,-0.0010919193554900786,0.0,-0.0010919193554900786,0.5,2,1.0849615563054606e+117,1.0181329168639935e+117
2023-10-27,0.010551584381109091,0.0,0.010551584381109091,0.5,2,1.0964096197170771e+117,1.0288758322474686e+117
2023-10-30,0.01379382361641246,0.0,0.01379382361641246,0.5,2,1.1115333006227924e+117,1.0430679640006799e+117
2023-10-31,0.01049031062328859,0.0,0.01049031062328859,0.5,2,1.1231936302144547e+117,1.0540100709442482e+117
2023-11-01,0.07223100906480528,0.0005,0.07173100906480528,1.0,2,1.2043230395000065e+117,1.1296152768975462e+117
2023-11-02,0.010892125787670626,0.0,0.010892125787670626,1.0,2,1.2174406775352304e+117,1.1419191885851886e+117
2023-11-03,0.007768391272097608,0.0,0.007768391272097608,1.0,2,1.2268982330688917e+117,1.1507900636432345e+117
2023-11-06,-0.0017388519943114522,0.0,-0.0017388519943114522,1.0,2,1.2247648386295026e+117,1.1487890100460346e+117
2023-11-07,0.002747037684344922,0.0,0.002747037684344922,1.0,2,1.2281293137956784e+117,1.1519447767479923e+117
2023-11-08,-0.004535441293981091,0.0,-0.004535441293981091,1.0,2,1.2225592053915409e+117,1.1467201988391437e+117
2023-11-09,-0.0016330061097173387,0.0,-0.0016330061097173387,1.0,2,1.2205627587396452e+117,1.144847597748303e+117
2023-11-10,0.005754092765122731,0.0,0.005754092765122731,1.0,2,1.2275859900790873e+117,1.1514351570276747e+117
2023-11-13,0.0013136943823198188,0.0,0.0013136943823198188,1.0,2,1.2291986628980686e+117,1.1529477909250675e+117
2023-11-14,0.015409096241091824,0.0,0.015409096241091824,1.0,2,1.2481395033940864e+117,1.170713674396386e+117
2023-11-15,-0.0007327196957455095,0.0,-0.0007327196957455095,1.0,2,1.2472249669969115e+117,1.1698558694290771e+117
2023-11-16,0.0061454863394374,0.0,0.0061454863394374,1.0,2,1.2548897709937965e+117,1.1770452026937643e+117
2023-11-17,0.00015892410222356768,0.0,0.00015892410222356768,1.0,2,1.2550892032240411e+117,1.1772322635458788e+117
2023-11-20,0.005322135459354671,0.0,0.005322135459354671,1.0,2,1.261768957977173e+117,1.1834976531195927e+117
2023-11-21,0.0025996274814478193,0.0,0.0025996274814478193,1.0,2,1.265049087235568e+117,1.1865743061428713e+117
2023-11-22,9.984121635425725e-05,0.0,9.984121635425725e-05,1.0,2,1.2651753912751855e+117,1.1866927751648913e+117
2023-11-24,0.002015207132272212,0.0,0.002015207132272212,1.0,2,1.2677249817472586e+117,1.1890842069092197e+117
2023-11-27,0.003041852815480528,0.0,0.003041852815480528,1.0,2,1.2715812145522416e+117,1.1927012260518499e+117
2023-11-28,0.008033167041773981,0.0,0.008033167041773981,1.0,2,1.2817960388559214e+117,1.202282394231653e+117
2023-11-29,0.0005115650671722038,0.0,0.0005115650671722038,1.0,2,1.2824517609326395e+117,1.202897439905418e+117
2023-11-30,-0.0031846061851679153,0.0,-0.0031846061851679153,1.0,2,1.278367657122594e+117,1.1990666852781725e+117
2023-12-01,0.01012755077165678,0.0,0.01012755077165678,1.0,2,1.2913143904749468e+117,1.2112102940119294e+117
2023-12-04,-0.01546101106192993,0.0,-0.01546101106192993,1.0,2,1.2713493643993844e+117,1.1924837582578875e+117
2023-12-05,-0.0005906709824797796,0.0,-0.0005906709824797796,1.0,2,1.2705984152212396e+117,1.1917793927048061e+117
2023-12-06,-0.0006964513467361266,0.0,-0.0006964513467361266,1.0,2,1.269713505243798e+117,1.1909493763417445e+117
2023-12-07,0.007930715620292017,0.0,0.007930715620292017,1.0,2,1.2797832419731305e+117,1.2003944571636749e+117
2023-12-08,-0.004411821186635356,0.0,-0.004411821186635356,1.0,2,1.2741370671518928e+117,1.1950985314652405e+117
2023-12-11,-0.0012190712247243662,0.0,-0.0012190712247243662,1.0,2,1.272583803316973e+117,1.1936416212348209e+117
2023-12-12,0.003775494374313959,0.0,0.003775494374313959,1.0,2,1.2773884363072395e+117,1.19814820846074e+117
2023-12-13,0.017672693795790062,0.0,0.017672693795790062,1.0,2,1.2999633310003805e+117,1.2193227148708411e+117
2023-12-14,0.0026873669387877386,0.0,0.0026873669387877386,1.0,2,1.3034568094777473e+117,1.2225994824224978e+117
2023-12-15,-0.0020547084103187396,0.0,-0.0020547084103187396,1.0,2,1.3007785858088262e+117,1.220087396983513e+117
2023-12-18,0.005483429269448281,0.0,0.005483429269448281,1.0,2,1.307911313179322e+117,1.2267776599274173e+117
2023-12-19,0.006031437198198375,0.0,0.006031437198198375,1.0,2,1.3157998981255762e+117,1.2341768923394224e+117
2023-12-20,-0.009998025586827053,0.0,-0.009998025586827053,1.0,2,1.3026444970769722e+117,1.2218375601911422e+117
2023-12-21,0.009494025294685127,0.0,0.009494025294685127,1.0,2,1.3150118368822033e+117,1.2334377168935933e+117
2023-12-22,0.0031349582796449393,0.0,0.0031349582796449393,1.0,2,1.3191343441280682e+117,1.2373044926765953e+117
2023-12-26,0.006943319909561707,0.0,0.006943319909561707,1.0,2,1.3282935158830393e+117,1.2458954935947868e+117
2023-12-27,0.003370581280100038,0.0,0.003370581280100038,1.0,2,1.3327706371421529e+117,1.2500948856224583e+117
2023-12-28,-0.003018814627558375,0.0,-0.003018814627558375,1.0,2,1.3287472496475677e+117,1.2463210808959053e+117
2023-12-29,-0.002829172512854028,0.0,-0.002829172512854028,1.0,2,1.3249879944523346e+117,1.2427950235516441e+117
2024-01-02,-0.04392981290634429,0.0005,-0.04442981290634429,1.0,2,1.266781519752891e+117,1.1875778731743088e+117
2024-01-03,-0.006963210329229197,0.0,-0.006963210329229197,1.0,2,1.257960653589671e+117,1.1793085186610575e+117
2024-01-04,0.0012760766228187559,0.0,0.0012760766228187559,1.0,2,1.2595659077721426e+117,1.1808134066928119e+117
2024-01-05,0.003601429068956663,0.0,0.003601429068956663,1.0,2,1.2641021450466597e+117,1.185066022420689e+117
2024-01-08,0.01795184492356533,0.0,0.01795184492356533,1.0,2,1.2867951107220838e+117,1.2063401438793716e+117
2024-01-09,-0.001083849617787902,0.0,-0.001083849617787902,1.0,2,1.2854004183331564e+117,1.2050326525755059e+117
2024-01-10,0.008981527652852761,0.0,0.008981527652852761,1.0,2,1.2969452777354043e+117,1.2158556866672034e+117
2024-01-11,0.0034993198585582808,0.0,0.0034993198585582808,1.0,2,1.3014837041012472e+117,1.2201103546166988e+117
2024-01-12,0.005271502169205355,0.0,0.005271502169205355,1.0,2,1.3083444782706023e+117,1.2265421689977306e+117
2024-01-16,-0.006552664535802666,0.0,-0.006552664535802666,1.0,2,1.2997713358072253e+117,1.2185050496252727e+117
2024-01-17,-0.006137115275290039,0.0,-0.006137115275290039,1.0,2,1.2917944892878586e+117,1.2110269436721994e+117
2024-01-18,0.014426479505073697,0.0,0.014426479505073697,1.0,2,1.310430536012337e+117,1.2284977990551785e+117
2024-01-19,0.013951780783757473,0.0,0.013951780783757473,1.0,2,1.3287133755831228e+117,1.2456375310409248e+117
2024-01-22,0.004913757319295997,0.0,0.004913757319295997,1.0,2,1.3352423506576407e+117,1.2517582915762668e+117
2024-01-23,0.003803458919831304,0.0,0.003803458919831304,1.0,2,1.340320890086386e+117,1.2565193028158353e+117
2024-01-24,0.009531427024540295,0.0,0.009531427024540295,1.0,2,1.3530960608397113e+117,1.2684957248555508e+117
2024-01-25,0.004858458761414108,0.0,0.004858458761414108,1.0,2,1.359670022251533e+117,1.274658659023792e+117
2024-01-26,0.002133114212078624,0.0,0.002133114212078624,1.0,2,1.362570353699735e+117,1.2773776515249046e+117
2024-01-29,0.010566718427747313,0.0,0.010566718427747313,1.0,2,1.3769682509652763e+117,1.2908753414944656e+117
2024-01-30,-0.0012368269938891063,0.0,-0.0012368269938891063,1.0,2,1.3752651794627542e+117,1.2892787520263593e+117
2024-01-31,-0.009362544577721399,0.0,-0.009362544577721399,1.0,2,1.362389197913846e+117,1.2772078222374035e+117
2024-02-01,0.01379922338445555,0.0,0.01379922338445555,1.0,2,1.3811891107924285e+117,1.2948322982848313e+117
2024-02-02,0.007371726869277617,0.0,0.007371726869277617,1.0,2,1.391370859672011e+117,1.304377448329306e+117
2024-02-05,-0.0013144012098170732,0.0,-0.0013144012098170732,1.0,2,1.3895420401307537e+117,1.3026629730331639e+117
2024-02-06,0.004711785652921574,0.0,0.004711785652921574,1.0,2,1.3960892643795732e+117,1.3088008417400936e+117
2024-02-07,0.008284973060036782,0.0,0.008284973060036782,1.0,2,1.4076558263243645e+117,1.3196442214548636e+117
2024-02-08,0.002803995869325615,0.0,0.002803995869325615,1.0,2,1.41160288744681e+117,1.3233444984008024e+117
2024-02-09,0.009368543686167352,0.0,0.009368543686167352,1.0,2,1.4248275507653755e+117,1.3357423091459198e+117
2024-02-12,0.002028386334425425,0.0,0.002028386334425425,1.0,2,1.427717651498261e+117,1.3384517105921053e+117
2024-02-13,-0.014287109034373358,0.0,-0.014287109034373358,1.0,2,1.4073196937410057e+117,1.3193291050656323e+117
2024-02-14,0.01451485771957206,0.0,0.01451485771957206,1.0,2,1.427746738861608e+117,1.33847897931095e+117
2024-02-15,0.009778111662289923,0.0,0.009778111662289923,1.0,2,1.441707405899667e+117,1.3515667762282804e+117
2024-02-16,-0.0012631464079769783,0.0,-0.0012631464079769783,1.0,2,1.439886318368551e+117,1.3498595495097466e+117
2024-02-20,0.001077328178275494,0.0,0.001077328178275494,1.0,2,1.441437548472843e+117,1.3513137912391475e+117
2024-02-21,0.000893274687119916,0.0,0.000893274687119916,1.0,2,1.4427251481479578e+117,1.3525208856432176e+117
2024-02-22,0.022956535404402234,0.0,0.022956535404402234,1.0,2,1.4758451190902382e+117,1.3835700792396799e+117
2024-02-23,0.0022668834284538253,0.0,0.0022668834284538253,1.0,2,1.4791906879336683e+117,1.386706471324413e+117
2024-02-26,0.0015293559278132252,0.0,0.0015293559278132252,1.0,2,1.4814528969806256e+117,1.3888272390864696e+117
2024-02-27,0.004946761722543713,0.0,0.004946761722543713,1.0,2,1.4887812914651606e+117,1.3956974365120085e+117
2024-02-28,-0.0027960029941653253,0.0,-0.0027960029941653253,1.0,2,1.4846186545165666e+117,1.391795062300572e+117
2024-02-29,0.008559174626878108,0.0,0.008559174626878108,1.0,2,1.4973257648348947e+117,1.4037076792836294e+117
2024-03-01,0.015517634631887989,0.0,0.015517634631887989,1.0,2,1.5205607189785147e+117,1.425489902180728e+117
2024-03-04,-0.0004336422355032399,0.0,-0.0004336422355032399,1.0,2,1.5199013396291186e+117,1.4248717495528592e+117
2024-03-05,-0.007268326728269936,0.0,-0.007268326728269936,1.0,2,1.508854200097959e+117,1.4145153161312274e+117
2024-03-06,0.012478449247646739,0.0,0.012478449247646739,1.0,2,1.52768236065598e+117,1.43216627371359e+117
2024-03-07,0.016199349743393654,0.0,0.016199349743393654,1.0,2,1.5524298215130594e+117,1.4553664360721694e+117
2024-03-08,-0.0052878130781324195,0.0,-0.0052878130781324195,1.0,2,1.5442208627999798e+117,1.447670730398032e+117
2024-03-11,-0.0018623980370991444,0.0,-0.0018623980370991444,1.0,2,1.5413449088962535e+117,1.444974591271373e+117
2024-03-12,0.013577672414014585,0.0,0.013577672414014585,1.0,2,1.5622727851462562e+117,1.4645939829182304e+117
2024-03-13,-0.000986624642646594,0.0,-0.000986624642646594,1.0,2,1.5607314083178946e+117,1.4631489784032113e+117
2024-03-14,-0.0013725037880840674,0.0,-0.0013725037880840674,1.0,2,1.5585892985477964e+117,1.4611408008878214e+117
2024-03-15,-0.00397320310313326,0.0,-0.00397320310313326,1.0,2,1.552396706710296e+117,1.4553353917236194e+117
2024-03-18,0.007578646782118004,0.0,0.007578646782118004,1.0,2,1.5641617730161766e+117,1.466364864607008e+117
2024-03-19,0.004260761930945933,0.0,0.004260761930945933,1.0,2,1.5708262939524847e+117,1.472612696199002e+117
2024-03-20,0.013326127887267836,0.0,0.013326127887267836,1.0,2,1.5917593260343786e+117,1.4922369213169644e+117
2024-03-21,0.005298659224312885,0.0,0.005298659224312885,1.0,2,1.6001935162701568e+117,1.5001437762449609e+117
2024-03-22,0.0013070930253870072,0.0,0.0013070930253870072,1.0,2,1.6022851180545433e+117,1.5021046037119686e+117
2024-03-25,-0.00029657022771262254,0.0,-0.00029657022771262254,1.0,2,1.6018099279922213e+117,1.5016591242075974e+117
2024-03-26,0.0018252895110906775,0.0,0.0018252895110906775,1.0,2,1.6047336948525462e+117,1.504400086856247e+117
2024-03-27,0.007379707579571015,0.0,0.007379707579571015,1.0,2,1.6165761602636425e+117,1.515502119579927e+117
2024-03-28,0.0003118990003704858,0.0,0.0003118990003704858,1.0,2,1.6170803687520516e+117,1.5159748031760834e+117
2024-04-01,-0.007195037136169147,0.0005,-0.007695037136169147,1.0,2,1.6054454154467105e+117,1.5043093207681466e+117
2024-04-02,-0.003986782705208081,0.0,-0.003986782705208081,1.0,2,1.5990448534302522e+117,1.498311966384825e+117
2024-04-03,0.005528419083617564,0.0,0.005528419083617564,1.0,2,1.6078850435135165e+117,1.5065952628529993e+117
2024-04-04,-0.006240402494564756,0.0,-0.006240402494564756,1.0,2,1.5978511936770014e+117,1.497193502016392e+117
2024-04-05,0.009455781558373344,0.0,0.009455781558373344,1.0,2,1.6129601255271973e+117,1.5113506367220749e+117
2024-04-08,0.005599268224872611,0.0,0.005599268224872611,1.0,2,1.6219915219060484e+117,1.519813094318914e+117
2024-04-09,0.003708732771225187,0.0,0.003708732771225187,1.0,2,1.6280070550179907e+117,1.5254496749479514e+117
2024-04-10,-0.010525930726295152,0.0,-0.010525930726295152,1.0,2,1.6108707655349516e+117,1.5093928973429998e+117
2024-04-11,0.008440356296188722,0.0,0.008440356296188722,1.0,2,1.624467088743181e+117,1.5221327111875113e+117
2024-04-12,-0.013056589897799842,0.0,-0.013056589897799842,1.0,2,1.6032570881629883e+117,1.5022588486075096e+117
2024-04-15,-0.003916915367583262,0.0,-0.003916915367583262,1.0,2,1.5969772658361758e+117,1.4963746278373108e+117
2024-04-16,-0.0037089551499391304,0.0,-0.0037089551499391304,1.0,2,1.591054148781717e+117,1.4908246414551554e+117
2024-04-17,0.0005705585220118214,0.0,0.0005705585220118214,1.0,2,1.591961938285287e+117,1.491675244159163e+117
2024-04-18,0.0013573532011939005,0.0,0.0013573532011939005,1.0,2,1.5941227929183972e+117,1.4936999743269642e+117
2024-04-19,-0.0012270561271315317,0.0,-0.0012270561271315317,1.0,2,1.592166714777947e+117,1.49186712062137e+117
2024-04-22,0.012740227559401851,0.0,0.012740227559401851,1.0,2,1.6124512810367235e+117,1.5108738472264762e+117
2024-04-23,0.013453225811297986,0.0,0.013453225811297986,1.0,2,1.6341439522302273e+117,1.5311999742655987e+117
2024-04-24,0.0011721627924162759,0.0,0.0011721627924162759,1.0,2,1.6360594349684838e+117,1.5329947899031816e+117
2024-04-25,-0.0023493819585625464,0.0,-0.0023493819585625464,1.0,2,1.632215706448833e+117,1.5293931996012128e+117
2024-04-26,0.0111707756324389,0.0,0.0111707756324389,1.0,2,1.6504488218893155e+117,1.5464777078877358e+117
2024-04-29,0.007497298355182758,0.0,0.007497298355182758,1.0,2,1.6628227291269793e+117,1.558072112663409e+117
2024-04-30,-0.012028888179794306,0.0,-0.012028888179794306,1.0,2,1.6428208204554906e+117,1.539330237444125e+117
2024-05-01,0.03528766701894176,0.0005,0.03478766701894176,1.0,2,1.7007921345395084e+117,1.5928799451765198e+117
2024-05-02,0.0035859517866764223,0.0,0.0035859517866764223,1.0,2,1.7068910931331255e+117,1.5985919358618862e+117
2024-05-03,0.006312163807925597,0.0,0.006312163807925597,1.0,2,1.717665269315271e+117,1.6086825100230753e+117
2024-05-06,0.01075510305838262,0.0,0.01075510305838262,1.0,2,1.7361389363065612e+117,1.625984056206591e+117
2024-05-07,-0.0013591298662237183,0.0,-0.0013591298662237183,1.0,2,1.7337792980263133e+117,1.623774132713797e+117
2024-05-08,-0.0011596755712192652,0.0,-0.0011596755712192652,1.0,2,1.7317686765285065e+117,1.621891081518911e+117
2024-05-09,0.011033437843261051,0.0,0.011033437843261051,1.0,2,1.7508760385798903e+117,1.6397861159553894e+117
2024-05-10,0.0051366736871595875,0.0,0.0051366736871595875,1.0,2,1.759869717456742e+117,1.648209162149787e+117
2024-05-13,-0.005102342274920457,0.0,-0.005102342274920457,1.0,2,1.7508902597990102e+117,1.639799434863839e+117
2024-05-14,0.006819949356814792,0.0,0.006819949356814792,1.0,2,1.76283124270018e+117,1.650982783964944e+117
2024-05-15,0.012895011758187025,0.0,0.012895011758187025,1.0,2,1.785562972302498e+117,1.672272226376736e+117
2024-05-16,-0.002589796461205607,0.0,-0.002589796461205607,1.0,2,1.7809387276355692e+117,1.667941381682693e+117
2024-05-17,0.009276491188506097,0.0,0.009276491188506097,1.0,2,1.79745959004975e+117,1.6834140252128174e+117
2024-05-20,0.002932085539807616,0.0,0.002932085539807616,1.0,2,1.8027298953221232e+117,1.688349939133653e+117
2024-05-21,0.0007783053795435979,0.0,0.0007783053795435979,1.0,2,1.8041329696975166e+117,1.689663990973833e+117
2024-05-22,-0.010305047291968072,0.0,-0.010305047291968072,1.0,2,1.7855412941237847e+117,1.672251923639312e+117
2024-05-23,-0.013021471819538166,0.0,-0.013021471819538166,1.0,2,1.76229091847973e+117,1.6504767423404742e+117
2024-05-24,0.004143377742753918,0.0,0.004143377742753918,1.0,2,1.7695927554476164e+117,1.6573152909396208e+117
2024-05-28,0.005999919304453816,0.0,0.005999919304453816,1.0,2,1.780210169182048e+117,1.6672590489472958e+117
2024-05-29,-0.007921645437908853,0.0,-0.007921645437908853,1.0,2,1.766107975416828e+117,1.65405161390839e+117
2024-05-30,-0.002011614826814334,0.0,-0.002011614826814334,1.0,2,1.7625552464277244e+117,1.6507242991575357e+117
2024-05-31,0.0019314138832651762,0.0,0.0019314138832651762,1.0,2,1.7659594701006967e+117,1.6539125309863718e+117
2024-06-03,0.005288406436916304,0.0,0.005288406436916304,1.0,2,1.7752985815297106e+117,1.6626590926613368e+117
2024-06-04,-0.003663270106538996,0.0,-0.003663270106538996,1.0,2,1.7687951833058118e+117,1.6565683233098252e+117
2024-06-05,0.012150128274464433,0.0,0.012150128274464433,1.0,2,1.7902862716742323e+117,1.676695840933454e+117
2024-06-06,0.004050483640038183,0.0,0.004050483640038183,1.0,2,1.7975377969286335e+117,1.683487270006475e+117
2024-06-07,-0.018288808436171644,0.0,-0.018288808436171644,1.0,2,1.7646629725038278e+117,1.6526982938205931e+117
2024-06-10,0.006397876738384434,0.0,0.006397876738384434,1.0,2,1.775953068686698e+117,1.6632720537901953e+117
2024-06-11,0.0028830712529892,0.0,0.0028830712529892,1.0,2,1.781073267925687e+117,1.6680673856343782e+117
2024-06-12,0.0059616592340615004,0.0,0.0059616592340615004,1.0,2,1.7916914198199562e+117,1.6780118349669823e+117
2024-06-13,-0.0026548398971374954,0.0,-0.0026548398971374954,1.0,2,1.786934765955259e+117,1.673556982199643e+117
2024-06-14,0.007048146937149002,0.0,0.007048146937149002,1.0,2,1.7995293447528119e+117,1.685352457717878e+117
2024-06-17,0.0016022345849709407,0.0,0.0016022345849709407,1.0,2,1.8024126129056448e+117,1.6880527877134992e+117
2024-06-18,0.003600489274390606,0.0,0.003600489274390606,1.0,2,1.808902180186438e+117,1.6941306036702668e+117
2024-06-20,0.00530682780229641,0.0,0.00530682780229641,1.0,2,1.8185017125678863e+117,1.7031210630585457e+117
2024-06-21,-0.008174156606482352,0.0,-0.008174156606482352,1.0,2,1.8036369947802e+117,1.6891994847693065e+117
2024-06-24,0.0006558636809864682,0.0,0.0006558636809864682,1.0,2,1.8048199347787596e+117,1.6903073693613076e+117
2024-06-25,-0.00027721148346876445,0.0,-0.00027721148346876445,1.0,2,1.8043196179672457e+117,1.6898387967479286e+117
2024-06-26,-0.003771831500952949,0.0,-0.003771831500952949,1.0,2,1.7975140283944094e+117,1.6834650095428225e+117
2024-06-27,0.006700007232114558,0.0,0.006700007232114558,1.0,2,1.8095573853844795e+117,1.6947442372817713e+117
2024-06-28,-0.0015598205183665614,0.0,-0.0015598205183665614,1.0,2,1.806734800645595e+117,1.6921007404470757e+117
2024-07-01,0.0026417721618243184,0.0,0.0026417721618243184,1.0,2,1.81150778234574e+117,1.6965708850781912e+117
2024-07-02,0.0034821044187121064,0.0,0.0034821044187121064,1.0,2,1.8178156415991777e+117,1.7024785220537802e+117
2024-07-03,0.008065402502514696,0.0,0.008065402502514696,1.0,2,1.832477056424042e+117,1.71620969658603e+117
2024-07-05,0.009823003327236235,0.0,0.009823003327236235,1.0,2,1.8504774846463792e+117,1.7330680301458295e+117
2024-07-08,-0.00534897237546883,0.0,-0.00534897237546883,1.0,2,1.8405793316995786e+117,1.7237978971277713e+117
2024-07-09,0.0016385817092164356,0.0,0.0016385817092164356,1.0,2,1.8435952713268633e+117,1.7266224808323906e+117
2024-07-10,0.006994121992769109,0.0,0.006994121992769109,1.0,2,1.8564896015598157e+117,1.73869868909879e+117
2024-07-11,0.004914630500838513,0.0,0.004914630500838513,1.0,2,1.865613561980131e+117,1.7472437507080028e+117
2024-07-12,0.0030983873637862036,0.0,0.0030983873637862036,1.0,2,1.8713939554662785e+117,1.7526573886666508e+117
2024-07-15,0.0033161180034688154,0.0,0.0033161180034688154,1.0,2,1.877599718653583e+117,1.758469407387121e+117
2024-07-16,0.013139309713723402,0.0,0.013139309713723402,1.0,2,1.9022700828753722e+117,1.7815744815528878e+117
2024-07-17,-0.009157319434434874,0.0,-0.009157319434434874,1.0,2,1.8848503880759135e+117,1.7652600349290702e+117
2024-07-18,-0.006581093842528196,0.0,-0.006581093842528196,1.0,2,1.8724460107928603e+117,1.7536426929827375e+117
2024-07-19,-0.01194125078992736,0.0,-0.01194125078992736,1.0,2,1.8500866633873838e+117,1.732702005789907e+117
2024-07-22,0.005627926368221292,0.0,0.005627926368221292,1.0,2,1.8604988149037563e+117,1.742453525096562e+117
2024-07-23,0.001259923373209293,0.0,0.001259923373209293,1.0,2,1.8628429008464818e+117,1.7446488830195622e+117
2024-07-24,-0.012800997749291665,0.0,-0.012800997749291665,1.0,2,1.838996653065462e+117,1.7223156365947245e+117
2024-07-25,-0.010107560403332438,0.0,-0.010107560403332438,1.0,2,1.8204088833130766e+117,1.7049072272642393e+117
2024-07-26,0.011154231588659913,0.0,0.011154231588659913,1.0,2,1.8407141455836046e+117,1.7239241573143247e+117
2024-07-29,-6.449978383255006e-05,0.0,-6.449978383255006e-05,1.0,2,1.8405954199191167e+117,1.7238129645788342e+117
2024-07-30,0.0028543492112581004,0.0,0.0028543492112581004,1.0,2,1.845849122004208e+117,1.728733328754636e+117
2024-07-31,0.017514564600472515,0.0,0.017514564600472515,1.0,2,1.878178365694276e+117,1.759011340318099e+117
2024-08-01,-0.008260863395690321,0.0,-0.008260863395690321,1.0,2,1.8626629907825347e+117,1.744480387924261e+117
2024-08-02,-0.010064793158847563,0.0,-0.010064793158847563,1.0,2,1.8439156730556681e+117,1.7269225536501373e+117
2024-08-05,-0.02091994116596535,0.0,-0.02091994116596535,1.0,2,1.8053410656603422e+117,1.690795435429598e+117
2024-08-06,0.0008420062012808316,0.0,0.0008420062012808316,1.0,2,1.8068611740330552e+117,1.692219095671327e+117
2024-08-07,-0.002920195420353322,0.0,-0.002920195420353322,1.0,2,1.8015847863074296e+117,1.6872774852179132e+117
2024-08-08,0.01955393619022744,0.0,0.01955393619022744,1.0,2,1.8368128602601697e+117,1.7202704014990716e+117
2024-08-09,0.0036249129078184117,0.0,0.0036249129078184117,1.0,2,1.8434711469065738e+117,1.7265062318824038e+117
2024-08-12,0.00912285276546082,0.0,0.00912285276546082,1.0,2,1.8602888627571777e+117,1.7422568940345174e+117
2024-08-13,0.007652610908047641,0.0,0.007652610908047641,1.0,2,1.874524929600433e+117,1.7555897081464272e+117
2024-08-14,-0.0022345879539398816,0.0,-0.0022345879539398816,1.0,2,1.870336138773388e+117,1.7516666885325425e+117
2024-08-15,0.010427780692066735,0.0,0.010427780692066735,1.0,2,1.8898395938489637e+117,1.7699326846061587e+117
2024-08-16,0.012441428244775843,0.0,0.012441428244775843,1.0,2,1.9133518975499718e+117,1.7919531750997695e+117
2024-08-19,0.0041644577009150585,0.0,0.0041644577009150585,1.0,2,1.9213199705942843e+117,1.7994156882994928e+117
2024-08-20,0.0013192505688382483,0.0,0.0013192505688382483,1.0,2,1.9238546730584108e+117,1.8017895684698582e+117
2024-08-21,0.0013322117568975722,0.0,0.0013322117568975722,1.0,2,1.9264176548724214e+117,1.8041899337164288e+117
2024-08-22,-0.00946385913325909,0.0,-0.00946385913325909,1.0,2,1.9081863095548855e+117,1.7871153343340926e+117
2024-08-23,0.011350530820453064,0.0,0.011350530820453064,1.0,2,1.929845237072655e+117,1.8074000420161563e+117
2024-08-26,0.0007607016102706976,0.0,0.0007607016102706976,1.0,2,1.9313132734520692e+117,1.8087749341385212e+117
2024-08-27,0.0022647086782095482,0.0,0.0022647086782095482,1.0,2,1.9356871353827972e+117,1.8128712824287927e+117
2024-08-28,-0.006094589865403566,0.0,-0.006094589865403566,1.0,2,1.923889916184901e+117,1.801822575483621e+117
2024-08-29,0.002994934399281779,0.0,0.002994934399281779,1.0,2,1.9296518402753142e+117,1.8072189158963393e+117
2024-08-30,0.0014590160275910202,0.0,0.0014590160275910202,1.0,2,1.9324672332379463e+117,1.8098556772599975e+117
2024-09-03,-0.012115274786753838,0.0,-0.012115274786753838,1.0,2,1.9090548616908705e+117,1.7879287784056262e+117
2024-09-04,-0.0004963858707046076,0.0,-0.0004963858707046076,1.0,2,1.9081072338311273e+117,1.7870412758221994e+117
2024-09-05,0.0032571484413938534,0.0,0.0032571484413938534,1.0,2,1.9143222223338128e+117,1.7928619345284504e+117
2024-09-06,-0.011634710295438333,0.0,-0.011634710295438333,1.0,2,1.8920496378648392e+117,1.7720025053204926e+117
2024-09-09,0.008016574563099788,0.0,0.008016574563099788,1.0,2,1.9072173948638686e+117,1.786207895530394e+117
2024-09-10,0.004683770694937084,0.0,0.004683770694937084,1.0,2,1.9161503638068064e+117,1.7945740837265445e+117
2024-09-11,0.004490679613980697,0.0,0.004490679613980697,1.0,2,1.9247551811828754e+117,1.8026329409801136e+117
2024-09-12,0.013155553955466581,0.0,0.013155553955466581,1.0,2,1.9500764018199906e+117,1.826347575897079e+117
2024-09-13,0.00781150593131269,0.0,0.00781150593131269,1.0,2,1.9653094351993203e+117,1.8406141008188376e+117
2024-09-16,0.00094244008923966,0.0,0.00094244008923966,1.0,2,1.967161621598813e+117,1.8423487693362693e+117
2024-09-17,-0.0021950168942663772,0.0,-0.0021950168942663772,1.0,2,1.9628436686056513e+117,1.8383047826624452e+117
2024-09-18,-0.004979544672573222,0.0,-0.004979544672573222,1.0,2,1.953069600872552e+117,1.8291508618753725e+117
2024-09-19,0.016757192526290765,0.0,0.016757192526290765,1.0,2,1.9857975641916195e+117,1.859802295027449e+117
2024-09-20,0.005647917647943701,0.0,0.005647917647943701,1.0,2,1.9970131852996608e+117,1.8703063052312205e+117
2024-09-23,0.002441549221223527,0.0,0.002441549221223527,1.0,2,2.0018889912870024e+117,1.8748727501342074e+117
2024-09-24,0.008604941922695952,0.0,0.008604941922695952,1.0,2,2.0191151297927115e+117,1.8910059212615574e+117
2024-09-25,-0.0015701587190579125,0.0,-0.0015701587190579125,1.0,2,2.0159447985668856e+117,1.8880367418264984e+117
2024-09-26,0.004857766724060464,0.0,0.004857766724060464,1.0,2,2.025737788126907e+117,1.8972083838847468e+117
2024-09-27,-0.004436892167942352,0.0,-0.004436892167942352,1.0,2,2.0167498080004618e+117,1.8887906748653342e+117
2024-09-30,-0.001869691734318002,0.0,-0.001869691734318002,1.0,2,2.0129791075542562e+117,1.8852592185526818e+117
2024-10-01,0.001040566436690371,0.0,0.001040566436690371,1.0,2,2.015073746051336e+117,1.887220956019969e+117
2024-10-02,0.0004843887890073062,0.0,0.0004843887890073062,1.0,2,2.0160498251829464e+117,1.8881351046934446e+117
2024-10-03,-0.0010815933289158863,0.0,-0.0010815933289158863,1.0,2,2.0138692791412664e+117,1.8860929103601163e+117
2024-10-04,0.0038189934139754578,0.0,0.0038189934139754578,1.0,2,2.0215602326549144e+117,1.8932958867629274e+117
2024-10-07,-0.005986233865385326,0.0,-0.005986233865385326,1.0,2,2.0094587003292792e+117,1.8819621748083925e+117
2024-10-08,0.0012327954736839897,0.0,0.0012327954736839897,1.0,2,2.0119359519196e+117,1.8842822492591406e+117
2024-10-09,0.000875817690890679,0.0,0.000875817690890679,1.0,2,2.0136980410192302e+117,1.885932536987673e+117
2024-10-10,0.0029667699307711626,0.0,0.0029667699307711626,1.0,2,2.0196722198169787e+117,1.891527664929871e+117
2024-10-11,0.008581180296697577,0.0,0.008581180296697577,1.0,2,2.0370033912754596e+117,1.9077592048588256e+117
2024-10-14,0.0034487874973426202,0.0,0.0034487874973426202,1.0,2,2.0440285831033348e+117,1.914338660952483e+117
2024-10-15,-0.0018538335739973766,0.0,-0.0018538335739973766,1.0,2,2.0402392942897676e+117,1.910789795670808e+117
2024-10-16,0.004843535345072314,0.0,0.004843535345072314,1.0,2,2.0501212654240657e+117,1.9200447735831432e+117
2024-10-17,0.003383274759979016,0.0,0.003383274759979016,1.0,2,2.0570573889562713e+117,1.926540812603637e+117
2024-10-18,0.007445088774768294,0.0,0.007445088774768294,1.0,2,2.072372363831844e+117,1.9408840799816856e+117
2024-10-21,-0.0007056279664169329,0.0,-0.0007056279664169329,1.0,2,2.0709100399350947e+117,1.9395145378952772e+117
2024-10-22,0.005246204504287755,0.0,0.005246204504287755,1.0,2,2.081774457514577e+117,1.949689627800115e+117
2024-10-23,-0.010391506081153468,0.0,-0.010391506081153468,1.0,2,2.0601416855797242e+117,1.9294294161764683e+117
2024-10-24,0.005194073270628652,0.0,0.005194073270628652,1.0,2,2.0708422124425015e+117,1.939451013934595e+117
2024-10-25,0.0011622190216856731,0.0,0.0011622190216856731,1.0,2,2.0732489846527116e+117,1.9417050807946173e+117
2024-10-28,0.0018750845129649196,0.0,0.0018750845129649196,1.0,2,2.0771365017153542e+117,1.9453459419203606e+117
2024-10-29,0.006401177311955941,0.0,0.006401177311955941,1.0,2,2.09043262076397e+117,1.9577984462276867e+117
2024-10-30,0.0014560590943218932,0.0,0.0014560590943218932,1.0,2,2.0934764141925006e+117,1.960649116460166e+117
2024-10-31,-0.017376473088286937,0.0,-0.017376473088286937,1.0,2,2.0570991776203212e+117,1.9265799498524222e+117
2024-11-01,0.000332192870416248,0.0,0.000332192870416248,1.0,2,2.057782531300866e+117,1.9272199459760501e+117
2024-11-04,-0.0001270729471921639,0.0,-0.0001270729471921639,1.0,2,2.057521042809933e+117,1.9269750484576273e+117
2024-11-05,0.007285845144971048,0.0,0.007285845144971048,1.0,2,2.0725118225103657e+117,1.9410146902589127e+117
2024-11-06,-0.0023927059394068806,0.0,-0.0023927059394068806,1.0,2,2.067552911163154e+117,1.9363704128810543e+117
2024-11-07,0.012067228083122994,0.0,0.012067228083122994,1.0,2,2.092502543716085e+117,1.9597370363067012e+117
2024-11-08,-0.0010432032605794395,0.0,-0.0010432032605794395,1.0,2,2.0903196382397097e+117,1.9576926322405478e+117
2024-11-11,-0.011030451860655655,0.0,-0.011030451860655655,1.0,2,2.0672624680967234e+117,1.9360983979026582e+117
2024-11-12,-0.005642748893575911,0.0,-0.005642748893575911,1.0,2,2.0555974250921395e+117,1.925173480810039e+117
2024-11-13,-0.004539652123178639,0.0,-0.004539652123178639,1.0,2,2.0462657278769195e+117,1.9164338629303923e+117
2024-11-14,-0.004238807291936764,0.0,-0.004238807291936764,1.0,2,2.0375920017883545e+117,1.9083104690976882e+117
2024-11-15,-0.007094449291747851,0.0,-0.007094449291747851,1.0,2,2.023136408654396e+117,1.8947720572417632e+117
2024-11-18,0.011717944876500852,0.0,0.011717944876500852,1.0,2,2.04684340956865e+117,1.9169748917620562e+117
2024-11-19,0.006378677157415469,0.0,0.006378677157415469,1.0,2,2.059899562870072e+117,1.929202655715478e+117
2024-11-20,0.0031878441894265808,0.0,0.0031878441894265808,1.0,2,2.0664662017223698e+117,1.935352653191727e+117
2024-11-21,0.007099744825456722,0.0,0.007099744825456722,1.0,2,2.081137584445029e+117,1.9490931631766588e+117
2024-11-22,0.00815037388229517,0.0,0.00815037388229517,1.0,2,2.098099633858753e+117,1.964979001187974e+117
2024-11-25,-0.012794496536227051,0.0,-0.012794496536227051,1.0,2,2.071255505360688e+117,1.9398380841635157e+117
2024-11-26,0.003773590239897817,0.0,0.003773590239897817,1.0,2,2.0790715749200518e+117,1.9471582382248973e+117
2024-11-27,-0.00015150925425111428,0.0,-0.00015150925425111428,1.0,2,2.078756576336201e+117,1.946863225732315e+117
2024-11-29,0.007582439749682923,0.0,0.007582439749682923,1.0,2,2.0945186228305273e+117,1.9616251988423033e+117
2024-12-02,-0.003288113200550502,0.0,-0.003288113200550502,1.0,2,2.0876316084979996e+117,1.9551751531314577e+117
2024-12-03,0.0014456145226623418,0.0,0.0014456145226623418,1.0,2,2.0906495190692134e+117,1.9580015827271733e+117
2024-12-04,0.00482133139936064,0.0,0.00482133139936064,1.0,2,2.1007292332405598e+117,1.9674417572379736e+117
2024-12-05,-0.004303897551778846,0.0,-0.004303897551778846,1.0,2,2.0916879098366656e+117,1.9589740894757297e+117
2024-12-06,0.001346622237556827,0.0,0.001346622237556827,1.0,2,2.0945046232900806e+117,1.9616120875474155e+117
2024-12-09,0.0026647899112016704,0.0,0.0026647899112016704,1.0,2,2.100086038079189e+117,1.966839371648003e+117
2024-12-10,0.005276237942659023,0.0,0.005276237942659023,1.0,2,2.1111665917161506e+117,1.9772168841678078e+117
2024-12-11,0.008845077014234926,0.0,0.008845077014234926,1.0,2,2.12984002280976e+117,1.9947055197821177e+117
2024-12-12,-0.009695073019740708,0.0,-0.009695073019740708,1.0,2,2.1091910682682532e+117,1.9753667041149502e+117
2024-12-13,-0.00587885212382061,0.0,-0.00587885212382061,1.0,2,2.0967914458770208e+117,1.9637538153711395e+117
2024-12-16,0.003569623873742822,0.0,0.003569623873742822,1.0,2,2.1042762026804832e+117,1.970763677872642e+117
2024-12-17,-0.0038165490013113423,0.0,-0.0038165490013113423,1.0,2,2.0962451294406598e+117,1.9632421617260365e+117
2024-12-18,-0.02401875817414978,0.0,-0.02401875817414978,1.0,2,2.0458959246028854e+117,1.916087523006244e+117
2024-12-19,0.0009810445441983395,0.0,0.0009810445441983395,1.0,2,2.047903039637715e+117,1.9179672902168957e+117
2024-12-20,0.011218162760511463,0.0,0.011218162760511463,1.0,2,2.0708767492541172e+117,1.939483359447886e+117
2024-12-23,0.0007245760195981887,0.0,0.0007245760195981887,1.0,2,2.07237725688617e+117,1.9408886625805516e+117
2024-12-24,0.006633419181184208,0.0,0.006633419181184208,1.0,2,2.086124203932649e+117,1.9537633906634565e+117
2024-12-26,0.0035005842097974305,0.0,0.0035005842097974305,1.0,2,2.093426857380612e+117,1.9606027039384936e+117
2024-12-27,-0.00858306290267119,0.0,-0.00858306290267119,1.0,2,2.075458842981573e+117,1.9437747276034424e+117
2024-12-30,-0.007261587596198493,0.0,-0.007261587596198493,1.0,2,2.0603877167909574e+117,1.929659837151673e+117
2024-12-31,0.0015264774458484398,0.0,0.0015264774458484398,1.0,2,2.0635328521703417e+117,1.9326054193712442e+117
2025-01-02,0.005827095523984194,0.0,0.005827095523984194,1.0,2,2.075557255216818e+117,1.94386689576009e+117
2025-01-03,0.0024166092904716052,0.0,0.0024166092904716052,1.0,2,2.0805730661626806e+117,1.9485644625598242e+117
2025-01-06,0.0024976729457028,0.0,0.0024976729457028,1.0,2,2.0857696572215928e+117,1.9534313393009174e+117
2025-01-07,-0.002493651350636339,0.0,-0.002493651350636339,1.0,2,2.0805684748987458e+117,1.9485601626032943e+117
2025-01-08,0.0035206667267370095,0.0,0.0035206667267370095,1.0,2,2.0878934631010195e+117,1.955420393532817e+117
2025-01-10,-0.002717066933884571,0.0,-0.002717066933884571,1.0,2,2.082220516810954e+117,1.9501073854397055e+117
2025-01-13,-0.004177550671602137,0.0,-0.004177550671602137,1.0,2,2.0735219350925267e+117,1.9419607130219654e+117
2025-01-14,0.003542523755783511,0.0,0.003542523755783511,1.0,2,2.0808674358057303e+117,1.948840154980644e+117
2025-01-15,0.013032937911588716,0.0,0.013032937911588716,1.0,2,2.1079872518988332e+117,1.974239267720118e+117
2025-01-16,0.0026983167355977833,0.0,0.0026983167355977833,1.0,2,2.1136752691790587e+117,1.9795663905762816e+117
2025-01-17,0.0025708622518975655,0.0,0.0025708622518975655,1.0,2,2.1191092371413607e+117,1.9846555830849394e+117
2025-01-21,0.01243892346840797,0.0,0.01243892346840797,1.0,2,2.1454686747633583e+117,2.0093425619940816e+117
2025-01-22,0.0055528851913611565,0.0,0.0055528851913611565,1.0,2,2.1573822159959807e+117,2.02050021055095e+117
2025-01-23,0.0021136744488504666,0.0,0.0021136744488504666,1.0,2,2.161942219662336e+117,2.0247708902198888e+117
2025-01-24,0.0018247376150601347,0.0,0.0018247376150601347,1.0,2,2.1658871969521406e+117,2.028465565825152e+117
2025-01-27,-0.012309935495096014,0.0,-0.012309935495096014,1.0,2,2.1392252652680055e+117,2.0034952855558212e+117
2025-01-28,0.008715722957656102,0.0,0.008715722957656102,1.0,2,2.1578701600240996e+117,2.0209571954116956e+117
2025-01-29,-0.004006051926396081,0.0,-0.004006051926396081,1.0,2,2.1492256201126225e+117,2.0128611359458527e+117
2025-01-30,0.010393217809944733,0.0,0.010393217809944733,1.0,2,2.1715629901051668e+117,2.033781240152911e+117
2025-01-31,-0.0013921228634871663,0.0,-0.0013921228634871663,1.0,2,2.1685399076171386e+117,2.0309499667891626e+117
2025-02-03,-0.0006908425971501875,0.0,-0.0006908425971501875,1.0,2,2.1670417878753367e+117,2.029546900039424e+117
2025-02-04,0.008358036150479975,0.0,0.008358036150479975,1.0,2,2.1851540014779996e+117,2.0465099263990482e+117
2025-02-05,0.0052198236680701116,0.0,0.0052198236680701116,1.0,2,2.1965601200532925e+117,2.0571923473498062e+117
2025-02-06,0.0005757333203072479,0.0,0.0005757333203072479,1.0,2,2.197824752904465e+117,2.0583767415304565e+117
2025-02-07,-0.003426137859617928,0.0,-0.003426137859617928,1.0,2,2.1902947023097338e+117,2.051324459046942e+117
2025-02-10,0.012029478974250107,0.0,0.012029478974250107,1.0,2,2.21664280637858e+117,2.0760008234964123e+117
2025-02-11,-0.001365288913333429,0.0,-0.001365288913333429,1.0,2,2.213616448530211e+117,2.0731664825880216e+117
2025-02-12,-0.0010520568995770474,0.0,-0.0010520568995770474,1.0,2,2.2112875980725175e+117,2.0709853934860428e+117
2025-02-13,0.01027932727742098,0.0,0.01027932727742098,1.0,2,2.234018146997607e+117,2.092273730132444e+117
2025-02-14,-0.007316283449058769,0.0,-0.007316283449058769,1.0,2,2.2176734370038313e+117,2.0769660624697754e+117
2025-02-18,0.009875599857920636,0.0,0.009875599857920636,1.0,2,2.239574292483221e+117,2.0974773482212083e+117
2025-02-19,0.0015448412452201965,0.0,0.0015448412452201965,1.0,2,2.2430340792219839e+117,2.1007176177396555e+117
2025-02-20,-0.0016799583376939098,0.0,-0.0016799583376939098,1.0,2,2.2392658754188635e+117,2.0971884996625932e+117
2025-02-21,-0.008734518456632978,0.0,-0.008734518456632978,1.0,2,2.219706966300709e+117,2.0788705680052518e+117
2025-02-24,0.0006907566458574377,0.0,0.0006907566458574377,1.0,2,2.2212402436395373e+117,2.0803065616659787e+117
2025-02-25,-0.008911236469397066,0.0,-0.008911236469397066,1.0,2,2.2014462465731243e+117,2.061768457966135e+117
2025-02-26,0.0012279687758578461,0.0,0.0012279687758578461,1.0,2,2.2041495538256454e+117,2.064300245255566e+117
2025-02-27,-0.015246441116092302,0.0,-0.015246441116092302,1.0,2,2.1705441174421816e+117,2.032827013120342e+117
2025-02-28,0.004703163658976495,0.0,0.004703163658976495,1.0,2,2.1807525416555408e+117,2.0423877312534355e+117
2025-03-03,-0.0018082251770440982,0.0,-0.0018082251770440982,1.0,2,2.1768092500048163e+117,2.038694634336497e+117
2025-03-04,-0.0014615816080199573,0.0,-0.0014615816080199573,1.0,2,2.1736276656408417e+117,2.0357149157545818e+117
2025-03-05,0.006477324160905351,0.0,0.006477324160905351,1.0,2,2.1877069566363092e+117,2.0489009011631142e+117
2025-03-06,-0.011374218998559338,0.0,-0.011374218998559338,1.0,2,2.1628234986068563e+117,2.0255962536069395e+117
2025-03-07,0.0031244130468500164,0.0,0.0031244130468500164,1.0,2,2.1695810525639372e+117,2.0319250529693594e+117
2025-03-10,-0.017669354743248322,0.0,-0.017669354743248322,1.0,2,2.131245955301955e+117,1.9960222483967503e+117
2025-03-11,0.0018675106460332436,0.0,0.0018675106460332436,1.0,2,2.1352260798127967e+117,1.9997498411953504e+117
2025-03-12,0.005158179855653144,0.0,0.005158179855653144,1.0,2,2.1462399599649526e+117,2.01006491054255e+117
2025-03-13,0.0024232814020576088,0.0,0.0024232814020576088,1.0,2,2.1514409033442882e+117,2.0149358634571963e+117
2025-03-14,0.010599753349626151,0.0,0.010599753349626151,1.0,2,2.1742456462660348e+117,2.0362936866251588e+117
2025-03-17,0.006638848841546474,0.0,0.006638848841546474,1.0,2,2.1886801344559857e+117,2.0498123326076586e+117
2025-03-18,0.000581573412557268,0.0,0.000581573412557268,1.0,2,2.189953012630778e+117,2.0510044489610355e+117
2025-03-19,0.0075952356471502,0.0,0.0075952356471502,1.0,2,2.2065862218178952e+117,2.066582311064248e+117
2025-03-20,-0.002005851992483154,0.0,-0.002005851992483154,1.0,2,2.202160136448276e+117,2.0624370528179695e+117
2025-03-21,-0.0038513566742849337,0.0,-0.0038513566742849337,1.0,2,2.1936788323089217e+117,2.0544938721093065e+117
2025-03-24,0.006840517288863812,0.0,0.006840517288863812,1.0,2,2.2086847302875453e+117,2.068547672961335e+117
2025-03-25,0.0035154851891202044,0.0,0.0035154851891202044,1.0,2,2.216449328744307e+117,2.0758196216686195e+117
2025-03-26,-0.00620890904674215,0.0,-0.00620890904674215,1.0,2,2.202687596455421e+117,2.0629310464402364e+117
2025-03-27,0.005435201335139583,0.0,0.005435201335139583,1.0,2,2.2146596470205707e+117,2.0741434920181492e+117
2025-03-28,-0.006190335909871114,0.0,-0.006190335909871114,1.0,2,2.2009501598794767e+117,2.0613038470772838e+117
2025-03-31,0.01051944313035047,0.0,0.01051944313035047,1.0,2,2.2241029299190648e+117,2.0829876156709862e+117
2025-04-01,-0.008686148868958021,0.0005,-0.009186148868958022,1.0,2,2.204784040769902e+117,2.063852981341237e+117
2025-04-02,0.001806750771915444,0.0,0.001806750771915444,1.0,2,2.20876753603747e+117,2.0675818493083954e+117
2025-04-03,-0.01176588038173143,0.0,-0.01176588038173143,1.0,2,2.1827794414174014e+117,2.0432549285899937e+117
2025-04-04,-0.04005909424794102,0.0,-0.04005909424794102,1.0,2,2.0953392740511934e+117,1.961403986833037e+117
2025-04-07,-0.031154623475492804,0.0,-0.031154623475492804,1.0,2,2.030059767914716e+117,1.900297184139923e+117
2025-04-08,-0.0017170913216041916,0.0,-0.0017170913216041916,1.0,2,2.0265739699048917e+117,1.8970342003365674e+117
2025-04-09,0.050431024682734193,0.0,0.050431024682734193,1.0,2,2.128776171802552e+117,1.9927035789177316e+117
2025-04-10,0.005993448565547843,0.0,0.005993448565547843,1.0,2,2.1415348822958147e+117,2.0046467453243583e+117
2025-04-11,0.023720870545133055,0.0,0.023720870545133055,1.0,2,2.1923339540066406e+117,2.0521987112589197e+117
2025-04-14,0.002329127409268994,0.0,0.002329127409268994,1.0,2,2.1974401791091883e+117,2.0569785435265792e+117
2025-04-15,0.003325228791456858,0.0,0.003325228791456858,1.0,2,2.2047471704602664e+117,2.0638184678029227e+117
2025-04-16,0.010243470841702962,0.0,0.010243470841702962,1.0,2,2.2273314338142032e+117,2.08495913210043e+117
2025-04-17,0.002433089117701459,0.0,0.002433089117701459,1.0,2,2.2327507296873313e+117,2.090032023475596e+117
2025-04-21,0.016633197762269958,0.0,0.016633197762269958,1.0,2,2.2698885141280735e+117,2.1247959394515428e+117
2025-04-22,0.0013423416130840526,0.0,0.0013423416130840526,1.0,2,2.272935479937649e+117,2.1276481414603805e+117
2025-04-23,-0.006321272185174587,0.0,-0.006321272185174587,1.0,2,2.2585676361096225e+117,2.1141986984439285e+117
2025-04-24,0.013952364438848397,0.0,0.013952364438848397,1.0,2,2.2900799948784124e+117,2.1436967691807572e+117
2025-04-25,-0.006686392815272946,0.0,-0.006686392815272946,1.0,2,2.2747676204542572e+117,2.129363170505183e+117
2025-04-28,0.008931805490639988,0.0,0.008931805490639988,1.0,2,2.2950854023765606e+117,2.148382228163068e+117
2025-04-29,-0.0026753322442977234,0.0,-0.0026753322442977234,1.0,2,2.2889452863961656e+117,2.142634591914987e+117
2025-04-30,-0.0022892197552483173,0.0,-0.0022892197552483173,1.0,2,2.283705387627865e+117,2.137729630478897e+117
2025-05-01,-0.01494947684223985,0.0005,-0.015449476842239851,1.0,2,2.2495651868210238e+117,2.1047028260578433e+117
2025-05-02,0.010966816736628138,0.0,0.010966816736628138,1.0,2,2.2742357559619886e+117,2.127784716236283e+117
2025-05-05,0.016579632591573856,0.0,0.016579632591573856,1.0,2,2.3119417492224588e+117,2.163062605065447e+117
2025-05-06,0.014495611157715582,0.0,0.014495611157715582,1.0,2,2.3454547578384766e+117,2.1944175194982713e+117
2025-05-07,-0.008624506061579718,0.0,-0.008624506061579718,1.0,2,2.3252263690623377e+117,2.1754917522997218e+117
2025-05-08,-0.010659278021608876,0.0,-0.010659278021608876,1.0,2,2.3004411347313264e+117,2.152302580878242e+117
2025-05-09,0.007793692869862867,0.0,0.007793692869862867,1.0,2,2.318370066400621e+117,2.16907696615662e+117
2025-05-12,-0.011044595003581625,0.0,-0.011044595003581625,1.0,2,2.2927646079487996e+117,2.1451203895338228e+117
2025-05-13,0.0035436329391763666,0.0,0.0035436329391763666,1.0,2,2.3008893241353046e+117,2.1527219088046734e+117
2025-05-14,-0.011702010316104183,0.0,-0.011702010316104183,1.0,2,2.2739642935280592e+117,2.1275307348201375e+117
2025-05-15,0.013956376194084241,0.0,0.013956376194084241,1.0,2,2.3057005946604517e+117,2.1572233541197638e+117
2025-05-16,-0.004280528162506514,0.0,-0.004280528162506514,1.0,2,2.2958309783306997e+117,2.1479892987996374e+117
2025-05-19,0.010957257705376755,0.0,0.010957257705376755,1.0,2,2.3209869900082563e+117,2.1715253710949765e+117
2025-05-20,0.01230406460509803,0.0,0.01230406460509803,1.0,2,2.3495445638809098e+117,2.1982439595525384e+117
2025-05-21,0.0017690558342663976,0.0,0.0017690558342663976,1.0,2,2.3537010393995124e+117,2.2021327758543257e+117
2025-05-22,-0.004460130860600986,0.0,-0.004460130860600986,1.0,2,2.3432032247570582e+117,2.192310975501597e+117
2025-05-23,0.013037122102816878,0.0,0.013037122102816878,1.0,2,2.3737518513099304e+117,2.220892401376557e+117
2025-05-27,-0.0004779995539161974,0.0,-0.0004779995539161974,1.0,2,2.3726171989838967e+117,2.2198308157994032e+117
2025-05-28,-0.005161362607741304,0.0,-0.005161362607741304,1.0,2,2.3603712612905772e+117,2.2083734640312242e+117
2025-05-29,0.005725584100313319,0.0,0.005725584100313319,1.0,2,2.3738857654550594e+117,2.2210176920244355e+117
2025-05-30,-0.0020043332126236657,0.0,-0.0020043332126236657,1.0,2,2.3691277073723834e+117,2.2165660324984863e+117
2025-06-02,0.01951289988247429,0.0,0.01951289988247429,1.0,2,2.4153562591351366e+117,2.2598176635735225e+117
2025-06-03,-0.0075875380180810414,0.0,-0.0075875380180810414,1.0,2,2.397029651691739e+117,2.2426712111372274e+117
2025-06-04,0.0065135798372520926,0.0,0.0065135798372520926,1.0,2,2.4126428957002935e+117,2.2572790291196765e+117
2025-06-05,-0.0016933765192453376,0.0,-0.0016933765192453376,1.0,2,2.4085573828713908e+117,2.2534566058143804e+117
2025-06-06,-0.004419068074695054,0.0,-0.004419068074695054,1.0,2,2.3979138038346727e+117,2.2434984276699154e+117
2025-06-09,0.003154667649177212,0.0,0.003154667649177212,1.0,2,2.4054784249371452e+117,2.2505759195806654e+117
2025-06-10,0.00206936557730214,0.0,0.00206936557730214,1.0,2,2.410456239186653e+117,2.2552331839177507e+117
2025-06-11,0.0033742020193012756,0.0,0.0033742020193012756,1.0,2,2.4185896054963538e+117,2.2628427962809212e+117
2025-06-12,0.010819536374875427,0.0,0.010819536374875427,1.0,2,2.4447576237089168e+117,2.2873257062259073e+117
2025-06-13,0.0009513539918280522,0.0,0.0009513539918280522,1.0,2,2.4470834536332842e+117,2.2895017626671362e+117
2025-06-16,-0.003751879530440261,0.0,-0.003751879530440261,1.0,2,2.4379022913143181e+117,2.2809118278688784e+117
2025-06-17,-0.005312433402976657,0.0,-0.005312433402976657,1.0,2,2.4249510977487467e+117,2.2687946356852634e+117
2025-06-18,-0.0005588171961198318,0.0,-0.0005588171961198318,1.0,2,2.423595993375575e+117,2.2675267942283782e+117
2025-06-20,-0.0036920511174395876,0.0,-0.0036920511174395876,1.0,2,2.4146479530800106e+117,2.259154969393923e+117
2025-06-23,0.005506791075038764,0.0,0.005506791075038764,1.0,2,2.4279449148773925e+117,2.271595663816511e+117
2025-06-24,-0.0007888062281611319,0.0,-0.0007888062281611319,1.0,2,2.426029736806905e+117,2.2698038150090286e+117
2025-06-25,-0.0006366151873524184,0.0,-0.0006366151873524184,1.0,2,2.424485289431485e+117,2.2683588234280833e+117
2025-06-26,0.005373228991115364,0.0,0.005373228991115364,1.0,2,2.437512604077191e+117,2.2805472348203795e+117
2025-06-27,-0.005440448702593248,0.0,-0.005440448702593248,1.0,2,2.424251441792785e+117,2.2681400345754984e+117
2025-06-30,0.00789408072279163,0.0,0.00789408072279163,1.0,2,2.4433886783666411e+117,2.2860449150990328e+117
2025-07-01,0.0044790081763612655,0.0,0.0044790081763612655,1.0,2,2.454332636235074e+117,2.2962841289652904e+117
2025-07-02,0.004613664132090578,0.0,0.004613664132090578,1.0,2,2.465656102687091e+117,2.3068784126881865e+117
2025-07-03,-0.0024185793496118158,0.0,-0.0024185793496118158,1.0,2,2.4596927177538873e+117,2.3012990441971935e+117
2025-07-07,-0.005446343275845755,0.0,-0.005446343275845755,1.0,2,2.4462963868599015e+117,2.2887653796221197e+117
2025-07-08,-0.0012022370731831211,0.0,-0.0012022370731831211,1.0,2,2.4433553586516247e+117,2.28601374103092e+117
2025-07-09,0.006092489696253978,0.0,0.006092489696253978,1.0,2,2.4582414759984967e+117,2.299941256193646e+117
2025-07-10,0.0018103480671164962,0.0,0.0018103480671164962,1.0,2,2.4626917487030762e+117,2.3041049504012776e+117
2025-07-11,0.0009278797842582898,0.0,0.0009278797842582898,1.0,2,2.4649768305915573e+117,2.3062428828055644e+117
2025-07-14,-0.0008982735989334634,0.0,-0.0008982735989334634,1.0,2,2.4627626069826543e+117,2.304171245711212e+117
2025-07-15,-0.006519912830059094,0.0,-0.006519912830059094,1.0,2,2.4467056094639983e+117,2.2891482500436463e+117
2025-07-16,0.005225665700193116,0.0,0.005225665700193116,1.0,2,2.4594912750458442e+117,2.3011105735365562e+117
2025-07-17,0.0004051769198661348,0.0,0.0004051769198661348,1.0,2,2.460487804145105e+117,2.302042930431013e+117
2025-07-18,0.0007592204148723636,0.0,0.0007592204148723636,1.0,2,2.462355856716556e+117,2.3037906884197088e+117
2025-07-21,0.011396322321317931,0.0,0.011396322321317931,1.0,2,2.4904176577294833e+117,2.330045429665791e+117
2025-07-22,0.007439110185641473,0.0,0.007439110185641473,1.0,2,2.5089441490936e+117,2.3473788943546252e+117
2025-07-23,0.0048213619934426855,0.0,0.0048213619934426855,1.0,2,2.5210406770577105e+117,2.358696457740076e+117
2025-07-24,-0.006185620590756502,0.0,-0.006185620590756502,1.0,2,2.5054464759355678e+117,2.3441064563637348e+117
2025-07-25,-0.004975176894153721,0.0,-0.004975176894153721,1.0,2,2.4929814365189542e+117,2.3324441120845974e+117
2025-07-28,-0.010333803462435842,0.0,-0.010333803462435842,1.0,2,2.4672194563184665e+117,2.3083410930431996e+117
2025-07-29,0.001641190267959336,0.0,0.001641190267959336,1.0,2,2.4712686328790965e+117,2.3121295199802328e+117
2025-07-30,-0.012007653121539674,0.0,-0.012007653121539674,1.0,2,2.441594496365343e+117,2.2843662707322383e+117
2025-07-31,-0.0005153105825476678,0.0,-0.0005153105825476678,1.0,2,2.4403363168830756e+117,2.2831891126185149e+117
2025-08-01,0.00803633934549719,0.0005,0.007536339345497189,1.0,2,2.4599476876426887e+117,2.3003960005611526e+117
2025-08-04,0.008078049296220857,0.0,0.008078049296220857,1.0,2,2.479819266329591e+117,2.318978712854515e+117
2025-08-05,0.002419033431683537,0.0,0.002419033431683537,1.0,2,2.4858180320393752e+117,2.3245883998882728e+117
2025-08-06,0.0014651682259602672,0.0,0.0014651682259602672,1.0,2,2.4894601736354386e+117,2.327994312950225e+117
2025-08-07,0.00835977476976496,0.0,0.00835977476976496,1.0,2,2.510271499985331e+117,2.3474558210717828e+117
2025-08-08,-0.00042532719737031766,0.0,-0.00042532719737031766,1.0,2,2.5092038132436036e+117,2.3464573842664557e+117
2025-08-11,-0.0074823031613503455,0.0,-0.0074823031613503455,1.0,2,2.4904291896192987e+117,2.328900478762185e+117
2025-08-12,0.005554073571195417,0.0,0.005554073571195417,1.0,2,2.5042612165622967e+117,2.3418353633612224e+117
2025-08-13,0.0076329055700086745,0.0,0.0076329055700086745,1.0,2,2.5233760059509515e+117,2.3597103715502655e+117
2025-08-14,-0.008566372293642321,0.0,-0.008566372293642321,1.0,2,2.5017598276471316e+117,2.3394962140023968e+117
2025-08-15,0.002161951069870993,0.0,0.002161951069870993,1.0,2,2.5071685099830734e+117,2.3445540903452182e+117
2025-08-18,0.003411274004179732,0.0,0.003411274004179732,1.0,2,2.5157211487452764e+117,2.352552006765006e+117
2025-08-19,-0.005932416254242623,0.0,-0.005932416254242623,1.0,2,2.5007968437113178e+117,2.3385956890011219e+117
2025-08-20,0.005180021337073071,0.0,0.005180021337073071,1.0,2,2.5137510247214278e+117,2.350709664568935e+117
2025-08-21,-0.002321110258378889,0.0,-0.002321110258378889,1.0,2,2.5079163314309363e+117,2.3452534082520338e+117
2025-08-22,0.014356918616244219,0.0,0.014356918616244219,1.0,2,2.54392228209764e+117,2.3789240205687777e+117
2025-08-25,-0.002959203783979958,0.0,-0.002959203783979958,1.0,2,2.5363942976543056e+117,2.3718842996053097e+117
2025-08-26,0.002911519710758148,0.0,0.002911519710758148,1.0,2,2.5437790596461803e+117,2.378790087495248e+117
2025-08-27,-0.0022100600692830374,0.0,-0.0022100600692830374,1.0,2,2.538157155121378e+117,2.3735328185096687e+117
2025-08-28,0.005821851553746593,0.0,0.005821851553746593,1.0,2,2.552933929298575e+117,2.387351174236978e+117
2025-08-29,0.0036605435821265297,0.0,0.0036605435821265297,1.0,2,2.5622790552090616e+117,2.3960901772561132e+117
2025-09-02,0.02168357521711073,0.0005,0.02118357521711073,1.0,2,2.617838425829915e+117,2.4468479337529984e+117
2025-09-03,0.007864461266449407,0.0,0.007864461266449407,1.0,2,2.638426314731677e+117,2.4660910745528906e+117
2025-09-04,0.002305444176069482,0.0,0.002305444176069482,1.0,2,2.6445090593129635e+117,2.4717765098583755e+117
2025-09-05,0.007461139442594356,0.0,0.007461139442594356,1.0,2,2.6642401101617015e+117,2.490218779069358e+117
2025-09-08,0.008136684734158794,0.0,0.008136684734158794,1.0,2,2.685918191994188e+117,2.5104809041937272e+117
2025-09-09,0.0003210807475514388,0.0,0.0003210807475514388,1.0,2,2.686780588615135e+117,2.511286971279159e+117
2025-09-10,0.002015211715877374,0.0,0.002015211715877374,1.0,2,2.692195020335304e+117,2.5163477462056112e+117
2025-09-11,0.002191791364072382,0.0,0.002191791364072382,1.0,2,2.6980957501312736e+117,2.5218630554647474e+117
2025-09-12,0.0032032611290354063,0.0,0.0032032611290354063,1.0,2,2.7067384553700843e+117,2.5299412413630677e+117
2025-09-15,0.00946789542774451,0.0,0.00946789542774451,1.0,2,2.732365572015783e+117,2.553894460474631e+117
2025-09-16,0.0006062322247497587,0.0,0.0006062322247497587,1.0,2,2.7340220200753356e+117,2.555442713595181e+117
2025-09-17,-0.004847207952406507,0.0,-0.004847207952406507,1.0,2,2.7207696467975723e+117,2.543055951351923e+117
2025-09-18,0.0025304430736105,0.0,0.0025304430736105,1.0,2,2.727654399505201e+117,2.549491009669825e+117
2025-09-19,0.008683582102383847,0.0,0.008683582102383847,1.0,2,2.751340210430233e+117,2.5716297241715823e+117
2025-09-22,0.011573920463375464,0.0,0.011573920463375464,1.0,2,2.7831840031934397e+117,2.6013935620603964e+117
2025-09-23,-0.0012337846161958321,0.0,-0.0012337846161958321,1.0,2,2.7797501535862574e+117,2.598184002702855e+117
2025-09-24,-0.006255339052727682,0.0,-0.006255339052727682,1.0,2,2.762361873893703e+117,2.581931480844576e+117
2025-09-25,-7.672242004519436e-05,0.0,-7.672242004519436e-05,1.0,2,2.7621499388056977e+117,2.5817333888129744e+117
2025-09-26,0.0049398149995342755,0.0,0.0049398149995342755,1.0,2,2.775794448504373e+117,2.594486674131831e+117
2025-09-29,0.010569021832355141,0.0,0.010569021832355141,1.0,2,2.8051318806327453e+117,2.621907860434485e+117
2025-09-30,0.005663584961845547,0.0,0.005663584961845547,1.0,2,2.8210189833678905e+117,2.636757258364186e+117
2025-10-01,0.003192052264368639,0.0,0.003192052264368639,1.0,2,2.830023823401577e+117,2.645173925341338e+117
2025-10-02,0.0003735185439741606,0.0,0.0003735185439741606,1.0,2,2.8310808897795064e+117,2.64616194685449e+117
2025-10-03,0.0019293722097937782,0.0,0.0019293722097937782,1.0,2,2.836543098571925e+117,2.651267378177365e+117
2025-10-06,0.013169340658327311,0.0,0.013169340658327311,1.0,2,2.8738985009290456e+117,2.686182821456893e+117
2025-10-07,-1.9069230238810686e-05,0.0,-1.9069230238810686e-05,1.0,2,2.873843697896848e+117,2.686131598018207e+117
2025-10-08,0.013948356734939438,0.0,0.013948356734939438,1.0,2,2.913929094995571e+117,2.723598719784358e+117
2025-10-09,-0.00979911143836476,0.0,-0.00979911143836476,1.0,2,2.885375179070216e+117,2.696909872415803e+117
2025-10-10,-0.01222620733684937,0.0,-0.01222620733684937,1.0,2,2.850097983886305e+117,2.663936893146852e+117
2025-10-13,0.022716511826362584,0.0,0.022716511826362584,1.0,2,2.9148422684435506e+117,2.724452247084706e+117
2025-10-14,0.00024228303148399188,0.0,0.00024228303148399188,1.0,2,2.915548485264647e+117,2.725112335634263e+117
2025-10-15,0.012214340266377188,0.0,0.012214340266377188,1.0,2,2.9511599865267907e+117,2.758397784965802e+117
2025-10-16,0.009827527153384308,0.0,0.009827527153384308,1.0,2,2.980162591428364e+117,2.785506014097389e+117
2025-10-17,-0.00610804228475792,0.0,-0.00610804228475792,1.0,2,2.9619596323044654e+117,2.7684920255788343e+117
2025-10-20,0.024329316358089326,0.0,0.024329316358089326,1.0,2,3.0340220852386907e+117,2.8358475439039893e+117
2025-10-21,-0.03275309965761658,0.0,-0.03275309965761658,1.0,2,2.934648457517458e+117,2.7429647466846946e+117
2025-10-22,-0.004674786339771808,0.0,-0.004674786339771808,1.0,2,2.920929602996223e+117,2.730141972556417e+117
2025-10-23,0.006235488038218384,0.0,0.006235488038218384,1.0,2,2.939143024596184e+117,2.747165740168931e+117
2025-10-24,0.0036733245771546352,0.0,0.0036733245771546352,1.0,2,2.9499394509042056e+117,2.7572569715998105e+117
2025-10-27,-0.0051252667129049745,0.0,-0.0051252667129049745,1.0,2,2.9348202244314013e+117,2.743125294224345e+117
2025-10-28,0.0003108283478919227,0.0,0.0003108283478919227,1.0,2,2.935732449753121e+117,2.7439779353276093e+117
2025-10-29,0.0005011931680782844,0.0,0.0005011931680782844,1.0,2,2.937203818800243e+117,2.745353198322153e+117
2025-10-30,0.0021233879893027274,0.0,0.0021233879893027274,1.0,2,2.9434406421112174e+117,2.7511826483298643e+117
2025-10-31,-0.00020322474995748685,0.0,-0.00020322474995748685,1.0,2,2.9428424621227097e+117,2.7506235399240704e+117
2025-11-03,-0.008522178750970832,0.0005,-0.009022178750970833,1.0,2,2.917763032624553e+117,2.7258069226702475e+117
2025-11-04,-0.01668949371676043,0.0,-0.01668949371676043,1.0,2,2.8690670448245697e+117,2.6803145851612405e+117
2025-11-05,0.006606607775435258,0.0,0.006606607775435258,1.0,2,2.8880218454711525e+117,2.698022372340179e+117
2025-11-06,-0.011289009912047399,0.0,-0.011289009912047399,1.0,2,2.8554189382314193e+117,2.667564371035905e+117
2025-11-07,0.00015471915282849746,0.0,0.00015471915282849746,1.0,2,2.8558607262305134e+117,2.667977094335508e+117
2025-11-10,0.01744981344227764,0.0,0.01744981344227764,1.0,2,2.905694963120363e+117,2.7145327968999324e+117
2025-11-11,0.0020461081850693397,0.0,0.0020461081850693397,1.0,2,2.9116403293677186e+117,2.7200870246743086e+117
2025-11-12,0.0031472266960262396,0.0,0.0031472266960262396,1.0,2,2.920803921541531e+117,2.728647755173878e+117
2025-11-13,-0.015728648175855786,0.0,-0.015728648175855786,1.0,2,2.874863624268944e+117,2.6857298146369095e+117
2025-11-14,-6.416761367278312e-05,0.0,-6.416761367278312e-05,1.0,2,2.87467915113054e+117,2.6855574777637347e+117
2025-11-17,-0.010464423101407161,0.0,-0.010464423101407161,1.0,2,2.844597292212316e+117,2.657454668053267e+117
2025-11-18,-0.011099938001898957,0.0,-0.011099938001898957,1.0,2,2.813022438628389e+117,2.6279570859950185e+117
2025-11-19,0.0015851943910404342,0.0,0.0015851943910404342,1.0,2,2.817481626019974e+117,2.632122908827633e+117
2025-11-20,-0.01742432042198816,0.0,-0.01742432042198816,1.0,2,2.768388923385138e+117,2.5862599558741646e+117
2025-11-21,0.011414822131956603,0.0,0.011414822131956603,1.0,2,2.7999895905376576e+117,2.61578165325747e+117
2025-11-24,0.015318864832759793,0.0,0.015318864832759793,1.0,2,2.842882252608238e+117,2.6558524588357344e+117
2025-11-25,0.00802812358227789,0.0,0.00802812358227789,1.0,2,2.865705262662042e+117,2.6771739705915643e+117
2025-11-26,0.010007675400121152,0.0,0.010007675400121152,1.0,2,2.894384310723182e+117,2.703966258678898e+117
2025-11-28,0.0066624659469392,0.0,0.0066624659469392,1.0,2,2.9136680476307305e+117,2.7219813417990186e+117
2025-12-01,-0.006096746227636063,0.0005,-0.006596746227636063,1.0,2,2.895904152952754e+117,2.70402512165081e+117
2025-12-02,-0.0012591007234674656,0.0,-0.0012591007234674656,1.0,2,2.892257917938679e+117,2.7006204816638656e+117
2025-12-03,0.00245877112077314,0.0,0.00245877112077314,1.0,2,2.8993693181811337e+117,2.707260689312349e+117
2025-12-04,0.001985110887518904,0.0,0.001985110887518904,1.0,2,2.905124887781593e+117,2.7126349019820547e+117
2025-12-05,0.00022256016980043425,0.0,0.00022256016980043425,1.0,2,2.90577145286991e+117,2.7132386264664464e+117
2025-12-08,-0.0020042678879517717,0.0,-0.0020042678879517717,1.0,2,2.899947508457196e+117,2.7078005694150696e+117
2025-12-09,0.0023127487263834845,0.0,0.0023127487263834845,1.0,2,2.906654358363959e+117,2.7140630317332843e+117
2025-12-10,0.00797757134263688,0.0,0.00797757134263688,1.0,2,2.929842400876194e+117,2.73571466319735e+117
2025-12-11,0.007732678299176621,0.0,0.007732678299176621,1.0,2,2.9524979296294567e+117,2.756869064606196e+117
2025-12-12,0.0006863830202401,0.0,0.0006863830202401,1.0,2,2.954524474075649e+117,2.7587613327211667e+117
2025-12-15,0.0037816488470537313,0.0,0.0037816488470537313,1.0,2,2.965697448146629e+117,2.7691939993343477e+117
2025-12-16,-0.0026144924124557045,0.0,-0.0026144924124557045,1.0,2,2.95794365467081e+117,2.7619539626344703e+117
2025-12-17,0.001123207112192215,0.0,0.001123207112192215,1.0,2,2.9612660380212006e+117,2.765056208968849e+117
2025-12-18,0.0034669984714272295,0.0,0.0034669984714272295,1.0,2,2.97153274284851e+117,2.7746426546187546e+117
2025-12-19,0.003597830520550349,0.0,0.003597830520550349,1.0,2,2.982223814043545e+117,2.784625348645163e+117
2025-12-22,0.013873706972932831,0.0,0.013873706972932831,1.0,2,3.023598313367287e+117,2.823258424761667e+117
2025-12-23,0.009944314961433554,0.0,0.009944314961433554,1.0,2,3.0536659273122707e+117,2.851333795755018e+117
2025-12-24,-0.0009255030937066477,0.0,-0.0009255030937066477,1.0,2,3.0508397500493965e+117,2.8486948775058564e+117
2025-12-26,0.006898438165322374,0.0,0.006898438165322374,1.0,2,3.0718857794174194e+117,2.868346422970201e+117
2025-12-29,-0.02265915530680812,0.0,-0.02265915530680812,1.0,2,3.002279442456825e+117,2.803352115898392e+117
2025-12-30,0.0010392243648661426,0.0,0.0010392243648661426,1.0,2,3.005399484403563e+117,2.806265427720533e+117
2025-12-31,-0.005748295992417662,0.0,-0.005748295992417662,1.0,2,2.9881235585917517e+117,2.7901341834087067e+117
2026-01-02,0.008438985909586694,0.0,0.008438985909586694,1.0,2,3.013340291198812e+117,2.8136800864683495e+117
2026-01-05,0.01902506873542331,0.0,0.01902506873542331,1.0,2,3.0706692973620896e+117,2.867210543512901e+117
2026-01-06,0.006903706085809758,0.0,0.006903706085809758,1.0,2,3.0918682956777973e+117,2.887004922391449e+117
2026-01-07,-0.0067659044349811515,0.0,-0.0067659044349811515,1.0,2,3.070949010263693e+117,2.8674717229832285e+117
2026-01-08,0.0032706177949440862,0.0,0.0032706177949440862,1.0,2,3.080992910744028e+117,2.8768501270269165e+117
2026-01-09,0.008246050646408098,0.0,0.008246050646408098,1.0,2,3.1063989343272477e+117,2.900572778876506e+117
2026-01-12,0.012388056518197188,0.0,0.012388056518197188,1.0,2,3.144881179893761e+117,2.9365052383963725e+117
2026-01-13,-0.0034341511975201633,0.0,-0.0034341511975201633,1.0,2,3.1340811824237704e+117,2.9264208354154094e+117
2026-01-14,0.007539591475427154,0.0,0.007539591475427154,1.0,2,3.15771087419007e+117,2.94848485299962e+117
2026-01-15,-0.0023183752720550843,0.0,-0.0023183752720550843,1.0,2,3.150390115383048e+117,2.941649158626397e+117
2026-01-16,-0.000991074491766275,0.0,-0.000991074491766275,1.0,2,3.1472678441005795e+117,2.9387337651815567e+117
2026-01-20,0.012196179543495611,0.0,0.012196179543495611,1.0,2,3.1856524877987e+117,2.9745750898122435e+117
2026-01-21,0.01312593530164824,0.0,0.01312593530164824,1.0,2,3.2274671562470804e+117,3.013619169991013e+117
2026-01-22,0.011955513294458986,0.0,0.011955513294458986,1.0,2,3.2660531827410215e+117,3.049648534042277e+117
2026-01-23,0.010060378045886331,0.0,0.010060378045886331,1.0,2,3.2989109124773667e+117,3.080329151201825e+117
2026-01-26,0.009695929620804178,0.0,0.009695929620804178,1.0,2,3.3308969205100497e+117,3.110195805860789e+117
2026-01-27,0.020436883013972285,0.0,0.020436883013972285,1.0,2,3.3989700712061144e+117,3.173758513695713e+117
2026-01-28,0.01594349448292942,0.0,0.01594349448292942,1.0,2,3.453161531784031e+117,3.224359315048971e+117
2026-01-29,0.004468407704561417,0.0,0.004468407704561417,1.0,2,3.46859166537775e+117,3.23876706705461e+117
2026-01-30,-0.0592036895275066,0.0,-0.0592036895275066,1.0,2,3.2632382413230286e+117,3.047020107164796e+117
2026-02-02,-0.018254458661077055,0.0,-0.018254458661077055,1.0,2,3.2036695937455516e+117,2.991398404579085e+117
2026-02-03,0.03366251253231073,0.0,0.03366251253231073,1.0,2,3.3115131615943937e+117,3.092096390862363e+117
2026-02-04,0.0005367494690113328,0.0,0.0005367494690113328,1.0,2,3.3132906145255035e+117,3.09375607195829e+117
2026-02-05,-0.020129789367980322,0.0,-0.020129789367980322,1.0,2,3.246594772340199e+117,3.0314794138738594e+117
2026-02-06,0.026390109604166434,0.0,0.026390109604166434,1.0,2,3.33227276422257e+117,3.1114804878687643e+117
2026-02-09,0.020028382820692525,0.0,0.020028382820692525,1.0,2,3.3990127988073864e+117,3.1737984102189146e+117
2026-02-10,-0.003659772129834815,0.0,-0.003659772129834815,1.0,2,3.3865731864973594e+117,3.162183031251481e+117
2026-02-11,0.009413800732278932,0.0,0.009413800732278932,1.0,2,3.4184537116403246e+117,3.1919511921866767e+117
2026-02-12,-0.02133397727741576,0.0,-0.02133397727741576,1.0,2,3.3455244978322927e+117,3.123854177981946e+117
2026-02-13,0.014284300488509372,0.0,0.014284300488509372,1.0,2,3.3933129750509984e+117,3.1684762497425256e+117
2026-02-17,-0.016955565369972725,0.0,-0.016955565369972725,1.0,2,3.3357774350817446e+117,3.1147529435668104e+117
2026-02-18,0.012904540206758353,0.0,0.012904540206758353,1.0,2,3.3788241091135536e+117,3.154947398161187e+117
2026-02-19,0.0012575763204695223,0.0,0.0012575763204695223,1.0,2,3.3830732383042057e+117,3.158914985301441e+117
2026-02-20,0.01510412843398079,0.0,0.01510412843398079,1.0,2,3.434171610997116e+117,3.2066276429514604e+117
2026-02-23,0.011003539757218461,0.0,0.011003539757218461,1.0,2,3.4719596548518336e+117,3.241911897707273e+117
2026-02-24,-0.004785933704294865,0.0,-0.004785933704294865,1.0,2,3.4553430861197265e+117,3.2263963222896816e+117
2026-02-25,0.004534882299382259,0.0,0.004534882299382259,1.0,2,3.471012660319264e+117,3.241027649862425e+117
2026-02-26,0.004668379078107188,0.0,0.004668379078107188,1.0,2,3.487216663202544e+117,3.25615799553461e+117
2026-02-27,0.006074171645100435,0.0,0.006074171645100435,1.0,2,3.5083986157784906e+117,3.2759364581030536e+117
2026-03-02,-0.0022991063686643165,0.0,-0.0022991063686643165,1.0,2,3.500332434177141e+117,3.2684047317288893e+117
2026-03-03,-0.039749141532688326,0.0,-0.039749141532688326,1.0,2,3.3611972248395743e+117,3.1384884494612895e+117
2026-03-04,0.009725915899858661,0.0,0.009725915899858661,1.0,2,3.3938879463712024e+117,3.169013124173428e+117
2026-03-05,-0.017886143709262448,0.0,-0.017886143709262448,1.0,2,3.3331843788292737e+117,3.112331700017923e+117
2026-03-06,0.004025963048523873,0.0,0.004025963048523873,1.0,2,3.346603655972358e+117,3.124861832436945e+117
2026-03-09,0.003922052875388049,0.0,0.003922052875388049,1.0,2,3.359729212464048e+117,3.137117705772045e+117
2026-03-10,0.006205329055828934,0.0,0.006205329055828934,1.0,2,3.3805774377658685e+117,3.1565845534232276e+117
2026-03-11,-0.00252185444059827,0.0,-0.00252185444059827,1.0,2,3.3720521135426525e+117,3.1486241066500535e+117
2026-03-12,-0.019668172243349547,0.0,-0.019668172243349547,1.0,2,3.3057300117599447e+117,3.086696425390897e+117
2026-03-13,-0.012095175940426028,0.0,-0.012095175940426028,1.0,2,3.265746625656162e+117,3.0493622890511104e+117
2026-03-16,0.010303656661464822,0.0,0.010303656661464822,1.0,2,3.29939575763026e+117,3.080781871113911e+117
2026-03-17,0.0005099116406137028,0.0,0.0005099116406137028,1.0,2,3.301078157934067e+117,3.082352797652184e+117
2026-03-18,-0.024492343429610763,0.0,-0.024492343429610763,1.0,2,3.2202270180019593e+117,3.006858754360865e+117
2026-03-19,-0.021093645411096762,0.0,-0.021093645411096762,1.0,2,3.1523006911409926e+117,2.943433141995125e+117
2026-03-20,-0.030887843184111863,0.0,-0.030887843184111863,1.0,2,3.054932921723862e+117,2.852516840682262e+117
2026-03-23,0.0017372397543109486,0.0,0.0017372397543109486,1.0,2,3.060240072642234e+117,2.857472346337737e+117
2026-03-24,-0.0038427094375068638,0.0,-0.0038427094375068638,1.0,2,3.048480459234055e+117,2.8464919103850497e+117
2026-03-25,0.021790900814188663,0.0,0.021790900814188663,1.0,2,3.114909594555217e+117,2.908519533272641e+117
2026-03-26,-0.030682614395140584,0.0,-0.030682614395140584,1.0,2,3.019336024589755e+117,2.819278549972502e+117
2026-03-27,0.013964224182448304,0.0,0.013964224182448304,1.0,2,3.0614987097192684e+117,2.8586475876770857e+117
2026-03-30,-0.00013559995336481778,0.0,-0.00013559995336481778,1.0,2,3.061083570637004e+117,2.8582599551975104e+117
2026-03-31,0.035176558970379745,0.0,0.035176558970379745,1.0,2,3.168761957372777e+117,2.9588037050641903e+117
2026-04-01,0.017010634658833734,0.0,0.017010634658833734,1.0,2,3.2226646093504557e+117,3.009134833918241e+117
2026-04-02,-0.01301932096980607,0.0,-0.01301932096980607,1.0,2,3.1807077044232875e+117,2.9699579416740353e+117
2026-04-06,0.0016650301822970781,0.0,0.0016650301822970781,1.0,2,3.1860036787522175e+117,2.9749030112870755e+117
2026-04-07,0.004631513309066693,0.0,0.004631513309066693,1.0,2,3.2007596971930937e+117,2.988681314177034e+117
2026-04-08,0.02447458786897061,0.0,0.02447458786897061,1.0,2,3.2790969716495054e+117,3.0618280576132103e+117
2026-04-09,0.0018957476334496848,0.0,0.0018957476334496848,1.0,2,3.2853133119733614e+117,3.06763251090746e+117
2026-04-10,0.0005678645441549168,0.0,0.0005678645441549168,1.0,2,3.287178924919671e+117,3.0693745106449013e+117
2026-04-13,0.0014742249290635168,0.0,0.0014742249290635168,1.0,2,3.29202496603708e+117,3.073899459065126e+117
2026-04-14,0.016103494303914168,0.0,0.016103494303914168,1.0,2,3.345038071326002e+117,3.1233999814949867e+117
2026-04-15,-0.006587790638550806,0.0,-0.006587790638550806,1.0,2,3.3230016608341245e+117,3.1028236763364446e+117
2026-04-16,-0.0008905810691438032,0.0,-0.0008905810691438032,1.0,2,3.320042258462252e+117,3.1000603603094086e+117
2026-04-17,0.013999222254107324,0.0,0.013999222254107324,1.0,2,3.3665202679314935e+117,3.1434587942945276e+117
2026-04-20,-0.006469254159183091,0.0,-0.006469254159183091,1.0,2,3.3447413926862035e+117,3.123122960415317e+117
2026-04-21,-0.025133004720158947,0.0,-0.025133004720158947,1.0,2,3.26067799147611e+117,3.0446294963095617e+117
2026-04-22,0.010594107278345144,0.0,0.010594107278345144,1.0,2,3.2952219639179465e+117,3.076884627816279e+117
2026-04-23,-0.009676880792812925,0.0,-0.009676880792812925,1.0,2,3.2633344937872534e+117,3.047109982059662e+117
2026-04-24,0.005895499331965259,0.0,0.005895499331965259,1.0,2,3.2825734801153557e+117,3.06507421692332e+117
2026-04-27,-0.004364897044916827,0.0,-0.004364897044916827,1.0,2,3.2682453848322776e+117,3.0516954835314205e+117
2026-04-28,-0.011747167184383234,0.0,-0.011747167184383234,1.0,2,3.2298527598970643e+117,3.0158467064905497e+117
2026-04-29,-0.010112876390940606,0.0,-0.010112876390940606,1.0,2,3.197189658175287e+117,2.985347821533785e+117
2026-04-30,0.020286926426320406,0.0,0.020286926426320406,1.0,2,3.2620508095416814e+117,3.045911353146217e+117
2026-05-01,-0.003294660801179461,0.0005,-0.003794660801179461,1.0,2,3.251303458608029e+117,3.034353152730566e+117
2026-05-04,-0.008387250235814714,0.0,-0.008387250235814714,1.0,2,3.2240339629081136e+117,3.0089032735347817e+117
2026-05-05,0.016269691450707557,0.0,0.016269691450707557,1.0,2,3.276488000711231e+117,3.0578572014002166e+117
2026-05-06,0.02120456295897588,0.0,0.02120456295897588,1.0,2,3.3459644968066415e+117,3.1226977269468655e+117
2026-05-07,-0.01624321256839889,0.0,-0.01624321256839889,1.0,2,3.2916152842386954e+117,3.0719750839812113e+117
2026-05-08,0.011712295371057113,0.0,0.011712295371057113,1.0,2,3.330167654695585e+117,3.107954963537327e+117
2026-05-11,0.0019853815351938975,0.0,0.0019853815351938975,1.0,2,3.336779308066318e+117,3.114125439934149e+117
2026-05-12,-0.010863749855503813,0.0,-0.010863749855503813,1.0,2,3.3005293723404645e+117,3.0802943601360436e+117
2026-05-13,0.004893883282533207,0.0,0.004893883282533207,1.0,2,3.316681777859271e+117,3.0953689612103945e+117
2026-05-14,0.002675383619992644,0.0,0.002675383619992644,1.0,2,3.3255551739604837e+117,3.10365026062705e+117
2026-05-15,-0.02265351563437551,0.0,-0.02265351563437551,1.0,2,3.250219657834192e+117,3.0333416709243017e+117
2026-05-18,0.0003492971910221687,0.0,0.0003492971910221687,1.0,2,3.2513549504308787e+117,3.034401208649366e+117
2026-05-19,-0.00921460888486808,0.0,-0.00921460888486808,1.0,2,3.2213949862167785e+117,3.006440388311891e+117
2026-05-20,0.02124324369201802,0.0,0.02124324369201802,1.0,2,3.289827864937227e+117,3.070306934126326e+117
2026-05-21,0.008182526596684558,0.0,0.008182526596684558,1.0,2,3.31674696894059e+117,3.0954298022748003e+117
2026-05-22,0.0030437312658874727,0.0,0.0030437312658874727,1.0,2,3.326842255390992e+117,3.1048514587453444e+117
2026-05-26,0.018815927880739935,0.0,0.018815927880739935,1.0,2,3.389439879339027e+117,3.1632721198735064e+117
2026-05-27,-0.0027863948399324268,0.0,-0.0027863948399324268,1.0,2,3.379995561548975e+117,3.1544579947613884e+117
2026-05-28,0.004608955348091526,0.0,0.004608955348091526,1.0,2,3.3955738101689016e+117,3.1689967508066735e+117
2026-05-29,-0.0019267623116288601,0.0,-0.0019267623116288601,1.0,2,3.389031346525114e+117,3.162890847301545e+117
2026-06-01,0.0016454254122175715,0.0005,0.0011454254122175715,1.0,2,3.3946077448254886e+117,3.1665137028541146e+117
2026-06-02,0.005429302922673851,0.0,0.005429302922673851,1.0,2,3.4130380985758016e+117,3.1837056649557073e+117
2026-06-03,-0.005787324644080882,0.0,-0.005787324644080882,1.0,2,3.3932857390767265e+117,3.165280526701409e+117
2026-06-04,-0.0012005108446740964,0.0,-0.0012005108446740964,1.0,2,3.389212062747887e+117,3.1614805731026684e+117
2026-06-05,-0.04293815102177162,0.0,-0.04293815102177162,1.0,2,3.243685563352808e+117,3.0257324428023885e+117
2026-06-08,0.01292264566194179,0.0,0.01292264566194179,1.0,2,3.2856025625267723e+117,3.0648329110285656e+117
2026-06-09,-0.00561541559759704,0.0,-0.00561541559759704,1.0,2,3.2671525386496545e+117,3.047622600495947e+117
2026-06-10,-0.017417018985480315,0.0,-0.017417018985480315,1.0,2,3.2102484808555333e+117,2.9945420998025297e+117
2026-06-11,0.03478003113863537,0.0,0.03478003113863537,1.0,2,3.3219010229824455e+117,3.0986923672796156e+117
2026-06-12,0.004620796753193157,0.0,0.004620796753193157,1.0,2,3.337250852443872e+117,3.113010794909486e+117
2026-06-15,0.021594482825480543,0.0,0.021594482825480543,1.0,2,3.4093170586612915e+117,3.1802346530556946e+117
2026-06-16,-0.009944645158318943,0.0,-0.009944645158318943,1.0,2,3.3754126102807015e+117,3.148608347910866e+117
2026-06-17,-0.007057990990350871,0.0,-0.007057990990350871,1.0,2,3.3515889784886235e+117,3.1263854985591674e+117
2026-06-18,0.017294261824910284,0.0,0.017294261824910284,1.0,2,3.4095522358120897e+117,3.1804540279368526e+117
2026-06-22,-0.0006938064482331918,0.0,-0.0006938064482331918,1.0,2,3.4071866664852955e+117,3.178247408423961e+117
2026-06-23,-0.03183988720298869,0.0,-0.03183988720298869,1.0,2,3.298702227344877e+117,3.077052369436551e+117
2026-06-24,-0.0013304852584235527,0.0,-0.0013304852584235527,1.0,2,3.294313352659466e+117,3.072958396619618e+117
2026-06-25,0.010494247898649944,0.0,0.010494247898649944,1.0,2,3.328884693638107e+117,3.105206783815983e+117
2026-06-26,-0.011092049394928805,0.0,-0.011092049394928805,1.0,2,3.291960540186251e+117,3.070763676788428e+117
2026-06-29,0.014900535246458513,0.0,0.014900535246458513,1.0,2,3.341012514245247e+117,3.116519699187959e+117
2026-06-30,0.010833839332003603,0.0,0.010833839332003603,1.0,2,3.377208507030793e+117,3.1502835728839854e+117
2026-07-01,-0.01216777705093619,0.0005,-0.012667777050936191,1.0,2,3.3361153868627173e+117,3.1103764829354645e+117
2026-07-02,0.00033271581511290504,0.0,0.00033271581511290504,1.0,2,3.337225365212968e+117,3.111411354382292e+117
2026-07-06,0.009820767155519494,0.0,0.009820767155519494,1.0,2,3.369999478470218e+117,3.1419678008187203e+117
2026-07-07,-0.012277907489729678,0.0,-0.012277907489729678,1.0,2,3.3286229366331237e+117,3.103391010824559e+117
2026-07-08,-0.007631523043050814,0.0,-0.007631523043050814,1.0,2,3.303220473990581e+117,3.0797074108138547e+117
2026-07-09,0.009154401846456883,0.0,0.009154401846456883,1.0,2,3.3334594815969344e+117,3.107900290021956e+117
2026-07-10,-0.0002614672473254531,0.0,-0.0002614672473254531,1.0,2,3.33258789112221e+117,3.107087675888162e+117
2026-07-13,-0.012945689804222948,0.0,-0.012945689804222948,1.0,2,3.2894452420384326e+117,3.0668642826415895e+117
2026-07-14,0.007791289675201318,0.0,0.007791289675201318,1.0,2,3.3150742627898667e+117,3.0907591106621785e+117
2026-07-15,0.0036949808235763326,0.0,0.0036949808235763326,1.0,2,3.327323398619607e+117,3.1021794063063696e+117
2026-07-16,-0.005875764842658504,0.0,-0.005875764842658504,1.0,2,3.307772828773843e+117,3.0839517296151756e+117
2026-07-17,-0.004883569674090316,0.0,-0.004883569674090316,1.0,2,3.291619089698463e+117,3.0688910364720686e+117
2026-07-20,-0.006294359386783688,0.0,-0.006294359386783688,1.0,2,3.270900456183503e+117,3.0495743333696343e+117
2026-07-21,0.01613289460440326,0.0,0.01613289460440326,1.0,2,3.3236695485046057e+117,3.09877279467818e+117
2026-07-22,-0.004504089055142324,0.0,-0.004504089055142324,1.0,2,3.3086994448682765e+117,3.0848156460492975e+117
2026-07-23,-0.007903013151307203,0.0,-0.007903013151307203,1.0,2,3.2825507496417597e+117,3.060436307429212e+117
2026-07-24,-0.002054542612030197,0.0,-0.002054542612030197,1.0,2,3.275806609250469e+117,3.054148510624194e+117
2026-07-27,0.005119446435727593,0.0,0.005119446435727593,1.0,2,3.2925769257203294e+117,3.069784060331092e+117
2026-07-28,-0.0020379658669093526,0.0,-0.0020379658669093526,1.0,2,3.285866766331538e+117,3.0635279451973546e+117
2026-07-29,-0.012879181815262708,0.0,-0.012879181815262708,1.0,2,3.2435474908272246e+117,3.02407221179502e+117
2026-07-30,0.022345135233266977,0.0,0.022345135233266977,1.0,2,3.3160249981452824e+117,3.091645514322744e+117
2026-07-31,-0.005669687433066284,0.0,-0.005669687433066284,1.0,2,3.2972241728855643e+117,3.0741168506026924e+117
2026-08-03,0.011556446154859734,0.0,0.011556446154859734,1.0,2,3.335328366500019e+117,3.1096427164604297e+117
2026-08-04,0.017506947455388056,0.0,0.017506947455388056,1.0,2,3.3937197849587995e+117,3.164083068102532e+117
2026-08-05,-0.002288509954251561,0.0,-0.002288509954251561,1.0,2,3.385953223448981e+117,3.1568420325051006e+117
2026-08-06,-0.004126213058040007,0.0,-0.004126213058040007,1.0,2,3.371982059044473e+117,3.1438162296884084e+117
2026-08-07,0.010888933132452927,0.0,0.010888933132452927,1.0,2,3.4086993462092393e+117,3.178049034394206e+117
2026-08-10,-0.005299890716815192,0.0,-0.005299890716815192,1.0,2,3.390633612187851e+117,3.161205721819237e+117
