date,gross_return,cost,net_return,equity_net,equity_gross
2008-07-01,-0.0002179708255072299,0.0005,-0.0007179708255072299,0.9992820291744928,0.9997820291744928
2008-07-02,4.75216390682931e-08,0.0,4.75216390682931e-08,0.9992820766620127,0.9997820766857735
2008-07-03,4.75216390682931e-08,0.0,4.75216390682931e-08,0.9992821241495349,0.9997821241970565
2008-07-07,-0.00021728692020772655,0.0,-0.00021728692020772655,0.9990649932143598,0.999564884618411
2008-07-08,-0.00043640971346148305,0.0,-0.00043640971346148305,0.9986289915469417,0.9991286647935285
2008-07-09,0.00021915180267406686,0.0,0.00021915180267406686,0.9988478428906418,0.9993476256415212
2008-07-10,0.0008721438529645242,0.0,0.0008721438529645242,0.9997189818968656,1.000219200530199
2008-07-11,0.0006538870367656102,0.0,0.0006538870367656102,1.0003726851795365,1.0008732308993498
2008-07-14,1.8986920335972712e-07,0.0,1.8986920335972712e-07,1.0003728751195013,1.0008734209343528
2008-07-15,0.00021736386125170704,0.0,0.00021736386125170704,1.0005903200303288,1.0010909746457513
2008-07-16,0.0002185703742276779,0.0,0.0002185703742276779,1.0008090194310264,1.0013097834747156
2008-07-17,-0.0015251388697943291,0.0,-0.0015251388697943291,0.9992826466942514,0.9997826470032329
2008-07-18,0.0013079456656410748,0.0,0.0013079456656410748,1.0005896541007455,1.0010903083829639
2008-07-21,-0.0008704917779109866,0.0,-0.0008704917779109866,0.999718649033788,1.00021886750057
2008-07-22,0.0004364556787658236,0.0,0.0004364556787658236,1.000154981915327,1.0006554187052996
2008-07-23,0.00043569674583265883,0.0,0.00043569674583265883,1.0005907461862757,1.0010914010149292
2008-07-24,-0.0002173165336853966,0.0,-0.0002173165336853966,1.0003733012736769,1.0008738473017584
2008-07-25,0.00021736386125170704,0.0,0.00021736386125170704,1.0005907462771348,1.0010914011058338
2008-07-28,0.0,0.0,0.0,1.0005907462771348,1.0010914011058338
2008-07-29,0.0,0.0,0.0,1.0005907462771348,1.0010914011058338
2008-07-30,0.00021857021007098965,0.0,0.00021857021007098965,1.0008094456067438,1.0013102098636737
2008-07-31,4.7433723837642106e-08,0.0,4.7433723837642106e-08,1.0008094930788627,1.0013102573595456
2008-08-01,-0.0003055537957969978,0.0,-0.0003055537957969978,1.0005036919393828,1.001004303209639
2008-08-04,0.0002177439772639289,0.0,0.0002177439772639289,1.000721545592533,1.0012222658678782
2008-08-05,0.00021833290189077204,0.0,0.00021833290189077204,1.0009400360315668,1.0014408656306228
2008-08-06,-0.0004358393871803923,0.0,-0.0004358393871803923,1.0005037869396585,1.001004398257449
2008-08-07,0.0006544098179059876,0.0,0.0006544098179059876,1.001158526440684,1.0016594653634359
2008-08-08,-0.00021823765539552564,0.0,-0.00021823765539552564,1.0009400359511942,1.0014408655502103
2008-08-11,0.00021885573130220326,0.0,0.00021885573130220326,1.0011590974147517,1.001660036623196
2008-08-12,-0.000653981905510137,0.0,-0.000653981905510137,1.0005043574805057,1.001004969083772
2008-08-13,0.0008720208148649267,0.0,0.0008720208148649267,1.0013768181055918,1.0018778662525962
2008-08-14,-0.0002174687737940273,0.0,-0.0002174687737940273,1.0011590499168526,1.001659989101531
2008-08-15,0.00021855991660590934,0.0,0.00021855991660590934,1.0013778631553116,1.0018789118252163
2008-08-18,-0.0006537542468562085,0.0,-0.0006537542468562085,1.000723208124566,1.0012239292317748
2008-08-19,0.0008724575121554778,0.0,0.0008724575121554778,1.0015962966050826,1.0020974545701828
2008-08-20,4.275394359654072e-07,0.0,4.275394359654072e-07,1.0015967248269984,1.0020978830063632
2008-08-21,0.00021771574235673885,0.0,0.00021771574235673885,1.001814788201486,1.0023160554908759
2008-08-22,0.0002175733752356468,0.0,0.0002175733752356468,1.002032756426316,1.0025341327781219
2008-08-25,-0.00021743119031536473,0.0,-0.00021743119031536473,1.0018148832513514,1.0023161505883
2008-08-26,0.0002175733300386895,0.0,0.0002175733300386895,1.0020328514515826,1.002534227850935
2008-08-27,1.8971410764567764e-07,0.0,1.8971410764567764e-07,1.0020330415513508,1.0025344180458213
2008-08-28,0.0,0.0,0.0,1.0020330415513508,1.0025344180458213
2008-08-29,-0.00043490946815682996,0.0,-0.00043490946815682996,1.0015972478941741,1.00209840633526
2008-09-02,0.0007200597230174743,0.0,0.0007200597230174743,1.002318457731068,1.002819977036162
2008-09-03,1.9020057095975318e-07,0.0,1.9020057095975318e-07,1.0023186483726108,1.0028201677730941
2008-09-04,4.2799020050221515e-07,0.0,4.2799020050221515e-07,1.0023190773551702,1.002820596970299
2008-09-05,0.0002177678907180347,0.0,0.0002177678907180347,1.0025373502664723,1.0030389790964698
2008-09-08,4.753717619543352e-08,0.0,4.753717619543352e-08,1.0025373979242669,1.0030390267781104
2008-09-09,-0.00021762520888735093,0.0,-0.00021762520888735093,1.0023192205136262,1.0028207402003857
2008-09-10,0.0004357150615015293,0.0,0.0004357150615015293,1.0027559460944364,1.0032576843008771
2008-09-11,-0.00021799489227203317,0.0,-0.00021799489227203317,1.0025373504199924,1.003038979250067
2008-09-12,0.0004356678046477658,0.0,0.0004356678046477658,1.0029741236665273,1.0034759710401329
2008-09-15,0.0010896516220826324,0.0,0.0010896516220826324,1.0040670160472873,1.0045694102596976
2008-09-16,0.0004379927370764536,0.0,0.0004379927370764536,1.004506790107854,1.0050094043652804
2008-09-17,0.0043483369485675105,0.0,0.0043483369485675105,1.0088747240983669,1.0093795238919399
2008-09-18,-0.002812508595555596,0.0,-0.002812508595555596,1.0060372552650014,1.0065406353048159
2008-09-19,-0.003455362840978471,0.0,-0.003455362840978471,1.0025610315165188,1.0030626721956488
2008-09-22,0.0004373325994359023,0.0,0.0004373325994359023,1.002999484138525,1.003501344201477
2008-09-23,0.003268688033698286,0.0,0.003268688033698286,1.0062779765501342,1.0067814770370687
2008-09-24,-0.003041416765647398,0.0,-0.003041416765647398,1.0032174658413529,1.0037194349734648
2008-09-25,0.0010890823611846567,0.0,0.0010890823611846567,1.004310052287833,1.0048125681056728
2008-09-26,0.0017400345698392883,0.0,0.0017400345698392883,1.0060575864976509,1.0065609767103856
2008-09-29,0.00434344463368852,0.0,0.00434344463368852,1.0104273419229057,1.0109329185831586
2008-09-30,-0.003627984794363881,0.0,-0.003627984794363881,1.0067615268905998,1.007265269326417
2008-10-01,-0.000131666137526687,0.0,-0.000131666137526687,1.0066289704889437,1.00713264659894
2008-10-02,-0.0004348149275527069,0.0,-0.0004348149275527069,1.006191273186068,1.0066947302901732
2008-10-03,2.321218586232021e-06,0.0,2.321218586232021e-06,1.0061936087759527,1.0066970670486919
2008-10-06,-0.00014847831882425222,0.0,-0.00014847831882425222,1.0060442108405099,1.0065475943606113
2008-10-07,-0.00021753514840561206,0.0,-0.00021753514840561206,1.0058253608638021,1.0063286348802947
2008-10-08,-0.000870368039910141,0.0,-0.000870368039910141,1.0049499226159753,1.0054527585988484
2008-10-09,0.0015254821028316545,0.0,0.0015254821028316545,1.006482955737168,1.0069865587873337
2008-10-10,0.0008688556865148467,0.0,0.0008688556865148467,1.0073574441766404,1.0078614847851801
2008-10-13,-0.003911964914049215,0.0,-0.003911964914049215,1.0034166971991152,1.003918766018479
2008-10-14,0.001747543766711157,0.0,0.001747543766711157,1.0051702117937193,1.0056731580003189
2008-10-15,0.00021849217277691846,0.0,0.00021849217277691846,1.0053898336173048,1.0058928897137138
2008-10-16,-0.000435032311622785,0.0,-0.000435032311622785,1.0049524565539043,1.0054552938046568
2008-10-17,-0.0021758637005181436,0.0,-0.0021758637005181436,1.002765816982942,1.0032675601283734
2008-10-20,0.002400616508059894,0.0,0.002400616508059894,1.0051730731569095,1.0056760207952185
2008-10-21,0.0,0.0,0.0,1.0051730731569095,1.0056760207952185
2008-10-22,-0.0013071529950265948,0.0,-0.0013071529950265948,1.0038591581638123,1.0043614483726095
2008-10-23,0.0013086248243179277,0.0,0.0013086248243179277,1.0051728331783043,1.005675780696538
2008-10-24,-0.0010879791171241049,0.0,-0.0010879791171241049,1.0040792261267057,1.0045816264485425
2008-10-27,0.001525666678642068,0.0,0.001525666678642068,1.0056111163447239,1.0061142831619911
2008-10-28,-0.0002174402957850763,0.0,-0.0002174402957850763,1.0053924559661411,1.0058955133746668
2008-10-29,-0.0010888313225958512,0.0,-0.0010888313225958512,1.0042977531685837,1.0048002628324457
2008-10-30,0.001308074134618864,0.0,0.001308074134618864,1.0056114490829593,1.006114616066715
2008-10-31,-0.0010883099871024093,0.0,-0.0010883099871024093,1.0045170320997778,1.0050196514818799
2008-11-03,-0.000281954785422589,0.0,-0.000281954785422589,1.0042338037155387,1.004736281381701
2008-11-04,0.0004363979169190735,0.0,0.0004363979169190735,1.0046720492555798,1.005174746201949
2008-11-05,0.00043643354814681956,0.0,0.00043643354814681956,1.0051105218427603,1.0056134381829414
2008-11-06,0.0015268322881331065,0.0,0.0015268322881331065,1.0066451570406523,1.0071488412497398
2008-11-07,0.0,0.0,0.0,1.0066451570406523,1.0071488412497398
2008-11-10,-0.000217176017596854,0.0,-0.000217176017596854,1.0064265378543131,1.0069301126752699
2008-11-11,4.2668649424815186e-07,0.0,4.2668649424815186e-07,1.0064269672829242,1.0069305423187496
2008-11-12,0.00021817208655350306,0.0,0.00021817208655350306,1.00664654155434,1.0071502264561818
2008-11-13,0.0,0.0,0.0,1.00664654155434,1.0071502264561818
2008-11-14,1.893737736624601e-07,0.0,1.893737736624601e-07,1.0066467321867942,1.0071504171840207
2008-11-17,0.0004348336931316865,0.0,0.0004348336931316865,1.0070844561030299,1.007588360119464
2008-11-18,-0.00108796906066011,0.0,-0.00108796906066011,1.005988779373318,1.0064921351577727
2008-11-19,-0.00021607161204273417,0.0,-0.00021607161204273417,1.0057714137560618,1.006274660779621
2008-11-20,0.00065392548026455,0.0,0.00065392548026455,1.0064291133108387,1.0069326894204493
2008-11-21,-0.0002176527300761233,0.0,-0.0002176527300761233,1.0062100612666984,1.0067135277715942
2008-11-24,0.0002182685240578186,0.0,0.0002182685240578186,1.0064296852516634,1.00693326164745
2008-11-25,0.00021817218460484789,0.0,0.00021817218460484789,1.0066492602147459,1.007152946476895
2008-11-26,0.0004346914088978471,0.0,0.0004346914088978471,1.0070868419999348,1.0075907472101746
2008-11-28,-0.0030451489025726808,0.0,-0.0030451489025726808,1.0040201126082233,1.0045224833520652
2008-12-01,0.002752372121012314,0.0,0.002752372121012314,1.0067835495751019,1.0072873030301734
2008-12-02,0.0008701643384676494,0.0,0.0008701643384676494,1.007659616716498,1.0081638085198616
2008-12-03,-0.001522703040450657,0.0,-0.001522703040450657,1.0061252503543845,1.0066286744233561
2008-12-04,-0.0004357492777571359,0.0,-0.0004357492777571359,1.0056868320032093,1.0061900367055066
2008-12-05,2.324252736718435e-06,0.0,2.324252736718435e-06,1.0056891694735808,1.006192375345453
2008-12-08,0.00021853258058668334,0.0,0.00021853258058668334,1.0059089453230539,1.0064122611618036
2008-12-09,-0.0004359543013123801,0.0,-0.0004359543013123801,1.0054704149916116,1.0059735114076567
2008-12-10,0.0006548313651009163,0.0,0.0006548313651009163,1.0061288285560293,1.0066322544153872
2008-12-11,-0.0010897191358015812,0.0,-0.0010897191358015812,1.0050324307184701,1.0055353079850355
2008-12-12,0.0004356003346641657,0.0,0.0004356003346641657,1.0054702231816395,1.0059733195017104
2008-12-15,-0.0002171419988415968,0.0,-0.0002171419988415968,1.005251893367602,1.0057548804443326
2008-12-16,0.0006546621011596088,0.0,0.0006546621011596088,1.0059099936843088,1.0064133100476158
2008-12-17,-0.0006542337990860236,0.0,-0.0006542337990860236,1.005251893367602,1.0057548804443326
2008-12-18,-0.0006538075527983134,0.0,-0.0006538075527983134,1.0045946520872535,1.0050973103072343
2008-12-19,0.0006559471015199492,0.0,0.0006559471015199492,1.0052536130374925,1.005756600974676
2008-12-22,0.001307526671297632,0.0,0.001307526671297632,1.0065680089479574,1.007071654555284
2008-12-23,-0.0010892450948933874,0.0,-0.0010892450948933874,1.0054716096815342,1.0059747066953535
2008-12-24,0.0010909070034217372,0.0,0.0010909070034217372,1.0065684857022774,1.0070721315481526
2008-12-26,7.593320732190989e-07,0.0,7.593320732190989e-07,1.0065692500220125,1.0070728962503221
2008-12-29,-0.0035324161541476773,0.0,-0.0035324161541476773,1.0030136285429665,1.0035154956832033
2008-12-30,0.003496615011485016,0.0,0.003496615011485016,1.006520781053254,1.0070244030296671
2008-12-31,-0.0021804876668990447,0.0,-0.0021804876668990447,1.0043260749036897,1.0048285987385945
2009-01-02,0.00021964151578313107,0.0,0.00021964151578313107,1.0045466666051222,1.0050493008151238
2009-01-05,3.853922427188294e-06,0.0,3.853922427188294e-06,1.0045505380500497,1.0050531741971647
2009-01-06,0.0002186855768946394,0.0,0.0002186855768946394,1.0047702187639829,1.0052729648303738
2009-01-07,0.0015279673918443537,0.0,0.0015279673918443537,1.0063054748945504,1.0068089891405372
2009-01-08,-0.001089962762549579,0.0,-0.001089962762549579,1.0052086393991655,1.0057116048333739
2009-01-09,0.0006543880448535155,0.0,0.0006543880448535155,1.0058664359153717,1.0063697304841472
2009-01-12,-0.0004357594033057577,0.0,-0.0004357594033057577,1.005428120157452,1.0059311954108865
2009-01-13,0.001307780510165335,0.0,0.001307780510165335,1.006742999457366,1.007246732622812
2009-01-14,0.00021861587708182917,0.0,0.00021861587708182917,1.0069630894611883,1.0074669327507022
2009-01-15,0.00021758971420793305,0.0,0.00021758971420793305,1.007182194272042,1.0076861471926732
2009-01-16,-0.000651516292192289,0.0,-0.000651516292192289,1.0065259986632678,1.0070296232503608
2009-01-20,-0.0017424032918587073,0.0,-0.0017424032918587073,1.0047722244498556,1.0052749715198102
2009-01-21,0.0017456826017747673,0.0,0.0017456826017747673,1.0065262378408242,1.007029862547592
2009-01-22,0.0002185412049996449,0.0,0.0002185412049996449,1.0067462052977059,1.007249940067224
2009-01-23,-0.00021611715175873236,0.0,-0.00021611715175873236,1.006528630175273,1.0070322560790674
2009-01-26,-0.00021795400380808516,0.0,-0.00021795400380808516,1.0063092532303788,1.0068127693668911
2009-01-27,-0.00043605062825313734,0.0,-0.00043605062825313734,1.0058704514482908,1.0063737480262753
2009-01-28,-0.00043537901083290365,0.0,-0.00043537901083290365,1.005432516566113,1.0059355940193315
2009-01-29,4.756311200448948e-08,0.0,4.756311200448948e-08,1.0054325643876125,1.005935641864759
2009-01-30,0.0008725231177634241,0.0,0.0008725231177634241,1.006309827543393,1.0068133439672682
2009-02-02,0.0006101585025225509,0.0,0.0006101585025225509,1.0069238360408408,1.007427659689543
2009-02-03,-0.0008718362272085445,0.0,-0.0008718362272085445,1.0060459633625405,1.0065493477595338
2009-02-04,0.0006545645259645738,0.0,0.0006545645259645738,1.0067044853616474,1.0072081992562099
2009-02-05,-0.00043612570806805806,0.0,-0.00043612570806805806,1.0062654356551537,1.0067689298671374
2009-02-06,-0.0015260149386533417,0.0,-0.0015260149386533417,1.0047298595680934,1.005232585440388
2009-02-09,0.001309669719734341,0.0,0.001309669719734341,1.0060457238416827,1.0065491081188296
2009-02-10,-0.00021745263916250757,0.0,-0.00021745263916250757,1.005826956543915,1.0063302313588225
2009-02-11,-0.00021789805439176302,0.0,-0.00021789805439176302,1.0056077888070294,1.0061109539593338
2009-02-12,1.902835323752683e-07,0.0,1.902835323752683e-07,1.0056079801576316,1.0061111454056801
2009-02-13,0.0008726828594729508,0.0,0.0008726828594729508,1.0064855570052644,1.0069891613570003
2009-02-17,0.0,0.0,0.0,1.0064855570052644,1.0069891613570003
2009-02-18,0.0002188016879446364,0.0,0.0002188016879446364,1.0067057777440291,1.0072094922852473
2009-02-19,4.276170938455337e-07,0.0,4.276170938455337e-07,1.006706208228628,1.0072099229852431
2009-02-20,4.276170938455337e-07,0.0,4.276170938455337e-07,1.006706638713411,1.007210353685423
2009-02-23,-0.00021780319357433964,0.0,-0.00021780319357433964,1.0064873747925067,1.0069909800537893
2009-02-24,-0.0006540714489116084,0.0,-0.0006540714489116084,1.005829060136965,1.0063323360044245
2009-02-25,-0.00043584365571047723,0.0,-0.00043584365571047723,1.0053906759223752,1.0058937324402406
2009-02-26,0.00021865902115625335,0.0,0.00021865902115625335,1.0056105136634519,1.006113680179163
2009-02-27,0.0006540272120874047,0.0,0.0006540272120874047,1.006268210304149,1.0067717059044536
2009-03-02,0.0005886704409128196,0.0,0.0005886704409128196,1.0068605706551852,1.007364362648467
2009-03-03,-0.0002178827799711458,0.0,-0.0002178827799711458,1.0066411930750074,1.0071448753006893
2009-03-04,4.748022053302492e-08,0.0,4.748022053302492e-08,1.0066412408705534,1.0071449231201501
2009-03-05,0.00021812024538947483,0.0,0.00021812024538947483,1.0068608097050313,1.0073646018179239
2009-03-06,-0.00021769256834758277,0.0,-0.00021769256834758277,1.006641623589398,1.0071453060304916
2009-03-09,1.8995194828175244e-07,0.0,1.8995194828175244e-07,1.0066418148029357,1.0071454973397047
2009-03-10,4.748022053302492e-08,0.0,4.748022053302492e-08,1.0066418625985112,1.007145545159195
2009-03-11,1.9011763197074316e-07,0.0,1.9011763197074316e-07,1.0066420539788783,1.0071457366353211
2009-03-12,-0.0004354623619686748,0.0,-0.0004354623619686748,1.0062036992523957,1.0067071625739992
2009-03-13,-0.00021822424279371866,0.0,-0.00021822424279371866,1.0059841212120302,1.0064874746657315
2009-03-16,-0.00021723245847893313,0.0,-0.00021723245847893313,1.0057655888081884,1.0062688329171816
2009-03-17,0.000653399069904137,0.0,0.000653399069904137,1.0064227551084572,1.0069263280366831
2009-03-18,0.00021837557423975973,0.0,0.00021837557423975973,1.006642533255532,1.0071462161517852
2009-03-19,-0.0006540669144857736,0.0,-0.0006540669144857736,1.0059841216798153,1.006487475133751
2009-03-20,0.0004361666155373589,0.0,0.0004361666155373589,1.0064228983694528,1.0069264713693609
2009-03-23,0.00021828061162199042,0.0,0.00021828061162199042,1.0066425809752593,1.0071462638953896
2009-03-24,-0.00021813788553382008,0.0,-0.00021813788553382008,1.006422994091157,1.0069265671389602
2009-03-25,0.0004363532926690006,0.0,0.0004363532926690006,1.0068621500784465,1.0073659428620072
2009-03-26,-0.00021769256834758277,0.0,-0.00021769256834758277,1.006642963671024,1.0071466467826398
2009-03-27,0.00021802521138303277,0.0,0.00021802521138303277,1.0068624372159656,1.0073662301431983
2009-03-30,-0.00021797773115195263,0.0,-0.00021797773115195263,1.0066429636263192,1.0071466467379127
2009-03-31,-0.0004358902252477037,0.0,-0.0004358902252477037,1.00620417779816,1.0067076413592086
2009-04-01,0.00017457937282361335,0.0,0.00017457937282361335,1.0063798402924526,1.006883391747854
2009-04-02,-0.0006538221321319426,0.0,-0.0006538221321319426,1.005721846879538,1.006225069101853
2009-04-03,0.0006541550984815458,0.0,0.0006541550984815458,1.0063797449533285,1.006883296361026
2009-04-06,-0.00021767548117235247,0.0,-0.00021767548117235247,1.0061606807581036,1.0066641225550061
2009-04-07,4.756311200448948e-08,0.0,4.756311200448948e-08,1.0061607286142369,1.0066641704350847
2009-04-08,0.00043584377546701525,0.0,0.00043584377546701525,1.0065992575049227,1.0071029187477545
2009-04-09,-0.0006540952886121554,0.0,-0.0006540952886121554,1.0059408456730683,1.006444177473454
2009-04-13,0.0006544282184035577,0.0,0.0006544282184035577,1.0065991617485215,1.0071028229434407
2009-04-14,-0.0004356538984271463,0.0,-0.0004356538984271463,1.0061606328995523,1.0066640746725084
2009-04-15,4.75786536835443e-08,0.0,4.75786536835443e-08,1.0061606807713206,1.0066641225682298
2009-04-16,0.0006540862868593678,0.0,0.0006540862868593678,1.0068187966749902,1.007322567766275
2009-04-17,-0.001089519933085703,0.0,-0.001089519933085703,1.0057218475270073,1.0062250697496464
2009-04-20,0.0004362418409988855,0.0,0.0004362418409988855,1.0061605854773052,1.0066640272265333
2009-04-21,-0.00021844157358230643,0.0,-0.00021844157358230643,1.0059407981757371,1.0064441299523572
2009-04-22,0.000654333096785864,0.0,0.000654333096785864,1.0065990185333906,1.007102679656651
2009-04-23,0.00043643728323705666,0.0,0.00043643728323705666,1.0070383358743484,1.007542216814101
2009-04-24,1.9003477880197295e-07,0.0,1.9003477880197295e-07,1.0070385272466558,1.0075424082821633
2009-04-27,-0.00021757666652033603,0.0,-0.00021757666652033603,1.00681941916084,1.0073231905635915
2009-04-28,0.00021847981270584071,0.0,0.00021847981270584071,1.0070393888789668,1.0075432703456002
2009-04-29,-0.00021814723328883456,0.0,-0.00021814723328883456,1.00681970602247,1.0073234775687556
2009-04-30,0.0,0.0,0.0,1.00681970602247,1.0073234775687556
2009-05-01,0.0010064966225415972,0.00030000000000000003,0.0007064966225415972,1.0075310207442831,1.0083373452467355
2009-05-04,0.004991207041183365,0.0,0.004991207041183365,1.0125598166692327,1.0133701657042191
2009-05-05,-0.00010395963386916618,0.0,-0.00010395963386916618,1.0124545513214211,1.0132648161128186
2009-05-06,-4.945206955628842e-05,0.0,-4.945206955628842e-05,1.0124044833485266,1.0132147080706533
2009-05-07,-0.006960934927626715,0.0,-0.006960934927626715,1.0053572016195,1.0061617864200592
2009-05-08,0.00034356286891037415,0.0,0.00034356286891037415,1.0057026050239681,1.0065074662499895
2009-05-11,0.000963363339981837,0.0,0.000963363339981837,1.0066714620445725,1.0074770986443928
2009-05-12,-0.00304889217974219,0.0,-0.00304889217974219,1.003602229296375,1.0044054095970667
2009-05-13,-0.008551858831544523,0.0,-0.008551858831544523,0.9950195647084091,0.9958158763245529
2009-05-14,0.003508072644518845,0.0,0.003508072644518845,0.9985101656241239,0.9993092707592647
2009-05-15,-0.00017929212017278031,0.0,-0.00017929212017278031,0.9983311406195151,0.999130102481402
2009-05-18,0.00824031911147751,0.0,0.00824031911147751,1.0065577077971453,1.0073632533597319
2009-05-19,0.0012542633749680564,0.0,0.0012542633749680564,1.0078201962648272,1.0086267521937098
2009-05-20,-0.0016485828915961066,0.0,-0.0016485828915961066,1.00615872113146,1.006963947386037
2009-05-21,-0.005080257905036978,0.0,-0.005080257905036978,1.00104717533471,1.0018483108322418
2009-05-22,-0.0008198403617202146,0.0,-0.0008198403617202146,1.0002264764563846,1.0010269551507003
2009-05-26,0.011453722225567774,0.0,0.011453722225567774,1.0116827926803744,1.0124924398353023
2009-05-27,-0.0020729057302993903,0.0,-0.0020729057302993903,1.0095856696221819,1.0103936384548828
2009-05-28,0.0033105049977448005,0.0,0.0033105049977448005,1.0129279080271176,1.0137385516446773
2009-05-29,0.003841706377955112,0.0,0.003841706377955112,1.0168192796317943,1.0176330375041098
2009-06-01,0.00795806996914452,0.0,0.00795806996914452,1.0249111986050794,1.0257314324194806
2009-06-02,0.00042366996661516985,0.0,0.00042366996661516985,1.0253454226983758,1.02616600402121
2009-06-03,-0.0005998088008951853,0.0,-0.0005998088008951853,1.0247304114898836,1.0255505006208185
2009-06-04,0.003379590680061084,0.0,0.003379590680061084,1.02819358083813,1.0290164415346486
2009-06-05,0.00018229762073395132,0.0,0.00018229762073395132,1.0283810180815707,1.0292040287836364
2009-06-08,-0.0007380063565665008,0.0,-0.0007380063565665008,1.027622066353254,1.0284444696681903
2009-06-09,0.002133629563991357,0.0,0.002133629563991357,1.0298146311746352,1.0306387891935977
2009-06-10,-0.0008867788711520385,0.0,-0.0008867788711520385,1.0289014133185064,1.029724840491551
2009-06-11,-0.0004573225032473149,0.0,-0.0004573225032473149,1.028430873548573,1.0292539241498417
2009-06-12,-0.000775557605428201,0.0,-0.000775557605428201,1.0276332661629353,1.0284556784410506
2009-06-15,-0.0061705237681411555,0.0,-0.0061705237681411555,1.0212922306691443,1.0221095682327503
2009-06-16,-0.0027561415238579906,0.0,-0.0027561415238579906,1.0184774047442036,1.0192924896098114
2009-06-17,0.0028625310894592414,0.0,0.0028625310894592414,1.0213928279791955,1.0222102460505718
2009-06-18,-0.0007381374857834521,0.0,-0.0007381374857834521,1.0206388996451536,1.02145571434961
2009-06-19,0.0033658338647857607,0.0,0.0033658338647857607,1.024074200617297,1.0248937645843468
2009-06-22,-0.009017325194603997,0.0,-0.009017325194603997,1.0148397905269266,1.015651964219168
2009-06-23,-0.000679901487327439,0.0,-0.000679901487327439,1.0141497994439483,1.0149614209380884
2009-06-24,0.005036240161207139,0.0,0.005036240161207139,1.019257301393388,1.0200730104082927
2009-06-25,0.005951364649481506,0.0,0.005951364649481506,1.0253232732656266,1.0261438368623268
2009-06-26,0.0006712024405486016,0.0,0.0006712024405486016,1.0260114727489937,1.0268325871099828
2009-06-29,0.0006603674069620147,0.0,0.0006603674069620147,1.0266890172847662,1.0275106738829167
2009-06-30,-0.0007251799170988615,0.0,-0.0007251799170988615,1.0259444830283253,1.0267655437776122
2009-07-01,0.00011097205729948545,0.0007,-0.0005890279427005145,1.0253401730601621,1.0268794860623693
2009-07-02,-0.025865189385779395,0.0,-0.025865189385779395,0.9988195552991131,1.0003190536789943
2009-07-06,-0.0016117268193931548,0.0,-0.0016117268193931548,0.9972097310341033,0.9987068126322299
2009-07-07,-0.021030030284266022,0.0,-0.021030030284266022,0.9762383801906913,0.9777039781174713
2009-07-08,0.0011164805748975822,0.0,0.0011164805748975822,0.9773283313786437,0.9787955656170395
2009-07-09,0.0018972211089826278,0.0,0.0018972211089826278,0.9791825393193422,0.9806525572255068
2009-07-10,-0.00035581339663045587,0.0,-0.00035581339663045587,0.9788341330541057,0.980303627908206
2009-07-13,0.022725748693321533,0.0,0.022725748693321533,1.0010788715743384,1.0025817617991992
2009-07-14,0.005054087317127254,0.0,0.005054087317127254,1.0061384116026062,1.0076488975658915
2009-07-15,0.030320734077038478,0.0,0.030320734077038478,1.0366452668255026,1.0382015518320078
2009-07-16,0.002474718404390319,0.0,0.002474718404390319,1.0392106719461398,1.040770808319793
2009-07-17,0.00926936472201223,0.0,0.00926936472201223,1.0488434946874161,1.0504180925341329
2009-07-20,0.010285927479005563,0.0,0.010285927479005563,1.0596318228105976,1.0612226168565742
2009-07-21,0.00530829282340256,0.0,0.00530829282340256,1.0652566588110721,1.0668558972576663
2009-07-22,0.002393638526593911,0.0,0.002393638526593911,1.067806498190313,1.069409564635666
2009-07-23,0.022079442919076674,0.0,0.022079442919076674,1.0913830708157253,1.093021532075154
2009-07-24,0.000618749611674063,0.0,0.000618749611674063,1.09205836366698,1.0936978387236769
2009-07-27,0.0043797697906621125,0.0,0.0043797697906621125,1.0968413278978084,1.0984879834778312
2009-07-28,-0.005324179613164471,0.0,-0.005324179613164471,1.0910015476609387,1.0926394361508924
2009-07-29,0.0002856200162515423,0.0,0.0002856200162515423,1.0913131595407122,1.092951515844403
2009-07-30,0.009093703866545576,0.0,0.009093703866545576,1.1012372382392395,1.102890493269984
2009-07-31,8.37531642153832e-05,0.0,8.37531642153832e-05,1.1013294703424936,1.1029828638385781
2009-08-03,0.015976924466327702,0.0,0.015976924466327702,1.1189253281026963,1.120605137741781
2009-08-04,0.001841089012946961,0.0,0.001841089012946961,1.1209853692305742,1.1226682715487293
2009-08-05,-0.004329944224797399,0.0,-0.004329944224797399,1.116131565104992,1.1178071805499736
2009-08-06,-0.006229276840739373,0.0,-0.006229276840739373,1.1091788725952652,1.1108440501677614
2009-08-07,0.012974208758515657,0.0,0.012974208758515657,1.1235695908388512,1.125256372772793
2009-08-10,-0.0035547858047434433,0.0,-0.0035547858047434433,1.119575541606696,1.121256327392163
2009-08-11,-0.011339559023451396,0.0,-0.011339559023451396,1.1068800486714343,1.1085417750872812
2009-08-12,0.012189751369652845,0.0,0.012189751369652845,1.1203726412607684,1.122054623708469
2009-08-13,0.006994007673808211,0.0,0.006994007673808211,1.128208536111271,1.129902282357118
2009-08-14,-0.008830444699693595,0.0,-0.008830444699693595,1.1182459530234181,1.1199247427367058
2009-08-17,-0.02606569535391865,0.0,-0.02606569535391865,1.0890980946811573,1.0907331255732151
2009-08-18,0.00981845586783583,0.0,0.00981845586783583,1.0997913562595283,1.1014424406302423
2009-08-19,0.008380292991219715,0.0,0.008380292991219715,1.1090079300541942,1.110672850995688
2009-08-20,0.010718119393463843,0.0,0.010718119393463843,1.1208944094568132,1.1225771752197387
2009-08-21,0.017645028473255886,0.0,0.017645028473255886,1.140672623227192,1.1423850814399181
2009-08-24,-0.00035249120950138187,0.0,-0.00035249120950138187,1.1402705461545855,1.141982400740845
2009-08-25,0.0022591946100346313,0.0,0.0022591946100346313,1.1428466392264391,1.144562361225353
2009-08-26,-0.00044465189664745193,0.0,-0.00044465189664745193,1.14233847030073,1.1440534294006028
2009-08-27,0.0023064279317563494,0.0,0.0023064279317563494,1.1449731916561514,1.1466921061855941
2009-08-28,0.00024884275532522857,0.0,0.00024884275532522857,1.1452581099399368,1.1469774522088072
2009-08-31,-0.009271206998355761,0.0,-0.009271206998355761,1.134640184936138,1.1363435868269327
2009-09-01,-0.0211367865141865,0.0,-0.0211367865141865,1.1106575375767258,1.112324935025407
2009-09-02,-0.00287515761567253,0.0,-0.00287515761567253,1.107464222099158,1.1091268255173663
2009-09-03,0.007795154168339691,0.0,0.007795154168339691,1.1160970764463412,1.1177726401145154
2009-09-04,0.016233094389592705,0.0,0.016233094389592705,1.1342147856362432,1.1359175488875985
2009-09-08,0.008860423238264258,0.0,0.008860423238264258,1.1442644086800775,1.1459822591345143
2009-09-09,0.007940523489462569,0.0,0.007940523489462569,1.1533504670953576,1.1550819581816794
2009-09-10,0.009994976934148813,0.0,0.009994976934148813,1.1648781784109654,1.1666269757107566
2009-09-11,0.00015841593520896655,0.0,0.00015841593520896655,1.165062713677003,1.166811788014154
2009-09-14,0.004663890858489372,0.0,0.004663890858489372,1.170496439016888,1.1722536708458506
2009-09-15,0.003859376761007949,0.0,0.003859376761007949,1.1750138257724723,1.1767778394211195
2009-09-16,0.014927674739692785,0.0,0.014927674739692785,1.1925540499782457,1.1943443962488762
2009-09-17,-0.0011122278001995502,0.0,-0.0011122278001995502,1.1912276582106192,1.1930160132083556
2009-09-18,0.0009649915626224964,0.0,0.0009649915626224964,1.192377182849955,1.194167263595175
2009-09-21,-0.0008082997854972022,0.0,-0.0008082997854972022,1.1914133846288255,1.1932020184521632
2009-09-22,0.004647722027272727,0.0,0.004647722027272727,1.1969507428601525,1.1987476897563096
2009-09-23,-0.007196822256031033,0.0,-0.007196822256031033,1.1883365011145637,1.1901205157033057
2009-09-24,-0.010363539798853549,0.0,-0.010363539798853549,1.1760211284908326,1.1777866543733824
2009-09-25,-0.006379407809201143,0.0,-0.006379407809201143,1.1685188101199526,1.1702730729929
2009-09-28,0.017583488428900673,0.0,0.017583488428900673,1.1890654470966495,1.1908505560305247
2009-09-29,-0.003444862180132924,0.0,-0.003444862180132924,1.1849692805082435,1.1867482399878648
2009-09-30,-0.0024728370188528245,0.0,-0.0024728370188528245,1.1820390446051994,1.1838136050079644
2009-10-01,-0.02627786344052848,0.0,-0.02627786344052848,1.1509775840096912,1.1527055127565253
2009-10-02,-0.004103358112455401,0.0,-0.004103358112455401,1.1462547108030907,1.1479755492394836
2009-10-05,0.012836559097502209,0.0,0.012836559097502209,1.1609686771391048,1.1627116052197837
2009-10-06,0.015285124451412214,0.0,0.015285124451412214,1.1787142278533675,1.1804837968066695
2009-10-07,0.00279220148500654,0.0,0.00279220148500654,1.182005435470778,1.1837799454171394
2009-10-08,0.006642956806620703,0.0,0.006642956806620703,1.1898574465238012,1.1916437444630892
2009-10-09,0.005976450341120688,0.0,0.005976450341120688,1.1969685704659632,1.1987655441261797
2009-10-12,0.0033814145114111735,0.0,0.0033814145114111735,1.2010160173598399,1.2028190673328678
2009-10-13,-0.001358477583274198,0.0,-0.001358477583274198,1.1993844640231033,1.2011850645931612
2009-10-14,0.016088927125817817,0.0,0.016088927125817817,1.218681273260609,1.2205108435620213
2009-10-15,0.00189998831303273,0.0,0.00189998831303273,1.2209967534371158,1.2228297999007187
2009-10-16,-0.0071809227371667835,0.0,-0.0071809227371667835,1.2122288700883523,1.2140487535869267
2009-10-19,0.008791521851796302,0.0,0.008791521851796302,1.2228862066891124,1.224722089733232
2009-10-20,-0.0036120965594346956,0.0,-0.0036120965594346956,1.2184690236293505,1.220298275286643
2009-10-21,-0.006844797631799293,0.0,-0.006844797631799293,1.2101288497419915,1.2119455805418722
2009-10-22,0.008302623139518982,0.0,0.008302623139518982,1.2201760935316588,1.2220079079627169
2009-10-23,-0.00917663743793481,0.0,-0.00917663743793481,1.208978979910883,1.2107939844450537
2009-10-26,-0.008539723206409465,0.0,-0.008539723206409465,1.1986546340600768,1.2004541389579073
2009-10-27,-0.007745880119736115,0.0,-0.007745880119736115,1.1893699989596813,1.1911555651082983
2009-10-28,-0.020001230969185588,0.0,-0.020001230969185588,1.1655811349026688,1.1673309875303364
2009-10-29,0.01999933268931566,0.0,0.01999933268931566,1.1888919797959774,1.190676828308503
2009-10-30,-0.028400180138983606,0.0,-0.028400180138983606,1.1551272334039788,1.156861391897228
2009-11-02,0.006374223144732105,0.0,0.006374223144732105,1.1624902721502528,1.1642354845567062
2009-11-03,0.0032105059164797556,0.0,0.0032105059164797556,1.1662224540468413,1.1679732694680511
2009-11-04,0.002356685822329641,0.0,0.002356685822329641,1.168970873969976,1.1707258155130664
2009-11-05,0.020179700272329425,0.0,0.020179700272329425,1.1925603558337732,1.1943507115711984
2009-11-06,0.0036553733846132128,0.0,0.0036553733846132128,1.1969196092180328,1.1987165093741696
2009-11-09,0.022239975231370886,0.0,0.022239975231370886,1.223539071680984,1.2253759348520865
2009-11-10,0.0008918402583249383,0.0,0.0008918402583249383,1.2246302730827425,1.2264687744423701
2009-11-11,0.005511749361609229,0.0,0.005511749361609229,1.2313801282086136,1.2332287629269365
2009-11-12,-0.008833269731752668,0.0,-0.008833269731752668,1.2205030153938268,1.2223353206230472
2009-11-13,0.0062526535861958,0.0,0.0062526535861958,1.2281343979499917,1.2299781599490747
2009-11-16,0.013176631579791497,0.0,0.013176631579791497,1.2443170724422477,1.2461851290139134
2009-11-17,0.0017742993655552762,0.0,0.0017742993655552762,1.2465248634344315,1.248396234497687
2009-11-18,-0.002123947770680212,0.0,-0.002123947770680212,1.2438773097296425,1.2457447060985
2009-11-19,-0.013837293886121569,0.0,-0.013837293886121569,1.2266654138366353,1.228506970493135
2009-11-20,-0.003990805210341574,0.0,-0.003990805210341574,1.2217700311117503,1.2236042384743502
2009-11-23,0.013700262879942526,0.0,0.013700262879942526,1.2385086017168168,1.2403679382024606
2009-11-24,5.424266361441204e-05,0.0,5.424266361441204e-05,1.238575781722283,1.2404352190632906
2009-11-25,0.0037523860269416563,0.0,0.0037523860269416563,1.2432233961789263,1.24508981084663
2009-11-27,-0.015619577304718177,0.0,-0.015619577304718177,1.2238047722352752,1.225642034294794
2009-11-30,0.0027131737895085936,0.0,0.0027131737895085936,1.2271251672667793,1.2289674141375626
2009-12-01,0.011731039451089132,0.0,0.011731039451089132,1.2415206210154104,1.2433844793569135
2009-12-02,9.62100397137734e-05,0.0,9.62100397137734e-05,1.2416400677636636,1.243504105427052
2009-12-03,-0.006671317413730092,0.0,-0.006671317413730092,1.2333566927580069,1.2352082948344716
2009-12-04,0.005664702954732946,0.0,0.005664702954732946,1.2403432920597128,1.242205382911931
2009-12-07,-0.002500843219912874,0.0,-0.002500843219912874,1.237241387947401,1.2390988220023365
2009-12-08,-0.009633197281346328,0.0,-0.009633197281346328,1.2253227975726568,1.2271623385989041
2009-12-09,0.00564683637597293,0.0,0.00564683637597293,1.232241994918299,1.2340919235317285
2009-12-10,0.00544344932290921,0.0,0.00544344932290921,1.2389496417711974,1.240809640377285
2009-12-11,0.0018371809697751646,0.0,0.0018371809697751646,1.2412258164755692,1.2430892322357
2009-12-14,0.007637856269685294,0.0,0.007637856269685294,1.2507061208600323,1.2525837691219095
2009-12-15,-0.004942105889689363,0.0,-0.004942105889689363,1.2445249987738594,1.2463933674992027
2009-12-16,0.001484805423903124,0.0,0.001484805423903124,1.246372876242222,1.2482440191315824
2009-12-17,-0.012097905287037159,0.0,-0.012097905287037159,1.2312943752331114,1.233142881213018
2009-12-18,0.008830072970208479,0.0,0.008830072970208479,1.242166794414227,1.244031622836822
2009-12-21,0.010460029999393126,0.0,0.010460029999393126,1.2551598963480497,1.2570442309318888
2009-12-22,0.004312130455815466,0.0,0.004312130455815466,1.2605723095640105,1.2624647696443974
2009-12-23,0.0035646538676438405,0.0,0.0035646538676438405,1.2650658135227426,1.2669650195682745
2009-12-24,0.006072906323678583,0.0,0.006072906323678583,1.2727484397015545,1.2746591794474902
2009-12-28,0.0030618331771309457,0.0,0.0030618331771309457,1.2766453831003746,1.2785619732126572
2009-12-29,-0.0022196286779036954,0.0,-0.0022196286779036954,1.2738117043965316,1.2757240403904373
2009-12-30,0.0006707318242984758,0.0,0.0006707318242984758,1.2746660904448341,1.2765797091033497
2009-12-31,-0.009423252886609534,0.0,-0.009423252886609534,1.2626545895285866,1.2645501756745545
2010-01-04,0.016208040378055098,0.0,0.016208040378055098,1.2831197460992025,1.2850460559819643
2010-01-05,0.0018543561737281555,0.0,0.0018543561737281555,1.285499107122014,1.2874289890693993
2010-01-06,-0.0013160145110472697,0.0,-0.0013160145110472697,1.2838073716431033,1.285734713837841
2010-01-07,0.0031579428400501422,0.0,0.0031579428400501422,1.2878615619403873,1.289794990571609
2010-01-08,0.004816442905971318,0.0,0.004816442905971318,1.2940644736242684,1.296007214504105
2010-01-11,-0.00023526810850329474,0.0,-0.00023526810850329474,1.2937600215232774,1.295702305338142
2010-01-12,-0.01030599849834115,0.0,-0.01030599849834115,1.2804265326842448,1.28234879932503
2010-01-13,0.009628542757779645,0.0,0.009628542757779645,1.2927551743023904,1.2946959495697183
2010-01-14,0.0021566448945930295,0.0,0.0021566448945930295,1.2955431881490085,1.2974881489794083
2010-01-15,-0.011353709338386664,0.0,-0.011353709338386664,1.2808339673554379,1.2827568456658949
2010-01-19,0.013580589401713618,0.0,0.013580589401713618,1.2982284475578598,1.3001774396891206
2010-01-20,-0.01146439182338762,0.0,-0.01146439182338762,1.2833450479587882,1.2852716960805954
2010-01-21,-0.01625562189555728,0.0,-0.01625562189555728,1.2624834760976342,1.2643788053560476
2010-01-22,-0.02445696832085846,0.0,-0.02445696832085846,1.2316069577171072,1.23345593296789
2010-01-25,0.004638822351340832,0.0,0.004638822351340832,1.237320163600632,1.2391777159191353
2010-01-26,-0.002662628593549643,0.0,-0.002662628593549643,1.2340256395536533,1.2358782459002395
2010-01-27,0.005708464139383229,0.0,0.005708464139383229,1.2410700306641247,1.242933212547605
2010-01-28,-0.01575397413282166,0.0,-0.01575397413282166,1.2215182455040219,1.223352074868305
2010-01-29,-0.012734225115536768,0.0,-0.012734225115536768,1.205963157183038,1.2077736341513732
2010-02-01,0.014132332343909359,0.0,0.014132332343909359,1.223006229314859,1.2248422925454114
2010-02-02,0.011160424965018035,0.0,0.011160424965018035,1.2366554985688771,1.2385120530453453
2010-02-03,-0.0018245320332971882,0.0,-0.0018245320332971882,1.234399180997585,1.2362523481309393
2010-02-04,-0.030461170302720452,0.0,-0.030461170302720452,1.1967979373236788,1.1985946548173847
2010-02-05,0.00397584444118273,0.0,0.00397584444118273,1.2015562197500063,1.2033600807129718
2010-02-08,-0.007216113779755006,0.0,-0.007216113779755006,1.1928856533555179,1.194676497452532
2010-02-09,0.011884724504455978,0.0,0.011884724504455978,1.2070627707109662,1.2088748984967037
2010-02-10,-0.0019977901469288902,0.0,-0.0019977901469288902,1.204651312600915,1.2064598201356174
2010-02-11,0.011868832139409246,0.0,0.011868832139409246,1.2189491168166942,1.2207790892237487
2010-02-12,0.00013844915746877816,0.0,0.00013844915746877816,1.2191178792949147,1.2209481050601072
2010-02-16,0.014798075167651768,0.0,0.014798075167651768,1.237158477310949,1.2390157868945886
2010-02-17,0.005008356254843793,0.0,0.005008356254843793,1.2433546077090223,1.2452212193607322
2010-02-18,0.0060208986866827074,0.0,0.0060208986866827074,1.2508407198336584,1.2527185701650108
2010-02-19,0.0013284518949169596,0.0,0.0013284518949169596,1.2525024015581607,1.2543827465233441
2010-02-22,-0.00046012921892277757,0.0,-0.00046012921892277757,1.2519260886064327,1.253805568369956
2010-02-23,-0.01241059405365742,0.0,-0.01241059405365742,1.2363889421355552,1.2382450964387013
2010-02-24,0.009474800214015344,0.0,0.009474800214015344,1.2481034803491071,1.2499772213434421
2010-02-25,-0.0008515606656863354,0.0,-0.0008515606656863354,1.2470406445185356,1.2489127899087422
2010-02-26,0.0015195727396259738,0.0,0.0015195727396259738,1.2489356134871517,1.2508106037384579
2010-03-01,0.011594129136278707,0.0,0.011594129136278707,1.263415934272819,1.2653126634032281
2010-03-02,0.002869522782979638,0.0,0.002869522782979638,1.2670413350805942,1.2689435069184563
2010-03-03,0.0009572916143428475,0.0,0.0009572916143428475,1.2682542631256926,1.270158255896704
2010-03-04,0.0031038206730845674,0.0,0.0031038206730845674,1.2721906969263095,1.274100599349445
2010-03-05,0.014477863051858119,0.0,0.014477863051858119,1.2906092996122565,1.2925468533411164
2010-03-08,0.0007037007418771778,0.0,0.0007037007418771778,1.291517502333867,1.2934564195207234
2010-03-09,0.0028552808126473986,0.0,0.0028552808126473986,1.2952051474774793,1.2971496008173766
2010-03-10,0.005552595987632425,0.0,0.005552595987632425,1.3023968983825236,1.3043521484862342
2010-03-11,0.004082203046627641,0.0,0.004082203046627641,1.307713546969019,1.30967677880066
2010-03-12,0.00013950570304215298,0.0,0.00013950570304215298,1.307895980466767,1.3098594861804447
2010-03-15,-0.0005759443496738625,0.0,-0.0005759443496738625,1.3071427051668558,1.3091050800105124
2010-03-16,0.007468224252839061,0.0,0.007468224252839061,1.3169047400195044,1.3188817703185616
2010-03-17,0.00496273305115511,0.0,0.00496273305115511,1.3234401866980219,1.3254270284706873
2010-03-18,0.0006478507326291405,0.0,0.0006478507326291405,1.324297578392565,1.3262857073421284
2010-03-19,-0.0053499718956198095,0.0,-0.0053499718956198095,1.3172126235667274,1.3191901160822856
2010-03-22,0.006518648968740702,0.0,0.006518648968740702,1.325799070276953,1.3277894533720584
2010-03-23,0.00698101915320155,0.0,0.00698101915320155,1.3350544989798534,1.3370587769774678
2010-03-24,-0.004832954473563911,0.0,-0.004832954473563911,1.328602241366557,1.3305968327798567
2010-03-25,-0.001511796607453919,0.0,-0.001511796607453919,1.3265936650054033,1.3285852410021712
2010-03-26,-9.997622793267436e-05,0.0,-9.997622793267436e-05,1.3264610371747767,1.3284524140612888
2010-03-29,0.0058765704511761436,0.0,0.0058765704511761436,1.3342560789104743,1.3362591582635548
2010-03-30,0.0014727559793482501,0.0,0.0014727559793482501,1.3362211125286714,1.338227141928846
2010-03-31,-0.003811096702529326,0.0,-0.003811096702529326,1.3311286446528632,1.3331270288810058
2010-04-01,0.004791307179799608,0.0,0.004791307179799608,1.3375064908852254,1.3395144499860683
2010-04-05,0.00849160427450426,0.0,0.00849160427450426,1.3488640667204035,1.35088907661533
2010-04-06,0.002528197182026537,0.0,0.002528197182026537,1.352274261052823,1.3543043905720595
2010-04-07,-0.004742588975561923,0.0,-0.004742588975561923,1.3458609800504178,1.3478814814997775
2010-04-08,0.003124425420063015,0.0,0.003124425420063015,1.3500660223083583,1.3520928366638076
2010-04-09,0.006375263413963772,0.0,0.006375263413963772,1.3586730488268164,1.360712784657673
2010-04-12,0.0013569635223564134,0.0,0.0013569635223564134,1.3605167185928833,1.3625592222708576
2010-04-13,0.0020576456437508936,0.0,0.0020576456437508936,1.363316179892146,1.3653628863189158
2010-04-14,0.011503023030194303,0.0,0.011503023030194303,1.3789984373068818,1.3810686870448148
2010-04-15,0.0019044772786194761,0.0,0.0019044772786194761,1.3816247084979845,1.3836989009795044
2010-04-16,-0.014769455930629404,0.0,-0.014769455930629404,1.3612188632531548,1.3632624210402273
2010-04-19,0.002474557357018836,0.0,0.002474557357018836,1.3645872774057306,1.3666358920937598
2010-04-20,0.007755547834201947,0.0,0.007755547834201947,1.375170399309594,1.3772349021268302
2010-04-21,0.00041800510586685906,0.0,0.00041800510586685906,1.3757452275579425,1.3778105933478972
2010-04-22,0.003861671878525163,0.0,0.003861671878525163,1.3810579042152182,1.3831312457701628
2010-04-23,0.005825207492170248,0.0,0.005825207492170248,1.3891028530659737,1.3911882722656779
2010-04-26,-0.0032948150280228124,0.0,-0.0032948150280228124,1.3845260161102226,1.3866045642394078
2010-04-27,-0.02301629533406477,0.0,-0.02301629533406477,1.3526593564257336,1.3546900640773114
2010-04-28,0.005497644255841994,0.0,0.005497644255841994,1.3600957963666986,1.3621376681265325
2010-04-29,0.013857359364978714,0.0,0.013857359364978714,1.3789431325877488,1.381013299298336
2010-04-30,-0.017786474485300706,0.0,-0.017786474485300706,1.3544165957432963,1.3564499414865052
2010-05-03,0.013237865587453945,0.0,0.013237865587453945,1.3723461805871628,1.3744064434880132
2010-05-04,-0.02563725154399027,0.0,-0.02563725154399027,1.3371629963500156,1.33917043977263
2010-05-05,-0.005687834616046839,0.0,-0.005687834616046839,1.329557434372079,1.3315534597885046
2010-05-06,-0.03342510467982706,0.0,-0.03342510467982706,1.28511683795035,1.2870461460082878
2010-05-07,-0.017947257483632524,0.0,-0.017947257483632524,1.2620525151631032,1.26394719743256
2010-05-10,0.04623756492680171,0.0,0.04623756492680171,1.3204067502739905,1.322389038037897
2010-05-11,-0.0022317861870114527,0.0,-0.0022317861870114527,1.3174598847274923,1.3194377484489488
2010-05-12,0.015398619759765662,0.0,0.015398619759765662,1.3377469485411557,1.3397552686339955
2010-05-13,-0.013486486977787315,0.0,-0.013486486977787315,1.3197054417400806,1.3216866766501412
2010-05-14,-0.01852407025578725,0.0,-0.01852407025578725,1.2952591254203425,1.297203659795736
2010-05-17,0.001330995414115588,0.0,0.001330995414115588,1.2969831093763684,1.298930231918098
2010-05-18,-0.013483705204962481,0.0,-0.013483705204962481,1.2794949714737218,1.2814158395891009
2010-05-19,-0.006381896937282172,0.0,-0.006381896937282172,1.2713293664340057,1.2732379757670422
2010-05-20,-0.03792493589904858,0.0,-0.03792493589904858,1.2231142817054181,1.2249505071518427
2010-05-21,0.01398056258995196,0.0,0.01398056258995196,1.240214107475465,1.2420760043866725
2010-05-24,-0.01021486530137019,0.0,-0.01021486530137019,1.227545487422744,1.2293883653077986
2010-05-25,0.0015730171744093996,0.0,0.0015730171744093996,1.229476437556829,1.231322214320447
2010-05-26,-0.0074862052919234985,0.0,-0.0074862052919234985,1.220272324543696,1.2221042834435383
2010-05-27,0.03449308839869143,0.0,0.03449308839869143,1.2623632857046583,1.2642584345247756
2010-05-28,-0.01055550095452655,0.0,-0.01055550095452655,1.2490384088374435,1.2509135534123812
2010-06-01,-0.014595231087075167,0.0,-0.014595231087075167,1.2308084046238283,1.232656181030373
2010-06-02,0.025227265605916593,0.0,0.025227265605916593,1.261858335157268,1.263752725910001
2010-06-03,0.0052581226729798035,0.0,0.0052581226729798035,1.268493341079447,1.2703976927711484
2010-06-04,-0.03517988146044275,0.0,-0.03517988146044275,1.2238678957069111,1.2257052525318395
2010-06-07,-0.014096256004150041,0.0,-0.014096256004150041,1.2066159405337662,1.2084273975065194
2010-06-08,0.006953273553474236,0.0,0.006953273553474236,1.2150058712422802,1.2168299237708953
2010-06-09,-0.006177127142853832,0.0,-0.006177127142853832,1.2075006254963028,1.2093134106205334
2010-06-10,0.02881758730580357,0.0,0.02881758730580357,1.242297880193355,1.2441629054111698
2010-06-11,0.006406631960155052,0.0,0.006406631960155052,1.2502568254966346,1.2521337992446162
2010-06-14,-0.0010753955263878116,0.0,-0.0010753955263878116,1.2489123048996598,1.2507872601584695
2010-06-15,0.0238511630126357,0.0,0.0238511630126357,1.278700315872308,1.2806199909946372
2010-06-16,0.0009935360470674668,0.0,0.0009935360470674668,1.2799707507295237,1.2818923331182854
2010-06-17,0.002091340147977616,0.0,0.002091340147977616,1.2826476049487614,1.2845732060199204
2010-06-18,0.001009541026488203,0.0,0.001009541026488203,1.283942490328484,1.2858700353729249
2010-06-21,-0.004345482086178212,0.0,-0.004345482086178212,1.2783631412370784,1.2802823101690584
2010-06-22,-0.013863179314950324,0.0,-0.013863179314950324,1.2606409637804856,1.262533526929426
2010-06-23,-0.0034015452821543057,0.0,-0.0034015452821543057,1.2563528364576477,1.2582389619673375
2010-06-24,-0.016214048788880154,0.0,-0.016214048788880154,1.2359822702712755,1.2378378140499293
2010-06-25,0.002997867508828111,0.0,0.002997867508828111,1.2396875813608093,1.2415486878138684
2010-06-28,-0.0032616756025523165,0.0,-0.0032616756025523165,1.2356441226218977,1.237499158749445
2010-06-29,-0.03346057209753893,0.0,-0.03346057209753893,1.1942987633700075,1.1960917289274655
2010-06-30,-0.0112401631249592,0.0,-0.0112401631249592,1.1808746504497916,1.1826474627819064
2010-07-01,0.00043857892584209246,0.001,-0.0005614210741579076,1.1802116825350901,1.183166147035783
2010-07-02,4.7578653572522e-08,0.0,4.7578653572522e-08,1.1802117386879727,1.1831662033292352
2010-07-06,-0.00021787854085864033,0.0,-0.00021787854085864033,1.179954595876443,1.1829084168032606
2010-07-07,4.75786536835443e-08,0.0,4.75786536835443e-08,1.179954652017094,1.1829084730844506
2010-07-08,0.00021792611956206187,0.0,0.00021792611956206187,1.1802117949556674,1.183166259737787
2010-07-09,-0.00021787858949262606,0.0,-0.00021787858949262606,1.17995465207448,1.18290847314198
2010-07-12,0.00021792607091764005,0.0,0.00021792607091764005,1.1802117949556674,1.1831662597377872
2010-07-13,0.0,0.0,0.0,1.1802117949556674,1.1831662597377872
2010-07-14,4.7578653572522e-08,0.0,4.7578653572522e-08,1.1802118511085553,1.1831663160312447
2010-07-15,4.7578653572522e-08,0.0,4.7578653572522e-08,1.180211907261446,1.1831663723247048
2010-07-16,4.7578653572522e-08,0.0,4.7578653572522e-08,1.1802119634143395,1.1831664286181676
2010-07-19,-0.00021787854085864033,0.0,-0.00021787854085864033,1.1799548205538468,1.1829086420431074
2010-07-20,4.75786536835443e-08,0.0,4.75786536835443e-08,1.1799548766945085,1.182908698324308
2010-07-21,0.0,0.0,0.0,1.1799548766945085,1.182908698324308
2010-07-22,0.0,0.0,0.0,1.1799548766945085,1.182908698324308
2010-07-23,0.00021792607091764005,0.0,0.00021792607091764005,1.1802120196246466,1.183166484969188
2010-07-26,-0.00043565312481130825,0.0,-0.00043565312481130825,1.1796978565703573,1.1826510347928392
2010-07-27,4.756311200448948e-08,0.0,4.756311200448948e-08,1.1796979126804588,1.182651091043403
2010-07-28,0.00021786970768611358,0.0,0.00021786970768611358,1.1799549331198522,1.1829087548909032
2010-07-29,-0.00021782219767119138,0.0,-0.00021782219767119138,1.179697912743167,1.1826510911062684
2010-07-30,0.00021786965451808804,0.0,0.00021786965451808804,1.179954933119852,1.1829087548909032
2010-08-02,0.006405861527129585,0.001,0.005405861527129585,1.1863336060965513,1.1904863045739635
2010-08-03,-0.004642478121175064,0.0,-0.004642478121175064,1.1808260782858333,1.1849594979514204
2010-08-04,0.007697340231142346,0.0,0.007697340231142346,1.189915298364205,1.1940805343672762
2010-08-05,-0.0014187316455732454,0.0,-0.0014187316455732454,1.188227127874864,1.1923864545258063
2010-08-06,-0.0032311497488564534,0.0,-0.0032311497488564534,1.1843877880890468,1.1885336753327254
2010-08-09,0.005785711702534213,0.0,0.005785711702534213,1.1912403143749322,1.195410188526954
2010-08-10,-0.0063746806869214405,0.0,-0.0063746806869214405,1.183646537749404,1.187789830285202
2010-08-11,-0.027534056732688227,0.0,-0.027534056732688227,1.1510559468275618,1.155085157711619
2010-08-12,-0.006507752025764547,0.0,-0.006507752025764547,1.1435651601578265,1.1475681499365906
2010-08-13,-0.004196945184133515,0.0,-0.004196945184133515,1.1387656798661592,1.1427518693162493
2010-08-16,0.00025408237915399735,0.0,0.00025408237915399735,1.1390550201593983,1.1430422224299877
2010-08-17,0.012382790420717302,0.0,0.012382790420717302,1.153159699751698,1.157196274712369
2010-08-18,0.002472185063110488,0.0,0.002472185063110488,1.156010523936805,1.1600570780578
2010-08-19,-0.016783193682860693,0.0,-0.016783193682860693,1.1366089754141484,1.1405876154335823
2010-08-20,-0.0018692823833051813,0.0,-0.0018692823833051813,1.1344843322797002,1.1384555350974364
2010-08-23,-0.005549402533180814,0.0,-0.005549402533180814,1.1281886220522934,1.1321377870670528
2010-08-24,-0.016043860098698015,0.0,-0.016043860098698015,1.1100881216351435,1.1139739267988993
2010-08-25,0.005678583941114756,0.0,0.005678583941114756,1.116391850215883,1.12029972125044
2010-08-26,-0.00824600274048861,0.0,-0.00824600274048861,1.1071860799595437,1.1110617266788403
2010-08-27,0.01444436312958981,0.0,0.01444436312958981,1.1231786777505064,1.1271103057183787
2010-08-30,-0.013315107879269572,0.0,-0.013315107879269572,1.108223432488563,1.112102710405902
2010-08-31,-0.0010193651867255516,0.0,-0.0010193651867255516,1.1070937481023706,1.1109690716188512
2010-09-01,0.013856625309704971,0.001,0.01285662530970497,1.1213272376044396,1.1263633537749445
2010-09-02,0.00021792611956206187,0.0,0.00021792611956206187,1.12157160409809,1.1266088177698494
2010-09-03,4.7578653572522e-08,0.0,4.7578653572522e-08,1.1215716574609569,1.12660887137238
2010-09-07,-0.00021787858949262606,0.0,-0.00021787858949262606,1.1213272910102143,1.1263634074205755
2010-09-08,0.0,0.0,0.0,1.1213272910102143,1.1263634074205755
2010-09-09,0.0,0.0,0.0,1.1213272910102143,1.1263634074205755
2010-09-10,4.75786536835443e-08,0.0,4.75786536835443e-08,1.121327344361457,1.12636346101143
2010-09-13,0.0,0.0,0.0,1.121327344361457,1.12636346101143
2010-09-14,0.00021792611956206187,0.0,0.00021792611956206187,1.1215717108783727,1.1266089250297047
2010-09-15,4.7578653572522e-08,0.0,4.7578653572522e-08,1.1215717642412444,1.1266089786322402
2010-09-16,4.7578653572522e-08,0.0,4.7578653572522e-08,1.1215718176041187,1.1266090322347784
2010-09-17,-0.00021787858949262606,0.0,-0.00021787858949262606,1.1213274511184845,1.1263635682479254
2010-09-20,0.0,0.0,0.0,1.1213274511184845,1.1263635682479254
2010-09-21,4.75786536835443e-08,0.0,4.75786536835443e-08,1.121327504469735,1.1263636218387876
2010-09-22,4.75786536835443e-08,0.0,4.75786536835443e-08,1.121327557820988,1.1263636754296522
2010-09-23,0.0,0.0,0.0,1.121327557820988,1.1263636754296522
2010-09-24,0.00021792607091764005,0.0,0.00021792607091764005,1.1215719243298756,1.126609139439863
2010-09-27,4.7578653572522e-08,0.0,4.7578653572522e-08,1.1215719776927575,1.1266091930424087
2010-09-28,-0.00021787858949262606,0.0,-0.00021787858949262606,1.1213276111722434,1.1263637290205193
2010-09-29,0.0,0.0,0.0,1.1213276111722434,1.1263637290205193
2010-09-30,0.0,0.0,0.0,1.1213276111722434,1.1263637290205193
2010-10-01,-0.005162871597370389,0.001,-0.006162871597370389,1.114417013086003,1.120548457715651
2010-10-04,-0.008511678730972694,0.0,-0.008511678730972694,1.1049314534982846,1.1110107092410886
2010-10-05,0.021280921547596955,0.0,0.021280921547596955,1.1284454130756538,1.1346540409829882
2010-10-06,-0.002660774583783976,0.0,-0.002660774583783976,1.1254428742013545,1.1316349823493528
2010-10-07,0.00027038486775023997,0.0,0.00027038486775023997,1.125747176924056,1.131940959324397
2010-10-08,0.005985966835617452,0.0,0.005985966835617452,1.1324858621904133,1.1387167203667898
2010-10-11,0.0007820924650697612,0.0,0.0007820924650697612,1.1333715708500303,1.1396073021336375
2010-10-12,0.0042282399356650575,0.0,0.0042282399356650575,1.1381637377878457,1.1444258352394945
2010-10-13,0.00788672369869201,0.0,0.00788672369869201,1.147140120711649,1.1534516055956732
2010-10-14,-0.0033261159737850263,0.0,-0.0033261159737850263,1.1433245996319803,1.1496150917853134
2010-10-15,0.007788066436003593,0.0,0.007788066436003593,1.1522288875718312,1.1585683704959697
2010-10-18,0.0023420944672604355,0.0,0.0023420944672604355,1.1549275164744308,1.1612818470664514
2010-10-19,-0.012006057367527079,0.0,-0.012006057367527079,1.1410613904563032,1.1473394305907036
2010-10-20,0.009006897355122678,0.0,0.009006897355122678,1.1513388132760367,1.157673399073519
2010-10-21,0.002145330939916257,0.0,0.002145330939916257,1.1538088160544842,1.1601569916348695
2010-10-22,0.003350104496514561,0.0,0.003350104496514561,1.1576741961572663,1.1640436387892084
2010-10-25,0.0035389415541492546,0.0,0.0035389415541492546,1.1617711374762136,1.1681631211933627
2010-10-26,0.0009573219149875741,0.0,0.0009573219149875741,1.1628833264463196,1.1692814293495615
2010-10-27,-0.0010488964179916505,0.0,-0.0010488964179916505,1.1616635822906678,1.1680549742466926
2010-10-28,0.0007757566921100523,0.0,0.0007757566921100523,1.1625647505886103,1.168961100709717
2010-10-29,-0.0001553171310295199,0.0,-0.0001553171310295199,1.1623841843669127,1.1687795410252695
2010-11-01,0.0004853015952631873,0.0,0.0004853015952631873,1.1629482912658948,1.16934675160104
2010-11-02,0.008760112639703088,0.0,0.008760112639703088,1.1731358492915342,1.179590360859936
2010-11-03,0.004172865930378822,0.0,0.004172865930378822,1.1780311879087488,1.1845126332885718
2010-11-04,0.017091307276634438,0.0,0.017091307276634438,1.198165280922756,1.2047575026771624
2010-11-05,0.0026323324162575985,0.0,0.0026323324162575985,1.2013192502317636,1.2079288249051892
2010-11-08,-0.0009162127472531643,0.0,-0.0009162127472531643,1.2002185862211805,1.2068221051180366
2010-11-09,-0.006618490666215638,0.0,-0.006618490666215638,1.192274950710857,1.19883476427953
2010-11-10,0.004335087804785987,0.0,0.004335087804785987,1.1974435673096355,1.2040318182461118
2010-11-11,-0.0044666949009898645,0.0,-0.0044666949009898645,1.1920949522333104,1.1986537754629225
2010-11-12,-0.013217808861174607,0.0,-0.013217808861174607,1.1763380690103193,1.1828101989681283
2010-11-15,-0.002108698879519932,0.0,-0.002108698879519932,1.1738575262422606,1.1803160084268796
2010-11-16,-0.015898707075067117,0.0,-0.015898707075067117,1.155194709284672,1.1615505099528882
2010-11-17,0.0012297498956337582,0.0,0.0012297498956337582,1.1566153098578513,1.162978926571276
2010-11-18,0.015077675838914305,0.0,0.015077675838914305,1.1740543805702135,1.1805139458336062
2010-11-19,0.00215649162935253,0.0,0.00215649162935253,1.176586219014318,1.1830597142761305
2010-11-22,0.0019634662530520824,0.0,0.0019634662530520824,1.1788964063491587,1.1853826121004571
2010-11-23,-0.014936789395711735,0.0,-0.014936789395711735,1.16128747900816,1.167676801670174
2010-11-24,0.0163240538892687,0.0,0.0163240538892687,1.1802443983964221,1.1867380207058866
2010-11-26,-0.01014836886684457,0.0,-0.01014836886684457,1.1682668428884682,1.1746945655234542
2010-11-29,0.0019039192155201885,0.0,0.0019039192155201885,1.1704911285794986,1.1769310890791214
2010-11-30,-0.007552835277259661,0.0,-0.007552835277259661,1.1616506018918438,1.1680419224306209
2010-12-01,0.021126960430667484,0.0,0.021126960430667484,1.1861927481922738,1.1927190979071733
2010-12-02,0.011995726421084018,0.0,0.011995726421084018,1.200421991882262,1.2070266299028698
2010-12-03,0.002690104066171283,0.0,0.002690104066171283,1.2036512519637461,1.2102736571479487
2010-12-06,-0.0008503380952540439,0.0,-0.0008503380952540439,1.202627741450801,1.2092445153515934
2010-12-07,0.0006678849027191847,0.0,0.0006678849027191847,1.2034309583629073,1.2100521515070926
2010-12-08,0.003674852329016054,0.0,0.003674852329016054,1.2078533894230572,1.2144989144742893
2010-12-09,0.003019215253370688,0.0,0.003019215253370688,1.211500158800239,1.2181657481220722
2010-12-10,0.006058254046859156,0.0,0.006058254046859156,1.2188397345400612,1.225545705695378
2010-12-13,-0.0005752852711348733,0.0,-0.0005752852711348733,1.2181385539929064,1.2248406673017889
2010-12-14,0.0011720268923861132,0.0,0.0011720268923861132,1.2195662451368383,1.2262762135027547
2010-12-15,-0.004527888900121657,0.0,-0.004527888900121657,1.21404418467252,1.2207237710471524
2010-12-16,0.006383415492343846,0.0,0.006383415492343846,1.2217939331293486,1.2285161580791273
2010-12-17,0.0010152148496124225,0.0,0.0010152148496124225,1.223034316473428,1.229763365925798
2010-12-20,0.0019105134251088287,0.0,0.0019105134251088287,1.2253709399544193,1.232112845346106
2010-12-21,0.006243222008253646,0.0,0.006243222008253646,1.2330212027750171,1.2398051993788228
2010-12-22,0.002121431575590482,0.0,0.002121431575590482,1.2356369728879566,1.2424353612763663
2010-12-23,-0.0017676497143232048,0.0,-0.0017676497143232048,1.233452799545824,1.2402391707649412
2010-12-27,0.0004571561564955867,0.0,0.0004571561564955867,1.2340166800868833,1.2408061537373833
2010-12-28,0.0004579416787512836,0.0,0.0004579416787512836,1.2345817877569694,1.2413743705904308
2010-12-29,0.0011599391264672243,0.0,0.0011599391264672243,1.2360138274774124,1.2428142892934722
2010-12-30,-0.0018238635730935314,0.0,-0.0018238635730935314,1.2337595068816365,1.2405475655831097
2010-12-31,-0.0009299577361807419,0.0,-0.0009299577361807419,1.2326121626836253,1.2393939087773955
2011-01-03,0.01188734853535309,0.0,0.01188734853535309,1.2472646530703608,1.254127016143626
2011-01-04,-0.0005937629240157175,0.0,-0.0005937629240157175,1.2465240735629324,1.2533823620194335
2011-01-05,0.006218774671151239,0.0,0.006218774671151239,1.2542759258985858,1.2611768645056278
2011-01-06,-0.0004022259537551197,0.0,-0.0004022259537551197,1.253771423568019,1.260669586438448
2011-01-07,-0.0016375080172299937,0.0,-0.0016375080172299937,1.2517183628101527,1.258605229883577
2011-01-10,0.00026014291460620944,0.0,0.00026014291460620944,1.2520439884733203,1.2589326471164177
2011-01-11,0.0029121338387937956,0.0,0.0029121338387937956,1.255690108139812,1.2625988274788478
2011-01-12,0.008438275962647013,0.0,0.008438275962647013,1.2662859677958616,1.2732529848152287
2011-01-13,-0.0010363957641372546,0.0,-0.0010363957641372546,1.2649735943826514,1.2719333908150912
2011-01-14,0.007305807935921571,0.0,0.007305807935921571,1.2742152485072236,1.2812258918756718
2011-01-18,0.0020585912208493707,0.0,0.0020585912208493707,1.2768383368312728,1.283863412248612
2011-01-19,-0.010273882733471316,0.0,-0.010273882733471316,1.2637202494890678,1.2706731501053754
2011-01-20,-0.0030535019825657424,0.0,-0.0030535019825657424,1.2598614772018446,1.2667931471223357
2011-01-21,-0.0006779010587354087,0.0,-0.0006779010587354087,1.2590074157725895,1.2659343867067028
2011-01-24,0.008125229652661992,0.0,0.008125229652661992,1.269237140160146,1.2762203943238966
2011-01-25,0.0008198851396065574,0.0,0.0008198851396065574,1.2702777688300002,1.2772667484600657
2011-01-26,0.0042977870576089705,0.0,0.0042977870576089705,1.2757371521844463,1.2827561689607119
2011-01-27,0.0035720946861114156,0.0,0.0035720946861114156,1.2802942060866394,1.287338295455433
2011-01-28,-0.019818343363066048,0.0,-0.019818343363066048,1.2549208959046703,1.261825383091673
2011-01-31,0.00670432028936252,0.0,0.00670432028936252,1.263334287528629,1.2702850646091672
2011-02-01,0.016764368290276055,0.0,0.016764368290276055,1.2845132887984925,1.2915805912659124
2011-02-02,-0.0018103960728491856,0.0,-0.0018103960728491856,1.2821878109849292,1.2892423188357165
2011-02-03,0.0020896159461052835,0.0,0.0020896159461052835,1.284867091080665,1.2919363401435493
2011-02-04,0.003662421593389342,0.0,0.003662421593389342,1.2895728160596742,1.2966679556929754
2011-02-07,0.005780374853058067,0.0,0.005780374853058067,1.2970270303368128,1.3041631825368294
2011-02-08,0.005157146749300589,0.0,0.005157146749300589,1.3037159890700691,1.3108889434542066
2011-02-09,-0.0021002228372257624,0.0,-0.0021002228372257624,1.3009778949765678,1.3081357845580972
2011-02-10,0.0007660340922874594,0.0,0.0007660340922874594,1.3019744883974322,1.30913786116641
2011-02-11,0.006387651128489557,0.0,0.006387651128489557,1.3102910472075087,1.3175001771026378
2011-02-14,0.0024025323723701917,0.0,0.0024025323723701917,1.3134390638656515,1.3206655139287304
2011-02-15,-0.002612647106271271,0.0,-0.002612647106271271,1.310007511096179,1.3172150809954122
2011-02-16,0.006359268230267357,0.0,0.006359268230267357,1.3183382002429045,1.3255916050124152
2011-02-17,0.002009122644429994,0.0,0.002009122644429994,1.3209869033740298,1.3282548811233121
2011-02-18,0.0007965925513712667,0.0,0.0007965925513712667,1.3220391917017167,1.3293129590679376
2011-02-22,-0.022867248099236945,0.0,-0.022867248099236945,1.2918077935081589,1.2989152298314002
2011-02-23,-0.006775847516205002,0.0,-0.006775847516205002,1.2830547008791024,1.2901139782975863
2011-02-24,0.0011087755452195535,0.0,0.0011087755452195535,1.284477320554616,1.2915444251272685
2011-02-25,0.011619909802004755,0.0,0.011619909802004755,1.2994028311621812,1.3065520548525293
2011-02-28,0.004958215639490482,0.0,0.004958215639490482,1.3058455506016478,1.3130302216847076
2011-03-01,-0.016430532462976717,0.0,-0.016430532462976717,1.2843898128908535,1.2914564360024474
2011-03-02,0.003084630324515813,0.0,0.003084630324515813,1.2883516806561959,1.2954401016877317
2011-03-03,0.017909657236732233,0.0,0.017909657236732233,1.3114256176571164,1.3186409898796767
2011-03-04,-0.006793301563017161,0.0,-0.006793301563017161,1.3025167079589055,1.3096830639820687
2011-03-07,-0.009488422382601579,0.0,-0.009488422382601579,1.2901578792733956,1.297256237883667
2011-03-08,0.007325481828391045,0.0,0.007325481828391045,1.2996089073737684,1.3067592648810507
2011-03-09,-0.003043364235994383,0.0,-0.003043364235994383,1.2956537241042874,1.3027823204692575
2011-03-10,-0.017710306928427698,0.0,-0.017710306928427698,1.2727072989774402,1.2797096457128176
2011-03-11,0.0067624939704793215,0.0,0.0067624939704793215,1.2813139744129602,1.2883636744759148
2011-03-14,-0.00528370371693737,0.0,-0.00528370371693737,1.2745438910037907,1.2815563425403194
2011-03-15,-0.01185663073818789,0.0,-0.01185663073818789,1.2594320947285456,1.266361402216636
2011-03-16,-0.02027784737346162,0.0,-0.02027784737346162,1.233893522934401,1.2406823189828442
2011-03-17,0.01207758363347766,0.0,0.01207758363347766,1.2487959751524476,1.2556667634529366
2011-03-18,0.001990682961227043,0.0,0.001990682961227043,1.2512819320222324,1.2581663978839215
2011-03-21,0.016589135865478298,0.0,0.016589135865478298,1.2720396179985676,1.2790382911997975
2011-03-22,-0.0029674262712499288,0.0,-0.0029674262712499288,1.2682649342180479,1.2752428393725566
2011-03-23,0.003702793686432315,0.0,0.003702793686432315,1.2729610576091939,1.2799648005068531
2011-03-24,0.01198765045506771,0.0,0.01198765045506771,1.2882208698107263,1.2953085711301198
2011-03-25,0.002879465078146692,0.0,0.002879465078146692,1.291930256818286,1.2990383669261132
2011-03-28,-0.003322775677447886,0.0,-0.003322775677447886,1.2876374623839713,1.2947219538364194
2011-03-29,0.00763462355229314,0.0,0.00763462355229314,1.2974680896811028,1.3046066685588498
2011-03-30,0.006244465617899452,0.0,0.006244465617899452,1.3055700845574383,1.312753240045548
2011-03-31,-0.0005289927274608085,0.0,-0.0005289927274608085,1.3048794474775172,1.3120588031286133
2011-04-01,0.003128332203412431,0.0,0.003128332203412431,1.308961543874632,1.3161633589352113
2011-04-04,-0.0004066392729766277,0.0,-0.0004066392729766277,1.3084292687040764,1.3156281552238154
2011-04-05,-0.0008886771013683183,0.0,-0.0008886771013683183,1.307266497574219,1.3144589866083525
2011-04-06,0.002959278347872651,0.0,0.002959278347872651,1.3111350630153897,1.3183488366265892
2011-04-07,-0.0019910322480367277,0.0,-0.0019910322480367277,1.3085245508233945,1.315723961578704
2011-04-08,-0.0037939885070231924,0.0,-0.0037939885070231924,1.3035600237164129,1.3107321199900595
2011-04-11,-0.003097014520281549,0.0,-0.003097014520281549,1.2995228793949045,1.3066727635822508
2011-04-12,-0.007303783048051382,0.0,-0.007303783048051382,1.290031446217825,1.2971291092022483
2011-04-13,0.002514216624743137,0.0,0.002514216624743137,1.2932748647263475,1.3003903727730428
2011-04-14,4.1808014986388815e-05,0.0,4.1808014986388815e-05,1.2933289339812735,1.300444739513236
2011-04-15,0.0020255573926152622,0.0,0.0020255573926152622,1.2959486459645826,1.3030788649690446
2011-04-18,-0.00995693607847774,0.0,-0.00995693607847774,1.2830449681357234,1.2901041920053324
2011-04-19,0.005880516371896394,0.0,0.005880516371896394,1.290589935076725,1.2976906708278722
2011-04-20,0.01628710020150612,0.0,0.01628710020150612,1.311609902668375,1.3188262888142055
2011-04-21,0.00596560474763682,0.0,0.00596560474763682,1.319434448930781,1.3266938851840637
2011-04-25,3.860369520669593e-05,0.0,3.860369520669593e-05,1.3194853839760927,1.32674510047044
2011-04-26,0.007701482506803203,0.0,0.007701482506803203,1.329647377578767,1.3369630046527
2011-04-27,0.00660170624292622,0.0,0.00660170624292622,1.338425318972219,1.3457892416670771
2011-04-28,0.0018215255583636574,0.0,0.0018215255583636574,1.3408632948986878,1.3482406311669444
2011-04-29,0.0013921657816969965,0.0,0.0013921657816969965,1.3427299988957795,1.3501176056391486
2011-05-02,-0.0016139456923722649,0.0,-0.0016139456923722649,1.3405629055980426,1.3479385891453313
2011-05-03,-0.003945511306832716,0.0,-0.003945511306832716,1.335273699496485,1.342620282200942
2011-05-04,-0.005103187136854648,0.0,-0.005103187136854648,1.3284595479290342,1.335768639647134
2011-05-05,-0.007986517690413386,0.0,-0.007986517690413386,1.3178497822485005,1.3251004997762927
2011-05-06,0.004127025994182477,0.0,0.004127025994182477,1.323288582556268,1.3305692239837739
2011-05-09,0.0038405909778639665,0.0,0.0038405909778639665,1.328370792747544,1.3356793961408295
2011-05-10,0.008513676010277459,0.0,0.008513676010277459,1.3396801112985122,1.3470509377731756
2011-05-11,-0.009558294703398529,0.0,-0.009558294703398529,1.3268750539864393,1.3341754279294502
2011-05-12,0.005141386189889486,0.0,0.005141386189889486,1.333697031064714,1.3410349390494964
2011-05-13,-0.008945984231607794,0.0,-0.008945984231607794,1.321765798455067,1.3290380616307247
2011-05-16,-0.009650913251462532,0.0,-0.009650913251462532,1.3090095513954272,1.3162116305900347
2011-05-17,0.0007534615724055227,0.0,0.0007534615724055227,1.3099958397903155,1.3172033454748375
2011-05-18,0.008757560607509873,0.0,0.008757560607509873,1.321468207752865,1.3287388336052481
2011-05-19,0.0025481014876796546,0.0,0.0025481014876796546,1.3248354428589613,1.3321245950038954
2011-05-20,-0.00784051366928662,0.0,-0.00784051366928662,1.3144480524596702,1.3216800539075744
2011-05-23,-0.0125338444478027,0.0,-0.0125338444478027,1.2979729650354235,1.3051143217021333
2011-05-24,-0.0024142495195185964,0.0,-0.0024142495195185964,1.2948393344282385,1.301963450078047
2011-05-25,0.0035237768205145454,0.0,0.0035237768205145454,1.2994020592611872,1.3065512787045892
2011-05-26,0.005096467101271417,0.0,0.005096467101271417,1.3060244191075363,1.3132100743126314
2011-05-27,0.004202985203051689,0.0,0.004202985203051689,1.3115136204158693,1.3187294768234656
2011-05-31,0.012120292720595914,0.0,0.012120292720595914,1.3274095494023581,1.3347128641018444
2011-06-01,-0.02230456194915108,0.0,-0.02230456194915108,1.2978022608758184,1.3049426783401559
2011-06-02,-0.00011194907854301635,0.0,-0.00011194907854301635,1.2976569731085823,1.304796591209764
2011-06-03,-0.011465865426797228,0.0,-0.011465865426797228,1.2827782128847744,1.2898359690856092
2011-06-06,-0.009874037229473198,0.0,-0.009874037229473198,1.270112013053593,1.2771000807069441
2011-06-07,-0.0009466416986502859,0.0,-0.0009466416986502859,1.2689096720600797,1.2758911245171973
2011-06-08,-0.005088141125424684,0.0,-0.005088141125424684,1.2624532805732216,1.2693992104149772
2011-06-09,0.005873953914811891,0.0,0.005873953914811891,1.2698688729629117,1.2768556028764533
2011-06-10,-0.014376610298466687,0.0,-0.014376610298466687,1.251612463046171,1.2584987474664848
2011-06-13,0.0005510820353531122,0.0,0.0005510820353531122,1.2523022041897798,1.259192283517728
2011-06-14,0.012689407754654878,0.0,0.012689407754654878,1.268193177490797,1.2751706878447995
2011-06-15,-0.01822493737888274,0.0,-0.01822493737888274,1.245080436246701,1.2519307819114411
2011-06-16,0.00038300195585940763,0.0,0.00038300195585940763,1.2455573044889858,1.252410273849514
2011-06-17,0.001224804634079658,0.0,0.001224804634079658,1.2470828688475357,1.2539442317566938
2011-06-20,0.0051696854518516475,0.0,0.0051696854518516475,1.2535298950118703,1.2604267290090396
2011-06-21,0.0159794198223296,0.0,0.0159794198223296,1.2735605754641057,1.2805676168671607
2011-06-22,-0.006400886102802993,0.0,-0.006400886102802993,1.2654086592755398,1.2723708494046562
2011-06-23,0.0009166480934192141,0.0,0.0009166480934192141,1.266568593710461,1.2735371657178853
2011-06-24,-0.01335348944061474,0.0,-0.01335348944061474,1.249655483368534,1.256531000623241
2011-06-27,0.011028698639657563,0.0,0.011028698639657563,1.2634375570980012,1.2703889023605022
2011-06-28,0.013556279793012837,0.0,0.013556279793012837,1.2805650701230225,1.2876106497668396
2011-06-29,0.00721151104107538,0.0,0.00721151104107538,1.28979987926503,1.2968962681842393
2011-06-30,0.010665488447484738,0.0,0.010665488447484738,1.3035562249768986,1.3107283003501444
2011-07-01,0.014854600154302644,0.0,0.014854600154302644,1.3229200314775826,1.3301986451627745
2011-07-05,0.0009263272323084992,0.0,0.0009263272323084992,1.3241454883289068,1.3314308443921687
2011-07-06,0.0018240335889150527,0.0,0.0018240335889150527,1.326560774176229,1.3338594189736575
2011-07-07,0.011350137393424498,0.0,0.011350137393424498,1.3416174212238567,1.3489989066425216
2011-07-08,-0.005726243104819872,0.0,-0.005726243104819872,1.3339349937162674,1.3412742109549505
2011-07-11,-0.018169244166198504,0.0,-0.018169244166198504,1.3096984031136,1.3169042723222848
2011-07-12,-0.005304454573601625,0.0,-0.005304454573601625,1.3027511674291654,1.3099188134319693
2011-07-13,0.0036094092624497027,0.0,0.0036094092624497027,1.3074533295595514,1.3146468465302277
2011-07-14,-0.008284265270363921,0.0,-0.008284265270363921,1.2966220393488594,1.3037559633167237
2011-07-15,0.008049560456729088,0.0,0.008049560456729088,1.3070592768441254,1.3142506257642625
2011-07-18,-0.007359707132934212,0.0,-0.007359707132934212,1.2974397033611678,1.304578126059362
2011-07-19,0.01811314038926055,0.0,0.01811314038926055,1.3209404108547491,1.3282081328054336
2011-07-20,-0.001674614659935569,0.0,-0.001674614659935569,1.3187283446778304,1.325983895994792
2011-07-21,0.011672669383511303,0.0,0.011672669383511303,1.3341214246519197,1.3414616676205993
2011-07-22,0.0035720942823389444,0.0,0.0035720942823389444,1.3388870321648647,1.3462534951734837
2011-07-25,-0.004464731867925086,0.0,-0.004464731867925086,1.3329092605648065,1.340242834291277
2011-07-26,-0.0018592482958510567,0.0,-0.0018592482958510567,1.3304310512935773,1.3377509900855944
2011-07-27,-0.022177063394791474,0.0,-0.022177063394791474,1.3009259975266405,1.308083601572021
2011-07-28,-0.0015204022995233156,0.0,-0.0015204022995233156,1.2989480666484914,1.3060947882562222
2011-07-29,-0.0057291454752647405,0.0,-0.0057291454752647405,1.2915062042098484,1.2986119812098171
2011-08-01,-0.004184756342161009,0.0,-0.004184756342161009,1.286101565430841,1.2931776064854432
2011-08-02,-0.02559527668854432,0.0,-0.02559527668854432,1.2531834400140687,1.2600783678400187
2011-08-03,0.006665035450761336,0.0,0.006665035450761336,1.2615359520680696,1.26847683483241
2011-08-04,-0.04719457622712834,0.0,-0.04719457622712834,1.2019982974149301,1.2086116081585654
2011-08-05,-0.0027605310241028535,0.0,-0.0027605310241028535,1.1986801438239973,1.2052751983181527
2011-08-08,-0.06465868186633322,0.0,-0.06465868186633322,1.1211750657449908,1.1273436927087175
2011-08-09,0.04653429174158574,0.0,0.04653429174158574,1.1733481533477599,1.1798038329982616
2011-08-10,-0.04366826062958501,0.0,-0.04366826062958501,1.1221100803781277,1.12828385172711
2011-08-11,0.044287840175145886,0.0,0.044287840175145886,1.1718059122768343,1.1782531066245983
2011-08-12,0.007378923767342626,0.0,0.007378923767342626,1.1804525787736466,1.186947346477016
2011-08-15,0.019150266916527457,0.0,0.019150266916527457,1.2030585607394653,1.2096777049779148
2011-08-16,-0.008505541057386068,0.0,-0.008505541057386068,1.1928258967566558,1.1993887415920206
2011-08-17,-0.0012916449021199922,0.0,-0.0012916449021199922,1.1912851892679934,1.1978395572382832
2011-08-18,-0.045409000239515614,0.0,-0.045409000239515614,1.1371901198231917,1.1434468604967487
2011-08-19,-0.016899401146312665,0.0,-0.016899401146312665,1.1179722878086764,1.1241232933117224
2011-08-22,0.0021150095143352525,0.0,0.0021150095143352525,1.1203368098341548,1.1265008247723625
2011-08-23,0.03525993291037523,0.0,0.03525993291037523,1.159839810585931,1.1662211682773185
2011-08-24,0.0122456873452072,0.0,0.0122456873452072,1.1740428462768908,1.1805023480794048
2011-08-25,-0.015490593746322289,0.0,-0.015490593746322289,1.1558562255044396,1.162215665788727
2011-08-26,0.01779639893465792,0.0,0.01779639893465792,1.1764263040046246,1.1828989194252122
2011-08-29,0.028277223627627565,0.0,0.028277223627627565,1.2096923736843868,1.216348016698678
2011-08-30,0.003856075798934833,0.0,0.003856075798934833,1.214357039170707,1.221038346848952
2011-08-31,0.0036141211787503397,0.0,0.0036141211787503397,1.2187458726645384,1.2254513273983652
2011-09-01,0.001382294010609808,0.001,0.000382294010609808,1.2192117919121133,1.2271452614285219
2011-09-02,0.0,0.0,0.0,1.2192117919121133,1.2271452614285219
2011-09-06,-0.00021787858949262606,0.0,-0.00021787858949262606,1.2189461517665987,1.2268778927498594
2011-09-07,-0.00021782214451471216,0.0,-0.00021782214451471216,1.218680638301773,1.226610651576203
2011-09-08,0.0,0.0,0.0,1.218680638301773,1.226610651576203
2011-09-09,0.00021786970768611358,0.0,0.00021786970768611358,1.2189461518962024,1.2268778928803064
2011-09-12,4.756311189346718e-08,0.0,4.756311189346718e-08,1.2189462098730746,1.2268779512344368
2011-09-13,-0.00021782214451471216,0.0,-0.00021782214451471216,1.2186806963955918,1.226610710048041
2011-09-14,4.756311200448948e-08,0.0,4.756311200448948e-08,1.2186807543598384,1.2266107683894638
2011-09-15,4.756311200448948e-08,0.0,4.756311200448948e-08,1.2186808123240878,1.2266108267308893
2011-09-16,4.756311200448948e-08,0.0,4.756311200448948e-08,1.2186808702883398,1.2266108850723176
2011-09-19,0.00021786965451808804,0.0,0.00021786965451808804,1.2189463838685173,1.2268781263620765
2011-09-20,4.756311189346718e-08,0.0,4.756311189346718e-08,1.2189464418454006,1.226878184716218
2011-09-21,0.0,0.0,0.0,1.2189464418454006,1.226878184716218
2011-09-22,-0.00021782219767119138,0.0,-0.00021782219767119138,1.2186809282525943,1.2266109434137482
2011-09-23,0.00021786965451808804,0.0,0.00021786965451808804,1.2189464418454006,1.2268781847162178
2011-09-26,0.0,0.0,0.0,1.2189464418454006,1.2268781847162178
2011-09-27,-0.00021782219767119138,0.0,-0.00021782219767119138,1.2186809282525943,1.226610943413748
2011-09-28,0.00021786965451808804,0.0,0.00021786965451808804,1.2189464418454006,1.2268781847162176
2011-09-29,0.0,0.0,0.0,1.2189464418454006,1.2268781847162176
2011-09-30,0.0,0.0,0.0,1.2189464418454006,1.2268781847162176
2011-10-03,0.0,0.0,0.0,1.2189464418454006,1.2268781847162176
2011-10-04,0.0,0.0,0.0,1.2189464418454006,1.2268781847162176
2011-10-05,0.0,0.0,0.0,1.2189464418454006,1.2268781847162176
2011-10-06,-0.00021782214451471216,0.0,-0.00021782214451471216,1.2186809283173892,1.2266109434789643
2011-10-07,0.00021786970768611358,0.0,0.00021786970768611358,1.2189464419750042,1.2268781848466646
2011-10-10,-0.00021782219767119138,0.0,-0.00021782219767119138,1.2186809283821698,1.2266109435441663
2011-10-11,0.00021786970768611358,0.0,0.00021786970768611358,1.2189464420397988,1.2268781849118808
2011-10-12,-0.00021782214451471216,0.0,-0.00021782214451471216,1.2186809285117453,1.226610943674585
2011-10-13,0.00021786970768611358,0.0,0.00021786970768611358,1.2189464421694025,1.2268781850423278
2011-10-14,-0.00021782214451471216,0.0,-0.00021782214451471216,1.2186809286413205,1.2266109438050037
2011-10-17,0.0,0.0,0.0,1.2186809286413205,1.2266109438050037
2011-10-18,0.00021786970768611358,0.0,0.00021786970768611358,1.2189464422990062,1.226878185172775
2011-10-19,4.756311189346718e-08,0.0,4.756311189346718e-08,1.2189465002758921,1.2268782435269194
2011-10-20,4.756311189346718e-08,0.0,4.756311189346718e-08,1.218946558252781,1.2268783018810665
2011-10-21,-0.00021782219767119138,0.0,-0.00021782219767119138,1.2186810446346186,1.2266110605530756
2011-10-24,0.0,0.0,0.0,1.2186810446346186,1.2266110605530756
2011-10-25,0.00021786970768611358,0.0,0.00021786970768611358,1.2189465583175756,1.2268783019462828
2011-10-26,4.756311189346718e-08,0.0,4.756311189346718e-08,1.218946616294467,1.2268783603004327
2011-10-27,-0.00021782219767119138,0.0,-0.00021782219767119138,1.218681102663662,1.2266111189597169
2011-10-28,0.0,0.0,0.0,1.218681102663662,1.2266111189597169
2011-10-31,-0.00021819018674895663,0.0,-0.00021819018674895663,1.2184151984062843,1.2263434844506027
2011-11-01,1.1611953865475776e-05,0.00030000000000000003,-0.00028838804613452425,1.2180638220278353,1.2263577246945674
2011-11-02,0.0024050079528588845,0.0,0.0024050079528588845,1.2209932752069017,1.2293071247755076
2011-11-03,0.006036473575128343,0.0,0.006036473575128343,1.2283637688480977,1.236727804749932
2011-11-04,-0.001396712702350966,0.0,-0.001396712702350966,1.22664809756904,1.2350004513156871
2011-11-07,0.002282070919914958,0.0,0.002282070919914958,1.2294473955214713,1.2378188099317164
2011-11-08,0.0034437579111718407,0.0,0.0034437579111718407,1.233681314716168,1.2420815582510163
2011-11-09,-0.01079282568066272,0.0,-0.01079282568066272,1.2203664073409457,1.2286759885116472
2011-11-10,2.4538583126476523e-05,0.0,2.4538583126476523e-05,1.2203963534034772,1.2287061384795268
2011-11-11,0.005474752071449984,0.0,0.005474752071449984,1.227077720867263,1.235432999956371
2011-11-14,-0.001717246091574509,0.0,-0.001717246091574509,1.2249705264470454,1.2333114574657937
2011-11-15,0.0031997484177558877,0.0,0.0031997484177558877,1.228890123950842,1.2372577438504202
2011-11-16,-0.00482226361464767,0.0,-0.00482226361464767,1.222964091819714,1.2312913608503093
2011-11-17,-0.007048043207923604,0.0,-0.007048043207923604,1.2143445880588295,1.2226131661374933
2011-11-18,-0.002310118637025249,0.0,-0.002310118637025249,1.211539307994184,1.2197887846765265
2011-11-21,-0.005763173439359525,0.0,-0.005763173439359525,1.204556996833612,1.2127589303510502
2011-11-22,0.0008458212726883406,0.0,0.0008458212726883406,1.2055758367656995,1.2137847076529837
2011-11-23,-0.006649788081909825,0.0,-0.006649788081909825,1.1975590129345364,1.2057132965700286
2011-11-25,-0.0023124758918732,0.0,-0.0023124758918732,1.1947896865880299,1.2029251136391994
2011-11-28,0.01036434737905425,0.0,0.01036434737905425,1.2071729019447395,1.2153926473879444
2011-11-29,-0.0021701554724427143,0.0,-0.0021701554724427143,1.2045531490653996,1.212755056383049
2011-11-30,0.011163947234286486,0.0,0.011163947234286486,1.2180007168624591,1.2262941898406232
2011-12-01,-0.00020595517034186492,0.00030000000000000003,-0.000505955170341865,1.2173844631022823,1.2260416282118654
2011-12-02,0.00021833289687545054,0.0,0.00021833289687545054,1.2176502581787225,1.2263093134322427
2011-12-05,0.0,0.0,0.0,1.2176502581787225,1.2263093134322427
2011-12-06,0.00021796492858383587,0.0,0.00021796492858383587,1.2179156632302865,1.2265766058541667
2011-12-07,-0.00021782219767119138,0.0,-0.00021782219767119138,1.2176503741639435,1.2263094302422675
2011-12-08,0.0,0.0,0.0,1.2176503741639435,1.2263094302422675
2011-12-09,-0.00021828523802702726,0.0,-0.00021828523802702726,1.2173845790621853,1.2260417449963923
2011-12-12,0.0,0.0,0.0,1.2173845790621853,1.2260417449963923
2011-12-13,0.0,0.0,0.0,1.2173845790621853,1.2260417449963923
2011-12-14,0.00021833285939432123,0.0,0.00021833285939432123,1.2176503741183144,1.2263094301963142
2011-12-15,-0.00021828527549994092,0.0,-0.00021828527549994092,1.2173845789709374,1.2260417449044956
2011-12-16,0.00021833289687545054,0.0,0.00021833289687545054,1.2176503740726756,1.2263094301503508
2011-12-19,4.758386484837729e-08,0.0,4.758386484837729e-08,1.2176504320131865,1.226309488502893
2011-12-20,0.0,0.0,0.0,1.2176504320131865,1.226309488502893
2011-12-21,0.0,0.0,0.0,1.2176504320131865,1.226309488502893
2011-12-22,0.0,0.0,0.0,1.2176504320131865,1.226309488502893
2011-12-23,0.0,0.0,0.0,1.2176504320131865,1.226309488502893
2011-12-27,-0.00021828523802702726,0.0,-0.00021828523802702726,1.2173846368988008,1.2260418032443003
2011-12-28,4.333403997947016e-05,0.0,4.333403997947016e-05,1.2174373910933265,1.2260949325888186
2011-12-29,0.0,0.0,0.0,1.2174373910933265,1.2260949325888186
2011-12-30,0.0,0.0,0.0,1.2174373910933265,1.2260949325888186
2012-01-03,-0.00021790770634888545,0.0,-0.00021790770634888545,1.21717210210381,1.2258277570542921
2012-01-04,4.764096761533665e-08,0.0,4.764096761533665e-08,1.2171721600910668,1.2258278154539126
2012-01-05,0.0,0.0,0.0,1.2171721600910668,1.2258278154539126
2012-01-06,0.0,0.0,0.0,1.2171721600910668,1.2258278154539126
2012-01-09,0.000217955273956294,0.0,0.000217955273956294,1.2174374491826714,1.226094991091253
2012-01-10,4.764096761533665e-08,0.0,4.764096761533665e-08,1.2174375071825694,1.226095049503605
2012-01-11,-0.00021790770634888545,0.0,-0.00021790770634888545,1.2171722181677562,1.225827873943602
2012-01-12,0.0,0.0,0.0,1.2171722181677562,1.225827873943602
2012-01-13,0.0,0.0,0.0,1.2171722181677562,1.225827873943602
2012-01-17,0.0,0.0,0.0,1.2171722181677562,1.225827873943602
2012-01-18,0.0,0.0,0.0,1.2171722181677562,1.225827873943602
2012-01-19,0.0,0.0,0.0,1.2171722181677562,1.225827873943602
2012-01-20,0.0,0.0,0.0,1.2171722181677562,1.225827873943602
2012-01-23,4.764096761533665e-08,0.0,4.764096761533665e-08,1.2171722761550186,1.225827932343228
2012-01-24,0.0,0.0,0.0,1.2171722761550186,1.225827932343228
2012-01-25,0.0,0.0,0.0,1.2171722761550186,1.225827932343228
2012-01-26,4.764096761533665e-08,0.0,4.764096761533665e-08,1.2171723341422835,1.2258279907428569
2012-01-27,0.0,0.0,0.0,1.2171723341422835,1.2258279907428569
2012-01-30,0.00021795534742996558,0.0,0.00021795534742996558,1.2174376233612536,1.2260951665084685
2012-01-31,-0.00021790770634888545,0.0,-0.00021790770634888545,1.217172334321124,1.2258279909229692
2012-02-01,0.0016423736924666699,0.001,0.0006423736924666698,1.2179542138078903,1.2278412585667504
2012-02-02,0.0020443559307722235,0.0,0.0020443559307722235,1.2204441457282973,1.230351403125748
2012-02-03,0.01388972044970551,0.0,0.01388972044970551,1.237395773736943,1.2474406401700677
2012-02-06,-0.0006962525512657965,0.0,-0.0006962525512657965,1.2365342337725531,1.2465721064417967
2012-02-07,0.0024062154391263583,0.0,0.0024062154391263583,1.239509601536865,1.2495716274903013
2012-02-08,0.0036697526165346828,0.0,0.0036697526165346828,1.244058295140325,1.2541572462398314
2012-02-09,0.0030383095960440087,0.0,0.0030383095960440087,1.247838129396488,1.25796776423603
2012-02-10,-0.007260161875744652,0.0,-0.007260161875744652,1.2387786225823432,1.248834714633208
2012-02-13,0.007990015708364617,0.0,0.007990015708364617,1.2486764832359623,1.2588129236202783
2012-02-14,-0.0001121782183526542,0.0,-0.0001121782183526542,1.248536408932774,1.2586717122292672
2012-02-15,-0.005315901865802141,0.0,-0.005315901865802141,1.2418993119070063,1.2519807369257954
2012-02-16,0.011859791415592435,0.0,0.011859791415592435,1.2566279787053911,1.266828967322075
2012-02-17,0.0009110920510511434,0.0,0.0009110920510511434,1.257772882467918,1.2679831651242435
2012-02-21,0.001162056516050536,0.0,0.001162056516050536,1.2592344856417015,1.2694566332235186
2012-02-22,-0.0036279860706771687,0.0,-0.0036279860706771687,1.254666000468077,1.264851062240855
2012-02-23,0.00507699269574654,0.0,0.00507699269574654,1.261035930588055,1.2712727018450591
2012-02-24,0.0025720433731792,0.0,0.0025720433731792,1.264279369696665,1.2745424703733435
2012-02-27,0.0016482647103556285,0.0,0.0016482647103556285,1.266363236765767,1.2766432537491095
2012-02-28,0.00508289539152642,0.0,0.00508289539152642,1.2728000286259222,1.2831322978602142
2012-02-29,-0.004085801419992918,0.0,-0.004085801419992918,1.2675996204615954,1.277889674095578
2012-03-01,0.005993058723309063,0.0,0.005993058723309063,1.2751964194246659,1.285548141954343
2012-03-02,-0.00236622954582234,0.0,-0.00236622954582234,1.2721790119802965,1.2825062399582736
2012-03-05,-0.005957925240352524,0.0,-0.005957925240352524,1.2645994645345724,1.2748651636603165
2012-03-06,-0.0132135579625276,0.0,-0.0132135579625276,1.2478896062105633,1.2580196589258836
2012-03-07,0.007184102021835014,0.0,0.007184102021835014,1.2568545724535676,1.2670574005010813
2012-03-08,0.010170686316154365,0.0,0.010170686316154365,1.2696376460550172,1.2799442438661397
2012-03-09,0.003954183982136183,0.0,0.003954183982136183,1.274658026898165,1.2850053788932627
2012-03-12,0.00018937497077885503,0.0,0.00018937497077885503,1.274899415224762,1.2852487267493413
2012-03-13,0.018130266358050748,0.0,0.018130266358050748,1.29801368120251,1.3085506285016524
2012-03-14,0.0002911846362335102,0.0,0.0002911846362335102,1.2983916428440971,1.3089316583404056
2012-03-15,0.004904910107420446,0.0,0.004904910107420446,1.3047601371364732,1.315351850461322
2012-03-16,0.000759404614847514,0.0,0.000759404614847514,1.3057509780058838,1.3163507347267105
2012-03-19,0.0048632954594927,0.0,0.0048632954594927,1.3121012308084479,1.322752537278007
2012-03-20,-0.001478101683101563,0.0,-0.001478101683101563,1.3101618117707903,1.3207973745263293
2012-03-21,-0.0011008088561762718,0.0,-0.0011008088561762718,1.308719574045369,1.3193434290792363
2012-03-22,-0.00566052874420384,0.0,-0.00566052874420384,1.301311529278383,1.3118752476754567
2012-03-23,0.002083210440720695,0.0,0.002083210440720695,1.304022435042806,1.3146081598883372
2012-03-26,0.015012223328464636,0.0,0.015012223328464636,1.323598711062997,1.3343433511740028
2012-03-27,-0.0017321728155827777,0.0,-0.0017321728155827777,1.3213060093569533,1.3320320378944455
2012-03-28,-0.004659198042031276,0.0,-0.004659198042031276,1.3151497829852332,1.3258258368315647
2012-03-29,-0.002324843108309171,0.0,-0.002324843108309171,1.3120922660758658,1.3227434997719887
2012-03-30,0.002329995916239546,0.0,0.002329995916239546,1.315149435697552,1.3258254867246897
2012-04-02,0.008240163662358656,0.0,0.008240163662358656,1.3259864822881584,1.3367505057230273
2012-04-03,-0.00295308629177492,0.0,-0.00295308629177492,1.3220707297842345,1.3328029661290535
2012-04-04,-0.011053315359488756,0.0,-0.011053315359488756,1.3074574650803799,1.3180710746323672
2012-04-05,0.0015327742334005474,0.0,0.0015327742334005474,1.3094615021941223,1.3200913800133542
2012-04-09,-0.01009045964429085,0.0,-0.01009045964429085,1.29624843375048,1.3067710512165531
2012-04-10,-0.01659248617506002,0.0,-0.01659248617506002,1.274740449534032,1.2850884706152739
2012-04-11,0.007143101313535837,0.0,0.007143101313535837,1.2838460497135158,1.2942679877577357
2012-04-12,0.012563478308087439,0.0,0.012563478308087439,1.2999756217100153,1.310528495546782
2012-04-13,-0.012902699861664202,0.0,-0.012902699861664202,1.2832024264356108,1.2936191397085837
2012-04-16,-0.0037683988104315067,0.0,-0.0037683988104315067,1.278366807938288,1.2887442668813542
2012-04-17,0.016407709453015104,0.0,0.016407709453015104,1.2993418790973177,1.3098896083715823
2012-04-18,-0.003125415297481182,0.0,-0.003125415297481182,1.295280896111729,1.305795659351566
2012-04-19,-0.007880204401872891,0.0,-0.007880204401872891,1.2850738178925276,1.2955057226487974
2012-04-20,0.00037088617031320013,0.0,0.00037088617031320013,1.2855504339994155,1.2959862078048894
2012-04-23,-0.008612945693163142,0.0,-0.008612945693163142,1.2744780579255561,1.2848239489779774
2012-04-24,0.001044117593928084,0.0,0.001044117593928084,1.2758087628889114,1.2861654562682052
2012-04-25,0.017493393148169313,0.0,0.017493393148169313,1.2981269871600067,1.3086648542482995
2012-04-26,0.006652900214490664,0.0,0.006652900214490664,1.3067632964713196,1.3173712709378242
2012-04-27,0.0029448315918603413,0.0,0.0029448315918603413,1.310611494309852,1.321250707474691
2012-04-30,-0.00474058310205715,0.0,-0.00474058310205715,1.3043984316065647,1.3149872086972556
2012-05-01,0.004851954180103491,0.0,0.004851954180103491,1.3107273130293187,1.321367466381277
2012-05-02,-0.0012133674562292852,0.0,-0.0012133674562292852,1.3091369191636981,1.3197641620998497
2012-05-03,-0.008511389151726367,0.0,-0.008511389151726367,1.2979943453918037,1.3085311357277158
2012-05-04,-0.01885469046954483,0.0,-0.01885469046954483,1.2735210637782217,1.2838591861938078
2012-05-07,0.000812519252048627,0.0,0.000812519252048627,1.2745558241604311,1.28490234649951
2012-05-08,-0.003906834996597519,0.0,-0.003906834996597519,1.269576344861484,1.2798824450449955
2012-05-09,-0.005016680126820305,0.0,-0.005016680126820305,1.2632072864427362,1.273461684218272
2012-05-10,0.0008694980418936897,0.0,0.0008694980418936897,1.264305642704804,1.2745689566591265
2012-05-11,-0.002138960600744432,0.0,-0.002138960600744432,1.2616013427477595,1.2718427038779005
2012-05-14,-0.010559369816649821,0.0,-0.010559369816649821,1.248279627608504,1.2584128464190458
2012-05-15,-0.005007710570909229,0.0,-0.005007710570909229,1.2420286045218782,1.2521110791054653
2012-05-16,-0.004676116143409492,0.0,-0.004676116143409492,1.236220734513697,1.2462560622751184
2012-05-17,-0.016716448375532374,0.0,-0.016716448375532374,1.215555514424436,1.2254230871474021
2012-05-18,-0.009838041663420916,0.0,-0.009838041663420916,1.2035968286293275,1.213367323760728
2012-05-21,0.020371648791894702,0.0,0.020371648791894702,1.2281160805092026,1.2380856167359429
2012-05-22,0.0008889151150939245,0.0,0.0008889151150939245,1.2292077714562573,1.2391861697544397
2012-05-23,0.0010129549140302282,0.0,0.0010129549140302282,1.2304529035087182,1.2404414094744909
2012-05-24,-0.0005852623664057365,0.0,-0.0005852623664057365,1.2297327657306598,1.2397154257997942
2012-05-25,-0.0026575347541073486,0.0,-0.0026575347541073486,1.226464708167466,1.2364208389705282
2012-05-29,0.012264577532802412,0.0,0.012264577532802412,1.2415067796720318,1.251585018213255
2012-05-30,-0.012720881433969522,0.0,-0.012720881433969522,1.2257137191283545,1.2356637535920316
2012-05-31,-0.0028417402464615436,0.0,-0.0028417402464615436,1.2222305591220675,1.2321523181723555
2012-06-01,-0.02575299758172905,0.0,-0.02575299758172905,1.1907544584886816,1.200420702502141
2012-06-04,0.001955519956647811,0.0,0.001955519956647811,1.1930830025957235,1.2027681491422573
2012-06-05,0.00655374329568551,0.0,0.00655374329568551,1.2009021623251817,1.2106507828359623
2012-06-06,0.022489937696552696,0.0,0.022489937696552696,1.2279103771355302,1.2378782435142257
2012-06-07,-0.000644883714971246,0.0,-0.000644883714971246,1.2271185177298711,1.237079955993866
2012-06-08,0.008480917467670445,0.0,0.008480917467670445,1.2375256086017883,1.2475715290015597
2012-06-11,-0.013774494107599233,0.0,-0.013774494107599233,1.2204793193980998,1.230386862326519
2012-06-12,0.011655625874187047,0.0,0.011655625874187047,1.2347047697321867,1.244727791274312
2012-06-13,-0.006548714884629535,0.0,-0.006548714884629535,1.2266190402285184,1.2365764238602819
2012-06-14,0.008518740208081065,0.0,0.008518740208081065,1.237068289166511,1.2471104971625855
2012-06-15,0.010860523254117259,0.0,0.010860523254117259,1.250503498087935,1.2606547697174735
2012-06-18,0.00420137141066853,0.0,0.00420137141066853,1.2557573277337428,1.2659512486256874
2012-06-19,0.009860543283082767,0.0,0.009860543283082767,1.2681397772169096,1.2784342157070336
2012-06-20,-0.0009003299965082201,0.0,-0.0009003299965082201,1.266998032935716,1.2772832030340702
2012-06-21,-0.023159405526027764,0.0,-0.023159405526027764,1.2376551116902783,1.2477020833634205
2012-06-22,0.008533415744188776,0.0,0.008533415744188776,1.248216537306252,1.258349243965651
2012-06-25,-0.017070016694017164,0.0,-0.017070016694017164,1.226909460176686,1.2368692013642533
2012-06-26,0.005393812837870903,0.0,0.005393812837870903,1.2335271801738923,1.243540642341339
2012-06-27,0.0081191676103874,0.0,0.0081191676103874,1.2435423941016925,1.2536371572468372
2012-06-28,-0.005326832799379332,0.0,-0.005326832799379332,1.236918251689373,1.2469592417190942
2012-06-29,0.02674839795898103,0.0,0.02674839795898103,1.2700038333282875,1.280313403755226
2012-07-02,0.002996077043828227,0.0,0.002996077043828227,1.2738088626588961,1.2841493213531225
2012-07-03,0.00713183326122363,0.0,0.00713183326122363,1.2828934550740483,1.2933076601955265
2012-07-05,-0.0029753048876325016,0.0,-0.0029753048876325016,1.2790764559068546,1.2894596755929342
2012-07-06,-0.010404842617915444,0.0,-0.010404842617915444,1.2657678666868628,1.2760430506062415
2012-07-09,-0.0014400862840523998,0.0,-0.0014400862840523998,1.2639450517432527,1.274205438511203
2012-07-10,-0.008983171172594773,0.0,-0.008983171172594773,1.252590816990689,1.2627590329480056
2012-07-11,-0.001553996875714414,0.0,-0.001553996875714414,1.2506442947745369,1.2607967093560242
2012-07-12,-0.006199708535025773,0.0,-0.006199708535025773,1.242890664665942,1.2529801372360971
2012-07-13,0.01627338957647304,0.0,0.01627338957647304,1.2631167086530124,1.2733703711409228
2012-07-16,-0.002502660301945947,0.0,-0.002502660301945947,1.259955556609542,1.2701835576633942
2012-07-17,0.006367644442825759,0.0,0.006367644442825759,1.2679785056077941,1.2782716349357182
2012-07-18,0.009270219499320453,0.0,0.009270219499320453,1.2797329446751986,1.2901214935713274
2012-07-19,0.005133334709483872,0.0,0.005133334709483872,1.2863022422189698,1.2967441190137283
2012-07-20,-0.010381751131711102,0.0,-0.010381751131711102,1.2729481724600904,1.2832816442886177
2012-07-23,-0.010630155529666662,0.0,-0.010630155529666662,1.2594165354056348,1.2696401608214634
2012-07-24,-0.008364861192464013,0.0,-0.008364861192464013,1.2488816909034728,1.259019797111814
2012-07-25,-0.0018391218289536492,0.0,-0.0018391218289536492,1.2465848453239516,1.2567043063198609
2012-07-26,0.015513706099967538,0.0,0.015513706099967538,1.265923996242981,1.2762004475826707
2012-07-27,0.019920418705442543,0.0,0.019920418705442543,1.2911417322974081,1.3016228948505906
2012-07-30,-0.00022792281147268059,0.0,-0.00022792281147268059,1.2908474516437733,1.301326225300919
2012-07-31,-0.0049933590677471605,0.0,-0.0049933590677471605,1.2844017868160296,1.2948282361937156
2012-08-01,-0.0014283588280292296,0.0,-0.0014283588280292296,1.2825672001850943,1.2929787568517668
2012-08-02,-0.005888004483257681,0.0,-0.005888004483257681,1.2750154387603252,1.2853656921346666
2012-08-03,0.01949846335914631,0.0,0.01949846335914631,1.2998762805753394,1.3104283479858583
2012-08-06,0.00364033272279064,0.0,0.00364033272279064,1.3046082627350974,1.3151987431819039
2012-08-07,0.00599814514207213,0.0,0.00599814514207213,1.312433492448529,1.3230874961341796
2012-08-08,0.0007255704768935004,0.0,0.0007255704768935004,1.313385755443536,1.3240474893597216
2012-08-09,0.0015006749375189863,0.0,0.0015006749375189863,1.3153567205300245,1.3260344542430889
2012-08-10,0.0013454267368710133,0.0,0.0013454267368710133,1.3171264366303488,1.3278185364518398
2012-08-13,0.0003715215524558004,0.0,0.0003715215524558004,1.3176157774888662,1.328311849655882
2012-08-14,0.0002462615323446829,0.0,0.0002462615323446829,1.317940255569272,1.3286389617674097
2012-08-15,0.0015588025801204332,0.0,0.0015588025801204332,1.3199946642400981,1.3307100476090614
2012-08-16,0.008720654637659475,0.0,0.008720654637659475,1.3315058818304892,1.3423147103571234
2012-08-17,0.0022583645415458985,0.0,0.0022583645415458985,1.334512907500875,1.3453461463025893
2012-08-20,0.0004901889877291898,0.0,0.0004901889877291898,1.3351670710321144,1.3460056201681907
2012-08-21,-0.003286009318495897,0.0,-0.003286009318495897,1.3307796995949541,1.3415826331575702
2012-08-22,0.0015382700864379653,0.0,0.0015382700864379653,1.3328267981984798,1.3436463495906412
2012-08-23,-0.008195476092838749,0.0,-0.008195476092838749,1.3219036480379494,1.332634528055341
2012-08-24,0.006107195891319937,0.0,0.006107195891319937,1.3299767725659675,1.3407731881697118
2012-08-27,0.0006399704368177496,0.0,0.0006399704368177496,1.3308279183820642,1.3416312433726185
2012-08-28,-0.0006892259023424053,0.0,-0.0006892259023424053,1.3299106773091547,1.3407065563682943
2012-08-29,0.0005441186048453561,0.0,0.0005441186048453561,1.3306343064514612,1.3414360597492525
2012-08-30,-0.008087700993642855,0.0,-0.008087700993642855,1.3198725340489985,1.33058692599591
2012-08-31,0.00533722373529768,0.0,0.00533722373529768,1.3269169890652925,1.3376885661192122
2012-09-04,-0.000952449556582613,0.0,-0.000952449556582613,1.3256531675674355,1.3364144852375663
2012-09-05,-0.000903690475709551,0.0,-0.000903690475709551,1.3244551874258106,1.3352067801956569
2012-09-06,0.020777971805856586,0.0,0.020777971805856586,1.3519746799682644,1.3629496690295506
2012-09-07,0.0022930718010138016,0.0,0.0022930718010138016,1.3550748549825844,1.3660750104818036
2012-09-10,-0.007833944490594191,0.0,-0.007833944490594191,1.344459273788051,1.3553732546797013
2012-09-11,0.0014688554332216606,0.0,0.0014688554332216606,1.3464340900970997,1.357364102048881
2012-09-12,0.0032122683383242314,0.0,0.0032122683383242314,1.350759197694359,1.3617243197774704
2012-09-13,0.014729050816049893,0.0,0.014729050816049893,1.3706545985574459,1.3817812264809237
2012-09-14,0.005768450744644448,0.0,0.005768450744644448,1.378561152097145,1.3897519634257534
2012-09-17,-0.0022501839468746505,0.0,-0.0022501839468746505,1.3754591359229111,1.3866247658675153
2012-09-18,-0.00031287209935652047,0.0,-0.00031287209935652047,1.3750287931354759,1.3861909296659987
2012-09-19,0.0009377038262774918,0.0,0.0009377038262774918,1.3763181628960406,1.3874907662046976
2012-09-20,-0.00023002531362041872,0.0,-0.00023002531362041872,1.3760015748789791,1.387171608206056
2012-09-21,-0.0001820251008043403,0.0,-0.0001820251008043403,1.375751108053605,1.3869191081542394
2012-09-24,-0.0027912561246209886,0.0,-0.0027912561246209886,1.3719110343472962,1.38304786169925
2012-09-25,-0.011633207031684075,0.0,-0.011633207031684075,1.3559513092556823,1.3669585795893748
2012-09-26,-0.006381610990441732,0.0,-0.006381610990441732,1.3472981554780323,1.3582351816943885
2012-09-27,0.010706010552358735,0.0,0.010706010552358735,1.3617223437477535,1.3727764618821934
2012-09-28,-0.005722661200141777,0.0,-0.005722661200141777,1.3539296681258222,1.3649205272873122
2012-10-01,0.001422529690693885,0.0,0.001422529690693885,1.3558556732778424,1.3668621672628158
2012-10-02,0.0016131580557416144,0.0,0.0016131580557416144,1.3580428827796136,1.3690671319790244
2012-10-03,0.004774992840352387,0.0,0.004774992840352387,1.3645275278217779,1.375604417732186
2012-10-04,0.006049497484678267,0.0,0.006049497484678267,1.37278223366911,1.3839261331971693
2012-10-05,-0.0015172729376301541,0.0,-0.0015172729376301541,1.3706993483367045,1.38182633952759
2012-10-08,-0.005140148056691352,0.0,-0.005140148056691352,1.3636537507450435,1.3747235475537822
2012-10-09,-0.011721095626542532,0.0,-0.011721095626542532,1.3476702347310674,1.3586102813928445
2012-10-10,-0.00598315728211033,0.0,-0.00598315728211033,1.3396069117522529,1.350481502394179
2012-10-11,-0.0004959208930121134,0.0,-0.0004959208930121134,1.3389425726962916,1.3498117704015153
2012-10-12,-0.002428001452059392,0.0,-0.002428001452059392,1.335691618185561,1.3465344254629736
2012-10-15,0.008020582135990838,0.0,0.008020582135990838,1.3464046425175729,1.3573344154213387
2012-10-16,0.011312494541275564,0.0,0.011312494541275564,1.3616358376864008,1.3726892535864779
2012-10-17,0.0030035269363700825,0.0,0.0030035269363700825,1.3657255476024188,1.3768121627348908
2012-10-18,-0.005308476991275856,0.0,-0.005308476991275856,1.3584756249565737,1.3695033870477038
2012-10-19,-0.01887042864011925,0.0,-0.01887042864011925,1.3328406076164894,1.3436602711100185
2012-10-22,0.00165357508761832,0.0,0.00165357508761832,1.33504455964101,1.3458821142605486
2012-10-23,-0.012603353548632068,0.0,-0.012603353548632068,1.3182185210526767,1.3289194861397424
2012-10-24,-0.003003363063222763,0.0,-0.003003363063222763,1.314259432237291,1.3249282584410733
2012-10-25,0.0020702242252643045,0.0,0.0020702242252643045,1.3169802439521907,1.3276711570184354
2012-10-26,0.0004788456500825933,0.0,0.0004788456500825933,1.317610874213252,1.328306906576714
2012-10-31,-0.0018293613518935111,0.0,-0.0018293613518935111,1.3152004878031316,1.3258769532583692
2012-11-01,0.00921097298137461,0.00030000000000000003,0.00891097298137461,1.3269202038150358,1.3380895700514592
2012-11-02,-0.006163069900762251,0.0,-0.006163069900762251,1.3187423018461901,1.3298428304977512
2012-11-05,0.0013721259600962155,0.0,0.0013721259600962155,1.3205517823932305,1.331667542368325
2012-11-06,0.005467738917926201,0.0,0.005467738917926201,1.3277722147669588,1.3389487528154715
2012-11-07,-0.015886370563784724,0.0,-0.015886370563784724,1.3066787333388739,1.3176777167623275
2012-11-08,-0.008418168896996158,0.0,-0.008418168896996158,1.295678891067514,1.3065852831908138
2012-11-09,0.0006173377188374296,0.0,0.0006173377188374296,1.2964787625184715,1.3073918875690054
2012-11-12,0.0005621931843169392,0.0,0.0005621931843169392,1.297207634042371,1.308126894377428
2012-11-13,-0.0024233721425555906,0.0,-0.0024233721425555906,1.2940640171989224,1.304956816102666
2012-11-14,-0.009413679783114649,0.0,-0.009413679783114649,1.2818821129221607,1.2926723705050824
2012-11-15,-0.0011842301613393391,0.0,-0.0011842301613393391,1.2803640694607568,1.2911415488952003
2012-11-16,0.0034526341794466676,0.0,0.0034526341794466676,1.2847846982091125,1.2955993883374197
2012-11-19,0.014097607478945517,0.0,0.014097607478945517,1.3028970885794202,1.3138642399641627
2012-11-20,0.0002382070715619578,0.0,0.0002382070715619578,1.303207447879437,1.3141772117171944
2012-11-21,0.0013070137902524647,0.0,0.0013070137902524647,1.3049107579853751,1.3158948594557442
2012-11-23,0.00950767093813507,0.0,0.00950767093813507,1.3173174200759323,1.3284059547686329
2012-11-26,-0.001475855244610491,0.0,-0.001475855244610491,1.3153732502526965,1.3264454198733158
2012-11-27,-0.0035759564865674664,0.0,-0.0035759564865674664,1.310669532746198,1.321702108770042
2012-11-28,0.0056712222082401995,0.0,0.0056712222082401995,1.318102630907972,1.3291977751219766
2012-11-29,0.0032638395040070376,0.0,0.0032638395040070376,1.322404706345065,1.3335360633290578
2012-11-30,0.00014754506406099434,0.0,0.00014754506406099434,1.3225998206321772,1.3337328199929492
2012-12-03,-0.0063122892249335765,0.00030000000000000003,-0.0066122892249335765,1.313854408089312,1.3253139126843676
2012-12-04,-0.0011724181176284154,0.0,-0.0011724181176284154,1.312314021377342,1.3237600906415914
2012-12-05,-0.002103063720599352,0.0,-0.002103063720599352,1.3095541413689495,1.3209761388201857
2012-12-06,0.004328048531178652,0.0,0.004328048531178652,1.3152219552470004,1.3266933876575286
2012-12-07,0.00034676607494738,0.0,0.00034676607494738,1.315678029602106,1.3271534399162253
2012-12-10,0.0011793676435259085,0.0,0.0011793676435259085,1.3172296976995166,1.3287186417412564
2012-12-11,0.008661496653902855,0.0,0.008661496653902855,1.3286388783185625,1.3402273338106767
2012-12-12,-0.0002741859817308335,0.0,-0.0002741859817308335,1.328274584163345,1.3398598622634135
2012-12-13,-0.0066679446368241736,0.0,-0.0066679446368241736,1.3194177227736432,1.3309257508807382
2012-12-14,-0.005456998587092498,0.0,-0.005456998587092498,1.3122176621246826,1.323662890938657
2012-12-17,0.01219484403572586,0.0,0.01219484403572586,1.3282199518552178,1.3398047534495319
2012-12-18,0.012340774072224867,0.0,0.012340774072224867,1.3446112141992843,1.3563389812127453
2012-12-19,-0.006495132098253354,0.0,-0.006495132098253354,1.335877786742267,1.3475293803597581
2012-12-20,0.004025662428652943,0.0,0.004025662428652943,1.3412555797576275,1.3529540787577785
2012-12-21,-0.009445775543038836,0.0,-0.009445775543038836,1.3285863806053886,1.3401743782097937
2012-12-24,-0.0027562249572659738,0.0,-0.0027562249572659738,1.3249244976652803,1.3364805561414834
2012-12-26,-0.005567246747276256,0.0,-0.005567246747276256,1.3175483160652666,1.3290400391125068
2012-12-27,-0.0014023728841773939,0.0,-0.0014023728841773939,1.315700622033223,1.3271762293996694
2012-12-28,-0.010478223384313801,0.0,-0.010478223384313801,1.3019144170086783,1.3132697803976683
2012-12-31,0.01829103305063836,0.0,0.01829103305063836,1.3257277766392865,1.3372908413553266
2013-01-02,0.025224310836193628,0.00030000000000000003,0.024924310836193626,1.35877062782842,1.3710230812160682
2013-01-03,-0.0015822273282578678,0.0,-0.0015822273282578678,1.3566207438082358,1.3688538110292958
2013-01-04,0.0031366352049371216,0.0,0.0031366352049371216,1.3608759681930127,1.3731474060833826
2013-01-07,-0.0020416097535928654,0.0,-0.0020416097535928654,1.3580975905429196,1.370343974946002
2013-01-08,-0.0020155176488730886,0.0,-0.0020155176488730886,1.3553603208802882,1.3675820224794715
2013-01-09,0.0017787267899580517,0.0,0.0017787267899580517,1.3577711365930842,1.3700145772603207
2013-01-10,0.005555577968990843,0.0,0.005555577968990843,1.3653143400064724,1.3776258000629444
2013-01-11,-4.7772997288630925e-05,0.0,-4.7772997288630925e-05,1.365249114848209,1.3775599867493333
2013-01-14,-0.00047525344712973094,0.0,-0.00047525344712973094,1.3646002755001867,1.3769052966170028
2013-01-15,0.0004933283101540508,0.0,0.0004933283101540508,1.365273471448135,1.377584562980225
2013-01-16,-9.211255810325208e-05,0.0,-9.211255810325208e-05,1.3651477126161693,1.3774576701421253
2013-01-17,0.004581045784979875,0.0,0.004581045784979875,1.3714015167909246,1.3837678667959181
2013-01-18,0.0014962216367206734,0.0,0.0014962216367206734,1.3734534374129788,1.385838290218417
2013-01-22,0.003775130298816187,0.0,0.003775130298816187,1.3786384030985699,1.3910700103370803
2013-01-23,0.0011261890256556327,0.0,0.0011261890256556327,1.3801910105384867,1.3926366181166405
2013-01-24,0.0002549950811720381,0.0,0.0002549950811720381,1.380542952457252,1.3929917336041204
2013-01-25,0.0038647895468336023,0.0,0.0038647895468336023,1.3858784604288634,1.3983753534949792
2013-01-28,-0.0008384978575057821,0.0,-0.0008384978575057821,1.3847164043090303,1.3972028187570849
2013-01-29,0.0027604127077529234,0.0,0.0027604127077529234,1.388538793068119,1.4010596751732902
2013-01-30,-0.0027416573889385565,0.0,-0.0027416573889385565,1.384731895426276,1.3972184495625075
2013-01-31,-0.001661990410450953,0.0,-0.001661990410450953,1.382430484295032,1.3948962858980296
2013-02-01,0.00854440634161795,0.00030000000000000003,0.00824440634161795,1.3938278029466,1.4068148465691561
2013-02-04,-0.013142668821383829,0.0,-0.013142668821383829,1.3755091857384358,1.388325544947692
2013-02-05,0.011459328405799107,0.0,0.011459328405799107,1.3912715972230059,1.4042348233014075
2013-02-06,-0.00045792734804771555,0.0,-0.00045792734804771555,1.3906344959100754,1.4035917857727367
2013-02-07,-0.000658020671916948,0.0,-0.000658020671916948,1.3897194296646858,1.4026681933627654
2013-02-08,0.006958399593337016,0.0,0.006958399593337016,1.3993896527789171,1.4124285191490478
2013-02-11,-4.991444083213281e-05,0.0,-4.991444083213281e-05,1.3993198030268923,1.412358018569299
2013-02-12,-8.34268242866256e-05,0.0,-8.34268242866256e-05,1.3992030622195644,1.412240190025054
2013-02-13,0.0016627813096897872,0.0,0.0016627813096897872,1.401529630919884,1.4145884366178205
2013-02-14,0.000570264785205732,0.0,0.000570264785205732,1.40232887391382,1.415395126588783
2013-02-15,-0.0017092792639165633,0.0,-0.0017092792639165633,1.3999319022484475,1.412975821048656
2013-02-19,0.007405672199964863,0.0,0.007405672199964863,1.4102993390187728,1.4234398568058186
2013-02-20,-0.013347250197701822,0.0,-0.013347250197701822,1.3914757208872357,1.4044408488956506
2013-02-21,-0.0074841579876103285,0.0,-0.0074841579876103285,1.3810616967561915,1.3939297916982618
2013-02-22,0.00984056631264365,0.0,0.00984056631264365,1.3946521259649731,1.4076468502486383
2013-02-25,-0.01691046766169949,0.0,-0.01691046766169949,1.3710679062895221,1.3838428837084156
2013-02-26,0.005915184008829288,0.0,0.005915184008829288,1.379178025243825,1.39202856900486
2013-02-27,0.011892136006216891,0.0,0.011892136006216891,1.3955793978968103,1.4085827620720053
2013-02-28,-0.0020072274090930818,0.0,-0.0020072274090930818,1.3927781526777863,1.4057554161439982
2013-03-01,0.0035845482151399474,0.0,0.0035845482151399474,1.3977706331190534,1.4107944142118605
2013-03-04,0.005083143641404108,0.0,0.005083143641404108,1.4048757020249338,1.41796568486779
2013-03-05,0.010674295707718206,0.0,0.010674295707718206,1.4198717607009361,1.433101469891466
2013-03-06,0.00022062035146379593,0.0,0.00022062035146379593,1.4201850133078155,1.4334176412414368
2013-03-07,0.0020558849220607242,0.0,0.0020558849220607242,1.4231047502632117,1.4363645829570808
2013-03-08,0.0033368373147089625,0.0,0.0033368373147089625,1.4278534192966295,1.4411574978950183
2013-03-11,0.0035337444143324175,0.0,0.0035337444143324175,1.4328990883415544,1.446250180153378
2013-03-12,-0.0026590931474804957,0.0,-0.0026590931474804957,1.4290888761947145,1.4424044662097897
2013-03-13,0.0005970490142941042,0.0,0.0005970490142941042,1.4299421122995852,1.4432656523745537
2013-03-14,0.0047271496021149655,0.0,0.0047271496021149655,1.4367016625867899,1.4500881850289224
2013-03-15,-0.0017571671854707425,0.0,-0.0017571671854707425,1.4341771375699812,1.4475401376541508
2013-03-18,-0.004473315654104705,0.0,-0.004473315654104705,1.4277616105297304,1.4410648336964376
2013-03-19,-0.0021856327270972755,0.0,-0.0021856327270972755,1.4246410480272635,1.4379151952340417
2013-03-20,0.006995538060736072,0.0,0.006995538060736072,1.4346071787016252,1.447974185710412
2013-03-21,-0.009402458529130431,0.0,-0.009402458529130431,1.4211183441982904,1.4343596684780184
2013-03-22,0.008520869070601123,0.0,0.008520869070601123,1.4332275075430334,1.4465816594132705
2013-03-25,-0.003998655994712906,0.0,-0.003998655994712906,1.427496523778209,1.4407972769890158
2013-03-26,0.007212997344994654,0.0,0.007212997344994654,1.4377930524142102,1.4511897439226131
2013-03-27,0.0004348854452656762,0.0,0.0004348854452656762,1.4384183276860092,1.4518208452205639
2013-03-28,0.0028940604006362997,0.0,0.0028940604006362997,1.4425811972077147,1.4560225024375348
2013-04-01,-0.004813916561581144,0.0,-0.004813916561581144,1.435636731691051,1.449013331599016
2013-04-02,0.0058113333590619435,0.0,0.0058113333590619435,1.443979695321422,1.4574340311106628
2013-04-03,-0.00982920286969935,0.0,-0.00982920286969935,1.429786525956381,1.4431086163496725
2013-04-04,0.002926433176051224,0.0,0.002926433176051224,1.4339707006806106,1.4473317772812035
2013-04-05,-0.00553971051572103,0.0,-0.00553971051572103,1.4260269181108145,1.4393139782148616
2013-04-08,0.006325244870274282,0.0,0.006325244870274282,1.4350468875594677,1.448417991572279
2013-04-09,0.004437283268423298,0.0,0.004437283268423298,1.441414597103038,1.4548450324919657
2013-04-10,0.014392577353362902,0.0,0.014392577353362902,1.46216026819011,1.475784002159262
2013-04-11,0.0021668193701914196,0.0,0.0021668193701914196,1.4653285053815486,1.4789817595213592
2013-04-12,-0.0019262230401748124,0.0,-0.0019262230401748124,1.4625059558530578,1.476132910780171
2013-04-15,-0.022223337129663907,0.0,-0.022223337129663907,1.4300041929419938,1.4433283114557112
2013-04-16,0.014264940928393742,0.0,0.014264940928393742,1.4504031182816666,1.4639173045589051
2013-04-17,-0.01616717053566168,0.0,-0.01616717053566168,1.4269542037229515,1.4402499038459953
2013-04-18,-0.008495567801493496,0.0,-0.008495567801493496,1.414831417535597,1.428014163136777
2013-04-19,0.01017734083666375,0.0,0.01017734083666375,1.4292306390982767,1.442547549994603
2013-04-22,0.00617972245423537,0.0,0.00617972245423537,1.4380628877709938,1.451462093480607
2013-04-23,0.010069911140635445,0.0,0.010069911140635445,1.4525440532654934,1.4660781877859574
2013-04-24,0.00031542583589432287,0.0,0.00031542583589432287,1.453002223187668,1.4665406267238263
2013-04-25,0.00443193488529805,0.0,0.00443193488529805,1.4594418344290292,1.4730402392881106
2013-04-26,-0.0021829542889590606,0.0,-0.0021829542889590606,1.456255939617076,1.4698246597799474
2013-04-29,0.007435650011269711,0.0,0.007435650011269711,1.4670841491109015,1.4807537615280046
2013-04-30,0.003846972320413711,0.0,0.003846972320413711,1.4727279812242489,1.4864501802619514
2013-05-01,-0.007546459442762654,0.0,-0.007546459442762654,1.4616140992437183,1.4752327442629174
2013-05-02,0.010276370188685966,0.0,0.010276370188685966,1.4766341868005495,1.490392782057434
2013-05-03,0.010618928427260376,0.0,0.010618928427260376,1.4923144595434303,1.5062191563386076
2013-05-06,0.002941408920916766,0.0,0.002941408920916766,1.4967039666075446,1.5106495628019176
2013-05-07,0.0033792670243562137,0.0,0.0033792670243562137,1.5017617289671246,1.5157544510548522
2013-05-08,0.004641889191553427,0.0,0.004641889191553427,1.5087327405051056,1.5227904152582525
2013-05-09,-0.0023844353239698135,0.0,-0.0023844353239698135,1.5051352648642156,1.519159420001108
2013-05-10,0.004092171988832893,0.0,0.004092171988832893,1.5112945372344975,1.5253760816262083
2013-05-13,0.0009295778022779698,0.0,0.0009295778022779698,1.5126994030890146,1.5267940373718139
2013-05-14,0.008786785527430641,0.0,0.008786785527430641,1.5259911683114302,1.54020964912276
2013-05-15,0.004392586265950648,0.0,0.004392586265950648,1.532694216159317,1.5469751528741813
2013-05-16,-0.0036153347156153925,0.0,-0.0036153347156153925,1.5271530135512132,1.541382319899801
2013-05-17,0.009646076470489495,0.0,0.009646076470489495,1.5418840483020668,1.556250611627815
2013-05-20,-0.000485696565229643,0.0,-0.000485696565229643,1.541135160515824,1.5554947460511108
2013-05-21,0.0013300080368263355,0.0,0.0013300080368263355,1.5431848826651458,1.5575635665646
2013-05-22,-0.007808324362907514,0.0,-0.007808324362907514,1.531135194549361,1.5454016050210164
2013-05-23,-0.0026415069560907544,0.0,-0.0026415069560907544,1.5270906902822434,1.5413194159313997
2013-05-24,-0.0007219347141908753,0.0,-0.0007219347141908753,1.525988230501211,1.5402066839393824
2013-05-28,0.0062036328486580255,0.0,0.0062036328486580255,1.535454901214614,1.5497615607175916
2013-05-29,-0.0059722447128585324,0.0,-0.0059722447128585324,1.5262847887990023,1.5405060054304047
2013-05-30,0.004173287439815465,0.0,0.004173287439815465,1.5326544139376785,1.5469349797938277
2013-05-31,-0.012834557444883387,0.0,-0.012834557444883387,1.5129834728188414,1.5270807539321642
2013-06-03,0.004381477291239477,0.0,0.004381477291239477,1.5196125755470176,1.5337716235774068
2013-06-04,-0.004912032494869233,0.0,-0.004912032494869233,1.5121481891963187,1.5262376875226862
2013-06-05,-0.01373637217997805,0.0,-0.01373637217997805,1.4913767588782383,1.5052727186117656
2013-06-06,0.007795341920944532,0.0,0.007795341920944532,1.503002550646644,1.517006834137614
2013-06-07,0.012967370393147704,0.0,0.012967370393147704,1.5224925414227246,1.5366784236448128
2013-06-10,0.00013004759952398633,0.0,0.00013004759952398633,1.52269053792303,1.5368782649850483
2013-06-11,-0.010211579252936307,0.0,-0.010211579252936307,1.5071414628173327,1.5211843107800382
2013-06-12,-0.009158893347760698,0.0,-0.009158893347760698,1.4933377148994007,1.507251945915317
2013-06-13,0.014458074078948011,0.0,0.014458074078948011,1.514928502206303,1.5290439062049992
2013-06-14,-0.006373848644482082,0.0,-0.006373848644482082,1.505272577226028,1.5192980117760808
2013-06-17,0.00830132307990401,0.0,0.00830132307990401,1.5177683312129011,1.53191019542649
2013-06-18,0.007994843872820567,0.0,0.007994843872820567,1.5299026520560597,1.5441575782661068
2013-06-19,-0.013021405869928757,0.0,-0.013021405869928757,1.5099811686821574,1.5240504757123776
2013-06-20,-0.024624392376149593,0.0,-0.024624392376149593,1.4727987999039311,1.4865216587973786
2013-06-21,0.0006708380326233103,0.0,0.0006708380326233103,1.4737868093533086,1.4875188740624181
2013-06-24,-0.011847246078199468,0.0,-0.011847246078199468,1.4563264943560956,1.4698958719154345
2013-06-25,0.00892655601952469,0.0,0.00892655601952469,1.4693264743906833,1.4830169797589556
2013-06-26,0.009610954940584792,0.0,0.009610954940584792,1.4834481049290604,1.497270189127541
2013-06-27,0.005380644848061399,0.0,0.005380644848061399,1.4914300123322133,1.505326468256826
2013-06-28,-0.0024446835777231944,0.0,-0.0024446835777231944,1.4877839378737412,1.5016464213607663
2013-07-01,0.005952515038540984,0.0,0.005952515038540984,1.4966399941380342,1.5105849942664873
2013-07-02,-0.000524376803152926,0.0,-0.000524376803152926,1.4958551908424373,1.509792878536303
2013-07-03,0.0015406709602200468,0.0,0.0015406709602200468,1.498159811495663,1.512118972580211
2013-07-05,0.009822149699080397,0.0,0.009822149699080397,1.5128749614373194,1.5269712314917137
2013-07-08,0.004287142045823932,0.0,0.004287142045823932,1.5193608712945716,1.5335175740610054
2013-07-09,0.006849261183845367,0.0,0.006849261183845367,1.529767370734583,1.544021036455766
2013-07-10,0.0019813422906136526,0.0,0.0019813422906136526,1.5327983635210203,1.547080270632893
2013-07-11,0.015447581877045157,0.0,0.015447581877045157,1.5564763917425122,1.570978919783856
2013-07-12,0.0016123177695884004,0.0,0.0016123177695884004,1.5589859262868635,1.5735118370118721
2013-07-15,0.003349097726165784,0.0,0.003349097726165784,1.5642071225077154,1.5787816819273037
2013-07-16,-0.0030173912726321863,0.0,-0.0030173912726321863,1.5594872975876715,1.5740178798588647
2013-07-17,0.0025569767100505954,0.0,0.0025569767100505954,1.563474870287223,1.578042606918867
2013-07-18,0.0030749511420268606,0.0,0.0030749511420268606,1.568282479125143,1.5828950108351794
2013-07-19,-0.001860156806281022,0.0,-0.001860156806281022,1.565365227797427,1.579950577907146
2013-07-22,0.0022504830149851825,0.0,0.0022504830149851825,1.5688880556548337,1.5835062298472422
2013-07-23,-0.003682103718268559,0.0,-0.003682103718268559,1.5631112471115598,1.5776755956704203
2013-07-24,-0.0015568404978692487,0.0,-0.0015568404978692487,1.5606777322193817,1.5752194064105807
2013-07-25,0.003598701102263113,0.0,0.003598701102263113,1.566294144894597,1.5808881502247367
2013-07-26,0.0023735615658382787,0.0,0.0023735615658382787,1.5700118404777164,1.5846404855779992
2013-07-29,-0.0027107049850149554,0.0,-0.0027107049850149554,1.565756001555201,1.5803449927142865
2013-07-30,0.0015996819151902313,0.0,0.0015996819151902313,1.5682607131144894,1.582873042018893
2013-07-31,0.001055578778540389,0.0,0.001055578778540389,1.5699161358424718,1.5845438892111718
2013-08-01,0.011111703974934661,0.0,0.011111703974934661,1.5873605792094267,1.6021508718433781
2013-08-02,0.0028809376399003273,0.0,0.0028809376399003273,1.5919336660501653,1.6067665685948709
2013-08-05,-0.0008274462938389737,0.0,-0.0008274462938389737,1.5906164264381546,1.6054370555526227
2013-08-06,-0.005776566987862597,0.0,-0.005776566987862597,1.5814281240988401,1.596163140856426
2013-08-07,-0.002815916208019009,0.0,-0.002815916208019009,1.576974955012373,1.591668479197446
2013-08-08,0.004061615920075601,0.0,0.004061615920075601,1.583380021595212,1.598133225232037
2013-08-09,-0.0032336260782688583,0.0,-0.0032336260782688583,1.578259962665572,1.592965459958379
2013-08-12,-0.00010029418782645568,0.0,-0.00010029418782645568,1.5781016723644374,1.592805694781337
2013-08-13,0.00374903913872191,0.0,0.00374903913872191,1.584018037299014,1.5987771856714512
2013-08-14,-0.0047210225479324295,0.0,-0.0047210225479324295,1.5765398524285938,1.5912293225287764
2013-08-15,-0.014921252676139252,0.0,-0.014921252676139252,1.5530159029365034,1.5674861877416426
2013-08-16,-0.0024351283508393436,0.0,-0.0024351283508393436,1.5492341098819582,1.5636691576863238
2013-08-19,-0.004995329152099003,0.0,-0.004995329152099003,1.5414951755694388,1.5558581155586952
2013-08-20,0.004750194527954776,0.0,0.004750194527954776,1.5488175775172972,1.563248744265496
2013-08-21,-0.005349910462097196,0.0,-0.005349910462097196,1.5405315421554573,1.5548855034536897
2013-08-22,0.009306999857803543,0.0,0.009306999857803543,1.5548692689992398,1.569356822613234
2013-08-23,0.00436957896197322,0.0,0.00436957896197322,1.5616633930456778,1.576214251169154
2013-08-26,-0.0024448995391896044,0.0,-0.0024448995391896044,1.5578452829356513,1.5723605656728064
2013-08-27,-0.01747351889284114,0.0,-0.01747351889284114,1.5306242439521518,1.5448858936221643
2013-08-28,0.0036469979627473665,0.0,0.0036469979627473665,1.536206427451577,1.5505200893288815
2013-08-29,0.003224337026536861,0.0,0.003224337026536861,1.541159674716013,1.5555194886632937
2013-08-30,-0.004142444436341486,0.0,-0.004142444436341486,1.5347755063959718,1.5490758356118597
2013-09-03,0.004915242142400322,0.0,0.004915242142400322,1.542319299644133,1.5566899184408332
2013-09-04,0.008983924681826827,0.0,0.008983924681826827,1.5561753800674638,1.5706751034210649
2013-09-05,0.0013947937769369422,0.0,0.0013947937769369422,1.5583459238034045,1.5728658712809065
2013-09-06,0.0006978653078220103,0.0,0.0006978653078220103,1.5594334393612128,1.5739635198063306
2013-09-09,0.0101911779115599,0.0,0.0101911779115599,1.575325902982979,1.590004062062982
2013-09-10,0.006638242045517518,0.0,0.006638242045517518,1.5857832976275534,1.6005588938803121
2013-09-11,0.0016354537924399004,0.0,0.0016354537924399004,1.5883767729356462,1.6031765339933322
2013-09-12,-0.0020521558834237005,0.0,-0.0020521558834237005,1.5851171761959728,1.599886565836931
2013-09-13,0.0017656815980501615,0.0,0.0017656815980501615,1.5879159884247354,1.6027114561051972
2013-09-16,0.003309984092652085,0.0,0.003309984092652085,1.593171965086889,1.6080164055300166
2013-09-17,0.005122486743076892,0.0,0.005122486743076892,1.601332967357488,1.6162534482499942
2013-09-18,0.011698467465449967,0.0,0.011698467465449967,1.620066108977472,1.6351611366302679
2013-09-19,-0.0004456023385100427,0.0,-0.0004456023385100427,1.6193442037307708,1.6344325050039448
2013-09-20,-0.005903891447878595,0.0,-0.005903891447878595,1.609783771335193,1.624782992915517
2013-09-23,-0.003842161823644907,0.0,-0.003842161823644907,1.6035987215846457,1.6185403137284295
2013-09-24,-0.0016463995267694928,0.0,-0.0016463995267694928,1.6009585574083005,1.6158755497218498
2013-09-25,-0.003048539998027444,0.0,-0.003048539998027444,1.596077971210857,1.6109494884766882
2013-09-26,0.005014032979900995,0.0,0.005014032979900995,1.6040807587970018,1.6190268423408651
2013-09-27,-0.0035867986712751266,0.0,-0.0035867986712751266,1.5983272440627307,1.6132197190139983
2013-09-30,-0.004406916335613619,0.0,-0.004406916335613619,1.5912835496212143,1.6061103946813415
2013-10-01,0.00857973690667455,0.0,0.00857973690667455,1.6049363438208835,1.6198903993107825
2013-10-02,-0.0007410305559818588,0.0,-0.0007410305559818588,1.6037470369497064,1.6186900110275515
2013-10-03,-0.009972946356637879,0.0,-0.009972946356637879,1.58775295378059,1.602546902379548
2013-10-04,0.007891543438192029,0.0,0.007891543438192029,1.6002827751844673,1.6151934708714164
2013-10-07,-0.00854306909853707,0.0,-0.00854306909853707,1.5866114488588676,1.601394761442256
2013-10-08,-0.013945236159766927,0.0,-0.013945236159766927,1.5644857775107408,1.5790629333089299
2013-10-09,-0.0004195423754407841,0.0,-0.0004195423754407841,1.5638294094313008,1.578400449494919
2013-10-10,0.021329228368534056,0.0,0.021329228368534056,1.5971846840344908,1.612066513139193
2013-10-11,0.006893002992252818,0.0,0.006893002992252818,1.608194082840721,1.6231784924379722
2013-10-14,0.004985364042441785,0.0,0.004985364042441785,1.6162115157945829,1.6312706281286373
2013-10-15,-0.006252809391755942,0.0,-0.006252809391755942,1.6061056532495583,1.6210706038245788
2013-10-16,0.013130634114917083,0.0,0.013130634114917083,1.6271948389322781,1.6423562887978471
2013-10-17,0.006439870781120537,0.0,0.006439870781120537,1.6376737634307084,1.652932851074266
2013-10-18,0.009561919766293324,0.0,0.009561919766293324,1.6533330685599963,1.6687380623753085
2013-10-21,0.0006980157413761013,0.0,0.0006980157413761013,1.6544871210675887,1.6699028678110799
2013-10-22,0.004488271348260298,0.0,0.004488271348260298,1.6619129082091422,1.6773978450070541
2013-10-23,-0.005176442264581527,0.0,-0.005176442264581527,1.653310111991035,1.6687148919076418
2013-10-24,0.0036406577059172824,0.0,0.0036406577059172824,1.6593292481905262,1.6747901116378443
2013-10-25,0.005350512375423255,0.0,0.005350512375423255,1.6682075098678713,1.683751096856399
2013-10-28,0.001186629029539321,0.0,0.001186629029539321,1.6701870533263758,1.6857490847864474
2013-10-29,0.004237070170066603,0.0,0.004237070170066603,1.6772637530684567,1.6928917219478132
2013-10-30,-0.0037561188609030686,0.0,-0.0037561188609030686,1.670963751050847,1.6865330194215382
2013-10-31,-0.0026734472211772387,0.0,-0.0026734472211772387,1.6664965176539122,1.682024162407342
2013-11-01,0.0017471390052483438,0.0,0.0017471390052483438,1.6694081187220158,1.6849628924292541
2013-11-04,0.0028979301626790633,0.0,0.0028979301626790633,1.6742459468630815,1.6898457972182197
2013-11-05,-0.0018835674544802616,0.0,-0.0018835674544802616,1.6710923916867746,1.6866628586714891
2013-11-06,0.0035048990252511845,0.0,0.0035048990252511845,1.676949401781502,1.692574441680774
2013-11-07,-0.014469144827287362,0.0,-0.014469144827287362,1.6526853780190927,1.6680843369531297
2013-11-08,0.013488383104576063,0.0,0.013488383104576063,1.6749774315491452,1.6905840975406963
2013-11-11,-0.00035312299067292725,0.0,-0.00035312299067292725,1.674385958509207,1.6899871134281885
2013-11-12,-0.0009438992680065536,0.0,-0.0009438992680065536,1.6728055068286096,1.6883919358288833
2013-11-13,0.009333496121867813,0.0,0.009333496121867813,1.6884186305392337,1.704150535414135
2013-11-14,0.0044282089509322,0.0,0.0044282089509322,1.6958953010319082,1.7116968700687918
2013-11-15,0.0036152660444803255,0.0,0.0036152660444803255,1.7020264137287227,1.7178851096415948
2013-11-18,-0.0053737700300827244,0.0,-0.0053737700300827244,1.692880115196218,1.7086535901242774
2013-11-19,-0.0023891512435947893,0.0,-0.0023891512435947893,1.6888355685637402,1.7045713582745594
2013-11-20,-0.002901878489380905,0.0,-0.002901878489380905,1.6839347729552236,1.6996248993163676
2013-11-21,0.008677378255858924,0.0,0.008677378255858924,1.69854691193835,1.714373187460812
2013-11-22,0.00511476051311015,0.0,0.00511476051311015,1.7072345726131974,1.7231417957447712
2013-11-25,2.2342167643707358e-05,0.0,2.2342167643707358e-05,1.707272715934226,1.7231802944676458
2013-11-26,0.0017611820458404148,0.0,0.0017611820458404148,1.7102795339888823,1.726215128664008
2013-11-27,0.0037922643486518305,0.0,0.0037922643486518305,1.7167653660918574,1.732761392754544
2013-11-29,0.0013303612918357023,0.0,0.0013303612918357023,1.71904928428207,1.7350665914394519
2013-12-02,-0.002689817965376795,0.0,-0.002689817965376795,1.71442535463384,1.730399578150673
2013-12-03,-0.003272743973418024,0.0,-0.003272743973418024,1.708814479386587,1.7247364233596751
2013-12-04,0.0002187654159416354,0.0,0.0002187654159416354,1.7091883088969368,1.725113736040721
2013-12-05,-0.0034658396826799717,0.0,-0.0034658396826799717,1.7032645362307892,1.7191347683972147
2013-12-06,0.009995140223039833,0.0,0.009995140223039833,1.7202889041073468,1.736317761469648
2013-12-09,0.003001431176973512,0.0,0.003001431176973512,1.7254522328575361,1.7415291997320557
2013-12-10,-0.002718232071782223,0.0,-0.002718232071782223,1.7207620532598544,1.7367953192073988
2013-12-11,-0.011718130953369687,0.0,-0.011718130953369687,1.7005979381801661,1.716443324217727
2013-12-12,-0.0030862105887852096,0.0,-0.0030862105887852096,1.6953495348160883,1.7111460186554766
2013-12-13,-0.00045519757014158505,0.0,-0.00045519757014158505,1.6945778158272995,1.7103671091456272
2013-12-16,0.006018103261293307,0.0,0.006018103261293307,1.7047759601072452,1.7206602750231854
2013-12-17,-0.002821261235856698,0.0,-0.002821261235856698,1.6999663417751743,1.715805842889184
2013-12-18,0.015418298553833988,0.0,0.015418298553833988,1.726176930364133,1.7422606496352624
2013-12-19,-0.0016420255170353946,0.0,-0.0016420255170353946,1.7233425037975572,1.7393998131912347
2013-12-20,0.007119204037761251,0.0,0.007119204037761251,1.7356113307090382,1.751782955364587
2013-12-23,0.0068885789363694275,0.0,0.0068885789363694275,1.7475672263634847,1.7638502505320026
2013-12-24,0.001670717605585925,0.0,0.001670717605585925,1.7504869176955151,1.7667971461991836
2013-12-26,0.004548777442603158,0.0,0.004548777442603158,1.7584494931003005,1.77483391320347
2013-12-27,-0.0007879170940442212,0.0,-0.0007879170940442212,1.7570639806856734,1.7734354912241677
2013-12-30,-0.0005595152114206802,0.0,-0.0005595152114206802,1.7560808766610403,1.7724432270903543
2013-12-31,0.00526368195607505,0.0,0.00526368195607505,1.7653243278849293,1.781772804522957
2014-01-02,-0.009081549415399737,0.0,-0.009081549415399737,1.749292447767035,1.7655915467516665
2014-01-03,-0.002278247474635197,0.0,-0.002278247474635197,1.7453071266655114,1.7615690922690421
2014-01-06,-0.0031223795627203445,0.0,-0.0031223795627203445,1.739857615362541,1.7560688049370214
2014-01-07,0.00706740065548832,0.0,0.00706740065548832,1.7521538862138104,1.7684796467601158
2014-01-08,0.0008063804157866894,0.0,0.0008063804157866894,1.753566788793098,1.7699057141129806
2014-01-09,-0.0005252704401006673,0.0,-0.0005252704401006673,1.7526456919942026,1.7689760349595918
2014-01-10,0.0028695047919156556,0.0,0.0028695047919156556,1.7576749172059103,1.7740521201686923
2014-01-13,-0.013771308704867601,0.0,-0.013771308704867601,1.733469433318265,1.7496211007633242
2014-01-14,0.013315152243468728,0.0,0.013315152243468728,1.7565508427322971,1.7729175720883732
2014-01-15,0.006227496337801086,0.0,0.006227496337801086,1.7674897566725738,1.7839584097757768
2014-01-16,-0.0008745142434885553,0.0,-0.0008745142434885553,1.7659440617051436,1.7823983127366367
2014-01-17,-0.0046632757622596215,0.0,-0.0046632757622596215,1.7577089775646877,1.7740864978861595
2014-01-21,0.00435447971050994,0.0,0.00435447971050994,1.7653628856444743,1.7818117215458944
2014-01-22,0.001236432740892057,0.0,0.001236432740892057,1.7675456381158408,1.784014811896519
2014-01-23,-0.006760063210077749,0.0,-0.006760063210077749,1.7555969178754804,1.7719547590003835
2014-01-24,-0.020924601431607102,0.0,-0.020924601431607102,1.718861752094378,1.734877311913461
2014-01-27,-0.006344881804879975,0.0,-0.006344881804879975,1.7079557774384102,1.7238697204234021
2014-01-28,0.003996416413330506,0.0,0.003996416413330506,1.7147814799406078,1.7307590216685458
2014-01-29,-0.009951225139063668,0.0,-0.009951225139063668,1.697717303369422,1.7135358489824566
2014-01-30,0.012930097077194013,0.0,0.012930097077194013,1.7196689529116205,1.7356920338550517
2014-01-31,-0.004812708308642255,0.0,-0.004812708308642255,1.7113926878538286,1.7273386543824734
2014-02-03,-0.02266838766057504,0.0,-0.02266838766057504,1.6725981749660845,1.6881826721438355
2014-02-04,0.007098649030354287,0.0,0.007098649030354287,1.68447136237898,1.7001664884325105
2014-02-05,-0.0016490424434946749,0.0,-0.0016490424434946749,1.6816935976075658,1.6973628417320779
2014-02-06,0.01303040465303875,0.0,0.01303040465303875,1.703606745686817,1.7194801664028785
2014-02-07,0.013983061713186305,0.0,0.013983061713186305,1.727428383946756,1.7435237636842895
2014-02-10,0.00300419249752405,0.0,0.00300419249752405,1.732617911337819,1.748761644694405
2014-02-11,0.011065191915910422,0.0,0.011065191915910422,1.7517896610437158,1.7681120279081317
2014-02-12,0.0009219791345600801,0.0,0.0009219791345600801,1.7534047745593362,1.7697421903054276
2014-02-13,0.0059285237075716295,0.0,0.0059285237075716295,1.7637998763342806,1.780234148836943
2014-02-14,0.0044703106857930325,0.0,0.0044703106857930325,1.7716846097690582,1.7881923485757025
2014-02-18,0.0023049085128536316,0.0,0.0023049085128536316,1.7757681807082069,1.7923139683425544
2014-02-19,-0.006706819325891034,0.0,-0.006706819325891034,1.7638584243555306,1.7802932423816102
2014-02-20,0.005531605249859028,0.0,0.005531605249859028,1.773615392875704,1.790141121827457
2014-02-21,-0.001189893723269686,0.0,-0.001189893723269686,1.7715049790522266,1.7880110441428274
2014-02-24,0.005476899150586866,0.0,0.005476899150586866,1.7812073331672582,1.7978038003117334
2014-02-25,-0.0005947046094702201,0.0,-0.0005947046094702201,1.7801480409558015,1.7967346381047649
2014-02-26,-0.0002237544381989533,0.0,-0.0002237544381989533,1.7797497249309864,1.796332610755223
2014-02-27,0.005626143571456399,0.0,0.005626143571456399,1.7897628524047082,1.8064390359254212
2014-02-28,0.0014388950732437955,0.0,0.0014388950732437955,1.7923381333553081,1.8090383121543296
2014-03-03,-0.007130506818883076,0.0,-0.007130506818883076,1.779557854073674,1.7961389521338924
2014-03-04,0.013617771922749244,0.0,0.013617771922749244,1.8037914670537865,1.8205983627256177
2014-03-05,0.0014602108609582886,0.0,0.0014602108609582886,1.8064253829448822,1.8232568202283126
2014-03-06,0.0013417262563506173,0.0,0.0013417262563506173,1.8088491113113176,1.8257031317760832
2014-03-07,-0.001167664903378662,0.0,-0.001167664903378662,1.806736981688532,1.82357132230512
2014-03-10,-0.00010516279440662144,0.0,-0.00010516279440662144,1.8065469801787797,1.8233795504490666
2014-03-11,-0.004739797067262441,0.0,-0.004739797067262441,1.7979843141002565,1.8147371014033418
2014-03-12,0.0013464409915007964,0.0,0.0013464409915007964,1.8004051938828365,1.8171805378254684
2014-03-13,-0.012039533688411208,0.0,-0.012039533688411208,1.7787291548982938,1.7953025315223936
2014-03-14,-0.004020346733273283,0.0,-0.004020346733273283,1.7715780469510203,1.7880847928545502
2014-03-17,0.008950986884978572,0.0,0.008950986884978572,1.787435418814995,1.8040899163846211
2014-03-18,0.00860746076845289,0.0,0.00860746076845289,1.8028206990585884,1.8196185495626633
2014-03-19,-0.005352740697479396,0.0,-0.005352740697479396,1.7931706673324792,1.8098786032985308
2014-03-20,0.0049384298455699355,0.0,0.0049384298455699355,1.8020261148742345,1.8188165618099186
2014-03-21,-0.0062710087199324685,0.0,-0.0062710087199324685,1.790725593394312,1.807410747290851
2014-03-24,-0.005492458027364321,0.0,-0.005492458027364321,1.7808901082340667,1.7974836196231487
2014-03-25,0.004312286106949858,0.0,0.004312286106949858,1.7885698159058088,1.8052348832635194
2014-03-26,-0.008842101815491565,0.0,-0.008842101815491565,1.7727550994894545,1.7892728126248263
2014-03-27,-0.0031605263830396524,0.0,-0.0031605263830396524,1.7671522602268501,1.78361776869407
2014-03-28,0.00403519135328575,0.0,0.00403519135328575,1.7742830577472568,1.790815007691871
2014-03-31,0.007866430444563354,0.0,0.007866430444563354,1.7882403320099927,1.804902329388959
2014-04-01,0.009884603858510553,0.0,0.009884603858510553,1.8059163792957227,1.8227430739182717
2014-04-02,0.0031164448251542964,0.0,0.0031164448251542964,1.8115444180506404,1.8284235521385703
2014-04-03,-0.003302075971095341,0.0,-0.003302075971095341,1.8055625607572234,1.8223859586620688
2014-04-04,-0.01612311387082825,0.0,-0.01612311387082825,1.7764512699892305,1.7930034223339617
2014-04-07,-0.010605071451571779,0.0,-0.010605071451571779,1.7576118773407594,1.7739884929271974
2014-04-08,0.005654909086875737,0.0,0.005654909086875737,1.7675510127171346,1.7840202365758646
2014-04-09,0.012637870723692534,0.0,0.012637870723692534,1.7898890939133854,1.8065664536941617
2014-04-10,-0.02399021992503624,0.0,-0.02399021992503624,1.7469492609089794,1.7632265271608458
2014-04-11,-0.00981659389430356,0.0,-0.00981659389430356,1.7298001694606822,1.7459176484000445
2014-04-14,0.007871143531263248,0.0,0.007871143531263248,1.7434156748749108,1.7596600168043668
2014-04-15,0.005805591321513537,0.0,0.005805591321513537,1.7535372337867554,1.7698758837267408
2014-04-16,0.011291070526033418,0.0,0.011291070526033418,1.7733365463634672,1.789859677152225
2014-04-17,0.0010550533606506485,0.0,0.0010550533606506485,1.7752075110462724,1.7917480746196974
2014-04-21,0.004663724795108038,0.0,0.004663724795108038,1.783486590332001,1.8001042945418884
2014-04-22,0.005557949295452258,0.0,0.005557949295452258,1.7933991183701854,1.810109182937478
2014-04-23,-0.004278890193370166,0.0,-0.004278890193370166,1.7857253604697925,1.8023639245056777
2014-04-24,0.004332585234983977,0.0,0.004332585234983977,1.7934621678003004,1.8101728198330589
2014-04-25,-0.010563566152555603,0.0,-0.010563566152555603,1.7745168115486363,1.7910509395031942
2014-04-28,0.003196127865874132,0.0,0.003196127865874132,1.7801883941784888,1.7967753673201403
2014-04-29,0.005645262825262965,0.0,0.005645262825262965,1.7902380255421093,1.806918636506621
2014-04-30,0.002894729534272811,0.0,0.002894729534272811,1.7954202804280242,1.8121491772497444
2014-05-01,0.0009666907042046313,0.0,0.0009666907042046313,1.7971558965232541,1.8139009650140236
2014-05-02,-0.001546259942086048,0.0,-0.001546259942086048,1.7943770263507766,1.8110962026129114
2014-05-05,0.0029611034142335447,0.0,0.0029611034142335447,1.7996903622899263,1.816459045761974
2014-05-06,-0.009997155983350013,0.0,-0.009997155983350013,1.7816985770163822,1.7982996213441245
2014-05-07,0.003256039357366136,0.0,0.003256039357366136,1.787499857706111,1.8041549556875576
2014-05-08,-0.0010196366694227407,0.0,-0.0010196366694227407,1.7856772573046058,1.8023153731374177
2014-05-09,0.0021546709221469174,0.0,0.0021546709221469174,1.7895248041672591,1.8061987696644553
2014-05-12,0.011722946119674992,0.0,0.011722946119674992,1.8105033070263339,1.827372740522655
2014-05-13,0.0008312330842505599,0.0,0.0008312330842505599,1.8120082572742793,1.828891713201835
2014-05-14,-0.004883938807727006,0.0,-0.004883938807727006,1.8031585198266558,1.8199595179885983
2014-05-15,-0.008513287552311899,0.0,-0.008513287552311899,1.7878077128449703,1.8044656792783944
2014-05-16,0.00438757763578621,0.0,0.00438757763578621,1.795651857982935,1.81238291253734
2014-05-19,0.004671118699859122,0.0,0.004671118699859122,1.804039560955196,1.8208487682513985
2014-05-20,-0.005502859880891098,0.0,-0.005502859880891098,1.7941121840316754,1.810828892615418
2014-05-21,0.008745408845367054,0.0,0.008745408845367054,1.809802428595487,1.8266653316303432
2014-05-22,0.00301787036497807,0.0,0.00301787036497807,1.8152641777112108,1.8321779708014034
2014-05-23,0.004987682079677191,0.0,0.004987682079677191,1.8243181383202611,1.841316292033149
2014-05-27,0.008024162783356336,0.0,0.008024162783356336,1.8389567640307725,1.856091313696069
2014-05-28,-0.0014353213155974154,0.0,-0.0014353213155974154,1.836317270188897,1.853427226269826
2014-05-29,0.005531438937957179,0.0,0.005531438937957179,1.8464747470396632,1.863679345797885
2014-05-30,0.0011627052182095034,0.0,0.0011627052182095034,1.8486216528633383,1.8658462554983135
2014-06-02,0.0005043498515487687,0.0,0.0005043498515487687,1.8495540049195296,1.8667872947802868
2014-06-03,-0.0004881093538183002,0.0,-0.0004881093538183002,1.8486512203093364,1.8658760984401155
2014-06-04,0.002543921381919356,0.0,0.002543921381919356,1.8533540436763927,1.8706227405429496
2014-06-05,0.007083174018943627,0.0,0.007083174018943627,1.8664816728864655,1.8838726869380087
2014-06-06,0.005064167186037815,0.0,0.005064167186037815,1.8759338481276382,1.8934129331818732
2014-06-09,0.000490802597082085,0.0,0.000490802597082085,1.8768545613322534,1.8943422251668276
2014-06-10,0.0005907909948841496,0.0,0.0005907909948841496,1.8779633901057957,1.895461385494685
2014-06-11,-0.0024943443724862457,0.0,-0.0024943443724862457,1.87327910269195,1.8907334520545112
2014-06-12,-0.007678165311697826,0.0,-0.007678165311697826,1.8588957560665322,1.8762160880492795
2014-06-13,0.0030143728330280116,0.0,0.0030143728330280116,1.8644991609330503,1.8818717028539855
2014-06-16,0.0008398016091284324,0.0,0.0008398016091284324,1.8660649703286205,1.8834521017382155
2014-06-17,0.002112545587555936,0.0,0.002112545587555936,1.8700071176477808,1.8874309801651155
2014-06-18,0.006823644733343415,0.0,0.006823644733343415,1.8827673818674329,1.9003101386324683
2014-06-19,0.0005919149705585935,0.0,0.0005919149705585935,1.8838818200668397,1.9014349606522294
2014-06-20,0.001774673200107446,0.0,0.001774673200107446,1.887225094645082,1.9048093863186462
2014-06-23,-0.00014941795485916564,0.0,-0.00014941795485916564,1.8869431093310813,1.904524773595746
2014-06-24,-0.004513317381655469,0.0,-0.004513317381655469,1.8784267361975422,1.8959290488312828
2014-06-25,0.005089109513688517,0.0,0.005089109513688517,1.887986255571492,1.9055776393909685
2014-06-26,-0.0003402240523279087,0.0,-0.0003402240523279087,1.887343917236882,1.9049293160444694
2014-06-27,0.002688003774283954,0.0,0.002688003774283954,1.8924171048097866,1.910049773235741
2014-06-30,0.00015484294276256754,0.0,0.00015484294276256754,1.8927101322432294,1.9103455309634516
2014-07-01,0.007960625179153014,0.0,0.007960625179153014,1.9077772881788029,1.9255530756981218
2014-07-02,0.0012155793011562332,0.0,0.0012155793011562332,1.9100963427615287,1.927893738160218
2014-07-03,0.005328162839436645,0.0,0.005328162839436645,1.9202736471147746,1.9381658699342657
2014-07-07,-0.003348536999068585,0.0,-0.003348536999068585,1.9138435397590745,1.9316758498084587
2014-07-08,-0.008128522870155919,0.0,-0.008128522870155919,1.8982868187762425,1.9159741784855626
2014-07-09,0.005359485333456426,0.0,0.005359485333456426,1.9084606591401674,1.9262428139944372
2014-07-10,-0.00364111322712961,0.0,-0.00364111322712961,1.9015117377907158,1.9192291458057387
2014-07-11,0.0028935041421174978,0.0,0.0028935041421174978,1.907013769880298,1.9247824432888
2014-07-14,0.005317931593725655,0.0,0.005317931593725655,1.9171551386568144,1.9350183046550142
2014-07-15,-0.00234025485858752,0.0,-0.00234025485858752,1.912668507028907,1.9304898686660896
2014-07-16,0.0037940338783612466,0.0,0.0037940338783612466,1.9199252361426493,1.937814212629642
2014-07-17,-0.011956181183444634,0.0,-0.011956181183444634,1.8969702621606601,1.914645354803588
2014-07-18,0.011876907149968542,0.0,0.011876907149968542,1.9195004018305937,1.9373854199077087
2014-07-21,-0.0016810272136081772,0.0,-0.0016810272136081772,1.9162736694185847,1.934128622293596
2014-07-22,0.004951970237660962,0.0,0.004951970237660962,1.925762999596759,1.9437063696670023
2014-07-23,0.0034756282389362793,0.0,0.0034756282389362793,1.9324562358596562,1.9504619704136172
2014-07-24,-0.00030218729218572937,0.0,-0.00030218729218572937,1.9318722721424741,1.9498725655922666
2014-07-25,-0.004452204889885491,0.0,-0.004452204889885491,1.9232711809658072,1.941191333421083
2014-07-28,0.00037607912597528156,0.0,0.00037607912597528156,1.9239944831105582,1.9419213749611068
2014-07-29,-0.003524582618684268,0.0,-0.003524582618684268,1.9172132055969424,1.9350769126360674
2014-07-30,0.0012981646542184816,0.0,0.0012981646542184816,1.9197020640150493,1.9375889610872459
2014-07-31,-0.019979365517000282,0.0,-0.019979365517000282,1.8813476347943527,1.898877163011979
2014-08-01,-0.00324571989808301,0.0,-0.00324571989808301,1.8752413073408893,1.8927139396199757
2014-08-04,0.007104147127139693,0.0,0.007104147127139693,1.888563297487129,1.9061600579166245
2014-08-05,-0.0091051074370869,0.0,-0.0091051074370869,1.8713677257617694,1.8888042657970097
2014-08-06,2.3580968805547546e-05,0.0,2.3580968805547546e-05,1.8714118544257343,1.8888488056314814
2014-08-07,-0.004700398577683772,0.0,-0.004700398577683772,1.862615472806931,1.8799704633920316
2014-08-08,0.01024604141589187,0.0,0.01024604141589187,1.8816999080831918,1.8992327186205997
2014-08-11,0.0037986715965014793,0.0,0.0037986715965014793,1.8888478680771668,1.90644728000397
2014-08-12,-0.001100744902314865,0.0,-0.001100744902314865,1.8867687284151327,1.9043487678789737
2014-08-13,0.007897639097011622,0.0,0.007897639097011622,1.9016697468916828,1.9193886271625205
2014-08-14,0.004855924244736731,0.0,0.004855924244736731,1.9109041111210965,1.928709032932231
2014-08-15,0.0013232226793632,0.0,0.0013232226793632,1.9134326627790201,1.9312611444664993
2014-08-18,0.008160706185901234,0.0,0.008160706185901234,1.9290476245464665,1.9470215992347377
2014-08-19,0.005327072448839209,0.0,0.005327072448839209,1.9393238009996867,1.957393524353316
2014-08-20,0.0018739299982812208,0.0,0.0018739299982812208,1.9429579580467609,1.9610615427970433
2014-08-21,0.0026478304241368987,0.0,0.0026478304241368987,1.9481025812408959,1.966254101213666
2014-08-22,-0.0006334992842568553,0.0,-0.0006334992842568553,1.946868459650021,1.9650084806478803
2014-08-25,0.004610119903075271,0.0,0.004610119903075271,1.955843756684523,1.9740674053542266
2014-08-26,0.0007568290925372144,0.0,0.0007568290925372144,1.9573239961400393,1.9755614369972283
2014-08-27,-0.00021914389913683106,0.0,-0.00021914389913683106,1.9568950605276512,1.9751285047609404
2014-08-28,-0.0007072447365275682,0.0,-0.0007072447365275682,1.955511056796156,1.9737316055219825
2014-08-29,0.003107758242378544,0.0,0.003107758242378544,1.9615883124009768,1.9798654861872866
2014-09-02,0.0005243487804866165,0.0,0.0005243487804866165,1.962616868840401,1.9809036262404967
2014-09-03,-0.0021338610366449908,0.0,-0.0021338610366449908,1.9584289171741203,1.9766766531751132
2014-09-04,-0.0012778480670485926,0.0,-0.0012778480670485926,1.9559263425678572,1.9741507607346733
2014-09-05,0.00465494647787601,0.0,0.00465494647787601,1.9650310750071784,1.9833403268651515
2014-09-08,-0.0012406721701527235,0.0,-0.0012406721701527235,1.9625931156389316,1.980879651717668
2014-09-09,-0.00692299599945294,0.0,-0.00692299599945294,1.9490060913508094,1.967166029813429
2014-09-10,0.005108631871387615,0.0,0.005108631871387615,1.9589628459866126,1.9772155568896448
2014-09-11,0.0005836301529126061,0.0,0.0005836301529126061,1.9601061557719657,1.9783695195074533
2014-09-12,-0.005623476634122293,0.0,-0.005623476634122293,1.9490835446045827,1.9672442047408434
2014-09-15,-0.0034187158771125325,0.0,-0.0034187158771125325,1.9424201817448243,1.9605187557439383
2014-09-16,0.007921956657384486,0.0,0.007921956657384486,1.9578079502350358,1.976049900352931
2014-09-17,0.0013958676830304383,0.0,0.0013958676830304383,1.960540791082349,1.978808204548889
2014-09-18,0.005982678766347749,0.0,0.005982678766347749,1.9722700768437158,1.9906467783769184
2014-09-19,-0.000801600462575114,0.0,-0.000801600462575114,1.9706891042377948,1.9890510749985477
2014-09-22,-0.008208912552191205,0.0,-0.008208912552191205,1.9545118897135505,1.9727231286620426
2014-09-23,-0.004828476936187753,0.0,-0.004828476936187753,1.945074574132564,1.963197880533814
2014-09-24,0.008694851829698624,0.0,0.008694851829698624,1.9619867093523606,1.9802675952174336
2014-09-25,-0.01764682845707692,0.0,-0.01764682845707692,1.9273638664573547,1.9453221526655233
2014-09-26,0.008738808982346224,0.0,0.008738808982346224,1.9442067311258016,1.9623219513667938
2014-09-29,-0.0016013006572153541,0.0,-0.0016013006572153541,1.9410934716094874,1.9591796839364022
2014-09-30,-0.0014139052966107178,0.0,-0.0014139052966107178,1.9383489492687624,1.9564095894042726
2014-10-01,-0.01430936983510892,0.0,-0.01430936983510892,1.910612397284181,1.9284146010405332
2014-10-02,0.00010892830470171644,0.0,0.00010892830470171644,1.9108205170535595,1.9286246599737866
2014-10-03,0.010642147637015431,0.0,0.010642147637015431,1.9311557511038815,1.9491493683416161
2014-10-06,-0.0014406081108514707,0.0,-0.0014406081108514707,1.9283737124655238,1.9463414079523222
2014-10-07,-0.01511244387148356,0.0,-0.01511244387148356,1.8992312729726442,1.9169274326698984
2014-10-08,0.018072816664798097,0.0,0.018072816664798097,1.9335557315731298,1.9515717107202635
2014-10-09,-0.018754185698810988,0.0,-0.018754185698810988,1.897293468324207,1.9149715724528695
2014-10-10,-0.01552177203591769,0.0,-0.01552177203591769,1.8678441116236433,1.8852478202499934
2014-10-13,-0.01621264207759049,0.0,-0.01621264207759049,1.837561423585154,1.8546829721127225
2014-10-14,0.0011416975443258159,0.0,0.0011416975443258159,1.8396593629500093,1.8568004591074867
2014-10-15,-0.006568088089643032,0.0,-0.006568088089643032,1.827576318199217,1.8446048301271791
2014-10-16,-0.0021665839488212296,0.0,-0.0021665839488212296,1.823616720682961,1.8406083389103076
2014-10-17,0.012220251508213976,0.0,0.012220251508213976,1.845901775664291,1.8631010357399074
2014-10-20,0.011295580275849204,0.0,0.011295580275849204,1.8667523073526395,1.8841458430511253
2014-10-21,0.021635569881459357,0.0,0.021635569881459357,1.907140557349743,1.9249104121053193
2014-10-22,-0.006507606052079695,0.0,-0.006507606052079695,1.8947296379165672,1.9123838534577915
2014-10-23,0.01262529022594485,0.0,0.01262529022594485,1.9186511494949634,1.9365282546311071
2014-10-24,0.007829110014390083,0.0,0.007829110014390083,1.9336724804235956,1.951689547382589
2014-10-27,-0.000741964159678032,0.0,-0.000741964159678032,1.9322377647465656,1.950241463687613
2014-10-28,0.012524740974064951,0.0,0.012524740974064951,1.9564385422503225,1.9746677328571818
2014-10-29,-0.0021655976871613023,0.0,-0.0021655976871613023,1.952201683468152,1.9703913969819942
2014-10-30,0.005144439564434012,0.0,0.005144439564434012,1.96224466704634,1.9805279564420488
2014-10-31,0.012163059164692713,0.0,0.012163059164692713,1.9861115650272272,2.004617235153581
2014-11-03,0.001268961685910608,0.0,0.001268961685910608,1.9886318645071905,2.007161017619907
2014-11-04,-0.0034329277895954633,0.0,-0.0034329277895954633,1.9818050349162488,2.0002705787843267
2014-11-05,0.0044687358522636274,0.0,0.0044687358522636274,1.9906611981279758,2.0092092596339683
2014-11-06,0.0037489576848172886,0.0,0.0037489576848172886,1.9981241027245653,2.016741700128279
2014-11-07,0.0003903448930243635,0.0,0.0003903448930243635,1.9989040602636925,2.017528924951473
2014-11-10,0.003265348313367,0.0,0.003265348313367,2.005431178265457,2.0241168596237324
2014-11-11,0.0016272786333545231,0.0,0.0016272786333545231,2.008694573572511,2.0274106617408107
2014-11-12,-0.00021050707008355395,0.0,-0.00021050707008355395,2.008271729163136,2.0269838774625515
2014-11-13,0.0020761784902191046,0.0,0.0020761784902191046,2.0124412597297394,2.03119225778896
2014-11-14,0.0011048823664948082,0.0,0.0011048823664948082,2.0146647705912213,2.0334364862975516
2014-11-17,-0.000452416122166521,0.0,-0.000452416122166521,2.013753303768245,2.0325165268477488
2014-11-18,0.006283333451161232,0.0,0.006283333451161232,2.0264063872641986,2.0452875059309292
2014-11-19,-0.0024853396023287394,0.0,-0.0024853396023287394,2.021370079219519,2.0402042718942908
2014-11-20,0.0025974344110230134,0.0,0.0025974344110230134,2.026620455420696,2.0455035686756253
2014-11-21,0.004374950201271299,0.0,0.004374950201271299,2.0354868189900395,2.054452544925104
2014-11-24,0.004299069188771631,0.0,0.004299069188771631,2.0442375176577103,2.063284778560785
2014-11-25,-4.629396932835932e-05,0.0,-4.629396932835932e-05,2.044142881788768,2.0631892609185307
2014-11-26,0.0037349521843736294,0.0,0.0037349521843736294,2.051777657710277,2.0708951741553747
2014-11-28,-9.275439442231188e-05,0.0,-9.275439442231188e-05,2.0515873463161465,2.070703089527584
2014-12-01,-0.008276311233178112,0.0,-0.008276311233178112,2.034607770915984,2.05356530628715
2014-12-02,0.005725019005456478,0.0,0.005725019005456478,2.0462559390731276,2.0653220066945903
2014-12-03,0.003243592783042981,0.0,0.003243592783042981,2.052893160069364,2.0720210702501647
2014-12-04,-0.0009157660964052351,0.0,-0.0009157660964052351,2.05101319011383,2.0701235836029923
2014-12-05,0.001174804447562905,0.0,0.001174804447562905,2.0534227295315866,2.072555573996014
2014-12-08,-0.006823786900360029,0.0,-0.006823786900360029,2.0394106104089076,2.058412896419912
2014-12-09,0.0006023903643753714,0.0,0.0006023903643753714,2.0406391317096224,2.0596528645146215
2014-12-10,-0.015970852910842902,0.0,-0.015970852910842902,2.008048384292978,2.026758451568062
2014-12-11,0.004966312360842551,0.0,0.004966312360842551,2.018020979805062,2.0368239671185266
2014-12-12,-0.014628574899886958,0.0,-0.014628574899886958,1.9885002087524402,2.007028135157648
2014-12-15,-0.007835624050539836,0.0,-0.007835624050539836,1.972919068692236,1.9913018172316967
2014-12-16,-0.010455700049072758,0.0,-0.010455700049072758,1.9522908186888939,1.9704813627235485
2014-12-17,0.0191491117671992,0.0,0.0191491117671992,1.9896754537780441,2.0082143305735247
2014-12-18,0.024386759574966606,0.0,0.024386759574966606,2.0381971907015415,2.0571881706282236
2014-12-19,0.004296439462658985,0.0,0.004296439462658985,2.0469541815443524,2.066026755066626
2014-12-22,0.003967047306703463,0.0,0.003967047306703463,2.0550745456171935,2.0742227809408904
2014-12-23,-0.00010425889376948147,0.0,-0.00010425889376948147,2.0548602858184535,2.074006524768318
2014-12-24,0.00032774990650642484,0.0,0.00032774990650642484,2.055533766085014,2.0746862802129042
2014-12-26,0.004381024429135193,0.0,0.004381024429135193,2.064539109729145,2.0837755314893083
2014-12-29,0.0008849708693479895,0.0,0.0008849708693479895,2.0663661666998845,2.0856196121329362
2014-12-30,-0.005763977060536718,0.0,-0.005763977060536718,2.0544556795163573,2.0735981485315964
2014-12-31,-0.010001412566181398,0.0,-0.010001412566181398,2.03390822066658,2.052859237951662
2015-01-02,-0.0012505125878812026,0.0,-0.0012505125878812026,2.0313647928340415,2.050292111633455
2015-01-05,-0.017107457308258387,0.0,-0.017107457308258387,1.996613306363134,2.015216826864227
2015-01-06,-0.010594513829171391,0.0,-0.010594513829171391,1.975460159077362,1.993866584323235
2015-01-07,0.012552732880495875,0.0,0.012552732880495875,2.000257582770322,2.0188950589555916
2015-01-08,0.018082309970359776,0.0,0.018082309970359776,2.0364268604025377,2.0554013452092543
2015-01-09,-0.007557791128529277,0.0,-0.007557791128529277,2.0210359715430886,2.0398670511568646
2015-01-12,-0.008599742016534195,0.0,-0.008599742016534195,2.0036555835816823,2.022324720768887
2015-01-13,-0.001977622185744321,0.0,-0.001977622185744321,1.9996931098470005,2.018325326534315
2015-01-14,-0.005816064121594022,0.0,-0.005816064121594022,1.9880627664966206,2.0065866170169544
2015-01-15,-0.01024580101139383,0.0,-0.01024580101139383,1.9676934709929352,1.9860275298268728
2015-01-16,0.01272010795174746,0.0,0.01272010795174746,1.9927227443599138,2.0112900144014128
2015-01-20,0.0038743586832251653,0.0,0.0038743586832251653,2.0004432670277845,2.0190824733331927
2015-01-21,0.005091173377204194,0.0,0.005091173377204194,2.0106278705314837,2.029361972267806
2015-01-22,0.015911172023207597,0.0,0.015911172023207597,2.0426193164541657,2.061651499705915
2015-01-23,-0.003178745330218646,0.0,-0.003178745330218646,2.0361263498405724,2.0550980346286867
2015-01-26,0.0012972329767232393,0.0,0.0012972329767232393,2.038767680086361,2.0577639755696064
2015-01-27,-0.017069773095069584,0.0,-0.017069773095069584,2.0039663783937254,2.022638411423425
2015-01-28,-0.01031685831988487,0.0,-0.01031685831988487,1.9832917411900246,2.0017711375004126
2015-01-29,0.009349699544322753,0.0,0.009349699544322753,2.001834923078888,2.0204870961925385
2015-01-30,-0.011157743764719175,0.0,-0.011157743764719175,1.9794989619479075,1.9979430188933005
2015-02-02,0.011256129803904823,0.0,0.011256129803904823,2.001780459210288,2.020432124854769
2015-02-03,0.012965054443755574,0.0,0.012965054443755574,2.0277336518483957,2.046627137353424
2015-02-04,-0.0029214810004145387,0.0,-0.0029214810004145387,2.0218096665106193,2.040647955056713
2015-02-05,0.009640376386636083,0.0,0.009640376386636083,2.041300672677921,2.060320569416079
2015-02-06,-0.0037463701495056845,0.0,-0.0037463701495056845,2.0336532047716345,2.052601845936406
2015-02-09,-0.00409388837159349,0.0,-0.00409388837159349,2.025327655564766,2.0441987231078156
2015-02-10,0.012090670563633598,0.0,0.012090670563633598,2.049815225031616,2.068914456435513
2015-02-11,0.001498133676193258,0.0,0.001498133676193258,2.0528861222502095,2.0720139668558617
2015-02-12,0.010198767529318697,0.0,0.010198767529318697,2.073823030575204,2.093145955621326
2015-02-13,0.005450408516039462,0.0,0.005450408516039462,2.08512621328181,2.1045544561631577
2015-02-17,0.00138621107782283,0.0,0.00138621107782283,2.08801663833732,2.1074718128641727
2015-02-18,0.0004914011239528619,0.0,0.0004914011239528619,2.0890426920602314,2.1085074268817134
2015-02-19,0.000991530089169268,0.0,0.000991530089169268,2.091114040746968,2.1105980754387033
2015-02-20,0.006221717940425752,0.0,0.006221717940425752,2.10412436248976,2.1237296213496886
2015-02-23,0.00020640503376238004,0.0,0.00020640503376238004,2.1045586643498404,2.1241679698338856
2015-02-24,0.0022117425917213326,0.0,0.0022117425917213326,2.1092134063845593,2.1288660826047376
2015-02-25,-0.0013411479259873515,0.0,-0.0013411479259873515,2.106384639199122,2.1260109582733473
2015-02-26,0.0006946763249141008,0.0,0.0006946763249141008,2.107847894739136,2.1274878477525676
2015-02-27,-0.0037085368926697004,0.0,-0.0037085368926697004,2.10003086305736,2.1195979805804708
2015-03-02,0.007125034206667814,0.0,0.007125034206667814,2.114993654791702,2.1347001886964905
2015-03-03,-0.004275747384778627,0.0,-0.004275747384778627,2.105950476203403,2.125572749947385
2015-03-04,-0.004110846177024563,0.0,-0.004110846177024563,2.0972932377392994,2.1168348473342764
2015-03-05,0.001293107159172213,0.0,0.001293107159172213,2.1000052626399035,2.1195721416301496
2015-03-06,-0.01327723941602832,0.0,-0.01327723941602832,2.072122989992914,2.091430074846182
2015-03-09,0.0037640365343494906,0.0,0.0037640365343494906,2.079922536630913,2.0993022940569404
2015-03-10,-0.01699650732699255,0.0,-0.01699650732699255,2.0445711179974886,2.063621487234429
2015-03-11,-0.0033626058657267536,0.0,-0.0033626058657267536,2.0376960311632146,2.0566823415168147
2015-03-12,0.010847478020579702,0.0,0.010847478020579702,2.0597998940738798,2.0789921580117325
2015-03-13,-0.005603052535280161,0.0,-0.005603052535280161,2.0482587270552193,2.0673434557299575
2015-03-16,0.01318824347093741,0.0,0.01318824347093741,2.075271661839096,2.0946080845621733
2015-03-17,-0.001595283877600395,0.0,-0.001595283877600395,2.0719610144153227,2.0912665900549796
2015-03-18,0.011401144223860803,0.0,0.011401144223860803,2.0955837407668887,2.115109422058738
2015-03-19,-0.0027519679201398082,0.0,-0.0027519679201398082,2.089816761538332,2.109288708781647
2015-03-20,0.008112501665742088,0.0,0.008112501665742088,2.1067704034974075,2.126400316945169
2015-03-23,-0.0019447863306615298,0.0,-0.0019447863306615298,2.1026731852148437,2.1222649226752597
2015-03-24,-0.005016193588952233,0.0,-0.005016193588952233,2.0921257694635074,2.111619230976078
2015-03-25,-0.017098249153244826,0.0,-0.017098249153244826,2.0563540817972963,2.0755142392480654
2015-03-26,-0.0026749568964166796,0.0,-0.0026749568964166796,2.050853423264718,2.0699623281201776
2015-03-27,0.0028030574347173817,0.0,0.0028030574347173817,2.056602083200316,2.0757645514135996
2015-03-30,0.01194445137220319,0.0,0.01194445137220319,2.0811670667750737,2.1005584201581025
2015-03-31,-0.009313530582417715,0.0,-0.009313530582417715,2.0617840536515435,2.080994805071805
2015-04-01,-0.004038527536611691,0.0,-0.004038527536611691,2.053457481976325,2.0725906502479763
2015-04-02,0.0027191451026132296,0.0,0.0027191451026132296,2.0590411308318655,2.07822632496432
2015-04-06,0.007236350575726722,0.0,0.007236350575726722,2.0739410743044058,2.0932650992274655
2015-04-07,-0.002361920780130888,0.0,-0.002361920780130888,2.0690425897842393,2.0883209728912773
2015-04-08,0.004743108105265082,0.0,0.004743108105265082,2.0788562824619836,2.098226105024193
2015-04-09,0.004985598764298393,0.0,0.004985598764298393,2.08922062577498,2.10868701850062
2015-04-10,0.005046601281964602,0.0,0.005046601281964602,2.099764089263323,2.1193287211114473
2015-04-13,-0.003919111605251779,0.0,-0.003919111605251779,2.0915348794528,2.111022835325196
2015-04-14,0.00047591719134331117,0.0,0.00047591719134331117,2.092530276858226,2.1120275073838455
2015-04-15,0.005010094448451507,0.0,0.005010094448451507,2.10301405118153,2.122608964673566
2015-04-16,-0.000613723925508536,0.0,-0.000613723925508536,2.1017233811426395,2.121306268767447
2015-04-17,-0.012772613101535244,0.0,-0.012772613101535244,2.074878881548854,2.0942116445266192
2015-04-20,0.010866246253676536,0.0,0.010866246253676536,2.0974250264223167,2.1169678639633625
2015-04-21,0.000465214809112568,0.0,0.000465214809112568,2.098400779605612,2.117952708764094
2015-04-22,0.005071559864048392,0.0,0.005071559864048392,2.109042944778148,2.128694032715815
2015-04-23,0.0029084716081388844,0.0,0.0029084716081388844,2.115177036303381,2.1348852788723836
2015-04-24,0.005685966721860702,0.0,0.005685966721860702,2.127203862542646,2.1470241655230424
2015-04-27,-0.0036466992491744126,0.0,-0.0036466992491744126,2.1194465898142707,2.13919461411067
2015-04-28,0.0016273349530463554,0.0,0.0016273349530463554,2.1228956393309906,2.142675800277581
2015-04-29,-0.0047592417151160905,0.0,-0.0047592417151160905,2.1127922658474483,2.13247828822693
2015-04-30,-0.011765847936187679,0.0,-0.011765847936187679,2.087933473326734,2.1073878729604303
2015-05-01,0.011516152736357954,0.0,0.011516152736357954,2.1119784341089187,2.131656873580191
2015-05-04,0.002489299013031276,0.0,0.002489299013031276,2.117235779940489,2.1369632049317153
2015-05-05,-0.012929388898487892,0.0,-0.012929388898487892,2.089861215151845,2.109333576593394
2015-05-06,-0.004926945108335879,0.0,-0.004926945108335879,2.0795645836607517,2.0989410058463482
2015-05-07,0.0045941626667647785,0.0,0.0045941626667647785,2.089118441634132,2.1085838822551493
2015-05-08,0.012930713907530953,0.0,0.012930713907530953,2.11613223452185,2.1358493771866214
2015-05-11,-0.004499653037542572,0.0,-0.004499653037542572,2.106610373684942,2.1262387960488303
2015-05-12,-0.003443630098102046,0.0,-0.003443630098102046,2.0993559867971467,2.1189168161350045
2015-05-13,0.0007523869080672155,0.0,0.0007523869080672155,2.1009355147569853,2.120511061406748
2015-05-14,0.011653634349542141,0.0,0.011653634349542141,2.12541904903793,2.145222721950542
2015-05-15,0.0007608604762096793,0.0,0.0007608604762096793,2.1270361963877265,2.1468549371323413
2015-05-18,0.003494318518323513,0.0,0.003494318518323513,2.1344687383579086,2.154356732095317
2015-05-19,-0.0005558602081022323,0.0,-0.0005558602081022323,2.1332822721208173,2.153159210913888
2015-05-20,-0.0003013904471739991,0.0,-0.0003013904471739991,2.1326393212228743,2.152510269296474
2015-05-21,0.0035987936100706167,0.0,0.0035987936100706167,2.140314249984676,2.160256709499229
2015-05-22,-0.001970799781512067,0.0,-0.001970799781512067,2.1360961191284393,2.155999276048138
2015-05-26,-0.010996776229201088,0.0,-0.010996776229201088,2.1126059481023187,2.1322902344591173
2015-05-27,0.011455355637377474,0.0,0.011455355637377474,2.13680660055947,2.1567163774169535
2015-05-28,-0.0014650755341637733,0.0,-0.0014650755341637733,2.1336760174877507,2.1535566250182696
2015-05-29,-0.006140080630802624,0.0,-0.006140080630802624,2.120575074700366,2.140333613697658
2015-06-01,0.002441988477894553,0.0,0.002441988477894553,2.125753494599295,2.1455602837211583
2015-06-02,-0.0016422519088398644,0.0,-0.0016422519088398644,2.1222624718650662,2.1420367332496864
2015-06-03,0.0027568604280529653,0.0,0.0027568604280529653,2.128113253291693,2.1479420295550185
2015-06-04,-0.008211004070891668,0.0,-0.008211004070891668,2.1106393067055964,2.130305268806303
2015-06-05,-0.0019119632839380229,0.0,-0.0019119632839380229,2.106603841845539,2.1262322033487653
2015-06-08,-0.007355147691452779,0.0,-0.007355147691452779,2.091109459461383,2.110593451466812
2015-06-09,-0.000599274690113416,0.0,-0.000599274690113416,2.089856310488071,2.1093286262302287
2015-06-10,0.01247215036148066,0.0,0.01247215036148066,2.115921312626367,2.1356364900183475
2015-06-11,0.0026953791422439258,0.0,0.0026953791422439258,2.1216245227990496,2.141392840068958
2015-06-12,-0.007835332872061096,0.0,-0.007835332872061096,2.1050008884333913,2.12461431435717
2015-06-15,-0.0044736474801360775,0.0,-0.0044736474801360775,2.095583856513167,2.115109538883485
2015-06-16,0.005457862162265847,0.0,0.005457862162265847,2.107021264351485,2.1266535152048047
2015-06-17,0.0019586848306100578,0.0,0.0019586848306100578,2.1111482549397436,2.130818959185
2015-06-18,0.011622884888564822,0.0,0.011622884888564822,2.135685888089603,2.155585222665979
2015-06-19,-0.004592599090090476,0.0,-0.004592599090090476,2.1258775390232434,2.1456854839337507
2015-06-22,0.005797794917268639,0.0,0.005797794917268639,2.138202941013728,2.158125728326559
2015-06-23,0.0007400299743799189,0.0,0.0007400299743799189,2.139785275281385,2.1597228060540012
2015-06-24,-0.00663506589533649,0.0,-0.00663506589533649,2.1255876589780223,2.145392902920172
2015-06-25,-0.0027084920590896054,0.0,-0.0027084920590896054,2.1198305216827813,2.1395821232789856
2015-06-26,-0.002121444115336324,0.0,-0.002121444115336324,2.115333419697047,2.1350431193742767
2015-06-29,-0.021879094923742105,0.0,-0.021879094923742105,2.0690518390121313,2.0883303082992044
2015-06-30,0.0025847135612636187,0.0,0.0025847135612636187,2.074399745359383,2.093728043967463
2015-07-01,0.008005585009375225,0.0,0.008005585009375225,2.091006528864284,2.1104895618099575
2015-07-02,-0.0005482523848175267,0.0,-0.0005482523848175267,2.0898601295481654,2.1093324808745626
2015-07-06,-0.0026552935266056727,0.0,-0.0026552935266056727,2.084310937474665,2.103731583992637
2015-07-07,0.0051494817034938075,0.0,0.0051494817034938075,2.095044058511583,2.114564711293469
2015-07-08,-0.017039285888415898,0.0,-0.017039285888415898,2.059346003849777,2.078534038648184
2015-07-09,0.0012399162729938452,0.0,0.0012399162729938452,2.061899420471675,2.081111246826676
2015-07-10,0.013382463049902248,0.0,0.013382463049902248,2.089492713278752,2.10896164119007
2015-07-13,0.012950991587644012,0.0,0.012950991587644012,2.1165537158308685,2.1362747856637863
2015-07-14,0.0050073827452082765,0.0,0.0050073827452082765,2.127152110386826,2.1469719311645425
2015-07-15,9.456807727846743e-05,0.0,9.456807727846743e-05,2.127353271071984,2.1471749661720434
2015-07-16,0.009833676803676061,0.0,0.009833676803676061,2.1482729755869485,2.168289590830323
2015-07-17,0.004999584401840628,0.0,0.004999584401840628,2.159013447646589,2.179130137647312
2015-07-20,0.0013923277149002877,0.0,0.0013923277149002877,2.16201950190659,2.182164200932333
2015-07-21,-0.0029517306069501087,0.0,-0.0029517306069501087,2.155637802769989,2.1757230400710506
2015-07-22,-0.004629763466391956,0.0,-0.004629763466391956,2.145657709623951,2.165649957027142
2015-07-23,-0.005054777142237409,0.0,-0.005054777142237409,2.1348118880782785,2.154703079126274
2015-07-24,-0.010172981710039464,0.0,-0.010172981710039464,2.1130944857864833,2.132783324111757
2015-07-27,-0.006563592032926835,0.0,-0.006563592032926835,2.0992249956547537,2.118784604477658
2015-07-28,0.011154354039324632,0.0,0.011154354039324632,2.1226404944644868,2.142418278089072
2015-07-29,0.005945060035879712,0.0,0.005945060035879712,2.1352597196386673,2.1551550833742774
2015-07-30,0.0016026574438489536,0.0,0.0016026574438489536,2.138681809522897,2.158609058711296
2015-07-31,-0.0013979484894467427,0.0,-0.0013979484894467427,2.1356920425178676,2.1555914344383647
2015-08-03,-0.003299187145577453,0.0,-0.003299187145577453,2.128645994784281,2.148479734886749
2015-08-04,-0.0019328922643087275,0.0,-0.0019328922643087275,2.1245315514075105,2.144326955027162
2015-08-05,0.004625997819035576,0.0,0.004625997819035576,2.1343596297307936,2.154246606844417
2015-08-06,-0.010530929752723961,0.0,-0.010530929752723961,2.111882838403049,2.1315603871576947
2015-08-07,-0.001724374634110759,0.0,-0.001724374634110759,2.108241161206293,2.127884778495005
2015-08-10,0.012209058210774226,0.0,0.012209058210774226,2.1339808002658107,2.153864247621471
2015-08-11,-0.0101809481675738,0.0,-0.0101809481675738,2.112254852347707,2.1319358673564466
2015-08-12,0.0019410113033652924,0.0,0.0019410113033652924,2.116354762891702,2.136073978973035
2015-08-13,-0.001359137574715663,0.0,-0.001359137574715663,2.1134783456120276,2.1331707605658408
2015-08-14,0.003017994390451706,0.0,0.003017994390451706,2.119856811403426,2.139608657955104
2015-08-17,0.006437841401507837,0.0,0.006437841401507837,2.1335041133491477,2.153383119156312
2015-08-18,-0.0035653587994979082,0.0,-0.0035653587994979082,2.1258974056848534,2.145705535703738
2015-08-19,-0.007523208396654768,0.0,-0.007523208396654768,2.1099038364719784,2.129562945800783
2015-08-20,-0.023051939373717724,0.0,-0.023051939373717724,2.061266461149252,2.0804723898816677
2015-08-21,-0.0344591667657672,0.0,-0.0344591667657672,1.990236936415827,2.008781044847161
2015-08-24,-0.039550888451660576,0.0,-0.039550888451660576,1.91152129735127,1.929331969818601
2015-08-25,-0.008021574027918928,0.0,-0.008021574027918928,1.8961878877586233,1.9138556905982704
2015-08-26,0.04158154786289241,0.0,0.04158154786289241,1.9750343151704954,1.9934367725995517
2015-08-27,0.024762750058344895,0.0,0.024762750058344895,2.023941596273717,2.042799749156548
2015-08-28,-2.999785157520654e-06,0.0,-2.999785157520654e-06,2.0239355248837567,2.042793621196181
2015-08-31,-0.00939717648406575,0.0,-0.00939717648406575,2.0049162455640537,2.0235971290172765
2015-09-01,-0.023589999075437927,0.001,-0.024589999075437928,1.955615356939303,1.9758604746147002
2015-09-02,-0.00021889655507245642,0.0,-0.00021889655507245642,1.9551872794746223,1.9754279655635032
2015-09-03,0.00021894448126524857,0.0,0.00021894448126524857,1.9556153569393033,1.9758604746147004
2015-09-04,-0.00021889655507245642,0.0,-0.00021889655507245642,1.9551872794746226,1.9754279655635034
2015-09-08,0.0,0.0,0.0,1.9551872794746226,1.9754279655635034
2015-09-09,0.0,0.0,0.0,1.9551872794746226,1.9754279655635034
2015-09-10,-0.00021894449863801846,0.0,-0.00021894449863801846,1.9547592019759745,1.9749954564779877
2015-09-11,0.00021899241107226075,0.0,0.00021899241107226075,1.955187279406681,1.9754279654948586
2015-09-14,4.791242791402084e-08,0.0,4.791242791402084e-08,1.9551873730844502,1.9754280601424083
2015-09-15,-0.0002188487878655998,0.0,-0.0002188487878655998,1.9547594826978005,1.9749957401059306
2015-09-16,0.0,0.0,0.0,1.9547594826978005,1.9749957401059306
2015-09-17,0.0,0.0,0.0,1.9547594826978005,1.9749957401059306
2015-09-18,4.791242791402084e-08,0.0,4.791242791402084e-08,1.9547595763550731,1.9749958347327714
2015-09-21,0.00021899241107226075,0.0,0.00021899241107226075,1.9551876538677657,1.9754283438324771
2015-09-22,0.0,0.0,0.0,1.9551876538677657,1.9754283438324771
2015-09-23,-0.00021894449863801846,0.0,-0.00021894449863801846,1.9547595762871464,1.9749958346641414
2015-09-24,4.791242791402084e-08,0.0,4.791242791402084e-08,1.9547596699444234,1.9749959292909867
2015-09-25,0.0,0.0,0.0,1.9547596699444234,1.9749959292909867
2015-09-28,0.0002189924284488054,0.0,0.0002189924284488054,1.9551877475115784,1.9754284384457186
2015-09-29,4.791242791402084e-08,0.0,4.791242791402084e-08,1.9551878411893702,1.975428533093291
2015-09-30,-0.00021894449863801846,0.0,-0.00021894449863801846,1.9547597635677378,1.9749960238835176
2015-10-01,0.00021899241107226075,0.0,0.00021899241107226075,1.9551878411214285,1.975428533024646
2015-10-02,0.0,0.0,0.0,1.9551878411214285,1.975428533024646
2015-10-05,-0.00021894448126513755,0.0,-0.00021894448126513755,1.9547597635337783,1.9749960238492066
2015-10-06,0.0,0.0,0.0,1.9547597635337783,1.9749960238492066
2015-10-07,0.0,0.0,0.0,1.9547597635337783,1.9749960238492066
2015-10-08,0.0,0.0,0.0,1.9547597635337783,1.9749960238492066
2015-10-09,0.0,0.0,0.0,1.9547597635337783,1.9749960238492066
2015-10-12,4.791242791402084e-08,0.0,4.791242791402084e-08,1.9547598571910645,1.974996118476061
2015-10-13,0.0,0.0,0.0,1.9547598571910645,1.974996118476061
2015-10-14,0.0,0.0,0.0,1.9547598571910645,1.974996118476061
2015-10-15,0.0,0.0,0.0,1.9547598571910645,1.974996118476061
2015-10-16,4.791242791402084e-08,0.0,4.791242791402084e-08,1.954759950848355,1.97499621310292
2015-10-19,0.0,0.0,0.0,1.954759950848355,1.97499621310292
2015-10-20,-0.00021857544294712206,0.0,-0.00021857544294712206,1.954332688326243,1.9745645274308221
2015-10-21,0.00021862333986188975,0.0,0.00021862333986188975,1.954759951065766,1.9749962133225816
2015-10-22,0.0,0.0,0.0,1.954759951065766,1.9749962133225816
2015-10-23,4.789685015271772e-08,0.0,4.789685015271772e-08,1.9547600446926103,1.974996307918679
2015-10-26,-0.00021857544294712206,0.0,-0.00021857544294712206,1.9543327821499863,1.9745646222258568
2015-10-27,0.0,0.0,0.0,1.9543327821499863,1.9745646222258568
2015-10-28,0.0,0.0,0.0,1.9543327821499863,1.9745646222258568
2015-10-29,4.789685026374002e-08,0.0,4.789685026374002e-08,1.954332875756371,1.974564716801283
2015-10-30,0.0,0.0,0.0,1.954332875756371,1.974564716801283
2015-11-02,0.009542972071533184,0.001,0.008542972071533185,1.9710286869324365,1.9934079327471526
2015-11-03,0.0030866724897791404,0.0,0.0030866724897791404,1.9771126069569562,1.9995609301740707
2015-11-04,-0.002088414393745441,0.0,-0.002088414393745441,1.972983576530532,1.9953850183463242
2015-11-05,-0.0015062797962482333,0.0,-0.0015062797962482333,1.9700117112308746,1.9923794102074528
2015-11-06,-0.00015376508049267344,0.0,-0.00015376508049267344,1.9697087922215257,1.9920730518270702
2015-11-09,-0.009742509960273892,0.0,-0.009742509960273892,1.9505188846944683,1.9726652602780517
2015-11-10,0.0008629847048171489,0.0,0.0008629847048171489,1.9522021526584166,1.9743676402253958
2015-11-11,-0.0031141804903377147,0.0,-0.0031141804903377147,1.9461226428014125,1.9682191030394518
2015-11-12,-0.012729145834681741,0.0,-0.012729145834681741,1.921350163869017,1.943165355042256
2015-11-13,-0.013784629884080458,0.0,-0.013784629884080458,1.8948650629823651,1.9163795398194308
2015-11-16,0.014977228049482025,0.0,0.014977228049482025,1.923244889153648,1.9450815932166676
2015-11-17,-0.00031850827841934954,0.0,-0.00031850827841934954,1.9226323197350248,1.9444620686270269
2015-11-18,0.016821010115151157,0.0,0.016821010115151157,1.954972937433004,1.9771698847519297
2015-11-19,-0.0003927655661613238,0.0,-0.0003927655661613238,1.9542050913804032,1.976393320502748
2015-11-20,0.004581806381429088,0.0,0.004581806381429088,1.9631588807387113,1.9854487720308414
2015-11-23,-0.0016666058536723648,0.0,-0.0016666058536723648,1.9598870686563832,1.982139811485208
2015-11-24,0.0007140762576946956,0.0,0.0007140762576946956,1.9612865774798736,1.983555210464021
2015-11-25,0.000163619482342503,0.0,0.000163619482342503,1.961607482174406,1.9838797587407548
2015-11-27,0.0012233928937116056,0.0,0.0012233928937116056,1.9640072988283497,1.9863068231395764
2015-11-30,-0.003659182733444299,0.0,-0.003659182733444299,1.9568206372321184,1.9790385635090213
2015-12-01,0.009652294680273442,0.0,0.009652294680273442,1.9757084466591235,1.9981408269076355
2015-12-02,-0.008993316949286546,0.0,-0.008993316949286546,1.9579402743989354,1.9801709131419456
2015-12-03,-0.014855854339309693,0.0,-0.014855854339309693,1.9288533988773968,1.950753782489371
2015-12-04,0.02064637573440007,0.0,0.02064637573440007,1.968677230887194,1.9910297780479487
2015-12-07,-0.005600117792741232,0.0,-0.005600117792741232,1.957652406498338,1.9798797767620246
2015-12-08,-0.004630380377969834,0.0,-0.004630380377969834,1.9485877312084028,1.9707121802929666
2015-12-09,-0.010024176945848328,0.0,-0.010024176945848328,1.9290547429962606,1.9509574126883713
2015-12-10,0.0031598215548094945,0.0,0.0031598215548094945,1.9351502117535875,1.9571220899734993
2015-12-11,-0.020573573987865367,0.0,-0.020573573987865367,1.8953372556944417,1.9168570938521439
2015-12-14,0.005805914504371401,0.0,0.005805914504371401,1.9063414217579535,1.9279862022561471
2015-12-15,0.009174663346126532,0.0,0.009174663346126532,1.923831462525359,1.9456748265978243
2015-12-16,0.014650340139194905,0.0,0.014650340139194905,1.9520162478218401,1.9741796246077514
2015-12-17,-0.014990030475042737,0.0,-0.014990030475042737,1.9227554647792122,1.9445866118716728
2015-12-18,-0.01828117766648425,0.0,-0.01828117766648425,1.88760523051838,1.90903727853218
2015-12-21,0.009096012113155515,0.0,0.009096012113155515,1.904774910560031,1.9264019047421743
2015-12-22,0.00830801432283359,0.0,0.00830801432283359,1.9205998077987376,1.9424064793583062
2015-12-23,0.01086575559391869,0.0,0.01086575559391869,1.9414685759040058,1.9635121934270576
2015-12-24,-0.0012087801852013968,0.0,-0.0012087801852013968,1.9391217671592618,1.9611387387942416
2015-12-28,-0.0017532383258176297,0.0,-0.0017532383258176297,1.9357220245586508,1.957700395195142
2015-12-29,0.012152613977626146,0.0,0.012152613977626146,1.9592461070911011,1.9814915723817947
2015-12-30,-0.007672583675062493,0.0,-0.007672583675062493,1.9442136273944042,1.9662884124912643
2015-12-31,-0.010762897387179338,0.0,-0.010762897387179338,1.9232882556240023,1.9451254520740209
2016-01-04,-0.016081358665000964,0.0,-0.016081358665000964,1.8923591673691287,1.9138451920307964
2016-01-05,0.0006734600729866535,0.0,0.0006734600729866535,1.8936335957121022,1.9151340903535068
2016-01-06,-0.011645123311839378,0.0,-0.011645123311839378,1.8715819989825928,1.8928321177126328
2016-01-07,-0.0263338720159864,0.0,-0.0263338720159864,1.8222959981539613,1.84298651897704
2016-01-08,-0.010041447642999166,0.0,-0.010041447642999166,1.8039975082984514,1.8244802663399788
2016-01-11,0.0016432769933513386,0.0,0.0016432769933513386,1.8069619758999016,1.827478392786479
2016-01-12,0.00912621040741357,0.0,0.00912621040741357,1.8234526910901596,1.8441563451140501
2016-01-13,-0.027675437488320864,0.0,-0.027675437488320864,1.7729878401249834,1.7931185114661559
2016-01-14,0.017826277249111032,0.0,0.017826277249111032,1.804593612922354,1.825083139192065
2016-01-15,-0.02421095292966766,0.0,-0.02421095292966766,1.760902681902712,1.7808961372163559
2016-01-19,0.0017122860309149758,0.0,0.0017122860309149758,1.7639178509667346,1.7839455407946216
2016-01-20,-0.009792231891931312,0.0,-0.009792231891931312,1.746645158331751,1.7664767323765838
2016-01-21,0.004218004381407426,0.0,0.004218004381407426,1.7540125152623587,1.7739277389734027
2016-01-22,0.02294948685885205,0.0,0.02294948685885205,1.794266202431634,1.8146384703075258
2016-01-25,-0.015072167432631898,0.0,-0.015072167432631898,1.767222721809872,1.7872879354533557
2016-01-26,0.012216173465778368,0.0,0.012216173465778368,1.7888114211321664,1.809121754906147
2016-01-27,-0.015143575921911855,0.0,-0.015143575921911855,1.7617224195662684,1.7817251822587432
2016-01-28,0.007924481956770835,0.0,0.007924481956770835,1.7756831570929599,1.7958444313174766
2016-01-29,0.023265031785731524,0.0,0.023265031785731524,1.8169944821841155,1.8376248090943066
2016-02-01,-0.005959543391819821,0.001,-0.006959543391819821,1.804349030242658,1.8266734043066244
2016-02-02,0.0,0.0,0.0,1.804349030242658,1.8266734043066244
2016-02-03,0.000218879692604812,0.0,0.000218879692604812,1.8047439656037492,1.8270732260198483
2016-02-04,0.00021862333986188975,0.0,0.00021862333986188975,1.8051385247571048,1.8274726668706929
2016-02-05,0.0,0.0,0.0,1.8051385247571048,1.8274726668706929
2016-02-08,-0.00021857544294712206,0.0,-0.00021857544294712206,1.804743965804475,1.8270732262230578
2016-02-09,0.0002186232842451563,0.0,0.0002186232842451563,1.805138524857501,1.8274726669723311
2016-02-10,-0.00021857549855175407,0.0,-0.00021857549855175407,1.8047439658044753,1.827073226223058
2016-02-11,0.0002186232842451563,0.0,0.0002186232842451563,1.8051385248575011,1.8274726669723313
2016-02-12,-0.00021857544294712206,0.0,-0.00021857544294712206,1.8047439659048494,1.827073226324674
2016-02-16,4.789685026374002e-08,0.0,4.789685026374002e-08,1.804744052346401,1.827073313835727
2016-02-17,4.789685026374002e-08,0.0,4.789685026374002e-08,1.8047441387879566,1.8270734013467838
2016-02-18,0.0002186232842451563,0.0,0.0002186232842451563,1.8051386978788007,1.8274728421343431
2016-02-19,0.0,0.0,0.0,1.8051386978788007,1.8274728421343431
2016-02-22,0.0,0.0,0.0,1.8051386978788007,1.8274728421343431
2016-02-23,-0.00021857544294712206,0.0,-0.00021857544294712206,1.8047441388883307,1.8270734014483998
2016-02-24,0.0002186232842451563,0.0,0.0002186232842451563,1.8051386979791968,1.8274728422359814
2016-02-25,-0.00021857549855175407,0.0,-0.00021857549855175407,1.804744138888331,1.8270734014483998
2016-02-26,0.0,0.0,0.0,1.804744138888331,1.8270734014483998
2016-02-29,0.0002186232842451563,0.0,0.0002186232842451563,1.805138697979197,1.8274728422359814
2016-03-01,4.789685015271772e-08,0.0,4.789685015271772e-08,1.8051387844396545,1.827472929766174
2016-03-02,-0.00021857544294712206,0.0,-0.00021857544294712206,1.8047442254302646,1.8270734890610765
2016-03-03,0.00021862333986188975,0.0,0.00021862333986188975,1.8051387846404243,1.827472929969428
2016-03-04,0.0,0.0,0.0,1.8051387846404243,1.827472929969428
2016-03-07,0.0,0.0,0.0,1.8051387846404243,1.827472929969428
2016-03-08,-0.00021857549855175407,0.0,-0.00021857549855175407,1.8047442255306165,1.82707348916267
2016-03-09,0.00021862333986188975,0.0,0.00021862333986188975,1.8051387847407983,1.8274729300710437
2016-03-10,4.789685015271772e-08,0.0,4.789685015271772e-08,1.80513887120126,1.8274730176012406
2016-03-11,-0.00021857549855175407,0.0,-0.00021857549855175407,1.804744312072532,1.8270735767753286
2016-03-14,0.0,0.0,0.0,1.804744312072532,1.8270735767753286
2016-03-15,4.789685026374002e-08,0.0,4.789685026374002e-08,1.8047443985141,1.827073664286398
2016-03-16,0.00021862333986188975,0.0,0.00021862333986188975,1.8051389577621,1.827473105233058
2016-03-17,-0.00021857544294712206,0.0,-0.00021857544294712206,1.804744398714826,1.8270736644896077
2016-03-18,4.789685026374002e-08,0.0,4.789685026374002e-08,1.804744485156398,1.8270737520006815
2016-03-21,0.00021862333986188975,0.0,0.00021862333986188975,1.8051390444233402,1.8274731929665176
2016-03-22,4.789685015271772e-08,0.0,4.789685015271772e-08,1.8051391308838143,1.827473280496727
2016-03-23,-0.00021857549855175407,0.0,-0.00021857549855175407,1.8047445716983261,1.8270738396133526
2016-03-24,0.00021862333986188975,0.0,0.00021862333986188975,1.8051391309841882,1.827473280598343
2016-03-28,0.0,0.0,0.0,1.8051391309841882,1.827473280598343
2016-03-29,0.0,0.0,0.0,1.8051391309841882,1.827473280598343
2016-03-30,4.791242791402084e-08,0.0,4.791242791402084e-08,1.8051392174727865,1.8274733681570245
2016-03-31,0.0,0.0,0.0,1.8051392174727865,1.8274733681570245
2016-04-01,0.01383389857593773,0.001,0.012833898575937731,1.8283061911052798,1.852754449382336
2016-04-04,-0.0034091352382429993,0.0,-0.0034091352382429993,1.822073248042885,1.8464381589011352
2016-04-05,-0.009901059801104317,0.0,-0.009901059801104317,1.80403279185202,1.8281564642708141
2016-04-06,0.012572184585928169,0.0,0.012572184585928169,1.8267134251102508,1.8511403847915846
2016-04-07,-0.012726396578323305,0.0,-0.012726396578323305,1.8034659456273505,1.827582038132577
2016-04-08,0.0017002406120616102,0.0,0.0017002406120616102,1.8065322716705763,1.8306893673356843
2016-04-11,-0.0027183727345481907,0.0,-0.0027183727345481907,1.8016214435991855,1.8257128712740918
2016-04-12,0.009025635639444073,0.0,0.009025635639444073,1.817882222309321,1.842191090432455
2016-04-13,0.010876252195967329,0.0,0.010876252195967329,1.8376539678217227,1.8622272253251624
2016-04-14,6.0652810704919796e-05,0.0,6.0652810704919796e-05,1.8377654266999743,1.8623401746405497
2016-04-15,-0.00153172536143783,0.0,-0.00153172536143783,1.8349504747875243,1.8594875809634281
2016-04-18,0.006525751717809736,0.0,0.006525751717809736,1.8469249060004647,1.871622135239146
2016-04-19,0.0003771761773225244,0.0,0.0003771761773225244,1.8476215220763117,1.8723280665215078
2016-04-20,0.0009111180502037518,0.0,0.0009111180502037518,1.8493049233950203,1.8740339784188187
2016-04-21,-0.003737068889480888,0.0,-0.003737068889480888,1.842393943498637,1.8670305843402397
2016-04-22,-0.004533136981702501,0.0,-0.004533136981702501,1.8340421193784986,1.8585670789523974
2016-04-25,-0.0011994697141360475,0.0,-0.0011994697141360475,1.831842241401854,1.8563377840295037
2016-04-26,-0.0004135762003816936,0.0,-0.0004135762003816936,1.8310846350479564,1.8555700469021597
2016-04-27,-0.0009526166017079455,0.0,-0.0009526166017079455,1.8293403134254773,1.8538024000698485
2016-04-28,-0.009988070986008268,0.0,-0.009988070986008268,1.811068732517417,1.8352864901039183
2016-04-29,-0.005364888946715895,0.0,-0.005364888946715895,1.8013525498925915,1.8254403818991027
2016-05-02,0.006254473650339964,0.00030000000000000003,0.005954473650339964,1.8120786561858995,1.8368575506679574
2016-05-03,-0.006034959123310202,0.0,-0.006034959123310202,1.8011428355675947,1.8257721904343327
2016-05-04,-0.003970078291718171,0.0,-0.003970078291718171,1.7939921574958242,1.8185237318954668
2016-05-05,-0.00013134741152506248,0.0,-0.00013134741152506248,1.7937565212696407,1.8182848735104853
2016-05-06,0.0026523328436762307,0.0,0.0026523328436762307,1.7985141606045627,1.8231075701996569
2016-05-09,0.000579247257571791,0.0,0.000579247257571791,1.799555944999797,1.8241636002599535
2016-05-10,0.008680125067189159,0.0,0.008680125067189159,1.815176315667799,1.8399975684532237
2016-05-11,-0.00669195521807574,0.0,-0.00669195521807574,1.8030292370504382,1.8276843871237665
2016-05-12,0.00021288776330078427,0.0,0.00021288776330078427,1.8034130799118797,1.8280734787649608
2016-05-13,-0.0061083776151114825,0.0,-0.0061083776151114825,1.7923971518237467,1.8169069156484938
2016-05-16,0.006899577307284321,0.0,0.006899577307284321,1.804763934538111,1.8294428053731502
2016-05-17,-0.006541901439144993,0.0,-0.006541901439144993,1.7929573467574391,1.8174747708518462
2016-05-18,0.0002739382937030578,0.0,0.0002739382937030578,1.7934485064336925,1.817972646789422
2016-05-19,-0.0024892513528540824,0.0,-0.0024892513528540824,1.7889841623127782,1.8134472559189496
2016-05-20,0.004481155859320362,0.0,0.004481155859320362,1.7970008791739573,1.8215735957153791
2016-05-23,-0.0008879750524867001,0.0,-0.0008879750524867001,1.7954051872239543,1.8199560838061153
2016-05-24,0.008915108256743742,0.0,0.008915108256743742,1.8114114188327752,1.8361811893157662
2016-05-25,0.0048060898534385554,0.0,0.0048060898534385554,1.8201172248732302,1.8450060410988114
2016-05-26,0.0002007545595151261,0.0,0.0002007545595151261,1.8204826217049754,1.8453764344738948
2016-05-27,0.003073105818325139,0.0,0.003073105818325139,1.8260771574418968,1.8510474715316765
2016-05-31,-0.0013281530422454388,0.0,-0.0013281530422454388,1.8236518475098655,1.848588997201021
2016-06-01,0.002336596648804334,0.00030000000000000003,0.002036596648804334,1.82736589075109,1.8529084040568973
2016-06-02,0.002766712449006614,0.0,0.002766712449006614,1.8324216867099212,1.8580348688052706
2016-06-03,-0.003503057363736528,0.0,-0.003503057363736528,1.8260026084268215,1.8515260660760229
2016-06-06,0.004647140577209296,0.0,0.004647140577209296,1.8344882992425318,1.8601303679874455
2016-06-07,0.0003322592878794773,0.0,0.0003322592878794773,1.835097825018461,1.8607484135788759
2016-06-08,0.0027978985272316234,0.0,0.0027978985272316234,1.8402322425204063,1.865954598824777
2016-06-09,-0.0014342128772391383,0.0,-0.0014342128772391383,1.837592957741073,1.863278422710799
2016-06-10,-0.010053984809058203,0.0,-0.010053984809058203,1.819117826058712,1.8445450497538187
2016-06-13,-0.00791896341950138,0.0,-0.00791896341950138,1.80471229853839,1.829938164979196
2016-06-14,-0.0013743946522487224,0.0,-0.0013743946522487224,1.8022319116064314,1.8274231077513026
2016-06-15,-0.0018329068108658086,0.0,-0.0018329068108658086,1.7989285884608883,1.8240736114907716
2016-06-16,0.0029919871909177657,0.0,0.0029919871909177657,1.8043109597549392,1.8295312163716433
2016-06-17,-0.006130586463900189,0.0,-0.006130586463900189,1.7932494754083987,1.8183151170612724
2016-06-20,0.006450287952385293,0.0,0.006450287952385293,1.804816450895247,1.8300437731544927
2016-06-21,0.0029370059103646096,0.0,0.0029370059103646096,1.8101172074786496,1.8354186225324733
2016-06-22,-0.001864867198552311,0.0,-0.001864867198552311,1.8067415792728876,1.8319958105477006
2016-06-23,0.013353383293326181,0.0,0.013353383293326181,1.830867692092908,1.8564591527977117
2016-06-24,-0.03760038750966391,0.0,-0.03760038750966391,1.7620263573912907,1.7866555692566555
2016-06-27,-0.018574085287433904,0.0,-0.018574085287433904,1.7292983295503983,1.7534700763340136
2016-06-28,0.019107254748724142,0.0,0.019107254748724142,1.7623404732696608,1.7869740757767922
2016-06-29,0.017159078952535413,0.0,0.017159078952535413,1.7925806125917434,1.81763690502918
2016-06-30,0.012997636973656591,0.0,0.012997636973656591,1.815879924640226,1.84126188967067
2016-07-01,0.0029775784345423607,0.0,0.0029775784345423607,1.821286849543553,1.846744391365698
2016-07-05,-0.006877075032051715,0.0,-0.006877075032051715,1.808761723224353,1.8340441916212555
2016-07-06,0.006691825635017589,0.0,0.006691825635017589,1.8208656412914643,1.8463172955585019
2016-07-07,0.00045289344718462126,0.0,0.00045289344718462126,1.8216902994086088,1.8471534805630838
2016-07-08,0.015008825554630434,0.0,0.015008825554630434,1.849031731326995,1.8748770849254834
2016-07-11,0.0041782177437842405,0.0,0.0041782177437842405,1.8567573885156459,1.8827107296291339
2016-07-12,0.0065933945214653004,0.0,0.0065933945214653004,1.8689997225087753,1.8951241842393747
2016-07-13,-0.0008169668057671498,0.0,-0.0008169668057671498,1.8674728117754977,1.8935759306880446
2016-07-14,0.0059644057618955405,0.0,0.0059644057618955405,1.8786111773742347,1.904869985879627
2016-07-15,-0.0014094160851805702,0.0,-0.0014094160851805702,1.8759634325630434,1.9021852314813505
2016-07-18,0.0038646813187624527,0.0,0.0038646813187624527,1.8832134333955513,1.9095365712102823
2016-07-19,-0.001802507979671186,0.0,-0.001802507979671186,1.8798189261544318,1.9060946163032018
2016-07-20,0.00640852228780977,0.0,0.00640852228780977,1.8918657876397393,1.9183098661344553
2016-07-21,-0.0033322471796543573,0.0,-0.0033322471796543573,1.8855616232045922,1.9119175834933255
2016-07-22,0.004382943724213306,0.0,0.004382943724213306,1.8938259336876342,1.9202974106671107
2016-07-25,-0.0018759586939960603,0.0,-0.0018759586939960603,1.8902731944624178,1.9166950120445116
2016-07-26,0.0006669506938768445,0.0,0.0006669506938768445,1.8915339134810811,1.917973353112745
2016-07-27,0.0013481172297230334,0.0,0.0013481172297230334,1.8940839229404502,1.9205590060362256
2016-07-28,0.0018563874884522267,0.0,0.0018563874884522267,1.8976000766370755,1.9241243077458656
2016-07-29,0.0017855875051330568,0.0,0.0017855875051330568,1.9009884076236583,1.9275600000680997
2016-08-01,0.0010069668354159567,0.0,0.0010069668354159567,1.9029026399046456,1.9295009890614427
2016-08-02,-0.006771659791823081,0.0,-0.006771659791823081,1.8900168306102494,1.9164350647955326
2016-08-03,0.003039507056867996,0.0,0.003039507056867996,1.8957615501044887,1.922260082699008
2016-08-04,0.0016031070788347754,0.0,0.0016031070788347754,1.8988006588652437,1.925341671444944
2016-08-05,0.008597286983860551,0.0,0.008597286983860551,1.915125193054652,1.9418943863363423
2016-08-08,-0.0007496917663264213,0.0,-0.0007496917663264213,1.9136894394659345,1.9404385641038304
2016-08-09,0.0011113692074638413,0.0,0.0011113692074638413,1.9158162549816056,1.9425951077729506
2016-08-10,-0.002500382408762336,0.0,-0.002500382408762336,1.9110259817192286,1.9377378771381273
2016-08-11,0.004530015495190387,0.0,0.004530015495190387,1.9196829590281281,1.9465158597471803
2016-08-12,-0.00040100413477983654,0.0,-0.00040100413477983654,1.9189131582240915,1.945735298839007
2016-08-15,0.0032960392881543838,0.0,0.0032960392881543838,1.9252379713841548,1.9521485188283294
2016-08-16,-0.005273645230142398,0.0,-0.005273645230142398,1.9150849493394757,1.9418535801034809
2016-08-17,0.0018546612251897575,0.0,0.0018546612251897575,1.91863678313796,1.9454550606434946
2016-08-18,0.001647995865161189,0.0,0.001647995865161189,1.9217986886233176,1.948661162539292
2016-08-19,-0.0010977262100462237,0.0,-0.0010977262100462237,1.9196890798323833,1.9465220661066736
2016-08-22,0.0002004101519066492,0.0,0.0002004101519066492,1.9200738050124861,1.9469121688896316
2016-08-23,0.0019517346959946557,0.0,0.0019517346959946557,1.9238212796765997,1.9507120249197079
2016-08-24,-0.005523257944643456,0.0,-0.005523257944643456,1.9131955185095517,1.9399377392303585
2016-08-25,-0.0009674961952053972,0.0,-0.0009674961952053972,1.9113445091247097,1.9380608568487177
2016-08-26,-0.0008788916970456583,0.0,-0.0008788916970456583,1.9096646443054461,1.936357511253264
2016-08-29,0.0038559118912569797,0.0,0.0038559118912569797,1.9170281429157363,1.9438239352066302
2016-08-30,-0.002130274305543056,0.0,-0.002130274305543056,1.9129443471198802,1.93968305702296
2016-08-31,-0.0023007413362601814,0.0,-0.0023007413362601814,1.9085431569864963,1.9352203480344239
2016-09-01,0.0008050026724590431,0.0,0.0008050026724590431,1.910079539328374,1.936778205586389
2016-09-02,0.004135043523642556,0.0,0.004135043523642556,1.9179778013571158,1.9447868677621307
2016-09-06,0.003981464646178101,0.0,0.003981464646178101,1.9256141621653733,1.9525299679204768
2016-09-07,0.00011510687365952067,0.0,0.00011510687365952067,1.9258358135914548,1.9527547175408109
2016-09-08,-0.0033567472407368014,0.0,-0.0033567472407368014,1.9193712695380698,1.94619981353087
2016-09-09,-0.024430155688097442,0.0,-0.024430155688097442,1.8724807305999935,1.8986538490861646
2016-09-12,0.015518867480957453,0.0,0.015518867480957453,1.9015395109188211,1.9281188065623425
2016-09-13,-0.01278719641692325,0.0,-0.01278719641692325,1.877224151698162,1.903463572667666
2016-09-14,0.001167259943890353,0.0,0.001167259943890353,1.8794153602561428,1.9056854094506954
2016-09-15,0.011662279086181082,0.0,0.011662279086181082,1.9013336267063055,1.9279100445461728
2016-09-16,-0.0028499800551000654,0.0,-0.0028499800551000654,1.8959148637921015,1.922415539371189
2016-09-19,-0.00115945174900316,0.0,-0.00115945174900316,1.8937166419873168,1.9201865913117544
2016-09-20,0.000615024394789076,0.0,0.000615024394789076,1.894881323918957,1.9213675529079581
2016-09-21,0.01079343686719545,0.0,0.01079343686719545,1.9153336058595039,1.9421057122889478
2016-09-22,0.006791067303714104,0.0,0.006791067303714104,1.9283407652859612,1.9552946828920297
2016-09-23,-0.00575626736301189,0.0,-0.00575626736301189,1.91724072027398,1.9440394839238275
2016-09-26,-0.00819764349308424,0.0,-0.00819764349308424,1.90152386435875,1.9281029412981405
2016-09-27,0.007317857412460903,0.0,0.007317857412460903,1.9154389448645188,1.9422125236991066
2016-09-28,0.003977577498830631,0.0,0.003977577498830631,1.9230577517119958,1.9499378245313193
2016-09-29,-0.008515569040004545,0.0,-0.008515569040004545,1.9066818206593765,1.9333329943628066
2016-09-30,0.00750920967189772,0.0,0.00750920967189772,1.9209994942283033,1.9478507971830745
2016-10-03,-0.002112732289894592,0.0,-0.002112732289894592,1.916940936567976,1.943735509907969
2016-10-04,-0.00401754890725915,0.0,-0.00401754890725915,1.909239532602987,1.9359264574341375
2016-10-05,0.004159126565407356,0.0,0.004159126565407356,1.9171803014627617,1.9439782205919267
2016-10-06,0.0003372571936245184,0.0,0.0003372571936245184,1.9178268843109052,1.9446338412310706
2016-10-07,-0.0030516281969630403,0.0,-0.0030516281969630403,1.9119743897138484,1.9386995417684014
2016-10-10,0.005543261068425042,0.0,0.005543261068425042,1.9225729629121746,1.9494462594616595
2016-10-11,-0.01313849842390341,0.0,-0.01313849842390341,1.8973132410691138,1.9238334628542382
2016-10-12,0.0006632607575965065,0.0,0.0006632607575965065,1.8985716544867832,1.9251094660943004
2016-10-13,-0.0033389205838858403,0.0,-0.0033389205838858403,1.892232474509635,1.9186816784717247
2016-10-14,0.0007440811843448135,0.0,0.0007440811843448135,1.893640449090324,1.9201093334074226
2016-10-17,-0.003250919207229774,0.0,-0.003250919207229774,1.8874843769827891,1.9138672130954673
2016-10-18,0.0070801828291470635,0.0,0.0070801828291470635,1.9008481114589861,1.9274177428748935
2016-10-19,0.001840452226825162,0.0,0.001840452226825162,1.9043465315985773,1.93096506315179
2016-10-20,-0.0016630253801053427,0.0,-0.0016630253801053427,1.9011795549840134,1.927753819243672
2016-10-21,0.0014478052500756845,0.0,0.0014478052500756845,1.9039320927250558,1.9305448313440265
2016-10-24,0.006573647581360819,0.0,0.006573647581360819,1.9164478713214732,1.9432355527053
2016-10-25,-0.0032998328415723027,0.0,-0.0032998328415723027,1.9101239136965253,1.9368232002095722
2016-10-26,-0.0034371225734435183,0.0,-0.0034371225734435183,1.9035585836746847,1.9301661014673628
2016-10-27,-0.003205777570671797,0.0,-0.003205777570671797,1.8974561982626807,1.9239784182716078
2016-10-28,-0.003955870954967244,0.0,-0.003955870954967244,1.8899501063996509,1.9163674079287834
2016-10-31,-0.0002415088943111261,0.0,-0.0002415088943111261,1.8894936666391513,1.9159045881550008
2016-11-01,-0.007312233342694263,0.0,-0.007312233342694263,1.8756772480491428,1.901895046744073
2016-11-02,-0.006622681357684635,0.0,-0.006622681357684635,1.8632552353054546,1.8892994018737284
2016-11-03,-0.006146503643424294,0.0,-0.006146503643424294,1.8518027302130202,1.877686816216592
2016-11-04,-0.0018232583164301984,0.0,-0.0018232583164301984,1.8484264154847712,1.8742633081132738
2016-11-07,0.022530781775482598,0.0,0.022530781775482598,1.890072907680096,1.9164919256981678
2016-11-08,0.005124890840253259,0.0,0.005124890840253259,1.8997593250120766,1.9263137376135977
2016-11-09,0.008970124536037105,0.0,0.008970124536037105,1.9168004027459329,1.943593011735471
2016-11-10,-0.0030625269085512215,0.0,-0.0030625269085512215,1.9109301499342015,1.937640705837759
2016-11-11,-0.001473326269962505,0.0,-0.001473326269962505,1.90811472634424,1.9347859288840994
2016-11-14,-0.0024764896148424475,0.0,-0.0024764896148424475,1.9033893000405204,1.9299944516242746
2016-11-15,0.00960078710493204,0.0,0.00960078710493204,1.9216633354880148,1.9485239174680191
2016-11-16,0.0004846182041027937,0.0,0.0004846182041027937,1.9225946085225492,1.9494682076295538
2016-11-17,0.005778443390568788,0.0,0.005778443390568788,1.9337042126309094,1.9607330993090546
2016-11-18,-0.0026847952758200177,0.0,-0.0026847952758200177,1.9285126126960048,1.9554689323468857
2016-11-21,0.008390151976019689,0.0,0.008390151976019689,1.9446931266041951,1.971875613873661
2016-11-22,0.0022791981090015457,0.0,0.0022791981090015457,1.9491254675009397,1.9763699090439881
2016-11-23,-0.0008247751611893729,0.0,-0.0008247751611893729,1.9475178772293034,1.9747398482336864
2016-11-25,0.0035602240222479373,0.0,0.0035602240222479373,1.9544514771595722,1.981770364479058
2016-11-28,-0.003972032210507792,0.0,-0.003972032210507792,1.94668833293842,1.9738987087575175
2016-11-29,0.0024020987748885054,0.0,0.0024020987748885054,1.951364470598061,1.978640208427578
2016-11-30,-0.005293787688029027,0.0,-0.005293787688029027,1.9410343613887517,1.9681657072531649
2016-12-01,-0.00775154640714325,0.0,-0.00775154640714325,1.9259883434585872,1.952909379436444
2016-12-02,0.0009477234928190414,0.0,0.0009477234928190414,1.9278136478585783,1.9547601975346827
2016-12-05,0.0065308173828024785,0.0,0.0065308173828024785,1.940403846740817,1.9675263794119526
2016-12-06,0.002936576680556735,0.0,0.002936576680556735,1.9461019914280184,1.973304171496114
2016-12-07,0.012972394824036547,0.0,0.012972394824036547,1.9713475948286665,1.99890265231668
2016-12-08,0.002246119335026686,0.0,0.002246119335026686,1.9757754767774696,2.003392426212885
2016-12-09,0.006572982627588542,0.0,0.006572982627588542,1.9887622146623432,2.0165606898266244
2016-12-12,-0.0021593180706677814,0.0,-0.0021593180706677814,1.9844678444739614,2.0122062938884833
2016-12-13,0.008438099593695701,0.0,0.008438099593695701,2.0012129817861193,2.0291854909993754
2016-12-14,-0.006406592978150194,0.0,-0.006406592978150194,1.9883920247492255,2.0161853254813744
2016-12-15,0.003353679348971128,0.0,0.003353679348971128,1.9950604540202856,2.0229469645711395
2016-12-16,-0.002469570599296688,0.0,-0.002469570599296688,1.9901335113792178,2.0179511542234985
2016-12-19,0.002751420524128267,0.0,0.002751420524128267,1.9956092055681822,2.0235033864459173
2016-12-20,0.003846652760762326,0.0,0.003846652760762326,2.003285621228184,2.0312871013338016
2016-12-21,-0.0021725837760056097,0.0,-0.0021725837760056097,1.9989333153887983,2.0268739599330345
2016-12-22,-0.0020563401133366407,0.0,-0.0020563401133366407,1.9948228286284793,2.0227060177045466
2016-12-23,0.0012257124131074713,0.0,0.0012257124131074713,1.9972679077314792,2.025185273578514
2016-12-27,0.0032811350656116955,0.0,0.0032811350656116955,2.003821213498958,2.031830179994013
2016-12-28,-0.00810399978015911,0.0,-0.00810399978015911,1.9875822468252842,2.015364228662021
2016-12-29,-0.0005812003243994779,0.0,-0.0005812003243994779,1.9864270633786587,2.0141928983185395
2016-12-30,-0.005627618070082751,0.0,-0.005627618070082751,1.9752482105418876,2.00285778996733
2017-01-03,0.00803024553102518,0.0,0.00803024553102518,1.9911099386572573,2.018941229784494
2017-01-04,0.005789139268807842,0.0,0.005789139268807842,2.0026367513916514,2.0306291617392547
2017-01-05,0.001143187879516172,0.0,0.001143187879516172,2.0049261414529163,2.0329505523847473
2017-01-06,0.005131632866569502,0.0,0.005131632866569502,2.0152146863354408,2.0433829082554755
2017-01-09,-0.0013287208892835854,0.0,-0.0013287208892835854,2.012537028485316,2.0406678227004713
2017-01-10,0.0006618921374608399,0.0,0.0006618921374608399,2.013869110920819,2.042018524687486
2017-01-11,0.0027864595284145532,0.0,0.0027864595284145532,2.019480675693924,2.0477085266628006
2017-01-12,-0.002218190701675926,0.0,-0.002218190701675926,2.0150010824368856,2.0431663186492144
2017-01-13,0.0026322096321061746,0.0,0.0026322096321061746,2.02030498769478,2.0485443607131577
2017-01-17,-0.0033686466787143706,0.0,-0.0033686466787143706,2.013499294007992,2.0416435385562424
2017-01-18,0.0021565722281976507,0.0,0.0021565722281976507,2.017841550666945,2.0460464903113715
2017-01-19,-0.0027373175405089986,0.0,-0.0027373175405089986,2.0123180775963365,2.0404458113647452
2017-01-20,0.0032327960196644407,0.0,0.0032327960196644407,2.018823491467889,2.047042156462066
2017-01-23,-0.0015777968566225596,0.0,-0.0015777968566225596,2.015638198108975,2.0438123397822268
2017-01-24,0.006499940196631759,0.0,0.006499940196631759,2.02873972585473,2.0570969977639493
2017-01-25,0.009058734008354708,0.0,0.009058734008354708,2.0471175394034304,2.075731692296078
2017-01-26,-0.0004206559149649957,0.0,-0.0004206559149649957,2.046256407301852,2.0748585234818333
2017-01-27,-0.0005250598116820605,0.0,-0.0005250598116820605,2.045182000297981,2.073769098656227
2017-01-30,-0.006689169798584737,0.0,-0.006689169798584737,2.0315014306289787,2.0598973050322575
2017-01-31,-0.0006566780909742945,0.0,-0.0006566780909742945,2.0301673881477016,2.058544615602386
2017-02-01,0.002348542414636123,0.0,0.002348542414636123,2.0349353223675775,2.063379194944549
2017-02-02,0.00019873419465021858,0.0,0.00019873419465021858,2.035339733600033,2.063789258947114
2017-02-03,0.005678844121519133,0.0,0.005678844121519133,2.0468981106814823,2.07550919644834
2017-02-06,-0.0008915068572686868,0.0,-0.0008915068572686868,2.0450732869796795,2.0736588657673822
2017-02-07,0.0011288479499882433,0.0,0.0011288479499882433,2.0473818637672623,2.0759997113269786
2017-02-08,0.0014174596081097724,0.0,0.0014174596081097724,2.050283944861529,2.078942357064232
2017-02-09,0.005242953975257269,0.0,0.005242953975257269,2.0610334892206468,2.0898421561595324
2017-02-10,0.0037511936912773877,0.0,0.0037511936912773877,2.0687648250429227,2.0976815588714834
2017-02-13,0.005497994796770421,0.0,0.005497994796770421,2.0801388832867502,2.10921460116744
2017-02-14,0.0038065794082196456,0.0,0.0038065794082196456,2.0880570971261063,2.11724349403576
2017-02-15,0.005434388777720388,0.0,0.005434388777720388,2.099404411181968,2.1287494183194497
2017-02-16,-0.0006885086137996988,0.0,-0.0006885086137996988,2.09795895316102,2.1272837560083158
2017-02-17,0.0024169554714503997,0.0,0.0024169554714503997,2.103029626531741,2.1324253061217275
2017-02-21,0.005640551638227009,0.0,0.005640551638227009,2.1148918737369145,2.144453361175569
2017-02-22,-0.0005045814636717382,0.0,-0.0005045814636717382,2.113824738499757,2.1433713097598113
2017-02-23,-0.0006467509474549662,0.0,-0.0006467509474549662,2.112457620347379,2.1419850823344766
2017-02-24,0.0014896832584604504,0.0,0.0014896832584604504,2.1156045130986176,2.1451759616515025
2017-02-27,0.0014649246133579428,0.0,0.0014649246133579428,2.118703714221987,2.1483184827177095
2017-02-28,-0.0028107566990474564,0.0,-0.0028107566990474564,2.1127485535639408,2.1422800821507235
2017-03-01,0.013032606544384583,0.0,0.013032606544384583,2.1402831741897574,2.170199575569266
2017-03-02,-0.005918088266072584,0.0,-0.005918088266072584,2.1276167894505127,2.1573561429260537
2017-03-03,0.000992099292781956,0.0,0.000992099292781956,2.1297275965626374,2.1594964544297293
2017-03-06,-0.002745230400373777,0.0,-0.002745230400373777,2.123881003620039,2.1535681391135295
2017-03-07,-0.002597159304737495,0.0,-0.002597159304737495,2.118364946309332,2.147974979582645
2017-03-08,-0.0007675652585217739,0.0,-0.0007675652585217739,2.1167389629716746,2.1463262686121434
2017-03-09,0.0011169060696725741,0.0,0.0011169060696725741,2.11910316156733,2.148723513449054
2017-03-10,0.0037182696916158936,0.0,0.0037182696916158936,2.126982558626393,2.1567130469647737
2017-03-13,0.0008560842814881898,0.0,0.0008560842814881898,2.1288034349618328,2.1585593751039607
2017-03-14,-0.0034103852293850597,0.0,-0.0034103852293850597,2.1215433951709746,2.1511978560943557
2017-03-15,0.007894443295483944,0.0,0.007894443295483944,2.1382917992030603,2.168180365586659
2017-03-16,-0.001578535564069505,0.0,-0.001578535564069505,2.13491642955166,2.1647578157702636
2017-03-17,-0.0013307007943041515,0.0,-0.0013307007943041515,2.1320754945630824,2.161877170825342
2017-03-20,-0.0004944917147134853,0.0,-0.0004944917147134853,2.1310212008958773,2.1608081404761403
2017-03-21,-0.013485713609909565,0.0,-0.013485713609909565,2.10228285928395,2.131668100727718
2017-03-22,0.003680304367443088,0.0,0.003680304367443088,2.1100199000725737,2.1395132881487657
2017-03-23,-0.0015050389546590105,0.0,-0.0015050389546590105,2.106844237927859,2.136293237306091
2017-03-24,0.00011643168853754378,0.0,0.00011643168853754378,2.1070895413599664,2.136541969534922
2017-03-27,-0.0001751656025085098,0.0,-0.0001751656025085098,2.1067204517509146,2.1361677208735435
2017-03-28,0.006937137689766693,0.0,0.006937137689766693,2.121335061598558,2.150986610481678
2017-03-29,0.0020459524601050827,0.0,0.0020459524601050827,2.1256752122865428,2.155387426829046
2017-03-30,0.002729001913282336,0.0,0.002729001913282336,2.1314761840078895,2.1612694832407273
2017-03-31,-0.0018337473877578447,0.0,-0.0018337473877578447,2.1275675951233968,2.157306260971594
2017-04-03,-0.0013978113860193095,0.0,-0.0013978113860193095,2.1245936569144073,2.154290753716877
2017-04-04,0.0009281752827535739,0.0,0.0009281752827535739,2.1265656522326504,2.1562903131463416
2017-04-05,-0.0032864395750352602,0.0,-0.0032864395750352602,2.1195768227142424,2.149203795325952
2017-04-06,0.0021258878557544264,0.0,0.0021258878557544264,2.124082805340989,2.153772761573977
2017-04-07,-0.0008722125661642431,0.0,-0.0008722125661642431,2.1222301536265973,2.1518942139066697
2017-04-10,0.000530438276786438,0.0,0.000530438276786438,2.123355865732231,2.1530356609653207
2017-04-11,-0.002128128900867354,0.0,-0.002128128900867354,2.11883709074754,2.1484537235506225
2017-04-12,-0.00428000336338864,0.0,-0.00428000336338864,2.109768460872668,2.139258334387741
2017-04-13,-0.005744532487646825,0.0,-0.005744532487646825,2.097648827407772,2.1269692953863815
2017-04-17,0.008670391532920995,0.0,0.008670391532920995,2.1158362640399697,2.145410951955882
2017-04-18,-0.0025417498606984494,0.0,-0.0025417498606984494,2.110458337510585,2.139957853967607
2017-04-19,-0.0007944786284983961,0.0,-0.0007944786284983961,2.108781623465097,2.138257703186743
2017-04-20,0.008190939927771156,0.0,0.008190939927771156,2.1260545270636872,2.155772043583639
2017-04-21,-0.002299159432932307,0.0,-0.002299159432932307,2.1211663887428602,2.150815579954382
2017-04-24,0.011316370233241368,0.0,0.011316370233241368,2.145170292924182,2.1751550053605695
2017-04-25,0.006232628820837149,0.0,0.006232628820837149,2.158540343117465,2.188711939136768
2017-04-26,-0.0008619987881535395,0.0,-0.0008619987881535395,2.1566796839575173,2.186825272097615
2017-04-27,0.002386441162456709,0.0,0.002386441162456709,2.161826473129548,2.1920440019420493
2017-04-28,-0.0009898285040804812,0.0,-0.0009898285040804812,2.159686635665569,2.189874254306728
2017-05-01,0.004427888781689626,0.0,0.004427888781689626,2.169249487891597,2.1995707739506836
2017-05-02,0.00076682457131505,0.0,0.00076682457131505,2.170912921700225,2.2012574588664955
2017-05-03,-0.001810930427195545,0.0,-0.001810930427195545,2.166981549435526,2.197271134756143
2017-05-04,0.0009314648653327873,0.0,0.0009314648653327873,2.169000016612649,2.199317815617778
2017-05-05,0.0038469249375742806,0.0,0.0038469249375742806,2.1773439968661554,2.2077784261683293
2017-05-08,0.0005375339453388196,0.0,0.0005375339453388196,2.178514393175151,2.2089651820161817
2017-05-09,0.0004031141578493602,0.0,0.0004031141578493602,2.1793925831701184,2.2098556471552486
2017-05-10,0.0014307240067386595,0.0,0.0014307240067386595,2.182510692458968,2.2130173406810605
2017-05-11,-0.001666576691996291,0.0,-0.001666576691996291,2.1788733710088835,2.209329177562098
2017-05-12,-0.00049777916396041,0.0,-0.00049777916396041,2.177788773243887,2.2082294195311776
2017-05-15,0.004813383394890147,0.0,0.004813383394890147,2.1882713055625977,2.218858474351257
2017-05-16,0.0006119019306374263,0.0,0.0006119019306374263,2.18961031299923,2.2202161981355237
2017-05-17,-0.02009075363319259,0.0,-0.02009075363319259,2.145619391648065,2.1756103814863597
2017-05-18,0.005445747108860466,0.0,0.005445747108860466,2.1573038922468473,2.187458205431346
2017-05-19,0.005813058003104298,0.0,0.005813058003104298,2.169844424902801,2.200174026858885
2017-05-22,0.006070192000881924,0.0,0.006070192000881924,2.183015797174004,2.213529505637272
2017-05-23,0.0018521574909132086,0.0,0.0018521574909132086,2.1870590862355215,2.2176293108924954
2017-05-24,0.003010539497617715,0.0,0.003010539497617715,2.193643313998257,2.224305571524012
2017-05-25,0.005890439890660293,0.0,0.005890439890660293,2.2065648380809124,2.237407709791535
2017-05-26,0.0003876411860273655,0.0,0.0003876411860273655,2.2074201934917923,2.2382750211697853
2017-05-30,-0.00035240112362761044,0.0,-0.00035240112362761044,2.2066422961352874,2.237486250537337
2017-05-31,-0.0002742160806049167,0.0,-0.0002742160806049167,2.206037199333544,2.2368726958273073
2017-06-01,0.006724433541364672,0.0,0.006724433541364672,2.220871549870241,2.2519143976108915
2017-06-02,0.0057475243204202055,0.0,0.0057475243204202055,2.2336360631156493,2.2648573303786645
2017-06-05,-0.0005788496068503512,0.0,-0.0005788496068503512,2.232343123758668,2.2635463186034026
2017-06-06,-0.0034320532744172346,0.0,-0.0034320532744172346,2.2246816032311494,2.255777707048845
2017-06-07,0.002469956151123931,0.0,0.002469956151123931,2.2301764692413424,2.2613493790719383
2017-06-08,0.0006593747884965584,0.0,0.0006593747884965584,2.2316469913790584,2.262840455840481
2017-06-09,-0.00855231400807418,0.0,-0.00855231400807418,2.212561245553611,2.2434879337119593
2017-06-12,-0.0017424813364036447,0.0,-0.0017424813364036447,2.2087058988775836,2.2395786978590193
2017-06-13,0.005849155352718482,0.0,0.005849155352718482,2.2216249628085842,2.2526783415874356
2017-06-14,-0.002178619898983502,0.0,-0.002178619898983502,2.216784886456531,2.247770611726444
2017-06-15,-0.0026405642943360336,0.0,-0.0026405642943360336,2.21093132343713,2.2418352289072616
2017-06-16,-0.0011490360371950615,0.0,-0.0011490360371950615,2.208390883670737,2.2392592794397936
2017-06-19,0.01081148063014985,0.0,0.01081148063014985,2.2322668589333428,2.2634689877653402
2017-06-20,-0.007078078163635326,0.0,-0.007078078163635326,2.21646669962372,2.2474479773489726
2017-06-21,0.002795293591787507,0.0,0.002795293591787507,2.2226623747855885,2.2537302542779316
2017-06-22,-0.000401283959522114,0.0,-0.000401283959522114,2.2217704560271536,2.2528258684778004
2017-06-23,0.0019890923059424303,0.0,0.0019890923059424303,2.2261897625468077,2.257306947079418
2017-06-26,-0.0009181710974257799,0.0,-0.0009181710974257799,2.224145739449452,2.255234353082591
2017-06-27,-0.011102369137266121,0.0,-0.011102369137266121,2.1994524524350063,2.2301959088036245
2017-06-28,0.010564896176339444,0.0,0.010564896176339444,2.2226894392397774,2.2537576970330315
2017-06-29,-0.011370572231373955,0.0,-0.011370572231373955,2.1974161884229892,2.2281311823469023
2017-06-30,0.0014216936919002718,0.0,0.0014216936919002718,2.2005402411565496,2.231298902393571
2017-07-03,-0.001944065653107418,0.0,-0.001944065653107418,2.1962622464554364,2.2269611108356115
2017-07-05,0.004563002765277501,0.0,0.004563002765277501,2.206283797159287,2.2371227405425196
2017-07-06,-0.00912316821564475,0.0,-0.00912316821564475,2.1861554989463516,2.216713093461506
2017-07-07,0.007760607070407643,0.0,0.007760607070407643,2.203121392768485,2.2339161327676886
2017-07-10,0.002710368080719305,0.0,0.002710368080719305,2.2090926626693945,2.239970867748946
2017-07-11,0.0003259088426161072,0.0,0.0003259088426161072,2.209812625502317,2.240700894061948
2017-07-12,0.008802402559556843,0.0,0.008802402559556843,2.2292642858131795,2.26042444534704
2017-07-13,0.0018366228468975397,0.0,0.0018366228468975397,2.2333586035322766,2.26457599252705
2017-07-14,0.005621893924812293,0.0,0.005621893924812293,2.245914308697402,2.2773071985417137
2017-07-17,6.23604651920906e-05,0.0,6.23604651920906e-05,2.246054364958474,2.2774492124780004
2017-07-18,0.002379974072635793,0.0,0.002379974072635793,2.2513999161128058,2.282869482555443
2017-07-19,0.005543813257116015,0.0,0.005543813257116015,2.263881256814822,2.2955252846570993
2017-07-20,0.0007092098037528082,0.0,0.0007092098037528082,2.2654868235966874,2.2971532936937407
2017-07-21,-0.0007412823758309981,0.0,-0.0007412823758309981,2.263807458141678,2.2954504544425434
2017-07-24,0.001204076425950784,0.0,0.001204076425950784,2.266533255334918,2.298214352221676
2017-07-25,0.0009381975251547489,0.0,0.0009381975251547489,2.2686597112257543,2.3003705312392055
2017-07-26,0.0010055340249153664,0.0,0.0010055340249153664,2.270940925756346,2.302683632078279
2017-07-27,-0.002505525420710719,0.0,-0.002505525420710719,2.2652510255379315,2.2969141997022526
2017-07-28,-0.001060531198623471,0.0,-0.001060531198623471,2.2628486561526344,2.294478250532907
2017-07-31,-0.0016597474221160206,0.0,-0.0016597474221160206,2.2590928989289463,2.290669996171484
2017-08-01,0.002253650648578365,0.0,0.002253650648578365,2.2641841051058162,2.295832366094035
2017-08-02,0.0011620632324499504,0.0,0.0011620632324499504,2.2668152302058577,2.2985002684745415
2017-08-03,-0.0025243575615691905,0.0,-0.0025243575615691905,2.2610929780388074,2.292698031941549
2017-08-04,0.00182055982160233,0.0,0.00182055982160233,2.265209433067532,2.2968720258615685
2017-08-07,0.0031991523303961152,0.0,0.0031991523303961152,2.272456183104165,2.304220069355725
2017-08-08,-0.002242610968553682,0.0,-0.002242610968553682,2.2673599479423783,2.2990526001542264
2017-08-09,-0.0003987023450769851,0.0,-0.0003987023450769851,2.266455946214,2.2981359624910898
2017-08-10,-0.01636787735719064,0.0,-0.01636787735719064,2.2293588732508938,2.260520354906886
2017-08-11,0.0033071205615541775,0.0,0.0033071205615541775,2.2367316318197052,2.267996168252411
2017-08-14,0.01077486635776832,0.0,0.01077486635776832,2.2608321162307554,2.292433523865261
2017-08-15,0.00012667576929263928,0.0,0.00012667576929263928,2.2611185088783206,2.2927239196454487
2017-08-16,0.0017437427611445176,0.0,0.0017437427611445176,2.2650613179102668,2.296721840383633
2017-08-17,-0.017092308996254378,0.0,-0.017092308996254378,2.2263461899690813,2.25746556100935
2017-08-18,-0.0013067230171743159,0.0,-0.0013067230171743159,2.2234369721584506,2.254515678800301
2017-08-21,0.00016575692083871106,0.0,0.00016575692083871106,2.2238055222246342,2.254889380377201
2017-08-22,0.011862307076213918,0.0,0.011862307076213918,2.250184986207043,2.2816375706301293
2017-08-23,-0.0035732777894385446,0.0,-0.0035732777894385446,2.2421444501737016,2.273484645775448
2017-08-24,-0.002505832248757111,0.0,-0.002505832248757111,2.2365260123040844,2.2677876746330097
2017-08-25,0.0010132003958999158,0.0,0.0010132003958999158,2.2387920613451913,2.2700853980027644
2017-08-28,0.0009626571405359939,0.0,0.0009626571405359939,2.2409472505092203,2.272270711920778
2017-08-29,0.0020456595832251782,0.0,0.0020456595832251782,2.2455314657277268,2.2769190042783007
2017-08-30,0.0068387795039008496,0.0,0.0068387795039008496,2.26088816029091,2.292490351296802
2017-08-31,0.007412803352771124,0.0,0.007412803352771124,2.277647679625755,2.30948413145909
2017-09-01,0.0005811178471143764,0.0,0.0005811178471143764,2.2789712613418245,2.3108262139055085
2017-09-05,-0.007732553617758797,0.0,-0.007732553617758797,2.2613489938701674,2.2929576263051614
2017-09-06,0.003301046388260875,0.0,0.003301046388260875,2.26881381179898,2.300526785795911
2017-09-07,0.0006189519531412445,0.0,0.0006189519531412445,2.2702180985391065,2.301950701343233
2017-09-08,-0.00342338861676924,0.0,-0.00342338861676924,2.262446259742984,2.2940702295158903
2017-09-11,0.010891328917003795,0.0,0.010891328917003795,2.28708730611489,2.3190557029442544
2017-09-12,0.0030776030459034208,0.0,0.0030776030459034208,2.2941260529744363,2.3261928358392554
2017-09-13,0.0007494215126836901,0.0,0.0007494215126836901,2.2958453203913436,2.327936134793084
2017-09-14,-0.001986903916621307,0.0,-0.001986903916621307,2.2912836963323016,2.3233107493692193
2017-09-15,0.0019738396570630145,0.0,0.0019738396570630145,2.295806322957704,2.327896592262005
2017-09-18,0.0010961315064478949,0.0,0.0010961315064478949,2.2983228286010005,2.3304482730605365
2017-09-19,0.00121611847523011,0.0,0.00121611847523011,2.3011178614549053,2.333282374260974
2017-09-20,-0.0006740638533216936,0.0,-0.0006740638533216936,2.2995667610822657,2.3317095929528917
2017-09-21,-0.0037147257343562393,0.0,-0.0037147257343562393,2.291024501257003,2.323047931322904
2017-09-22,-0.0001467242834859218,0.0,-0.0001467242834859218,2.2906883523286075,2.3227070837796773
2017-09-25,-0.004599576649539771,0.0,-0.004599576649539771,2.280152155671864,2.3120236145134037
2017-09-26,0.0012050513101491851,0.0,0.0012050513101491851,2.282899856014396,2.3148097215991688
2017-09-27,0.005421751456956602,0.0,0.005421751456956602,2.2952771716348277,2.327360044579826
2017-09-28,0.0007397596783402238,0.0,0.0007397596783402238,2.296975125137018,2.3290817316977863
2017-09-29,0.004617982156807298,0.0,0.004617982156807298,2.3075825152795306,2.3398373895765125
2017-10-02,0.003303038471159536,0.0,0.003303038471159536,2.315204549102874,2.347565962490541
2017-10-03,0.0021367678535260115,0.0,0.0021367678535260115,2.320151603757734,2.3525821659732227
2017-10-04,0.001120807407669477,0.0,0.001120807407669477,2.3227520468621417,2.355218957491996
2017-10-05,0.007073857875984224,0.0,0.007073857875984224,2.3391828647227957,2.371879441664118
2017-10-06,-0.00038408646886721725,0.0,-0.00038408646886721725,2.3382844162362497,2.3709684348647904
2017-10-09,-0.0014982802586111068,0.0,-0.0014982802586111068,2.334781010856385,2.367416059665042
2017-10-10,0.0020730017610491756,0.0,0.0020730017610491756,2.339621016003554,2.372323717325864
2017-10-11,0.0019951277476375376,0.0,0.0019951277476375376,2.344288858811539,2.377056806200679
2017-10-12,-0.0015902368134572465,0.0,-0.0015902368134572465,2.3405608843668793,2.3732767229597798
2017-10-13,0.002010346824731013,0.0,0.002010346824731013,2.345266223508856,2.3780478322839897
2017-10-16,0.001964140557790639,0.0,0.001964140557790639,2.3498726560172662,2.3827186524797446
2017-10-17,0.0008769223629520818,0.0,0.0008769223629520818,2.3519333118994177,2.3848081117507274
2017-10-18,0.00032402480608817474,0.0,0.00032402480608817474,2.3526953966347386,2.385580848736695
2017-10-19,-0.0009038111844672627,0.0,-0.0009038111844672627,2.3505690042216156,2.383424734084156
2017-10-20,0.004419013109672821,0.0,0.004419013109672821,2.3609561994664614,2.3939571192299924
2017-10-23,-0.004668651087254038,0.0,-0.004668651087254038,2.349933718738863,2.3827805687224597
2017-10-24,0.001738033749135859,0.0,0.001738033749135859,2.3540179828502636,2.3869219217676845
2017-10-25,-0.0046050141416067334,0.0,-0.0046050141416067334,2.3431776967496414,2.375930112563033
2017-10-26,-4.9276943175224994e-05,0.0,-4.9276943175224994e-05,2.3430622321154293,2.3758130339898877
2017-10-27,0.014388050783538485,0.0,0.014388050783538485,2.3767743305000972,2.409996352575127
2017-10-30,-0.0019287051004713614,0.0,-0.0019287051004713614,2.3721902337261924,2.4053481803177976
2017-10-31,0.0022182448818548026,0.0,0.0022182448818548026,2.377452332570942,2.4106838316078663
2017-11-01,0.000837468611969028,0.0,0.000837468611969028,2.3794433742759225,2.412702703650219
2017-11-02,-0.00030030039793316204,0.0,-0.00030030039793316204,2.378728826483768,2.4119781680682184
2017-11-03,0.005214359789309619,0.0,0.005214359789309619,2.391132374426256,2.4245550900404855
2017-11-06,0.002103144052809935,0.0,0.002103144052809935,2.396161270259012,2.429654278658814
2017-11-07,-0.0003106500078171814,0.0,-0.0003106500078171814,2.3954169027416747,2.428899506538156
2017-11-08,0.0024015951656505274,0.0,0.0024015951656505274,2.4011697243950163,2.4347327398509084
2017-11-09,-0.004098645066904915,0.0,-0.004098645066904915,2.3913281819493233,2.4247536345174865
2017-11-10,-0.00023298074420680104,0.0,-0.00023298074420680104,2.3907710485298503,2.4241887136111986
2017-11-13,0.0010356256396327093,0.0,0.0010356256396327093,2.3932469923261994,2.4266992655983226
2017-11-14,-0.002714507649772457,0.0,-0.002714507649772457,2.386750505057735,2.4201119718781587
2017-11-15,-0.004915220016435595,0.0,-0.004915220016435595,2.3750191012010373,2.4082165890719676
2017-11-16,0.009760206083990863,0.0,0.009760206083990863,2.398199777082174,2.431721279276195
2017-11-17,-0.0032035647232228175,0.0,-0.0032035647232228175,2.390516988877073,2.4239311027691954
2017-11-20,0.0009605573780946618,0.0,0.0009605573780946618,2.3928132176081993,2.4262594276739535
2017-11-21,0.007820740558242289,0.0,0.007820740558242289,2.411526788987446,2.4452345731847807
2017-11-22,-0.0002527351490620666,0.0,-0.0002527351490620666,2.410917311404964,2.444616576460435
2017-11-24,0.0027139287195952154,0.0,0.0027139287195952154,2.4174603691369554,2.4512510915956893
2017-11-27,-0.00048367046370783034,0.0,-0.00048367046370783034,2.4162911149592197,2.450065493843553
2017-11-28,0.00785798247149607,0.0,0.00785798247149607,2.435278288186601,2.4693180655481934
2017-11-29,-0.005661439280624425,0.0,-0.005661439280624425,2.4214911080266095,2.4553381712555433
2017-11-30,0.008625078142755371,0.0,0.008625078142755371,2.442376658055326,2.476515654849512
2017-12-01,-0.0027260576895318466,0.0,-0.0027260576895318466,2.4357185983859013,2.4697645303053637
2017-12-04,-0.004230499725749516,0.0,-0.004230499725749516,2.4254142915234267,2.459316192137241
2017-12-05,-0.002320947538926943,0.0,-0.002320947538926943,2.419785032192637,2.4536082482736568
2017-12-06,0.0014968079361122096,0.0,0.0014968079361122096,2.4234069856325084,2.457280828571783
2017-12-07,0.0032234920422271273,0.0,0.0032234920422271273,2.4312188187657724,2.4652018537682014
2017-12-08,0.005144231101700269,0.0,0.005144231101700269,2.443725570228306,2.477883421816325
2017-12-11,0.0044352393844702565,0.0,0.0044352393844702565,2.4545640781222198,2.4888734279588904
2017-12-12,0.0008351877800938047,0.0,0.0008351877800938047,2.4566141000457247,2.490952104632122
2017-12-13,0.0005025883765855665,0.0,0.0005025883765855665,2.4578487657381642,2.492204028206542
2017-12-14,-0.0030657951917475446,0.0,-0.0030657951917475446,2.4503135048101217,2.4845634410800126
2017-12-15,0.009214776183540562,0.0,0.009214776183540562,2.472892595336454,2.5074581371033724
2017-12-18,0.006948939679619559,0.0,0.006948939679619559,2.4900765768156248,2.524882312447275
2017-12-19,-0.004464595652702974,0.0,-0.004464595652702974,2.4789593917558763,2.513609733851536
2017-12-20,-0.0006722149497566674,0.0,-0.0006722149497566674,2.4772929981928984,2.5119200478105874
2017-12-21,0.0014817067560951025,0.0,0.0014817067560951025,2.4809636199651477,2.515641976716199
2017-12-22,-0.0005256524299906973,0.0,-0.0005256524299906973,2.4796594954095945,2.5143196233981517
2017-12-26,-0.0024568391581820666,0.0,-0.0024568391581820666,2.4735673708623143,2.5081423444912017
2017-12-27,0.00037897449468347053,0.0,0.00037897449468347053,2.474504789806752,2.5090928664687993
2017-12-28,0.0018064045876703626,0.0,0.0018064045876703626,2.4789747466112715,2.5136253033336797
2017-12-29,-0.0044833801953958466,0.0,-0.0044833801953958466,2.467860560327428,2.5023557654300674
2018-01-02,0.010240083060751592,0.0,0.010240083060751592,2.4931316574475337,2.527980096315622
2018-01-03,0.007337516588680914,0.0,0.007337516588680914,2.5114250523418202,2.546529192208193
2018-01-04,0.0034742008272610203,0.0,0.0034742008272610203,2.5201502473362702,2.555376346034407
2018-01-05,0.007662508295126224,0.0,0.007662508295126224,2.539460919511449,2.5749569384830653
2018-01-08,0.00244771230937697,0.0,0.00244771230937697,2.5456767892633185,2.5812596922775057
2018-01-09,0.0016033465971059479,0.0,0.0016033465971059479,2.5497583914807156,2.5853983462213654
2018-01-10,-0.0017657641995630908,0.0,-0.0017657641995630908,2.5452561193955034,2.580833142379998
2018-01-11,0.007150008956613062,0.0,0.007150008956613062,2.563454723446055,2.5992861224635386
2018-01-12,0.006765679425779558,0.0,0.006765679425779558,2.5807982363273916,2.6168720591040047
2018-01-16,-0.003200525520244935,0.0,-0.003200525520244935,2.5725383257094228,2.6084966932956264
2018-01-17,0.009885841682845519,0.0,0.009885841682845519,2.597970032320439,2.634283878635773
2018-01-18,-0.0011216569821014821,0.0,-0.0011216569821014821,2.595056001094396,2.6313291157304635
2018-01-19,0.004121402716738753,0.0,0.004121402716738753,2.6057512719473954,2.6421738826966688
2018-01-22,0.008908727526850246,0.0,0.008908727526850246,2.628965200031918,2.6657122898961734
2018-01-23,0.003960953532616518,0.0,0.003960953532616518,2.6393784090281107,2.676271052407777
2018-01-24,-0.0022077811459297325,0.0,-0.0022077811459297325,2.6335512391396843,2.6703624316368737
2018-01-25,0.00021182657158242985,0.0,0.00021182657158242985,2.634109095269758,2.67092808535565
2018-01-26,0.012666996221773006,0.0,0.012666996221773006,2.6674753452272775,2.7047607213214775
2018-01-29,-0.00610653925848017,0.0,-0.00610653925848017,2.6511863023106192,2.6882439937919327
2018-01-30,-0.00966171212251985,0.0,-0.00966171212251985,2.6255713034745263,2.662270954208822
2018-01-31,0.0016019312198224944,0.0,0.0016019312198224944,2.629777288115432,2.666535729165996
2018-02-01,-0.0033431194426964623,0.0,-0.0033431194426964623,2.620985628533572,2.6576211817251765
2018-02-02,-0.0213029046915011,0.0,-0.0213029046915011,2.5651510214911273,2.6010061309847705
2018-02-05,-0.0413659819295023,0.0,-0.0413659819295023,2.459041030689681,2.49341295837193
2018-02-06,0.022298307156684235,0.0,0.022298307156684235,2.513873482902889,2.549011846386164
2018-02-07,-0.0076934350107418885,0.0,-0.0076934350107418885,2.4945331606369483,2.5294011894043806
2018-02-08,-0.03884584607043822,0.0,-0.03884584607043822,2.397630909461242,2.431144460150395
2018-02-09,0.01565960050229669,0.0,0.01565960050229669,2.435176851655363,2.469215211159722
2018-02-12,0.01554426721337525,0.0,0.01554426721337525,2.4730298913493196,2.507597352209319
2018-02-13,0.0033363577537930513,0.0,0.0033363577537930513,2.481280803802685,2.5159635940787535
2018-02-14,0.015196882223483088,0.0,0.015196882223483088,2.518988535941464,2.5541983964965396
2018-02-15,0.014447945096007286,0.0,0.014447945096007286,2.5553827440062182,2.5911013146934314
2018-02-16,-0.0011304754376838199,0.0,-0.0011304754376838199,2.552493946580238,2.58817213830062
2018-02-20,-0.003783205475317064,0.0,-0.003783205475317064,2.542837337505822,2.578380551295938
2018-02-21,-0.004314857394110316,0.0,-0.004314857394110316,2.531865357018065,2.5672552069093486
2018-02-22,0.0008835873604117524,0.0,0.0008835873604117524,2.534102481245791,2.569523601161125
2018-02-23,0.017223992316465098,0.0,0.017223992316465098,2.5777498429119032,2.6137810559244996
2018-02-26,0.012072291219257392,0.0,0.012072291219257392,2.608869189705931,2.6453353820149985
2018-02-27,-0.012447016785396168,0.0,-0.012447016785396168,2.5763965511107583,2.6124088481120555
2018-02-28,-0.008949147362369637,0.0,-0.008949147362369637,2.553339998710967,2.5890300163595423
2018-03-01,-0.01508220638789921,0.0,-0.01508220638789921,2.5148299978719297,2.5499817313083417
2018-03-02,0.006501282583453782,0.0,0.006501282583453782,2.531179618337442,2.566559883126222
2018-03-05,0.011497058155763872,0.0,0.011497058155763872,2.560280737612152,2.5960677713627747
2018-03-06,0.0030491943827634428,0.0,0.0030491943827634428,2.5680875312555766,2.6039836866284873
2018-03-07,0.0005157221636280414,0.0,0.0005157221636280414,2.569411950913582,2.6053266187294075
2018-03-08,0.005033125240106928,0.0,0.005033125240106928,2.582344123055958,2.6184395538928573
2018-03-09,0.017937185491261377,0.0,0.017937185491261377,2.628664108593481,2.665406989868689
2018-03-12,0.0007151221610144144,0.0,0.0007151221610144144,2.6305439245513993,2.667313081475267
2018-03-13,-0.008560453381601652,0.0,-0.008560453381601652,2.6080252759170217,2.644479672187162
2018-03-14,-0.003611030037602857,0.0,-0.003611030037602857,2.5986076183068576,2.634930376657064
2018-03-15,-0.0010198668157888392,0.0,-0.0010198668157888392,2.5959573846296906,2.6322430986039977
2018-03-16,-0.00012873149532932615,0.0,-0.00012873149532932615,2.595623203153756,2.631904246013844
2018-03-19,-0.015928900585022894,0.0,-0.015928900585022894,2.554277779194541,2.5899809049297895
2018-03-20,0.0021775181781296116,0.0,0.0021775181781296116,2.5598397654907292,2.5956206354312825
2018-03-21,-0.002651457150120595,0.0,-0.002651457150120595,2.5530524600413558,2.588738458538468
2018-03-22,-0.02505171774088165,0.0,-0.02505171774088165,2.489094110434736,2.523886113370197
2018-03-23,-0.022803718806513606,0.0,-0.022803718806513606,2.4323335082574333,2.4663321241412386
2018-03-26,0.030072404195216215,0.0,0.030072404195216215,2.5054796246553193,2.5405006606580605
2018-03-27,-0.02146964463629314,0.0,-0.02146964463629314,2.4516878674704965,2.485957014275464
2018-03-28,-0.005528119274822408,0.0,-0.005528119274822408,2.4381346445144847,2.4722143473884675
2018-03-29,0.014390964774678293,0.0,0.014390964774678293,2.4732217542996153,2.507791896977189
2018-04-02,-0.02384243398185528,0.0,-0.02384243398185528,2.4142541279002385,2.448000034233279
2018-04-03,0.012313386094758115,0.0,0.012313386094758115,2.443981771107938,2.4781432038147746
2018-04-04,0.012714123552285673,0.0,0.012714123552285673,2.475054857305338,2.5096506226883326
2018-04-05,0.007244373067622656,0.0,0.007244373067622656,2.492985078054489,2.527831468068478
2018-04-06,-0.02323601596129799,0.0,-0.02323601596129799,2.4350580369895374,2.4690947357289676
2018-04-09,0.005567007311479287,0.0,0.005567007311479287,2.4486140228853346,2.4828402041755058
2018-04-10,0.01769058876124945,0.0,0.01769058876124945,2.491931446599228,2.5267631091874714
2018-04-11,-0.005394545001127503,0.0,-0.005394545001127503,2.4784886102708237,2.513132371887771
2018-04-12,0.009350567318876667,0.0,0.009350567318876667,2.50166388487023,2.5366315853123558
2018-04-13,-0.0035585501639660115,0.0,-0.0035585501639660115,2.4927615884425376,2.527604854568521
2018-04-16,0.008034426073870437,0.0,0.008034426073870437,2.5127894971446634,2.547912708916508
2018-04-17,0.013895637499476443,0.0,0.013895637499476443,2.5477063091094774,2.583317580299921
2018-04-18,0.0011337564324579328,0.0,0.0011337564324579328,2.5505947875254438,2.5862464332236677
2018-04-19,-0.006652699075343327,0.0,-0.006652699075343327,2.533626447940898,2.5690409139687507
2018-04-20,-0.010695534811845663,0.0,-0.010695534811845663,2.5065279580667332,2.541563647440342
2018-04-23,-0.0008477063711478275,0.0,-0.0008477063711478275,2.5044031583472197,2.539409147743729
2018-04-24,-0.01569242432354876,0.0,-0.01569242432354876,2.4651030013091995,2.499559661866233
2018-04-25,0.0020906283099287656,0.0,0.0020906283099287656,2.4702566154306265,2.5047853120576864
2018-04-26,0.013383106114418307,0.0,0.013383106114418307,2.5033163218447783,2.538307119682791
2018-04-27,0.0009062038709561349,0.0,0.0009062038709561349,2.5055848367858617,2.540607343420323
2018-04-30,-0.007486216406486489,0.0,-0.007486216406486489,2.4868274864728717,2.5215878070435696
2018-05-01,0.004691789144505465,0.0,0.004691789144505465,2.498495156678163,2.533418565343574
2018-05-02,-0.006470844067543613,0.0,-0.006470844067543613,2.482327784115786,2.5170252088494154
2018-05-03,-0.0015688664954916498,0.0,-0.0015688664954916498,2.4784333432244585,2.513076332330944
2018-05-04,0.014835673491921608,0.0,0.014835673491921608,2.515202571076028,2.5503595122576814
2018-05-07,0.004855602719155127,0.0,0.004855602719155127,2.527415395519371,2.562743044840223
2018-05-08,-0.00030438004453542367,0.0,-0.00030438004453542367,2.5266461007087235,2.5619629969981017
2018-05-09,0.0100172469109421,0.0,0.0100172469109421,2.551956138556092,2.5876268129157287
2018-05-10,0.009634779687456251,0.0,0.009634779687456251,2.5765436737231315,2.6125580271715263
2018-05-11,0.0018519777376740374,0.0,0.0018519777376740374,2.5813153752470117,2.6173964264762293
2018-05-14,0.0008488867614359296,0.0,0.0008488867614359296,2.5835066196961503,2.6196182996520947
2018-05-15,-0.008157394797698881,0.0,-0.008157394797698881,2.56243193623682,2.598249038962556
2018-05-16,0.004924670453031199,0.0,0.004924670453031199,2.5750510690811095,2.6110445592343514
2018-05-17,-0.00174542602327854,0.0,-0.00174542602327854,2.570556507933864,2.606487174112724
2018-05-18,-0.0033032516042882268,0.0,-0.0033032516042882268,2.562065313025118,2.5978772911732793
2018-05-21,0.006946311059586985,0.0,0.006946311059586985,2.579862215644369,2.6159229549324063
2018-05-22,-0.002322553291887297,0.0,-0.002322553291887297,2.5738703481628082,2.6098473344621045
2018-05-23,0.004525800616875353,0.0,0.004525800616875353,2.5855191721722806,2.6216589831383637
2018-05-24,-0.0015232846405187402,0.0,-0.0015232846405187402,2.5815806905295435,2.6176654502766707
2018-05-25,-0.0013669323083417507,0.0,-0.0013669323083417507,2.5780518444770677,2.6140872788002576
2018-05-29,-0.009398629960527649,0.0,-0.009398629960527649,2.5538216891717718,2.5895184397822915
2018-05-30,0.011455714527031246,0.0,0.011455714527031246,2.5830775413958644,2.619183223790921
2018-05-31,-0.004487321665866939,0.0,-0.004487321665866939,2.5714864415797445,2.6074301061639287
2018-06-01,0.011549519028607413,0.0,0.011549519028607413,2.6011858731685757,2.637544669790833
2018-06-04,0.006027187079539953,0.0,0.006027187079539953,2.616863707054819,2.6534416449463056
2018-06-05,0.0014382966919442852,0.0,0.0014382966919442852,2.6206275334679447,2.657258081286499
2018-06-06,0.007590839415924866,0.0,0.007590839415924866,2.640520296243451,2.6774289006682133
2018-06-07,-0.00251201446378041,0.0,-0.00251201446378041,2.6338872710673815,2.670703160543991
2018-06-08,0.0020996973082045844,0.0,0.0020996973082045844,2.639417637080556,2.6763108287811987
2018-06-11,0.0017399128204769964,0.0,0.0017399128204769964,2.6440099936659056,2.6809673763037765
2018-06-12,0.0024814960464186187,0.0,0.0024814960464186187,2.6505710940118785,2.6876201862486515
2018-06-13,-0.0022470444576204508,0.0,-0.0022470444576204508,2.64461514292555,2.6815809842049525
2018-06-14,0.004794482996299265,0.0,0.004794482996299265,2.657294705260062,2.6944377786369227
2018-06-15,-0.0019356667677827843,0.0,-0.0019356667677827843,2.652151068206885,2.689222244970957
2018-06-18,-0.001586212021064082,0.0,-0.001586212021064082,2.647944194300817,2.684956568318671
2018-06-19,-0.003459669210854211,0.0,-0.003459669210854211,2.6387831832997346,2.675667506746778
2018-06-20,0.0033235198883018622,0.0,0.0033235198883018622,2.647553231690348,2.6845601409199342
2018-06-21,-0.006986302176489555,0.0,-0.006986302176489555,2.629056624785418,2.6658049925645084
2018-06-22,0.0006279968483554384,0.0,0.0006279968483554384,2.6307076640599307,2.667479109698169
2018-06-25,-0.016354539999313376,0.0,-0.016354539999313376,2.5876836503415626,2.6238537159012774
2018-06-26,0.0027752677591904584,0.0,0.0027752677591904584,2.5948651653473402,2.6311356125238508
2018-06-27,-0.009838155476340303,0.0,-0.009838155476340303,2.5693364784105137,2.6052500912885055
2018-06-28,0.006587378752328065,0.0,0.006587378752328065,2.5862616709359765,2.6224118603843602
2018-06-29,0.0018267710483954704,0.0,0.0018267710483954704,2.590986178880017,2.6272024064478794
2018-07-02,0.0035918960190709183,0.0,0.0035918960190709183,2.6002927318214035,2.6366390443128926
2018-07-03,-0.005908058307169339,0.0,-0.005908058307169339,2.584930050746094,2.6210616271041327
2018-07-05,0.009411523115547337,0.0,0.009411523115547337,2.6092581796707637,2.6457298091948975
2018-07-06,0.010577906141541683,0.0,0.010577906141541683,2.6368586677943706,2.67371609079244
2018-07-09,0.008982165918264663,0.0,0.008982165918264663,2.660543369851514,2.697731852338272
2018-07-10,0.0027375483608931715,0.0,0.0027375483608931715,2.667826735992736,2.70511702374877
2018-07-11,-0.006641203571726916,0.0,-0.006641203571726916,2.6501091555449126,2.6871517909087106
2018-07-12,0.011485013724010784,0.0,0.011485013724010784,2.6805456955664724,2.7180137661057975
2018-07-13,0.0008025328740229651,0.0,0.0008025328740229651,2.682696921607485,2.720195061505144
2018-07-16,-0.0013436465415412545,0.0,-0.0013436465415412545,2.6790923251667635,2.716540080818435
2018-07-17,0.004725907384700279,0.0,0.004725907384700279,2.691753467370563,2.7293781976472093
2018-07-18,0.000906369584780453,0.0,0.000906369584780453,2.694193190843115,2.7318520230309193
2018-07-19,-0.0041440538200817716,0.0,-0.0041440538200817716,2.6830283092585634,2.72053108121898
2018-07-20,-0.0008643366666082231,0.0,-0.0008643366666082231,2.6807092695133234,2.718179626452835
2018-07-23,0.002263850969329651,0.0,0.002263850969329651,2.686777995791602,2.7243331800349924
2018-07-24,0.004780185107876856,0.0,0.004780185107876856,2.699621291955256,2.73735599693109
2018-07-25,0.010163668372643974,0.0,0.010163668372643974,2.727059347498418,2.7651775755017662
2018-07-26,-0.006202292201212767,0.0,-0.006202292201212767,2.710145328575184,2.748027136190263
2018-07-27,-0.008747602430766253,0.0,-0.008747602430766253,2.68643805471121,2.7239884873339135
2018-07-30,-0.007894294371230813,0.0,-0.007894294371230813,2.6652305218972434,2.702484520351056
2018-07-31,0.0057377818155860405,0.0,0.0057377818155860405,2.68052303312013,2.7179907868888287
2018-08-01,-2.9652906771881994e-05,0.0,-2.9652906771881994e-05,2.680443547820529,2.717910190561418
2018-08-02,0.007978894194772268,0.0,0.007978894194772268,2.701830523283649,2.739596108402801
2018-08-03,0.003916196790968506,0.0,0.003916196790968506,2.712411423308673,2.7503249058910777
2018-08-06,0.004333859743236967,0.0,0.004333859743236967,2.7241666339832467,2.762244428281541
2018-08-07,0.003402936258983602,0.0,0.003402936258983602,2.7334367993975417,2.7716441700027152
2018-08-08,7.001265490602648e-05,0.0,7.001265490602648e-05,2.733628174564885,2.7718382201695118
2018-08-09,-0.0011373954288756759,0.0,-0.0011373954288756759,2.7305189583748892,2.768685544048308
2018-08-10,-0.006988295805795253,0.0,-0.006988295805795253,2.7114372841904335,2.749337150473269
2018-08-13,-0.002947331276691545,0.0,-0.002947331276691545,2.7034457802779515,2.7412339430995094
2018-08-14,0.006336322036655994,0.0,0.006336322036655994,2.720575683350431,2.7586032841408
2018-08-15,-0.008915838432126642,0.0,-0.008915838432126642,2.696319470115306,2.734008022961067
2018-08-16,0.006652344497529683,0.0,0.006652344497529683,2.71425631610591,2.7521955861888143
2018-08-17,0.0025355997871405076,0.0,0.0025355997871405076,2.721138583843273,2.759174052731324
2018-08-20,0.0012325968458104296,0.0,0.0012325968458104296,2.7244926506787315,2.7625750019657627
2018-08-21,0.0027426629372320206,0.0,0.0027426629372320206,2.731965015694509,2.770151814034978
2018-08-22,0.0007538570980340827,0.0,0.0007538570980340827,2.734024526913171,2.77224011264262
2018-08-23,-0.001360498128504839,0.0,-0.001360498128504839,2.7303048916610195,2.768468485157604
2018-08-24,0.006988660045557737,0.0,0.006988660045557737,2.749386064369562,2.7878163702472105
2018-08-27,0.008566256891092028,0.0,0.008566256891092028,2.77293801168974,2.81169752143994
2018-08-28,0.0007802296095383633,0.0,0.0007802296095383633,2.7751015400318746,2.8138912910992326
2018-08-29,0.007219993974774752,0.0,0.007219993974774752,2.795137756430293,2.83420756926664
2018-08-30,-0.0033664719310883325,0.0,-0.0033664719310883325,2.785728003629745,2.8246662890378262
2018-08-31,0.0004128419476656653,0.0,0.0004128419476656653,2.7868780690044304,2.8258324297700983
2018-09-04,-0.0024924930814696597,0.0,-0.0024924930814696597,2.779931794698537,2.8187890619895035
2018-09-05,-0.0057652172196122065,0.0,-0.0057652172196122065,2.7639048840463936,2.802538130750867
2018-09-06,-0.004786806775533558,0.0,-0.004786806775533558,2.75067460542051,2.789122922237898
2018-09-07,-0.0025021365644236956,0.0,-0.0025021365644236956,2.7437920419134554,2.782144155791494
2018-09-10,0.0022375747592626727,0.0,0.0022375747592626727,2.7499314817311067,2.7883694113311233
2018-09-11,0.004644253747128924,0.0,0.004644253747128924,2.762702861319484,2.8013193064180775
2018-09-12,-0.0007158406218065072,0.0,-0.0007158406218065072,2.7607252063853704,2.7993140082638925
2018-09-13,0.007330649748814411,0.0,0.007330649748814411,2.780963115926105,2.8198347987954246
2018-09-14,-0.0007560998606776947,0.0,-0.0007560998606776947,2.7788604301016036,2.817702722096921
2018-09-17,-0.008034167938771365,0.0,-0.008034167938771365,2.756534598727761,2.7950648252260613
2018-09-18,0.006275043804515512,0.0,0.006275043804515512,2.7738319740834405,2.8126039794408157
2018-09-19,0.000516512424309612,0.0,0.000516512424309612,2.775264692761002,2.8140567243408596
2018-09-20,0.008970015500565509,0.0,0.008970015500565509,2.80015886007324,2.8392988567776674
2018-09-21,-0.0022656757259386876,0.0,-0.0022656757259386876,2.7938146081151998,2.8328659262791804
2018-09-24,-0.0014709443790067774,0.0,-0.0014709443790067774,2.789705062221406,2.8286989380684404
2018-09-25,-0.00023784251317486853,0.0,-0.00023784251317486853,2.7890415517583906,2.828026153203995
2018-09-26,-0.0018815489408579907,0.0,-0.0018815489408579907,2.7837938335806705,2.8227050835907153
2018-09-27,0.004489282911322934,0.0,0.004489282911322934,2.7962910716664107,2.8353770052861837
2018-09-28,1.4219202572929562e-05,0.0,1.4219202572929562e-05,2.796330832695612,2.8354173220861925
2018-10-01,0.00305614378603124,0.0,0.00305614378603124,2.804876821793642,2.8440827651158918
2018-10-02,-0.001085128579683714,0.0,-0.001085128579683714,2.8018331697918217,2.8409965696244788
2018-10-03,0.000720835695108446,0.0,0.000720835695108446,2.8038528311523465,2.843044461361545
2018-10-04,-0.0112565771462354,0.0,-0.0112565771462354,2.7722910454517895,2.8110415120520513
2018-10-05,-0.007582621494356699,0.0,-0.007582621494356699,2.751269811781934,2.7897264482612365
2018-10-08,-0.0018295220622938314,0.0,-0.0018295220622938314,2.746236302961956,2.784622582176378
2018-10-09,-5.0221070916456226e-05,0.0,-5.0221070916456226e-05,2.7460983840338318,2.784482735448203
2018-10-10,-0.035470240194396985,0.0,-0.035470240194396985,2.6486936147547064,2.6857164640047038
2018-10-11,-0.019204490043668254,0.0,-0.019204490043668254,2.597826804601422,2.6341386489116094
2018-10-12,0.018099359742248453,0.0,0.018099359742248453,2.644845806485959,2.681814871929221
2018-10-15,-0.007576644509145381,0.0,-0.007576644509145381,2.624806750028711,2.661495714005274
2018-10-16,0.02389861745976758,0.0,0.02389861745976758,2.687536002453463,2.7251017819450967
2018-10-17,0.0002500529336724399,0.0,0.0002500529336724399,2.6882080287152266,2.725783201640228
2018-10-18,-0.017113894137565543,0.0,-0.017113894137565543,2.6422023210920402,2.6791344364854024
2018-10-19,-0.0006293339640462076,0.0,-0.0006293339640462076,2.640539493431495,2.6774483661902764
2018-10-22,-0.001583619505800304,0.0,-0.001583619505800304,2.636357883583861,2.673208306731804
2018-10-23,-0.004479421697802719,0.0,-0.004479421697802719,2.624548524876962,2.6612338794398833
2018-10-24,-0.03497534370792818,0.0,-0.03497534370792818,2.5327540381412543,2.5681563098192903
2018-10-25,0.02279474469506508,0.0,0.02279474469506508,2.5904875198160795,2.626696777238642
2018-10-26,-0.01996080617357251,0.0,-0.01996080617357251,2.538779300537972,2.574265791991434
2018-10-29,-0.009721970032271331,0.0,-0.009721970032271331,2.514097364259591,2.549238857106592
2018-10-30,0.015341794113056183,0.0,0.015341794113056183,2.552668128402239,2.588348754797324
2018-10-31,0.014494010423064984,0.0,0.014494010423064984,2.5896665268619268,2.625864308627884
2018-11-01,0.0029505574131220235,0.001,0.0019505574131220235,2.594717820103411,2.633612072029559
2018-11-02,1.196108678769292e-08,0.0,1.196108678769292e-08,2.5947178511390563,2.6336121035304214
2018-11-05,0.00010895217613704489,0.0,0.00010895217613704489,2.5950005512953993,2.633899041300202
2018-11-06,0.0,0.0,0.0,2.5950005512953993,2.633899041300202
2018-11-07,0.00010904226616959001,0.0,0.00010904226616959001,2.5952835160362238,2.6341862476205273
2018-11-08,0.00010964233446575378,0.0,0.00010964233446575378,2.5955680689795226,2.634475065950134
2018-11-09,0.00021863678804678877,0.0,0.00021863678804678877,2.596135555645281,2.6350510591167424
2018-11-12,-0.00010950441188917193,0.0,-0.00010950441188917193,2.595851267348076,2.634762509400216
2018-11-13,0.00010951635994871367,0.0,0.00010951635994871367,2.596135555529844,2.635051058999575
2018-11-14,-0.00010950441188917193,0.0,-0.00010950441188917193,2.5958512672326512,2.6347625092830613
2018-11-15,0.00032824323486502216,0.0,0.00032824323486502216,2.5967033378498363,2.6356273522522096
2018-11-16,0.00010927657176562633,0.0,0.00010927657176562633,2.5969870966884887,2.6359153645737154
2018-11-19,-0.00010926463163951627,0.0,-0.00010926463163951627,2.5967033378499966,2.6356273522523725
2018-11-20,0.00021875701773232947,0.0,0.00021875701773232947,2.59727138492812,2.636203914231805
2018-11-21,0.00021833728904463445,0.0,0.00021833728904463445,2.5978384661212184,2.636779495847807
2018-11-23,0.0,0.0,0.0,2.5978384661212184,2.636779495847807
2018-11-26,0.00010912693459586009,0.0,0.00010912693459586009,2.5981219602696015,2.6370672395113943
2018-11-27,0.0,0.0,0.0,2.5981219602696015,2.6370672395113943
2018-11-28,0.00010911502929544792,0.0,0.00010911502929544792,2.5984054544234096,2.637354983180488
2018-11-29,0.0001094087334043703,0.0,0.0001094087334043703,2.598689742673049,2.6376435328487355
2018-11-30,0.00010901314668854134,0.0,0.00010901314668854134,2.5989730340191652,2.6379310706700942
2018-12-03,-0.0024804768278606113,0.0007,-0.0031804768278606114,2.5907070605082327,2.6313877437758038
2018-12-04,-0.02271667996258465,0.0,-0.02271667996258465,2.531854797337859,2.571611350542981
2018-12-06,-0.0008308970283426916,0.0,-0.0008308970283426916,2.5297510867105557,2.569474606313763
2018-12-07,-0.016254268829677065,0.0,-0.016254268829677065,2.4886318324749945,2.5277096753117103
2018-12-10,0.0013621767873076896,0.0,0.0013621767873076896,2.492021788989347,2.531152862756473
2018-12-11,0.0002516848664872104,0.0,0.0002516848664872104,2.4926489931605924,2.5317899156267947
2018-12-12,0.003656914212516493,0.0,0.003656914212516493,2.501764396690496,2.541048454152356
2018-12-13,-0.0001921744516595659,0.0,-0.0001921744516595659,2.5012836214893808,2.540560129559039
2018-12-14,-0.012952933151161904,0.0,-0.012952933151161904,2.468884661948133,2.507652424034354
2018-12-17,-0.013744840497073418,0.0,-0.013744840497073418,2.4349502360639845,2.4731851414439023
2018-12-18,-0.0007259544391246984,0.0,-0.0007259544391246984,2.433182573131066,2.471389721711694
2018-12-19,-0.010512038089352747,0.0,-0.010512038089352747,2.407604865243963,2.4454103788234254
2018-12-20,-0.011371037526863447,0.0,-0.011371037526863447,2.3802278999714153,2.417603525637243
2018-12-21,-0.014206862452126833,0.0,-0.014206862452126833,2.3464123295918067,2.3832569648847377
2018-12-24,-0.018558216486897327,0.0,-0.018558216486897327,2.302867101611717,2.3390279661865008
2018-12-26,0.035123894909882054,0.0,0.035123894909882054,2.3837527636801514,2.4211837386621102
2018-12-27,0.005705451689149677,0.0,0.005705451689149677,2.3973531499122056,2.434997685513602
2018-12-28,-0.0008390164765954113,0.0,-0.0008390164765954113,2.395341731119211,2.432954682334984
2018-12-31,0.006156581937010075,0.0,0.006156581937010075,2.4100888487539858,2.4479333671858114
2019-01-02,-0.011221332509660363,0.0007,-0.011921332509660362,2.381357378210165,2.420464292911127
2019-01-03,0.00032777116334514744,0.0,0.00032777116334514744,2.3821379184883615,2.4212576513082498
2019-01-04,0.00010966965142933383,0.0,0.00010966965142933383,2.382399166723539,2.4215231897908893
2019-01-07,1.1935014532227228e-08,0.0,1.1935014532227228e-08,2.3823991951575074,2.421523218691804
2019-01-08,0.0,0.0,0.0,2.3823991951575074,2.421523218691804
2019-01-09,1.1950630485202396e-08,0.0,1.1950630485202396e-08,2.38239922362868,2.421523247630533
2019-01-10,0.00010901778253635808,0.0,0.00010901778253635808,2.3826589475091566,2.42178723672535
2019-01-11,0.0002187832703250958,0.0,0.0002187832703250958,2.383180233425762,2.4223170832570324
2019-01-14,-0.00010929305732920724,0.0,-0.00010929305732920724,2.3829197683718846,2.4220523408171823
2019-01-15,0.00021855611527321628,0.0,0.00021855611527321628,2.383440570059468,2.42258169516778
2019-01-16,0.00010920338719455636,0.0,0.00010920338719455636,2.3837008498428953,2.422846249294648
2019-01-17,0.00021887881659266029,0.0,0.00021887881659266029,2.38422259146402,2.4233765590144793
2019-01-18,0.0,0.0,0.0,2.38422259146402,2.4233765590144793
2019-01-22,0.00010926911553199581,0.0,0.00010926911553199581,2.3844831133578204,2.423641359227684
2019-01-23,1.1929758847450955e-08,0.0,1.1929758847450955e-08,2.3844831418041292,2.4236413881411414
2019-01-24,0.00032744308725196625,0.0,0.00032744308725196625,2.385263924325582,2.424434992759666
2019-01-25,-0.00010972894818150891,0.0,-0.00010972894818150891,2.3850021918240305,2.424168962057976
2019-01-28,0.00010976489490854835,0.0,0.00010976489490854835,2.3852639813389724,2.4244350507093366
2019-01-29,0.0,0.0,0.0,2.3852639813389724,2.4244350507093366
2019-01-30,0.00021822790783176949,0.0,0.00021822790783176949,2.3857845125072465,2.424964130098127
2019-01-31,0.0,0.0,0.0,2.3857845125072465,2.424964130098127
2019-02-01,9.836143173014289e-05,0.0,9.836143173014289e-05,2.3860191816876966,2.425202653041858
2019-02-04,0.00010908540184006998,0.0,0.00010908540184006998,2.386279461548929,2.4254672072478085
2019-02-05,0.0,0.0,0.0,2.386279461548929,2.4254672072478085
2019-02-06,0.00021894666935162732,0.0,0.00021894666935162732,2.3868019294891774,2.425998255214457
2019-02-07,0.0,0.0,0.0,2.3868019294891774,2.425998255214457
2019-02-08,0.0002185049554164209,0.0,0.0002185049554164209,2.3873234575383684,2.426528347855053
2019-02-11,-0.00010912717108302328,0.0,-0.00010912717108302328,2.387062935682987,2.426263547680899
2019-02-12,0.00021836771216654505,0.0,0.00021836771216654505,2.3875841931550497,2.4267933653009193
2019-02-13,0.0,0.0,0.0,2.3875841931550497,2.4267933653009193
2019-02-14,0.0002186361787506197,0.0,0.0002186361787506197,2.3881062054394864,2.427323950128926
2019-02-15,1.1940187949477377e-08,0.0,1.1940187949477377e-08,2.3881062339539234,2.4273239791116303
2019-02-19,0.0002188925456594326,0.0,0.0002188925456594326,2.388628972606779,2.427855302236558
2019-02-20,0.0,0.0,0.0,2.388628972606779,2.427855302236558
2019-02-21,0.00010919276949294954,0.0,0.00010919276949294954,2.388889793619589,2.4281204064809376
2019-02-22,0.0002179980504237733,0.0,0.0002179980504237733,2.389410566937275,2.4286497319957445
2019-02-25,-0.00010862648447151901,0.0,-0.00010862648447151901,2.38915101366743,2.428385916313345
2019-02-26,0.00010863835002661304,0.0,0.00010863835002661304,2.3894105670915193,2.4286497321525213
2019-02-27,0.00010923453343369971,0.0,0.00010923453343369971,2.389671573239997,2.4289150245728868
2019-02-28,0.00021833196822762524,0.0,0.00021833196822762524,2.390193314938,2.4294453343708593
2019-03-01,-2.638617549759469e-05,0.001,-0.0010263861754975948,2.3877400535627813,2.4293812305999047
2019-03-04,-0.002459267175152634,0.0,-0.002459267175152634,2.381867962826257,2.4234067330835583
2019-03-05,-0.0007274109972245091,0.0,-0.0007274109972245091,2.3801353658761606,2.4216439203751654
2019-03-06,-0.005937477308658423,0.0,-0.005937477308658423,2.3660033661497355,2.407265464548287
2019-03-07,-0.009553074671250583,0.0,-0.009553074671250583,2.343400759320477,2.3842686778119346
2019-03-08,-0.0017929306907513605,0.0,-0.0017929306907513605,2.339199204178361,2.3799938493244883
2019-03-11,0.016346071819303764,0.0,0.016346071819303764,2.3774359223695187,2.4188973997150476
2019-03-12,0.0042833144984561365,0.0,0.0042833144984561365,2.387619228124955,2.4292582980175252
2019-03-13,0.006876255428501919,0.0,0.006876255428501919,2.404037107803545,2.4459624985765016
2019-03-14,-0.0009554909351122685,0.0,-0.0009554909351122685,2.4017400721393654,2.4436254035814873
2019-03-15,0.006231805615691765,0.0,0.006231805615691765,2.4167072494083555,2.4588536020941736
2019-03-18,0.0032514444296799614,0.0,0.0032514444296799614,2.4245650387326116,2.4668484279421015
2019-03-19,0.0011942988244917686,0.0,0.0011942988244917686,2.427460693908274,2.469794582119792
2019-03-20,-0.0009185150600716006,0.0,-0.0009185150600716006,2.4252310347031876,2.467526038600832
2019-03-21,0.012645846581334042,0.0,0.012645846581334042,2.455900134292334,2.498729994320425
2019-03-22,-0.020136981274212873,0.0,-0.020136981274212873,2.406445719276752,2.4484131152154807
2019-03-25,-0.001094935774844219,0.0,-0.001094935774844219,2.4038108157684954,2.4457322601040334
2019-03-26,0.006619669618096068,0.0,0.006619669618096068,2.4197232491932885,2.4619221996402416
2019-03-27,-0.005583757806244472,0.0,-0.005583757806244472,2.4062121006116546,2.448175422339634
2019-03-28,0.003342656897233942,0.0,0.003342656897233942,2.414255242085972,2.456358832800756
2019-03-29,0.00668434045357018,0.0,0.00668434045357018,2.430392946065891,2.4727779715153306
2019-04-01,0.012244703143250012,0.0,0.012244703143250012,2.4601523862119166,2.503056403715704
2019-04-02,0.0014794868895772306,0.0,0.0014794868895772306,2.4637921494136794,2.506759642848874
2019-04-03,0.0028353361745393274,0.0,0.0028353361745393274,2.4707778284214577,2.5138671491451183
2019-04-04,0.001742044988466418,0.0,0.001742044988466418,2.475082034555073,2.518246418813957
2019-04-05,0.004933545291535401,0.0,0.004933545291535401,2.487292963872816,2.5306703015764223
2019-04-08,0.0013020429907730114,0.0,0.0013020429907730114,2.4905315262424255,2.5339653431045472
2019-04-09,-0.004644600985505875,0.0,-0.004644600985505875,2.478964001061206,2.522196085174726
2019-04-10,0.003993989092350536,0.0,0.003993989092350536,2.4888649562417746,2.532269708827683
2019-04-11,-0.0009013712084689706,0.0,-0.0009013712084689706,2.4866215650284507,2.5299871938200678
2019-04-12,0.006030889004840367,0.0,0.006030889004840367,2.5016181036841796,2.545245265769664
2019-04-15,-0.0004095755256425471,0.0,-0.0004095755256425471,2.5005935021344063,2.544202795602047
2019-04-16,0.0014981167115780125,0.0,0.0014981167115780125,2.504339683048817,2.548014308327782
2019-04-17,-0.0006402986054587553,0.0,-0.0006402986054587553,2.5027361578421656,2.5463828183194708
2019-04-18,0.001763540439083322,0.0,0.001763540439083322,2.507149834264876,2.550873467392964
2019-04-22,0.0014692535823775396,0.0,0.0014692535823775396,2.5108334731404267,2.5546213473731227
2019-04-23,0.010094369487878984,0.0,0.010094369487878984,2.536178753940841,2.5804086391551304
2019-04-24,-0.0024988042476988825,0.0,-0.0024988042476988825,2.52984133969757,2.5739607030868106
2019-04-25,0.0007942188072182278,0.0,0.0007942188072182278,2.531850587268836,2.576004991086243
2019-04-26,0.0035278695136359726,0.0,0.0035278695136359726,2.5407826257687436,2.5850928005612706
2019-04-29,0.0016793078334939146,0.0,0.0016793078334939146,2.5450493819354025,2.589433967151562
2019-04-30,-0.00196447697342047,0.0,-0.00196447697342047,2.5400496910283725,2.5843470837489
2019-05-01,-0.0061917070188660436,0.0,-0.0061917070188660436,2.5243224475281636,2.568345563771266
2019-05-02,-0.0028142401079120916,0.0,-0.0028142401079120916,2.517218398051027,2.5611176226747228
2019-05-03,0.011600746357154334,0.0,0.011600746357154334,2.5464200102123793,2.5908284986062102
2019-05-06,-0.004478270451523136,0.0,-0.004478270451523136,2.535016452723478,2.579226067895938
2019-05-07,-0.01761091846210687,0.0,-0.01761091846210687,2.4903724846744657,2.533803527918882
2019-05-08,-0.0017291032495715506,0.0,-0.0017291032495715506,2.4860663735185717,2.529422320004982
2019-05-09,-0.0036852401023322427,0.0,-0.0036852401023322427,2.4769046220218214,2.5201007914355653
2019-05-10,0.003917018028772113,0.0,0.003917018028772113,2.48660670208183,2.5299720716699414
2019-05-13,-0.02815033516913633,0.0,-0.02815033516913633,2.4166078899844057,2.4587525098838783
2019-05-14,0.00959985551500202,0.0,0.00959985551500202,2.43980697656467,2.482356178725912
2019-05-15,0.00843383711533211,0.0,0.00843383711533211,2.460383911197867,2.503291966399525
2019-05-16,0.009484100332475487,0.0,0.009484100332475487,2.483718439068076,2.5270334385703377
2019-05-17,-0.007577414872546817,0.0,-0.007577414872546817,2.464898274028663,2.507885057809492
2019-05-20,-0.00970688634479454,0.0,-0.00970688634479454,2.4409717866311866,2.4835413025875264
2019-05-21,0.009429309335091385,0.0,0.009429309335091385,2.463988464685563,2.5069593817761002
2019-05-22,-0.0034826357541741793,0.0,-0.0034826357541741793,2.455407290360576,2.4982285553988643
2019-05-23,-0.013178846822474399,0.0,-0.013178846822474399,2.4230478537941273,2.465304783939731
2019-05-24,0.001459283147216983,0.0,0.001459283147216983,2.4265837666920693,2.4689023616636874
2019-05-28,-0.007625234410319159,0.0,-0.007625234410319159,2.408080496654767,2.4500764024198114
2019-05-29,-0.007176126399569704,0.0,-0.007176126399569704,2.390799806630434,2.432494344467444
2019-05-30,0.003172330456011585,0.0,0.003172330456011585,2.398384213671234,2.4402110203604743
2019-05-31,-0.014257424123930551,0.0,-0.014257424123930551,2.3641894327247837,2.4054198968913054
2019-06-03,-0.0007089100204573651,0.001,-0.001708910020457365,2.360149245712941,2.4037146706229917
2019-06-04,0.00021844327510267547,0.0,0.00021844327510267547,2.3606648044439056,2.404239745928055
2019-06-05,0.0,0.0,0.0,2.3606648044439056,2.404239745928055
2019-06-06,0.00032844313577218287,0.0,0.00032844313577218287,2.361440148594784,2.4050294019693554
2019-06-07,-0.00010952023531407562,0.0,-0.00010952023531407562,2.3611815231140296,2.4047660025833144
2019-06-10,0.00021835969086136942,0.0,0.00021835969086136942,2.3616971099814843,2.4052911065442326
2019-06-11,-0.00010880373165600421,0.0,-0.00010880373165600421,2.361440148522877,2.4050294018961216
2019-06-12,0.00010881557119613028,0.0,0.00010881557119613028,2.3616971099814843,2.405291106544232
2019-06-13,0.0003282996285181028,0.0,0.0003282996285181028,2.3624724542653635,2.4060807627209884
2019-06-14,0.00010927111037850601,0.0,0.00010927111037850601,2.3627306042536795,2.406343677837591
2019-06-17,0.0,0.0,0.0,2.3627306042536795,2.406343677837591
2019-06-18,0.0,0.0,0.0,2.3627306042536795,2.406343677837591
2019-06-19,0.0002185064067596887,0.0,0.0002185064067596887,2.363246876028156,2.4068694793480643
2019-06-20,0.0001090341316059007,0.0,0.0001090341316059007,2.363504550599054,2.4071319102716338
2019-06-21,0.0,0.0,0.0,2.363504550599054,2.4071319102716338
2019-06-24,0.00010922339251284718,0.0,0.00010922339251284718,2.36376270058429,2.4073948253850994
2019-06-25,1.1908965813489658e-08,0.0,1.1908965813489658e-08,2.363762728734259,2.407394854054682
2019-06-26,0.0002185115543522631,0.0,0.0002185115543522631,2.3642792382022346,2.4079208976461812
2019-06-27,0.0,0.0,0.0,2.3642792382022346,2.4079208976461812
2019-06-28,0.00010911089259346696,0.0,0.00010911089259346696,2.364537206820255,2.408183628044618
2019-07-01,-0.004022991443592317,0.001,-0.005022991443592317,2.352660156662341,2.398495525914395
2019-07-02,0.003012355993420479,0.0,0.003012355993420479,2.3597472065857446,2.4057206482870757
2019-07-03,0.007841001882340692,0.0,0.007841001882340692,2.3782499888744315,2.4245839084186804
2019-07-05,-0.0013866670291174943,0.0,-0.0013866670291174943,2.37495214802786,2.4212218178535476
2019-07-08,-0.005953530400608453,0.0,-0.005953530400608453,2.360812798214586,2.4068070001543402
2019-07-09,0.0024053358860480984,0.0,0.0024053358860480984,2.3664913459583734,2.412596179402603
2019-07-10,0.006324995926279619,0.0,0.006324995926279619,2.381459394081136,2.4278558404090824
2019-07-11,0.0014237908631387186,0.0,0.0014237908631387186,2.3848500942073647,2.4313125993716747
2019-07-12,0.004859407523152858,0.0,0.004859407523152858,2.396439052696748,2.443127338108198
2019-07-15,0.001194884694906695,0.0,0.001194884694906695,2.399302521043092,2.4460465935722113
2019-07-16,-0.003805071451596509,0.0,-0.003805071451596509,2.3901730035165274,2.436739211509735
2019-07-17,-0.006239498242417762,0.0,-0.006239498242417762,2.3752595232620117,2.421535181482289
2019-07-18,0.0029216237207676963,0.0,0.0029216237207676963,2.3821991378281533,2.428609996109181
2019-07-19,-0.006030536326743097,0.0,-0.006030536326743097,2.3678331993899446,2.4139641753041534
2019-07-22,0.004102021753590446,0.0,0.004102021753590446,2.3775461026827163,2.4238663088636394
2019-07-23,0.006957939887121789,0.0,0.006957939887121789,2.394088925544043,2.4407314249351324
2019-07-24,0.005422097861699537,0.0,0.005422097861699537,2.407069909987954,2.453965309575256
2019-07-25,-0.006197839236867607,0.0,-0.006197839236867607,2.392151277653947,2.4387560270936586
2019-07-26,0.0077637074275802125,0.0,0.0077637074275802125,2.4107232402961647,2.4576898153752618
2019-07-29,-0.002305015050756509,0.0,-0.002305015050756509,2.4051664869440734,2.4520248033607306
2019-07-30,-0.0029959315186965487,0.0,-0.0029959315186965487,2.397960772858125,2.4446787049677163
2019-07-31,-0.011786552993464861,0.0,-0.011786552993464861,2.369697081132583,2.4158643698596194
2019-08-01,-0.007579661019743934,0.0,-0.007579661019743934,2.3517355805381213,2.3975529368664064
2019-08-02,-0.009714751510465056,0.0,-0.009714751510465056,2.328889053754874,2.3742613058515634
2019-08-05,-0.031904589947054585,0.0,-0.031904589947054585,2.254586803462641,2.298511472461211
2019-08-06,0.01396846118514685,0.0,0.01396846118514685,2.2860799117153534,2.3306181407479003
2019-08-07,0.0021917277966519867,0.0,0.0021917277966519867,2.2910903766032273,2.3357262213103587
2019-08-08,0.020184638818993284,0.0,0.020184638818993284,2.3373352083566346,2.38287201146756
2019-08-09,-0.007603262542031364,0.0,-0.007603262542031364,2.3195638351187653,2.3647544099603137
2019-08-12,-0.011999920913951932,0.0,-0.011999920913951932,2.291729252542477,2.3363775440598706
2019-08-13,0.01748006800147693,0.0,0.01748006800147693,2.331788835717893,2.3772175824071606
2019-08-14,-0.02988573962548089,0.0,-0.02988573962548089,2.262101601712025,2.306172676706225
2019-08-15,0.001507673698573997,0.0,0.001507673698573997,2.2655121128004283,2.309649632595265
2019-08-16,0.015087502972820665,0.0,0.015087502972820665,2.299693033537266,2.34449647829322
2019-08-19,0.013194750599996152,0.0,0.013194750599996152,2.3300369095713385,2.375431524606868
2019-08-20,-0.007699968694005843,0.0,-0.007699968694005843,2.312095698311761,2.3571407762326406
2019-08-21,0.008358656695748812,0.0,0.008358656695748812,2.3314217125016667,2.37684330676472
2019-08-22,-0.0011772917810158323,0.0,-0.0011772917810158323,2.3286769488814567,2.3740450686749033
2019-08-23,-0.027597750620384255,0.0,-0.027597750620384255,2.264410703170789,2.30852676490806
2019-08-26,0.012244108148218434,0.0,0.012244108148218434,2.2921363927123957,2.3367926162806514
2019-08-27,-0.0033259321063221596,0.0,-0.0033259321063221596,2.2845129026918043,2.329020602692347
2019-08-28,0.006026379078935362,0.0,0.006026379078935362,2.298280243454144,2.3430561637268217
2019-08-29,0.013497456875152247,0.0,0.013497456875152247,2.329301181927181,2.374681463252784
2019-08-30,-0.0009933534934221883,0.0,-0.0009933534934221883,2.3269873624608812,2.3723225651254967
2019-09-03,-0.007009104524435372,0.0,-0.007009104524435372,2.310677264810353,2.3556947083008555
2019-09-04,0.012244511102976618,0.0,0.012244511102976618,2.338970378234719,2.3845390383118685
2019-09-05,0.014448232284722272,0.0,0.014448232284722272,2.372764365566539,2.4189914122293867
2019-09-06,0.00024486753832118056,0.0,0.00024486753832118056,2.3733453785357512,2.419583744701719
2019-09-09,-0.00026120701167615685,0.0,-0.00026120701167615685,2.3727254440817482,2.4189517324622654
2019-09-10,-0.0010183515725565753,0.0,-0.0010183515725565753,2.3703091753945227,2.416488389161574
2019-09-11,0.007785614735619138,0.0,0.007785614735619138,2.388763489438448,2.435302236772683
2019-09-12,0.0036751612010888723,0.0,0.0036751612010888723,2.39754258033341,2.4442523650661947
2019-09-13,-0.0015342423477668233,0.0,-0.0015342423477668233,2.3938641689760884,2.440502289579081
2019-09-16,-0.003495239741460043,0.0,-0.003495239741460043,2.385497039797026,2.43197214898742
2019-09-17,0.003213929971711793,0.0,0.003213929971711793,2.3931638602306595,2.439788337167419
2019-09-18,0.00029724186156252505,0.0,0.00029724186156252505,2.3938752087114987,2.440513544394577
2019-09-19,0.00045367599152302813,0.0,0.00045367599152302813,2.3949612524203934,2.4416207467966555
2019-09-20,-0.006465074375695511,0.0,-0.006465074375695511,2.3794776497965864,2.4258354870713736
2019-09-23,-2.8209475697327192e-05,0.0,-2.8209475697327192e-05,2.379410525979652,2.4257670555241555
2019-09-24,-0.009419376997705186,0.0,-0.009419376997705186,2.3569979612031413,2.40291784111956
2019-09-25,0.007510411141558004,0.0,0.007510411141558004,2.374699984951591,2.420964742045753
2019-09-26,-0.002563852191700722,0.0,-0.002563852191700722,2.3686116051905413,2.4147577462858285
2019-09-27,-0.007470012843068396,0.0,-0.007470012843068396,2.350918046079527,2.3967194749081746
2019-09-30,0.006091329315746696,0.0,0.006091329315746696,2.365238262092529,2.411318682507304
2019-10-01,-0.010725700754488376,0.0,-0.010725700754488376,2.3398694242802587,2.3854555998950233
2019-10-02,-0.017594100285040246,0.0,-0.017594100285040246,2.2987015269755724,2.3434856548449594
2019-10-03,0.00903376154719494,0.0,0.00903376154719494,2.3194674484384428,2.364656145440101
2019-10-04,0.013855571892836215,0.0,0.013855571892836215,2.351604996423375,2.397419808665083
2019-10-07,-0.003928546690105783,0.0,-0.003928546690105783,2.34236660639824,2.388001433010958
2019-10-08,-0.015420248665893909,0.0,-0.015420248665893909,2.306246730860893,2.351177857099418
2019-10-09,0.00956313415550618,0.0,0.00956313415550618,2.3283016777438132,2.3736624863703155
2019-10-10,0.007058520710430938,0.0,0.007058520710430938,2.344736043356299,2.3904170321899336
2019-10-11,0.011115487938592782,0.0,0.011115487938592782,2.37079892856541,2.416987683879448
2019-10-14,-0.0008103415629980293,0.0,-0.0008103415629980293,2.368877771656082,2.415029098301946
2019-10-15,0.010720030244306521,0.0,0.010720030244306521,2.3942722130133007,2.440918283276623
2019-10-16,-0.0018675506884412332,0.0,-0.0018675506884412332,2.389800788293572,2.436359744656261
2019-10-17,0.0028669565905178438,0.0,0.0028669565905178438,2.396652243413595,2.443344682283076
2019-10-18,-0.005954324131867594,0.0,-0.005954324131867594,2.3823817991249427,2.4287962160788874
2019-10-21,0.007393622314839598,0.0,0.007393622314839598,2.399996230357421,2.4467538179802863
2019-10-22,-0.004654256909806109,0.0,-0.004654256909806109,2.388826031318771,2.435365997116357
2019-10-23,0.002620390503350944,0.0,0.002620390503350944,2.395085688365396,2.4417476070473842
2019-10-24,0.0040609483869571755,0.0,0.0040609483869571755,2.4048120077281876,2.4516634180535797
2019-10-25,0.005291957786173406,0.0,0.005291957786173406,2.4175381713567683,2.4646375173678248
2019-10-28,0.006893936490120333,0.0,0.006893936490120333,2.4342045259725436,2.4816285718837263
2019-10-29,-0.0025335014063192825,0.0,-0.0025335014063192825,2.4280374653827232,2.4753413624068967
2019-10-30,0.0035979666523603846,0.0,0.0035979666523603846,2.4367734632138522,2.4842475580820453
2019-10-31,-0.001725314755811402,0.0,-0.001725314755811402,2.4325692620012,2.4799614491129978
2019-11-01,0.009188851706228962,0.0,0.009188851706228962,2.45492178021486,2.502749447106062
2019-11-04,0.004674637636971079,0.0,0.004674637636971079,2.466397649964472,2.5144488938674128
2019-11-05,-0.0006079623319160898,0.0,-0.0006079623319160898,2.4648981730977675,2.512920203654413
2019-11-06,-0.0005151255706535074,0.0,-0.0005151255706535074,2.4636284410197478,2.511625734200499
2019-11-07,0.0034745192964927727,0.0,0.0034745192964927727,2.472188365577459,2.5203524262795463
2019-11-08,0.0029301771824242545,0.0,0.0029301771824242545,2.4794323155169287,2.527737505450698
2019-11-11,-0.001723293057963682,0.0,-0.001723293057963682,2.4751595270199074,2.5233814729552
2019-11-12,0.002340156210299771,0.0,0.002340156210299771,2.4809517869585456,2.5292865797800914
2019-11-13,0.00031453978903396226,0.0,0.00031453978903396226,2.481732145010219,2.530082141047302
2019-11-14,0.0007857870623749095,0.0,0.0007857870623749095,2.4836822580220477,2.5320702468604828
2019-11-15,0.00725944797751592,0.0,0.00725944797751592,2.5017124201668377,2.550451679092982
2019-11-18,0.0007547677328426871,0.0,0.0007547677328426871,2.503600631978432,2.5523766777245362
2019-11-19,0.00024756849470540824,0.0,0.00024756849470540824,2.5042204446182343,2.5530085657765618
2019-11-20,-0.004408135054900796,0.0,-0.004408135054900796,2.4931815026911135,2.5417545592223
2019-11-21,-0.0017937491434094177,0.0,-0.0017937491434094177,2.488709360506297,2.537195289158938
2019-11-22,0.00175223750306146,0.0,0.00175223750306146,2.493070170381996,2.541641057897193
2019-11-25,0.008957616819187695,0.0,0.008957616819187695,2.5154021376716247,2.564408104585751
2019-11-26,0.002158497958109784,0.0,0.002158497958109784,2.520831628049614,2.5699433742432594
2019-11-27,0.005210373881991458,0.0,0.005210373881991458,2.5339661033253016,2.5833337400786136
2019-11-29,-0.003968867343642223,0.0,-0.003968867343642223,2.5239091280079173,2.5730808311598863
2019-12-02,-0.009011969388259943,0.0,-0.009011969388259943,2.50116373620756,2.549892305475955
2019-12-03,-0.007000104279772145,0.0,-0.007000104279772145,2.4836553292333226,2.532042793435435
2019-12-04,0.005832384618759234,0.0,0.005832384618759234,2.4981409623738426,2.546810640877908
2019-12-05,0.0018543019635770988,0.0,0.0018543019635770988,2.502773270065665,2.551533196850147
2019-12-06,0.009584508817361347,0.0,0.009584508817361347,2.526761122540466,2.575988389273147
2019-12-09,-0.003564801737644907,0.0,-0.003564801737644907,2.51775372010022,2.566805501386913
2019-12-10,-0.001030655360408106,0.0,-0.001030655360408106,2.515158783732411,2.5641600095377832
2019-12-11,0.003572727043771095,0.0,0.003572727043771095,2.52414475953843,2.5733210533484154
2019-12-12,0.00827510302483213,0.0,0.00827510302483213,2.5450323174732006,2.5946155501808428
2019-12-13,0.0014085476586431001,0.0,0.0014085476586431001,2.548617116785149,2.598270189839129
2019-12-16,0.007810340013265259,0.0,0.007810340013265259,2.5685226830308685,2.6185635634681037
2019-12-17,0.0003266027847187991,0.0,0.0003266027847187991,2.5693615696917598,2.6194187936198956
2019-12-18,0.00027433185653833445,0.0,0.00027433185653833445,2.5700664274212914,2.620137383640601
2019-12-19,0.004742265282947477,0.0,0.004742265282947477,2.5822543642149203,2.6325627701915923
2019-12-20,0.004277223652986328,0.0,0.004277223652986328,2.5932992436595677,2.6438228299402273
2019-12-23,0.0018650274235892383,0.0,0.0018650274235892383,2.5981358178665657,2.648753632021177
2019-12-24,0.00017831880088202683,0.0,0.00017831880088202683,2.598599114330136,2.6492259545926706
2019-12-26,0.006366157575659659,0.0,0.006366157575659659,2.6151422057679317,2.666091344473135
2019-12-27,-0.0004167519753448092,0.0,-0.0004167519753448092,2.6140523400878704,2.6649802456388763
2019-12-30,-0.005825474038703803,0.0,-0.005825474038703803,2.5988242460448756,2.6494554724042483
2019-12-31,0.0022759359130165918,0.0,0.0022759359130165918,2.6047390034780675,2.655485463263832
2020-01-02,0.011520010630180332,0.0,0.011520010630180332,2.63474562448698,2.6860766840289205
2020-01-03,-0.008001080749165345,0.0,-0.008001080749165345,2.6136648119919497,2.6645851675815546
2020-01-06,0.004678440130623064,0.0,0.004678440130623064,2.62589268633637,2.677051269761031
2020-01-07,-0.002011179256998552,0.0,-0.002011179256998552,2.620611545434506,2.6716672397773658
2020-01-08,0.005983758075917833,0.0,0.005983758075917833,2.6362926509333433,2.6876538501995486
2020-01-09,0.007282337386699299,0.0,0.007282337386699299,2.6554910234675155,2.707226252315363
2020-01-10,-0.0027673524201188965,0.0,-0.0027673524201188965,2.648142343957119,2.6997344031942085
2020-01-13,0.008259227228991283,0.0,0.008259227228991283,2.670013953310574,2.7220321230881144
2020-01-14,-0.002249142200071397,0.0,-0.002249142200071397,2.6640087122534037,2.715909885770127
2020-01-15,0.001705066201765737,0.0,0.001705066201765737,2.668551023469876,2.7205406919233948
2020-01-16,0.008679047188121602,0.0,0.008679047188121602,2.691711503726481,2.7441523929658027
2020-01-17,0.0036616056201733693,0.0,0.0036616056201733693,2.7015674896964113,2.754200396790498
2020-01-21,-0.0015003260321114317,0.0,-0.0015003260321114317,2.6975142576641136,2.7500681982375417
2020-01-22,0.0008861626772599827,0.0,0.0008861626772599827,2.699904694120632,2.7525052060347397
2020-01-23,0.0017733652494056672,0.0,0.0017733652494056672,2.7046926112818928,2.75738640311593
2020-01-24,-0.00871450225318824,0.0,-0.00871450225318824,2.681122561426695,2.7333571530930656
2020-01-27,-0.017386304927523008,0.0,-0.017386304927523008,2.634507747025669,2.6858341721535632
2020-01-28,0.011906862054453881,0.0,0.011906862054453881,2.6658764673508935,2.717814029142534
2020-01-29,-6.697610114658747e-05,0.0,-6.697610114658747e-05,2.6656979173389717,2.7176320005552204
2020-01-30,0.003409488960865169,0.0,0.003409488960865169,2.67478658496114,2.726897736860807
2020-01-31,-0.017466366057673176,0.0,-0.017466366057673176,2.6280677833420554,2.679268742786956
2020-02-03,0.009709625160570811,0.0,0.009709625160570811,2.653585336414879,2.705283437983851
2020-02-04,0.017472408067961263,0.0,0.017472408067961263,2.6999498622558784,2.7525512541518022
2020-02-05,0.00909194595892957,0.0,0.00909194595892957,2.724497660495328,2.7775773014037344
2020-02-06,0.004939650837584719,0.0,0.004939650837584719,2.7379557276459914,2.7912975634470696
2020-02-07,-0.005025208283118199,0.0,-0.005025208283118199,2.724196929844614,2.777270711810588
2020-02-10,0.00888832361806371,0.0,0.00888832361806371,2.748410473756408,2.8019559926721307
2020-02-11,0.0012816868650858074,0.0,0.0012816868650858074,2.751933075360486,2.805547222864487
2020-02-12,0.007419588227185803,0.0,0.007419588227185803,2.772351285608434,2.826363228010066
2020-02-13,-0.0011076141456078156,0.0,-0.0011076141456078156,2.7692805901079,2.8232327081180966
2020-02-14,0.001979782558419107,0.0,0.001979782558419107,2.774763163519564,2.8288220949919873
2020-02-18,-0.001679495038113521,0.0,-0.001679495038113521,2.770102962554493,2.8240711023197425
2020-02-19,0.006212439201934705,0.0,0.006212439201934705,2.787312058792462,2.8416154723448446
2020-02-20,-0.005668604815696542,0.0,-0.005668604815696542,2.771511888233142,2.825507477193953
2020-02-21,-0.013010896840403774,0.0,-0.013010896840403774,2.735452032963388,2.7887450908863927
2020-02-24,-0.03484795691088145,0.0,-0.03484795691088145,2.640127118386897,2.691563022123751
2020-02-25,-0.0291650088715286,0.0,-0.0291650088715286,2.5631277875571796,2.6130635627052334
2020-02-26,-0.0009973078703291007,0.0,-0.0009973078703291007,2.5605715600419896,2.6104575338484772
2020-02-27,-0.047006505679769287,0.0,-0.047006505679769287,2.44020803846142,2.487749046956832
2020-02-28,-0.0017970275060262726,0.0,-0.0017970275060262726,2.4358229174958783,2.48327849349136
2020-03-02,0.020003069527537984,0.0007,0.019303069527537985,2.482841776629072,2.5329516858529075
2020-03-03,-0.009433524840805974,0.0,-0.009433524840805974,2.4594198270534506,2.509057023203853
2020-03-04,0.01269647460888712,0.0,0.01269647460888712,2.4906457884402284,2.5409132019912106
2020-03-05,-0.009000774753808404,0.0,-0.009000774753808404,2.4682280467069564,2.5180430145911097
2020-03-06,-0.004901061405221119,0.0,-0.004901061405221119,2.4561311094879565,2.5057019311556106
2020-03-09,-0.020523637923074066,0.0,-0.020523637923074066,2.4057223639052276,2.4542758119774253
2020-03-10,0.01600751531139465,0.0,0.01600751531139465,2.4442320014804046,2.4935626696160393
2020-03-11,-0.013058076185534062,0.0,-0.013058076185534062,2.412315033789953,2.4610015383027894
2020-03-12,-0.02795970973268168,0.0,-0.02795970973268168,2.3448674056614016,2.3921926496401604
2020-03-13,0.025099904425570974,0.0,0.025099904425570974,2.403723353434139,2.4522364565136816
2020-03-16,-0.036650395303967506,0.0,-0.036650395303967506,2.3156259423293997,2.3623610210036547
2020-03-17,0.022336827509845406,0.0,0.022336827509845406,2.367349679580535,2.4151286716457956
2020-03-18,-0.008467677697639975,0.0,-0.008467677697639975,2.3473037254962357,2.3946781404559694
2020-03-19,0.0016652495205899617,0.0,0.0016652495205899617,2.3512125718997976,2.398665877081331
2020-03-20,-0.011104895985817563,0.0,-0.011104895985817563,2.325102600848304,2.372028942011613
2020-03-23,6.669004494480602e-05,0.0,6.669004494480602e-05,2.3252576620452556,2.3721871327283663
2020-03-24,0.022884653517608492,0.0,0.022884653517608492,2.378470377980326,2.4264738133397845
2020-03-25,-0.0022072211856460243,0.0,-0.0022072211856460243,2.3732205677726164,2.421118048932566
2020-03-26,0.015685289427039596,0.0,0.015685289427039596,2.4104452192523333,2.459093986267103
2020-03-27,-0.010538101193939763,0.0,-0.010538101193939763,2.385043703609404,2.4331798049944116
2020-03-30,0.01083621220596821,0.0,0.01083621220596821,2.410888543302224,2.459546257696607
2020-03-31,-0.002489423653953615,0.0,-0.002489423653953615,2.4048868203354816,2.453423405064704
2020-04-01,-0.008964535972631605,0.00030000000000000003,-0.009264535972631605,2.382606659878376,2.431429602693905
2020-04-02,0.00010922621249642717,0.0,0.00010922621249642717,2.3828669029797034,2.431695178540359
2020-04-03,-0.00032786511395699325,0.0,-0.00032786511395699325,2.3820856440510134,2.430897910523538
2020-04-06,0.00010947244457581995,0.0,0.00010947244457581995,2.3823464167896566,2.4311640268603174
2020-04-07,-0.0002184405248554233,0.0,-0.0002184405248554233,2.381826015787986,2.4306329621142804
2020-04-08,0.00010906353720141482,0.0,0.00010906353720141482,2.382085786158266,2.430898055542767
2020-04-09,-0.00021850019816649358,0.0,-0.00021850019816649358,2.3815652999419408,2.430366903835908
2020-04-13,0.00021854795370024327,0.0,0.00021854795370024327,2.3820857861648466,2.4308980555494824
2020-04-14,0.00010952007969999844,0.0,0.00010952007969999844,2.3823466723899993,2.4311642876982686
2020-04-15,-0.00010943657822870545,0.0,-0.00010943657822870545,2.3820859565220185,2.430898229397511
2020-04-16,-0.00010905162161389814,0.0,-0.00010905162161389814,2.381826186185636,2.430633136003617
2020-04-17,0.0002185120930759954,0.0,0.0002185120930759954,2.3823466440109224,2.431164258737665
2020-04-20,-0.00010943660864037863,0.0,-0.00010943660864037863,2.382085928073596,2.430898200366141
2020-04-21,4.76982683350613e-08,0.0,4.76982683350613e-08,2.3820860416949703,2.430898316315776
2020-04-22,1.1916771236464285e-08,0.0,1.1916771236464285e-08,2.3820860700817446,2.4308983452842345
2020-04-23,0.00010944855590411251,0.0,0.00010944855590411251,2.382346785962154,2.4311644035976756
2020-04-24,-0.00010943660864037863,0.0,-0.00010943660864037863,2.382086070009293,2.4308983452102986
2020-04-27,0.0,0.0,0.0,2.382086070009293,2.4308983452102986
2020-04-28,1.1916771236464285e-08,0.0,1.1916771236464285e-08,2.382086098396068,2.4308983741787578
2020-04-29,-0.00010902775696175482,0.0,-0.00010902775696175482,2.38182638489187,2.430633338781619
2020-04-30,0.00021852401313959824,0.0,0.00021852401313959824,2.3823468711520985,2.4311644905332805
2020-05-01,-0.0025708892313189846,0.00030000000000000003,-0.0028708892313189845,2.3755074171744415,2.4249142359250033
2020-05-04,0.003529331358693144,0.0,0.003529331358693144,2.383891369994683,2.4334725617799946
2020-05-05,0.0033979928117102483,0.0,0.0033979928117102483,2.391991815733823,2.441741484052417
2020-05-06,0.0019279608859684714,0.0,0.0019279608859684714,2.3966034823941142,2.4464490661273164
2020-05-07,0.0037864190738485792,0.0,0.0037864190738485792,2.405678027532303,2.4557123475345
2020-05-08,0.004097727013859576,0.0,0.004097727013859576,2.4155358393723705,2.4657751863592607
2020-05-11,0.0027859291720253028,0.0,0.0027859291720253028,2.4222653511333507,2.472644661382595
2020-05-12,-0.006261763792828589,0.0,-0.006261763792828589,2.407097697661001,2.4571615445694186
2020-05-13,-0.00374382841889066,0.0,-0.00374382841889066,2.3980859368934513,2.4479623533490544
2020-05-14,0.003515138067453183,0.0,0.003515138067453183,2.4065155400592495,2.456567279005004
2020-05-15,0.0018791818743637114,0.0,0.0018791818743637114,2.4110378204425036,2.4611836157088653
2020-05-18,0.005569060500369228,0.0,0.005569060500369228,2.4244650359332263,2.4748900961672655
2020-05-19,-0.0007505293597702357,0.0,-0.0007505293597702357,2.4226454037420218,2.4730326184878875
2020-05-20,0.005961755770245836,0.0,0.005961755770245836,2.4370886239570404,2.4877762349711636
2020-05-21,-0.0031899341158488246,0.0,-0.0031899341158488246,2.4293144718121327,2.4798403926866315
2020-05-22,0.0009618588195393294,0.0,0.0009618588195393294,2.4316511293622796,2.482225649039387
2020-05-26,-0.0006437890769491203,0.0,-0.0006437890769491203,2.430085658926245,2.4806276192800123
2020-05-27,0.0015639214463105898,0.0,0.0015639214463105898,2.4338861220046115,2.4845071260141145
2020-05-28,-0.00038492719943911125,0.0,-0.00038492719943911125,2.4329492530359142,2.4835507716441114
2020-05-29,0.004389243855895786,0.0,0.004389243855895786,2.443628060596508,2.4944516816093554
2020-06-01,0.005357622058720312,0.0007,0.004657622058720312,2.45500955655485,2.507816010963158
2020-06-02,0.0077941196548299225,0.0,0.0077941196548299225,2.4741441947923897,2.527362229024903
2020-06-03,0.010633162518619232,0.0,0.010633162518619232,2.5004521721101156,2.554236082349545
2020-06-04,-0.003943126106486616,0.0,-0.003943126106486616,2.490592573872247,2.5441644073711025
2020-06-05,0.02377863187893172,0.0,0.02377863187893172,2.5498154578467562,2.6046611562534605
2020-06-08,0.010772821747945771,0.0,0.010772821747945771,2.5772841652642957,2.6327207066035774
2020-06-09,-0.0030244578729696995,0.0,-0.0030244578729696995,2.569489277879782,2.62475815373516
2020-06-10,-0.0003054459217476709,0.0,-0.0003054459217476709,2.5687044378588797,2.6239564320615276
2020-06-11,-0.05596159588329533,0.0,-0.05596159588329533,2.424955638163794,2.477115642595127
2020-06-12,0.011087006151603476,0.0,0.011087006151603476,2.4518411362414816,2.5045794389628124
2020-06-15,0.01073534207238832,0.0,0.01073534207238832,2.4781624895461873,2.5314669559875487
2020-06-16,0.018802868004454208,0.0,0.018802868004454208,2.5247590517307144,2.57906579501862
2020-06-17,-0.0019313645945291608,0.0,-0.0019313645945291608,2.5198828214884847,2.57408467865516
2020-06-18,0.0011050296945199437,0.0,0.0011050296945199437,2.5226673668329402,2.576929118661283
2020-06-19,-0.0038699178625284728,0.0,-0.0038699178625284728,2.5129048513288157,2.5669566146345058
2020-06-22,0.008102784055177625,0.0,0.008102784055177625,2.5332663766903414,2.5877561097618993
2020-06-23,0.005802281322130698,0.0,0.005802281322130698,2.5479651008717936,2.6027709987038006
2020-06-24,-0.024149424270361194,0.0,-0.024149424270361194,2.4864332106247673,2.539915577577511
2020-06-25,0.010377516458992108,0.0,0.010377516458992108,2.5122362121922106,2.566273593288272
2020-06-26,-0.02377171005997255,0.0,-0.02377171005997255,2.4525160613538137,2.505268881494059
2020-06-29,0.013532066132191864,0.0,0.013532066132191864,2.4857036708863163,2.539170345677359
2020-06-30,0.014864245728630588,0.0,0.014864245728630588,2.5226517810589293,2.576913197642359
2020-07-01,0.008395961006100183,0.0,0.008395961006100183,2.5438318670446693,2.5985488603658693
2020-07-02,0.005954844387710434,0.0,0.005954844387710434,2.5589799899614194,2.6140228144632105
2020-07-06,0.018116755335792867,0.0,0.018116755335792867,2.60534040434874,2.661380426235021
2020-07-07,-0.009306841034038605,0.0,-0.009306841034038605,2.5810929153659083,2.63661138167695
2020-07-08,0.009283884983383261,0.0,0.009283884983383261,2.6050554851235908,2.661089378490318
2020-07-09,-0.0014486150440655935,0.0,-0.0014486150440655935,2.6012817625572153,2.6572344843830336
2020-07-10,0.009198670230729655,0.0,0.009198670230729655,2.6252100956681903,2.681677508130596
2020-07-13,-0.012035233264647406,0.0,-0.012035233264647406,2.5936150797981163,2.6494028937796856
2020-07-14,0.011308846665378592,0.0,0.011308846665378592,2.6229458750445667,2.6793645848602505
2020-07-15,0.007060801461388698,0.0,0.007060801461388698,2.6414659751122245,2.6982830462366247
2020-07-16,-0.0043240215354643724,0.0,-0.0043240215354643724,2.630044219350643,2.686615612235919
2020-07-17,0.0023783654552205877,0.0,0.0023783654552205877,2.636299425667649,2.6930053659995172
2020-07-20,0.014154393213980652,0.0,0.014154393213980652,2.67361464436834,2.7311232228772346
2020-07-21,-0.0015866946853148158,0.0,-0.0015866946853148158,2.669372434221541,2.7267897641745553
2020-07-22,0.005045968557621205,0.0,0.005045968557621205,2.6828420035932035,2.7405490595878232
2020-07-23,-0.016208835554017774,0.0,-0.016208835554017774,2.6393562587395496,2.696127950553246
2020-07-24,-0.0073303675731612675,0.0,-0.0073303675731612675,2.6200088072064647,2.676364341651417
2020-07-27,0.010427472801717807,0.0,0.010427472801717807,2.647328877783871,2.7042720580314743
2020-07-28,-0.008273009119294994,0.0,-0.008273009119294994,2.625427501836192,2.6818995906343255
2020-07-29,0.012037848999766121,0.0,0.012037848999766121,2.6570320016631293,2.714183892938916
2020-07-30,-0.0008515437265816054,0.0,-0.0008515437265816054,2.6547694227307863,2.711872646672095
2020-07-31,0.010879543225867882,0.0,0.010879543225867882,2.6836521014200985,2.741376582354613
2020-08-03,0.00890046526362298,0.0,0.00890046526362298,2.7075378537284367,2.765776109400369
2020-08-04,0.0038338351157300335,0.0,0.0038338351157300335,2.717918107429229,2.7763796389708357
2020-08-05,0.005084711611782321,0.0,0.005084711611782321,2.7317379371899477,2.7904967287598264
2020-08-06,0.00866732884935337,0.0,0.00866732884935337,2.755414808221827,2.8146828815610325
2020-08-07,-0.002957580048089614,0.0,-0.002957580048089614,2.747265448360819,2.806358231628828
2020-08-10,0.0008106296363292519,0.0,0.0008106296363292519,2.749492463152124,2.808633148781543
2020-08-11,-0.011447878352356621,0.0,-0.011447878352356621,2.718016607903237,2.776480258157896
2020-08-12,0.017230195371272194,0.0,0.017230195371272194,2.764848565079772,2.8243195554504363
2020-08-13,-0.0005796980028072272,0.0,-0.0005796980028072272,2.763245787888531,2.8226823030448522
2020-08-14,-0.00032791716300587523,0.0,-0.00032791716300587523,2.7623396721690785,2.821756697071971
2020-08-17,0.0056972780739089285,0.0,0.0056972780739089285,2.778077489416016,2.8378330296321046
2020-08-18,0.004392123248995605,0.0,0.004392123248995605,2.7902791481447915,2.8502971420583196
2020-08-19,-0.004928487926407455,0.0,-0.004928487926407455,2.7765272910518535,2.8362494870070116
2020-08-20,0.006390074274212853,0.0,0.006390074274212853,2.794269506666054,2.854373331889185
2020-08-21,0.004564176851986501,0.0,0.004564176851986501,2.8070230468665907,2.8674011965775206
2020-08-24,0.008974250732870958,0.0,0.008974250732870958,2.832213975502119,2.8931339738673416
2020-08-25,0.004815173038097464,0.0,0.004815173038097464,2.8458515758750793,2.9070649145739114
2020-08-26,0.013386388653554238,0.0,0.013386388653554238,2.883947251120073,2.9459800153615094
2020-08-27,0.0006030933075533932,0.0,0.0006030933075533932,2.8856865404065606,2.94775671619296
2020-08-28,0.006039072779729637,0.0,0.006039072779729637,2.903113411443562,2.9655584335389866
2020-08-31,-0.0001305848404044686,0.0,-0.0001305848404044686,2.9027343088420525,2.965171176564233
2020-09-01,0.011686575839213065,0.0,0.011686575839213065,2.9366573334834207,2.9998238743953993
2020-09-02,0.012936268462469622,0.0,0.012936268462469622,2.9746467211316423,3.038630401374704
2020-09-03,-0.039571057041659516,0.0,-0.039571057041659516,2.856936806050957,2.918388584433385
2020-09-04,-0.00971095149449861,0.0,-0.00971095149449861,2.829193231304548,2.890048254447854
2020-09-08,-0.033770035888213756,0.0,-0.033770035888213756,2.733651274348702,2.7924512211764805
2020-09-09,0.022524044823872245,0.0,0.022524044823872245,2.7952241581849675,2.8553485176507363
2020-09-10,-0.01793761598198852,0.0,-0.01793761598198852,2.7450845006518683,2.804130372446377
2020-09-11,-0.0016772610727468825,0.0,-0.0016772610727468825,2.740480277277524,2.7994271137297657
2020-09-14,0.014411137220834092,0.0,0.014411137220834092,2.77997371460436,2.839770042005449
2020-09-15,0.007803554628380404,0.0,0.007803554628380404,2.8016673913517365,2.8619303426602767
2020-09-16,-0.007523885089092509,0.0,-0.007523885089092509,2.7805879678413485,2.8403975076291137
2020-09-17,-0.010688970083016005,0.0,-0.010688970083016005,2.750866346239898,2.810036583646193
2020-09-18,-0.011832436062811157,0.0,-0.011832436062811157,2.7183168960806756,2.776787005436039
2020-09-21,-0.006935509253779936,0.0,-0.006935509253779936,2.6994639840932018,2.7575285734640613
2020-09-22,0.012659015515863792,0.0,0.012659015515863792,2.7336365405523533,2.792436170460981
2020-09-23,-0.025372868133625714,0.0,-0.025372868133625714,2.664276341083658,2.7215840557363076
2020-09-24,0.003332588339479781,0.0,0.003332588339479781,2.6731552773511047,2.730653975025368
2020-09-25,0.018317329660544356,0.0,0.018317329660544356,2.7221203438001687,2.780672264074784
2020-09-28,0.0178167963360075,0.0,0.0178167963360075,2.770619807567759,2.830214935480989
2020-09-29,-0.005168827486334626,0.0,-0.005168827486334626,2.7562989517522194,2.81558604273024
2020-09-30,0.007352448663853894,0.0,0.007352448663853894,2.776564498297212,2.8362874945680776
2020-10-01,0.00926013499040128,0.0,0.00926013499040128,2.802275860361,2.862551899639365
2020-10-02,-0.015054884447819496,0.0,-0.015054884447819496,2.7600879210923512,2.819456511564408
2020-10-05,0.018729020263656103,0.0,0.018729020263656103,2.811781663695962,2.8722621697019948
2020-10-06,-0.015312285484157117,0.0,-0.015312285484157117,2.768726860142331,2.8282812713741734
2020-10-07,0.017300576344098005,0.0,0.017300576344098005,2.8166274305621783,2.877212167432165
2020-10-08,0.007798196405004209,0.0,0.007798196405004209,2.8385920444654245,2.899649233012669
2020-10-09,0.010804969309919941,0.0,0.010804969309919941,2.869262944389256,2.9309798539849035
2020-10-12,0.020408016594718425,0.0,0.020408016594718425,2.927818910172963,2.990795339483813
2020-10-13,-0.0045683891427771624,0.0,-0.0045683891427771624,2.9144434940517114,2.9771322225266466
2020-10-14,-0.00688474839846267,0.0,-0.00688474839846267,2.894378283873629,2.956635416225595
2020-10-15,-0.002734360669173019,0.0,-0.002734360669173019,2.8864640097324967,2.948550908630384
2020-10-16,-0.002033391976810084,0.0,-0.002033391976810084,2.8805946969737555,2.9425553488695586
2020-10-19,-0.015440065592005815,0.0,-0.015440065592005815,2.8361181259084964,2.897122101274905
2020-10-20,0.0034498007331829395,0.0,0.0034498007331829395,2.845902168298649,2.9071165952240032
2020-10-21,-0.0015568989535259647,0.0,-0.0015568989535259647,2.8414713861909875,2.902590508439121
2020-10-22,0.003829569807452515,0.0,0.003829569807452515,2.8523529992202845,2.9137061814136374
2020-10-23,0.002969135348341589,0.0,0.002969135348341589,2.860822021336218,2.922357369431554
2020-10-26,-0.01751086155071234,0.0,-0.01751086155071234,2.8107265629993705,2.871184374133734
2020-10-27,-7.154554291663993e-05,0.0,-7.154554291663993e-05,2.81052546804143,2.870978953688873
2020-10-28,-0.03594209551711612,0.0,-0.03594209551711612,2.7095092932157976,2.7677899539077573
2020-10-29,0.012336633614303393,0.0,0.012336633614303393,2.7429355166407507,2.801935164490467
2020-10-30,-0.014965504708386689,0.0,-0.014965504708386689,2.7018861022516627,2.7600027905936906
2020-11-02,0.00853301151482111,0.0,0.00853301151482111,2.724941327473911,2.7835539261867646
2020-11-03,0.017474874045881147,0.0,0.017474874045881147,2.772559333953934,2.8321961804467963
2020-11-04,0.028842557597086493,0.0,0.028842557597086493,2.8525270362348403,2.9138839619075814
2020-11-05,0.021419815872731562,0.0,0.021419815872731562,2.913627640122979,2.976298819846147
2020-11-06,6.669722080567832e-05,0.0,6.669722080567832e-05,2.9138219709890376,2.9764973307057176
2020-11-09,0.0034737602000098483,0.0,0.0034737602000098483,2.9239438897817736,2.986836968668559
2020-11-10,-0.0064194992221791695,0.0,-0.0064194992221791695,2.9051736342556236,2.967662971071415
2020-11-11,0.011871448837749175,0.0,0.011871448837749175,2.939662254419467,3.002893430200172
2020-11-12,-0.00820470005896049,0.0,-0.00820470005896049,2.9155432073473078,2.978255590296357
2020-11-13,0.012285623365514264,0.0,0.012285623365514264,2.95136247309866,3.0148453167649754
2020-11-16,0.011056646848756334,0.0,0.011056646848756334,2.9839946456863835,3.0481793967360726
2020-11-17,-0.00470658284831864,0.0,-0.00470658284831864,2.9699502276675216,3.0338328878687966
2020-11-18,-0.010637357037074148,0.0,-0.010637357037074148,2.9383578067134826,3.0015609242497185
2020-11-19,0.00530827377129276,0.0,0.00530827377129276,2.9539554143895335,3.017494031376851
2020-11-20,-0.0068494967516857345,0.0,-0.0068494967516857345,2.933722306374048,2.996825715810704
2020-11-23,0.004208506859907179,0.0,0.004208506859907179,2.946068896825486,3.009437877393639
2020-11-24,0.015437854962051922,0.0,0.015437854962051922,2.9915498811628902,3.0558971428621478
2020-11-25,0.0007617196688591177,0.0,0.0007617196688591177,2.9938286035477453,3.0582248798218763
2020-11-27,0.004710079071159101,0.0,0.004710079071159101,3.0079297729959533,3.072629360823224
2020-11-30,-0.002490695646892116,0.0,-0.002490695646892116,3.0004379354041952,3.0649763762497084
2020-12-01,0.01148110549056045,0.0,0.01148110549056045,3.03488627985845,3.100165693351507
2020-12-02,0.0018768797347339609,0.0,0.0018768797347339609,3.0405823964143384,3.1059843315156757
2020-12-03,0.0002337167895480663,0.0,0.0002337167895480663,3.0412930315703846,3.1067102522020242
2020-12-04,0.00724621623536712,0.0,0.00724621623536712,3.0633308985122585,3.1292221464701115
2020-12-07,0.0002596979587991654,0.0,0.0002596979587991654,3.064126439293729,3.130034799074179
2020-12-08,0.0030837010460259763,0.0,0.0030837010460259763,3.073575289199735,3.139686890658182
2020-12-09,-0.013060780310005715,0.0,-0.013060780310005715,3.033431997581235,3.0986801299370907
2020-12-10,0.0010092697627355875,0.0,0.0010092697627355875,3.0364935487737084,3.1018075340966256
2020-12-11,-0.0014655661680853744,0.0,-0.0014655661680853744,3.0320433665590163,3.0972616299147413
2020-12-14,-0.0009130862759370246,0.0,-0.0009130862759370246,3.0292748493729653,3.0944335628274797
2020-12-15,0.012631847316094146,0.0,0.012631847316094146,3.067540186748729,3.133521975122914
2020-12-16,0.002746608224112523,0.0,0.002746608224112523,3.075965517853449,3.142128532350224
2020-12-17,0.005871021284244059,0.0,0.005871021284244059,3.0940245768783674,3.160576035841483
2020-12-18,-0.0036956731540782493,0.0,-0.0036956731540782493,3.0825900733115397,3.1488955798344005
2020-12-21,-0.0029771237311077108,0.0,-0.0029771237311077108,3.073412821251007,3.1395209280768954
2020-12-22,-0.00036229621585495133,0.0,-0.00036229621585495133,3.072299335416108,3.138383491525056
2020-12-23,-0.0008775979083684663,0.0,-0.0008775979083684663,3.069603091945465,3.1356292527372354
2020-12-24,0.004043861253145553,0.0,0.004043861253145553,3.0820161409515188,3.148309302376609
2020-12-28,0.009027471134409692,0.0,0.009027471134409692,3.109838952699743,3.1767305737260068
2020-12-29,-0.001042784286620779,0.0,-0.001042784286620779,3.1065960615059467,3.1734179290008977
2020-12-30,0.0010142218496938305,0.0,0.0010142218496938305,3.1097468391096985,3.1766364788027004
2020-12-31,0.00429712065813217,0.0,0.00429712065813217,3.123109796493598,3.1902868690391397
2021-01-04,-0.01369525919708945,0.0,-0.01369525919708945,3.080337998329649,3.1465950634545776
2021-01-05,0.0073173741170469925,0.0,0.0073173741170469925,3.1028779838703824,3.169619876728728
2021-01-06,6.926721500479828e-05,0.0,6.926721500479828e-05,3.103092911586825,3.169839427470213
2021-01-07,0.017579300450069765,0.0,0.017579300450069765,3.1576431142040913,3.225562987144189
2021-01-08,0.007828882189220732,0.0,0.007828882189220732,3.182363930140799,3.250815539764452
2021-01-11,-0.009053791353357743,0.0,-0.009053791353357743,3.153551471106853,3.2213833341391718
2021-01-12,-0.00032910489855564323,0.0,-0.00032910489855564323,3.1525136218698644,3.220323161103781
2021-01-13,0.003910072681970955,0.0,0.003910072681970955,3.164840179262279,3.2329148587231313
2021-01-14,-0.004044452160030853,0.0,-0.004044452160030853,3.1520401345631095,3.2198394892395727
2021-01-15,-0.007491309466248741,0.0,-0.007491309466248741,3.1284272264650608,3.1957186751940307
2021-01-19,0.009853393477654059,0.0,0.009853393477654059,3.159252850893627,3.227207348744605
2021-01-20,0.01659213602443272,0.0,0.01659213602443272,3.211671603931231,3.2807536120540246
2021-01-21,0.0030341018235420566,0.0,0.0030341018235420566,3.221416142601337,3.29070775257095
2021-01-22,-0.0033354571721221247,0.0,-0.0033354571721221247,3.2106712470241074,3.279731737796279
2021-01-25,0.005245654851265558,0.0,0.005245654851265558,3.2275133202268784,3.2969360784975
2021-01-26,-0.000645564243717367,0.0,-0.000645564243717367,3.225429753031219,3.2948076944514004
2021-01-27,-0.025615177808489355,0.0,-0.025615177808489355,3.142809796398532,3.210410609513249
2021-01-28,0.007780514594997911,0.0,0.007780514594997911,3.167262473888713,3.2353892561165027
2021-01-29,-0.020405548907331136,0.0,-0.020405548907331136,3.1026327445754225,3.1693693624165635
2021-02-01,0.019055785440990403,0.0,0.019055785440990403,3.1617558484582426,3.229764184970022
2021-02-02,0.014741250299135443,0.0,0.014741250299135443,3.2083640828051214,3.277374947227848
2021-02-03,-0.0006170408726534739,0.0,-0.0006170408726534739,3.206384391031677,3.275352672930398
2021-02-04,0.011477481419488655,0.0,0.011477481419488655,3.243185608303482,3.3129454723762293
2021-02-05,0.00377653625893366,0.0,0.00377653625893366,3.255433616347692,3.3254569310765283
2021-02-08,0.007053994891111647,0.0,0.007053994891111647,3.278397428445762,3.348914687278954
2021-02-09,-0.0005240402700539273,0.0,-0.0005240402700539273,3.276679416172015,3.347159721121845
2021-02-10,-0.0009622675374936765,0.0,-0.0009622675374936765,3.273526373939059,3.343938857979403
2021-02-11,0.002782199556990405,0.0,0.002782199556990405,3.282633977566429,3.3532423631886763
2021-02-12,0.0051522522748681295,0.0,0.0051522522748681295,3.299546935944905,3.3705191137825996
2021-02-16,-0.0014039615418995235,0.0,-0.0014039615418995235,3.294914498941146,3.365787034570612
2021-02-17,-0.0012500444455229463,0.0,-0.0012500444455229463,3.290795709373272,3.361579651183234
2021-02-18,-0.004253895140771536,0.0,-0.004253895140771536,3.276797009495897,3.347279843839749
2021-02-19,-0.0025210955344463822,0.0,-0.0025210955344463822,3.26853589118797,3.3388410315729025
2021-02-22,-0.013211683835221222,0.0,-0.013211683835221222,3.2253530283895215,3.2947293194876974
2021-02-23,6.0029895971026176e-05,0.0,6.0029895971026176e-05,3.2255466459962854,3.2949271017459987
2021-02-24,0.010259464527008322,0.0,0.010259464527008322,3.2586390273910952,3.3287312894654404
2021-02-25,-0.027443535332016166,0.0,-0.027443535332016166,3.169210452108601,3.237379134712208
2021-02-26,-0.002296554631893377,0.0,-0.002296554631893377,3.161932187165366,3.2299443166651893
2021-03-01,0.02582684596163858,0.0,0.02582684596163858,3.243594922704433,3.3133635909963712
2021-03-02,-0.01025909647683848,0.0,-0.01025909647683848,3.210318569460625,3.2793714742534954
2021-03-03,-0.018020710307603736,0.0,-0.018020710307603736,3.152466348525254,3.220274870924954
2021-03-04,-0.01358242924471299,0.0,-0.01358242924471299,3.109648197400071,3.1765357153420886
2021-03-05,0.01732133376262006,0.0,0.01732133376262006,3.1635114517115674,3.231557550676412
2021-03-08,-0.011979309988986808,0.0,-0.011979309988986808,3.125614767377805,3.1928457210296086
2021-03-09,0.021695265397549575,0.0,0.021695265397549575,3.1934258092865666,3.262115356320776
2021-03-10,0.003572600004767357,0.0,0.003572600004767357,3.204834642348048,3.273769589658319
2021-03-11,0.013957179286411714,0.0,0.013957179286411714,3.249565094034603,3.3194621787635827
2021-03-12,-0.001457564816630185,0.0,-0.001457564816630185,3.2448286422841885,3.3146238474816823
2021-03-15,0.0073738257448553,0.0,0.0073738257448553,3.2687554432643076,3.339065306142754
2021-03-16,0.0007704848643660719,0.0,0.0007704848643660719,3.2712739698586573,3.341638005422267
2021-03-17,0.0036800460767386868,0.0,0.0036800460767386868,3.2833124087973733,3.3539353872540025
2021-03-18,-0.019482861027126173,0.0,-0.019482861027126173,3.219344089428135,3.2885911302101722
2021-03-19,-0.00023738349927340233,0.0,-0.00023738349927340233,3.2185798702628214,3.2878104729400035
2021-03-22,0.011183437714336763,0.0,0.011183437714336763,3.2545746577705237,3.324579496580672
2021-03-23,-0.006817389530010732,0.0,-0.006817389530010732,3.2323869545740007,3.3019145431289947
2021-03-24,-0.008565836109939539,0.0,-0.008565836109939539,3.2046988576772133,3.273630884303526
2021-03-25,0.0034533238524271804,0.0,0.0034533238524271804,3.2157657206822763,3.2849357919203337
2021-03-26,0.01575529885972684,0.0,0.01575529885972684,3.2664310706744906,3.3366909370570523
2021-03-29,-0.00042830855791182705,0.0,-0.00042830855791182705,3.2650320302930913,3.3352618037736037
2021-03-30,-0.0033628520545995627,0.0,-0.0033628520545995627,3.254052210621687,3.3240458117641563
2021-03-31,0.007409125400650574,0.0,0.007409125400650574,3.278161891510447,3.3486740840210243
2021-04-01,0.012635913648267926,0.0,0.012635913648267926,3.3195844620966155,3.3909876405829067
2021-04-05,0.015972491541700617,0.0,0.015972491541700617,3.3726064968394143,3.4451501619901284
2021-04-06,-0.000620963104175276,0.0,-0.000620963104175276,3.3705122326399755,3.443010850851189
2021-04-07,0.0015379238323277808,0.0,0.0015379238323277808,3.3756958237297052,3.4483059392936766
2021-04-08,0.006445411065089379,0.0,0.006445411065089379,3.3974535709443487,3.4705316885506132
2021-04-09,0.006921199610011808,0.0,0.006921199610011808,3.420968025274602,3.4945519311199433
2021-04-12,-0.00013250397675125232,0.0,-0.00013250397675125232,3.4205147334069146,3.4940888890921062
2021-04-13,0.005567394118163238,0.0,0.005567394118163238,3.4395580870147753,3.5135418590215775
2021-04-14,-0.005990416618017203,0.0,-0.005990416618017203,3.418953701091686,3.4924942794811953
2021-04-15,0.01202947319054912,0.0,0.01202947319054912,3.460081912978697,3.53450714578436
2021-04-16,0.0026911931592783263,0.0,0.0026911931592783263,3.4693936617534478,3.5440191872365157
2021-04-19,-0.006195120937042364,0.0,-0.006195120937042364,3.447900348440677,3.522063559768387
2021-04-20,-0.007324319332019146,0.0,-0.007324319332019146,3.422646825263717,3.4962668415489753
2021-04-21,0.009218967458422,0.0,0.009218967458422,3.454200094967495,3.528498811787175
2021-04-22,-0.010015883755844592,0.0,-0.010015883755844592,3.419603228346873,3.493157777855679
2021-04-23,0.011350825606213387,0.0,0.011350825606213387,3.4584185482342824,3.5328080026071067
2021-04-26,0.0034128606273200243,0.0,0.0034128606273200243,3.4702216487303446,3.5448649839430857
2021-04-27,-0.0014485126841290107,0.0,-0.0014485126841290107,3.4651949886554196,3.539730202050319
2021-04-28,-0.0012157658854303976,0.0,-0.0012157658854303976,3.4609821228018482,3.535426718827039
2021-04-29,0.005562457385624853,0.0,0.005562457385624853,3.480233688372343,3.555092379290514
2021-04-30,-0.006567194328779824,0.0,-0.006567194328779824,3.4573783174312354,3.5317453967789487
2021-05-03,-6.762145317205145e-05,0.0,-6.762145317205145e-05,3.457144524485245,3.5315065750229846
2021-05-04,-0.009745110433744718,0.0,-0.009745110433744718,3.4234542693087207,3.49709165345189
2021-05-05,-0.000759625849935875,0.0,-0.000759625849935875,3.4208537249496804,3.494435172232333
2021-05-06,0.007852140992575939,0.0,0.007852140992575939,3.447714750712964,3.521873969894118
2021-05-07,0.007523089145754457,0.0,0.007523089145754457,3.4736522161317107,3.5483693417297437
2021-05-10,-0.014528049655669784,0.0,-0.014528049655669784,3.423186824249222,3.4968184557364377
2021-05-11,-0.0065421840500736305,0.0,-0.0065421840500736305,3.4007917060071966,3.4739416258093154
2021-05-12,-0.02275678918198526,0.0,-0.02275678918198526,3.3234006061017465,3.3948858686002494
2021-05-13,0.010710886442845034,0.0,0.010710886442845034,3.358997172597785,3.4312481056252464
2021-05-14,0.01729489651166036,0.0,0.01729489651166036,3.4170906810808237,3.490591186517866
2021-05-17,-0.003601344738551526,0.0,-0.003601344738551526,3.4047845595353596,3.478020364313865
2021-05-18,-0.008043019106382077,0.0,-0.008043019106382077,3.377399812269902,3.450046580071303
2021-05-19,-0.0013112932913650222,0.0,-0.0013112932913650222,3.372971050553815,3.4455225571359587
2021-05-20,0.013299476478868331,0.0,0.013299476478868331,3.4178297997045592,3.4913462033419984
2021-05-21,-0.00220620648721479,0.0,-0.00220620648721479,3.410289361428255,3.4836435726990724
2021-05-24,0.012143389430527774,0.0,0.012143389430527774,3.4517018332148646,3.5259468132395124
2021-05-25,-0.0011236930557784732,0.0,-0.0011236930557784732,3.4478231798342636,3.521984731290431
2021-05-26,0.0024328924490999437,0.0,0.0024328924490999437,3.4562113628143143,3.530553341349033
2021-05-27,-0.0007520290373687179,0.0,-0.0007520290373687179,3.453612191510194,3.5278982627183595
2021-05-28,0.0022053312547862243,0.0,0.0022053312547862243,3.4612285504180424,3.5356784470208384
2021-06-01,-0.001575994725545038,0.0,-0.001575994725545038,3.455773672478678,3.5301062364371103
2021-06-02,0.0016867888167217515,0.0,0.0016867888167217515,3.4616028328625363,3.5360607801585724
2021-06-03,-0.005715067161424092,0.0,-0.005715067161424092,3.441819540186551,3.5158519553130883
2021-06-04,0.011459537362911009,0.0,0.011459537362911009,3.4812611998037157,3.556141992157462
2021-06-07,0.00021695039961338051,0.0,0.00021695039961338051,3.4820164608121718,3.556913498583743
2021-06-08,0.0003027019085135472,0.0,0.0003027019085135472,3.483070473840335,3.5579901830881817
2021-06-09,-0.0009626821045965682,0.0,-0.0009626821045965682,3.47971738422612,3.5545649696105923
2021-06-10,0.006373639590450274,0.0,0.006373639590450274,3.501895848709802,3.57722048562773
2021-06-11,0.0019410260124193002,0.0,0.0019410260124193002,3.508693119644931,3.5841639636424927
2021-06-14,0.004438403055180684,0.0,0.004438403055180684,3.5242661139068545,3.600071927928992
2021-06-15,-0.0032442806642295373,0.0,-0.0032442806642295373,3.512832405497907,3.5883922841833766
2021-06-16,-0.005000406528616575,0.0,-0.005000406528616575,3.49526681540352,3.5704488639783087
2021-06-17,0.0035920908094408946,0.0,0.0035920908094408946,3.5078221312076745,3.583274240528184
2021-06-18,-0.011832108781512727,0.0,-0.011832108781512727,3.4663171981650276,3.540876549920262
2021-06-21,0.011853738979741046,0.0,0.011853738979741046,3.507406017453063,3.582849176302503
2021-06-22,0.00654076124254005,0.0,0.00654076124254005,3.530347122793872,3.6062837373327294
2021-06-23,-0.0006967373370224904,0.0,-0.0006967373370224904,3.5278873981407717,3.6037711048050327
2021-06-24,0.005993177199354371,0.0,0.005993177199354371,3.5490306524571986,3.6253691436220428
2021-06-25,0.002116914871680997,0.0,0.002116914871680997,3.5565436482254373,3.63304374147751
2021-06-28,0.005049530257106416,0.0,0.005049530257106416,3.574502522987871,3.6513889057754914
2021-06-29,0.001463203978035399,0.0,0.001463203978035399,3.579732749299004,3.656731632547776
2021-06-30,0.00011730412178290195,0.0,0.00011730412178290195,3.5801526667053785,3.6571605822405284
2021-07-01,0.003989810041263064,0.0,0.003989810041263064,3.594436795764254,3.6717519582540628
2021-07-02,0.008774604552002229,0.0,0.008774604552002229,3.6259765572342517,3.703970129700782
2021-07-06,2.0540964628923387e-05,0.0,2.0540964628923387e-05,3.6260510382904596,3.704046212820203
2021-07-07,0.003112367022223372,0.0,0.003112367022223372,3.637336639962933,3.7155745641017757
2021-07-08,-0.00743298320120549,0.0,-0.00743298320120549,3.6103003778209595,3.687956760783981
2021-07-09,0.009331344850234801,0.0,0.009331344850234801,3.64398933565934,3.722370357111611
2021-07-12,0.003679878582424956,0.0,0.003679878582424956,3.657398773970218,3.7360682280646
2021-07-13,-0.0023879625883924116,0.0,-0.0023879625883924116,3.6486650425271443,3.7271466369083
2021-07-14,0.0015998054870887454,0.0,0.0015998054870887454,3.654502196882728,3.7331093465492104
2021-07-15,-0.004498660924992947,0.0,-0.004498660924992947,3.6380618306493107,3.7163153534031634
2021-07-16,-0.007890770709481075,0.0,-0.007890770709481075,3.609354718916742,3.686990761065335
2021-07-19,-0.012814369011203173,0.0,-0.012814369011203173,3.563103115656215,3.639744300912147
2021-07-20,0.013494161341618183,0.0,0.013494161341618183,3.6111842039757027,3.688859597750891
2021-07-21,0.007976131475987058,0.0,0.007976131475987058,3.63998748397062,3.7182824268990085
2021-07-22,0.0034474100255156067,0.0,0.0034474100255156067,3.6525360133156113,3.7311008710151983
2021-07-23,0.010677728045313884,0.0,0.010677728045313884,3.6915367995415105,3.7709405514255323
2021-07-26,0.001960010898322395,0.0,0.001960010898322395,3.69877225190017,3.7783316360032524
2021-07-27,-0.006501360252406607,0.0,-0.006501360252406607,3.6747252009989615,3.7537673408845302
2021-07-28,0.0008667513127033177,0.0,0.0008667513127033177,3.6779102738907516,3.7570209236548253
2021-07-29,0.0034348249763906154,0.0,0.0034348249763906154,3.6905432519604355,3.7699256329602173
2021-07-30,-0.00493756743304018,0.0,-0.00493756743304018,3.6723209457893295,3.7513113709299297
2021-08-02,-0.0014191526759084307,0.0,-0.0014191526759084307,3.6671093616923183,3.7459876873597087
2021-08-03,0.007502558121659163,0.0,0.007502558121659163,3.6946220628168955,3.7740921777071446
2021-08-04,-0.003013832955399698,0.0,-0.003013832955399698,3.6834870890862312,3.7627176943252545
2021-08-05,0.00632615918470667,0.0,0.00632615918470667,3.706789414766602,3.7865212454266683
2021-08-06,-0.00015942566674798098,0.0,-0.00015942566674798098,3.7061984573926585,3.785917576752461
2021-08-09,-1.543340417959894e-05,0.0,-1.543340417959894e-05,3.7061412581338957,3.785859147156308
2021-08-10,-0.0006641091739942537,0.0,-0.0006641091739942537,3.7036799757242505,3.783344923365231
2021-08-11,0.0012298653279501303,0.0,0.0012298653279501303,3.708235003312217,3.787997928110154
2021-08-12,0.0031822132375648677,0.0,0.0031822132375648677,3.720035397827759,3.8000521452608544
2021-08-13,0.002325480640846433,0.0,0.002325480640846433,3.7286862681286705,3.8088890929588652
2021-08-16,0.0017938160882914663,0.0,0.0017938160882914663,3.7353748455446314,3.815721539492333
2021-08-17,-0.007235773932809352,0.0,-0.007235773932809352,3.7083465176079677,3.788111841042015
2021-08-18,-0.010566968055213465,0.0,-0.010566968055213465,3.6691605384187422,3.748082984228148
2021-08-19,0.0025885509759032577,0.0,0.0025885509759032577,3.6786583475112113,3.757785088094738
2021-08-20,0.008666604572338431,0.0,0.008666604572338431,3.710539824765823,3.790352325521085
2021-08-23,0.010620668567229962,0.0,0.010620668567229962,3.749948238450168,3.830608401323474
2021-08-24,0.002026814795950349,0.0,0.002026814795950349,3.7575486890239067,3.838372335108768
2021-08-25,0.00181291146704019,0.0,0.00181291146704019,3.7643607921302,3.8453309643298565
2021-08-26,-0.0060425729127064455,0.0,-0.0060425729127064455,3.74161436757402,3.8220952716044057
2021-08-27,0.009161033480296909,0.0,0.009161033480296909,3.7758914220657256,3.857109614352458
2021-08-30,0.0064360025240981274,0.0,0.0064360025240981274,3.800193068788861,3.8819339815661538
2021-08-31,-0.0012816045026586395,0.0,-0.0012816045026586395,3.7953227242409286,3.876958877496355
2021-09-01,0.0008730149047462387,0.0,0.0008730149047462387,3.798636097547513,3.8803435203814973
2021-09-02,0.002017125632832095,0.0,0.002017125632832095,3.806298423789677,3.8881706607606525
2021-09-03,0.0007630354638598178,0.0,0.0007630354638598178,3.8092027644730626,3.8911374728643526
2021-09-07,-0.0020800180748596683,0.0,-0.0020800180748596683,3.801279553872153,3.8830438365890307
2021-09-08,-0.00189737929860756,0.0,-0.00189737929860756,3.794067084738416,3.875676229597901
2021-09-09,-0.004028779716416497,0.0,-0.004028779716416497,3.7787816242246985,3.8600619838166996
2021-09-10,-0.007738997152548455,0.0,-0.007738997152548455,3.7495376439947212,3.8301889751152816
2021-09-13,0.0016206440837953301,0.0,0.0016206440837953301,3.7556143099944292,3.83639634821762
2021-09-14,-0.0046008469823328405,0.0,-0.0046008469823328405,3.7383353032294853,3.81874567565589
2021-09-15,0.008069882452005173,0.0,0.008069882452005173,3.7685032296927283,3.8495625043725363
2021-09-16,-0.0008990001678798373,0.0,-0.0008990001678798373,3.765115344656579,3.8461017470348415
2021-09-17,-0.010385661931095524,0.0,-0.010385661931095524,3.726012129555395,3.8061574345375417
2021-09-20,-0.01791382181644404,0.0,-0.01791382181644404,3.6592650121806303,3.7379746084499024
2021-09-21,-0.00025946409026547136,0.0,-0.00025946409026547136,3.6583155643132046,3.7370047382686855
2021-09-22,0.009609223024133761,0.0,0.009609223024133761,3.69346913446335,3.772914450240954
2021-09-23,0.011243135959296068,0.0,0.011243135959296068,3.7349953101035855,3.8153338403678063
2021-09-24,0.0014634277932049078,0.0,0.0014634277932049078,3.740461206047881,3.8209173059501556
2021-09-27,-0.004397014574429236,0.0,-0.004397014574429236,3.7240143436098014,3.8041166768682038
2021-09-28,-0.02271896809768966,0.0,-0.02271896809768966,3.6394085805419913,3.717691071446546
2021-09-29,0.0006961250152049511,0.0,0.0006961250152049511,3.641942063895458,3.7202790492001836
2021-09-30,-0.009606174018504377,0.0,-0.009606174018504377,3.606956934664367,3.684541401256171
2021-10-01,0.010154380890341973,0.0,0.010154380890341973,3.6435833492340093,3.72195563805076
2021-10-04,-0.01536692155582987,0.0,-0.01536692155582987,3.5875926897242025,3.6647606377265554
2021-10-05,0.011306102886122903,0.0,0.011306102886122903,3.628154381787727,3.7061947985497055
2021-10-06,0.004956562071034686,0.0,0.004956562071034686,3.646137554184355,3.7245647831160635
2021-10-07,0.008799810607115387,0.0,0.008799810607115387,3.6782228741086684,3.757340247801417
2021-10-08,-0.0027603947608963453,0.0,-0.0027603947608963453,3.66806952695757,3.746968505466481
2021-10-11,-0.0073794627246329125,0.0,-0.0073794627246329125,3.641001144612025,3.719317891050018
2021-10-12,-0.002752494392293992,0.0,-0.002752494392293992,3.6309793093791445,3.709080489411744
2021-10-13,0.004916141118139804,0.0,0.004916141118139804,3.648829716061098,3.727314852516231
2021-10-14,0.017225585411672982,0.0,0.017225585411672982,3.7116829439877588,3.791520032864447
2021-10-15,0.007209554735859935,0.0,0.007209554735859935,3.7384425253345963,3.8188552040734924
2021-10-18,0.005125512056333079,0.0,0.005125512056333079,3.7576039575701072,3.8384287924633615
2021-10-19,0.007656025483479278,0.0,0.007656025483479278,3.7863722692260864,3.8678159011149815
2021-10-20,0.0023569520801718924,0.0,0.0023569520801718924,3.7952965672223438,3.8769321578488363
2021-10-21,0.0036673202307256677,0.0,0.0036673202307256677,3.8092151351049215,3.891150109584466
2021-10-22,-0.0032513721946366143,0.0,-0.0032513721946366143,3.7968299589312524,3.878498532313006
2021-10-25,0.006812997309072277,0.0,0.006812997309072277,3.8226977512244558,3.904922732376895
2021-10-26,0.0015868362229136232,0.0,0.0015868362229136232,3.8287637464853495,3.91111920521631
2021-10-27,-0.0024010051751825246,0.0,-0.0024010051751825246,3.819570864915487,3.90172858776383
2021-10-28,0.010061781601910092,0.0,0.010061781601910092,3.8580025527712856,3.940986928683839
2021-10-29,0.002956729225778343,0.0,0.002956729225778343,3.869409621672192,3.952639359914289
2021-11-01,0.002229820672269056,0.0,0.002229820672269056,3.8780377112360735,3.96145303686905
2021-11-02,0.004086412688193352,0.0,0.004086412688193352,3.8938849737445613,3.9776411688225943
2021-11-03,0.007461491705988009,0.0,0.007461491705988009,3.922939164180228,4.0073203054131605
2021-11-04,0.0071316329972243905,0.0,0.0071316329972243905,3.9509161265695996,4.035899043133693
2021-11-05,0.002725746837371556,0.0,0.002725746837371556,3.961685323706317,4.046899882186465
2021-11-08,0.0001939396525837522,0.0,0.0001939396525837522,3.9624536515816433,4.0476847365436575
2021-11-09,-0.0043683392391598245,0.0,-0.0043683392391598245,3.945144309812087,4.0300030764812655
2021-11-10,-0.010068240461875332,0.0,-0.010068240461875332,3.9054236482440996,3.9894280364451546
2021-11-11,0.0010777000552960603,0.0,0.0010777000552960603,3.9096325235257665,3.9937274432606307
2021-11-12,0.008423315247914953,0.0,0.008423315247914953,3.9425645907749254,4.027367868529464
2021-11-15,0.0001796172399013752,0.0,0.0001796172399013752,3.943272743344853,4.028091253230077
2021-11-16,0.004913891695374073,0.0,0.004913891695374073,3.9626495585309707,4.047884857387533
2021-11-17,-0.0015427581581403892,0.0,-0.0015427581581403892,3.9565361485966957,4.041639950000586
2021-11-18,0.005476165186250248,0.0,0.005476165186250248,3.9782027941117817,4.063772637990137
2021-11-19,0.00041893767143134095,0.0,0.00041893767143134095,3.9798694131268286,4.065475105436324
2021-11-22,-0.005414140849037373,0.0,-0.005414140849037373,3.9583218395633843,4.043464050597237
2021-11-23,-0.000439490799807085,0.0,-0.000439490799807085,3.956582193532221,4.041686985347648
2021-11-24,0.002876802923219601,0.0,0.002876802923219601,3.967964500752533,4.053314122281835
2021-11-26,-0.021401861133622246,0.0,-0.021401861133622246,3.8830426755242846,3.9665656563058094
2021-11-29,0.015053898707267033,0.0,0.015053898707267033,3.9414976066376224,4.026277933911561
2021-11-30,-0.01808922701041362,0.0,-0.01808922701041362,3.8701989616701526,3.9534456783580154
2021-12-01,-0.012558289416229313,0.0,-0.012558289416229313,3.821595883011109,3.9037971633378548
2021-12-02,0.012889035137423831,0.0,0.012889035137423831,3.8708525666282734,3.9541133421454915
2021-12-03,-0.011251085587622544,0.0,-0.011251085587622544,3.8273012731040703,3.9096252745098523
2021-12-06,0.01066731241021459,0.0,0.01066731241021459,3.868128291472283,3.9513304687199198
2021-12-07,0.023377296913389942,0.0,0.023377296913389942,3.958554675041114,4.043701894290109
2021-12-08,0.0031937928137590883,0.0,0.0031937928137590883,3.971197478515133,4.056616640341077
2021-12-09,-0.009159160324120518,0.0,-0.009159160324120518,3.9348246441306696,4.0194614381586975
2021-12-10,0.009828942680970499,0.0,0.009828942680970499,3.9734998100175005,4.05896849424273
2021-12-13,-0.010541283658861776,0.0,-0.010541283658861776,3.9316140214016726,4.016181755982535
2021-12-14,-0.007909272610050387,0.0,-0.007909272610050387,3.9005178143089103,3.9844166796229583
2021-12-15,0.017780101006931358,0.0,0.017780101006931358,3.969869415026658,4.055260010640357
2021-12-16,-0.013828461424250682,0.0,-0.013828461424250682,3.9149722289616493,3.9991820040179102
2021-12-17,-0.008953481612816049,0.0,-0.008953481612816049,3.879919597094956,3.963375401478631
2021-12-20,-0.010333314504769285,0.0,-0.010333314504769285,3.839827167644956,3.922420596954686
2021-12-21,0.01905574853641967,0.0,0.01905574853641967,3.912997948574911,3.997165257504328
2021-12-22,0.010659935333665438,0.0,0.010659935333665438,3.9547102536674847,4.039774780667298
2021-12-23,0.006609156116288983,0.0,0.006609156116288983,3.9808475511286616,4.066474282867375
2021-12-27,0.014827597613701959,0.0,0.014827597613701959,4.039873956778289,4.1267703272402
2021-12-28,-0.0019566940664414115,0.0,-0.0019566940664414115,4.03196915937789,4.1186955002273224
2021-12-29,0.0008505465457365857,0.0,0.0008505465457365857,4.035398536818915,4.122198642457982
2021-12-30,-0.0028296003922114177,0.0,-0.0028296003922114177,4.023979971536403,4.110534467562509
2021-12-31,-0.0036409273828749587,0.0,-0.0036409273828749587,4.009328952669896,4.095568310061309
2022-01-03,0.0069291193548659535,0.0,0.0069291193548659535,4.037110071515865,4.12394699170773
2022-01-04,-0.004111922815904956,0.0,-0.004111922815904956,4.02050978650248,4.106989639980944
2022-01-05,-0.022702880400020366,0.0,-0.022702880400020366,3.929232633672403,4.013749145380334
2022-01-06,-0.0008622764287332441,0.0,-0.0008622764287332441,3.9258445489893776,4.010288184101425
2022-01-07,-0.006017123399463197,0.0,-0.006017123399463197,3.902222257890999,3.9861577852302776
2022-01-10,-0.0005864189001276929,0.0,-0.0005864189001276929,3.8999339210064727,3.9838202269661274
2022-01-11,0.010896397343265939,0.0,0.010896397343265939,3.94242915062224,4.02722951510329
2022-01-12,0.0030914941402568224,0.0,0.0030914941402568224,3.954617147239767,4.039679671550702
2022-01-13,-0.01709027542657382,0.0,-0.01709027542657382,3.8870316509867875,3.970640433328769
2022-01-14,0.00221864337719,0.0,0.00221864337719,3.895655588016177,3.9794498684293766
2022-01-18,-0.01996201649275474,0.0,-0.01996201649275474,3.817890446918106,3.900012024523699
2022-01-19,-0.010508855567222574,0.0,-0.010508855567222574,3.777768787639965,3.859027361447548
2022-01-20,-0.011537073851756063,0.0,-0.011537073851756063,3.7341843901421035,3.81450547778258
2022-01-21,-0.02213215173544869,0.0,-0.02213215173544869,3.6515388546113345,3.730082263752596
2022-01-24,0.0046231680672665365,0.0,0.0046231680672665365,3.668420532440357,3.7473270609626548
2022-01-25,-0.015490713588725667,0.0,-0.015490713588725667,3.611594080649323,3.689278290738001
2022-01-26,-0.0018977334703313108,0.0,-0.0018977334703313108,3.6047402376812245,3.682277023844301
2022-01-27,-0.006251553631591477,0.0,-0.006251553631591477,3.5822050107574044,3.659257071543361
2022-01-28,0.026701919120854376,0.0,0.026701919120854376,3.677856759228968,3.7569662579101264
2022-01-31,0.02219035669091128,0.0,0.02219035669091128,3.7594697125743375,3.84033467924887
2022-02-01,0.005896670856113583,0.00030000000000000003,0.0055966708561135834,3.7805102271491435,3.8629798688297194
2022-02-02,0.00681666946524404,0.0,0.00681666946524404,3.806280715777594,3.8893125257464236
2022-02-03,-0.01654775265167575,0.0,-0.01654775265167575,3.7432953239700635,3.8249531440853075
2022-02-04,0.003227707184759798,0.0,0.003227707184759798,3.755377585181919,3.837298972829841
2022-02-07,-0.0022400528132197174,0.0,-0.0022400528132197174,3.74696534105753,3.8287032204705884
2022-02-08,0.005800214037037154,0.0,0.005800214037037154,3.768698542025024,3.8509105186336114
2022-02-09,0.01017845678589564,0.0,0.01017845678589564,3.8070580772740934,3.8901068449338743
2022-02-10,-0.012618385504886864,0.0,-0.012618385504886864,3.7590191508155555,3.8410199771092994
2022-02-11,-0.013800295211066292,0.0,-0.013800295211066292,3.707143576830249,3.788012767513588
2022-02-14,-0.002323157976548062,0.0,-0.002323157976548062,3.698531296659527,3.7792126154374728
2022-02-15,0.011314453791541767,0.0,0.011314453791541767,3.7403781581121525,3.8219723419432516
2022-02-16,0.0008051069554567245,0.0,0.0008051069554567245,3.7433895625832867,3.8250494384593132
2022-02-17,-0.01505960423618523,0.0,-0.01505960423618523,3.687015597268916,3.767445707732273
2022-02-18,-0.004496423351297262,0.0,-0.004496423351297262,3.6704372142407586,3.750505676877281
2022-02-22,-0.00753254847342163,0.0,-0.00753254847342163,3.6427894680058395,3.72225481106636
2022-02-23,-0.012325403488256502,0.0,-0.012325403488256502,3.597890617989896,3.676376518633863
2022-02-24,0.01129693385260545,0.0,0.01129693385260545,3.6385357503102376,3.7179083009821414
2022-02-25,0.015404073982790055,0.0,0.015404073982790055,3.694584024197043,3.7751792355116995
2022-02-28,-0.0016936408919870352,0.0,-0.0016936408919870352,3.688326725614781,3.768785437583857
2022-03-01,-0.002553168100492298,0.0007,-0.003253168100492298,3.676327978766818,3.759163094827018
2022-03-02,1.19532996833982e-08,0.0,1.19532996833982e-08,3.676328022711068,3.7591631397614207
2022-03-03,0.00010927141101269022,0.0,0.00010927141101269022,3.676729740261455,3.7595739088219293
2022-03-04,1.1953299461353595e-08,0.0,1.1953299461353595e-08,3.6767297842105067,3.759573953761242
2022-03-07,4.785494023273884e-08,0.0,4.785494023273884e-08,3.676729960160191,3.7595741336754287
2022-03-08,0.0,0.0,0.0,3.676729960160191,3.7595741336754287
2022-03-09,0.0,0.0,0.0,3.676729960160191,3.7595741336754287
2022-03-10,0.0,0.0,0.0,3.676729960160191,3.7595741336754287
2022-03-11,-0.00010925946489281912,0.0,-0.00010925946489281912,3.6763282426121884,3.7591633646173586
2022-03-14,0.00010927141819672137,0.0,0.00010927141819672137,3.6767299602130152,3.7595741337294433
2022-03-15,-0.0002188169427179698,0.0,-0.0002188169427179698,3.6759254294039216,3.758751475211579
2022-03-16,0.0002188528417228497,0.0,0.0002188528417228497,3.676729916130108,3.759574088653259
2022-03-17,1.1953299461353595e-08,0.0,1.1953299461353595e-08,3.676729960079162,3.759574133592574
2022-03-18,-0.00010925946489281912,0.0,-0.00010925946489281912,3.6763282425311683,3.759163364534513
2022-03-21,0.0,0.0,0.0,3.6763282425311683,3.759163364534513
2022-03-22,1.19532996833982e-08,0.0,1.19532996833982e-08,3.6763282864754214,3.7591634094689192
2022-03-23,0.00021884081678447131,0.0,0.00021884081678447131,3.6771328171604014,3.7599860678598738
2022-03-24,1.1968937618789255e-08,0.0,1.1968937618789255e-08,3.6771328611717746,3.7599861128629124
2022-03-25,-0.0002187929723082016,0.0,-0.0002187929723082016,3.6763283303435066,3.7591634543254417
2022-03-28,1.19532996833982e-08,0.0,1.19532996833982e-08,3.676328374287761,3.759163499259849
2022-03-29,1.19532996833982e-08,0.0,1.19532996833982e-08,3.676328418232016,3.759163544194257
2022-03-30,0.00021884081678447131,0.0,0.00021884081678447131,3.6771329489458298,3.759986202614695
2022-03-31,0.0,0.0,0.0,3.6771329489458298,3.759986202614695
2022-04-01,-0.0006787864460532256,0.0007,-0.0013787864460532255,3.6720629678754872,3.757433974943013
2022-04-04,0.005961111228378568,0.0,0.005961111228378568,3.693952543664603,3.779832456800937
2022-04-05,-0.008897080665113254,0.0,-0.008897080665113254,3.6610871499105184,3.7462029825321657
2022-04-06,-0.006972100133026315,0.0,-0.006972100133026315,3.6355616837056064,3.72008408021931
2022-04-07,0.0035378071896010497,0.0,0.0035378071896010497,3.648423599968458,3.73324502042423
2022-04-08,-0.00190575634736988,0.0,-0.00190575634736988,3.6414705935349243,3.7261303650302695
2022-04-11,-0.011982891730475585,0.0,-0.011982891730475585,3.5978352456728846,3.681480548292474
2022-04-12,-0.002539274352138343,0.0,-0.002539274352138343,3.5886993549103283,3.672132259158299
2022-04-13,0.008022600309848605,0.0,0.008022600309848605,3.6174900554669858,3.701592308558428
2022-04-14,-0.008744178627343202,0.0,-0.008744178627343202,3.5858580762393446,3.669224924206793
2022-04-18,0.0003247515415416237,0.0,0.0003247515415416237,3.587022589177353,3.6704165106571924
2022-04-19,0.0112699317494644,0.0,0.0112699317494644,3.627448088941169,3.7117818542244065
2022-04-20,-0.00043882140098545604,0.0,-0.00043882140098545604,3.6258562870887774,3.7101530449109834
2022-04-21,-0.010326586764302936,0.0,-0.010326586764302936,3.5884135675452615,3.671839827583867
2022-04-22,-0.01928581172172443,0.0,-0.01928581172172443,3.519208099101902,3.6010254159967556
2022-04-25,0.004135520278128535,0.0,0.004135520278128535,3.5337618555586925,3.6159175296266666
2022-04-26,-0.020405349580027765,0.0,-0.020405349580027765,3.4616542095634495,3.542133468382084
2022-04-27,0.0019679999865975573,0.0,0.0019679999865975573,3.468466745001476,3.5491043870003867
2022-04-28,0.01763706632505741,0.0,0.01763706632505741,3.5296403230293225,3.6117001764684646
2022-04-29,-0.026123288375314503,0.0,-0.026123288375314503,3.4374345110096893,3.5173506912334047
2022-05-02,7.506685604627972e-05,0.0007,-0.0006249331439537203,3.435286344253589,3.517614727691408
2022-05-03,-0.00010952155085464099,0.0,-0.00010952155085464099,3.4349101063655363,3.517229473071122
2022-05-04,0.00021871761953828894,0.0,0.00021871761953828894,3.4356613817273285,3.5179987531288424
2022-05-05,0.0,0.0,0.0,3.4356613817273285,3.5179987531288424
2022-05-06,1.1966319046763374e-08,0.0,1.1966319046763374e-08,3.435661422839549,3.5179987952263376
2022-05-09,-0.00010911232089361178,0.0,-0.00010911232089361178,3.435286549847898,3.5176149382128896
2022-05-10,1.1966319046763374e-08,0.0,1.1966319046763374e-08,3.435286590955633,3.517614980305792
2022-05-11,0.0,0.0,0.0,3.435286590955633,3.517614980305792
2022-05-12,0.00010914818728591236,0.0,0.00010914818728591236,3.435661546259843,3.5179989216044625
2022-05-13,0.00010955736827955587,0.0,0.00010955736827955587,3.4360379482971513,3.518384344307924
2022-05-16,-0.0001095214992787863,0.0,-0.0001095214992787863,3.4356616282694747,3.5179990055794965
2022-05-17,1.1966319046763374e-08,0.0,1.1966319046763374e-08,3.4356616693816977,3.517999047676995
2022-05-18,0.0,0.0,0.0,3.4356616693816977,3.517999047676995
2022-05-19,0.00021855852378926954,0.0,0.00021855852378926954,3.436412562524397,3.5187679363555473
2022-05-20,1.1961086676670618e-08,0.0,1.1961086676670618e-08,3.436412603627626,3.518767978443836
2022-05-23,1.1961086676670618e-08,0.0,1.1961086676670618e-08,3.436412644730855,3.5187680205321255
2022-05-24,-0.00010901310511157725,0.0,-0.00010901310511157725,3.4360380307180085,3.51838442870404
2022-05-25,0.0001090250663191572,0.0,0.0001090250663191572,3.4364126449921826,3.518768020799716
2022-05-26,0.00021915415645179515,0.0,0.00021915415645179515,3.437165749106616,3.519539173437064
2022-05-27,-0.000219082400245596,0.0,-0.000219082400245596,3.4364127265842597,3.518768104347189
2022-05-31,-0.000108989150148453,0.0,-0.000108989150148453,3.43603819488163,3.5183845968019267
2022-06-01,1.0873306259040483e-05,0.0,1.0873306259040483e-05,3.43607555597724,3.5184228532751844
2022-06-02,0.00021883006997192034,0.0,0.00021883006997192034,3.4368274726315833,3.5191927899943574
2022-06-03,-0.00021880612929137122,0.0,-0.00021880612929137122,3.4360754737152543,3.5184227690417487
2022-06-06,0.00010952031393318684,0.0,0.00010952031393318684,3.436451793779834,3.518808107807964
2022-06-07,-0.00010950833276457406,0.0,-0.00010950833276457406,3.436075473673271,3.5184227689987595
2022-06-08,0.00010954426140818985,0.0,0.00010954426140818985,3.436451876023177,3.518808192022311
2022-06-09,0.00010930975604961368,0.0,0.00010930975604961368,3.4368275137394213,3.519192832087366
2022-06-10,-0.00021879416568348908,0.0,-0.00021879416568348908,3.436075555930955,3.51842285322779
2022-06-13,0.00010952031393318684,0.0,0.00010952031393318684,3.4364518760045386,3.5188081920032253
2022-06-14,-0.00010950832054745785,0.0,-0.00010950832054745785,3.4360755559309553,3.5184228532277904
2022-06-15,0.00010952030171451632,0.0,0.00010952030171451632,3.436451875962555,3.518808191960235
2022-06-16,0.00021842101077684806,0.0,0.00021842101077684806,3.437202469254788,3.5195767736022527
2022-06-17,-0.00010908736458625778,0.0,-0.00010908736458625778,3.4368275138958677,3.5191928322475614
2022-06-21,0.0002185836727666146,0.0,0.0002185836727666146,3.4375787482765205,3.519962070342008
2022-06-22,0.00010917469258031609,0.0,0.00010917469258031609,3.4379540448795844,3.5203463611189316
2022-06-23,0.0,0.0,0.0,3.4379540448795844,3.5203463611189316
2022-06-24,-0.00021862320917209743,0.0,-0.00021862320917209743,3.4372024283333067,3.5195767317000666
2022-06-27,1.1961086676670618e-08,0.0,1.1961086676670618e-08,3.437202469445983,3.5195767737980295
2022-06-28,0.0002186590790669296,0.0,0.0002186590790669296,3.4379540449725186,3.5203463612140933
2022-06-29,0.00010973060570684812,0.0,0.00010973060570684812,3.4383312937522654,3.5207326509526067
2022-06-30,0.00010915079627826785,0.0,0.00010915079627826785,3.438706590350847,3.5211169417249413
2022-07-01,-7.639721072794092e-05,0.0,-7.639721072794092e-05,3.4384438827588326,3.5208479382119466
2022-07-05,0.0,0.0,0.0,3.4384438827588326,3.5208479382119466
2022-07-06,0.0,0.0,0.0,3.4384438827588326,3.5208479382119466
2022-07-07,1.1966319157785676e-08,0.0,1.1966319157785676e-08,3.438443923904349,3.5208479803435364
2022-07-08,-0.00010954412609287534,0.0,-0.00010954412609287534,3.4380672625695854,3.520462292128424
2022-07-11,0.00010955609505236552,0.0,0.00010955609505236552,3.4384439237934,3.5208479802299286
2022-07-12,-0.00010954412609287534,0.0,-0.00010954412609287534,3.438067262458649,3.5204622920148285
2022-07-13,0.0,0.0,0.0,3.438067262458649,3.5204622920148285
2022-07-14,0.00010957999465366353,0.0,0.00010957999465366353,3.4384440058508883,3.520848064253966
2022-07-15,-0.00010954412609287534,0.0,-0.00010954412609287534,3.438067344507148,3.520462376029662
2022-07-18,0.0,0.0,0.0,3.438067344507148,3.520462376029662
2022-07-19,1.1968937618789255e-08,0.0,1.1968937618789255e-08,3.4380673856571615,3.5204624181658564
2022-07-20,1.1968937618789255e-08,0.0,1.1968937618789255e-08,3.4380674268071756,3.5204624603020513
2022-07-21,0.0003280490063637398,0.0,0.0003280490063637398,3.4391952814103512,3.521617344514094
2022-07-22,0.00010942097224320158,0.0,0.00010942097224320158,3.439571601501777,3.5220026833077993
2022-07-25,-0.00010940900587885771,0.0,-0.00010940900587885771,3.4391952813922075,3.521617344495516
2022-07-26,0.0,0.0,0.0,3.4391952813922075,3.521617344495516
2022-07-27,0.0,0.0,0.0,3.4391952813922075,3.521617344495516
2022-07-28,0.00010942097751920343,0.0,0.00010942097751920343,3.4395716015017768,3.5220026833077993
2022-07-29,0.00010921063788094099,0.0,0.00010921063788094099,3.4399472393104142,3.5223873234674623
2022-08-01,7.676995320193836e-05,0.0,7.676995320193836e-05,3.4402113238989935,3.5226577369774446
2022-08-02,0.00010958699443142095,0.0,0.00010958699443142095,3.4405883263181885,3.5230437744512506
2022-08-03,-0.00010955107568444422,0.0,-0.00010955107568444422,3.440211406166053,3.522657821216076
2022-08-04,0.0002191107917587365,0.0,0.0002191107917587365,3.440965193611076,3.5234296735603783
2022-08-05,0.00021853110017810984,0.0,0.00021853110017810984,3.4417171515205105,3.5241996525233414
2022-08-08,0.00010956295571562524,0.0,0.00010956295571562524,3.442094236224368,3.5245857742538034
2022-08-09,-0.00010950314366287017,0.0,-0.00010950314366287017,3.4417173160847176,3.524199821031413
2022-08-10,0.00010953905425115096,0.0,0.00010953905425115096,3.4420943185445214,3.524585858546801
2022-08-11,1.1966319157785676e-08,0.0,1.1966319157785676e-08,3.44209435973372,3.5245859007231197
2022-08-12,0.0002186457124844221,0.0,0.0002186457124844221,3.4428469589074426,3.5253565363185957
2022-08-15,-0.00010930493162442101,0.0,-0.00010930493162442101,3.442470638756006,3.524971197463442
2022-08-16,0.00010934079787161544,0.0,0.00010934079787161544,3.442847041242297,3.525356620626647
2022-08-17,1.196108678769292e-08,0.0,1.196108678769292e-08,3.4428470824224893,3.5253566627937434
2022-08-18,0.0004375802470717449,0.0,0.0004375802470717449,3.444353604299446,3.5268992892332647
2022-08-19,1.1935014532227228e-08,0.0,1.1935014532227228e-08,3.4443536454078565,3.526899331326859
2022-08-22,0.00010928101290408332,0.0,0.00010928101290408332,3.4447300478630267,3.5272847544581976
2022-08-23,-0.00021878755086346402,0.0,-0.00021878755086346402,3.443976383812469,3.5265130284655717
2022-08-24,0.00032788244241532816,0.0,0.00032788244241532816,3.445105603200814,3.5276693101705545
2022-08-25,0.00010953033606497797,0.0,0.00010953033606497797,3.445482946775312,3.5280556969756236
2022-08-26,1.19271910126173e-08,0.0,1.19271910126173e-08,3.4454829878702453,3.528055739055418
2022-08-29,0.0,0.0,0.0,3.4454829878702453,3.528055739055418
2022-08-30,0.00010882522035871034,0.0,0.00010882522035871034,3.4458579433156427,3.5284396804986584
2022-08-31,0.00021870392349332413,0.0,0.00021870392349332413,3.4466115659676464,3.529211364100593
2022-09-01,0.00020777919772885234,0.0,0.00020777919772885234,3.447327700153706,3.529944660806441
2022-09-02,0.00010955871985718346,0.0,0.00010955871985718346,3.4477053849634633,3.530331397024646
2022-09-06,1.1966319157785676e-08,0.0,1.1966319157785676e-08,3.447705426219806,3.530331439269718
2022-09-07,0.00010927379590963682,0.0,0.00010927379590963682,3.4480821700789073,3.530717211986906
2022-09-08,0.00021867374866180178,0.0,0.00021867374866180178,3.4488361751327323,3.531489287155116
2022-09-09,1.1958470991224601e-08,0.0,1.1958470991224601e-08,3.44883621637554,3.5314893293863285
2022-09-12,-0.00010911509336652969,0.0,-0.00010911509336652969,3.4484598962897843,3.53110399059843
2022-09-13,0.00021874872952176716,0.0,0.00021874872952176716,3.4492142425109047,3.5318764151101827
2022-09-14,0.0,0.0,0.0,3.4492142425109047,3.5318764151101827
2022-09-15,0.000327780193741134,0.0,0.000327780193741134,3.4503448266235694,3.533034094245797
2022-09-16,0.0,0.0,0.0,3.4503448266235694,3.533034094245797
2022-09-19,0.0,0.0,0.0,3.4503448266235694,3.533034094245797
2022-09-20,-0.00010973582170803464,0.0,-0.00010973582170803464,3.449966200198844,3.532646393846343
2022-09-21,0.00021883904079933458,0.0,0.00021883904079933458,3.450721187492886,3.5334194747946555
2022-09-22,0.00043726184158576764,0.0,0.00043726184158576764,3.452230056194128,3.5349645043012994
2022-09-23,1.1916771347486588e-08,0.0,1.1916771347486588e-08,3.4522300973335645,3.534964546426663
2022-09-26,-0.00021841100223884968,0.0,-0.00021841100223884968,3.4514760922980465,3.534192471277199
2022-09-27,0.0003275653701113601,0.0,0.0003275653701113601,3.4526066763416505,3.5353501503420977
2022-09-28,0.0001089959761441106,0.0,0.0001089959761441106,3.4529829965765804,3.5357354892827457
2022-09-29,0.0002184621784266927,0.0,0.0002184621784266927,3.4537373427640827,3.536507913760075
2022-09-30,0.0,0.0,0.0,3.4537373427640827,3.536507913760075
2022-10-03,-0.0002734200012052268,0.0,-0.0002734200012052268,3.4527930218956615,3.5355409617620324
2022-10-04,0.00032835358394534,0.0,0.00032835358394534,3.4539267588590223,3.5367018693080126
2022-10-05,0.0,0.0,0.0,3.4539267588590223,3.5367018693080126
2022-10-06,0.00021863590844783953,0.0,0.00021863590844783953,3.454681911273658,3.5374751193341183
2022-10-07,0.0,0.0,0.0,3.454681911273658,3.5374751193341183
2022-10-10,0.00010954693340936572,0.0,0.00010954693340936572,3.455060361082943,3.5378626388854535
2022-10-11,0.0,0.0,0.0,3.455060361082943,3.5378626388854535
2022-10-12,1.1935014532227228e-08,0.0,1.1935014532227228e-08,3.455060402319139,3.5378626811098957
2022-10-13,0.0003278179976118345,0.0,0.0003278179976118345,3.456193033301855,3.539022456169843
2022-10-14,0.0,0.0,0.0,3.456193033301855,3.539022456169843
2022-10-17,1.1927191123639602e-08,0.0,1.1927191123639602e-08,3.45619307452453,3.5390224983804406
2022-10-18,0.0,0.0,0.0,3.45619307452453,3.5390224983804406
2022-10-19,1.1927191123639602e-08,0.0,1.1927191123639602e-08,3.456193115747206,3.5390225405910387
2022-10-20,0.00043716180846331554,0.0,0.00043716180846331554,3.4577040313800844,3.540569666085076
2022-10-21,0.00010932861606161026,0.0,0.00010932861606161026,3.458082057376586,3.540956751666739
2022-10-24,-0.00010931668194269495,0.0,-0.00010931668194269495,3.457704031320188,3.5405696660237442
2022-10-25,0.0,0.0,0.0,3.457704031320188,3.5405696660237442
2022-10-26,0.00021834933151376745,0.0,0.00021834933151376745,3.458459018683999,3.5413427470434984
2022-10-27,0.0003274958558279195,0.0,0.0003274958558279195,3.459591649680169,3.5425025221172213
2022-10-28,-0.00010877584104418414,0.0,-0.00010877584104418414,3.4592153296888055,3.542117183425977
2022-10-31,1.1924550569197834e-08,0.0,1.1924550569197834e-08,3.459215370938394,3.542117225664133
2022-11-01,8.725496885775286e-05,0.0,8.725496885775286e-05,3.4595172046678577,3.542426292992349
2022-11-02,0.0003280112537642488,0.0,0.0003280112537642488,3.4606519652435797,3.543588248682081
2022-11-03,0.0003282741156647173,0.0,0.0003282741156647173,3.4617880077070935,3.5447515169806967
2022-11-04,0.00021897866035480718,0.0,0.00021897866035480718,3.4625460654074534,3.5455277419191757
2022-11-07,-0.00010956990916932696,0.0,-0.00010956990916932696,3.462166674549572,3.5451392587665365
2022-11-08,0.00010958189186838219,0.0,0.00010958189186838219,3.4625460653237328,3.5455277418334488
2022-11-09,0.0005464221975444161,0.0,0.0005464221975444161,3.464438077353846,3.547465096893596
2022-11-10,0.00010921460842716613,0.0,0.00010921460842716613,3.464816444601884,3.5478525319050624
2022-11-11,-0.00010920266562397529,0.0,-0.00010920266562397529,3.464438077410236,3.5474650969513375
2022-11-14,4.776597140043748e-08,0.0,4.776597140043748e-08,3.464438242892486,3.547465266399454
2022-11-15,0.00021852768082952778,0.0,0.00021852768082952778,3.4651953185470825,3.5482404857569434
2022-11-16,0.00010909229924427333,0.0,0.00010909229924427333,3.465573344671714,3.548627571469807
2022-11-17,0.000327906391596855,0.0,0.000327906391596855,3.4667097283219794,3.5497911891318887
2022-11-18,1.192975906949556e-08,0.0,1.192975906949556e-08,3.466709769678991,3.549791231480042
2022-11-21,0.0001091430372155422,0.0,0.0001091430372155422,3.4670881369123987,3.550178666476527
2022-11-22,0.00021816390163498234,0.0,0.00021816390163498234,3.46784453038766,3.550953187305907
2022-11-23,0.00021859623412323614,0.0,0.00021859623412323614,3.4686025881425278,3.5517294123002
2022-11-25,1.1914142228341973e-08,0.0,1.1914142228341973e-08,3.4686026294679517,3.551729454616009
2022-11-28,0.00010908347649918326,0.0,0.00010908347649918326,3.4689809967013683,3.552116889612503
2022-11-29,0.00032748597041210026,0.0,0.00032748597041210026,3.470117039309414,3.553280158059115
2022-11-30,1.1888187434472286e-08,0.0,1.1888187434472286e-08,3.4701170805628156,3.553280200301175
2022-12-01,-0.0021621144998573705,0.0007,-0.0028621144998573706,3.460185208150334,3.5455976016580477
2022-12-02,-0.0006725928867360002,0.0,-0.0006725928867360002,3.4578579121925426,3.543212857931944
2022-12-05,-0.012614660997653526,0.0,-0.012614660997653526,3.4142382068521795,3.4985164288866057
2022-12-06,-0.009996033703113394,0.0,-0.009996033703113394,3.380109366666028,3.4635451407525593
2022-12-07,-0.001190000469338026,0.0,-0.001190000469338026,3.376087034933281,3.4594235204094903
2022-12-08,0.0056707648145035705,0.0,0.0056707648145035705,3.3952320305016825,3.4790410975874946
2022-12-09,-0.005271618148051138,0.0,-0.005271618148051138,3.3773336637128453,3.4607009213996367
2022-12-12,0.010106769314637252,0.0,0.010106769314637252,3.41146759595055,3.4956774272791753
2022-12-13,0.0056964940631828685,0.0,0.0056964940631828685,3.4309010008576233,3.515590532990474
2022-12-14,-0.0043806410560182744,0.0,-0.0043806410560182744,3.4158714550741323,3.5001899927655065
2022-12-15,-0.017163442938460935,0.0,-0.017163442938460935,3.3572433402698496,3.4401146815509036
2022-12-16,-0.008288279914676754,0.0,-0.008288279914676754,3.329417567724009,3.4116020481316207
2022-12-19,-0.005896334513230239,0.0,-0.005896334513230239,3.309786208010483,3.391486101229815
2022-12-20,0.0009956235902142008,0.0,0.0009956235902142008,3.313081509237744,3.394862744798083
2022-12-21,0.01046094781726784,0.0,0.01046094781726784,3.347739482020235,3.4303762268182028
2022-12-22,-0.009824424592120217,0.0,-0.009824424592120217,3.314849867925064,3.3966747542552254
2022-12-23,0.004043501903482616,0.0,0.004043501903482616,3.328253469675778,3.4104092150895675
2022-12-27,-0.002761255358857195,0.0,-0.002761255358857195,3.3190633119470005,3.4009922043685057
2022-12-28,-0.0086025077564422,0.0,-0.0086025077564422,3.2905110440618537,3.371735142550826
2022-12-29,0.012675845581239995,0.0,0.012675845581239995,3.332221053939746,3.41447473655864
2022-12-30,-0.0018525308062168231,0.0,-0.0018525308062168231,3.326048011784198,3.408149316922116
2023-01-03,0.0035838933425510473,0.0007,0.002883893342551047,3.3356399795023877,3.420363760569453
2023-01-04,-0.00010921778284012085,0.0,-0.00010921778284012085,3.3352756682994738,3.419990196023017
2023-01-05,0.0003278851048271747,0.0,0.0003278851048271747,3.3363692555116016,3.4211115598669477
2023-01-06,-0.00010919390961428022,0.0,-0.00010919390961428022,3.3360049443086752,3.4207379953204993
2023-01-09,0.00021849770164350524,0.0,0.00021849770164350524,3.336733853721678,3.4214854187104016
2023-01-10,-0.00010927990868669912,0.0,-0.00010927990868669912,3.3363692157508313,3.421111519096272
2023-01-11,1.194801801940315e-08,0.0,1.194801801940315e-08,3.3363692556138314,3.4211115599717745
2023-01-12,0.0007649713479631615,0.0,0.0007649713479631615,3.3389214825006013,3.4237286122933384
2023-01-13,0.00010891476900398711,0.0,0.00010891476900398711,3.3392851403625907,3.424101506904279
2023-01-17,0.0,0.0,0.0,3.3392851403625907,3.424101506904279
2023-01-18,0.00010939210474725236,0.0,0.00010939210474725236,3.339650431792446,3.4244760765749875
2023-01-19,0.0004367999597603145,0.0,0.0004367999597603145,3.3411091909666664,3.4259718875874356
2023-01-20,0.00010894120783322414,0.0,0.00010894120783322414,3.341473175437433,3.4263451171028723
2023-01-23,1.1911541752951393e-08,0.0,1.1911541752951393e-08,3.3414732152395303,3.426345157915925
2023-01-24,0.00010963768769400861,0.0,0.00010963768769400861,3.3418395666363403,3.42672081447628
2023-01-25,0.00010884338439254293,0.0,0.00010884338439254293,3.3422033037648697,3.427093790367096
2023-01-26,0.0005454577650010339,0.0,0.0005454577650010339,3.3440263345091203,3.4289631252864385
2023-01-27,0.00010884617485329429,0.0,0.00010884617485329429,3.3443903189842406,3.429336354806339
2023-01-30,0.0,0.0,0.0,3.3443903189842406,3.429336354806339
2023-01-31,0.00010893202553674541,0.0,0.00010893202553674541,3.344754630195873,3.429709919361715
2023-02-01,0.01657506543667402,0.001,0.015575065436674019,3.396849402430792,3.4865575857039457
2023-02-02,0.02083523163809002,0.0,0.02083523163809002,3.467623546570145,3.5592008206216272
2023-02-03,-0.012729426944215371,0.0,-0.012729426944215371,3.423482685964039,3.5138942337957326
2023-02-06,-0.006814412366860978,0.0,-0.006814412366860978,3.400153663211071,3.4899491094731134
2023-02-07,0.015398673664450987,0.0,0.015398673664450987,3.4525115198798457,3.543689696915431
2023-02-08,-0.013027044102238693,0.0,-0.013027044102238693,3.407535500046884,3.4975258949490646
2023-02-09,-0.00850451759147234,0.0,-0.00850451759147234,3.378556054443169,3.4677811244488406
2023-02-10,-0.0003222316776402383,0.0,-0.0003222316776402383,3.3774673766577443,3.4666636955194203
2023-02-13,0.012994144163901922,0.0,0.012994144163901922,3.4213546746589105,3.5117100233467644
2023-02-14,0.0019240166809247998,0.0,0.0019240166809247998,3.4279374181243147,3.5184666120102546
2023-02-15,0.0046308238868985946,0.0,0.0046308238868985946,3.4438115926029584,3.534760011242407
2023-02-16,-0.015294567043975093,0.0,-0.015294567043975093,3.3911399853130737,3.4806973872660976
2023-02-17,-0.003853550134286998,0.0,-0.003853550134286998,3.3780720573672847,3.467284345381986
2023-02-21,-0.021258495501595906,0.0,-0.021258495501595906,3.3062593277316754,3.393575096722929
2023-02-22,-0.0007377199307212587,0.0,-0.0007377199307212587,3.303820234329475,3.391071588737677
2023-02-23,0.006370305802183573,0.0,0.006370305802183573,3.3248665795375953,3.4126737517550323
2023-02-24,-0.012477049995237743,0.0,-0.012477049995237743,3.2833820529972093,3.370093650736949
2023-02-27,0.004578014145598775,0.0,0.004578014145598775,3.2984134224812363,3.385521987142016
2023-02-28,-0.002976460954182425,0.0,-0.002976460954182425,3.2885958237184694,3.3754451131377614
2023-03-01,-0.005101666936881865,0.0,-0.005101666936881865,3.271818503135837,3.358224716406807
2023-03-02,0.00801952565939783,0.0,0.00801952565939783,3.2980569355746274,3.3851560856900553
2023-03-03,0.01736474684871345,0.0,0.01736474684871345,3.3553268593535246,3.443938464161445
2023-03-06,0.0008312459712866535,0.0,0.0008312459712866535,3.3581159612877123,3.4468012241351387
2023-03-07,-0.01441062480219408,0.0,-0.01441062480219408,3.309723412127336,3.397130664926384
2023-03-08,0.0026390047747966603,0.0,0.0026390047747966603,3.3184577880151958,3.4060957089717325
2023-03-09,-0.018073416025456746,0.0,-0.018073416025456746,3.2584819198494803,3.3445359242009634
2023-03-10,-0.014324496693069365,0.0,-0.014324496693069365,3.21180580636417,3.296627130414895
2023-03-13,0.0013226836475453644,0.0,0.0013226836475453644,3.216054009383339,3.300987525212349
2023-03-14,0.018396633663466375,0.0,0.018396633663466375,3.275218576835887,3.361714583441353
2023-03-15,-0.0026742758424006877,0.0,-0.0026742758424006877,3.266459738917273,3.35272443134181
2023-03-16,0.020323729511326494,0.0,0.020323729511326494,3.332846383110666,3.420864295810417
2023-03-17,-0.009623161975456563,0.0,-0.009623161975456563,3.3007738625266776,3.3879447645957774
2023-03-20,0.007788123162076443,0.0,0.007788123162076443,3.3264806958981983,3.4143304956887612
2023-03-21,0.013434898852155718,0.0,0.013434898852155718,3.3711716275812393,3.4602016805461706
2023-03-22,-0.016018019207754395,0.0,-0.016018019207754395,3.3171721356980064,3.404776103564478
2023-03-23,0.005477496691098694,0.0,0.005477496691098694,3.335341935095097,3.423425753405684
2023-03-24,0.005723390933176253,0.0,0.005723390933176253,3.3544314008854625,3.443019357323128
2023-03-27,-0.0007232038267022348,0.0,-0.0007232038267022348,3.3520054632599323,3.440529352548502
2023-03-28,-0.0031671669816640377,0.0,-0.0031671669816640377,3.341389102234338,3.4296326215836643
2023-03-29,0.01559554344423908,0.0,0.01559554344423908,3.3934998811423407,3.4831196061313525
2023-03-30,0.006939659106116657,0.0,0.006939659106116657,3.417049613494116,3.507291268823735
2023-03-31,0.01483254161562366,0.0,0.01483254161562366,3.467733144088918,3.5593133125266765
2023-04-03,0.0019516911486737068,0.0,0.0019516911486737068,3.474501088172199,3.566259992814091
2023-04-04,-0.004885501220676113,0.0,-0.004885501220676113,3.4575264088646933,3.5488370252659496
2023-04-05,-0.004801667667057974,0.0,-0.004801667667057974,3.440924516099249,3.531796689266072
2023-04-06,0.004780943384602776,0.0,0.004780943384602776,3.4573753814014108,3.54868200928338
2023-04-10,0.0006062668799621928,0.0,0.0006062668799621928,3.4594714735867513,3.5508334576531264
2023-04-11,-0.0017361582646858277,0.0,-0.0017361582646858277,3.453465283596439,3.544668648799099
2023-04-12,-0.005440724948791331,0.0,-0.005440724948791331,3.4346759288681907,3.525383081646379
2023-04-13,0.015128724672714443,0.0,0.015128724672714443,3.4866381953360377,3.5787176316544533
2023-04-14,-0.002270474313782178,0.0,-0.002270474313782178,3.4787218728720757,3.5705922451955026
2023-04-17,0.002767458435085068,0.0,0.002767458435085068,3.48834909106247,3.580473710822718
2023-04-18,0.0004980742007422382,0.0,0.0004980742007422382,3.4900865477479113,3.5822570524045148
2023-04-19,-0.00022713018234807834,0.0,-0.00022713018234807834,3.4892938437539107,3.5814434137069844
2023-04-20,-0.00609381909799862,0.0,-0.00609381909799862,3.468030718290314,3.5596187454341353
2023-04-21,0.0008577478559417151,0.0,0.0008577478559417151,3.4710054142032676,3.5626720007810015
2023-04-24,0.00010497669044972062,0.0,0.00010497669044972062,3.471369788864184,3.5630459982968015
2023-04-25,-0.01683049205176793,0.0,-0.01683049205176793,3.412944927223958,3.5030781809423837
2023-04-26,-0.0011224693692378218,0.0,-0.0011224693692378218,3.4091140010842538,3.499146082986231
2023-04-27,0.021977860878774402,0.0,0.021977860878774402,3.4840390343199656,3.576049828792611
2023-04-28,0.008062797109031938,0.0,0.008062797109031938,3.512130134173635,3.604882793013954
2023-05-01,-0.0010506695274279832,0.0,-0.0010506695274279832,3.508440046065297,3.601095252513385
2023-05-02,-0.010496278359915645,0.0,-0.010496278359915645,3.4716144827327207,3.563297154342434
2023-05-03,-0.006758051148962818,0.0,-0.006758051148962818,3.448153134488933,3.5392162099144344
2023-05-04,-0.006026015303340048,0.0,-0.006026015303340048,3.4273745109322427,3.517888838871661
2023-05-05,0.019245451406837623,0.0,0.019245451406837623,3.493335880535423,3.5855921975748224
2023-05-08,0.0009318628800125795,0.0,0.0009318628800125795,3.49659119056991,3.588933477846605
2023-05-09,-0.004972756463815885,0.0,-0.004972756463815885,3.4792034941256818,3.5710865856964378
2023-05-10,0.006540504243045708,0.0,0.006540504243045708,3.5019592393414305,3.594443292662469
2023-05-11,-0.0002428016092410946,0.0,-0.0002428016092410946,3.501108958002622,3.593570556046685
2023-05-12,-0.0019810530097625232,0.0,-0.0019810530097625232,3.4941730755638645,3.5864515022808345
2023-05-15,0.004035679447077189,0.0,0.004035679447077189,3.5082744380294484,3.600925270896529
2023-05-16,-0.004343482511257224,0.0,-0.004343482511257224,3.4930363093631764,3.5852847149580453
2023-05-17,0.012094851882051215,0.0,0.012094851882051215,3.535284066143551,3.628648202540445
2023-05-18,0.012314686982883726,0.0,0.012314686982883726,3.578819982813685,3.673333869325734
2023-05-19,-0.0016882167612429224,0.0,-0.0016882167612429224,3.5727781589332275,3.6671324855178966
2023-05-22,0.001292633533932952,0.0,0.001292633533932952,3.5773964517907677,3.671872743942052
2023-05-23,-0.011690994795554209,0.0,-0.011690994795554209,3.5355731284912477,3.628944898802688
2023-05-24,-0.006617905501145937,0.0,-0.006617905501145937,3.512175039634502,3.604928884393546
2023-05-25,0.013351568711870598,0.0,0.013351568711870598,3.5590680860042987,3.6530603400949335
2023-05-26,0.016696932553211204,0.0,0.016696932553211204,3.618493605788599,3.7140552422063093
2023-05-30,0.001670761109616026,0.0,0.001670761109616026,3.6245392441805446,3.7202605412639533
2023-05-31,-0.00559221575857779,0.0,-0.00559221575857779,3.6042700387016544,3.6994560416390816
2023-06-01,0.010115398758686545,0.0,0.010115398758686545,3.6407286673771084,3.736877514690493
2023-06-02,0.012333277737389924,0.0,0.012333277737389924,3.685630785198348,3.7829654629497784
2023-06-05,-0.001127985627224326,0.0,-0.001127985627224326,3.6814734466453882,3.778698332279285
2023-06-06,0.0014763378640706868,0.0,0.0014763378640706868,3.6869085452902417,3.78427696770413
2023-06-07,-0.00750259354828644,0.0,-0.00750259354828644,3.659247169025225,3.755885075741304
2023-06-08,0.00795440733688475,0.0,0.00795440733688475,3.6883543115539936,3.785760915544276
2023-06-09,0.002403426566482791,0.0,0.002403426566482791,3.6972190002929834,3.794859713903047
2023-06-12,0.011391012601343186,0.0,0.011391012601343186,3.7393340685152463,3.8380870087244463
2023-06-13,0.006912974589519848,0.0,0.006912974589519848,3.765183989912618,3.8646196066881244
2023-06-14,0.00301354417082984,0.0,0.00301354417082984,3.7765305381775214,3.8762658085763344
2023-06-15,0.012289092617968556,0.0,0.012289092617968556,3.822940671735772,3.923901598109794
2023-06-16,-0.004220285971272808,0.0,-0.004220285971272808,3.8068067688498375,3.9073416112426362
2023-06-20,-0.004060223256669792,0.0,-0.004060223256669792,3.7913502834733053,3.8914769319609155
2023-06-21,-0.007689512833909817,0.0,-0.007689512833909817,3.7621966468106898,3.8615533701497378
2023-06-22,0.0060922197375433244,0.0,0.0060922197375433244,3.785116775478909,3.8850788018089406
2023-06-23,-0.008259343653166261,0.0,-0.008259343653166261,3.753854195262864,3.8529906008651693
2023-06-26,-0.006889665870642869,0.0,-0.006889665870642869,3.727991394130392,3.8264447830224806
2023-06-27,0.012802703458047304,0.0,0.012802703458047304,3.775719762443596,3.87543362087811
2023-06-28,0.0009549575278765877,0.0,0.0009549575278765877,3.779325414453894,3.8791344953881537
2023-06-29,0.0021612008033737523,0.0,0.0021612008033737523,3.7874932955758225,3.8875180839759818
2023-06-30,0.012848717564779453,0.0,0.012848717564779453,3.8361577272091716,3.9374677058649614
2023-07-03,0.0015127270424291738,0.0,0.0015127270424291738,3.841960786742144,3.9434240197423147
2023-07-05,-0.0010354609729609,0.0,-0.0010354609729609,3.8379825862878265,3.939340758070035
2023-07-06,-0.007755091838025906,0.0,-0.007755091838025906,3.8082186788584202,3.9087908087099232
2023-07-07,-0.0027641495840505345,0.0,-0.0027641495840505345,3.79769219278128,3.897986326221887
2023-07-10,0.0018723126837184908,0.0,0.0018723126837184908,3.804802660042683,3.9052845754614336
2023-07-11,0.005933007464582141,0.0,0.005933007464582141,3.827376582625978,3.928454657998963
2023-07-12,0.009421979899083277,0.0,0.009421979899083277,3.863438047853702,3.96546847882109
2023-07-13,0.010617008084037049,0.0,0.010617008084037049,3.9044562008399413,4.007569889717728
2023-07-14,-0.00049484306951999,0.0,-0.00049484306951999,3.9025241077487114,4.005586771532184
2023-07-17,0.0052286601936336495,0.0,0.0052286601936336495,3.9229290802055923,4.026530623636639
2023-07-18,0.007665023005039129,0.0,0.007665023005039129,3.9529984218525045,4.057394073497308
2023-07-19,0.0014885820704215067,0.0,0.0014885820704215067,3.958882784427679,4.063433837567751
2023-07-20,-0.011602783408761197,0.0,-0.011602783408761197,3.912948724939291,4.016286694854621
2023-07-21,-0.0008709716938572918,0.0,-0.0008709716938572918,3.909540657360354,4.012788622828987
2023-07-24,0.003603794764168522,0.0,0.003603794764168522,3.923629839511653,4.027249889457653
2023-07-25,0.003942975194343867,0.0,0.003942975194343867,3.9391006146406347,4.0431292358732085
2023-07-26,-0.0008873485549770186,0.0,-0.0008873485549770186,3.9356052594023243,4.039541570988171
2023-07-27,-0.005205157413429983,0.0,-0.005205157413429983,3.915119814510012,4.018515121233084
2023-07-28,0.012282049650519954,0.0,0.012282049650519954,3.963205510459559,4.067870723473434
2023-07-31,0.0014886580675823047,0.0,0.0014886580675823047,3.969105368316191,4.073926392043815
2023-08-01,-0.0026965819897399545,0.0,-0.0026965819897399545,3.9584023502646093,4.062940715507503
2023-08-02,-0.01639041185005151,0.0,-0.01639041185005151,3.8935225054755604,3.9963474438579922
2023-08-03,-0.002471190205690221,0.0,-0.002471190205690221,3.883900870794395,3.9864717091961954
2023-08-04,-0.0045295630848854905,0.0,-0.0045295630848854905,3.86630849678469,3.96841473410328
2023-08-07,0.008631555431188697,0.0,0.008631555431188697,3.8996807528887625,4.002668325854638
2023-08-08,-0.005592208242302266,0.0,-0.005592208242302266,3.877872926040111,3.980284571051592
2023-08-09,-0.007972108818650358,0.0,-0.007972108818650358,3.8469581010888207,3.9485533093219733
2023-08-10,0.0008412741268360108,0.0,0.0008412741268360108,3.850194447406289,3.9518751250595385
2023-08-11,-0.0023079534516053934,0.0,-0.0023079534516053934,3.841308377842046,3.942754381224344
2023-08-14,0.007250965071395554,0.0,0.007250965071395554,3.869161570718238,3.971343155527694
2023-08-15,-0.011365828850564218,0.0,-0.011365828850564218,3.825185342510274,3.926205548915106
2023-08-16,-0.008321749403482324,0.0,-0.008321749403482324,3.7933531086680303,3.893532650230473
2023-08-17,-0.008566591144243539,0.0,-0.008566591144243539,3.7608570035203264,3.860178347909186
2023-08-18,1.6614290959416148e-05,0.0,1.6614290959416148e-05,3.7609194874928398,3.8602424820354133
2023-08-21,0.009366092473021625,0.0,0.009366092473021625,3.796144607196287,3.8963978700904436
2023-08-22,-0.0022857562414848043,0.0,-0.0022857562414848043,3.787467545966809,3.887491654339576
2023-08-23,0.012499533078180258,0.0,0.012499533078180258,3.8348091218401557,3.9360834848641435
2023-08-24,-0.015979919827656022,0.0,-0.015979919827656022,3.773529179518786,3.8731851863410536
2023-08-25,0.007247976418386015,0.0,0.007247976418386015,3.8008796300260292,3.9012579412356954
2023-08-28,0.00669438004324474,0.0,0.00669438004324474,3.8263241627680507,3.9273744445410532
2023-08-29,0.016676512556152254,0.0,0.016676512556152254,3.890133905712361,3.9928693537781537
2023-08-30,0.004553879884503841,0.0,0.004553879884503841,3.9078491082536106,4.011052401209775
2023-08-31,-0.00012219151372310226,0.0,-0.00012219151372310226,3.907371602255672,4.010562284645249
2023-09-01,0.0010214867687115114,0.0,0.0010214867687115114,3.9113629306478153,4.014659020954108
2023-09-05,-0.002644127508561988,0.0,-0.002644127508561988,3.9010207883269197,4.0040437505993065
2023-09-06,-0.007358565977734555,0.0,-0.007358565977734555,3.872314869475502,3.9745797304827857
2023-09-07,-0.004257463130603921,0.0,-0.004257463130603921,3.8558286316886208,3.9576581038206093
2023-09-08,0.001473479271229394,0.0,0.001473479271229394,3.861510115250827,3.9634896309992023
2023-09-11,0.008127767452133462,0.0,0.008127767452133462,3.8928955714816467,3.995703953018906
2023-09-12,-0.0071802785086693575,0.0,-0.0071802785086693575,3.8649434970732433,3.967013685798039
2023-09-13,0.001958089435526733,0.0,0.001958089435526733,3.8725114021037697,3.9747814533867896
2023-09-14,0.0084723336516076,0.0,0.0084723336516076,3.9053206107720473,4.008457128052104
2023-09-15,-0.013606814227999486,0.0,-0.013606814227999486,3.8521816387204946,3.9539147965697987
2023-09-18,0.0007267500765423705,0.0,0.0007267500765423705,3.85498121202129,3.956788304450848
2023-09-19,-0.0020894806197160666,0.0,-0.0020894806197160666,3.846926303489402,3.948520671972379
2023-09-20,-0.010718486417263496,0.0,-0.010718486417263496,3.805693076157237,3.9061985067815588
2023-09-21,-0.017138575645745113,0.0,-0.017138575645745113,3.7404689174870276,3.839251828185786
2023-09-22,-0.0015169316093301298,0.0,-0.0015169316093301298,3.7347948819523746,3.8334279457314326
2023-09-25,0.004389225933212072,0.0,0.004389225933212072,3.7511877405034677,3.850253727083937
2023-09-26,-0.014843811427401698,0.0,-0.014843811427401698,3.6955058170546535,3.7931012868114524
2023-09-27,0.000988117997961713,0.0,0.000988117997961713,3.699157412864057,3.7968493184610423
2023-09-28,0.00658311941010401,0.0,0.00658311941010401,3.7235094078297126,3.8218444309066437
2023-09-29,-0.0014042785803528354,0.0,-0.0014042785803528354,3.718280563324555,3.8164774966348807
2023-10-02,0.002225804678404364,0.0,0.002225804678404364,3.7265567295980224,3.824972230101915
2023-10-03,-0.01468722699174828,0.0,-0.01468722699174828,3.671823945012789,3.7687939947212747
2023-10-04,0.009166928052838186,0.0,0.009166928052838186,3.7054832909394095,3.803342258116853
2023-10-05,-0.001147496364687428,0.0,-0.001147496364687428,3.7012312623336463,3.7989779367020016
2023-10-06,0.013477234127247373,0.0,0.013477234127247373,3.751113622615204,3.8501776517991813
2023-10-09,0.0060698789799988545,0.0,0.0060698789799988545,3.7738824283447037,3.873547764197099
2023-10-10,0.005299579677929289,0.0,0.005299579677929289,3.793882418968854,3.8940759392097264
2023-10-11,0.005001414290871352,0.0,0.005001414290871352,3.8128571967169704,3.9135518262618283
2023-10-12,-0.005300309473196551,0.0,-0.005300309473196551,3.7926478735972657,3.892808790443247
2023-10-13,-0.0072289068739556095,0.0,-0.0072289068739556095,3.765231175313325,3.864668038219017
2023-10-16,0.01072930620088799,0.0,0.01072930620088799,3.805629493510391,3.9061332449658535
2023-10-17,-0.0009572096324408363,0.0,-0.0009572096324408363,3.801986708301702,3.902394256598175
2023-10-18,-0.013302960795019636,0.0,-0.013302960795019636,3.7514090281779784,3.8504808587959394
2023-10-19,-0.008929047393085376,0.0,-0.008929047393085376,3.717912519174529,3.816099732721582
2023-10-20,-0.01309112070412417,0.0,-0.01309112070412417,3.6692408776186407,3.7661427105015477
2023-10-23,-0.00029477726714995925,0.0,-0.00029477726714995925,3.6681592688202214,3.765032537245649
2023-10-24,0.008180498680731008,0.0,0.008180498680731008,3.698166640879516,3.7958323809494963
2023-10-25,-0.017455138223112766,0.0,-0.017455138223112766,3.6336146309908597,3.729575602068256
2023-10-26,-0.014135988900189599,0.0,-0.014135988900189599,3.5822498948996064,3.6768543627550008
2023-10-27,-0.0017012014183766296,0.0,-0.0017012014183766296,3.5761557662974237,3.6705992928979176
2023-10-30,0.011715954240310578,0.0,0.011715954240310578,3.6180538436115866,3.7136038662480257
2023-10-31,0.005825952043389005,0.0,0.005825952043389005,3.639132451794867,3.7352391442809307
2023-11-01,0.006870031091525397,0.0007,0.006170031091525397,3.66158601216862,3.760900353336424
2023-11-02,0.0056554614756364465,0.0,0.0056554614756364465,3.6822939708001687,3.7821699803984252
2023-11-03,0.003592565771809597,0.0,0.003592565771809597,3.6955228540814065,3.7957576748131707
2023-11-06,0.0012987775388404567,0.0,0.0012987775388404567,3.700322516158559,3.8006875196240992
2023-11-07,0.002983277458060085,0.0,0.002983277458060085,3.711361604908567,3.812026025026524
2023-11-08,0.0002700381398481721,0.0,0.0002700381398481721,3.7123638140926603,3.813055417443375
2023-11-09,-0.0019209544870288585,0.0,-0.0019209544870288585,3.7052325321664954,3.805730711529947
2023-11-10,0.006795752032512569,0.0,0.006795752032512569,3.730412373677898,3.831593513748022
2023-11-13,-0.0008574193507598581,0.0,-0.0008574193507598581,3.727213845922392,3.8283082313250887
2023-11-14,0.0065123167992454205,0.0,0.0065123167992454205,3.7514866432655722,3.8532393873326365
2023-11-15,0.0003850250870546688,0.0,0.0003850250870546688,3.75293105973698,3.854722981163187
2023-11-16,0.0005640240297499654,0.0,0.0005640240297499654,3.7550478030366667,3.8568971375525924
2023-11-17,0.00022406833829221597,0.0,0.00022406833829221597,3.7558891903581006,3.8577613460851676
2023-11-20,0.003652343810430758,0.0,0.003652343810430758,3.769606988995169,3.871851216859661
2023-11-21,-0.0015156777999474013,0.0,-0.0015156777999474013,3.763893479367422,3.865982737925567
2023-11-22,0.0015353905249338219,0.0,0.0015353905249338219,3.769672525752503,3.8719185311909357
2023-11-24,-0.00034671276918861736,0.0,-0.00034671276918861736,3.7683655321521647,3.870576087594914
2023-11-27,-0.00018554931826628707,0.0,-0.00018554931826628707,3.7676663144966955,3.8698579048405626
2023-11-28,0.0009414822700592019,0.0,0.0009414822700592019,3.7712135055312936,3.873501307445619
2023-11-29,-0.00020151341905469975,0.0,-0.00020151341905469975,3.7704535554038086,3.8727207449534427
2023-11-30,-0.0004486804055955473,0.0,-0.0004486804055955473,3.7687618267732907,3.8709831310388387
2023-12-01,0.0061975875230107285,0.0007,0.0054975875230107284,3.789480924769359,3.89497388779355
2023-12-04,-0.006445119083634965,0.0,-0.006445119083634965,3.7650572689440573,3.869870317259072
2023-12-05,0.0006330874767817127,0.0,0.0006330874767817127,3.7674408795503918,3.872320283693698
2023-12-06,-0.00449511575887831,0.0,-0.00449511575887831,3.7505057966820825,3.8549137557630426
2023-12-07,0.009509011428844548,0.0,0.009509011428844548,3.7861693991666803,3.891570174723803
2023-12-08,0.004365564255149711,0.0,0.004365564255149711,3.8026981649596237,3.908559074374984
2023-12-11,0.005292483349187105,0.0,0.005292483349187105,3.8228238816796574,3.929245058195428
2023-12-12,0.005588971072672732,0.0,0.005588971072672732,3.844189533770287,3.951205495163124
2023-12-13,0.01345331842506847,0.0,0.01345331842506847,3.8959066396544144,4.004362320852434
2023-12-14,0.0019931742175124945,0.0,0.0019931742175124945,3.9036718603224094,4.012343712587936
2023-12-15,0.00029559664178854263,0.0,0.00029559664178854263,3.904825772614965,4.013529747915078
2023-12-18,0.005820366570218293,0.0,0.005820366570218293,3.92755329000442,4.03688996228842
2023-12-19,0.0057841742301950605,0.0,0.0057841742301950605,3.950270942532181,4.0602400371784215
2023-12-20,-0.014181203635112726,0.0,-0.014181203635112726,3.8942513458822634,4.002660946403757
2023-12-21,0.010109352554674931,0.0,0.010109352554674931,3.9336197056743045,4.043125257067781
2023-12-22,0.0018577676402112163,0.0,0.0018577676402112163,3.9409274570724033,4.050636444335682
2023-12-26,0.004787598478476119,0.0,0.004787598478476119,3.9597950353696683,4.070029265213444
2023-12-27,0.0018768054580258096,0.0,0.0018768054580258096,3.9672268003047138,4.077667918352722
2023-12-28,0.00012174811845182547,0.0,0.00012174811845182547,3.967709802703123,4.078164366749453
2023-12-29,-0.0033256025117491925,0.0,-0.0033256025117491925,3.9545147770173616,4.064602013088066
2024-01-02,-0.009010973819385227,0.0,-0.009010973819385227,3.918880747893286,4.027975990761909
2024-01-03,-0.008910547385617406,0.0,-0.008910547385617406,3.8839613752905993,3.9920845198280954
2024-01-04,-0.0038008411542564177,0.0,-0.0038008411542564177,3.8691990550538526,3.976911240693863
2024-01-05,0.0013140999673359798,0.0,0.0013140999673359798,3.8742835694057156,3.982137299625357
2024-01-08,0.016167160828209282,0.0,0.016167160828209282,3.9369197349663865,4.046517153788411
2024-01-09,-0.000430584427099168,0.0,-0.000430584427099168,3.9352245586377705,4.044774786518
2024-01-10,0.005988502433099496,0.0,0.005988502433099496,3.9587906604819656,4.068996930168403
2024-01-11,0.00032074065311814585,0.0,0.00032074065311814585,3.9600604055839663,4.070302022901321
2024-01-12,0.0006457386581421808,0.0,0.0006457386581421808,3.9626175696764303,4.0729303742678225
2024-01-16,-0.0025978489842301885,0.0,-0.0025978489842301885,3.9523232876481535,4.0623495162321905
2024-01-17,-0.005572487540769467,0.0,-0.005572487540769467,3.9302990153706414,4.039712124166736
2024-01-18,0.010455230048456898,0.0,0.010455230048456898,3.9713911957355648,4.081948243754439
2024-01-19,0.014635248956705049,0.0,0.014635248956705049,4.029513494589621,4.14168857253017
2024-01-22,0.0018808161030033684,0.0,0.0018808161030033684,4.037092268457514,4.14947832709101
2024-01-23,0.0032836551312832364,0.0,0.0032836551312832364,4.050348687200298,4.16310378289191
2024-01-24,0.002461639491005852,0.0,0.002461639491005852,4.060319185481053,4.173351843569032
2024-01-25,0.004179104455119931,0.0,0.004179104455119931,4.077287683478306,4.1907927168512735
2024-01-26,-0.002678802810898795,0.0,-0.002678802810898795,4.066365433770962,4.179566409541478
2024-01-29,0.008609396454986817,0.0,0.008609396454986817,4.101374385921151,4.215549953771167
2024-01-30,-0.0025408054366079513,0.0,-0.0025408054366079513,4.090953591583838,4.204839061530333
2024-01-31,-0.017364906198499074,0.0,-0.017364906198499074,4.019914566203571,4.131822425647074
2024-02-01,0.01266071400124211,0.0,0.01266071400124211,4.0708095548357015,4.18413424768211
2024-02-02,0.012416387116413064,0.0,0.012416387116413064,4.121354302145735,4.2360860782483725
2024-02-05,-0.0029425226449190764,0.0,-0.0029425226449190764,4.109227123783937,4.2236212990373
2024-02-06,0.0014327085800441173,0.0,0.0014327085800441173,4.115114448741532,4.229672517511288
2024-02-07,0.008906164200413902,0.0,0.008906164200413902,4.151764333725519,4.267342675466221
2024-02-08,0.0008645751025158076,0.0,0.0008645751025158076,4.155353845799971,4.271032113697332
2024-02-09,0.006989289110337871,0.0,0.006989289110337871,4.184396815184021,4.3008835919395
2024-02-12,-0.0014812188729847909,0.0,-0.0014812188729847909,4.178198807649313,4.294513041992609
2024-02-13,-0.014311975219909179,0.0,-0.014311975219909179,4.118400529850382,4.233050077754034
2024-02-14,0.009608141937640747,0.0,0.009608141937640747,4.157970706697239,4.273721823730236
2024-02-15,0.005717010939023904,0.0,0.005717010939023904,4.181741870711568,4.298154738146847
2024-02-16,-0.006205637725538204,0.0,-0.006205637725538204,4.155791495600218,4.271481946953602
2024-02-20,-0.006127073644341507,0.0,-0.006127073644341507,4.1303286550561475,4.245310262494142
2024-02-21,-0.0005546955049039902,0.0,-0.0005546955049039902,4.128037580317412,4.2429554079746135
2024-02-22,0.02315162253326799,0.0,0.02315162253326799,4.223608348180066,4.3411867100055295
2024-02-23,-0.00038677833873971244,0.0,-0.00038677833873971244,4.22197474795967,4.339507633021674
2024-02-26,-0.0027176583588153004,0.0,-0.0027176583588153004,4.21050086299517,4.32771433382965
2024-02-27,0.00202174579456732,0.0,0.00202174579456732,4.219013425407953,4.336463872084159
2024-02-28,-0.0025190739181998323,0.0,-0.0025190739181998323,4.208385418727473,4.325539999046776
2024-02-29,0.005083798134212114,0.0,0.005083798134212114,4.229780000667245,4.347530171223389
2024-03-01,0.011071380360455362,0.0,0.011071380360455362,4.2766095038956795,4.395663331377559
2024-03-04,-0.0018205835868868147,0.0,-0.0018205835868868147,4.268823578825363,4.3876606588629725
2024-03-05,-0.012420644032708672,0.0,-0.012420644032708672,4.2158020407143395,4.333163087682915
2024-03-06,0.005449626433504362,0.0,0.005449626433504362,4.238776586953838,4.356777207786237
2024-03-07,0.011469747165408583,0.0,0.011469747165408583,4.2873942826968525,4.40674834081556
2024-03-08,-0.00852189863780589,0.0,-0.00852189863780589,4.250857543199402,4.369194478132811
2024-03-11,-0.0017133542453699243,0.0,-0.0017133542453699243,4.243574318381299,4.3617085002248555
2024-03-12,0.011797206919693036,0.0,0.011797206919693036,4.293636642694338,4.413164477925392
2024-03-13,-0.00340587373933815,0.0,-0.00340587373933815,4.279013058406726,4.398133796922646
2024-03-14,-0.002130322366227189,0.0,-0.002130322366227189,4.269897381183023,4.388764354125401
2024-03-15,-0.008386142193808621,0.0,-0.008386142193808621,4.234089414591451,4.351959552196587
2024-03-18,0.007044658078348441,0.0,0.007044658078348441,4.263917126790402,4.382617619212615
2024-03-19,0.004654191630606796,0.0,0.004654191630606796,4.283762214195511,4.403015161456104
2024-03-20,0.010023225751151754,0.0,0.010023225751151754,4.326699329932646,4.447147576405122
2024-03-21,0.0037650810750078593,0.0,0.0037650810750078593,4.342989703697024,4.463891447582812
2024-03-22,-0.0009834443356551148,0.0,-0.0009834443356551148,4.338718615073115,4.459501458823707
2024-03-25,-0.0030174765760362593,0.0,-0.0030174765760362593,4.32562663328212,4.446045017630907
2024-03-26,-0.0022482300319877514,0.0,-0.0022482300319877514,4.3159016295780095,4.4360492856987
2024-03-27,0.006901238135074183,0.0,0.006901238135074183,4.345686694491282,4.466663518198232
2024-03-28,-0.0006869448451689241,0.0,-0.0006869448451689241,4.342701447417782,4.463595166719302
2024-04-01,-0.0005794307325259539,0.0,-0.0005794307325259539,4.340185152736963,4.4610088225021505
2024-04-02,-0.007025905342100337,0.0,-0.007025905342100337,4.309691422686643,4.429666196784976
2024-04-03,0.0014576538479154086,0.0,0.0014576538479154086,4.31597346097225,4.4361231167617
2024-04-04,-0.012950199787040905,0.0,-0.012950199787040905,4.260080742377093,4.378674436119725
2024-04-05,0.01082490307870014,0.0,0.01082490307870014,4.306195703520762,4.426073162503903
2024-04-08,0.0004819795298258377,0.0,0.0004819795298258377,4.308271201701284,4.428206439165742
2024-04-09,0.0019278338238654545,0.0,0.0019278338238654545,4.316576832646309,4.436743285318225
2024-04-10,-0.009606804152555614,0.0,-0.009606804152555614,4.2751083244056165,4.394120361501006
2024-04-11,0.010048683970360494,0.0,0.010048683970360494,4.318067536896626,4.438275488341455
2024-04-12,-0.014496749514976736,0.0,-0.014496749514976736,4.255469593425483,4.373934920308508
2024-04-15,-0.013518792901185116,0.0,-0.013518792901185116,4.197940781294673,4.314804599957595
2024-04-16,-0.001246820266200621,0.0,-0.001246820266200621,4.192706703652245,4.309424814137673
2024-04-17,-0.007741782115275076,0.0,-0.007741782115275076,4.160247681879317,4.276062186184459
2024-04-18,-0.003139245884948394,0.0,-0.003139245884948394,4.147187641463611,4.262638575562696
2024-04-19,-0.012332777302045217,0.0,-0.012332777302045217,4.096041299851646,4.210068403291174
2024-04-22,0.009442239909757344,0.0,0.009442239909757344,4.134717104485119,4.249820879191539
2024-04-23,0.012746895163516347,0.0,0.012746895163516347,4.1874219099467895,4.303992900402316
2024-04-24,0.0006956882506489403,0.0,0.0006956882506489403,4.19033505017005,4.306987137694003
2024-04-25,-0.003970138177866999,0.0,-0.003970138177866999,4.173698841009315,4.289887803627062
2024-04-26,0.01122858342820061,0.0,0.01122858342820061,4.220563566649773,4.338057166727709
2024-04-29,0.0036984847891031397,0.0,0.0036984847891031397,4.23617325680247,4.354101405173111
2024-04-30,-0.016789174622990333,0.0,-0.016789174622990333,4.165051404260772,4.280999636355452
2024-05-01,-0.004447822611358676,0.0,-0.004447822611358676,4.14652599444743,4.2619585093736525
2024-05-02,0.010356919346801097,0.0,0.010356919346801097,4.189471229741336,4.3060992699146485
2024-05-03,0.014691468573144672,0.0,0.014691468573144672,4.251020714651175,4.369362192011441
2024-05-06,0.010487933150467966,0.0,0.010487933150467966,4.295605135727691,4.415187770591439
2024-05-07,0.0008214846092926552,0.0,0.0008214846092926552,4.29913390923429,4.418814779392117
2024-05-08,-9.025944282236003e-05,0.0,-9.025944282236003e-05,4.298745871803024,4.418415939632194
2024-05-09,0.004686141680969769,0.0,0.004686141680969769,4.318890404008777,4.439121262730765
2024-05-10,0.0016144032607825485,0.0,0.0016144032607825485,4.325862834759971,4.446287794572327
2024-05-13,0.0007961283624615791,0.0,0.0007961283624615791,4.329306776854842,4.449827610393252
2024-05-14,0.0051425433942451915,0.0,0.0051425433942451915,4.351570424821817,4.47271104197661
2024-05-15,0.013315036206107654,0.0,0.013315036206107654,4.409511742581747,4.532265351439986
2024-05-16,-0.0020496529998267673,0.0,-0.0020496529998267673,4.400473773610793,4.522975780166396
2024-05-17,0.0008602099205842428,0.0,0.0008602099205842428,4.404259104806124,4.526866488803058
2024-05-20,0.0028971248799261936,0.0,0.0028971248799261936,4.417018793436299,4.539981386335873
2024-05-21,0.0023152358663293673,0.0,0.0023152358663293673,4.427245233769114,4.550492514073985
2024-05-22,-0.002076088369794204,0.0,-0.002076088369794204,4.418053881429059,4.541045289488681
2024-05-23,-0.006360606135696678,0.0,-0.006360606135696678,4.3899523808030025,4.512161488957882
2024-05-24,0.0074545915682775014,0.0,0.0074545915682775014,4.422677682806077,4.545797809948174
2024-05-28,0.0016226301668445411,0.0,0.0016226301668445411,4.429854053032428,4.553173958606972
2024-05-29,-0.007006224186770926,0.0,-0.007006224186770926,4.398817502422207,4.521273401091604
2024-05-30,-0.007870566046906701,0.0,-0.007870566046906701,4.3641963187411035,4.48568842017219
2024-05-31,0.00580851954711763,0.0,0.00580851954711763,4.38954583836597,4.511743629043039
2024-06-03,0.0021948996027812973,0.0,0.0021948996027812973,4.39918045078299,4.521646453342277
2024-06-04,0.0016104025687068812,0.0,0.0016104025687068812,4.406264902281136,4.528928124405524
2024-06-05,0.014315418646689459,0.0,0.014315418646689459,4.469342429025504,4.593761626527154
2024-06-06,-0.0001154540560276752,0.0,-0.0001154540560276752,4.468826425314297,4.5932312581149475
2024-06-07,-0.001115742815193743,0.0,-0.001115742815193743,4.463840364337904,4.588106393340182
2024-06-10,0.003384503441406961,0.0,0.003384503441406961,4.478948247412897,4.603634855217984
2024-06-11,0.0037639887802880306,0.0,0.0037639887802880306,4.495806958363651,4.620962885161568
2024-06-12,0.009669714174247135,0.0,0.009669714174247135,4.539280126633619,4.665646275470885
2024-06-13,0.0030432263357978656,0.0,0.0030432263357978656,4.553094183460554,4.679844893089915
2024-06-14,0.0019881667941484826,0.0,0.0019881667941484826,4.562146494126742,4.689149205308122
2024-06-17,0.009252520995211866,0.0,0.009252520995211866,4.604357850346881,4.732535656779917
2024-06-18,0.001871192394265464,0.0,0.001871192394265464,4.612973489736926,4.741391141506473
2024-06-20,-0.004201136282370187,0.0,-0.004201136282370187,4.59359375943958,4.721471911152982
2024-06-21,-0.001742308178582741,0.0,-0.001742308178582741,4.585590303463421,4.713245652027231
2024-06-24,-0.005698391067253606,0.0,-0.005698391067253606,4.559459816640081,4.6863877351059475
2024-06-25,0.006114476738183883,0.0,0.006114476738183883,4.587338527627611,4.715042543898362
2024-06-26,0.0014999850536538632,0.0,0.0014999850536538632,4.594219466855103,4.722115037241552
2024-06-27,0.0018789078300391338,0.0,0.0018789078300391338,4.602851581784296,4.7309874561593706
2024-06-28,-0.004303059269595667,0.0,-0.004303059269595667,4.583045238618726,4.7106297367318035
2024-07-01,0.0031988841959634915,0.0,0.0031988841959634915,4.5977058696019295,4.725698495749671
2024-07-02,0.007894055202658146,0.0,0.007894055202658146,4.634000413542152,4.763003420546237
2024-07-03,0.005631687148960629,0.0,0.005631687148960629,4.660097654119375,4.789827165700182
2024-07-05,0.007158021646201162,0.0,0.007158021646201162,4.693454734000972,4.824112852233826
2024-07-08,0.0015212140840162645,0.0,0.0015212140840162645,4.700594483445027,4.831451360647527
2024-07-09,0.0009430886785460777,0.0,0.0009430886785460777,4.705027560884799,4.8360078477267
2024-07-10,0.010034957078161088,0.0,0.010034957078161088,4.7522423105098435,4.8845369789082875
2024-07-11,-0.012612014676877725,0.0,-0.012612014676877725,4.692306960741614,4.822933126840544
2024-07-12,0.006169930392825028,0.0,0.006169930392825028,4.7212581680711585,4.852690288522401
2024-07-15,0.002734689274193924,0.0,0.002734689274193924,4.734169342144083,4.865960888605408
2024-07-16,0.004262436920437795,0.0,0.004262436920437795,4.754348440335643,4.886701739950406
2024-07-17,-0.018711241658851574,0.0,-0.018711241658851574,4.665388677738139,4.795265482779464
2024-07-18,-0.006749343080860371,0.0,-0.006749343080860371,4.633900368946522,4.762900590872378
2024-07-19,-0.007311173642398305,0.0,-0.007311173642398305,4.600021118707581,4.728078197611028
2024-07-22,0.011661979620401008,0.0,0.011661979620401008,4.653666471247362,4.783216949195229
2024-07-23,-0.002156394756736668,0.0,-0.002156394756736668,4.643631329269163,4.772902445245651
2024-07-24,-0.026804924648179317,0.0,-0.026804924648179317,4.519159141394178,4.644965154847731
2024-07-25,-0.006952174026680545,0.0,-0.006952174026680545,4.487741160588942,4.612672548743363
2024-07-26,0.010894610264570215,0.0,0.010894610264570215,4.536633351501829,4.662925818440003
2024-07-29,0.0010256008575038164,0.0,0.0010256008575038164,4.541286126557309,4.667708119157872
2024-07-30,-0.007628381120881355,0.0,-0.007628381120881355,4.5066434652049585,4.632101062663904
2024-07-31,0.02017993672809464,0.0,0.02017993672809464,4.597587245188875,4.725576569026601
2024-08-01,-0.017129106012623983,0.0,-0.017129106012623983,4.518834685863747,4.6446316670049725
2024-08-02,-0.02023030109535011,0.0,-0.02023030109535011,4.427417299568612,4.5506693699044645
2024-08-05,-0.02861475892252441,0.0,-0.02861475892252441,4.300727820892042,4.420453062948532
2024-08-06,0.009299396117926361,0.0,0.009299396117926361,4.340721992493903,4.461560607001592
2024-08-07,-0.007645721364776661,0.0,-0.007645721364776661,4.307534041617337,4.427448757748394
2024-08-08,0.02519929730900807,0.0,0.02519929730900807,4.416080872600725,4.539017355315294
2024-08-09,0.00466746374865501,0.0,0.00466746374865501,4.436692769984718,4.560203054275744
2024-08-12,0.0010165705681819293,0.0,0.0010165705681819293,4.44120298127475,4.564838822485655
2024-08-13,0.018868146404121842,0.0,0.018868146404121842,4.525000249335864,4.650968869699533
2024-08-14,0.0023049233862158735,0.0,0.0023049233862158735,4.535430028233191,4.661688996615864
2024-08-15,0.019481865527511785,0.0,0.019481865527511785,4.623788666152668,4.752507394779016
2024-08-16,0.001971780317794025,0.0,0.001971780317794025,4.632905761638228,4.761878295320212
2024-08-19,0.010627922305902947,0.0,0.010627922305902947,4.682143924123489,4.812487167873041
2024-08-20,-0.0017683344475152738,0.0,-0.0017683344475152738,4.673864327734237,4.803977081035866
2024-08-21,0.003801386818132313,0.0,0.003801386818132313,4.6916314939794255,4.822238856186326
2024-08-22,-0.010193285467392132,0.0,-0.010193285467392132,4.643808354853485,4.773084398933268
2024-08-23,0.010667600779821318,0.0,0.010667600779821318,4.693346648481061,4.824001757789481
2024-08-26,-0.004578659244543559,0.0,-0.004578659244543559,4.6718574134611455,4.801914297545483
2024-08-27,0.0018703433114122814,0.0,0.0018703433114122814,4.6805953907262845,4.810895525833872
2024-08-28,-0.00747326497245262,0.0,-0.00747326497245262,4.6456160611425465,4.774942428814529
2024-08-29,-0.0003609513190727439,0.0,-0.0003609513190727439,4.643939219897372,4.773218907046352
2024-08-30,0.010235096015840984,0.0,0.010235096015840984,4.691470383704751,4.822073260864599
2024-09-03,-0.023619805542098894,0.0,-0.023619805542098894,4.580658765535129,4.708176828133222
2024-09-04,-0.0022003971552534193,0.0,-0.0022003971552534193,4.570579497018259,4.697816969234168
2024-09-05,-0.0014178026675169873,0.0,-0.0014178026675169873,4.5640993172152875,4.691156391803681
2024-09-06,-0.019821687920476793,0.0,-0.019821687920476793,4.473631164911385,4.598169753819199
2024-09-09,0.011668265838266856,0.0,0.011668265838266856,4.5258306826059265,4.651822420876239
2024-09-10,0.005813446303109315,0.0,0.005813446303109315,4.552141356256221,4.6788655407316035
2024-09-11,0.0136814751034657,0.0,0.0136814751034657,4.614421364889297,4.7428793231395865
2024-09-12,0.008835468912816391,0.0,0.008835468912816391,4.655191941409412,4.784784885956427
2024-09-13,0.004999558623542532,0.0,0.004999558623542532,4.678465846424331,4.808706698494806
2024-09-16,-0.0002908013881895322,0.0,-0.0002908013881895322,4.677105342061593,4.807308319911487
2024-09-17,0.00046584513522750486,0.0,0.00046584513522750486,4.6792841488321395,4.809547781105857
2024-09-18,-0.00336600283176448,0.0,-0.00336600283176448,4.66353366513654,4.793358829655148
2024-09-19,0.01951969065907555,0.0,0.01951969065907555,4.7545643996581894,4.886923711227965
2024-09-20,-0.001779600881965526,0.0,-0.001779600881965526,4.746103172659196,4.878226937481365
2024-09-23,0.0025434132119035,0.0,0.0025434132119035,4.758174474173595,4.890634284324819
2024-09-24,0.0034468817080458344,0.0,0.0034468817080458344,4.774575338732314,4.9074917221801995
2024-09-25,-0.0012651603265620313,0.0,-0.0012651603265620313,4.7685347354375685,4.901282958350365
2024-09-26,0.005085277167914938,0.0,0.005085277167914938,4.792784056252098,4.926207340671954
2024-09-27,-0.002672985277987161,0.0,-0.002672985277987161,4.779973015029165,4.913039660974026
2024-09-30,0.003629041735762084,0.0,0.003629041735762084,4.7973197365965214,4.930869286953155
2024-10-01,-0.010457397654295075,0.0,-0.010457397654295075,4.7471522564361335,4.879305226038135
2024-10-02,0.0007234774594140456,0.0,0.0007234774594140456,4.750586714090072,4.882835293386775
2024-10-03,-0.0014971762744821258,0.0,-0.0014971762744821258,4.743474248371866,4.875524828233313
2024-10-04,0.009925565102349654,0.0,0.009925565102349654,4.7905559108354,4.923917167324065
2024-10-07,-0.009562467727409773,0.0,-0.009562467727409773,4.744746374541685,4.87683236831909
2024-10-08,0.01106984051666382,0.0,0.01106984051666382,4.7972699601998805,4.930818124862887
2024-10-09,0.0072107762877810285,0.0,0.0072107762877810285,4.831862000674975,4.9663731512770095
2024-10-10,-0.0015596912546532614,0.0,-0.0015596912546532614,4.824325787768831,4.958627142505618
2024-10-11,0.004667294989064496,0.0,0.004667294989064496,4.846842339343699,4.981770518120474
2024-10-14,0.008226610677373892,0.0,0.008226610677373892,4.886715424284091,5.02275360465707
2024-10-15,-0.009443382445940451,0.0,-0.009443382445940451,4.8405683016281005,4.975321821436567
2024-10-16,0.0030792079651877353,0.0,0.0030792079651877353,4.8554734180985095,4.990641872018507
2024-10-17,0.00032967947568726154,0.0,0.00032967947568726154,4.857074168029202,4.992287184214217
2024-10-18,0.004655588243189923,0.0,0.004655588243189923,4.879686705422181,5.015529217735673
2024-10-21,-0.000570146208468225,0.0,-0.000570146208468225,4.876904570548572,5.01266963276872
2024-10-22,-2.202001617794807e-05,0.0,-2.202001617794807e-05,4.87679718103103,5.012559253702312
2024-10-23,-0.01102255725812382,0.0,-0.01102255725812382,4.823042404866858,4.95730803231864
2024-10-24,0.003948723273559285,0.0,0.003948723273559285,4.84208726466032,4.976883069920059
2024-10-25,0.0015973714011326746,0.0,0.0015973714011326746,4.849821876378677,4.98483300060273
2024-10-28,0.002236835923648561,0.0,0.002236835923648561,4.860670132175057,4.995983254131868
2024-10-29,0.004017639041238974,0.0,0.004017639041238974,4.8801985502646685,5.016055311503044
2024-10-30,-0.0043890370087200535,0.0,-0.0043890370087200535,4.858779178217655,4.994039659103071
2024-10-31,-0.021401368576507783,0.0,-0.021401368576507783,4.754794654192757,4.8871603756729085
2024-11-01,0.005171637534355266,0.0,0.005171637534355266,4.779384728694533,4.912434997708153
2024-11-04,-0.002381960171309749,0.0,-0.002381960171309749,4.768000424627416,4.900733773199463
2024-11-05,0.012270072790862783,0.0,0.012270072790862783,4.826504136904458,4.9608661333252595
2024-11-06,0.02545650214016837,0.0,0.02545650214016837,4.949370049795098,5.087152432665342
2024-11-07,0.010108287912526982,0.0,0.010108287912526982,4.999399707244065,5.138574834109636
2024-11-08,0.0033813194816854405,0.0,0.0033813194816854405,5.016304274870901,5.155949997304309
2024-11-11,0.0004973293043012972,0.0,0.0004973293043012972,5.018799029986086,5.1585142023294805
2024-11-12,-0.0027177462135425596,0.0,-0.0027177462135425596,5.00515920792581,5.144494669888594
2024-11-13,-4.583370253160576e-05,0.0,-4.583370253160576e-05,5.00492980294755,5.144258878650219
2024-11-14,-0.006586181895911135,0.0,-0.006586181895911135,4.971966424889071,5.110377853955773
2024-11-15,-0.01618564112675659,0.0,-0.01618564112675659,4.891491960641534,5.027663111989521
2024-11-18,0.004947012825509356,0.0,0.004947012825509356,4.9156902341067035,5.052535025886874
2024-11-19,0.00468078106389136,0.0,0.00468078106389136,4.938699503870466,5.076184836160693
2024-11-20,6.430970582428362e-05,0.0,6.430970582428362e-05,4.939017110182715,5.076511284114217
2024-11-21,0.004840033772196217,0.0,0.004840033772196217,4.962922119797455,5.1010817701742655
2024-11-22,0.0026516771614532916,0.0,0.0026516771614532916,4.976082187036594,5.114608192202942
2024-11-25,0.0028805086238373294,0.0,0.0028805086238373294,4.990415834689276,5.129340865208131
2024-11-26,0.005259006228680229,0.0,0.005259006228680229,5.016660462647612,5.156316100767284
2024-11-27,-0.0044874257811088,0.0,-0.0044874257811088,4.994148571152458,5.1331775149611545
2024-11-29,0.006977013406550703,0.0,0.006977013406550703,5.028992812687695,5.168991763301244
2024-12-02,0.004514172642548008,0.0,0.004514172642548008,5.0516945544622995,5.192325484508694
2024-12-03,0.0012493193543200664,0.0,0.0012493193543200664,5.058005734241303,5.198812357230421
2024-12-04,0.008037531047058354,0.0,0.008037531047058354,5.0986596123664665,5.240597972959491
2024-12-05,-0.0019831805663980797,0.0,-0.0019831805663980797,5.0885480497085425,5.230204920903212
2024-12-06,0.004008281559856375,0.0,0.004008281559856375,5.108944383022632,5.251169054841938
2024-12-09,-0.005944863853150983,0.0,-0.005944863853150983,5.078572404232243,5.219951569741023
2024-12-10,-0.003191097371483376,0.0,-0.003191097371483376,5.062366185182209,5.203294196007552
2024-12-11,0.010748725245527058,0.0,0.010748725245527058,5.11678016839898,5.259222975692084
2024-12-12,-0.005549528894867139,0.0,-0.005549528894867139,5.088384449005767,5.2300367658239315
2024-12-13,0.002165659392418318,0.0,0.002165659392418318,5.099404156579992,5.241363244068531
2024-12-16,0.007292676160707723,0.0,0.007292676160707723,5.136592459706497,5.279586808848159
2024-12-17,-0.004205654938159931,0.0,-0.004205654938159931,5.114989724263017,5.257382688514083
2024-12-18,-0.031708725904156104,0.0,-0.031708725904156104,4.952799917093786,5.090677781870735
2024-12-19,-0.00146010310328234,0.0,-0.00146010310328234,4.945568318564901,5.083244867443614
2024-12-20,0.011108243499991564,0.0,0.011108243499991564,5.000504895693364,5.139710789201261
2024-12-23,0.007110161375267788,0.0,0.007110161375267788,5.03605929245956,5.176254962334687
2024-12-24,0.01182325457686959,0.0,0.01182325457686959,5.095601903538519,5.237455142509154
2024-12-26,-0.0001485061379622567,0.0,-0.0001485061379622567,5.094845175379231,5.236677348273189
2024-12-27,-0.011388484321667124,0.0,-0.011388484321667124,5.036822610978104,5.17703953039475
2024-12-30,-0.01197260152509605,0.0,-0.01197260152509605,4.976518740904269,5.115056899017663
2024-12-31,-0.005073856457406,0.0,-0.005073856457406,4.95126859915533,5.089103834540583
2025-01-02,-0.0022606927749071574,0.0,-0.0022606927749071574,4.940075302006594,5.0775989342710846
2025-01-03,0.01361736392047339,0.0,0.01361736392047339,5.00734610518856,5.1467424468012615
2025-01-06,0.007484944465067145,0.0,0.007484944465067145,5.044825812703267,5.1852655281915725
2025-01-07,-0.013218619184494951,0.0,-0.013218619184494951,4.978140181433032,5.116723477803919
2025-01-08,0.001074965004154249,0.0,0.001074965004154249,4.983491507913846,5.122223776478492
2025-01-10,-0.015449329135272527,0.0,-0.015449329135272527,4.90649990736525,5.043088855451157
2025-01-13,0.0002075779842155897,0.0,0.0002075779842155897,4.907518388725575,5.044135689669992
2025-01-14,0.0007050258773154796,0.0,0.0007050258773154796,4.910978316183028,5.0476919358599
2025-01-15,0.019560603709870315,0.0,0.019560603709870315,5.007040016853651,5.146427837466764
2025-01-16,-0.003426014007668665,0.0,-0.003426014007668665,4.989885827618953,5.128796103606147
2025-01-17,0.012097097209567908,0.0,0.012097097209567908,5.050248961540305,5.190839648639524
2025-01-21,0.008151540225964048,0.0,0.008151540225964048,5.091416269101433,5.2331529868419375
2025-01-22,0.007758003113442302,0.0,0.007758003113442302,5.1309154923689535,5.273751804006977
2025-01-23,0.004472746937732452,0.0,0.004472746937732452,5.15386477892521,5.29733996123871
2025-01-24,-0.0037371597669535787,0.0,-0.0037371597669535787,5.134603962829092,5.2775429554636935
2025-01-27,-0.018453829027619814,0.0,-0.018453829027619814,5.039850859174505,5.180152080077647
2025-01-28,0.010431583337072014,0.0,0.010431583337072014,5.092424483418398,5.234189268199684
2025-01-29,-0.0037031700886751336,0.0,-0.0037031700886751336,5.073566369392566,5.214806175063223
2025-01-30,0.0050332804394865645,0.0,0.0050332804394865645,5.099103051758067,5.241053756979882
2025-01-31,-0.004115061999113278,0.0,-0.004115061999113278,5.078119926560214,5.219486495829225
2025-02-03,-0.006974215867121368,0.0,-0.006974215867121368,5.042704021993253,5.1830846702917865
2025-02-04,0.008374503725411774,0.0,0.008374503725411774,5.0849341656115845,5.22649043217227
2025-02-05,0.004222028991084881,0.0,0.004222028991084881,5.106402905076554,5.248556826298528
2025-02-06,0.00399657111632452,0.0,0.00399657111632452,5.1268110074352995,5.269533056912901
2025-02-07,-0.010180776497845599,0.0,-0.010180776497845599,5.074616090421906,5.215885118612462
2025-02-10,0.008370794239883827,0.0,0.008370794239883827,5.117094657561232,5.2595462197192395
2025-02-11,-0.00016243936464876985,0.0,-0.00016243936464876985,5.11626343995621,5.2586918623729675
2025-02-12,-0.001992759722491867,0.0,-0.001992759722491867,5.1060679562434075,5.248212553036635
2025-02-13,0.011684102392014138,0.0,0.011684102392014138,5.165727777064738,5.309533205881369
2025-02-14,0.001225002803446018,0.0,0.001225002803446018,5.172055808073481,5.316037398943563
2025-02-18,0.002734444147872161,0.0,0.002734444147872161,5.186198505810336,5.330573806298974
2025-02-19,0.0017400421513834694,0.0,0.0017400421513834694,5.195222709815888,5.339849229412995
2025-02-20,-0.004189719819503157,0.0,-0.004189719819503157,5.17345618226184,5.317476757263365
2025-02-21,-0.018188829608115454,0.0,-0.018188829608115454,5.079357069277628,5.2207580785803875
2025-02-24,-0.0066916133368683075,0.0,-0.0066916133368683075,5.045367975770134,5.1858227841931965
2025-02-25,-0.007265574286917165,0.0,-0.007265574286917165,5.008710479937343,5.148144803515853
2025-02-26,0.0010852538713286624,0.0,0.0010852538713286624,5.014146202376059,5.153731847594029
2025-02-27,-0.019379184197090095,0.0,-0.019379184197090095,4.916976139529074,5.053856728817095
2025-02-28,0.015653628675996498,0.0,0.015653628675996498,4.993944658225996,5.132967925431684
2025-03-03,-0.018723718224104645,0.0,-0.018723718224104645,4.9004394456186,5.036859680342534
2025-03-04,-0.009210266798163048,0.0,-0.009210266798163048,4.855305090896211,4.990468858861669
2025-03-05,0.011432020982544599,0.0,0.011432020982544599,4.910811040571993,5.047520003568911
2025-03-06,-0.020777800030104186,0.0,-0.020777800030104186,4.80877519078536,4.942643642286805
2025-03-07,0.006155013426620159,0.0,0.006155013426620159,4.838373266650241,4.973065680268079
2025-03-10,-0.030509708126627108,0.0,-0.030509708126627108,4.690755910477067,4.821338897868554
2025-03-11,-0.006545602370973702,0.0,-0.006545602370973702,4.66005208746779,4.789780330547398
2025-03-12,0.007167374608705601,0.0,0.007167374608705601,4.693452426474751,4.82411048046984
2025-03-13,-0.014741446956324811,0.0,-0.014741446956324811,4.62426414648784,4.7529961117105435
2025-03-14,0.021595235783602628,0.0,0.021595235783602628,4.724126221056905,4.85563818342148
2025-03-17,0.007343513093042763,0.0,0.007343513093042763,4.758817903814424,4.891295625996514
2025-03-18,-0.012720766861881793,0.0,-0.012720766861881793,4.698282090721851,4.82907459468567
2025-03-19,0.011608469432181256,0.0,0.011608469432181256,4.75282195475576,4.885132759503802
2025-03-20,-0.003010563417190926,0.0,-0.003010563417190926,4.73851328285035,4.870425757529918
2025-03-21,0.0013132472579199701,0.0,0.0013132472579199701,4.74473612242567,4.876821830800897
2025-03-24,0.019042119953736746,0.0,0.019042119953736746,4.835085956817728,4.9696868570960095
2025-03-25,0.0033923196928185018,0.0,0.0033923196928185018,4.851488114125511,4.986545623688477
2025-03-26,-0.013892133143471787,0.0,-0.013892133143471787,4.784090595300108,4.9172718679582
2025-03-27,-0.0035706407172522935,0.0,-0.0035706407172522935,4.767008326625505,4.899714056808669
2025-03-28,-0.022054164018694443,0.0,-0.022054164018694443,4.661875943111624,4.7916549593551085
2025-03-31,0.00488191112944647,0.0,0.00488191112944647,4.684634807162399,4.815047393029651
2025-04-01,-0.003463980509803932,0.001,-0.004463980509803932,4.6637226886876775,4.7983681627064145
2025-04-02,0.00010944525215972334,0.0,0.00010944525215972334,4.664233110993344,4.798893321319937
2025-04-03,0.00010925762517666193,0.0,0.00010925762517666193,4.664742714026321,4.799417637007701
2025-04-04,0.0003280883400689216,0.0,0.0003280883400689216,4.6662731617202144,4.800992269973524
2025-04-07,0.00010932154763287905,0.0,0.00010932154763287905,4.666783285923931,4.801517121878652
2025-04-08,0.0002187469448806656,0.0,0.0002187469448806656,4.667804130510147,4.802567439079855
2025-04-09,1.1948018130425453e-08,0.0,1.1948018130425453e-08,4.667804186281155,4.802567496461018
2025-04-10,0.00010908629606543041,0.0,0.00010908629606543041,4.668313379750596,4.8030913907608115
2025-04-11,0.0004371392375359662,0.0,0.0004371392375359662,4.670354082701999,4.805191010469184
2025-04-14,0.0,0.0,0.0,4.670354082701999,4.805191010469184
2025-04-15,0.0002184800683255883,0.0,0.0002184800683255883,4.671374461981092,4.806240848929469
2025-04-16,0.00010900291750137736,0.0,0.00010900291750137736,4.67188365542619,4.806764743204217
2025-04-17,0.0004368409298380893,0.0,0.0004368409298380893,4.6739245254263215,4.808864534784151
2025-04-21,0.00010911872728502914,0.0,0.00010911872728502914,4.674434538121963,4.809389271961873
2025-04-22,0.0,0.0,0.0,4.674434538121963,4.809389271961873
2025-04-23,0.00021838890682501777,0.0,0.00021838890682501777,4.675455382770768,4.810439589227473
2025-04-24,0.0,0.0,0.0,4.675455382770768,4.810439589227473
2025-04-25,0.00043612108896340374,0.0,0.00043612108896340374,4.677494447463702,4.812537523379519
2025-04-28,0.00010921058085000546,0.0,0.00010921058085000546,4.678005279349232,4.81306310339781
2025-04-29,0.0,0.0,0.0,4.678005279349232,4.81306310339781
2025-04-30,0.00010902353183173119,0.0,0.00010902353183173119,4.678515292006715,4.813587840536272
2025-05-01,0.0002407012189515889,0.0,0.0002407012189515889,4.6796414163403846,4.814746476997019
2025-05-02,0.00032789526515553113,0.0,0.00032789526515553113,4.681175848603428,4.816325209569751
2025-05-05,1.1958470880202299e-08,0.0,1.1958470880202299e-08,4.681175904583133,4.816325267165635
2025-05-06,0.00021893750884371954,0.0,0.00021893750884371954,4.682200789574142,4.8173797414214095
2025-05-07,0.0,0.0,0.0,4.682200789574142,4.8173797414214095
2025-05-08,0.00021845218035720926,0.0,0.00021845218035720926,4.6832236265454945,4.818432108529532
2025-05-09,0.0003279307421468758,0.0,0.0003279307421468758,4.684759399544987,4.820012220546866
2025-05-12,0.0,0.0,0.0,4.684759399544987,4.820012220546866
2025-05-13,0.00021825734972447108,0.0,0.00021825734972447108,4.685781882715628,4.8210642236397625
2025-05-14,0.0,0.0,0.0,4.685781882715628,4.8210642236397625
2025-05-15,0.00010956587963950604,0.0,0.00010956587963950604,4.686295284529407,4.8215924477822245
2025-05-16,0.0004368087176425117,0.0,0.0004368087176425117,4.688342299163136,4.823698561396335
2025-05-19,0.0,0.0,0.0,4.688342299163136,4.823698561396335
2025-05-20,0.00021842813587369392,0.0,0.00021842813587369392,4.68936636503188,4.8247521928811175
2025-05-21,0.00010902146508606769,0.0,0.00010902146508606769,4.689877606623321,4.825278194433863
2025-05-22,0.00021826929329393785,0.0,0.00021826929329393785,4.690901262894154,4.826331404495308
2025-05-23,0.00043634410442927596,0.0,0.00043634410442927596,4.692948110004678,4.828437345749681
2025-05-27,0.0,0.0,0.0,4.692948110004678,4.828437345749681
2025-05-28,0.00010902554296499112,0.0,0.00010902554296499112,4.693459761220478,4.828963768752974
2025-05-29,0.00010910093844263002,0.0,0.00010910093844263002,4.693971822084969,4.82949061323185
2025-05-30,0.000327092567720344,0.0,0.000327092567720344,4.695507185381062,4.831070303717313
2025-06-02,0.009642409248354088,0.001,0.008642409248354087,4.736087680105713,4.877653460693326
2025-06-03,0.0063382072166243576,0.0,0.0063382072166243576,4.766105985218323,4.908569039058085
2025-06-04,0.0006496232611677311,0.0,0.0006496232611677311,4.769202158531511,4.911757759684904
2025-06-05,-0.005617599539322593,0.0,-0.005617599539322593,4.742410690682808,4.884165471556834
2025-06-06,0.010116020378487989,0.0,0.010116020378487989,4.790385013872915,4.93357378899901
2025-06-09,0.0010723846671185531,0.0,0.0010723846671185531,4.795522149311386,4.93886447788443
2025-06-10,0.005948557539397892,0.0,0.005948557539397892,4.824048588748022,4.968243597410414
2025-06-11,-0.0029966218776623973,0.0,-0.0029966218776623973,4.809592739208074,4.953355649952858
2025-06-12,0.0034998043274638508,0.0,0.0034998043274638508,4.826425372690093,4.9706914254920305
2025-06-13,-0.011612324037992637,0.0,-0.011612324037992637,4.770379357317227,4.912970145966345
2025-06-16,0.010803422912355809,0.0,0.010803422912355809,4.821915782966697,4.9660470402089985
2025-06-17,-0.008926893866227003,0.0,-0.008926893866227003,4.778871052540269,4.921715665346362
2025-06-18,-0.00015357908524676932,0.0,-0.00015357908524676932,4.778137117895507,4.920959792756633
2025-06-20,-0.0028282680402720427,0.0,-0.0028282680402720427,4.764623265392926,4.907041999447316
2025-06-23,0.009988213884446439,0.0,0.009988213884446439,4.81221334164648,4.956054584477758
2025-06-24,0.012285150153494916,0.0,0.012285150153494916,4.871332105119258,5.0169404592169835
2025-06-25,0.0011628878392016206,0.0,0.0011628878392016206,4.8769969179850134,5.022774598267006
2025-06-26,0.008265154352322179,0.0,0.008265154352322179,4.9173060502879595,5.064288605598606
2025-06-27,0.004500216884900854,0.0,0.004500216884900854,4.93943499400369,5.0870790026915325
2025-06-30,0.005286656697602354,0.0,0.005286656697602354,4.965548091097112,5.113972642972344
2025-07-01,-0.002757052521480852,0.0,-0.002757052521480852,4.951857814212018,5.099873151802253
2025-07-02,0.005269159904543108,0.0,0.005269159904543108,4.977949944859663,5.126745198931985
2025-07-03,0.008451461563499296,0.0,0.008451461563499296,5.020020897483668,5.170073688926614
2025-07-07,-0.007489696173716597,0.0,-0.007489696173716597,4.982422466175807,5.131351407800827
2025-07-08,-0.00021232853508861287,0.0,-0.00021232853508861287,4.981364555712371,5.130261875473384
2025-07-09,0.0063119480595243745,0.0,0.0063119480595243745,5.012806670053584,5.1626438219631305
2025-07-10,0.0015432865792524783,0.0,0.0015432865792524783,5.020542867311864,5.170611260887027
2025-07-11,-0.003129332970978349,0.0,-0.003129332970978349,5.004831916984974,5.1544306965882205
2025-07-14,0.0024257091738438593,0.0,0.0024257091738438593,5.016972183679551,5.166933846414876
2025-07-15,-0.0026764718008312587,0.0,-0.0026764718008312587,5.003544399104377,5.153104693678186
2025-07-16,0.002646086053740437,0.0,0.002646086053740437,5.016784208158119,5.166740252141593
2025-07-17,0.006707636696185415,0.0,0.006707636696185415,5.050434974009603,5.2013968686565155
2025-07-18,-0.0007947261483416956,0.0,-0.0007947261483416956,5.046421261275258,5.197263182557092
2025-07-21,0.0028810212933646495,0.0,0.0028810212933646495,5.060960108384281,5.212236608453259
2025-07-22,-0.0014519738115592374,0.0,-0.0014519738115592374,5.053611726845561,5.2046685773981345
2025-07-23,0.007309335999884925,0.0,0.007309335999884925,5.0905502729700345,5.242711248798381
2025-07-24,0.0008706228385691351,0.0,0.0008706228385691351,5.094982222298566,5.247275672947608
2025-07-25,0.0036769020621120864,0.0,0.0036769020621120864,5.11371597293816,5.26656939168994
2025-07-28,0.0007616512349752358,0.0,0.0007616512349752358,5.117610841024262,5.270580680771204
2025-07-29,-0.0022950238283243824,0.0,-0.0022950238283243824,5.10586580220002,5.258484572519728
2025-07-30,-0.00047782526188838714,0.0,-0.00047782526188838714,5.103426090535916,5.255971935751727
2025-07-31,-0.004094780682302247,0.0,-0.004094780682302247,5.082528679966832,5.234449883402489
2025-08-01,-0.017458769593059954,0.0,-0.017458769593059954,4.993793982793172,5.143062828941745
2025-08-04,0.01611091027999536,0.0,0.01611091027999536,5.074248549606734,5.225922252743205
2025-08-05,-0.00557548877089532,0.0,-0.00557548877089532,5.04595713379767,5.196785181905463
2025-08-06,0.009124730473923637,0.0,0.009124730473923637,5.092000132626547,5.244204446021231
2025-08-07,0.0004626503592582423,0.0,0.0004626503592582423,5.094355948317249,5.246630679092206
2025-08-08,0.00824234317517123,0.0,0.00824234317517123,5.136345378299755,5.289875209662666
2025-08-11,-0.0022709794937215144,0.0,-0.0022709794937215144,5.124680843272965,5.277862011537176
2025-08-12,0.011194559357873368,0.0,0.011194559357873368,5.18204938716314,5.336945351107993
2025-08-13,0.0025521873525689016,0.0,0.0025521873525689016,5.195274948069445,5.350566235534442
2025-08-14,-0.00015690494152994497,0.0,-0.00015690494152994497,5.194459783757486,5.349726705252103
2025-08-15,-0.002953833059461597,0.0,-0.002953833059461597,5.179116216722179,5.333924505651045
2025-08-18,-0.0002708263777191133,0.0,-0.0002708263777191133,5.177713575437418,5.332479938198152
2025-08-19,-0.007873549342335329,0.0,-0.007873549342335329,5.136946592120733,5.290494394287736
2025-08-20,-0.0036441835546197395,0.0,-0.0036441835546197395,5.118226615828767,5.2712148616202645
2025-08-21,-0.00420105510204305,0.0,-0.00420105510204305,5.096724663790926,5.249070197531889
2025-08-22,0.015339595034408602,0.0,0.015339595034408602,5.174906356135361,5.329588808669212
2025-08-25,-0.003949552805974732,0.0,-0.003949552805974732,5.15446779021583,5.30853931623524
2025-08-26,0.004137929884893154,0.0,0.004137929884893154,5.175796616525683,5.33050567971702
2025-08-27,0.002059890907332351,0.0,0.002059890907332351,5.186458192914266,5.341485939898153
2025-08-28,0.004353557031436939,0.0,0.004353557031436939,5.209037734448282,5.364740403570118
2025-08-29,-0.007662424783493659,0.0,-0.007662424783493659,5.169123874613692,5.323633483744793
2025-09-02,-0.007628855471855867,0.0,-0.007628855471855867,5.129689375658144,5.283020253312171
2025-09-03,0.006146686197552653,0.0,0.006146686197552653,5.161219966541235,5.315493320984596
2025-09-04,0.008557541046435335,0.0,0.008557541046435335,5.205387318254593,5.360980873260975
2025-09-05,-0.001557019013648308,0.0,-0.001557019013648308,5.197282431226667,5.352633724109503
2025-09-08,0.0031814585753910493,0.0,0.0031814585753910493,5.213817369986223,5.369662906571999
2025-09-09,0.0024674011264961045,0.0,0.0024674011264961045,5.226681948838271,5.382912018876579
2025-09-10,0.0021380489755667195,0.0,0.0021380489755667195,5.237856850824598,5.394420948404103
2025-09-11,0.007550249475739235,0.0,0.007550249475739235,5.277403976766534,5.435150172341708
2025-09-12,0.0010896728770361406,0.0,0.0010896728770361406,5.283154620741179,5.441072708067128
2025-09-15,0.006284119353689576,0.0,0.006284119353689576,5.316354594941913,5.475265058376724
2025-09-16,-0.001214821794024279,0.0,-0.001214821794024279,5.309896171515216,5.468613587055748
2025-09-17,-0.0014685704484451833,0.0,-0.0014685704484451833,5.302098214913417,5.460582542747833
2025-09-18,0.005972467590373753,0.0,0.005972467590373753,5.333764824662966,5.493195695008955
2025-09-19,0.005490257689256195,0.0,0.005490257689256195,5.363048568004256,5.523354754912067
2025-09-22,0.005102266942401235,0.0,0.005102266942401235,5.3904122734232764,5.55153638528921
2025-09-23,-0.005803249624037287,0.0,-0.005803249624037287,5.359130365424127,5.519319433848451
2025-09-24,-0.0032692267714954253,0.0,-0.0032692267714954253,5.3416101529615485,5.5012755269948785
2025-09-25,-0.004517847416728415,0.0,-0.004517847416728415,5.31747757333082,5.476421603566533
2025-09-26,0.005236973720292637,0.0,0.005236973720292637,5.345325063640599,5.505101479585654
2025-09-29,0.00336045384224184,0.0,0.00336045384224184,5.363287781788742,5.523601119004659
2025-09-30,0.0034628561397390114,0.0,0.0034628561397390114,5.381860075813096,5.542728555053073
2025-10-01,0.0038658388108070317,0.0,0.0038658388108070317,5.402665479368507,5.564155850218966
2025-10-02,0.002047577089983932,0.0,0.002047577089983932,5.4137278534289095,5.575548888262975
2025-10-03,-0.0012701445746599815,0.0,-0.0012701445746599815,5.406851636367191,5.568467135091796
2025-10-06,0.004766597461259547,0.0,0.004766597461259547,5.432623921650506,5.595009776401032
2025-10-07,-0.004165178386824319,0.0,-0.004165178386824319,5.409996073908302,5.5717055626062955
2025-10-08,0.007603733503127574,0.0,0.007603733503127574,5.451132242307268,5.6140713268622475
2025-10-09,-0.0023893963273760033,0.0,-0.0023893963273760033,5.438107326947458,5.600657085452216
2025-10-10,-0.02929268015172449,0.0,-0.02929268015172449,5.278810588388437,5.436598828808575
2025-10-13,0.017057549464737608,0.0,0.017057549464737608,5.368854161114853,5.529333882250912
2025-10-14,-0.0027906323789983582,0.0,-0.0027906323789983582,5.353871662854726,5.51390354408481
2025-10-15,0.005245642546660033,0.0,0.005245642546660033,5.3819561598387535,5.542827511113841
2025-10-16,-0.005849763483025394,0.0,-0.005849763483025394,5.350472989227685,5.510403281146619
2025-10-17,0.00596259872065955,0.0,0.00596259872065955,5.3823757126281775,5.543259604701102
2025-10-20,0.011030607896244105,0.0,0.011030607896244105,5.441746588664446,5.604405127867649
2025-10-21,-8.886987123893911e-05,0.0,-8.886987123893911e-05,5.441262981345797,5.603907065105565
2025-10-22,-0.006527272391771321,0.0,-0.006527272391771321,5.405746375711291,5.5673288372334495
2025-10-23,0.006673827499063544,0.0,0.006673827499063544,5.441823394526477,5.604484229523708
2025-10-24,0.008913763203564871,0.0,0.008913763203564871,5.490330519660906,5.654441274823796
2025-10-27,0.013559688281460902,0.0,0.013559688281460902,5.564777690069699,5.7311137359162325
2025-10-28,0.00416178342383584,0.0,0.00416178342383584,5.587937089617562,5.754965390062487
2025-10-29,0.0016900013887200863,0.0,0.0016900013887200863,5.597380711059096,5.764691289563728
2025-10-30,-0.012322797822152787,0.0,-0.012322797822152787,5.528405320223097,5.693654164295309
2025-10-31,0.003797993298311475,0.0,0.003797993298311475,5.549402166579654,5.715278624654206
2025-11-03,0.002775398249484839,0.0,0.002775398249484839,5.564803967638467,5.73114079894439
2025-11-04,-0.014423510200703048,0.0,-0.014423510200703048,5.484539960846321,5.64847763116915
2025-11-05,0.004382137840276246,0.0,0.004382137840276246,5.508573970945252,5.67323003873665
2025-11-06,-0.013120814526929715,0.0,-0.013120814526929715,5.436296993564607,5.59879263962978
2025-11-07,-0.00024209956053785654,0.0,-0.00024209956053785654,5.434980868451512,5.597437174392183
2025-11-10,0.017488236927330723,0.0,0.017488236927330723,5.5300291015745024,5.695326481883803
2025-11-11,0.0008124001953793039,0.0,0.0008124001953793039,5.534521698297075,5.699953366230434
2025-11-12,0.00016618500276951477,0.0,0.00016618500276951477,5.535441452800834,5.700900612996387
2025-11-13,-0.017802500463145198,0.0,-0.017802500463145198,5.436896753773634,5.599410327193174
2025-11-14,0.00024816480782986587,0.0,0.00024816480782986587,5.438246000211724,5.600799903780982
2025-11-17,-0.009103058146555421,0.0,-0.009103058146555421,5.388741330656525,5.549815496589641
2025-11-18,-0.009553599084790398,0.0,-0.009553599084790398,5.337259456411792,5.496794784340667
2025-11-19,0.004491405052414165,0.0,0.004491405052414165,5.361231250500365,5.521483116207138
2025-11-20,-0.017192905202741127,0.0,-0.017192905202741127,5.269056109840539,5.426552780411654
2025-11-21,0.009206144541608906,0.0,0.009206144541608906,5.317563801985579,5.4765104096707935
2025-11-24,0.017895606913936726,0.0,0.017895606913936726,5.412724833525692,5.574515887222344
2025-11-25,0.008441572334582936,0.0,0.008441572334582936,5.458416741735093,5.621573566314614
2025-11-26,0.007469821428766443,0.0,0.007469821428766443,5.4991901400796435,5.6635657170036575
2025-11-28,0.006243952541406528,0.0,0.006243952541406528,5.533526822330472,5.698928752555766
2025-12-01,-0.004177711804716677,0.0,-0.004177711804716677,5.510409342003106,5.675120270631974
2025-12-02,0.0036407590374145536,0.0,0.0036407590374145536,5.5304714146148575,5.695782016045692
2025-12-03,0.0031691406710426142,0.0,0.0031691406710426142,5.547998256504952,5.7138327504861355
2025-12-04,0.0002368472252107126,0.0,0.0002368472252107126,5.549312284497479,5.715186055918407
2025-12-05,0.0025512050794393114,0.0,0.0025512050794393114,5.563469718185085,5.729766667614207
2025-12-08,-0.0026706595492411167,0.0,-0.0026706595492411167,5.5486115846553,5.71446441154842
2025-12-09,-0.0002321966997572921,0.0,-0.0002321966997572921,5.547323215357109,5.713137531771178
2025-12-10,0.005878240112878885,0.0,0.005878240112878885,5.579931713200725,5.74672072598083
2025-12-11,0.0006782536871911765,0.0,0.0006782536871911765,5.583716322459479,5.750618460502484
2025-12-12,-0.013294169470283324,0.0,-0.013294169470283324,5.509485451394715,5.674168764129625
2025-12-15,-0.002504120362052475,0.0,-0.002504120362052475,5.495689036691446,5.659959962589646
2025-12-16,-0.0013125112512918477,0.0,-0.0013125112512918477,5.488475882997188,5.652531201456886
2025-12-17,-0.013237210407472133,0.0,-0.013237210407472133,5.4158237729176175,5.577707456608399
2025-12-18,0.009649001049049952,0.0,0.009649001049049952,5.46808106218397,5.631526761708508
2025-12-19,0.010230469805151786,0.0,0.010230469805151786,5.524022100382766,5.689139926201071
2025-12-22,0.005802948559940979,0.0,0.005802948559940979,5.556077716475263,5.722153712543122
2025-12-23,0.004612930498886446,0.0,0.004612930498886446,5.581707516827775,5.748549609923028
2025-12-24,0.003340286870161424,0.0,0.003340286870161424,5.600352021159317,5.767751414707527
2025-12-26,-8.96959641920491e-05,0.0,-8.96959641920491e-05,5.599849692184964,5.767234070683164
2025-12-29,-0.003943203480795287,0.0,-0.003943203480795287,5.5777683453868105,5.744492693221086
2025-12-30,-0.0015512554148906842,0.0,-0.0015512554148906842,5.569115802038024,5.735581517824927
2025-12-31,-0.007663957126451815,0.0,-0.007663957126451815,5.526434337298959,5.691624266977047
2026-01-02,0.0007478265737873024,0.0,0.0007478265737873024,5.530567151754681,5.695880614851904
2026-01-05,0.007045585236318264,0.0,0.007045585236318264,5.569533234027551,5.7360114272197364
2026-01-06,0.006793710800178809,0.0,0.006793710800178809,5.607371032111518,5.774980230002788
2026-01-07,-0.0019658989669111616,0.0,-0.0019658989669111616,5.596347507192403,5.763627202334693
2026-01-08,-0.0017789518607406408,0.0,-0.0017789518607406408,5.586391874381133,5.753373986998484
2026-01-09,0.007607941485515602,0.0,0.007607941485515602,5.628892816876585,5.797145319635856
2026-01-12,0.0013866306637422606,0.0,0.0013866306637422606,5.636698012259384,5.805183819098233
2026-01-13,-0.00184360324459969,0.0,-0.00184360324459969,5.626306177515154,5.794481363373847
2026-01-14,-0.006656398435601429,0.0,-0.006656398435601429,5.588855241876928,5.755910986691564
2026-01-15,0.0030267262802811563,0.0,0.0030267262802811563,5.605771176914204,5.773332553741943
2026-01-16,-0.0008211313235572449,0.0,-0.0008211313235572449,5.6011681026081455,5.768591889540753
2026-01-20,-0.02070390813243156,0.0,-0.02070390813243156,5.4852020327774405,5.649159493006211
2026-01-21,0.0121084253613563,0.0,0.0121084253613563,5.551619192183287,5.717561919081675
2026-01-22,0.005850375440632161,0.0,0.005850375440632161,5.584098248760977,5.7510118029133634
2026-01-23,0.0012048659029622487,0.0,0.0012048659029622487,5.5908263383397,5.757941000942227
2026-01-26,0.004869791154704739,0.0,0.004869791154704739,5.618052494989636,5.785980971097927
2026-01-27,0.005499894873607513,0.0,0.005499894873607513,5.648951193106488,5.8178032581796595
2026-01-28,0.0009339211026709983,0.0,0.0009339211026709983,5.65422686783369,5.823236627413662
2026-01-29,-0.003182725344098658,0.0,-0.003182725344098658,5.636231016680152,5.804702864614908
2026-01-30,-0.005701282099811966,0.0,-0.005701282099811966,5.604097273674348,5.771608616078153
2026-02-02,0.005578605731269803,0.0,0.005578605731269803,5.635360322843862,5.8038061449824525
2026-02-03,-0.010500838948462387,0.0,-0.010500838948462387,5.576184311677124,5.742861311365895
2026-02-04,-0.008637388472339223,0.0,-0.008637388472339223,5.528020641583805,5.693257987276861
2026-02-05,-0.013101732583201795,0.0,-0.013101732583201795,5.455593993423355,5.618666443600382
2026-02-06,0.019692360918443463,0.0,0.019692360918443463,5.563027519366339,5.729311251088108
2026-02-09,0.00569282711576461,0.0,0.00569282711576461,5.594696873274333,5.761927229532957
2026-02-10,-0.0032306160041076556,0.0,-0.0032306160041076556,5.576622556017401,5.743312655210724
2026-02-11,0.0006831016003066674,0.0,0.0006831016003066674,5.580431955809723,5.74723592127656
2026-02-12,-0.01685486447373431,0.0,-0.01685486447373431,5.486374531489654,5.650367038724866
2026-02-13,0.0011326861218382111,0.0,0.0011326861218382111,5.492588871780678,5.656767131052922
2026-02-17,0.0008355973682350076,0.0,0.0008355973682350076,5.497178464586735,5.661493910780348
2026-02-18,0.005760095535926712,0.0,0.005760095535926712,5.528842737720794,5.69410465658251
2026-02-19,-0.0029910896449305115,0.0,-0.0029910896449305115,5.512305473459548,5.677073079107056
2026-02-20,0.0077640908043696034,0.0,0.0077640908043696034,5.555103513696912,5.721150389996286
2026-02-23,-0.010816586010598116,0.0,-0.010816586010598116,5.495016258743234,5.659267074723324
2026-02-24,0.008309914075752978,0.0,0.008309914075752978,5.540679371698255,5.706295097846013
2026-02-25,0.010227881761977642,0.0,0.010227881761977642,5.597348785193014,5.764658409405735
2026-02-26,-0.007512214925347482,0.0,-0.007512214925347482,5.555300298106511,5.721353056463068
2026-02-27,-0.00427277908374416,0.0,-0.00427277908374416,5.531563727188844,5.696906978792697
2026-03-02,0.0009415459121253286,0.0,0.0009415459121253286,5.536771948403839,5.702270878270338
2026-03-03,-0.009240450411547162,0.0,-0.009240450411547162,5.485609681774568,5.649579326986471
2026-03-04,0.0094907940352992,0.0,0.0094907940352992,5.537672473422334,5.703198320764984
2026-03-05,-0.004806247202379532,0.0,-0.004806247202379532,5.511057050589254,5.675787339791191
2026-03-06,-0.013704313408164713,0.0,-0.013704313408164713,5.435531797557703,5.598004571248599
2026-03-09,0.010312693304905385,0.0,0.010312693304905385,5.491586769934976,5.655735075511344
2026-03-10,-0.0011204103600210955,0.0,-0.0011204103600210955,5.485433939224986,5.649398331339206
2026-03-11,-0.0009161258488509017,0.0,-0.0009161258488509017,5.4804085914010985,5.644222771497411
2026-03-12,-0.015841334614891456,0.0,-0.015841334614891456,5.393591605078388,5.5548107499331305
2026-03-13,-0.00569263667904052,0.0,-0.00569263667904052,5.3628878476755535,5.523189230512933
2026-03-16,0.010480977469293861,0.0,0.010480977469293861,5.419096154377391,5.581077652396584
2026-03-17,0.0033134300229134216,0.0,0.0033134300229134216,5.437051950272359,5.599570162650246
2026-03-18,-0.013985662846571566,0.0,-0.013985662846571566,5.361011174816555,5.521256462269698
2026-03-19,-0.0026366280974184355,0.0,-0.0026366280974184355,5.34687618212246,5.506698962348225
2026-03-20,-0.01561380606448435,0.0,-0.01561380606448435,5.26339109436399,5.420718432694622
2026-03-23,0.010855843349135808,0.0,0.010855843349135808,5.320529643569642,5.479564902839727
2026-03-24,-0.004390736314609322,0.0,-0.004390736314609322,5.297168600850665,5.455505578232571
2026-03-25,0.005896031820776937,0.0,0.005896031820776937,5.328400875481302,5.487671412720257
2026-03-26,-0.019756002979068488,0.0,-0.019756002979068488,5.223132971911623,5.379256959942407
2026-03-27,-0.01785657461288389,0.0,-0.01785657461288389,5.129865708285669,5.28320185667532
2026-03-30,-0.004507821124331833,0.0,-0.004507821124331833,5.106741191280873,5.25938612774169
2026-03-31,0.030292159382063644,0.0,0.030292159382063644,5.261435409370104,5.418704290575056
2026-04-01,0.0060668642123452125,0.001,0.0050668642123452125,5.288094388151407,5.451578833712827
2026-04-02,0.00021871175881182925,0.0,0.00021871175881182925,5.289250956575802,5.45277115810785
2026-04-06,0.00021878497941507646,0.0,0.00021878497941507646,5.290408165237458,5.453964142533431
2026-04-07,0.00010924790248667549,0.0,0.00010924790248667549,5.290986131232808,5.454559976676241
2026-04-08,1.1961086898715223e-08,0.0,1.1961086898715223e-08,5.290986194518752,5.454560041918707
2026-04-09,0.00010957363783203888,0.0,0.00010957363783203888,5.291565947123805,5.455157717905273
2026-04-10,0.0003278408179205883,0.0,0.0003278408179205883,5.293300738431991,5.456946141273397
2026-04-13,1.1950630485202396e-08,0.0,1.1950630485202396e-08,5.293300801690272,5.456946206487344
2026-04-14,0.00010927258463921952,0.0,0.00010927258463921952,5.293879214350145,5.457542501103564
2026-04-15,0.00010934501660075924,0.0,0.00010934501660075924,5.294458073660721,5.458139256178947
2026-04-16,0.00010941742350567552,0.0,0.00010941742350567552,5.295037379621999,5.458736471713493
2026-04-17,0.00032771024172539853,0.0,0.00032771024172539853,5.29677261760162,5.460525355562154
2026-04-20,0.00010911663590196241,0.0,0.00010911663590196241,5.297350583610791,5.46112118971921
2026-04-21,0.00010918904662693407,0.0,0.00010918904662693407,5.297928996270664,5.461717484335429
2026-04-22,0.0,0.0,0.0,5.297928996270664,5.461717484335429
2026-04-23,0.00021859522540235155,0.0,0.00021859522540235155,5.29908709825377,5.462911389700001
2026-04-24,0.00021834228241190967,0.0,0.00021834228241190967,5.300244113025503,5.464104174241443
2026-04-27,0.00010912944032526184,0.0,0.00010912944032526184,5.300822525699145,5.4647004688718575
2026-04-28,0.00010903327174727195,0.0,0.00010903327174727195,5.301400491722074,5.465296303043098
2026-04-29,1.1914142228341973e-08,0.0,1.1914142228341973e-08,5.301400554883712,5.465296368157414
2026-04-30,0.00010927413915862161,0.0,0.00010927413915862161,5.301979860865682,5.465893583713291
2026-05-01,0.002092786577002859,0.001,0.0010927865770028588,5.307773793289176,5.477332532436613
2026-05-04,-0.0031305480855533525,0.0,-0.0031305480855533525,5.291157552202044,5.460185479563254
2026-05-05,0.00948542492472677,0.0,0.00948542492472677,5.3413464299283575,5.511977659004734
2026-05-06,0.015897280459047657,0.0,0.015897280459047657,5.426259312153861,5.599603113733937
2026-05-07,-0.002497824052350949,0.0,-0.002497824052350949,5.412705471129669,5.585616290392833
2026-05-08,0.012765048570109292,0.0,0.012765048570109292,5.481798919364335,5.656916953633691
2026-05-11,0.0024690221044602716,0.0,0.0024690221044602716,5.4953336020684524,5.670884006635309
2026-05-12,-0.003603960103642833,0.0,-0.003603960103642833,5.47552863901039,5.650446366923009
2026-05-13,0.007075915314176817,0.0,0.007075915314176817,5.514273015960377,5.690428446902654
2026-05-14,0.007650911677671711,0.0,0.007650911677671711,5.556462231772058,5.7339654123580175
2026-05-15,-0.012974774051821802,0.0,-0.012974774051821802,5.484368389787335,5.659568506711711
2026-05-18,-0.0017733686713756747,0.0,-0.0017733686713756747,5.474642582702603,5.649532005228404
2026-05-19,-0.006510178060150739,0.0,-0.006510178060150739,5.439001684673525,5.6127525459178464
2026-05-20,0.01211128905654837,0.0,0.01211128905654837,5.50487500625566,5.680730214404336
2026-05-21,0.0019874904093171164,0.0,0.0019874904093171164,5.515815892535083,5.692020611223382
2026-05-22,0.004028054890153621,0.0,0.004028054890153621,5.538033901714196,5.714948382681277
2026-05-26,0.009949484599745916,0.0,0.009949484599745916,5.593134484732172,5.771809173603106
2026-05-27,-0.0004568163460608621,0.0,-0.0004568163460608621,5.59057944947383,5.76917251682626
2026-05-28,0.00639109251706218,0.0,0.00639109251706218,5.626309359959404,5.80604383212819
2026-05-29,0.002847698948677535,0.0,0.002847698948677535,5.6423313952086955,5.822577697044918
2026-06-01,0.0037146040677694336,0.0,0.0037146040677694336,5.66329042236104,5.844206267843264
2026-06-02,0.0023372811200245694,0.0,0.0023372811200245694,5.676527124142441,5.857865820814624
2026-06-03,-0.005700854998719407,0.0,-0.005700854998719407,5.644166066111407,5.824470977168205
2026-06-04,0.0012315921959862308,0.0,0.0012315921959862308,5.65111737699128,5.831644350169434
2026-06-05,-0.03269990705221164,0.0,-0.03269990705221164,5.466326364022527,5.640950121957339
2026-06-08,0.006313493944925942,0.0,0.006313493944925942,5.500837982422772,5.6765642263959455
2026-06-09,-0.005409377298780749,0.0,-0.005409377298780749,5.471081874316384,5.645857548734608
2026-06-10,-0.017096277815960747,0.0,-0.017096277815960747,5.377546738639203,5.5493343995721025
2026-06-11,0.02192910956529235,0.0,0.02192910956529235,5.495471550263302,5.671026361634764
2026-06-12,0.005546183829341777,0.0,0.005546183829341777,5.52595044570998,5.702478916337434
2026-06-15,0.02167441221237134,0.0,0.02167441221237134,5.645722173535435,5.826076795002487
2026-06-16,-0.009887951770486547,0.0,-0.009887951770486547,5.58989754497395,5.768468828642352
2026-06-17,-0.011712532683634092,0.0,-0.011712532683634092,5.524425687280277,5.700905448952355
2026-06-18,0.014780474750169926,0.0,0.014780474750169926,5.606079321660313,5.785167537993701
2026-06-22,-0.00294701164315514,0.0,-0.00294701164315514,5.589558140626929,5.76811858190163
2026-06-23,-0.020073563825065442,0.0,-0.020073563825065442,5.477355788537141,5.652331885397282
2026-06-24,-0.0015894240073487387,0.0,-0.0015894240073487387,5.468649947750049,5.643347933401129
2026-06-25,0.0035619987439094777,0.0,0.0035619987439094777,5.488129271994816,5.663449531651349
2026-06-26,-0.009194110648564655,0.0,-0.009194110648564655,5.437670804214469,5.611379150004784
2026-06-29,0.018899901958441667,0.0,0.018899901958441667,5.540442249296404,5.717433665791519
2026-06-30,0.010552447921292729,0.0,0.010552447921292729,5.598907477593033,5.777766586793229
2026-07-01,-0.005536229689261895,0.0,-0.005536229689261895,5.567910639788152,5.7457795438777985
2026-07-02,-0.006111580941029549,0.0,-0.006111580941029549,5.533881903240666,5.710663747126078
2026-07-06,0.01038674008403584,0.0,0.01038674008403584,5.5913608962253765,5.769978927174803
2026-07-07,-0.008910868267708871,0.0,-0.008910868267708871,5.541537015841894,5.718563405047292
2026-07-08,-0.0012823376728318568,0.0,-0.0012823376728318568,5.534430894161088,5.711230275758522
2026-07-09,0.01088767305433198,0.0,0.01088767305433198,5.594687968278508,5.773412283738983
2026-07-10,0.0039479779831140035,0.0,0.0039479779831140035,5.616775673199664,5.796205588322624
2026-07-13,-0.011090179469075577,0.0,-0.011090179469075577,5.554484622946342,5.731924628108468
2026-07-14,0.0058370353019008385,0.0,0.0058370353019008385,5.586906345774345,5.765382074510572
2026-07-15,0.0019746315363873943,0.0,0.0019746315363873943,5.597938427235554,5.776766579774223
2026-07-16,-0.008750745603507647,0.0,-0.008750745603507647,5.548952292154715,5.726215565023773
2026-07-17,-0.011391438439024982,0.0,-0.011391438439024982,5.485741743717548,5.6609857329262185
2026-07-20,-0.0007658947289801987,0.0,-0.0007658947289801987,5.481540243031488,5.656650013792539
2026-07-21,0.011377130067553209,0.0,0.011377130067553209,5.543904439346984,5.721006456746083
2026-07-22,-0.0023385074413589057,0.0,-0.0023385074413589057,5.530939977561388,5.7076278405749195
2026-07-23,-0.01436936628181984,0.0,-0.01436936628181984,5.451463875141048,5.625612845533386
2026-07-24,-0.0026463524195698192,0.0,-0.0026463524195698192,5.437037380524871,5.610725491368045
2026-07-27,-0.0006841114188935963,0.0,-0.0006841114188935963,5.433317841167903,5.606887129991123
2026-07-28,-0.0012426135646121826,0.0,-0.0012426135646121826,5.4265663267176185,5.599919935988146
2026-07-29,-0.016894117708539456,0.0,-0.016894117708539456,5.334889276440855,5.505314229431166
2026-07-30,0.021502906045549896,0.0,0.021502906045549896,5.449604899315574,5.623694484057853
2026-07-31,0.007001976801371401,0.0,0.007001976801371401,5.487762906397221,5.663071462373226
2026-08-03,0.015210520034552697,0.0,0.015210520034552697,5.571234634029851,5.749209724308758
2026-08-04,0.02269541752892268,0.0,0.02269541752892268,5.697676130200754,5.879690439463288
2026-08-05,-0.004067969499164903,0.0,-0.004067969499164903,5.674498157486977,5.85577203809102
2026-08-06,-0.002211355663574788,0.0,-0.002211355663574788,5.661949823848474,5.8428228434299845
2026-08-07,0.007782809016399583,0.0,0.007782809016399583,5.706015697987924,5.888296417737057
2026-08-10,-0.0011046604142046167,0.0,-0.0011046604142046167,5.699712488323526,5.881791849777279
2026-08-11,0.0,0.0,0.0,5.699712488323526,5.881791849777279
