date,gross_return,cost,net_return,exposure,n_holdings,equity_gross,equity_net
2005-03-01,0.0022742350599810556,0.0005,0.0017742350599810556,0.6,2,1.0022742350599811,1.001774235059981
2005-03-02,-0.00033606126540715016,0.0,-0.00033606126540715016,0.6,2,1.001937409512262,1.0014375775428943
2005-03-03,1.9009918101220002e-05,0.0,1.9009918101220002e-05,0.6,2,1.0019564562603593,1.001456614789227
2005-03-04,0.009259373141016968,0.0,0.009259373141016968,0.6,2,1.011233944959925,1.0107294752701
2005-03-07,0.00038908053028734467,0.0,0.00038908053028734467,0.6,2,1.0116273963994746,1.011122730430315
2005-03-08,-0.004148373021795093,0.0,-0.004148373021795093,0.6,2,1.0074307886001423,1.0069282161736741
2005-03-09,-0.009738841285224332,0.0,-0.009738841285224332,0.6,2,0.9976195800441172,0.9971219020907447
2005-03-10,0.002057897142117948,0.0,0.002057897142117948,0.6,2,0.9996725785268109,0.9991738764034004
2005-03-11,-0.005882948918287956,0.0,-0.005882948918287956,0.6,2,0.9937915558123245,0.9932957875280314
2005-03-14,0.00469756271428734,0.0,0.00469756271428734,0.6,2,0.9984599539706821,0.9979618567837817
2005-03-15,-0.005703202129601249,0.0,-0.005703202129601249,0.6,2,0.9927655350348749,0.9922702785969115
2005-03-16,-0.004191089108821822,0.0,-0.004191089108821822,0.6,2,0.9886047662133766,0.9881115854392765
2005-03-17,0.002744014842498377,0.0,0.002744014842498377,0.6,2,0.9913175123652308,0.9908229782957665
2005-03-18,-0.002780750096644624,0.0,-0.002780750096644624,0.6,2,0.9885609060969157,0.9880677472031129
2005-03-21,-0.002701991871255016,0.0,-0.002701991871255016,0.6,2,0.9858898225644014,0.9853979961819208
2005-03-22,-0.008996142467454261,0.0,-0.008996142467454261,0.6,2,0.9770206172633988,0.9765332154211243
2005-03-23,0.0014356175705549923,0.0,0.0014356175705549923,0.6,2,0.9784232452283367,0.9779351436634134
2005-03-24,0.0010611800625483388,0.0,0.0010611800625483388,0.6,2,0.9794615284689069,0.9789729089403344
2005-03-28,-0.0004295383059709667,0.0,-0.0004295383059709667,0.6,2,0.9790408122232046,0.9785524025754367
2005-03-29,-0.00235170257632491,0.0,-0.00235170257632491,0.6,2,0.9767383994227721,0.9762511383692312
2005-03-30,0.009396040085495237,0.0,0.009396040085495237,0.6,2,0.985915872576791,0.9854240331988589
2005-03-31,0.0008505879171979425,0.0,0.0008505879171979425,0.6,2,0.9867544807053784,0.9862622229748141
2005-04-01,-0.001849321449075481,0.0,-0.001849321449075481,0.6,2,0.9849296544792386,0.984438307091454
2005-04-04,0.0008314911143464609,0.0,0.0008314911143464609,0.6,2,0.9857486147351946,0.9852568587964229
2005-04-05,0.0029018338988255014,0.0,0.0029018338988255014,0.6,2,0.9886090934811536,0.9881159105483288
2005-04-06,0.0032760224671763982,0.0,0.0032760224671763982,0.6,2,0.9918477990826527,0.9913530004714596
2005-04-07,0.0017171762006594538,0.0,0.0017171762006594538,0.6,2,0.9935509765179138,0.9930553282503214
2005-04-08,-0.00581135051781676,0.0,-0.00581135051781676,0.6,2,0.9877771035360491,0.9872843356542732
2005-04-11,0.0016567158969623688,0.0,0.0016567158969623688,0.6,2,0.9894135695661328,0.9889199853079736
2005-04-12,0.005210421940178133,0.0,0.005210421940178133,0.6,2,0.9945688317369101,0.9940726756965029
2005-04-13,-0.006894395868419623,0.0,-0.006894395868419623,0.6,2,0.9877118804925242,0.987219145148272
2005-04-14,-0.006775281085054895,0.0,-0.006775281085054895,0.6,2,0.9810198548711393,0.980530457947345
2005-04-15,-0.005799365782852338,0.0,-0.005799365782852338,0.6,2,0.9753305618925009,0.9748440031604806
2005-04-18,0.0009950943935360887,0.0,0.0009950943935360887,0.6,2,0.9763011078664846,0.9758140649625979
2005-04-19,0.007066992505980441,0.0,0.007066992505980441,0.6,2,0.9832006204793575,0.982710135646919
2005-04-20,-0.008593697207053008,0.0,-0.008593697207053008,0.6,2,0.9747512920531712,0.9742650222988674
2005-04-21,0.008731438239565214,0.0,0.008731438239565214,0.6,2,0.9832622727586698,0.9827717571700385
2005-04-22,-0.0005791111322727136,0.0,-0.0005791111322727136,0.6,2,0.9826928546305715,0.9822026231049781
2005-04-25,0.003939626239160177,0.0,0.003939626239160177,0.6,2,0.9865642971857094,0.9860721343311345
2005-04-26,-0.006027661489666291,0.0,-0.006027661489666291,0.6,2,0.9806176215644834,0.9801284253009936
2005-04-27,0.0035784793685035505,0.0,0.0035784793685035505,0.6,2,0.984126741491643,0.9836357946494172
2005-04-28,-0.005105563800500446,0.0,-0.005105563800500446,0.6,2,0.9791022196251788,0.9786137793433787
2005-04-29,0.006670865673434044,0.0,0.006670865673434044,0.6,2,0.9856336790128595,0.98514198041155
2005-05-02,0.0037729458227254925,0.0,0.0037729458227254925,0.6,2,0.9893524214848287,0.9888588677313354
2005-05-03,0.0015539913520310478,0.0,0.0015539913520310478,0.6,2,0.9908898665919271,0.9903955458601691
2005-05-04,0.0045374030828622125,0.0,0.0045374030828622125,0.6,2,0.9953859333273782,0.9948893696632081
2005-05-05,0.0010605487282692395,0.0,0.0010605487282692395,0.6,2,0.9964415886131057,0.995944498318973
2005-05-06,-0.004723001215468181,0.0,-0.004723001215468181,0.6,2,0.9917353937789429,0.9912406512428736
2005-05-09,0.00369098668730663,0.0,0.00369098668730663,0.6,2,0.9953958759147119,0.9948993072905283
2005-05-10,-0.0048183738409228296,0.0,-0.0048183738409228296,0.6,2,0.990599686464842,0.9901055104939274
2005-05-11,0.0038043257583409316,0.0,0.0038043257583409316,0.6,2,0.9943682503682646,0.9938721943909746
2005-05-12,-0.0062201148283164585,0.0,-0.0062201148283164585,0.6,2,0.988183165669342,0.9876901952171919
2005-05-13,-0.00015267549695745534,0.0,-0.00015267549695745534,0.6,2,0.9880322943134384,0.9875393991257971
2005-05-16,0.005647844551180615,0.0,0.005647844551180615,0.6,2,0.9936125471232672,0.993116868140226
2005-05-17,0.0045404380643202956,0.0,0.0045404380643202956,0.6,2,0.998123983353412,0.9976260537706485
2005-05-18,0.007463346997401876,0.0,0.007463346997401876,0.6,2,1.0055733289876077,1.0050716831835875
2005-05-19,0.0013157685123540205,0.0,0.0013157685123540205,0.6,2,1.0068964307107524,1.006394124856979
2005-05-20,-0.0009008280930056676,0.0,-0.0009008280930056676,0.6,2,1.0059893901192212,1.005487536756672
2005-05-23,0.00513592333605839,0.0,0.00513592333605839,0.6,2,1.0111560745037615,1.0106516436608164
2005-05-24,-0.00033556537629364497,0.0,-0.00033556537629364497,0.6,2,1.010816765535129,1.0103125039617096
2005-05-25,-0.0018805897267135,0.0,-0.0018805897267135,0.6,2,1.008915833910274,1.008412520645989
2005-05-26,0.003443308134380274,0.0,0.003443308134380274,0.6,2,1.0123898420080824,1.0118847956811403
2005-05-27,0.0014172791496902093,0.0,0.0014172791496902093,0.6,2,1.0138246810225187,1.0133189189039478
2005-05-31,-0.0017648938853757064,0.0,-0.0017648938853757064,0.6,2,1.012035388042139,1.0115305185400387
2005-06-01,0.0075856764363982695,0.0,0.0075856764363982695,0.6,2,1.0197123610380114,1.0192036617592255
2005-06-02,0.001162916635607436,0.0,0.001162916635607436,0.6,2,1.0208982015061971,1.0203889106525574
2005-06-03,-0.005310918343279302,0.0,-0.005310918343279302,0.6,2,1.015476294521197,1.014969708469694
2005-06-06,0.0005136964984927331,0.0,0.0005136964984927331,0.6,2,1.015997941137995,1.015491094855011
2005-06-07,0.0016058987616724306,0.0,0.0016058987616724306,0.6,2,1.0176295309735301,1.0171218707467282
2005-06-08,-0.0018280473295746004,0.0,-0.0018280473295746004,0.6,2,1.0157692560269378,1.0152625238270576
2005-06-09,0.0026295425018326712,0.0,0.0026295425018326712,0.6,2,1.0184402644577155,1.0179321997839788
2005-06-10,-0.003931766448704144,0.0,-0.003931766448704144,0.6,2,1.0144359951959112,1.0139299281138126
2005-06-13,0.00083675899358262,0.0,0.00083675899358262,0.6,2,1.0152848336383054,1.0147783431000243
2005-06-14,0.0009303110391458701,0.0,0.0009303110391458701,0.6,2,1.0162293643269165,1.0157224025948965
2005-06-15,0.0010041741592965224,0.0,0.0010041741592965224,0.6,2,1.017249835594492,1.016742364784601
2005-06-16,0.0027945498253133085,0.0,0.0027945498253133085,0.6,2,1.0200925909448524,1.0195837019824985
2005-06-17,0.0017636026404190376,0.0,0.0017636026404190376,0.6,2,1.0218916289317146,1.0213818424914431
2005-06-20,-0.00040081777599489934,0.0,-0.00040081777599489934,0.6,2,1.0214820366016983,1.0209724544928942
2005-06-21,0.0016018529816220319,0.0,0.0016018529816220319,0.6,2,1.023118300647702,1.0226079022632775
2005-06-22,0.003504791568717325,0.0,0.003504791568717325,0.6,2,1.0267041170416127,1.0261919298172335
2005-06-23,-0.008868335063922017,0.0,-0.008868335063922017,0.6,2,1.0175989609201794,1.0170913159437216
2005-06-24,-0.0034362827610744605,0.0,-0.0034362827610744605,0.6,2,1.0141022031530822,1.0135963025883057
2005-06-27,0.0011788282210400292,0.0,0.0011788282210400292,0.6,2,1.015297655449178,1.0147911585145386
2005-06-28,0.0033265249705174416,0.0,0.0033265249705174416,0.6,2,1.0186750684525374,1.0181668866431974
2005-06-29,-0.0017282699503532008,0.0,-0.0017282699503532008,0.6,2,1.016914522942557,1.0164072194085674
2005-06-30,-0.001853249102777798,0.0,-0.001853249102777798,0.6,2,1.0150299270153118,1.0145235636411416
2005-07-01,-0.0016868573376608523,0.0,-0.0016868573376608523,0.6,2,1.0133177163349807,1.0128122071235837
2005-07-05,0.003203970269555101,0.0,0.003203970269555101,0.6,2,1.0165643561717312,1.01605722732385
2005-07-06,-0.004192838746710148,0.0,-0.004192838746710148,0.6,2,1.0123020657506498,1.0117970632122517
2005-07-07,0.003381118380187775,0.0,0.003381118380187775,0.6,2,1.0157247788714614,1.0152180688596986
2005-07-08,0.005410762759696518,0.0,0.005410762759696518,0.6,2,1.02122062467908,1.0207111729796556
2005-07-11,0.0028821480486643123,0.0,0.0028821480486643123,0.6,2,1.0241639337097546,1.0236530136951087
2005-07-12,0.0005455363485658448,0.0,0.0005455363485658448,0.6,2,1.0247226523624833,1.0242114536223983
2005-07-13,0.00045955767327816584,0.0,0.00045955767327816584,0.6,2,1.0251935715203584,1.02468213785497
2005-07-14,0.0018388097545132933,0.0,0.0018388097545132933,0.6,2,1.0270787074599343,1.0265663333653332
2005-07-15,-0.0002479235695450831,0.0,-0.0002479235695450831,0.6,2,1.026824070440577,1.0263118233755906
2005-07-18,-0.0030522917236043053,0.0,-0.0030522917236043053,0.6,2,1.0236899038287737,1.023179220291264
2005-07-19,0.003845281412814883,0.0,0.003845281412814883,0.6,2,1.0276262795884528,1.0271136323290284
2005-07-20,0.002813534712213949,0.0,0.002813534712213949,0.6,2,1.0305175417972583,1.0300034521869743
2005-07-21,-0.006452588700128458,0.0,-0.006452588700128458,0.6,2,1.0238680359517731,1.0233572635502994
2005-07-22,0.005890553820689615,0.0,0.005890553820689615,0.6,2,1.0298991857228308,1.0293854045890363
2005-07-25,-0.002405485812752595,0.0,-0.002405485812752595,0.6,2,1.027421777843009,1.0269092326024427
2005-07-26,0.0010124767956924518,0.0,0.0010124767956924518,0.6,2,1.0284620185524642,1.027948954371735
2005-07-27,0.0016229962260167151,0.0,0.0016229962260167151,0.6,2,1.0301312085271765,1.0296173116452183
2005-07-28,0.00551766303791279,0.0,0.00551766303791279,0.6,2,1.0358151254206673,1.0352983930288782
2005-07-29,-0.006396334072641663,0.0,-0.006396334072641663,0.6,2,1.0291897058409816,1.0286762786421964
2005-08-01,-0.0012358388599444492,0.0,-0.0012358388599444492,0.6,2,1.0279177932082484,1.0274050005227473
2005-08-02,0.0032066089111538075,0.0,0.0032066089111538075,0.6,2,1.0312139235638835,1.0306994865527874
2005-08-03,0.002590619600598876,0.0,0.002590619600598876,0.6,2,1.0338854065666787,1.0333696368449783
2005-08-04,-0.005104623737421177,0.0,-0.005104623737421177,0.6,2,1.0286078105785452,1.0280946736672092
2005-08-05,-0.006213393553140522,0.0,-0.006213393553140522,0.6,2,1.0222166654395866,1.0217067168498273
2005-08-08,-0.0021661690867099907,0.0,-0.0021661690867099907,0.6,2,1.0200023712989916,1.0194935273441033
2005-08-09,0.0047604620073088185,0.0,0.0047604620073088185,0.6,2,1.0248580538349252,1.0243467875477221
2005-08-10,-0.0004727444681527529,0.0,-0.0004727444681527529,0.6,2,1.024373557859333,1.023862533270439
2005-08-11,0.004098445452541433,0.0,0.004098445452541433,0.6,2,1.0285718970092452,1.0280587780139487
2005-08-12,-0.002075701641873784,0.0,-0.002075701641873784,0.6,2,1.026436888633838,1.0259248347204823
2005-08-15,0.003182474379459821,0.0,0.003182474379459821,0.6,2,1.0297034977340476,1.0291898142222318
2005-08-16,-0.005930277191884058,0.0,-0.005930277191884058,0.6,2,1.023597070567032,1.0230864333408303
2005-08-17,-0.0016038697693731452,0.0,-0.0016038697693731452,0.6,2,1.0219553541695308,1.0214455359389392
2005-08-18,0.002075902872299906,0.0,0.002075902872299906,0.6,2,1.0240768342246136,1.0235659576608926
2005-08-19,0.0011441532323819502,0.0,0.0011441532323819502,0.6,2,1.0252485350446991,1.0247370739599064
2005-08-22,0.0003313184153315385,0.0,0.0003313184153315385,0.6,2,1.0255882187646512,1.0250765882233823
2005-08-23,-0.00037449162637186444,0.0,-0.00037449162637186444,0.6,2,1.0252041445646183,1.0246927056247028
2005-08-24,-0.005171336886919308,0.0,-0.005171336886919308,0.6,2,1.0199024685552087,1.0193936744383487
2005-08-25,0.0024112997892154374,0.0,0.0024112997892154374,0.6,2,1.0223617591626561,1.0218517381906493
2005-08-26,-0.004754178712099599,0.0,-0.004754178712099599,0.6,2,1.0175012686511804,1.0169936724100215
2005-08-29,0.004921327408248066,0.0,0.004921327408248066,0.6,2,1.0225087255325205,1.0219986312440676
2005-08-30,-0.0012847379587244132,0.0,-0.0012847379587244132,0.6,2,1.0211950697597019,1.020685630808744
2005-08-31,0.01018718318269811,0.0,0.01018718318269811,0.6,2,1.0315981710006121,1.0310835423017404
2005-09-01,-4.9414261304447926e-05,0.0,-4.9414261304447926e-05,0.6,2,1.0315471953390292,1.0310325920701544
2005-09-02,-0.0009760612670843606,0.0,-0.0009760612670843606,0.6,2,1.0305403420764891,1.0300262410919332
2005-09-06,0.005745693908348138,0.0,0.005745693908348138,0.6,2,1.036461511442265,1.035944456590814
2005-09-07,-0.0002875369779864025,0.0,-0.0002875369779864025,0.6,2,1.0361634904314656,1.035646584252404
2005-09-08,-0.0019857884407685545,0.0,-0.0019857884407685545,0.6,2,1.0341058889494203,1.033590009236674
2005-09-09,0.005662235092988155,0.0,0.005662235092988155,0.6,2,1.0399612396036955,1.039442438858736
2005-09-12,-0.002467360956635467,0.0,-0.002467360956635467,0.6,2,1.037395279844683,1.036877759168426
2005-09-13,-0.0021146549130299343,0.0,-0.0021146549130299343,0.6,2,1.0352015468194053,1.034685120520789
2005-09-14,-0.0030233677241735314,0.0,-0.0030233677241735314,0.6,2,1.032071751874737,1.0315568869227238
2005-09-15,-0.0015029206089122392,0.0,-0.0015029206089122392,0.6,2,1.0305206299689684,1.0300065388181023
2005-09-16,0.00270920385186475,0.0,0.00270920385186475,0.6,2,1.0333125204291065,1.0327970365005144
2005-09-19,-0.0011904431526658541,0.0,-0.0011904431526658541,0.6,2,1.0320824206145978,1.0315675503403188
2005-09-20,-0.005394157720652238,0.0,-0.005394157720652238,0.6,2,1.02651520525709,1.0260031122742763
2005-09-21,-0.0037770045617690805,0.0,-0.0037770045617690805,0.6,2,1.0226380526441088,1.0221278938388272
2005-09-22,0.0024151165534453066,0.0,0.0024151165534453066,0.6,2,1.0251078427332327,1.0245964518349757
2005-09-23,-0.001710059608410486,0.0,-0.001710059608410486,0.6,2,1.02335484721711,1.022844330827772
2005-09-26,-0.0003346371146545125,0.0,-0.0003346371146545125,0.6,2,1.0230123947037695,1.022502049152163
2005-09-27,8.817504094702504e-05,0.0,8.817504094702504e-05,0.6,2,1.0231025988635618,1.0225922083122154
2005-09-28,0.0014002773313400274,0.0,0.0014002773313400274,0.6,2,1.0245352262403855,1.02402412100072
2005-09-29,0.0039915398905779435,0.0,0.0039915398905779435,0.6,2,1.0286246994652262,1.0281115541286083
2005-09-30,0.0007259227074214224,0.0,0.0007259227074214224,0.6,2,1.0293714014919826,1.0288578836515125
2005-10-03,-0.00368224473478016,0.0,-0.00368224473478016,0.6,2,1.0255810040687054,1.0250693771265997
2005-10-04,-0.006549621971404762,0.0,-0.006549621971404762,0.6,2,1.0188638361910016,1.0183555602119572
2005-10-05,-0.006915339820232647,0.0,-0.006915339820232647,0.6,2,1.011818046533195,1.0113132854552682
2005-10-06,-0.002675933896372462,0.0,-0.002675933896372462,0.6,2,1.0091104883255155,1.0086070779548666
2005-10-07,0.0025929814431712604,0.0,0.0025929814431712604,0.6,2,1.011727093095853,1.0112223773914548
2005-10-10,-0.00496546811321601,0.0,-0.00496546811321601,0.6,2,1.006703394475809,1.0062011849211472
2005-10-11,-0.001612104104960266,0.0,-0.001612104104960266,0.6,2,1.0050804838010972,1.00457908386052
2005-10-12,-0.006237839133524093,0.0,-0.006237839133524093,0.6,2,0.9988109534269014,0.9983126811384951
2005-10-13,-0.0009793097298594676,0.0,-0.0009793097298594676,0.6,2,0.9978328081419202,0.9973350238164141
2005-10-14,0.006321170425728263,0.0,0.006321170425728263,0.6,2,1.0041402793785683,1.0036393484735053
2005-10-17,0.0017433505259067947,0.0,0.0017433505259067947,0.6,2,1.005890847862707,1.0053890436594874
2005-10-18,-0.0059301066268721446,0.0,-0.0059301066268721446,0.6,2,0.9999258078798865,0.9994269794290978
2005-10-19,0.010492704936637207,0.0,0.010492704936637207,0.6,2,1.0104177343404988,1.009913671829962
2005-10-20,-0.010351412185440622,0.0,-0.010351412185440622,0.6,2,0.9999584838928611,0.9994596391411381
2005-10-21,0.00411754324588931,0.0,0.00411754324588931,0.6,2,1.0040758561943839,1.0035749574278228
2005-10-24,0.007559729191879461,0.0,0.007559729191879461,0.6,2,1.011666397755318,1.011161712329729
2005-10-25,-0.003063391103415225,0.0,-0.003063391103415225,0.6,2,1.0085672679128102,1.0080641285360639
2005-10-26,-0.003293573800816518,0.0,-0.003293573800816518,0.6,2,1.0052454771828514,1.0047439949327746
2005-10-27,-0.005475458097481756,0.0,-0.005475458097481756,0.6,2,0.9997412976948536,0.9992425612898237
2005-10-28,0.008184844433087646,0.0,0.008184844433087646,0.6,2,1.0079240246898191,1.007421206204901
2005-10-31,0.0019448546271088943,0.0,0.0019448546271088943,0.6,2,1.0098842903930112,1.0093804939992361
2005-11-01,0.0015492651232109854,0.0,0.0015492651232109854,0.6,2,1.0114488689025958,1.0109442919946385
2005-11-02,0.005473124922887007,0.0,0.005473124922887007,0.6,2,1.0169846549152124,1.0164773163948047
2005-11-03,0.001158141697945769,0.0,0.001158141697945769,0.6,2,1.0181624672502407,1.0176545411599376
2005-11-04,-0.0009775538749894563,0.0,-0.0009775538749894563,0.6,2,1.0171671585850115,1.016659729019826
2005-11-07,0.0013213312500274911,0.0,0.0013213312500274911,0.6,2,1.0185111733381516,1.0180030732904244
2005-11-08,0.0019909638942701147,0.0,0.0019909638942701147,0.6,2,1.0205389923101784,1.0200298806536017
2005-11-09,-0.0013402384061081299,0.0,-0.0013402384061081299,0.6,2,1.0191712267577535,1.0186627974321718
2005-11-10,0.006937574625896504,0.0,0.006937574625896504,0.6,2,1.026241803199952,1.025729846607982
2005-11-11,0.002526111835867528,0.0,0.002526111835867528,0.6,2,1.0288342047654775,1.028320954913901
2005-11-14,-0.00212507890872784,0.0,-0.00212507890872784,0.6,2,1.0266478508963526,1.0261356917412106
2005-11-15,-0.0008289031122271415,0.0,-0.0008289031122271415,0.6,2,1.0257968592975832,1.0252851246727588
2005-11-16,0.0032416565421498514,0.0,0.0032416565421498514,0.6,2,1.029122140397442,1.0286087469047231
2005-11-17,0.006349897090317257,0.0,0.006349897090317257,0.6,2,1.0356569600823329,1.0351403065937683
2005-11-18,0.001398987234262661,0.0,0.001398987234262661,0.6,2,1.0371058309485632,1.0365884546683637
2005-11-21,0.003789049650380338,0.0,0.003789049650380338,0.6,2,1.0410354764347263,1.040516139790113
2005-11-22,0.003971489560303842,0.0,0.003971489560303842,0.6,2,1.0451699379612926,1.0446485387766171
2005-11-23,0.002418127884703791,0.0,0.002418127884703791,0.6,2,1.047697292532531,1.0471746325379478
2005-11-25,0.0016693288303409213,0.0,0.0016693288303409213,0.6,2,1.0494462438284256,1.048922711342445
2005-11-28,-0.003717215697319731,0.0,-0.003717215697319731,0.6,2,1.0455452257773732,1.0450236393745678
2005-11-29,-0.0028514371537073694,0.0,-0.0028514371537073694,0.6,2,1.0425639192747103,1.0420438201427527
2005-11-30,-0.003424117853153618,0.0,-0.003424117853153618,0.6,2,1.0389940575456678,1.0384757392944335
2005-12-01,0.005207984910829388,0.0,0.005207984910829388,0.6,2,1.0444051229198068,1.0438841052749412
2005-12-02,0.0010954495655595587,0.0,0.0010954495655595587,0.6,2,1.0455492160579773,1.0450276276645591
2005-12-05,-0.0024836558259326404,0.0,-0.0024836558259326404,0.6,2,1.0429524316562155,1.0424321387088495
2005-12-06,0.003025710483709232,0.0,0.003025710483709232,0.6,2,1.0461081037626878,1.0455862365594963
2005-12-07,-0.0037425726877658547,0.0,-0.0037425726877658547,0.6,2,1.042192968145095,1.041673054067845
2005-12-08,0.0013529688605539829,0.0,0.0013529688605539829,0.6,2,1.0436030227776836,1.0430824052728769
2005-12-09,-0.00020640894922192593,0.0,-0.00020640894922192593,0.6,2,1.0433876137743472,1.0428671037296526
2005-12-12,-0.00034027682123187724,0.0,-0.00034027682123187724,0.6,2,1.0430325731538195,1.0425122402266283
2005-12-13,0.005047300823186362,0.0,0.005047300823186362,0.6,2,1.048297072318909,1.047774113114906
2005-12-14,0.004860275454633922,0.0,0.004860275454633922,0.6,2,1.053392084848665,1.0528665839188793
2005-12-15,-0.002262963534539253,0.0,-0.002262963534539253,0.6,2,1.0510082969730803,1.050483985232736
2005-12-16,-0.001193309237511219,0.0,-0.001193309237511219,0.6,2,1.0497541190636013,1.0492304329893
2005-12-19,-0.002831947890733599,0.0,-0.002831947890733599,0.6,2,1.0467812701003303,1.0462590670777026
2005-12-20,-9.662212086369862e-05,0.0,-9.662212086369862e-05,0.6,2,1.0466801278739328,1.0461579753076686
2005-12-21,0.00042961268348231654,0.0,0.00042961268348231654,0.6,2,1.0471297949324165,1.0466074180427871
2005-12-22,0.004719354388078046,0.0,0.004719354388078046,0.6,2,1.0520715715250182,1.0515467293537224
2005-12-23,0.0012876797466765844,0.0,0.0012876797466765844,0.6,2,1.053426302779725,1.052900784779795
2005-12-27,-0.004188839428809122,0.0,-0.004188839428809122,0.6,2,1.0490136691472967,1.0484903524578855
2005-12-28,0.00011016445642453288,0.0,0.00011016445642453288,0.6,2,1.0491292331679403,1.0486058588276304
2005-12-29,-0.002194510785601778,0.0,-0.002194510785601778,0.6,2,1.0468269077502632,1.046304681960588
2005-12-30,-0.003119452986738147,0.0,-0.003119452986738147,0.6,2,1.0435613804262838,1.0430407836954079
2006-01-03,0.010468853656160793,0.0,0.010468853656160793,0.6,2,1.0544862717991876,1.0539602250173223
2006-01-04,0.00355355734724494,0.0,0.00355355734724494,0.6,2,1.0582334492379086,1.0577055331186365
2006-01-05,0.00047362680624143385,0.0,0.00047362680624143385,0.6,2,1.058734656966729,1.0582064908122315
2006-01-06,0.004459525259086661,0.0,0.004459525259086661,0.6,2,1.0634561109121428,1.0629255893873382
2006-01-09,0.0017327065451539394,0.0,0.0017327065451539394,0.6,2,1.0652987682760042,1.0647673275130813
2006-01-10,-0.0010086054035692185,0.0,-0.0010086054035692185,0.6,2,1.0642243021819056,1.0636933974330078
2006-01-11,0.0009056583154242845,0.0,0.0009056583154242845,0.6,2,1.0651881257706532,1.064656740203455
2006-01-12,-0.0009311664795114138,0.0,-0.0009311664795114138,0.6,2,1.064196258293562,1.0636653675347916
2006-01-13,0.0012067890279320983,0.0,0.0012067890279320983,0.6,2,1.0654805186616372,1.064948987229724
2006-01-17,-0.001153781838671053,0.0,-0.001153781838671053,0.6,2,1.0642511865897475,1.0637202684291471
2006-01-18,-0.0022346945910553862,0.0,-0.0022346945910553862,0.6,2,1.061872910219551,1.0613431784988925
2006-01-19,0.0013007798555092708,0.0,0.0013007798555092708,0.6,2,1.0632541731102756,1.0627237523252662
2006-01-20,-0.010278550275029353,0.0,-0.010278550275029353,0.6,2,1.052325461636827,1.0518004928085232
2006-01-23,0.002050090708504726,0.0,0.002050090708504726,0.6,2,1.0544828242880517,1.0539567792260307
2006-01-24,-4.8119180498784706e-05,0.0,-4.8119180498784706e-05,0.6,2,1.054432083438697,1.0539060636895332
2006-01-25,-0.0019503778163866728,0.0,-0.0019503778163866728,0.6,2,1.052375542494272,1.0518505486823577
2006-01-26,0.0024503382184001945,0.0,0.0024503382184001945,0.6,2,1.0549542185061553,1.0544279382818393
2006-01-27,0.005839557017079144,0.0,0.005839557017079144,0.6,2,1.06111468381553,1.0605853303478372
2006-01-30,-0.0013310335050830569,0.0,-0.0013310335050830569,0.6,2,1.059702304618636,1.0591736557381446
2006-01-31,-0.0038182618030079716,0.0,-0.0038182618030079716,0.6,2,1.0556560837863511,1.0551294534256874
2006-02-01,0.0029485825720185765,0.0,0.0029485825720185765,0.6,2,1.058768772917049,1.0582405897432818
2006-02-02,-0.006975668845606896,0.0,-0.006975668845606896,0.6,2,1.05138315257311,1.050858653830253
2006-02-03,-0.0017724360607397568,0.0,-0.0017724360607397568,0.6,2,1.0495196431598353,1.0489960740574638
2006-02-06,0.0009892716663608692,0.0,0.0009892716663608692,0.6,2,1.0505579032061025,1.0500338161516527
2006-02-07,-0.005796377185458467,0.0,-0.005796377185458467,0.6,2,1.0444684733439555,1.0439474240957514
2006-02-08,0.0051997360713804675,0.0,0.0051997360713804675,0.6,2,1.0498994337402219,1.0493756751734469
2006-02-09,-0.0006025304399419615,0.0,-0.0006025304399419615,0.6,2,1.0492668373725156,1.0487433943862203
2006-02-10,-6.241503927917336e-05,0.0,-6.241503927917336e-05,0.6,2,1.0492013473416466,1.048677937026066
2006-02-13,-0.0010895762569173239,0.0,-0.0010895762569173239,0.6,2,1.0480581624648575,1.0475353224447292
2006-02-14,0.005776452792169762,0.0,0.005776452792169762,0.6,2,1.0541122209637839,1.0535863607829616
2006-02-15,0.00284279147402513,0.0,0.00284279147402513,0.6,2,1.0571088421982056,1.0565814871065446
2006-02-16,0.004295115637292746,0.0,0.004295115637292746,0.6,2,1.0616492469166516,1.06111962677389
2006-02-17,-0.00027013312826877915,0.0,-0.00027013312826877915,0.6,2,1.0613624602844578,1.0608329832096424
2006-02-21,-0.0019662390896064254,0.0,-0.0019662390896064254,0.6,2,1.0592755679268056,1.0587471319305117
2006-02-22,0.005133451100143471,0.0,0.005133451100143471,0.6,2,1.0647133072563346,1.0641821585596942
2006-02-23,-0.0018449549889152815,0.0,-0.0018449549889152815,0.6,2,1.0627489591283477,1.062218790377145
2006-02-24,0.0010515031724788403,0.0,0.0010515031724788403,0.6,2,1.0638664430304199,1.0633357168050932
2006-02-27,-0.0005401941539225686,0.0,-0.0005401941539225686,0.6,2,1.0632917485973403,1.062761309067218
2006-02-28,-0.00411433647965147,0.0,-0.00411433647965147,0.6,2,1.0589170085675739,1.0583887514441608
2006-03-01,0.004534960919774988,0.0,0.004534960919774988,0.6,2,1.0637191558187127,1.0631885030698893
2006-03-02,-0.0016391359040426989,0.0,-0.0016391359040426989,0.6,2,1.0619755755585922,1.061445792621742
2006-03-03,-0.003753877243965164,0.0,-0.003753877243965164,0.6,2,1.057989049611856,1.0574612554151166
2006-03-06,-0.004004643958087528,0.0,-0.004004643958087528,0.6,2,1.0537521801566052,1.0532264995877068
2006-03-07,-0.0007382904213785401,0.0,-0.0007382904213785401,0.6,2,1.0529742050154889,1.052448912551519
2006-03-08,0.001466928338939599,0.0,0.001466928338939599,0.6,2,1.0545188427169987,1.053992779686627
2006-03-09,-0.0036313417290128936,0.0,-0.0036313417290128936,0.6,2,1.05068952443941,1.0501653717236727
2006-03-10,0.004907627504355982,0.0,0.004907627504355982,0.6,2,1.0558459172480876,1.055319192186066
2006-03-13,0.0007778090036423712,0.0,0.0007778090036423712,0.6,2,1.0566671637089822,1.056140028955465
2006-03-14,0.00859204479950717,0.0,0.00859204479950717,0.6,2,1.065746095317738,1.0652144313988032
2006-03-15,0.0019438218854670008,0.0,0.0019438218854670008,0.6,2,1.0678177159021676,1.0672850185232716
2006-03-16,0.003772343646752985,0.0,0.003772343646752985,0.6,2,1.0718458912786413,1.0713111843821725
2006-03-17,-0.0003227090401996869,0.0,-0.0003227090401996869,0.6,2,1.0714999969198247,1.0709654625781053
2006-03-20,-0.00018696855370567964,0.0,-0.00018696855370567964,0.6,2,1.0712996601151048,1.0707652257144984
2006-03-21,-0.0054232052014220765,0.0,-0.0054232052014220765,0.6,2,1.065489782226087,1.0649582461729017
2006-03-22,0.004147205650282971,0.0,0.004147205650282971,0.6,2,1.0699085874712537,1.0693748470287454
2006-03-23,-0.0022632798989137503,0.0,-0.0022632798989137503,0.6,2,1.0674870848715547,1.0669545524330613
2006-03-24,0.002216390708718352,0.0,0.002216390708718352,0.6,2,1.0698530533281407,1.0693193405896986
2006-03-27,-0.001749473106717514,0.0,-0.001749473106717514,0.6,2,1.0679813741832036,1.0674485951608441
2006-03-28,-0.005641350056370964,0.0,-0.005641350056370964,0.6,2,1.061956517397752,1.0614267439683602
2006-03-29,0.003365805724780291,0.0,0.003365805724780291,0.6,2,1.0655308567234771,1.0649993001796438
2006-03-30,-0.002235851446828807,0.0,-0.002235851446828807,0.6,2,1.0631484880158313,1.0626181199534654
2006-03-31,0.00043476499558285924,0.0,0.00043476499558285924,0.6,2,1.0636107077635275,1.0630801091156934
2006-04-03,-0.000899886042312259,0.0,-0.000899886042312259,0.6,2,1.0626535793331573,1.0621234581636403
2006-04-04,0.0038879636930002183,0.0,0.0038879636930002183,0.6,2,1.0667851378678415,1.0662529556064644
2006-04-05,0.003003651796782236,0.0,0.003003651796782236,0.6,2,1.0699893889639787,1.069455608212396
2006-04-06,-0.0017716832949945306,0.0,-0.0017716832949945306,0.6,2,1.0680937066377298,1.0675608715765879
2006-04-07,-0.007912280557749552,0.0,-0.007912280557749552,0.6,2,1.0596426495688456,1.0591140304481983
2006-04-10,0.0014209082807135954,0.0,0.0014209082807135954,0.6,2,1.0611483045842152,1.060618934344282
2006-04-11,-0.004340861901526426,0.0,-0.004340861901526426,0.6,2,1.0565420063369761,1.0560149340201495
2006-04-12,0.00018195360827077934,0.0,0.00018195360827077934,0.6,2,1.0567342479673187,1.0562070797477823
2006-04-13,-0.0029196391341286486,0.0,-0.0029196391341286486,0.6,2,1.0536489653025793,1.053123336224007
2006-04-17,0.0013078436620860055,0.0,0.0013078436620860055,0.6,2,1.0550269734239137,1.0545006569046822
2006-04-18,0.010782918015016206,0.0,0.010782918015016206,0.6,2,1.0664032427819745,1.0658712510348662
2006-04-19,1.2043647127146675e-05,0.0,1.2043647127146675e-05,0.6,2,1.0664160861663259,1.0658840880120968
2006-04-20,0.0004780542387725628,0.0,0.0004780542387725628,0.6,2,1.066925890896613,1.0663936384184112
2006-04-21,0.0009436191854658381,0.0,0.0009436191854658381,0.6,2,1.0679326626367334,1.0673999079148817
2006-04-24,-0.0006028597593673799,0.0,-0.0006028597593673799,0.6,2,1.0672888490087156,1.0667564154632474
2006-04-25,-0.004991412431639341,0.0,-0.004991412431639341,0.6,2,1.0619615701796234,1.061431794229573
2006-04-26,-6.049319151952843e-05,0.0,-6.049319151952843e-05,0.6,2,1.0618973287349722,1.0613675848327597
2006-04-27,0.004013831826750925,0.0,0.004013831826750925,0.6,2,1.0661596060297904,1.065627735824643
2006-04-28,0.0027141928702740124,0.0,0.0027141928702740124,0.6,2,1.0690533688310506,1.0685200550275846
2006-05-01,-0.007051816761366547,0.0,-0.007051816761366547,0.6,2,1.0615146003659324,1.0609850473936848
2006-05-02,0.00515024988821855,0.0,0.00515024988821855,0.6,2,1.0669816658178093,1.0664493855154258
2006-05-03,-0.0027882313042197683,0.0,-0.0027882313042197683,0.6,2,1.0640066741361476,1.0634758779543658
2006-05-04,0.0019035380490330044,0.0,0.0019035380490330044,0.6,2,1.066032051324791,1.0655002447522808
2006-05-05,0.006237908958404858,0.0,0.006237908958404858,0.6,2,1.0726818622076966,1.0721467382742036
2006-05-08,-0.0005249260009732692,0.0,-0.0005249260009732692,0.6,2,1.0721187836074513,1.0715839405744247
2006-05-09,0.0010283873894070261,0.0,0.0010283873894070261,0.6,2,1.0732213370444597,1.0726859439856025
2006-05-10,-0.00011519046170687102,0.0,-0.00011519046170687102,0.6,2,1.073097712183132,1.0725623807964484
2006-05-11,-0.007942668011694387,0.0,-0.007942668011694387,0.6,2,1.0645744533111525,1.0640433738839497
2006-05-12,-0.009355663666493163,0.0,-0.009355663666493163,0.6,2,1.0546146527780325,1.0540885419513308
2006-05-15,0.0020705060915808147,0.0,0.0020705060915808147,0.6,2,1.0567982388408799,1.0562710386985066
2006-05-16,0.0006218376870297474,0.0,0.0006218376870297474,0.6,2,1.0574553958133777,1.0569278678380873
2006-05-17,-0.012601597875343762,0.0,-0.012601597875343762,0.6,2,1.044129768144225,1.0436088878643472
2006-05-18,-0.00016393652403934224,0.0,-0.00016393652403934224,0.6,2,1.0439585971393894,1.0434378022508142
2006-05-19,0.003977769690217281,0.0,0.003977769690217281,0.6,2,1.0481112240049322,1.0475883575142344
2006-05-22,-0.004034334122334848,0.0,-0.004034334122334848,0.6,2,1.0438827931299268,1.043362036057354
2006-05-23,-0.004635360870197625,0.0,-0.004635360870197625,0.6,2,1.0390440196775796,1.038525676501964
2006-05-24,0.005381431847885799,0.0,0.005381431847885799,0.6,2,1.0446355642564278,1.0441144316523387
2006-05-25,0.006753105298157314,0.0,0.006753105298157314,0.6,2,1.0516900982200514,1.0511654463526128
2006-05-26,0.0033963592058082965,0.0,0.0033963592058082965,0.6,2,1.0552620155667987,1.05473558179316
2006-05-30,-0.011030711522806724,0.0,-0.011030711522806724,0.6,2,1.0436217246921058,1.04310109785756
2006-05-31,0.005454180375837579,0.0,0.005454180375837579,0.6,2,1.0493138258227193,1.0487903593955092
2006-06-01,0.006416845730237175,0.0,0.006416845730237175,0.6,2,1.0560471107656286,1.0555202853351102
2006-06-02,0.004349011960916349,0.0,0.004349011960916349,0.6,2,1.0606398722816395,1.0601107556810225
2006-06-05,-0.009545007560615314,0.0,-0.009545007560615314,0.6,2,1.0505160566816212,1.0499919905029576
2006-06-06,-0.0011146443899362256,0.0,-0.0011146443899362256,0.6,2,1.049345104852503,1.0488216228212655
2006-06-07,-0.0050351243627182905,0.0,-0.0050351243627182905,0.6,2,1.0440615217501612,1.0435406755160523
2006-06-08,2.2494218876168023e-05,0.0,2.2494218876168023e-05,0.6,2,1.0440850070985517,1.0435641491484136
2006-06-09,-0.0008956575767385508,0.0,-0.0008956575767385508,0.6,2,1.0431498644511847,1.042629473011416
2006-06-12,-0.006668495041595479,0.0,-0.006668495041595479,0.6,2,1.036193624752451,1.0356767035404182
2006-06-13,-0.006436511730829086,0.0,-0.006436511730829086,0.6,2,1.0295241523313217,1.029010558288734
2006-06-14,0.0019745847696608807,0.0,0.0019745847696608807,0.6,2,1.0315570350425132,1.031042426864951
2006-06-15,0.011796631739058226,0.0,0.011796631739058226,0.6,2,1.0437259335027447,1.0432052546820219
2006-06-16,-0.004625663631463195,0.0,-0.004625663631463195,0.6,2,1.038898008410926,1.038379738075288
2006-06-19,-0.005115816824974017,0.0,-0.005115816824974017,0.6,2,1.0335831965000655,1.0330675775405302
2006-06-20,0.0017373667050466501,0.0,0.0017373667050466501,0.6,2,1.0353789095325603,1.0348623947538123
2006-06-21,0.004402374705397593,0.0,0.004402374705397593,0.6,2,1.0399370354543886,1.0394182467840436
2006-06-22,-0.003939593520503037,0.0,-0.003939593520503037,0.6,2,1.0358401062477816,1.0353233613939206
2006-06-23,-0.00044616074728172085,0.0,-0.00044616074728172085,0.6,2,1.0353779550519135,1.0348614407493228
2006-06-26,0.0023993788367926427,0.0,0.0023993788367926427,0.6,2,1.0378622190053468,1.0373444653892696
2006-06-27,-0.004130569740005407,0.0,-0.004130569740005407,0.6,2,1.0335752567292285,1.0330596417305706
2006-06-28,0.002759831025916881,0.0,0.002759831025916881,0.6,2,1.0364277497903698,1.0359107117814412
2006-06-29,0.013738835144884831,0.0,0.013738835144884831,0.6,2,1.0506670597843235,1.0501429182754267
2006-06-30,0.0014478600152539878,0.0,0.0014478600152539878,0.6,2,1.0521882786095296,1.0516633782170997
2006-07-03,0.0022594500328791513,0.0,0.0022594500328791513,0.6,2,1.054565645450229,1.05403955907159
2006-07-05,-0.004883248532112816,0.0,-0.004883248532112816,0.6,2,1.0494159393100675,1.0488924219419649
2006-07-06,0.003000414854783795,0.0,0.003000414854783795,0.6,2,1.0525646224832204,1.0520395343458295
2006-07-07,-0.0026629236927352418,0.0,-0.0026629236927352418,0.6,2,1.0497617232118748,1.0492380333441258
2006-07-10,0.0014383407311436614,0.0,0.0014383407311436614,0.6,2,1.0512716382563658,1.0507471951441496
2006-07-11,0.0031048817883207124,0.0,0.0031048817883207124,0.6,2,1.054535712420566,1.054009640974482
2006-07-12,-0.006065174087941981,0.0,-0.006065174087941981,0.6,2,1.0481397697427834,1.0476168890116024
2006-07-13,-0.008895471025030209,0.0,-0.008895471025030209,0.6,2,1.0388160727908546,1.0382978433300674
2006-07-14,-0.0020217149507900877,0.0,-0.0020217149507900877,0.6,2,1.0367158828053724,1.0361987010568339
2006-07-17,-0.0012217615832635698,0.0,-0.0012217615832635698,0.6,2,1.0354492631670016,1.034932713291255
2006-07-18,0.0015207562819095075,0.0,0.0015207562819095075,0.6,2,1.0370239291385615,1.0365065937163462
2006-07-19,0.010860507783044638,0.0,0.010860507783044638,0.6,2,1.0482865355921742,1.0477635816445796
2006-07-20,-0.0032412974215219937,0.0,-0.0032412974215219937,0.6,2,1.044888727147343,1.0443674682490303
2006-07-21,-0.004460657275868485,0.0,-0.004460657275868485,0.6,2,1.0402278366441202,1.0397089029031048
2006-07-24,0.010906087948066912,0.0,0.010906087948066912,0.6,2,1.0515726529165883,1.0510480596385543
2006-07-25,0.0017499665384581584,0.0,0.0017499665384581584,0.6,2,1.05341286987195,1.0528873585732332
2006-07-26,0.0017959082568413276,0.0,0.0017959082568413276,0.6,2,1.055304702742816,1.0547782476740186
2006-07-27,-0.0006027942856885239,0.0,-0.0006027942856885239,0.6,2,1.0546685710983423,1.0541424333736522
2006-07-28,0.007089150950858426,0.0,0.007089150950858426,0.6,2,1.0621452758019847,1.0616154082075433
2006-07-31,3.267193511269362e-05,0.0,3.267193511269362e-05,0.6,2,1.062179978143516,1.061650093237275
2006-08-01,-0.0028645977140809185,0.0,-0.0028645977140809185,0.6,2,1.0591372598061835,1.0586088928070339
2006-08-02,0.0043947652894464895,0.0,0.0043947652894464895,0.6,2,1.063791919472339,1.0632612304242415
2006-08-03,0.0017209813869337957,0.0,0.0017209813869337957,0.6,2,1.0656226855653217,1.0650910832112501
2006-08-04,0.0009651058120258684,0.0,0.0009651058120258684,0.6,2,1.0666511242125873,1.0661190088059942
2006-08-07,-0.001943961870912547,0.0,-0.001943961870912547,0.6,2,1.064577595097552,1.0640465141030202
2006-08-08,-0.0022444530385986594,0.0,-0.0022444530385986594,0.6,2,1.0621882006794112,1.0616583116712313
2006-08-09,-0.002184990441455037,0.0,-0.002184990441455037,0.6,2,1.0598673296139003,1.0593385984081383
2006-08-10,0.00195301318596377,0.0,0.00195301318596377,0.6,2,1.0619372644840084,1.0614075006592296
2006-08-11,-0.002974951901491907,0.0,-0.002974951901491907,0.6,2,1.0587780521997665,1.0582498643968856
2006-08-14,-0.0002062055009818039,0.0,-0.0002062055009818039,0.6,2,1.0585597263410842,1.0580316474534337
2006-08-15,0.009083309624720082,0.0,0.009083309624720082,0.6,2,1.0681749520916992,1.0676420765000059
2006-08-16,0.006651318018054431,0.0,0.006651318018054431,0.6,2,1.0752797233969813,1.0747433034802636
2006-08-17,0.0014323454382696443,0.0,0.0014323454382696443,0.6,2,1.0768198954036527,1.0762827071483143
2006-08-18,0.004118546735951511,0.0,0.004118546735951511,0.6,2,1.081254828469075,1.080715427778801
2006-08-21,-0.002083832995954538,0.0,-0.002083832995954538,0.6,2,1.079001673980476,1.0784633973111584
2006-08-22,0.00010108986833385898,0.0,0.00010108986833385898,0.6,2,1.0791107501176307,1.0785724190339954
2006-08-23,-0.0020494253602429957,0.0,-0.0020494253602429957,0.6,2,1.0768991931798289,1.0763619653655685
2006-08-24,-0.0001146806707732484,0.0,-0.0001146806707732484,0.6,2,1.0767756936579997,1.0762385274533857
2006-08-25,0.0012761487823304664,0.0,0.0012761487823304664,0.6,2,1.0781498196483046,1.0776119679396925
2006-08-28,0.002821561098332692,0.0,0.002821561098332692,0.6,2,1.0811918852375986,1.0806525159475289
2006-08-29,0.0010341784594138036,0.0,0.0010341784594138036,0.6,2,1.0823100305958044,1.0817701035016332
2006-08-30,0.0008562777603593472,0.0,0.0008562777603593472,0.6,2,1.0832367886048175,1.0826963991830831
2006-08-31,0.0004436222584334405,0.0,0.0004436222584334405,0.6,2,1.0837173365553965,1.0831767074048864
2006-09-01,0.004171472515468055,0.0,0.004171472515468055,0.6,2,1.0882380336393735,1.087695149269221
2006-09-05,-0.00017291256438158883,0.0,-0.00017291256438158883,0.6,2,1.0880498636103193,1.0875070731116956
2006-09-06,-0.005588427871126811,0.0,-0.005588427871126811,0.6,2,1.0819693754273436,1.0814296182742706
2006-09-07,-0.0024663972926771915,0.0,-0.0024663972926771915,0.6,2,1.07930080908903,1.078762383191538
2006-09-08,0.002097597776997828,0.0,0.002097597776997828,0.6,2,1.081564748066887,1.0810251927684296
2006-09-11,-0.00012446174327331852,0.0,-0.00012446174327331852,0.6,2,1.0814301346328796,1.0808906464884152
2006-09-12,0.007007383245049769,0.0,0.007007383245049769,0.6,2,1.089008130038998,1.088464861494349
2006-09-13,0.002805102546633087,0.0,0.002805102546633087,0.6,2,1.0920629095178747,1.0915181170492476
2006-09-14,-0.0007304492130983278,0.0,-0.0007304492130983278,0.6,2,1.0912652130249636,1.0907208184995665
2006-09-15,0.001174185085017809,0.0,0.001174185085017809,0.6,2,1.0925465603618962,1.092001526616567
2006-09-18,0.00023833731906346437,0.0,0.00023833731906346437,0.6,2,1.092806954980045,1.092261791332834
2006-09-19,0.0008910612433365996,0.0,0.0008910612433365996,0.6,2,1.0937807129040764,1.0932350634826682
2006-09-20,0.003281538291813168,0.0,0.003281538291813168,0.6,2,1.097369996196318,1.0968225562054394
2006-09-21,-3.1690463934430494e-05,0.0,-3.1690463934430494e-05,0.6,2,1.0973352200320308,1.0967877973897795
2006-09-22,-0.000617567380070527,0.0,-0.000617567380070527,0.6,2,1.0966575415951365,1.096110457023252
2006-09-25,0.005946439202962983,0.0,0.005946439202962983,0.6,2,1.1031787489927027,1.1026284112156728
2006-09-26,0.00397519807463893,0.0,0.00397519807463893,0.6,2,1.1075641030316812,1.1070115775529796
2006-09-27,0.0006263223096611092,0.0,0.0006263223096611092,0.6,2,1.1082577951387897,1.1077049236010543
2006-09-28,-0.0006085231522351631,0.0,-0.0006085231522351631,0.6,2,1.1075833946118028,1.1070308595091982
2006-09-29,-0.0009243768681855833,0.0,-0.0009243768681855833,0.6,2,1.106559570142237,1.1060075457903003
2006-10-02,-0.0015410032563587081,0.0,-0.0015410032563587081,0.6,2,1.1048543582412929,1.10430318456068
2006-10-03,0.001217375573613966,0.0,0.001217375573613966,0.6,2,1.1061993809494168,1.1056475362834284
2006-10-04,0.008856287632279702,0.0,0.008856287632279702,0.6,2,1.1159962008457547,1.1154394688846758
2006-10-05,-0.000236565531123567,0.0,-0.000236565531123567,0.6,2,1.1157321946117698,1.115175594354283
2006-10-06,-0.002924526225135238,0.0,-0.002924526225135238,0.6,2,1.1124692065483999,1.111914234082963
2006-10-09,0.0008416540307982778,0.0,0.0008416540307982778,0.6,2,1.1134055207402302,1.112850081179981
2006-10-10,-0.0016225072075108041,0.0,-0.0016225072075108041,0.6,2,1.1115990122579469,1.1110444739023877
2006-10-11,-0.0011888970463169281,0.0,-0.0011888970463169281,0.6,2,1.1102774354755844,1.1097235564090384
2006-10-12,0.005430084354583053,0.0,0.005430084354583053,0.6,2,1.1163063356072072,1.1157494489306075
2006-10-13,0.0008606889361137738,0.0,0.0008606889361137738,0.6,2,1.117267128119578,1.1167097621367772
2006-10-16,0.0016063336148366193,0.0,0.0016063336148366193,0.6,2,1.1190618318642285,1.1185035705657138
2006-10-17,-0.001447110960246367,0.0,-0.001447110960246367,0.6,2,1.1174424252221444,1.1168849717896734
2006-10-18,0.0007038429303528385,0.0,0.0007038429303528385,0.6,2,1.1182289291732133,1.1176710833810848
2006-10-19,0.0006287651547587591,0.0,0.0006287651547587591,0.6,2,1.1189320325589205,1.1183738360127962
2006-10-20,3.463026593992775e-05,0.0,3.463026593992775e-05,0.6,2,1.1189707814727767,1.1184125655961576
2006-10-23,0.0016495496048054554,0.0,0.0016495496048054554,0.6,2,1.120816579283144,1.1202574426017462
2006-10-24,0.002329949568619361,0.0,0.002329949568619361,0.6,2,1.123428025388546,1.1228675859468786
2006-10-25,0.0035109861863992903,0.0,0.0035109861863992903,0.6,2,1.127372365667099,1.1268099585302938
2006-10-26,0.003223649266224227,0.0,0.003223649266224227,0.6,2,1.1310066187664434,1.1304423986262842
2006-10-27,-0.0024579840794879846,0.0,-0.0024579840794879846,0.6,2,1.12822662250372,1.1276637892076826
2006-10-30,-0.0002404892740017761,0.0,-0.0002404892740017761,0.6,2,1.1279552961023647,1.127392598161698
2006-10-31,0.0016993791338908437,0.0,0.0016993791338908437,0.6,2,1.1298721197965227,1.129308465618717
2006-11-01,-0.00264337779664221,0.0,-0.00264337779664221,0.6,2,1.1268854409220075,1.1263232766951403
2006-11-02,-0.001453855552930716,0.0,-0.001453855552930716,0.6,2,1.1252471122662062,1.1246857653449218
2006-11-03,-0.004081832123459895,0.0,-0.004081832123459895,0.6,2,1.1206540424565274,1.1200949868591388
2006-11-06,0.007140693868903546,0.0,0.007140693868903546,0.6,2,1.1286562899066588,1.1280932422643934
2006-11-07,0.003659072021220977,0.0,0.003659072021220977,0.6,2,1.1327861245586315,1.1322210166844917
2006-11-08,0.002186088838184319,0.0,0.002186088838184319,0.6,2,1.1352624956615793,1.1346961524114234
2006-11-09,-0.0031991747095096333,0.0,-0.0031991747095096333,0.6,2,1.131630592596804,1.1310660611776508
2006-11-10,0.0011287897231474053,0.0,0.0011287897231474053,0.6,2,1.1329079655801264,1.132342796923709
2006-11-13,0.0012839258912752615,0.0,0.0012839258912752615,0.6,2,1.1343625354495668,1.1337966411584786
2006-11-14,0.005313708361112335,0.0,0.005313708361112335,0.6,2,1.1403902071387177,1.1398213058504034
2006-11-15,0.000613315436553474,0.0,0.000613315436553474,0.6,2,1.1410896260564505,1.140520375852194
2006-11-16,0.0005361075852887698,0.0,0.0005361075852887698,0.6,2,1.1417013728604737,1.1411318174768648
2006-11-17,0.0016259150296128897,0.0,0.0016259150296128897,0.6,2,1.1435576822819373,1.14298720084967
2006-11-20,0.000583016703967898,0.0,0.000583016703967898,0.6,2,1.1442243955126585,1.143653581480187
2006-11-21,0.001175521355972231,0.0,0.001175521355972231,0.6,2,1.1455694557256082,1.1449979706890512
2006-11-22,0.0018184326495647163,0.0,0.0018184326495647163,0.6,2,1.1476525966262436,1.1470800723826375
2006-11-24,-0.0019909463069344158,0.0,-0.0019909463069344158,0.6,2,1.1453676819273468,1.1447962975487693
2006-11-27,-0.007869887072128323,0.0,-0.007869887072128323,0.6,2,1.1363537676145132,1.1357868799664699
2006-11-28,0.003323213905145539,0.0,0.003323213905145539,0.6,2,1.1401301142562144,1.1395613427192564
2006-11-29,0.005769971200312129,0.0,0.005769971200312129,0.6,2,1.1467086321800812,1.1461365788477353
2006-11-30,0.002359025063368025,0.0,0.002359025063368025,0.6,2,1.1494137465837746,1.1488403437632801
2006-12-01,-0.0003965764775829993,0.0,-0.0003965764775829993,0.6,2,1.148957916128869,1.1483847407064454
2006-12-04,0.004530126410206714,0.0,0.004530126410206714,0.6,2,1.1541628407289404,1.1535870687493979
2006-12-05,0.002063262716100356,0.0,0.002063262716100356,0.6,2,1.156544181886525,1.155967221938124
2006-12-06,-0.0011275220535813756,0.0,-0.0011275220535813756,0.6,2,1.1552401528155067,1.1546638434021717
2006-12-07,-0.002760706582433458,0.0,-0.002760706582433458,0.6,2,1.1520508737213375,1.1514761553291935
2006-12-08,-0.000712026744944727,0.0,-0.000712026744944727,0.6,2,1.151230582687711,1.1506562735104329
2006-12-11,0.002987793503762504,0.0,0.002987793503762504,0.6,2,1.1546702219439982,1.1540941968494909
2006-12-12,0.0002529158621952466,0.0,0.0002529158621952466,0.6,2,1.1549622563587325,1.1543860855783417
2006-12-13,-0.0014169256020604814,0.0,-0.0014169256020604814,0.6,2,1.1533257607682843,1.1527504063790233
2006-12-14,0.004662540214357969,0.0,0.004662540214357969,0.6,2,1.1587031885081214,1.1581251515058828
2006-12-15,0.00016548511416192334,0.0,0.00016548511416192334,0.6,2,1.1588949366375514,1.1583168039787934
2006-12-18,-0.0014471029995339003,0.0,-0.0014471029995339003,0.6,2,1.1572178962985986,1.1566406002573453
2006-12-19,0.0010528063613385096,0.0,0.0010528063613385096,0.6,2,1.1584362226612765,1.1578583188390785
2006-12-20,-0.0004335488596898696,0.0,-0.0004335488596898696,0.6,2,1.1579339839579184,1.1573563306852634
2006-12-21,-0.0007512520953093735,0.0,-0.0007512520953093735,0.6,2,1.15706408362624,1.1564868643168167
2006-12-22,-0.005508405160233431,0.0,-0.005508405160233431,0.6,2,1.1506905058572725,1.1501164661056718
2006-12-26,0.0038261916712301947,0.0,0.0038261916712301947,0.6,2,1.1550932682869473,1.15451703214923
2006-12-27,0.0028711471266207765,0.0,0.0028711471266207765,0.6,2,1.1584097110051683,1.15783182040872
2006-12-28,-0.002180212709093898,0.0,-0.002180212709093898,0.6,2,1.1558841314308972,1.1553075007588716
2006-12-29,-0.002685542634157945,0.0,-0.002685542634157945,0.6,2,1.152779955315793,1.1522048732100212
2007-01-03,0.00012260418544469747,0.0,0.00012260418544469747,0.6,2,1.1529212909632114,1.1523461383499665
2007-01-04,0.0027255482384099137,0.0,0.0027255482384099137,0.6,2,1.1560636335568213,1.1554869133373846
2007-01-05,-0.006092638960374375,0.0,-0.006092638960374375,0.6,2,1.1490201552223411,1.1484469487509825
2007-01-08,0.003062094672392624,0.0,0.003062094672392624,0.6,2,1.1525385637181194,1.1519636020342785
2007-01-09,-0.000605436833772921,0.0,-0.000605436833772921,0.6,2,1.1518407744193007,1.1512661608384411
2007-01-10,0.001335916893747258,0.0,0.001335916893747258,0.6,2,1.1533795379687544,1.1528041567519047
2007-01-11,0.0015621477722854492,0.0,0.0015621477722854492,0.6,2,1.1551812872445917,1.154605007197256
2007-01-12,0.0037329460361151135,0.0,0.0037329460361151135,0.6,2,1.1594935166518057,1.1589150853821517
2007-01-16,-0.00039540078861561846,0.0,-0.00039540078861561846,0.6,2,1.1590350520009267,1.158456849443453
2007-01-17,-0.0005250167346608105,0.0,-0.0005250167346608105,0.6,2,1.1584265392025679,1.1578486402111128
2007-01-18,-0.001475559743450816,0.0,-0.001475559743450816,0.6,2,1.1567172116355755,1.156140165368608
2007-01-19,0.0005466211196150316,0.0,0.0005466211196150316,0.6,2,1.1573494976928778,1.1567721360002337
2007-01-22,-0.001113695916520796,0.0,-0.001113695916520796,0.6,2,1.1560605622833098,1.155483843596025
2007-01-23,0.0006052261520526959,0.0,0.0006052261520526959,0.6,2,1.1567602403689603,1.1561831726364435
2007-01-24,0.004875274693838616,0.0,0.004875274693838616,0.6,2,1.1623997642956696,1.16181988319944
2007-01-25,-0.00860767809445233,0.0,-0.00860767809445233,0.6,2,1.1523942013075452,1.151819311641125
2007-01-26,-0.0005926777295245378,0.0,-0.0005926777295245378,0.6,2,1.151711202928797,1.151136653986679
2007-01-29,-0.0006295045325506621,0.0,-0.0006295045325506621,0.6,2,1.150986195506364,1.1504120082454092
2007-01-30,0.003513069564518512,0.0,0.003513069564518512,0.6,2,1.1550296900789783,1.1544534856582327
2007-01-31,0.005507299889392892,0.0,0.005507299889392892,0.6,2,1.1613907849633955,1.1608114072121074
2007-02-01,0.003298807422408956,0.0,0.003298807422408956,0.6,2,1.16522198950515,1.1646407004982358
2007-02-02,0.001172222999101935,0.0,0.001172222999101935,0.6,2,1.1665878895203075,1.16600591911305
2007-02-05,0.0006063267338803914,0.0,0.0006063267338803914,0.6,2,1.1672952229451448,1.1667128996736713
2007-02-06,0.0012896823297564588,0.0,0.0012896823297564588,0.6,2,1.1688006629677863,1.1682175886842794
2007-02-07,0.0022010091638513087,0.0,0.0022010091638513087,0.6,2,1.1713732039376938,1.170788846302346
2007-02-08,-0.000684822898339532,0.0,-0.000684822898339532,0.6,2,1.170571020745136,1.1699870632912777
2007-02-09,-0.005682707007955567,0.0,-0.005682707007955567,0.6,2,1.163919008602238,1.163338369607495
2007-02-12,-0.00257882327365162,0.0,-0.00257882327365162,0.6,2,1.1609174671742089,1.1603383255448192
2007-02-13,0.004759963412115865,0.0,0.004759963412115865,0.6,2,1.1664433918424442,1.1658614935200882
2007-02-14,0.006229790954428927,0.0,0.006229790954428927,0.6,2,1.1737100903337976,1.1731245669065367
2007-02-15,0.0014147083759042279,0.0,0.0014147083759042279,0.6,2,1.175370547829476,1.1747841960573182
2007-02-16,0.0001508344170169317,0.0,0.0001508344170169317,0.6,2,1.1755478341608367,1.1749613939466512
2007-02-20,0.0017631432320249993,0.0,0.0017631432320249993,0.6,2,1.1776204933685592,1.177033019176279
2007-02-21,-0.0002892657147037349,0.0,-0.0002892657147037349,0.6,2,1.1772798481348952,1.176692543878757
2007-02-22,-0.0014678432747423644,0.0,-0.0014678432747423644,0.6,2,1.1755517858273206,1.174965343641785
2007-02-23,-0.0007473023471201044,0.0,-0.0007473023471201044,0.6,2,1.1746732932186106,1.1740872892826968
2007-02-26,0.0007281244988813552,0.0,0.0007281244988813552,0.6,2,1.1755286016215847,1.1749421710018486
2007-02-27,-0.020232261789488514,0.0,-0.020232261789488514,0.6,2,1.1517449992125455,1.1511704334106292
2007-02-28,0.004749533575785846,0.0,0.004749533575785846,0.6,2,1.157215250757049,1.156637956035565
2007-03-01,-0.0013643788800955297,0.0,-0.0013643788800955297,0.6,2,1.1556363707091917,1.1550598636364333
2007-03-02,-0.006580762650909233,0.0,-0.006580762650909233,0.6,2,1.1480314020427964,1.1474586888262504
2007-03-05,-0.00548423630562953,0.0,-0.00548423630562953,0.6,2,1.1417353265477106,1.1411657542257794
2007-03-06,0.009699807562698524,0.0,0.009699807562698524,0.6,2,1.1528099395027582,1.1522348424389113
2007-03-07,0.00011782203367825003,0.0,0.00011782203367825003,0.6,2,1.1529457659142748,1.1523706010913222
2007-03-08,0.005020319863695777,0.0,0.005020319863695777,0.6,2,1.1587339224446582,1.15815587011032
2007-03-09,-0.002066898135682305,0.0,-0.002066898135682305,0.6,2,1.1563389374606055,1.1557620799015595
2007-03-12,0.0020064921303337927,0.0,0.0020064921303337927,0.6,2,1.1586591224386187,1.1580811074194202
2007-03-13,-0.009934147487941303,0.0,-0.009934147487941303,0.6,2,1.1471488318280647,1.1465765588953172
2007-03-14,0.003939620017321533,0.0,0.003939620017321533,0.6,2,1.1516681623287817,1.1510936348581329
2007-03-15,0.00039294363062334346,0.0,0.00039294363062334346,0.6,2,1.1521207029977605,1.1515459497702014
2007-03-16,-0.0017178155686398354,0.0,-0.0017178155686398354,0.6,2,1.1501415721171986,1.1495678062096821
2007-03-19,0.006685799718629015,0.0,0.006685799718629015,0.6,2,1.1578311883164432,1.1572535863249838
2007-03-20,0.003874495629991337,0.0,0.003874495629991337,0.6,2,1.162317200195843,1.161737360287992
2007-03-21,0.010441440599282047,0.0,0.010441440599282047,0.6,2,1.1744534661992119,1.1738675719274057
2007-03-22,-0.0017980721456309471,0.0,-0.0017980721456309471,0.6,2,1.1723417141352992,1.1717568733436634
2007-03-23,0.000257766965714934,0.0,0.000257766965714934,0.6,2,1.1726439051017328,1.1720589135574608
2007-03-26,-0.0004569564988720297,0.0,-0.0004569564988720297,0.6,2,1.172108057848434,1.1715233336198498
2007-03-27,-0.0015209882324327627,0.0,-0.0015209882324327627,0.6,2,1.170325295285307,1.1697414604153937
2007-03-28,-0.004421982213580766,0.0,-0.004421982213580766,0.6,2,1.1651501376454516,1.1645688844829487
2007-03-29,7.123114159517368e-05,0.0,7.123114159517368e-05,0.6,2,1.165233132619886,1.1646518380540567
2007-03-30,-0.00035232659023973776,0.0,-0.00035232659023973776,0.6,2,1.1648225900034355,1.1642415002431385
2007-04-02,0.0011217027107416567,0.0,0.0011217027107416567,0.6,2,1.1661291746601756,1.1655474330899194
2007-04-03,0.006102295099737453,0.0,0.006102295099737453,0.6,2,1.1732452390083652,1.1726599474793755
2007-04-04,0.0012966320086944538,0.0,0.0012966320086944538,0.6,2,1.1747665063393118,1.1741804559025912
2007-04-05,0.0006158256348534059,0.0,0.0006158256348534059,0.6,2,1.1754899576688826,1.17490354632728
2007-04-09,-0.0010042488178236388,0.0,-0.0010042488178236388,0.6,2,1.17430947326853,1.1737236508298239
2007-04-10,0.0015327987915124686,0.0,0.0015327987915124686,0.6,2,1.1761094534100178,1.1755227330233855
2007-04-11,-0.002927550468150164,0.0,-0.002927550468150164,0.6,2,1.1726663336290915,1.1720813308960016
2007-04-12,0.0030628382764684046,0.0,0.0030628382764684046,0.6,2,1.1762580209612565,1.1756712264594038
2007-04-13,0.0020559898150319445,0.0,0.0020559898150319445,0.6,2,1.1786763954722024,1.1780883945268303
2007-04-16,0.0061226832909766936,0.0,0.0061226832909766936,0.6,2,1.1858930577442286,1.1853014566552933
2007-04-17,0.0032908989936272,0.0,0.0032908989936272,0.6,2,1.1897957120145084,1.189202164026145
2007-04-18,0.0016608251701802465,0.0,0.0016608251701802465,0.6,2,1.1917717546803945,1.1911772209125924
2007-04-19,-0.00019671350317302955,0.0,-0.00019671350317302955,0.6,2,1.1915373170835486,1.1909429002685668
2007-04-20,0.005220283936094594,0.0,0.005220283936094594,0.6,2,1.197757480199177,1.1971599603596448
2007-04-23,-0.0014433535829156518,0.0,-0.0014433535829156518,0.6,2,1.1960286926486674,1.1954320352415364
2007-04-24,0.0010142692851615512,0.0,0.0010142692851615512,0.6,2,1.1972417878157928,1.19664452523738
2007-04-25,0.005255939334756254,0.0,0.005255939334756254,0.6,2,1.2035344180215877,1.202934016267296
2007-04-26,-0.0004725238859412785,0.0,-0.0004725238859412785,0.6,2,1.20296571926152,1.2023656012113983
2007-04-27,-0.0004741255645369644,0.0,-0.0004741255645369644,0.6,2,1.2023953624607564,1.2017955289419442
2007-04-30,-0.0032369075718598813,0.0,-0.0032369075718598813,0.6,2,1.198503319807638,1.1979054278944847
2007-05-01,0.0015562750184015873,0.0,0.0015562750184015873,0.6,2,1.200368520583726,1.1997696981863244
2007-05-02,0.0030250125569024175,0.0,0.0030250125569024175,0.6,2,1.2039996504314021,1.2033990165887292
2007-05-03,0.0028114677005209644,0.0,0.0028114677005209644,0.6,2,1.2073846565600284,1.206782334054707
2007-05-04,0.0032869848370350226,0.0,0.0032869848370350226,0.6,2,1.2113533116186097,1.2107490092883464
2007-05-07,0.0004566978626695306,0.0,0.0004566978626695306,0.6,2,1.2119065340869635,1.2113019557731175
2007-05-08,-0.0007928826253975617,0.0,-0.0007928826253975617,0.6,2,1.21094563445248,1.210341535498275
2007-05-09,0.0003326807993502713,0.0,0.0003326807993502713,0.6,2,1.2113484928141194,1.2107441928877913
2007-05-10,-0.005270370646072608,0.0,-0.005270370646072608,0.6,2,1.2049642372754275,1.2043631222336926
2007-05-11,0.004311680860353296,0.0,0.004311680860353296,0.6,2,1.2101596585146983,1.2095559516567431
2007-05-14,-0.001892471075065716,0.0,-0.001892471075065716,0.6,2,1.2078694663647478,1.2072669020045592
2007-05-15,0.00011305740644171878,0.0,0.00011305740644171878,0.6,2,1.208006024953935,1.2074033924693828
2007-05-16,0.0038575583252620223,0.0,0.0038575583252620223,0.6,2,1.2126659786524627,1.2120610214779526
2007-05-17,-0.0022534505182040254,0.0,-0.0022534505182040254,0.6,2,1.20993329587446,1.209329701941008
2007-05-18,0.004057836730990604,0.0,0.004057836730990604,0.6,2,1.214843007644508,1.2142369644254223
2007-05-21,0.00022122694809723065,0.0,0.00022122694809723065,0.6,2,1.2151117636555064,1.214505586363329
2007-05-22,-0.001589567334781439,0.0,-0.001589567334781439,0.6,2,1.213180261687891,1.2125750479553363
2007-05-23,-0.0006937504235663867,0.0,-0.0006937504235663867,0.6,2,1.2123386173674828,1.2117338235022113
2007-05-24,-0.004891053047943572,0.0,-0.004891053047943572,0.6,2,1.206409004877868,1.2058071690914745
2007-05-25,0.0020612495967249345,0.0,0.0020612495967249345,0.6,2,1.2088957149526578,1.2082926386324924
2007-05-29,0.0013440994584973166,0.0,0.0013440994584973166,0.6,2,1.2105205910285053,1.2099167041137844
2007-05-30,0.0053229658097957,0.0,0.0053229658097957,0.6,2,1.2169641507466038,1.216357049362483
2007-05-31,-0.0007701888135827062,0.0,-0.0007701888135827062,0.6,2,1.2160268585711675,1.2154202247697414
2007-06-01,0.0012465890015385115,0.0,0.0012465890015385115,0.6,2,1.2175427442786377,1.2169353542541868
2007-06-04,0.0007257868930422573,0.0,0.0007257868930422573,0.6,2,1.218426420844154,1.2178185899839844
2007-06-05,-0.003658185708523076,0.0,-0.003658185708523076,0.6,2,1.213969190724535,1.2133635834225314
2007-06-06,-0.006269009703246442,0.0,-0.006269009703246442,0.6,2,1.2063588060884407,1.2057569953444898
2007-06-07,-0.014853085559277711,0.0,-0.014853085559277711,0.6,2,1.188440655526421,1.1878477835289405
2007-06-08,0.008536167134828788,0.0,0.008536167134828788,0.6,2,1.19858538359182,1.1979874507398793
2007-06-11,-1.0427110766397926e-05,0.0,-1.0427110766397926e-05,0.6,2,1.1985728858092624,1.1979749591920337
2007-06-12,-0.009410004562455087,0.0,-0.009410004562455087,0.6,2,1.1872943094853623,1.1867020093603298
2007-06-13,0.010255668680809604,0.0,0.010255668680809604,0.6,2,1.1994708065500548,1.1988724319911803
2007-06-14,0.003928062968065004,0.0,0.003928062968065004,0.6,2,1.204182403406539,1.2035816783947189
2007-06-15,0.005167269197351265,0.0,0.005167269197351265,0.6,2,1.210404738047654,1.2098009089279842
2007-06-18,-0.0009008309189427076,0.0,-0.0009008309189427076,0.6,2,1.2093143680351859,1.2087110828634569
2007-06-19,0.003440392668877435,0.0,0.003440392668877435,0.6,2,1.2134748843213423,1.2128695236117313
2007-06-20,-0.009610389649052031,0.0,-0.009610389649052031,0.6,2,1.2018129178536758,1.2012133748963625
2007-06-21,0.002837946188328133,0.0,0.002837946188328133,0.6,2,1.2052235982429822,1.2046223538150183
2007-06-22,-0.00445807097459796,0.0,-0.00445807097459796,0.6,2,1.1998506259017547,1.1992520618641236
2007-06-25,-0.00158038883920657,0.0,-0.00158038883920657,0.6,2,1.1979543953638647,1.197356777290158
2007-06-26,-0.00604835697846151,0.0,-0.00604835697846151,0.6,2,1.190708739536787,1.190114736070527
2007-06-27,0.008500486606842772,0.0,0.008500486606842772,0.6,2,1.2008303432298701,1.200231290445101
2007-06-28,-0.0003269549404083527,0.0,-0.0003269549404083527,0.6,2,1.2004377258165588,1.1998388688950572
2007-06-29,0.002285599081426848,0.0,0.002285599081426848,0.6,2,1.2031814451799951,1.2025812195116639
2007-07-02,0.00602267142988815,0.0,0.00602267142988815,0.6,2,1.2104278116948521,1.2098239710645367
2007-07-03,0.0009855809373473965,0.0,0.0009855809373473965,0.6,2,1.2116207862720936,1.2110163505079636
2007-07-05,-0.002864133286406667,0.0,-0.002864133286406667,0.6,2,1.2081505428476293,1.207547838268091
2007-07-06,0.0022032991359905996,0.0,0.0022032991359905996,0.6,2,1.2108124598948322,1.2102084273768146
2007-07-09,0.0019194282396382434,0.0,0.0019194282396382434,0.6,2,1.2131365275232602,1.2125313356081697
2007-07-10,-0.005837471452978837,0.0,-0.005837471452978837,0.6,2,1.2060548776752773,1.2054532185507147
2007-07-11,0.002873563810964774,0.0,0.002873563810964774,0.6,2,1.2095205533258024,1.208917165295353
2007-07-12,0.008313542958320408,0.0,0.008313542958320408,0.6,2,1.219575954404848,1.2189675500820867
2007-07-13,0.0026827876877349778,0.0,0.0026827876877349778,0.6,2,1.2228478177595827,1.2222377812171952
2007-07-16,0.001512619254021841,0.0,0.001512619254021841,0.6,2,1.2246975209134645,1.2240865616180572
2007-07-17,-0.0011502462243214052,0.0,-0.0011502462243214052,0.6,2,1.223288817214098,1.2226785606723134
2007-07-18,0.0003540842435290519,0.0,0.0003540842435290519,0.6,2,1.223721964509559,1.2231114918855481
2007-07-19,0.0022855565382169374,0.0,0.0022855565382169374,0.6,2,1.2265188502465034,1.2259069823527955
2007-07-20,-0.004106746718184917,0.0,-0.004106746718184917,0.6,2,1.2214818479834617,1.2208724928762182
2007-07-23,0.0016934149672252373,0.0,0.0016934149672252373,0.6,2,1.2235503236270309,1.2229399366287284
2007-07-24,-0.009362807760963475,0.0,-0.009362807760963475,0.6,2,1.2120944571610464,1.2114897850988688
2007-07-25,0.0017767104420492565,0.0,0.0017767104420492565,0.6,2,1.2142479980398344,1.21364225165049
2007-07-26,-0.011110611561933048,0.0,-0.011110611561933048,0.6,2,1.2007569601937589,1.2001579440172514
2007-07-27,-0.011002211043468655,0.0,-0.011002211043468655,0.6,2,1.1875459787057931,1.1869535530316782
2007-07-30,0.008334074056542028,0.0,0.008334074056542028,0.6,2,1.197443074837876,1.1968457118443199
2007-07-31,-0.00503601341397133,0.0,-0.00503601341397133,0.6,2,1.1914127354505253,1.190818380785018
2007-08-01,0.0018333167853603173,0.0,0.0018333167853603173,0.6,2,1.1935969724167188,1.1930015281108266
2007-08-02,0.005079082026478998,0.0,0.005079082026478998,0.6,2,1.1996593493461802,1.1990608807298162
2007-08-03,-0.012899630254053562,0.0,-0.012899630254053562,0.6,2,1.184184187308796,1.1835934387163016
2007-08-06,0.008433279794128844,0.0,0.008433279794128844,0.6,2,1.1941707438881541,1.1935750133474914
2007-08-07,0.00636725991127367,0.0,0.00636725991127367,0.6,2,1.201774339392929,1.2011748156810766
2007-08-08,0.005564147310731515,0.0,0.005564147310731515,0.6,2,1.2084611888515684,1.2078583293014669
2007-08-09,-0.015658380193687347,0.0,-0.015658380193687347,0.6,2,1.189538644107215,1.1889452243611525
2007-08-10,-0.003376958340574876,0.0,-0.003376958340574876,0.6,2,1.1855216216615612,1.1849302058692595
2007-08-13,0.002854812814772756,0.0,0.002854812814772756,0.6,2,1.1889060639792708,1.1883129598055864
2007-08-14,-0.00766872430855252,0.0,-0.00766872430855252,0.6,2,1.1797886711458474,1.1792001153245573
2007-08-15,-0.007551533231360818,0.0,-0.007551533231360818,0.6,2,1.1708794577897066,1.1702953464672594
2007-08-16,0.0061447665281002305,0.0,0.0061447665281002305,0.6,2,1.1780742386903729,1.1774865381402229
2007-08-17,0.011387594107209596,0.0,0.011387594107209596,0.6,2,1.191489669948739,1.1908952769032672
2007-08-20,0.0005836099548025774,0.0,0.0005836099548025774,0.6,2,1.1921850351811656,1.1915902952419954
2007-08-21,0.002932572699668068,0.0,0.002932572699668068,0.6,2,1.1956812044682907,1.1950847204110115
2007-08-22,0.0058125699295955785,0.0,0.0058125699295955785,0.6,2,1.2026311850827658,1.2020312339201917
2007-08-23,-0.0003720388411815323,0.0,-0.0003720388411815323,0.6,2,1.2021837595702989,1.20158403161286
2007-08-24,0.007559025064531699,0.0,0.007559025064531699,0.6,2,1.2112710967410636,1.2106668354249628
2007-08-27,-0.0044914449146224115,0.0,-0.0044914449146224115,0.6,2,1.205830739333377,1.2052291920236913
2007-08-28,-0.011186168870495195,0.0,-0.011186168870495195,0.6,2,1.1923421130539598,1.1917472947540637
2007-08-29,0.01020756778928562,0.0,0.01020756778928562,0.6,2,1.2045130260009782,1.2039121360529637
2007-08-30,0.0004305998354388052,0.0,0.0004305998354388052,0.6,2,1.205031689111758,1.2044305404206308
2007-08-31,0.0060140829458241955,0.0,0.0060140829458241955,0.6,2,1.2122788496424228,1.2116740855932042
2007-09-04,0.005319699752053441,0.0,0.005319699752053441,0.6,2,1.2187278091382854,1.218119827925904
2007-09-05,-0.0027186797782903895,0.0,-0.0027186797782903895,0.6,2,1.215414478488341,1.2148081501821872
2007-09-06,0.0005242870260705246,0.0,0.0005242870260705246,0.6,2,1.2160517045307107,1.2154450583344925
2007-09-07,-0.004087423597375128,0.0,-0.004087423597375128,0.6,2,1.2110811860979835,1.2104770195217431
2007-09-10,-0.0002454332862451337,0.0,-0.0002454332862451337,0.6,2,1.2107839464625698,1.2101799281689176
2007-09-11,0.00613402234135525,0.0,0.00613402234135525,0.6,2,1.2182109222407256,1.2176031988853655
2007-09-12,0.0005586569015399779,0.0,0.0005586569015399779,0.6,2,1.2188914841799667,1.2182834213157598
2007-09-13,0.0018482881464060516,0.0,0.0018482881464060516,0.6,2,1.2211443468619319,1.2205351601223409
2007-09-14,0.0005163001025363821,0.0,0.0005163001025363821,0.6,2,1.2217748238134283,1.2211653225506613
2007-09-17,-0.0029890869205861257,0.0,-0.0029890869205861257,0.6,2,1.2181228326676663,1.217515153257152
2007-09-18,0.01716584199921285,0.0,0.01716584199921285,0.6,2,1.239032936748873,1.2384148260096117
2007-09-19,0.0021177107658198802,0.0,0.0021177107658198802,0.6,2,1.2416568501382317,1.2410374304192033
2007-09-20,-0.008762530697631532,0.0,-0.008762530697631532,0.6,2,1.230776793872971,1.2301628018382453
2007-09-21,0.0036624244921242607,0.0,0.0036624244921242607,0.6,2,1.2352844209471894,1.2346681802129977
2007-09-24,-0.0005696580329521697,0.0,-0.0005696580329521697,0.6,2,1.2345807312538162,1.2339648415661089
2007-09-25,-0.0011213013774766581,0.0,-0.0011213013774766581,0.6,2,1.2331963941792552,1.232581195089503
2007-09-26,0.0033164655004996432,0.0,0.0033164655004996432,0.6,2,1.2372862474758912,1.2366690080995817
2007-09-27,0.004835723638629652,0.0,0.004835723638629652,0.6,2,1.2432694218305618,1.2426491976552094
2007-09-28,-0.0018554935506826852,0.0,-0.0018554935506826852,0.6,2,1.240962543436594,1.2403434700831992
2007-10-01,0.007241437643016013,0.0,0.007241437643016013,0.6,2,1.2499488963122087,1.2493253399777289
2007-10-02,4.7985108436133074e-05,0.0,4.7985108436133074e-05,0.6,2,1.2500088752455378,1.2493852889896397
2007-10-03,-0.0014900559838432856,0.0,-0.0014900559838432856,0.6,2,1.248146292041121,1.247523634963655
2007-10-04,0.0016544031273363125,0.0,0.0016544031273363125,0.6,2,1.250211229170047,1.2495875419667646
2007-10-05,0.003574593492068834,0.0,0.003574593492068834,0.6,2,1.2546802260935495,1.2540543094620493
2007-10-08,-0.0017584251833331786,0.0,-0.0017584251833331786,0.6,2,1.2524739647869565,1.251849148783024
2007-10-09,0.00439219485891904,0.0,0.00439219485891904,0.6,2,1.2579750744960236,1.2573475141784507
2007-10-10,-0.0006098749054249005,0.0,-0.0006098749054249005,0.6,2,1.2572078670664386,1.256580689482155
2007-10-11,-0.002801055883581282,0.0,-0.002801055883581282,0.6,2,1.2536863575735075,1.2530609367486865
2007-10-12,0.001977277350968021,0.0,0.001977277350968021,0.6,2,1.2561652432135553,1.2555385857583026
2007-10-15,-0.004679497795765241,0.0,-0.004679497795765241,0.6,2,1.2502870207268204,1.2496632957137483
2007-10-16,-0.0036649139330565458,0.0,-0.0036649139330565458,0.6,2,1.245704826404239,1.2450833872896576
2007-10-17,0.004301854696940999,0.0,0.004301854696940999,0.6,2,1.2510636675627083,1.250439555107353
2007-10-18,-0.000647480259927935,0.0,-0.000647480259927935,0.6,2,1.2502536285340484,1.249629920179188
2007-10-19,-0.012330016403510278,0.0,-0.012330016403510278,0.6,2,1.2348379807856753,1.2342219627650615
2007-10-22,0.002769864980071234,0.0,0.002769864980071234,0.6,2,1.2382583152647153,1.2376405909573591
2007-10-23,0.004762194259696928,0.0,0.004762194259696928,0.6,2,1.2441551419056909,1.243534475875184
2007-10-24,0.0009247578256136317,0.0,0.0009247578256136317,0.6,2,1.2453056841094456,1.2446844441131701
2007-10-25,0.0010967802573870421,0.0,0.0010967802573870421,0.6,2,1.246671510798189,1.2460495894381503
2007-10-26,0.006029570638531823,0.0,0.006029570638531823,0.6,2,1.2541884047355918,1.2535627334567812
2007-10-29,0.00231994258712791,0.0,0.00231994258712791,0.6,2,1.2570980498280198,1.2564709270277639
2007-10-30,-0.003748486695140962,0.0,-0.003748486695140962,0.6,2,1.2523858345137517,1.2517610624749689
2007-10-31,0.00353197465389723,0.0,0.00353197465389723,0.6,2,1.2568092295381543,1.256182250820366
2007-11-01,-0.010862436044455403,0.0,-0.010862436044455403,0.6,2,1.243157219662215,1.2425370514606497
2007-11-02,0.001768414076025193,0.0,0.001768414076025193,0.6,2,1.245355636388178,1.2447343714724357
2007-11-05,-0.005014880048245218,0.0,-0.005014880048245218,0.6,2,1.2391103272542852,1.2384921779075735
2007-11-06,0.00734566093200475,0.0,0.00734566093200475,0.6,2,1.2482124115756408,1.2475897215134228
2007-11-07,-0.015061308816306362,0.0,-0.015061308816306362,0.6,2,1.2294126989765535,1.2287993874416594
2007-11-08,-0.0021490612968797507,0.0,-0.0021490612968797507,0.6,2,1.2267706157272904,1.226158622236479
2007-11-09,-0.005871207328507854,0.0,-0.005871207328507854,0.6,2,1.2195679910978343,1.2189595907476911
2007-11-12,-0.005251503095142617,0.0,-0.005251503095142617,0.6,2,1.2131634260178472,1.2125582206840257
2007-11-13,0.016109118518032782,0.0,0.016109118518032782,0.6,2,1.2327064194293116,1.2320914647710397
2007-11-14,-0.0013255794297765125,0.0,-0.0013255794297765125,0.6,2,1.2310723691567627,1.230458229669736
2007-11-15,-0.006445842299018633,0.0,-0.006445842299018633,0.6,2,1.2231370708064988,1.222526889965755
2007-11-16,0.0010417744072471536,0.0,0.0010417744072471536,0.6,2,1.22441130370342,1.2238004871918928
2007-11-19,-0.005499003702569904,0.0,-0.005499003702569904,0.6,2,1.2176782614108865,1.2170708037816178
2007-11-20,0.0026074340982198403,0.0,0.0026074340982198403,0.6,2,1.2208532772303504,1.2202442356953458
2007-11-21,-0.009201097994368322,0.0,-0.009201097994368322,0.6,2,1.2096200865898084,1.20901664890565
2007-11-23,0.009138426996525385,0.0,0.009138426996525385,0.6,2,1.22067411144464,1.220065159289258
2007-11-26,-0.007743093323979287,0.0,-0.007743093323979287,0.6,2,1.2112223178815587,1.2106180808995457
2007-11-27,0.003144779489629634,0.0,0.003144779489629634,0.6,2,1.215031344984214,1.2144252078101332
2007-11-28,0.017630311148925947,0.0,0.017630311148925947,0.6,2,1.2364527256519837,1.2358359020909249
2007-11-29,0.0024647722637509252,0.0,0.0024647722637509252,0.6,2,1.23950030003561,1.2388819561449462
2007-11-30,0.006620069942698192,0.0,0.006620069942698192,0.6,2,1.247705878715841,1.2470834413453724
2007-12-03,-0.002363794271527486,0.0,-0.002363794271527486,0.6,2,1.2447565587071814,1.2441355926506035
2007-12-04,-0.005004628339674078,0.0,-0.005004628339674078,0.6,2,1.2385270147574803,1.2379091564052271
2007-12-05,0.008499856377014225,0.0,0.008499856377014225,0.6,2,1.249054316501971,1.2484312064424623
2007-12-06,0.006490824735454793,0.0,0.006490824735454793,0.6,2,1.2571617091554483,1.2565345545977527
2007-12-07,-0.0026936916852431606,0.0,-0.0026936916852431606,0.6,2,1.2537753031124903,1.253149837915812
2007-12-10,0.003718575445300986,0.0,0.003718575445300986,0.6,2,1.2584375611685694,1.2578097701323687
2007-12-11,-0.010973704361095658,0.0,-0.010973704361095658,0.6,2,1.2446278394154073,1.2440069375724383
2007-12-12,0.002747714175057125,0.0,0.002747714175057125,0.6,2,1.2480477209724399,1.2474251130686755
2007-12-13,-0.00418458872888916,0.0,-0.00418458872888916,0.6,2,1.2428251545461428,1.2422051520003952
2007-12-14,-0.00879513767274238,0.0,-0.00879513767274238,0.6,2,1.2318943362087622,1.2312797866707617
2007-12-17,-0.0062088023578490414,0.0,-0.0062088023578490414,0.6,2,1.2242457477494884,1.2236350138281085
2007-12-18,0.0041443754547408,0.0,0.0041443754547408,0.6,2,1.229319481777032,1.2287062167449792
2007-12-19,0.0031887996373258787,0.0,0.0031887996373258787,0.6,2,1.2332395352946803,1.2326243146833156
2007-12-20,0.003141703022682618,0.0,0.003141703022682618,0.6,2,1.2371140076704072,1.2364968542185881
2007-12-21,0.0057207657101582925,0.0,0.0057207657101582925,0.6,2,1.2441912470650447,1.2435705630229206
2007-12-24,0.003288998808655874,0.0,0.003288998808655874,0.6,2,1.2482833905943818,1.2476606651231825
2007-12-26,-0.0006059121438708689,0.0,-0.0006059121438708689,0.6,2,1.2475270405290284,1.2469046923747544
2007-12-27,-0.004851222589058301,0.0,-0.004851222589058301,0.6,2,1.2414750091695528,1.2408556801647033
2007-12-28,0.0017322455841007446,0.0,0.0017322455841007446,0.6,2,1.243625548771958,1.2430051469371748
2007-12-31,-0.002599100641328755,0.0,-0.002599100641328755,0.6,2,1.240393240810572,1.2397744514625955
2008-01-02,-0.0023874480037103124,0.0,-0.0023874480037103124,0.6,2,1.2374318664439832,1.2368145544234002
2008-01-03,0.0005340362806641963,0.0,0.0005340362806641963,0.6,2,1.2380926999555144,1.237475058267916
2008-01-04,-0.013745753019382256,0.0,-0.013745753019382256,0.6,2,1.2210741834868257,1.2204650317493195
2008-01-07,0.00022957742586542378,0.0,0.00022957742586542378,0.6,2,1.2213545145546614,1.2207452229696671
2008-01-08,-0.008741199855117964,0.0,-0.008741199855117964,0.6,2,1.2106784106489885,1.2100744450035086
2008-01-09,0.005666154877897033,0.0,0.005666154877897033,0.6,2,1.217538302031052,1.2169309142226838
2008-01-10,0.0028823529599117494,0.0,0.0028823529599117494,0.6,2,1.2210476771597172,1.2204385386453018
2008-01-11,-0.0023082184660921266,0.0,-0.0023082184660921266,0.6,2,1.2182292323633184,1.2176214998736703
2008-01-14,0.005014100746948191,0.0,0.005014100746948191,0.6,2,1.2243375564672654,1.223726776745687
2008-01-15,-0.010666485210807418,0.0,-0.010666485210807418,0.6,2,1.2112781780281712,1.2106739131794602
2008-01-16,-0.005939018148287856,0.0,-0.005939018148287856,0.6,2,1.2040843749462367,1.2034836988374287
2008-01-17,-0.012198788966615259,0.0,-0.012198788966615259,0.6,2,1.1893960037582687,1.1888026551705493
2008-01-18,-0.006621422233725306,0.0,-0.006621422233725306,0.6,2,1.1815205106142797,1.1809310908380912
2008-01-22,-0.0010048454233861463,0.0,-0.0010048454233861463,0.6,2,1.180333265136552,1.1797444376361281
2008-01-23,0.013532851479843157,0.0,0.013532851479843157,0.6,2,1.1963065399103632,1.195709743894829
2008-01-24,0.0014100165976818953,0.0,0.0014100165976818953,0.6,2,1.197993351987552,1.1973957144797305
2008-01-25,-0.004757826342179449,0.0,-0.004757826342179449,0.6,2,1.1922935076597099,1.191698713607366
2008-01-28,0.008442365691616514,0.0,0.008442365691616514,0.6,2,1.2023592854631133,1.2017594699418686
2008-01-29,0.0013740227427026632,0.0,0.0013740227427026632,0.6,2,1.2040113544662392,1.203410714784827
2008-01-30,-0.004599860210025319,0.0,-0.004599860210025319,0.6,2,1.1984730705444113,1.1978751937215701
2008-01-31,0.01320640923954273,0.0,0.01320640923954273,0.6,2,1.2143005963765923,1.2136948237477538
2008-02-01,0.010924136470190016,0.0,0.010924136470190016,0.6,2,1.2275657818072432,1.2269533916355375
2008-02-04,-0.009804244271280328,0.0,-0.009804244271280328,0.6,2,1.2155304270233398,1.2149240408744668
2008-02-05,-0.013356213441893883,0.0,-0.013356213441893883,0.6,2,1.1992955431948997,1.1986972560688594
2008-02-06,-0.005517323030865451,0.0,-0.005517323030865451,0.6,2,1.1926786422736162,1.1920836560909154
2008-02-07,-0.0004312240786531925,0.0,-0.0004312240786531925,0.6,2,1.1921643305249725,1.1915696009146401
2008-02-08,-0.00048456784551253974,0.0,-0.00048456784551253974,0.6,2,1.1915866460238331,1.1909922046003467
2008-02-11,0.00395735514336355,0.0,0.00395735514336355,0.6,2,1.196302177566239,1.1957053837269278
2008-02-12,0.004717554810111535,0.0,0.004717554810111535,0.6,2,1.2019457986583635,1.201346189411405
2008-02-13,0.004426416772174146,0.0,0.004426416772174146,0.6,2,1.207266111700789,1.2066638483334031
2008-02-14,-0.007445212053169881,0.0,-0.007445212053169881,0.6,2,1.1982777594945708,1.197679980105667
2008-02-15,0.0007369114990871672,0.0,0.0007369114990871672,0.6,2,1.1991607841546428,1.1985625642552333
2008-02-19,-0.0011322636907485023,0.0,-0.0011322636907485023,0.6,2,1.197803017939375,1.1972054753826367
2008-02-20,0.0015064302568513982,0.0,0.0015064302568513982,0.6,2,1.199607424647347,1.1990089819344214
2008-02-21,-0.0008278670882096769,0.0,-0.0008278670882096769,0.6,2,1.1986143091417094,1.19801636185981
2008-02-22,0.002569069489147413,0.0,0.002569069489147413,0.6,2,1.2016936325925809,1.2010941491425635
2008-02-25,0.004912441000957956,0.0,0.004912441000957956,0.6,2,1.2075968816639189,1.2069944532868222
2008-02-26,0.005525903134964749,0.0,0.005525903134964749,0.6,2,1.2142699450580792,1.213664187720125
2008-02-27,0.0003649833670437805,0.0,0.0003649833670437805,0.6,2,1.2147131333911265,1.2141071549618196
2008-02-28,-0.0011957958844108767,0.0,-0.0011957958844108767,0.6,2,1.2132605844254776,1.2126553306226826
2008-02-29,-0.009178548679003029,0.0,-0.009178548679003029,0.6,2,1.2021246130910126,1.2015249146397098
2008-03-03,-0.0024440395307604003,0.0,-0.0024440395307604003,0.6,2,1.199186573015718,1.1985883402511368
2008-03-04,-0.0037639301940486595,0.0,-0.0037639301940486595,0.6,2,1.1946729184652465,1.1940769374070308
2008-03-05,0.002054414593944908,0.0,0.002054414593944908,0.6,2,1.1971272719439323,1.196530066493533
2008-03-06,-0.009263012002730164,0.0,-0.009263012002730164,0.6,2,1.18603826765512,1.185446594125976
2008-03-07,-0.004803109762210855,0.0,-0.004803109762210855,0.6,2,1.18034159567339,1.17975276401715
2008-03-10,-0.005033820620501994,0.0,-0.005033820620501994,0.6,2,1.1743999678098531,1.1738141002265463
2008-03-11,0.017027858666915252,0.0,0.017027858666915252,0.6,2,1.194397484480149,1.1938016408264363
2008-03-12,-0.001001868500989622,0.0,-0.001001868500989622,0.6,2,1.193200855262787,1.1926056085660626
2008-03-13,-0.000646785489458246,0.0,-0.000646785489458246,0.6,2,1.1924291102635938,1.1918342485637954
2008-03-14,-0.005043462916681984,0.0,-0.005043462916681984,0.6,2,1.1864151382652073,1.1858232767283323
2008-03-17,-0.0038643238672402044,0.0,-0.0038643238672402044,0.6,2,1.181830445929954,1.181240871537742
2008-03-18,0.0219391828828158,0.0,0.0219391828828158,0.6,2,1.2077588402196908,1.2071563310470652
2008-03-19,-0.011340991126117238,0.0,-0.011340991126117238,0.6,2,1.1940616579302696,1.1934659818088242
2008-03-20,0.011952600013268897,0.0,0.011952600013268897,0.6,2,1.2083337993186907,1.2077310033188282
2008-03-24,0.004856554340740393,0.0,0.004856554340740393,0.6,2,1.214202138076835,1.213596414565443
2008-03-25,0.001986800278007084,0.0,0.001986800278007084,0.6,2,1.216614515222323,1.21600758825929
2008-03-26,-0.007048648994884088,0.0,-0.007048648994884088,0.6,2,1.2080390265424397,1.2074363775945347
2008-03-27,-0.002370210463530165,0.0,-0.002370210463530165,0.6,2,1.205175719801376,1.2045744992583132
2008-03-28,-0.004150558628637025,0.0,-0.004150558628637025,0.6,2,1.2001735673185305,1.1995748421765804
2008-03-31,0.002807534138742995,0.0,0.002807534138742995,0.6,2,1.2035430955811943,1.2029426894979685
2008-04-01,0.017438486194828684,0.0,0.017438486194828684,0.6,2,1.2245310652383683,1.2239201889819489
2008-04-02,-0.0009254278460910648,0.0,-0.0009254278460910648,0.6,2,1.2233978500921932,1.222787539157672
2008-04-03,0.0015232561296858458,0.0,0.0015232561296858458,0.6,2,1.2252613983663905,1.2246501577719973
2008-04-04,0.0023960286772420677,0.0,0.0023960286772420677,0.6,2,1.228197159813994,1.227584454669608
2008-04-07,-0.0023059170749916364,0.0,-0.0023059170749916364,0.6,2,1.2253650390117228,1.224753746714591
2008-04-08,-0.0005500497490571025,0.0,-0.0005500497490571025,0.6,2,1.224691027279511,1.2240800712235538
2008-04-09,-0.0019597606738501745,0.0,-0.0019597606738501745,0.6,2,1.2222909259666315,1.221681167238326
2008-04-10,-0.0007366887709171709,0.0,-0.0007366887709171709,0.6,2,1.221390477966678,1.2207811684407808
2008-04-11,-0.009978051177825886,0.0,-0.009978051177825886,0.6,2,1.2092033812694172,1.2086001514651525
2008-04-14,-0.003037760866720318,0.0,-0.003037760866720318,0.6,2,1.205530110557891,1.2049287132215194
2008-04-15,-0.0004029363510872127,0.0,-0.0004029363510872127,0.6,2,1.2050443586540172,1.2044432036424937
2008-04-16,0.013452003067707084,0.0,0.013452003067707084,0.6,2,1.221254619063354,1.2206453773127715
2008-04-17,-3.152954262690714e-05,0.0,-3.152954262690714e-05,0.6,2,1.221216113463784,1.2206068909223151
2008-04-18,0.005898876392716111,0.0,0.005898876392716111,0.6,2,1.2284199163659,1.2278071000959634
2008-04-21,0.0003506606866325642,0.0,0.0003506606866325642,0.6,2,1.228850674937246,1.2282376437767355
2008-04-22,-0.0023304305351115936,0.0,-0.0023304305351115936,0.6,2,1.2259869238012797,1.2253753212673046
2008-04-23,-0.001357656153917297,0.0,-0.001357656153917297,0.6,2,1.2243224551095588,1.2237116829215278
2008-04-24,-0.0005237683625572756,0.0,-0.0005237683625572756,0.6,2,1.223681193742004,1.2230707414571218
2008-04-25,0.005004806404188766,0.0,0.005004806404188766,0.6,2,1.2298054812171293,1.2291919737367423
2008-04-28,0.0008549007016784849,0.0,0.0008549007016784849,0.6,2,1.2308568427859499,1.2302428108175874
2008-04-29,-0.0016449896389655323,0.0,-0.0016449896389655323,0.6,2,1.2288320960325172,1.2282190741403807
2008-04-30,-0.0022706081049027596,0.0,-0.0022706081049027596,0.6,2,1.226041899915701,1.2254302699560413
2008-05-01,0.012364672445455938,0.0,0.012364672445455938,0.6,2,1.2412015064125632,1.2405823138487946
2008-05-02,-0.0015552584436884457,0.0,-0.0015552584436884457,0.6,2,1.2392711172893962,1.2386528877300906
2008-05-05,-0.0022956058411519376,0.0,-0.0022956058411519376,0.6,2,1.2364262392737757,1.2358094289258577
2008-05-06,0.00398346166869239,0.0,0.00398346166869239,0.6,2,1.2413514958040883,1.2407322284157924
2008-05-07,-0.00910476254818402,0.0,-0.00910476254818402,0.6,2,1.230049285195959,1.2294356560901873
2008-05-08,0.0010325931691922865,0.0,0.0010325931691922865,0.6,2,1.2313194256856224,1.2307051629506276
2008-05-09,-0.0006649677584451119,0.0,-0.0006649677584451119,0.6,2,1.230500637967194,1.2298867836971135
2008-05-12,0.006051417213165289,0.0,0.006051417213165289,0.6,2,1.2379469107085999,1.2373293417502227
2008-05-13,-0.003247242945255047,0.0,-0.003247242945255047,0.6,2,1.2339269963362012,1.2333114327742671
2008-05-14,0.0011115389514184887,0.0,0.0011115389514184887,0.6,2,1.2352985542558357,1.2346823064710255
2008-05-15,0.009716024180373673,0.0,0.009716024180373673,0.6,2,1.2473007448789661,1.2466785096157775
2008-05-16,-0.00012746482944476774,0.0,-0.00012746482944476774,0.6,2,1.2471417579022537,1.246519601952177
2008-05-19,0.0025430228485523896,0.0,0.0025430228485523896,0.6,2,1.250313267887983,1.2496895297811097
2008-05-20,-0.0036566101282143213,0.0,-0.0036566101282143213,0.6,2,1.245741359729183,1.2451199023893889
2008-05-21,-0.011097349509572285,0.0,-0.011097349509572285,0.6,2,1.2319169324617385,1.2313023716512492
2008-05-22,-0.0025331583228514146,0.0,-0.0025331583228514146,0.6,2,1.2287962918312114,1.2281832878005543
2008-05-23,-0.006294639850906902,0.0,-0.006294639850906902,0.6,2,1.221061461724004,1.220452316332947
2008-05-27,0.0024996344416524873,0.0,0.0024996344416524873,0.6,2,1.2241136690091041,1.2235030009772476
2008-05-28,-0.00023564606320944956,0.0,-0.00023564606320944956,0.6,2,1.2238252114420811,1.2232146873117424
2008-05-29,0.0011417738448233237,0.0,0.0011417738448233237,0.6,2,1.2252225430591412,1.2246113218483188
2008-05-30,0.0028356879108857535,0.0,0.0028356879108857535,0.6,2,1.2286968918126386,1.2280839373692178
2008-06-02,-0.0038373818861114017,0.0,-0.0038373818861114017,0.6,2,1.2239819126164755,1.2233713103133328
2008-06-03,-0.0013765559894413524,0.0,-0.0013765559894413524,0.6,2,1.2222970329836955,1.2216872712088103
2008-06-04,-0.0017492918318599228,0.0,-0.0017492918318599228,0.6,2,1.2201588787677906,1.2195501836441975
2008-06-05,0.009857951455065492,0.0,0.009857951455065492,0.6,2,1.2321871457621505,1.2315724501515781
2008-06-06,-0.01577907452379641,0.0,-0.01577907452379641,0.6,2,1.2127443729619054,1.2121393766791817
2008-06-09,-0.001412150892106001,0.0,-0.001412150892106001,0.6,2,1.2110317949137308,1.2104276529770475
2008-06-10,-0.005363331381592307,0.0,-0.005363331381592307,0.6,2,1.204536630083964,1.2039357283606886
2008-06-11,-0.008410061138560044,0.0,-0.008410061138560044,0.6,2,1.1944064033813226,1.1938105552782785
2008-06-12,-0.001217849328330734,0.0,-0.001217849328330734,0.6,2,1.1929517963452108,1.1923566738953788
2008-06-13,0.0066343825281998114,0.0,0.0066343825281998114,0.6,2,1.200866294899868,1.2002672241800527
2008-06-16,0.0004140418875953067,0.0,0.0004140418875953067,0.6,2,1.201363503847358,1.200764185087171
2008-06-17,-0.0015175657296195195,0.0,-0.0015175657296195195,0.6,2,1.1995403557651036,1.1989419465105284
2008-06-18,-0.003677370079646458,0.0,-0.003677370079646458,0.6,2,1.1951292019514845,1.1945329932691975
2008-06-19,-0.0015491990250121603,0.0,-0.0015491990250121603,0.6,2,1.1932777089570576,1.19268242392068
2008-06-20,-0.007919962435166527,0.0,-0.007919962435166527,0.6,2,1.183826994327396,1.1832364239261448
2008-06-23,-0.0007653404428355597,0.0,-0.0007653404428355597,0.6,2,1.1829209636513167,1.182330845237478
2008-06-24,0.0009379700282076797,0.0,0.0009379700282076797,0.6,2,1.1840305080609603,1.1834398361337362
2008-06-25,0.0027877402596424793,0.0,0.0027877402596424793,0.6,2,1.187331277576927,1.186738959009791
2008-06-26,-0.014145026915664636,0.0,-0.014145026915664636,0.6,2,1.1705364446977908,1.1699525044927297
2008-06-27,-0.0013104920414205741,0.0,-0.0013104920414205741,0.6,2,1.1690024660028218,1.168419291046752
2008-06-30,0.0023897843287483678,0.0,0.0023897843287483678,0.6,2,1.1717961297763435,1.1712115611579028
2008-07-01,0.0008987590968592583,0.0,0.0008987590968592583,0.6,2,1.1728492922076443,1.1722641982028401
2008-07-02,-0.009282993553502372,0.0,-0.009282993553502372,0.6,2,1.1619617397888509,1.1613820772079215
2008-07-03,0.0007832656284265434,0.0,0.0007832656284265434,0.6,2,1.1628718644811742,1.162291747870469
2008-07-07,-0.004226879715564036,0.0,-0.004226879715564036,0.6,2,1.1579565449853986,1.157378880457828
2008-07-08,0.011654967280264272,0.0,0.011654967280264272,0.6,2,1.1714524906291715,1.170868093440433
2008-07-09,-0.009625586121175478,0.0,-0.009625586121175478,0.6,2,1.1601765737937548,1.1595978017704855
2008-07-10,0.0025992681619747106,0.0,0.0025992681619747106,0.6,2,1.1631921838242858,1.1626119074173233
2008-07-11,-0.010736590142768798,0.0,-0.010736590142768798,0.6,2,1.1507034660892923,1.150129419872281
2008-07-14,-0.0031508621087158453,0.0,-0.0031508621087158453,0.6,2,1.1470777581396236,1.146505520663086
2008-07-15,-0.0070420552959864924,0.0,-0.0070420552959864924,0.6,2,1.1389999731380083,1.138431765389423
2008-07-16,0.011023266383878428,0.0,0.011023266383878428,0.6,2,1.151555473253139,1.1509810019991795
2008-07-17,0.004087820453507929,0.0,0.004087820453507929,0.6,2,1.1562628252700522,1.155686005680751
2008-07-18,0.0023741374585199092,0.0,0.0023741374585199092,0.6,2,1.15900795215542,1.158429763117125
2008-07-21,0.0012604645182025863,0.0,0.0012604645182025863,0.6,2,1.1604688405554264,1.159889922730364
2008-07-22,0.00551318977882982,0.0,0.00551318977882982,0.6,2,1.1668667255058272,1.166284615996929
2008-07-23,0.0026008661778057275,0.0,0.0026008661778057275,0.6,2,1.1699015897062022,1.1693179662083704
2008-07-24,-0.008989171136943664,0.0,-0.008989171136943664,0.6,2,1.1593851441029508,1.1588067668966204
2008-07-25,-0.002466600933415642,0.0,-0.002466600933415642,0.6,2,1.1565254036243182,1.155948453043745
2008-07-28,-0.006506252955414025,0.0,-0.006506252955414025,0.6,2,1.149000756798976,1.1484275600048228
2008-07-29,0.01164015480748155,0.0,0.01164015480748155,0.6,2,1.1623753034820294,1.1617954345884574
2008-07-30,0.011427534893950542,0.0,0.011427534893950542,0.6,2,1.1756583878224367,1.1750718924568493
2008-07-31,-0.004769853470436147,0.0,-0.004769853470436147,0.6,2,1.1700506695812345,1.169466971712602
2008-08-01,-0.0029536385268573487,0.0,-0.0029536385268573487,0.6,2,1.166594762845184,1.1660127890090646
2008-08-04,-0.005840696434393066,0.0,-0.005840696434393066,0.6,2,1.1597810369734525,1.1592024622698425
2008-08-05,0.014038561657158374,0.0,0.014038561657158374,0.6,2,1.1760626945698074,1.1754759975095475
2008-08-06,0.0028128841178834737,0.0,0.0028128841178834737,0.6,2,1.179370822644998,1.1787824752738951
2008-08-07,-0.005233125127771453,0.0,-0.005233125127771453,0.6,2,1.173199027558054,1.1726137590823626
2008-08-08,0.011013215234277717,0.0,0.011013215234277717,0.6,2,1.186119720961196,1.1855280067978122
2008-08-11,0.0042622223094785465,0.0,0.0042622223094785465,0.6,2,1.1911752268975893,1.1905809907168976
2008-08-12,-0.003487299558923084,0.0,-0.003487299558923084,0.6,2,1.1870212420542292,1.1864290781531084
2008-08-13,-0.004478277030728561,0.0,-0.004478277030728561,0.6,2,1.1817054320909508,1.1811159200638268
2008-08-14,0.005793901854261362,0.0,0.005793901854261362,0.6,2,1.1885521173851334,1.1879591897831823
2008-08-15,0.004402897022005891,0.0,0.004402897022005891,0.6,2,1.1937851899632672,1.193189651762143
2008-08-18,-0.007196618781954833,0.0,-0.007196618781954833,0.6,2,1.185193973043558,1.1846027207038374
2008-08-19,-0.0071395559099968415,0.0,-0.0071395559099968415,0.6,2,1.1767322144088221,1.1761451833482381
2008-08-20,0.003951340176953755,0.0,0.003951340176953755,0.6,2,1.1813818836851315,1.1807925330651328
2008-08-21,0.0002166139850498408,0.0,0.0002166139850498408,0.6,2,1.1816377875228223,1.1810483092412372
2008-08-22,0.0074871736110843756,0.0,0.0074871736110843756,0.6,2,1.1904849147834233,1.1898910229756041
2008-08-25,-0.009572323292262408,0.0,-0.009572323292262408,0.6,2,1.179089208304555,1.1785010014211208
2008-08-26,0.001882465045248205,0.0,0.001882465045248205,0.6,2,1.1813088025244178,1.1807194883620862
2008-08-27,0.006424761817113645,0.0,0.006424761817113645,0.6,2,1.188898430213097,1.1883053298476367
2008-08-28,0.00667677826876356,0.0,0.00667677826876356,0.6,2,1.1968364414157109,1.1962393810506193
2008-08-29,-0.0069582068791835365,0.0,-0.0069582068791835365,0.6,2,1.1885086058557945,1.1879156999602427
2008-09-02,-0.0014515864820241683,0.0,-0.0014515864820241683,0.6,2,1.186783382829765,1.1861913375883961
2008-09-03,0.0004665467208444518,0.0,0.0004665467208444518,0.6,2,1.187337072725377,1.186744751267242
2008-09-04,-0.01616035567969456,0.0,-0.01616035567969456,0.6,2,1.1681492833184475,1.1675665339857528
2008-09-05,0.001037333885803471,0.0,0.001037333885803471,0.6,2,1.1693610441537106,1.1687776903153864
2008-09-08,0.012600496650788415,0.0,0.012600496650788415,0.6,2,1.184095574074132,1.1835048696877217
2008-09-09,-0.01597089792081312,0.0,-0.01597089792081312,0.6,2,1.1651845045321074,1.164603234225154
2008-09-10,0.0014301521213053946,0.0,0.0014301521213053946,0.6,2,1.1668508956229762,1.16626879401106
2008-09-11,0.008192493614344286,0.0,0.008192493614344286,0.6,2,1.1764103141342592,1.1758234436586046
2008-09-12,0.000861250137661829,0.0,0.000861250137661829,0.6,2,1.1774234976792544,1.1768361217613217
2008-09-15,-0.021167480361888223,0.0,-0.021167480361888223,0.6,2,1.152500408914503,1.1519254662647782
2008-09-16,0.009601719464063074,0.0,0.009601719464063074,0.6,2,1.1635663945231178,1.1629859314353626
2008-09-17,-0.023688910186562002,0.0,-0.023688910186562002,0.6,2,1.136002774707158,1.135436062157355
2008-09-18,0.012961453922383548,0.0,0.012961453922383548,0.6,2,1.1507270223272246,1.15015296435882
2008-09-19,0.017455022569020068,0.0,0.017455022569020068,0.6,2,1.1708129884727274,1.1702289103095285
2008-09-22,-0.014384716523718487,0.0,-0.014384716523718487,0.6,2,1.1539711755312594,1.1533954991668658
2008-09-23,-0.013693422528103504,0.0,-0.013693422528103504,0.6,2,1.1381693606394576,1.137601567254761
2008-09-24,0.0029722031873130605,0.0,0.0029722031873130605,0.6,2,1.1415522312408521,1.1409827502588479
2008-09-25,0.008145407081560217,0.0,0.008145407081560217,0.6,2,1.1508506388691724,1.1502765192327444
2008-09-26,0.00019574701299964782,0.0,0.00019574701299964782,0.6,2,1.1510759144441398,1.1505016824255079
2008-09-29,-0.04201076085339783,0.0,-0.04201076085339783,0.6,2,1.1027183394783209,1.102168231383698
2008-09-30,0.019312385564143185,0.0,0.019312385564143185,0.6,2,1.124014461218978,1.12345372922473
2008-10-01,0.003204233985568927,0.0,0.003204233985568927,0.6,2,1.1276160665558868,1.127053537845126
2008-10-02,-0.019681973893179848,0.0,-0.019681973893179848,0.6,2,1.1054223565724037,1.1048708995370424
2008-10-03,-0.006465293881927314,0.0,-0.006465293881927314,0.6,2,1.0982754761735105,1.0977275844699461
2008-10-06,-0.02771985912081156,0.0,-0.02771985912081156,0.6,2,1.0678314346981386,1.0672987304754105
2008-10-07,-0.02639934350337307,0.0,-0.02639934350337307,0.6,2,1.0396413858498428,1.0391227446688762
2008-10-08,-0.020207628420966572,0.0,-0.020207628420966572,0.6,2,1.0186326990335304,1.0181245383608326
2008-10-09,-0.04472842802883381,0.0,-0.04472842802883381,0.6,2,0.9730708596669924,0.9725854282223705
2008-10-10,-0.01872986530274918,0.0,-0.01872986530274918,0.6,2,0.9548453735353992,0.9543690341563488
2008-10-13,0.0814753485980968,0.0,0.0814753485980968,0.6,2,1.032641733201476,1.0321265839054663
2008-10-14,-0.009845138575194888,0.0,-0.009845138575194888,0.6,2,1.022475232239578,1.0219651546597746
2008-10-15,-0.05688735552833543,0.0,-0.05688735552833543,0.6,2,0.9643093201842478,0.9638282595690736
2008-10-16,0.024860000830477257,0.0,0.024860000830477257,0.6,2,0.9882820506848652,0.9877890309023983
2008-10-17,-0.0009156171600693593,0.0,-0.0009156171600693593,0.6,2,0.9873771626802695,0.9868845943151758
2008-10-20,0.03596991846089548,0.0,0.03596991846089548,0.6,2,1.0228930387120292,1.0223827527030067
2008-10-21,-0.013826513241440285,0.0,-0.013826513241440285,0.6,2,1.0087499945677003,1.0082467640349384
2008-10-22,-0.03007684782089808,0.0,-0.03007684782089808,0.6,2,0.9784099744917558,0.9779218795471467
2008-10-23,0.007524235497923559,0.0,0.007524235497923559,0.6,2,0.9857717615533491,0.9852799940674314
2008-10-24,-0.03032072236374379,0.0,-0.03032072236374379,0.6,2,0.9558824496572713,0.9554055929167616
2008-10-27,-0.021697527449149212,0.0,-0.021697527449149212,0.6,2,0.9351421639676727,0.9346756538393796
2008-10-28,0.0651031179326151,0.0,0.0651031179326151,0.6,2,0.996022834552221,0.9955259531600289
2008-10-29,-0.0037648285647621685,0.0,-0.0037648285647621685,0.6,2,0.9922729793335434,0.99177796861461
2008-10-30,0.01759700348275097,0.0,0.01759700348275097,0.6,2,1.0097340104067156,1.009230288982437
2008-10-31,0.0026346829154961096,0.0,0.0026346829154961096,0.6,2,1.0123943393531296,1.0118892907826202
2008-11-03,0.0023758697438207577,0.0,0.0023758697438207577,0.6,2,1.0147996564328141,1.0142934079326869
2008-11-04,0.02501180173459723,0.0,0.02501180173459723,0.6,2,1.0401816242398492,1.0396627135526082
2008-11-05,-0.023318149224030527,0.0,-0.023318149224030527,0.6,2,1.0159265139057299,1.015419703255328
2008-11-06,-0.03486486114340139,0.0,-0.03486486114340139,0.6,2,0.9805063770665068,0.9800172362990572
2008-11-07,0.018244186436408592,0.0,0.018244186436408592,0.6,2,0.9983949182117957,0.9978968534689913
2008-11-10,-0.007221041429760322,0.0,-0.007221041429760322,0.6,2,0.9911854671441261,0.9906909989474643
2008-11-11,-0.017169566610267584,0.0,-0.017169566610267584,0.6,2,0.9741672422428659,0.9736812638508432
2008-11-12,-0.024216099659166178,0.0,-0.024216099659166178,0.6,2,0.9505767112200176,0.9501025013291683
2008-11-13,0.03437300169099231,0.0,0.03437300169099231,0.6,2,0.9832508861222011,0.9827603762139717
2008-11-14,-0.02635326793014343,0.0,-0.02635326793014343,0.6,2,0.9573390120776718,0.9568614287084763
2008-11-17,-0.00629181332002986,0.0,-0.00629181332002986,0.6,2,0.9513156137296973,0.9508410352259056
2008-11-18,0.014451068866451644,0.0,0.014451068866451644,0.6,2,0.9650631411774359,0.9645817045070033
2008-11-19,-0.034560741720642274,0.0,-0.034560741720642274,0.6,2,0.9317098432110907,0.9312450453490799
2008-11-20,-0.03711312133349938,0.0,-0.03711312133349938,0.6,2,0.8971311827523818,0.8966836349898194
2008-11-21,0.02827876407056759,0.0,0.02827876407056759,0.6,2,0.9225009438097855,0.9220407399496354
2008-11-24,0.037131800637768726,0.0,0.037131800637768726,0.6,2,0.9567550649434841,0.9562777728853461
2008-11-25,0.01159296027618937,0.0,0.01159296027618937,0.6,2,0.9678466884054168,0.9673638631194087
2008-11-26,0.026146354450640952,0.0,0.026146354450640952,0.6,2,0.993152350974344,0.9926569015672702
2008-11-28,0.00839878744614242,0.0,0.00839878744614242,0.6,2,1.0014936264718142,1.00099401589048
2008-12-01,-0.0488047794086117,0.0,-0.0488047794086117,0.6,2,0.9526159509527267,0.9521407237556048
2008-12-02,0.024976178822421202,0.0,0.024976178822421202,0.6,2,0.9764086572928128,0.9759215607362343
2008-12-03,0.015669794534251637,0.0,0.015669794534251637,0.6,2,0.9917087803340557,0.9912140510745172
2008-12-04,-0.011458840085258947,0.0,-0.011458840085258947,0.6,2,0.9803449480090606,0.9798558877729926
2008-12-05,0.01485857331983573,0.0,0.01485857331983573,0.6,2,0.9949114752977837,0.9944151483243403
2008-12-08,0.019320289107377816,0.0,0.019320289107377816,0.6,2,1.0141334526367847,1.0136275364827225
2008-12-09,-0.006531305827194544,0.0,-0.006531305827194544,0.6,2,1.007509836908025,1.007007225047088
2008-12-10,0.0037362572545445397,0.0,0.0037362572545445397,0.6,2,1.0112741528451976,1.010769663097049
2008-12-11,-0.012100527985583608,0.0,-0.012100527985583608,0.6,2,0.999037201657597,0.9985388165017643
2008-12-12,0.008939161259755204,0.0,0.008939161259755204,0.6,2,1.0079677563077087,1.0074649160065987
2008-12-15,-0.007489379785339923,0.0,-0.007489379785339923,0.6,2,1.0004187029693434,0.9999196286302197
2008-12-16,0.03459130960963068,0.0,0.03459130960963068,0.6,2,1.035024496063021,1.0345081580889144
2008-12-17,-0.003049015718388626,0.0,-0.003049015718388626,0.6,2,1.0318686901056076,1.0313539264541
2008-12-18,-0.008442732206755642,0.0,-0.008442732206755642,0.6,2,1.0231568990825102,1.0226464814426621
2008-12-19,-0.003864937939823721,0.0,-0.003864937939823721,0.6,2,1.0192024611648538,1.018694016257507
2008-12-22,-0.00868638970828577,0.0,-0.00868638970828577,0.6,2,1.010349271395532,1.0098452430387956
2008-12-23,-0.006353159938873154,0.0,-0.006353159938873154,0.6,2,1.0039303608802321,1.0034295346962598
2008-12-24,0.003073702488139096,0.0,0.003073702488139096,0.6,2,1.007016144128388,1.006513778553728
2008-12-26,0.005602561796504691,0.0,0.005602561796504691,0.6,2,1.0126580143059452,1.0121528341971087
2008-12-29,-0.0008366151069558515,0.0,-0.0008366151069558515,0.6,2,1.011810809312997,1.011306051845471
2008-12-30,0.014720031529935928,0.0,0.014720031529935928,0.6,2,1.026704696328414,1.0261925088150514
2008-12-31,0.004129374935555497,0.0,0.004129374935555497,0.6,2,1.0309443449676499,1.0304300424400072
2009-01-02,0.01234100058429308,0.0,0.01234100058429308,0.6,2,1.0436672297312692,1.0431465801958324
2009-01-05,-0.0014007874717309353,0.0,-0.0014007874717309353,0.6,2,1.0422052737512055,1.0416853535351152
2009-01-06,0.003789590385090147,0.0,0.003789590385090147,0.6,2,1.0461548048359033,1.045632914335161
2009-01-07,-0.018026658685621186,0.0,-0.018026658685621186,0.6,2,1.027296129236804,1.0267836466779898
2009-01-08,0.0035542310926004687,0.0,0.0035542310926004687,0.6,2,1.0309473770806454,1.0304330730403863
2009-01-09,-0.010976909071841545,0.0,-0.010976909071841545,0.6,2,1.0196307614645777,1.0191221028930038
2009-01-12,-0.011939976743489433,0.0,-0.011939976743489433,0.6,2,1.0074563938857442,1.0069538086856853
2009-01-13,0.0013989692664334807,0.0,0.0013989692664334807,0.6,2,1.0088657944180623,1.0083625061167547
2009-01-14,-0.01678514482880413,0.0,-0.01678514482880413,0.6,2,0.9919318359459287,0.9914369954116491
2009-01-15,-0.00010281982686082252,0.0,-0.00010281982686082252,0.6,2,0.9918298456862991,0.9913350560314375
2009-01-16,0.00111870294515104,0.0,0.00111870294515104,0.6,2,0.9929394086557569,0.9924440654782511
2009-01-20,-0.032499098121596924,0.0,-0.032499098121596924,0.6,2,0.9606697733850531,0.9601905284140769
2009-01-21,0.022083936826280137,0.0,0.022083936826280137,0.6,2,0.9818851439714055,0.981395315384766
2009-01-22,-0.011879551405084387,0.0,-0.011879551405084387,0.6,2,0.9702207889297085,0.9697367792869437
2009-01-23,0.0030653222144864743,0.0,0.0030653222144864743,0.6,2,0.9731948282669715,0.9727093349786966
2009-01-26,0.0031159212009756574,0.0,0.0031159212009756574,0.6,2,0.9762272266650485,0.9757402206179437
2009-01-27,0.008706492710986157,0.0,0.008706492710986157,0.6,2,0.9847267418982739,0.9842354957365699
2009-01-28,0.017586045438410157,0.0,0.017586045438410157,0.6,2,1.0020441911257147,1.0015443058866895
2009-01-29,-0.024882817676114707,0.0,-0.024882817676114707,0.6,2,0.9771105082145238,0.9766230615287602
2009-01-30,-0.012293863200566798,0.0,-0.012293863200566798,0.6,2,0.9650980452946982,0.9646165912118069
2009-02-02,0.0015403441669994853,0.0,0.0015403441669994853,0.6,2,0.9665846284393504,0.9661024327514709
2009-02-03,0.004946542591255066,0.0,0.004946542591255066,0.6,2,0.9713658804719782,0.9708812995825913
2009-02-04,-0.004927982298193401,0.0,-0.004927982298193401,0.6,2,0.9665790066079434,0.9660968137246013
2009-02-05,0.009967106869616306,0.0,0.009967106869616306,0.6,2,0.9762130028647323,0.9757260039133903
2009-02-06,0.01462167679825601,0.0,0.01462167679825601,0.6,2,0.9904868738788755,0.9899927541862659
2009-02-09,1.5156609388377977e-05,0.0,1.5156609388377977e-05,0.6,2,0.9905018863015272,0.9900077591197385
2009-02-10,-0.022356476381888712,0.0,-0.022356476381888712,0.6,2,0.9683577542742109,0.9678746740350914
2009-02-11,0.006614017300538855,0.0,0.006614017300538855,0.6,2,0.9747624892140915,0.9742762138739129
2009-02-12,0.0004941095237253265,0.0,0.0004941095237253265,0.6,2,0.9752441286433825,0.9747576130299271
2009-02-13,-0.009615730831466251,0.0,-0.009615730831466251,0.6,2,0.9658664436073798,0.9653846061971088
2009-02-17,-0.019186351386011543,0.0,-0.019186351386011543,0.6,2,0.9473349906283713,0.9468623979199646
2009-02-18,-0.0043101624169464845,0.0,-0.0043101624169464845,0.6,2,0.9432518229555066,0.9427812671984301
2009-02-19,-0.008532027197558589,0.0,-0.008532027197558589,0.6,2,0.9352039727479035,0.9347374317853443
2009-02-20,-0.004587944919248477,0.0,-0.004587944919248477,0.6,2,0.9309133084326737,0.9304489079343533
2009-02-23,-0.0207772028862768,0.0,-0.0207772028862768,0.6,2,0.9115715337538328,0.9111167821988866
2009-02-24,0.021088582700824123,0.0,0.021088582700824123,0.6,2,0.9307952854311176,0.9303309438103965
2009-02-25,-0.008359054632873675,0.0,-0.008359054632873675,0.6,2,0.9230147167881776,0.9225542566244325
2009-02-26,-0.010567426069300747,0.0,-0.010567426069300747,0.6,2,0.913260827007642,0.9128052327226351
2009-02-27,-0.013760384043054396,0.0,-0.013760384043054396,0.6,2,0.9006940072965394,0.9002446821638621
2009-03-02,-0.023325305375963643,0.0,-0.023325305375963643,0.6,2,0.8796850445260471,0.8792462000393026
2009-03-03,-0.004818233055928545,0.0,-0.004818233055928545,0.6,2,0.8754465169657057,0.8750097869339737
2009-03-04,0.012122430850426545,0.0,0.012122430850426545,0.6,2,0.8860590568308694,0.8856170325695273
2009-03-05,-0.02008539547573944,0.0,-0.02008539547573944,0.6,2,0.8682622102595607,0.8678290642303176
2009-03-06,-0.0008128669209048309,0.0,-0.0008128669209048309,0.6,2,0.867556428630169,0.867123634691005
2009-03-09,-0.006861692440489842,0.0,-0.006861692440489842,0.6,2,0.8616035232421391,0.8611736990018756
2009-03-10,0.03236930194651792,0.0,0.03236930194651792,0.6,2,0.8894930278441475,0.889049290493267
2009-03-11,0.006805352446048362,0.0,0.006805352446048362,0.6,2,0.8955463413969296,0.8950995842569829
2009-03-12,0.024772058670610542,0.0,0.024772058670610542,0.6,2,0.917730867908265,0.917273043674236
2009-03-13,0.004391829923314194,0.0,0.004391829923314194,0.6,2,0.9217613857954935,0.921301550875294
2009-03-16,-0.003994204592927675,0.0,-0.003994204592927675,0.6,2,0.9180796822347658,0.9176216839893165
2009-03-17,0.017545697182655792,0.0,0.017545697182655792,0.6,2,0.9341880303288058,0.9337219961848318
2009-03-18,0.027189144977884848,0.0,0.027189144977884848,0.6,2,0.9595878041220205,0.9591090989081412
2009-03-19,-0.008596779396241594,0.0,-0.008596779396241594,0.6,2,0.9513384394586596,0.9508638495678998
2009-03-20,-0.012699300598482456,0.0,-0.012699300598482456,0.6,2,0.9392571066450829,0.9387885437140069
2009-03-23,0.04103241364313867,0.0,0.04103241364313867,0.6,2,0.9777970927622015,0.9773093035631197
2009-03-24,-0.012458206216259881,0.0,-0.012458206216259881,0.6,2,0.9656154949429105,0.965133782722261
2009-03-25,0.003904499279733197,0.0,0.003904499279733197,0.6,2,0.9693857399474144,0.9689021468817464
2009-03-26,0.01321080562153254,0.0,0.01321080562153254,0.6,2,0.9821921065301452,0.9817021248104867
2009-03-27,-0.011117961162720059,0.0,-0.011117961162720059,0.6,2,0.9712721328354129,0.970787598713484
2009-03-30,-0.019189763152749208,0.0,-0.019189763152749208,0.6,2,0.9526336506494357,0.952158414622546
2009-03-31,0.006267098892099376,0.0,0.006267098892099376,0.6,2,0.9586038999459975,0.9581256855679301
2009-04-01,0.012840489734113225,0.0,0.012840489734113225,0.6,2,0.970912843482335,0.9704284885974553
2009-04-02,0.014865513226499072,0.0,0.014865513226499072,0.6,2,0.9853459611988994,0.9848544061300722
2009-04-03,0.0013655587002422637,0.0,0.0013655587002422637,0.6,2,0.9866915089489632,0.9861992826328352
2009-04-06,-0.005604374979556193,0.0,-0.005604374979556193,0.6,2,0.9811617197436691,0.9806722520483914
2009-04-07,-0.013051781898017678,0.0,-0.013051781898017678,0.6,2,0.9683558109708907,0.9678727317012179
2009-04-08,0.008429304135290083,0.0,0.008429304135290083,0.6,2,0.9765183766127399,0.9760312253209815
2009-04-09,0.021287224517251024,0.0,0.021287224517251024,0.6,2,0.9973057425409169,0.9968082211502369
2009-04-13,0.0025679222272164907,0.0,0.0025679222272164907,0.6,2,0.9998667461245184,0.9993679471376008
2009-04-14,-0.008336755604225088,0.0,-0.008336755604225088,0.6,2,0.9915311014252866,0.9910364608036185
2009-04-15,0.006838489080042631,0.0,0.006838489080042631,0.6,2,0.998311676034906,0.9978136528187481
2009-04-16,0.0071799283738873225,0.0,0.0071799283738873225,0.6,2,1.0054794823636521,1.0049778833764738
2009-04-17,0.0007855421836634232,0.0,0.0007855421836634232,0.6,2,1.0062693289118567,1.0057673358975148
2009-04-20,-0.022629319542010883,0.0,-0.022629319542010883,0.6,2,0.9834981387225855,0.983007505468573
2009-04-21,0.010302521994220949,0.0,0.010302521994220949,0.6,2,0.9936306499280504,0.9931349619141473
2009-04-22,-0.00461803218593706,0.0,-0.00461803218593706,0.6,2,0.9890420316057491,0.9885486326950484
2009-04-23,0.005797047413716383,0.0,0.005797047413716383,0.6,2,0.994775555157126,0.9942792959895461
2009-04-24,0.007469993682071952,0.0,0.007469993682071952,0.6,2,1.0022065222692293,1.001706556048803
2009-04-27,-0.004012761194702508,0.0,-0.004012761194702508,0.6,2,0.9981849068275896,0.9976869468522113
2009-04-28,-0.0037748679192152637,0.0,-0.0037748679192152637,0.6,2,0.9944168906453613,0.9939208104031191
2009-04-29,0.010532835247396432,0.0,0.010532835247396432,0.6,2,1.004890919921757,1.0043896145480538
2009-04-30,-0.000373932053476112,0.0,-0.000373932053476112,0.6,2,1.004515158996551,1.0040140410769958
2009-05-01,0.001939337046842349,0.0,0.001939337046842349,0.6,2,1.0064632524585078,1.0059611627024063
2009-05-04,0.02068033526960948,0.0,0.02068033526960948,0.6,2,1.0272772499558913,1.0267647768152983
2009-05-05,-0.0021324630821400125,0.0,-0.0021324630821400125,0.6,2,1.0250866191452381,1.024575238834698
2009-05-06,0.010536022800168743,0.0,0.010536022800168743,0.6,2,1.0358869551367003,1.0353701869115488
2009-05-07,-0.01155806160996693,0.0,-0.01155806160996693,0.6,2,1.0239141098882691,1.0234033145021022
2009-05-08,0.014395928563421156,0.0,0.014395928563421156,0.6,2,1.0386543042692997,1.038136155509243
2009-05-11,-0.007516267170125147,0.0,-0.007516267170125147,0.6,2,1.0308475010210112,1.030333246805469
2009-05-12,-0.0020129722186971394,0.0,-0.0020129722186971394,0.6,2,1.0287724336397426,1.0282592146036496
2009-05-13,-0.013359003318895477,0.0,-0.013359003318895477,0.6,2,1.0150290592843612,1.0145226963430745
2009-05-14,0.00518256374021302,0.0,0.00518256374021302,0.6,2,1.0202895120822708,1.0197805248827652
2009-05-15,-0.005882097087516858,0.0,-0.005882097087516858,0.6,2,1.0142880701148278,1.013782076827446
2009-05-18,0.014588073166034742,0.0,0.014588073166034742,0.6,2,1.029084578693099,1.0285712039386194
2009-05-19,-0.0012822097259564292,0.0,-0.0012822097259564292,0.6,2,1.027765076437467,1.0272523599370906
2009-05-20,-0.00268248032763494,0.0,-0.00268248032763494,0.6,2,1.0250081168384932,1.0244967756900427
2009-05-21,-0.0129986119318944,0.0,-0.0129986119318944,0.6,2,1.0116844341006677,1.0111797396773707
2009-05-22,-0.003616669735039291,0.0,-0.003616669735039291,0.6,2,1.0080255056264456,1.0075226365161947
2009-05-26,0.012863416219499024,0.0,0.012863416219499024,0.6,2,1.0209921572651894,1.0204828195402693
2009-05-27,-0.01522194746661636,0.0,-0.01522194746661636,0.6,2,1.0054506682834714,1.0049490836706427
2009-05-28,0.010432668927107036,0.0,0.010432668927107036,0.6,2,1.0159402022282114,1.015433384749178
2009-05-29,0.01509461233441738,0.0,0.01509461233441738,0.6,2,1.0312754257357957,1.0307609580433923
2009-06-01,0.007885087627012231,0.0,0.007885087627012231,0.6,2,1.0394071228353068,1.0388885985200675
2009-06-02,0.00185456412480598,0.0,0.00185456412480598,0.6,2,1.041334769996385,1.0408152840445528
2009-06-03,-0.0051709332366700386,0.0,-0.0051709332366700386,0.6,2,1.0359500974237106,1.0354332976990526
2009-06-04,0.0009725786312059889,0.0,0.0009725786312059889,0.6,2,1.0369576403514607,1.036440337998434
2009-06-05,-0.0037944197506060372,0.0,-0.0037944197506060372,0.6,2,1.0330229878003692,1.0325076483096078
2009-06-08,-0.0044878234637529164,0.0,-0.0044878234637529164,0.6,2,1.0283869629971225,1.0278739362590197
2009-06-09,0.004785402868619504,0.0,0.004785402868619504,0.6,2,1.0333082089198997,1.0327927271421726
2009-06-10,-0.003859607491566687,0.0,-0.003859607491566687,0.6,2,1.0293200448156552,1.0288065525952592
2009-06-11,0.005394289380873873,0.0,0.005394289380873873,0.6,2,1.0348724950029249,1.0343562328568972
2009-06-12,0.0037843063130918566,0.0,0.0037843063130918566,0.6,2,1.0387887695190094,1.0382705536788834
2009-06-15,-0.012041279617705358,0.0,-0.012041279617705358,0.6,2,1.0262804234814988,1.0257684476232063
2009-06-16,-0.005865374757551667,0.0,-0.005865374757551667,0.6,2,1.020260904191441,1.0197519312634242
2009-06-17,-0.0016559844729922004,0.0,-0.0016559844729922004,0.6,2,1.018571367975699,1.0180632378989483
2009-06-18,-0.0004880061670893281,0.0,-0.0004880061670893281,0.6,2,1.0180742988665061,1.0175664167603666
2009-06-19,0.0040986761594463674,0.0,0.0040986761594463674,0.6,2,1.0222470557238155,1.0217370919733957
2009-06-22,-0.015957629217672853,0.0,-0.015957629217672853,0.6,2,1.005934416239717,1.005432590301741
2009-06-23,0.0017673062448863022,0.0,0.0017673062448863022,0.6,2,1.0077122104154836,1.0072094975973935
2009-06-24,0.0036597234358312523,0.0,0.0036597234358312523,0.6,2,1.0114001584085146,1.0108956058005425
2009-06-25,0.01812637238757135,0.0,0.01812637238757135,0.6,2,1.0297331743126759,1.0292194759962425
2009-06-26,-0.0010325479342441878,0.0,-0.0010325479342441878,0.6,2,1.0286699254507166,1.0281567575524186
2009-06-29,0.0064455935169275055,0.0,0.0064455935169275055,0.6,2,1.03530031365326,1.0347838380832837
2009-06-30,-0.005904654157134393,0.0,-0.005904654157134393,0.6,2,1.0291872233523647,1.0286737973920097
2009-07-01,0.002229022690968763,0.0,0.002229022690968763,0.6,2,1.0314813050264722,1.0309667346280014
2009-07-02,-0.015162210594280155,0.0,-0.015162210594280155,0.6,2,1.0158417682555978,1.0153349998818744
2009-07-06,0.0002561538257729312,0.0,0.0002561538257729312,0.6,2,1.0161019800109163,1.0155950818265351
2009-07-07,-0.01004648651983706,0.0,-0.01004648651983706,0.6,2,1.005893725165957,1.005391919527352
2009-07-08,0.004222971820275001,0.0,0.004222971820275001,0.6,2,1.0101415860215244,1.0096376612718483
2009-07-09,-0.0011651571587089514,0.0,-0.0011651571587089514,0.6,2,1.0089646123212619,1.0084612747231152
2009-07-10,0.0010663037973964948,0.0,0.0010663037973964948,0.6,2,1.0100404751188188,1.0095366008098798
2009-07-13,0.01311796118446562,0.0,0.01311796118446562,0.6,2,1.0232901468661666,1.0227796627536012
2009-07-14,0.0007323092575898468,0.0,0.0007323092575898468,0.6,2,1.0240395117139172,1.0235286537691104
2009-07-15,0.012231104715417548,0.0,0.012231104715417548,0.6,2,1.0365646462144151,1.0360475399125908
2009-07-16,0.0014382412037003967,0.0,0.0014382412037003967,0.6,2,1.0380554761988998,1.0375376261734854
2009-07-17,0.003870399228858856,0.0,0.003870399228858856,0.6,2,1.0420731653134927,1.0415533110017394
2009-07-20,0.00783060458630458,0.0,0.00783060458630458,0.6,2,1.0502332282210616,1.0497093031357503
2009-07-21,0.0072766239711931965,0.0,0.0072766239711931965,0.6,2,1.0578753805048786,1.0573476430137325
2009-07-22,-0.002470124635929904,0.0,-0.002470124635929904,0.6,2,1.0552622964657499,1.0547358625519818
2009-07-23,0.009363669386211136,0.0,0.009363669386211136,0.6,2,1.065143423725589,1.0646120604586988
2009-07-24,0.0033280341947348633,0.0,0.0033280341947348633,0.6,2,1.0686882574620447,1.0681551258000326
2009-07-27,-8.357899510473814e-05,0.0,-8.357899510473814e-05,0.6,2,1.0685989375714058,1.0680658504680023
2009-07-28,-0.0019932008923359,0.0,-0.0019932008923359,0.6,2,1.0664690052154893,1.065936980661776
2009-07-29,-0.0011914169268829598,0.0,-0.0011914169268829598,0.6,2,1.0651983959906794,1.0646670053000251
2009-07-30,0.007885425157258496,0.0,0.007885425157258496,0.6,2,1.0735979382198957,1.073062357287721
2009-07-31,0.00487452094613885,0.0,0.00487452094613885,0.6,2,1.07883121385748,1.0782930222248333
2009-08-03,0.005598909300555554,0.0,0.005598909300555554,0.6,2,1.0848714919744762,1.084330287055692
2009-08-04,0.00042143700713195235,0.0,0.00042143700713195235,0.6,2,1.0853286969691769,1.0847872639666112
2009-08-05,-0.004003369784486056,0.0,-0.004003369784486056,0.6,2,1.080983724857495,1.080444459411452
2009-08-06,-0.0030804205089233878,0.0,-0.0030804205089233878,0.6,2,1.0776538404216314,1.0771162361399282
2009-08-07,0.005203695076464053,0.0,0.005203695076464053,0.6,2,1.0832616224051659,1.082721220594709
2009-08-10,0.0013330258069533807,0.0,0.0013330258069533807,0.6,2,1.084705638103514,1.0841645159234976
2009-08-11,-0.004730074979887044,0.0,-0.004730074979887044,0.6,2,1.0795748991041783,1.0790363364726465
2009-08-12,0.005336854376987654,0.0,0.005336854376987654,0.6,2,1.0853364331297484,1.0847949962678793
2009-08-13,0.007697017501320503,0.0,0.007697017501320503,0.6,2,1.0936902866503688,1.0931446823394981
2009-08-14,-0.0033691440416921295,0.0,-0.0033691440416921295,0.6,2,1.0900054865376443,1.0894617204462866
2009-08-17,-0.012090511865489484,0.0,-0.012090511865489484,0.6,2,1.0768267622692123,1.0762895705882343
2009-08-18,0.00334851953608486,0.0,0.00334851953608486,0.6,2,1.0804325377196498,1.0798935472418334
2009-08-19,0.006853133512495613,0.0,0.006853133512495613,0.6,2,1.087836886151887,1.0872942019003642
2009-08-20,0.007228310287296492,0.0,0.007228310287296492,0.6,2,1.0957001087069593,1.0951535017652785
2009-08-21,0.007634434345305018,0.0,0.007634434345305018,0.6,2,1.104065159249026,1.1035143792725364
2009-08-24,0.0024362974949511344,0.0,0.0024362974949511344,0.6,2,1.1067549904307674,1.1062028685904006
2009-08-25,0.0022261972147779472,0.0,0.0022261972147779472,0.6,2,1.109218845307906,1.108665494335436
2009-08-26,0.0005903450376451016,0.0,0.0005903450376451016,0.6,2,1.109873667148896,1.1093199895084254
2009-08-27,0.00024471466883078095,0.0,0.00024471466883078095,0.6,2,1.1101452695157963,1.1095914563822853
2009-08-28,0.0008481445707282822,0.0,0.0008481445707282822,0.6,2,1.1110868331988557,1.1105325503517423
2009-08-31,-0.004152422787955867,0.0,-0.004152422787955867,0.6,2,1.106473130913283,1.105921149682895
2009-09-01,-0.012243259728085664,0.0,-0.012243259728085664,0.6,2,1.0929262929893635,1.092381069808544
2009-09-02,-9.253447296495563e-05,0.0,-9.253447296495563e-05,0.6,2,1.0928251596308522,1.0922799869019724
2009-09-03,0.0035454978723906457,0.0,0.0035454978723906457,0.6,2,1.0966997689092184,1.0961526632715881
2009-09-04,0.005992215106400333,0.0,0.005992215106400333,0.6,2,1.103271429831662,1.102721045819365
2009-09-08,0.00425544024190665,0.0,0.00425544024190665,0.6,2,1.1079663354719134,1.107413609333342
2009-09-09,0.004951536456706007,0.0,0.004951536456706007,0.6,2,1.1134524711748055,1.1128970081926086
2009-09-10,0.00910852509136748,0.0,0.00910852509136748,0.6,2,1.1235943809465463,1.1230338585158386
2009-09-11,0.0010677142878096513,0.0,0.0010677142878096513,0.6,2,1.1247940587207856,1.12423293781227
2009-09-14,0.0006382282337047181,0.0,0.0006382282337047181,0.6,2,1.1255119340461646,1.1249504550144427
2009-09-15,0.0016776228443206253,0.0,0.0016776228443206253,0.6,2,1.127400118578276,1.126837697596504
2009-09-16,0.00874950665593075,0.0,0.00874950665593075,0.6,2,1.1372643134196736,1.136696971531778
2009-09-17,0.001078444923803623,0.0,0.001078444923803623,0.6,2,1.1384907903455042,1.1379228366106295
2009-09-18,-0.0017478190041781531,0.0,-0.0017478190041781531,0.6,2,1.1365009145060565,1.1359339534515132
2009-09-21,-0.001754189924459281,0.0,-0.001754189924459281,0.6,2,1.1345072760526913,1.1339413095555173
2009-09-22,0.004549539664140822,0.0,0.004549539664140822,0.6,2,1.1396687619043495,1.139100220520148
2009-09-23,-0.004092915874539504,0.0,-0.004092915874539504,0.6,2,1.1350041935370343,1.1344379791448895
2009-09-24,-0.0055027075815093475,0.0,-0.0055027075815093475,0.6,2,1.128758597356213,1.1281954986762968
2009-09-25,-0.0015924835525276567,0.0,-0.0015924835525276567,0.6,2,1.1269610678551492,1.126398865900619
2009-09-28,0.0114050876610428,0.0,0.0114050876610428,0.6,2,1.1398141576246195,1.1392455437075146
2009-09-29,-0.0019719543025212834,0.0,-0.0019719543025212834,0.6,2,1.137566496192417,1.1369990035559725
2009-09-30,-0.0020017342925377594,0.0,-0.0020017342925377594,0.6,2,1.1352893903269465,1.1347230336599732
2009-10-01,-0.011888501447549892,0.0,-0.011888501447549892,0.6,2,1.1217925007666565,1.1212328772317384
2009-10-02,-0.0029361684630202054,0.0,-0.0029361684630202054,0.6,2,1.1184987290038528,1.1179407486179092
2009-10-05,0.008891372697709121,0.0,0.008891372697709121,0.6,2,1.12844371806534,1.127880776467827
2009-10-06,0.007269221953235226,0.0,0.007269221953235226,0.6,2,1.136646625913691,1.136079592168759
2009-10-07,0.004204739482137332,0.0,0.004204739482137332,0.6,2,1.1414259288589084,1.1408565108848014
2009-10-08,0.0031318903792896704,0.0,0.0031318903792896704,0.6,2,1.1450007497441732,1.1444295484153915
2009-10-09,-0.00019179691363873123,0.0,-0.00019179691363873123,0.6,2,1.1447811421342582,1.1442100503601285
2009-10-12,0.003527561253724265,0.0,0.003527561253724265,0.6,2,1.1488194277352453,1.1482463213999008
2009-10-13,-0.0003132485013933816,0.0,-0.0003132485013933816,0.6,2,1.1484595617711355,1.147886634960492
2009-10-14,0.007559570019783156,0.0,0.007559570019783156,0.6,2,1.157141422243234,1.156564164352249
2009-10-15,0.0009121345780585205,0.0,0.0009121345780585205,0.6,2,1.1581968909461657,1.1576191065182981
2009-10-16,-0.0026440274860023423,0.0,-0.0026440274860023423,0.6,2,1.1551345865323017,1.1545583297823423
2009-10-19,0.005565202781005185,0.0,0.005565202781005185,0.6,2,1.1615631447457064,1.1609836810100795
2009-10-20,-0.0022493152237721636,0.0,-0.0022493152237721636,0.6,2,1.1589504230808572,1.1583722627418325
2009-10-21,-0.006301944637041301,0.0,-0.006301944637041301,0.6,2,1.151646781677526,1.1510722648729492
2009-10-22,0.004928275830321182,0.0,0.004928275830321182,0.6,2,1.1573224146767345,1.1567450664948755
2009-10-23,-0.00879663295369357,0.0,-0.00879663295369357,0.6,2,1.1471418741857409,1.1465696047239242
2009-10-26,-0.008770512995749645,0.0,-0.008770512995749645,0.6,2,1.1370808514702262,1.1365136011051615
2009-10-27,0.0006887916254312515,0.0,0.0006887916254312515,0.6,2,1.1378640632381571,1.1372964221557915
2009-10-28,-0.010133130889155639,0.0,-0.010133130889155639,0.6,2,1.1263339377512984,1.1257720486503184
2009-10-29,0.010889225687188506,0.0,0.010889225687188506,0.6,2,1.138598842198612,1.1380308345604002
2009-10-30,-0.014461134119531559,0.0,-0.014461134119531559,0.6,2,1.1221334116332344,1.1215736180296598
2009-11-02,0.003345932041721289,0.0,0.003345932041721289,0.6,2,1.1258879937703041,1.1253263271353746
2009-11-03,0.001009737339104655,0.0,0.001009737339104655,0.6,2,1.1270248449172637,1.1264626111465608
2009-11-04,0.0004739576116349121,0.0,0.0004739576116349121,0.6,2,1.1275590069210137,1.1269965066753358
2009-11-05,0.011078580018367966,0.0,0.011078580018367966,0.6,2,1.1400507596046197,1.1394820276549595
2009-11-06,0.0027917078464084976,0.0,0.0027917078464084976,0.6,2,1.143233448255512,1.1426631285724054
2009-11-09,0.01377315328923303,0.0,0.01377315328923303,0.6,2,1.1589793777837136,1.1584012030001878
2009-11-10,0.0004233588105491127,0.0,0.0004233588105491127,0.6,2,1.1594700419145432,1.1588916223556287
2009-11-11,0.0042155910932067725,0.0,0.0042155910932067725,0.6,2,1.164357893496078,1.1637770355568229
2009-11-12,-0.005974033406627122,0.0,-0.005974033406627122,0.6,2,1.1574019805430624,1.156824592668541
2009-11-13,0.0035492763227190412,0.0,0.0035492763227190412,0.6,2,1.161509919988472,1.1609304828048383
2009-11-16,0.010816218768822859,0.0,0.010816218768822859,0.6,2,1.1740730653852252,1.1734873608822505
2009-11-17,0.0015802441418687476,0.0,0.0015802441418687476,0.6,2,1.1759283874689261,1.1753417574098417
2009-11-18,-0.0013782376568751476,0.0,-0.0013782376568751476,0.6,2,1.174307678683528,1.1737218571400816
2009-11-19,-0.007364939191849084,0.0,-0.007364939191849084,0.6,2,1.1656589740375023,1.1650774670341006
2009-11-20,-0.002168925292168877,0.0,-0.002168925292168877,0.6,2,1.1631307468066687,1.1625505010485144
2009-11-23,0.0070499485577610425,0.0,0.0070499485577610425,0.6,2,1.171330758737606,1.170746422276706
2009-11-24,0.002967892175196574,0.0,0.002967892175196574,0.6,2,1.1748071421310304,1.1742210714225203
2009-11-25,0.003452761564091222,0.0,0.003452761564091222,0.6,2,1.1788634710766002,1.178275376805674
2009-11-27,-0.007760814849588816,0.0,-0.007760814849588816,0.6,2,1.1697145299446312,1.1691309997644557
2009-11-30,0.002674096137871973,0.0,0.002674096137871973,0.6,2,1.172842459051569,1.1722573684555921
2009-12-01,0.005195255422030431,0.0,0.005195255422030431,0.6,2,1.1789356751961442,1.1783475449050762
2009-12-02,-0.0010932832044534102,0.0,-0.0010932832044534102,0.6,2,1.1776467646233213,1.1770592773252224
2009-12-03,-0.006538260722423052,0.0,-0.006538260722423052,0.6,2,1.169947003037296,1.1693633568843234
2009-12-04,0.0005210069422056703,0.0,0.0005210069422056703,0.6,2,1.1705565535478912,1.169972603311221
2009-12-07,0.00017913482607165862,0.0,0.00017913482607165862,0.6,2,1.170766240992518,1.1701821861500237
2009-12-08,-0.005270341708618153,0.0,-0.005270341708618153,0.6,2,1.1645959028415729,1.164014926167675
2009-12-09,0.001459134983103061,0.0,0.001459134983103061,0.6,2,1.1662952054645874,1.1657133810673004
2009-12-10,0.0020260859953543427,0.0,0.0020260859953543427,0.6,2,1.168658219846828,1.168075216623278
2009-12-11,0.0005713039256866723,0.0,0.0005713039256866723,0.6,2,1.1693258788756127,1.1687425425800322
2009-12-14,0.004104355803116233,0.0,0.004104355803116233,0.6,2,1.1741252083323097,1.1735394778170194
2009-12-15,-0.004069413395494114,0.0,-0.004069413395494114,0.6,2,1.1693472074815348,1.1687638605458497
2009-12-16,0.0009232301435855516,0.0,0.0009232301435855516,0.6,2,1.1704267840717992,1.169842898572639
2009-12-17,-0.0036969656284890897,0.0,-0.0036969656284890897,0.6,2,1.1660997564804227,1.165518029585884
2009-12-18,0.0014175540371306194,0.0,0.0014175540371306194,0.6,2,1.1677527658979185,1.167170214374072
2009-12-21,0.0019716452667358996,0.0,0.0019716452667358996,0.6,2,1.170055160111519,1.169471460002718
2009-12-22,0.00037068562501434415,0.0,0.00037068562501434415,0.6,2,1.170488882739846,1.1699049662618055
2009-12-23,0.0010044375946371975,0.0,0.0010044375946371975,0.6,2,1.171664565777775,1.1710800627920717
2009-12-24,0.0014039937128585754,0.0,0.0014039937128585754,0.6,2,1.173309575461706,1.1727242518374856
2009-12-28,0.00020509371859185306,0.0,0.00020509371859185306,0.6,2,1.1735502138855969,1.1729647702151778
2009-12-29,0.0002096507620537925,0.0,0.0002096507620537925,0.6,2,1.1737962495822463,1.1732106831731155
2009-12-30,0.0005114799646811496,0.0,0.0005114799646811496,0.6,2,1.1743966228465257,1.1738107569319085
2009-12-31,-0.007674609819395806,0.0,-0.007674609819395806,0.6,2,1.1653835869929625,1.1648022173706465
2010-01-04,0.011125482504807271,0.0,0.011125482504807271,0.6,2,1.1783490417014422,1.1777612040615644
2010-01-05,0.0033436931301014552,0.0,0.0033436931301014552,0.6,2,1.1822890792970409,1.181699276108485
2010-01-06,-0.001191294042297675,0.0,-0.001191294042297675,0.6,2,1.1808806253606008,1.1802915248010695
2010-01-07,0.002539283851923657,0.0,0.002539283851923657,0.6,2,1.1838792164636285,1.183288620010559
2010-01-08,0.002503746770145754,0.0,0.002503746770145754,0.6,2,1.186843350228092,1.1862512750710605
2010-01-11,0.0011159975423366887,0.0,0.0011159975423366887,0.6,2,1.1881678644900853,1.1875751285786336
2010-01-12,-0.002732960727780864,0.0,-0.002732960727780864,0.6,2,1.1849206483784227,1.1843295323909389
2010-01-13,0.003138204125828636,0.0,0.003138204125828636,0.6,2,1.1886391712459432,1.1880462002158287
2010-01-14,0.0035062669993024763,0.0,0.0035062669993024763,0.6,2,1.192806857546161,1.1922118074012922
2010-01-15,-0.004960855543744014,0.0,-0.004960855543744014,0.6,2,1.1868895150342873,1.1862974168472284
2010-01-19,0.006788511490473703,0.0,0.006788511490473703,0.6,2,1.1949467281450203,1.1943506104926152
2010-01-20,-0.004736775846674601,0.0,-0.004736775846674601,0.6,2,1.1892865333450802,1.1886932393683727
2010-01-21,-0.01006824084443856,0.0,-0.01006824084443856,0.6,2,1.1773125100943145,1.176725189544256
2010-01-22,-0.013068948723634486,0.0,-0.013068948723634486,0.6,2,1.1619262732681985,1.1613466283802931
2010-01-25,0.0022154416972220976,0.0,0.0022154416972220976,0.6,2,1.1645004531830947,1.163919524125735
2010-01-26,-0.0017172095704172774,0.0,-0.0017172095704172774,0.6,2,1.1625007618601333,1.1619208303797106
2010-01-27,0.001932598002221253,0.0,0.001932598002221253,0.6,2,1.164747408510085,1.1641663562552418
2010-01-28,-0.006983716401793738,0.0,-0.006983716401793738,0.6,2,1.1566131429293265,1.1560361485786457
2010-01-29,-0.00493043109353768,0.0,-0.00493043109353768,0.6,2,1.1509105415262335,1.15033639200644
2010-02-01,0.007921671358854132,0.0,0.007921671358854132,0.6,2,1.1600276765996451,1.159448978856045
2010-02-02,0.007916398263479296,0.0,0.007916398263479296,0.6,2,1.1692109176842664,1.168627638738854
2010-02-03,-0.004898400500872269,0.0,-0.004898400500872269,0.6,2,1.1634836543394564,1.1629032325279223
2010-02-04,-0.015338967538592629,0.0,-0.015338967538592629,0.6,2,1.1456370163338603,1.145065497593652
2010-02-05,0.0025216428474321264,0.0,0.0025216428474321264,0.6,2,1.148525903721852,1.1479529438155005
2010-02-08,-0.004679991367014403,0.0,-0.004679991367014403,0.6,2,1.1431508124076415,1.1425805339487052
2010-02-09,0.005367874918701875,0.0,0.005367874918701875,0.6,2,1.149287102981858,1.1487137633394853
2010-02-10,-0.0022805133843996073,0.0,-0.0022805133843996073,0.6,2,1.1466661383609902,1.1460941062273455
2010-02-11,0.005800430076658602,0.0,0.005800430076658602,0.6,2,1.1533172951178252,1.1527419449517877
2010-02-12,0.000498426365617699,0.0,0.000498426365617699,0.6,2,1.153892138865635,1.1533165019299052
2010-02-16,0.01029518707710526,0.0,0.01029518707710526,0.6,2,1.1657716743020579,1.1651901110763863
2010-02-17,0.0007145068529163187,0.0,0.0007145068529163187,0.6,2,1.1666046261522824,1.1660226473957007
2010-02-18,0.0021205496075287662,0.0,0.0021205496075287662,0.6,2,1.169078469134411,1.1684952562630053
2010-02-19,0.0014757625215700012,0.0,0.0014757625215700012,0.6,2,1.170803751323934,1.1702196777688305
2010-02-22,-0.00019674384653254337,0.0,-0.00019674384653254337,0.6,2,1.1705734028903638,1.1699894442481382
2010-02-23,-0.004266020076424781,0.0,-0.004266020076424781,0.6,2,1.1655797132527048,1.1649982457897707
2010-02-24,0.0057295739300025515,0.0,0.0057295739300025515,0.6,2,1.1722579883910973,1.1716731893673464
2010-02-25,0.0007625181154175213,0.0,0.0007625181154175213,0.6,2,1.1731518563431884,1.172566611399588
2010-02-26,0.0009978378799472276,0.0,0.0009978378799472276,0.6,2,1.1743224717043779,1.1737366427812037
2010-03-01,0.00663073955850324,0.0,0.00663073955850324,0.6,2,1.1821090981719473,1.1815193847697578
2010-03-02,0.0018896497370170405,0.0,0.0018896497370170405,0.6,2,1.1843428703184335,1.1837520425644685
2010-03-03,0.0001412968504116432,0.0,0.0001412968504116432,0.6,2,1.1845102142358173,1.1839193029997515
2010-03-04,0.0025224002831683466,0.0,0.0025224002831683466,0.6,2,1.1874980231356214,1.1869056213848865
2010-03-05,0.006647567700904844,0.0,0.006647567700904844,0.6,2,1.195391996639106,1.194795656857627
2010-03-08,-0.0009590987261466122,0.0,-0.0009590987261466122,0.6,2,1.1942454976978836,1.1936497298651294
2010-03-09,0.0020280660768400515,0.0,0.0020280660768400515,0.6,2,1.1966675064791836,1.1960705303898982
2010-03-10,0.002009434682075062,0.0,0.002009434682075062,0.6,2,1.1990721316696153,1.1984739559958717
2010-03-11,0.0021595250978593485,0.0,0.0021595250978593485,0.6,2,1.2016615580320997,1.2010620905829756
2010-03-12,0.0006887564984985333,0.0,0.0006887564984985333,0.6,2,1.2024892102391902,1.201889329902965
2010-03-15,0.0001579991444280672,0.0,0.0001579991444280672,0.6,2,1.202679202505592,1.2020792273887868
2010-03-16,0.006323637068814802,0.0,0.006323637068814802,0.6,2,1.210284509292449,1.209680740150755
2010-03-17,0.004037322328377746,0.0,0.004037322328377746,0.6,2,1.2151708179655052,1.2145646112131743
2010-03-18,-0.0013674808255024207,0.0,-0.0013674808255024207,0.6,2,1.2135090951722272,1.2129037173960064
2010-03-19,-0.003568362512072354,0.0,-0.003568362512072354,0.6,2,1.2091788548089557,1.2085756372400973
2010-03-22,0.004574437818685317,0.0,0.004574437818685317,0.6,2,1.2147101682919486,1.2141041913418302
2010-03-23,0.003375640790647205,0.0,0.003375640790647205,0.6,2,1.2188105934848488,1.2182025709742192
2010-03-24,-0.0069098628746331325,0.0,-0.0069098628746331325,0.6,2,1.2103887794137183,1.2097849582552618
2010-03-25,-0.00241899550524376,0.0,-0.00241899550524376,0.6,2,1.2074608543967191,1.2068584938789308
2010-03-26,0.000586651464458554,0.0,0.000586651464458554,0.6,2,1.2081692130752273,1.2075664991817592
2010-03-29,0.0032225322839857014,0.0,0.0032225322839857014,0.6,2,1.2120625773688798,1.211457921210432
2010-03-30,0.000813186289686585,0.0,0.000813186289686585,0.6,2,1.2130482100390383,1.2124430621824924
2010-03-31,-0.0011028621720680306,0.0,-0.0011028621720680306,0.6,2,1.2117103850552915,1.2111059045934252
2010-04-01,0.003272986798897292,0.0,0.003272986798897292,0.6,2,1.2156762971496642,1.215069838231226
2010-04-05,0.0012811717427272822,0.0,0.0012811717427272822,0.6,2,1.2172337872698755,1.216626551373408
2010-04-06,0.0026021440462978386,0.0,0.0026021440462978386,0.6,2,1.2204012049223723,1.2197923889106321
2010-04-07,-0.0009458527657054681,0.0,-0.0009458527657054681,0.6,2,1.219246885067426,1.2186386449059945
2010-04-08,0.0016443350061192906,0.0,0.0016443350061192906,0.6,2,1.2212517354016443,1.220642495089623
2010-04-09,0.004385912951422011,0.0,0.004385912951422011,0.6,2,1.226608039204889,1.225996126817893
2010-04-12,0.0020302564600334526,0.0,0.0020302564600334526,0.6,2,1.2290983681004137,1.228485213374341
2010-04-13,0.001214075725830721,0.0,0.001214075725830721,0.6,2,1.2305905865937827,1.2299766874514406
2010-04-14,0.005719802227068182,0.0,0.005719802227068182,0.6,2,1.237629321371591,1.2370119108475672
2010-04-15,0.0011721506521420457,0.0,0.0011721506521420457,0.6,2,1.2390800093877468,1.2384618751655747
2010-04-16,-0.00716061816078808,0.0,-0.00716061816078808,0.6,2,1.2302074305698554,1.2295937225708204
2010-04-19,0.0012947931881063467,0.0,0.0012947931881063467,0.6,2,1.2318002947709152,1.2311857921469436
2010-04-20,0.0055266778368994185,0.0,0.0055266778368994185,0.6,2,1.2386080581595118,1.2379901593775076
2010-04-21,0.00020044643977306113,0.0,0.00020044643977306113,0.6,2,1.2388563327350441,1.238238310097429
2010-04-22,0.0009019610596968436,0.0,0.0009019610596968436,0.6,2,1.2399737329057299,1.2393551528357616
2010-04-23,0.002805986731368758,0.0,0.002805986731368758,0.6,2,1.2434530827475092,1.2428327669500723
2010-04-26,-0.001995969998968716,0.0,-0.001995969998968716,0.6,2,1.24097118769922,1.2403521100335047
2010-04-27,-0.010512668202149467,0.0,-0.010512668202149467,0.6,2,1.2279252693545109,1.2273126998468864
2010-04-28,0.002513859565525544,0.0,0.002513859565525544,0.6,2,1.2310121010386283,1.2303979916172876
2010-04-29,0.008081835107098412,0.0,0.008081835107098412,0.6,2,1.2409609378540654,1.2403418653016436
2010-04-30,-0.007737761829892652,0.0,-0.007737761829892652,0.6,2,1.2313586776767504,1.2307443953602948
2010-05-03,0.0067064815638559145,0.0,0.0067064815638559145,0.6,2,1.2396167619470837,1.2389983599575978
2010-05-04,-0.011489702165035042,0.0,-0.011489702165035042,0.6,2,1.2253739345535266,1.224762637818718
2010-05-05,-0.00202102082240787,0.0,-0.00202102082240787,0.6,2,1.2228974283165581,1.2222873670251793
2010-05-06,-0.01562596655257329,0.0,-0.01562596655257329,0.6,2,1.2037884740044558,1.2031879455104109
2010-05-07,-0.010029288173160044,0.0,-0.010029288173160044,0.6,2,1.1917153324991365,1.1911208268784146
2010-05-10,0.0233141850957554,0.0,0.0233141850957554,0.6,2,1.219499204342471,1.2188908383076673
2010-05-11,-0.001184228709987467,0.0,-0.001184228709987467,0.6,2,1.2180550383728819,1.2174473927826026
2010-05-12,0.0073598031315387225,0.0,0.0073598031315387225,0.6,2,1.227019683658685,1.2264075659164877
2010-05-13,-0.006376786822846547,0.0,-0.006376786822846547,0.6,2,1.219195240708557,1.2185870263107121
2010-05-14,-0.00833131983219024,0.0,-0.00833131983219024,0.6,2,1.2090377352203296,1.20843458805116
2010-05-17,-0.0005503904762262479,0.0,-0.0005503904762262479,0.6,2,1.208372292365466,1.2077694771627543
2010-05-18,-0.005135578054580425,0.0,-0.005135578054580425,0.6,2,1.202166602139031,1.2015668827408452
2010-05-19,-0.0030705754170245124,0.0,-0.0030705754170245124,0.6,2,1.198475258923335,1.1978773810087904
2010-05-20,-0.018984378756854325,0.0,-0.018984378756854325,0.6,2,1.1757229506772153,1.175136423103451
2010-05-21,0.009272677713334888,0.0,0.009272677713334888,0.6,2,1.1866250506790164,1.1860330844240905
2010-05-24,-0.007722460065719883,0.0,-0.007722460065719883,0.6,2,1.1774613861121648,1.1768739912930029
2010-05-25,0.0023628741310912655,0.0,0.0023628741310912655,0.6,2,1.180243579161768,1.1796547964025832
2010-05-26,-0.004381610787194368,0.0,-0.004381610787194368,0.6,2,1.175072211163796,1.1744860082215
2010-05-27,0.016125523753190853,0.0,0.016125523753190853,0.6,2,1.194020866016632,1.1934252102448661
2010-05-28,-0.005727371075862563,0.0,-0.005727371075862563,0.6,2,1.187182265444632,1.1865900212145046
2010-06-01,-0.009616286585400414,0.0,-0.009616286585400414,0.6,2,1.1757659805510117,1.1751794315111297
2010-06-02,0.013278275674953075,0.0,0.013278275674953075,0.6,2,1.1913781253699993,1.190783787970269
2010-06-03,0.001505134865337876,0.0,0.001505134865337876,0.6,2,1.1931713101242947,1.1925760781666221
2010-06-04,-0.0157386478167945,0.0,-0.0157386478167945,0.6,2,1.1743924070891452,1.1738065432776237
2010-06-07,-0.005809408714314812,0.0,-0.005809408714314812,0.6,2,1.1675698816053763,1.1669874213161868
2010-06-08,0.0051879482075829035,0.0,0.0051879482075829035,0.6,2,1.1736271736798787,1.173041691616876
2010-06-09,-0.0031231338340289355,0.0,-0.0031231338340289355,0.6,2,1.1699617789452232,1.1693781254210607
2010-06-10,0.013692909274745046,0.0,0.013692909274745046,0.6,2,1.1859819594392396,1.1853903140003228
2010-06-11,0.005525622543222487,0.0,0.005525622543222487,0.6,2,1.1925352480901723,1.1919403334418806
2010-06-14,-0.0012220736961667806,0.0,-0.0012220736961667806,0.6,2,1.1910778821317296,1.1904836945129809
2010-06-15,0.012333984825139054,0.0,0.012333984825139054,0.6,2,1.2057686186555012,1.2051671023356796
2010-06-16,0.0009189298873597317,0.0,0.0009189298873597317,0.6,2,1.2068766354764242,1.2062745664052785
2010-06-17,0.0028517442899894884,0.0,0.0028517442899894884,0.6,2,1.210318339030366,1.2097145530121844
2010-06-18,-0.00015975946933999285,0.0,-0.00015975946933999285,0.6,2,1.2101249792147901,1.2095212896571423
2010-06-21,-0.0018943932704535548,0.0,-0.0018943932704535548,0.6,2,1.2078325265977579,1.2072299806655455
2010-06-22,-0.007514393301074529,0.0,-0.007514393301074529,0.6,2,1.1987563979510718,1.198158379785976
2010-06-23,-0.0003725914598199595,0.0,-0.0003725914598199595,0.6,2,1.1983097515547907,1.197711956206156
2010-06-24,-0.010313686026391754,0.0,-0.010313686026391754,0.6,2,1.1859507610148912,1.1853591311397902
2010-06-25,0.003148759927734979,0.0,0.003148759927734979,0.6,2,1.1896850352474415,1.1890915424718977
2010-06-28,0.0009454760631507188,0.0,0.0009454760631507188,0.6,2,1.1908098539709564,1.1902158000621998
2010-06-29,-0.016946919842187103,0.0,-0.016946919842187103,0.6,2,1.170629294828424,1.170045308303641
2010-06-30,-0.005124959086513691,0.0,-0.005124959086513691,0.6,2,1.164629867586954,1.1640488739692176
2010-07-01,-0.0028517054557235743,0.0,-0.0028517054557235743,0.6,2,1.1613086862396576,1.1607293494445907
2010-07-02,-0.003964727975152926,0.0,-0.003964727975152926,0.6,2,1.1567044132035351,1.1561273733212667
2010-07-06,0.004963642316903316,0.0,0.004963642316903316,0.6,2,1.162445880177061,1.1618659760752144
2010-07-07,0.01759718254620517,0.0,0.01759718254620517,0.6,2,1.1829016525306209,1.1823115437504348
2010-07-08,0.00496344724174973,0.0,0.00496344724174973,0.6,2,1.188772922475135,1.1881798847211518
2010-07-09,0.0034260587828393255,0.0,0.0034260587828393255,0.6,2,1.1928457283869827,1.1922506588507937
2010-07-12,0.0010729805620351752,0.0,0.0010729805620351752,0.6,2,1.1941256286670485,1.1935299206328143
2010-07-13,0.00703929662493845,0.0,0.00703929662493845,0.6,2,1.202531433174677,1.2019315317748878
2010-07-14,0.00194158488285634,0.0,0.00194158488285634,0.6,2,1.2048662500264886,1.2042651838672103
2010-07-15,0.0022290624582305798,0.0,0.0022290624582305798,0.6,2,1.2075519721516117,1.206949566178323
2010-07-16,-0.014286470276691918,0.0,-0.014286470276691918,0.6,2,1.190300316793907,1.18970651707565
2010-07-19,0.0024957335227928203,0.0,0.0024957335227928203,0.6,2,1.1932709891967206,1.1926757075126009
2010-07-20,0.007271346173479397,0.0,0.007271346173479397,0.6,2,1.2019476756379401,1.2013480654546245
2010-07-21,-0.005194962613294506,0.0,-0.005194962613294506,0.6,2,1.1957036023998648,1.195107107169034
2010-07-22,0.011115432923471547,0.0,0.011115432923471547,0.6,2,1.2089943655886939,1.2083912400551355
2010-07-23,0.003927022165166249,0.0,0.003927022165166249,0.6,2,1.2137421132599218,1.2131366192390247
2010-07-26,0.006114944019572066,0.0,0.006114944019572066,0.6,2,1.2211640783367033,1.2205548817537641
2010-07-27,-0.001418955533669952,0.0,-0.001418955533669952,0.6,2,1.2194313008102284,1.2188229686501517
2010-07-28,-0.0021550958383772965,0.0,-0.0021550958383772965,0.6,2,1.2168033094886654,1.216196288342695
2010-07-29,-0.002044307776941956,0.0,-0.002044307776941956,0.6,2,1.214315789020069,1.2137100088121482
2010-07-30,0.002291077230066273,0.0,0.002291077230066273,0.6,2,1.2170978802744028,1.216490712177241
2010-08-02,0.012246633435826213,0.0,0.012246633435826213,0.6,2,1.2320032318696446,1.231388628007363
2010-08-03,-0.0009985812651795542,0.0,-0.0009985812651795542,0.6,2,1.2307729765236588,1.2301589863932796
2010-08-04,0.0023396738607734053,0.0,0.0023396738607734053,0.6,2,1.2336525838853776,1.2330371572183396
2010-08-05,0.0013020546055313668,0.0,0.0013020546055313668,0.6,2,1.2352588669138511,1.234642638927687
2010-08-06,0.00020313425033136046,0.0,0.00020313425033136046,0.6,2,1.2355097902977468,1.2348934371345726
2010-08-09,0.0031190820234709535,0.0,0.0031190820234709535,0.6,2,1.239363446674487,1.2387451710552413
2010-08-10,-0.0011987046511652494,0.0,-0.0011987046511652494,0.6,2,1.237877815946474,1.237260281457089
2010-08-11,-0.014299869505965356,0.0,-0.014299869505965356,0.6,2,1.22017632471411,1.2195676208873385
2010-08-12,-0.004616077497597736,0.0,-0.004616077497597736,0.6,2,1.2145438962384956,1.2139380022357615
2010-08-13,-4.86835624531111e-05,0.0,-4.86835624531111e-05,0.6,2,1.214484767914871,1.2138789034092154
2010-08-16,0.0026422357714372072,0.0,0.0026422357714372072,0.6,2,1.2176937230125213,1.2170862576699963
2010-08-17,0.0053251768914805535,0.0,0.0053251768914805535,0.6,2,1.2241781574872086,1.2235674572842792
2010-08-18,0.0006923935737009003,0.0,0.0006923935737009003,0.6,2,1.2250257705765177,1.2244146475286923
2010-08-19,-0.008682636504674178,0.0,-0.008682636504674178,0.6,2,1.2143893171017435,1.213783500213202
2010-08-20,-0.0032452124958612496,0.0,-0.0032452124958612496,0.6,2,1.2104483657150444,1.20984451483104
2010-08-23,-0.0017343716546551978,0.0,-0.0017343716546551978,0.6,2,1.2083489983801246,1.2077461947979768
2010-08-24,-0.0057678193310824345,0.0,-0.0057678193310824345,0.6,2,1.2013794596685736,1.2007801329485799
2010-08-25,0.0005555205839710806,0.0,0.0005555205839710806,0.6,2,1.2020468506875797,1.2014471910292563
2010-08-26,-0.0021671815008494685,0.0,-0.0021671815008494685,0.6,2,1.1994417969896152,1.1988434369026102
2010-08-27,0.00465091727992286,0.0,0.00465091727992286,0.6,2,1.205020301569496,1.2044191585592228
2010-08-30,-0.0056683319160433,0.0,-0.0056683319160433,0.6,2,1.1981898465346295,1.1975921110024674
2010-08-31,0.0017885032228478486,0.0,0.0017885032228478486,0.6,2,1.2003328129367403,1.1997340083526526
2010-09-01,0.014930455361216177,0.0,0.014930455361216177,0.6,2,1.2182543284188954,1.2176465834096948
2010-09-02,0.003906981162964706,0.0,0.003906981162964706,0.6,2,1.223014025131728,1.2224039056742246
2010-09-03,0.0054830655409244585,0.0,0.0054830655409244585,0.6,2,1.229719891188995,1.2291064264065183
2010-09-07,-0.0036233049619978975,0.0,-0.0036233049619978975,0.6,2,1.2252642410053824,1.224652998992896
2010-09-08,0.003107000935190829,0.0,0.003107000935190829,0.6,2,1.229071138148042,1.2284579970060512
2010-09-09,-0.0003388958725246468,0.0,-0.0003388958725246468,0.6,2,1.2286546110122845,1.228041677661296
2010-09-10,0.001871747180798211,0.0,0.001871747180798211,0.6,2,1.2309543418166216,1.2303402612093612
2010-09-13,0.008568936847528442,0.0,0.008568936847528442,0.6,2,1.241502311833839,1.2408829692086358
2010-09-14,0.0016422182619496577,0.0,0.0016422182619496577,0.6,2,1.2435411296025856,1.2429207698816127
2010-09-15,0.0009093073985986244,0.0,0.0009093073985986244,0.6,2,1.244671890752195,1.244050966933538
2010-09-16,-0.0015513388522067294,0.0,-0.0015513388522067294,0.6,2,1.2427409828898215,1.2421210223344086
2010-09-17,0.0011472943462223829,0.0,0.0011472943462223829,0.6,2,1.2441667725933097,1.2435461007606567
2010-09-20,0.010382187560000132,0.0,0.010382187560000132,0.6,2,1.2570839453822933,1.2564568296182606
2010-09-21,0.0025164640429176993,0.0,0.0025164640429176993,0.6,2,1.2602473519297768,1.2596186580514732
2010-09-22,-0.0023404582544241936,0.0,-0.0023404582544241936,0.6,2,1.2572977956123366,1.2566705731658099
2010-09-23,-0.004290786263460289,0.0,-0.004290786263460289,0.6,2,1.2519029995018442,1.2512784683327753
2010-09-24,0.010324692053203764,0.0,0.010324692053203764,0.6,2,1.264828512452183,1.264197533191116
2010-09-27,0.00021431419334807557,0.0,0.00021431419334807557,0.6,2,1.2650995831545528,1.2644684686656746
2010-09-28,0.003430876859592225,0.0,0.003430876859592225,0.6,2,1.2694399840394777,1.268806704274504
2010-09-29,-0.0020110734576734846,0.0,-0.0020110734576734846,0.6,2,1.2668870469814664,1.2662550407886193
2010-09-30,-0.00224223828682446,0.0,-0.00224223828682446,0.6,2,1.2640463843396426,1.2634157952552785
2010-10-01,0.002756616371430453,0.0,0.002756616371430453,0.6,2,1.2675308752969607,1.2668985479204031
2010-10-04,-0.0030938772443632077,0.0,-0.0030938772443632077,0.6,2,1.2636092903653517,1.2629789193320755
2010-10-05,0.012100151320175723,0.0,0.012100151320175723,0.6,2,1.2788991539883523,1.2782611553701857
2010-10-06,0.002530054476794774,0.0,0.002530054476794774,0.6,2,1.2821348385182696,1.281495225728843
2010-10-07,-0.0003110144490444224,0.0,-0.0003110144490444224,0.6,2,1.281736076057867,1.28109666219726
2010-10-08,0.003524702969559046,0.0,0.003524702969559046,0.6,2,1.2862538150113392,1.2856121474067987
2010-10-11,0.0009670598972760791,0.0,0.0009670598972760791,0.6,2,1.2874976994935552,1.286855411358007
2010-10-12,0.0007053346699844362,0.0,0.0007053346699844362,0.6,2,1.288405816258533,1.2877630750948947
2010-10-13,0.004662968035816961,0.0,0.004662968035816961,0.6,2,1.2944136113969074,1.2937678731517677
2010-10-14,-0.0046281152850360385,0.0,-0.0046281152850360385,0.6,2,1.2884229159768426,1.2877801662827455
2010-10-15,-0.0004887177548467802,0.0,-0.0004887177548467802,0.6,2,1.2877932408220532,1.2871508052511436
2010-10-18,0.00485866761307876,0.0,0.00485866761307876,0.6,2,1.2940502001335772,1.2934046431817656
2010-10-19,-0.0065124198264659315,0.0,-0.0065124198264659315,0.6,2,1.2856228019537852,1.2849814491398657
2010-10-20,0.005611628664133717,0.0,0.005611628664133717,0.6,2,1.2928372397204928,1.292192287872739
2010-10-21,-0.0008828831546174643,0.0,-0.0008828831546174643,0.6,2,1.2916958154998814,1.2910514330692495
2010-10-22,0.0012389791207408683,0.0,0.0012389791207408683,0.6,2,1.293296199645634,1.2926510188386249
2010-10-25,0.0016745082036528696,0.0,0.0016745082036528696,0.6,2,1.2954618347416937,1.2948155735741305
2010-10-26,-0.002554615221924906,0.0,-0.002554615221924906,0.6,2,1.2921524282192398,1.2915078180002926
2010-10-27,-0.0040224405258686875,0.0,-0.0040224405258686875,0.6,2,1.2869548219263711,1.286312804613692
2010-10-28,0.002449406400257259,0.0,0.002449406400257259,0.6,2,1.2901070973040396,1.2894635074300458
2010-10-29,0.002245139292694276,0.0,0.002245139292694276,0.6,2,1.2930035674399807,1.2923585326170723
2010-11-01,-0.000447859393421712,0.0,-0.000447859393421712,0.6,2,1.2924244836465748,1.2917797377085711
2010-11-02,0.006097379983365858,0.0,0.006097379983365858,0.6,2,1.3003048868231735,1.299656209624193
2010-11-03,0.0037049117539147414,0.0,0.0037049117539147414,0.6,2,1.3051224016820375,1.304471321191278
2010-11-04,0.014727697980510168,0.0,0.014727697980510168,0.6,2,1.3243438502416087,1.3236831808340201
2010-11-05,0.0005714142632882167,0.0,0.0005714142632882167,0.6,2,1.3251005992071347,1.3244395522836234
2010-11-08,-0.0010007345325246052,0.0,-0.0010007345325246052,0.6,2,1.3237745252784392,1.3231141398874118
2010-11-09,-0.007673717188524698,0.0,-0.007673717188524698,0.6,2,1.3136162539500789,1.3129609361697776
2010-11-10,0.0039186760732862645,0.0,0.0039186760732862645,0.6,2,1.318763890533913,1.3181060047755058
2010-11-11,-0.0026800052493976658,0.0,-0.0026800052493976658,0.6,2,1.315229596384566,1.3145734737634447
2010-11-12,-0.010447391305290665,0.0,-0.010447391305290665,0.6,2,1.3014888781348368,1.3008396102834827
2010-11-15,-0.005997222904482902,0.0,-0.005997222904482902,0.6,2,1.293683559224957,1.293038185177632
2010-11-16,-0.006412342215805466,0.0,-0.006412342215805466,0.6,2,1.2853880175242454,1.284746781836169
2010-11-17,-0.0008432435824574203,0.0,-0.0008432435824574203,0.6,2,1.2843041223275002,1.2836634273573029
2010-11-18,0.007855429976784479,0.0,0.007855429976784479,0.6,2,1.2943928834293397,1.2937471555246673
2010-11-19,0.0024766235017492644,0.0,0.0024766235017492644,0.6,2,1.2975986072649377,1.296951280135361
2010-11-22,0.0016512411727566123,0.0,0.0016512411727566123,0.6,2,1.2997412555109653,1.29909285948818
2010-11-23,-0.00788342526031407,0.0,-0.00788342526031407,0.6,2,1.2894948424653978,1.2888515580241973
2010-11-24,0.004531536419677628,0.0,0.004531536419677628,0.6,2,1.2953382353070162,1.2946920357989422
2010-11-26,-0.0052710529984064,0.0,-0.0052710529984064,0.6,2,1.2885104388178508,1.2878676454616313
2010-11-29,0.0026907834421978196,0.0,0.0026907834421978196,0.6,2,1.291977541371721,1.2913330183977818
2010-11-30,-0.0026423572211233363,0.0,-0.0026423572211233363,0.6,2,1.288563675185748,1.2879208552717434
2010-12-01,0.00743010346230819,0.0,0.00743010346230819,0.6,2,1.2981378366101501,1.2974902404776767
2010-12-02,0.0066757745863724955,0.0,0.0066757745863724955,0.6,2,1.3068039121894008,1.306151992851124
2010-12-03,0.001685565974570302,0.0,0.001685565974570302,0.6,2,1.3090066163992227,1.308353598207891
2010-12-06,0.001866650292626382,0.0,0.001866650292626382,0.6,2,1.3114500739827741,1.3107958368348447
2010-12-07,-0.00626578062698071,0.0,-0.00626578062698071,0.6,2,1.3032328155159605,1.302582677674478
2010-12-08,-0.0012224767355565997,0.0,-0.0012224767355565997,0.6,2,1.3016396437179782,1.300990300654882
2010-12-09,0.003192253749559781,0.0,0.003192253749559781,0.6,2,1.3057948077512125,1.3051433918202884
2010-12-10,8.486293364793306e-05,0.0,8.486293364793306e-05,0.6,2,1.3059056213293403,1.3052541501173494
2010-12-13,0.0016827742527893543,0.0,0.0016827742527893543,0.6,2,1.3081031656854862,1.3074505981945133
2010-12-14,-0.0037024081440628857,0.0,-0.0037024081440628857,0.6,2,1.3032600338715778,1.302609882451798
2010-12-15,-0.004377036734091133,0.0,-0.004377036734091133,0.6,2,1.297555616829249,1.2969083111461164
2010-12-16,0.0058584581863815105,0.0,0.0058584581863815105,0.6,2,1.3051572921549475,1.3045061942585365
2010-12-17,0.004079086409490951,0.0,0.004079086409490951,0.6,2,1.310481141527625,1.3098273877466335
2010-12-20,0.0014115520453650274,0.0,0.0014115520453650274,0.6,2,1.3123309538633605,1.3116762772748825
2010-12-21,0.004650901827274056,0.0,0.004650901827274056,0.6,2,1.3184344762946718,1.3177767548696522
2010-12-22,0.0007582274314708036,0.0,0.0007582274314708036,0.6,2,1.3194341494811952,1.3187759293537489
2010-12-23,-0.002268819545739298,0.0,-0.002268819545739298,0.6,2,1.3164405914935364,1.3157838647487805
2010-12-27,0.0017904921917420102,0.0,0.0017904921917420102,0.6,2,1.3187976680934979,1.3181397654846332
2010-12-28,-0.0033476157531783686,0.0,-0.0033476157531783686,0.6,2,1.3143828402445332,1.3137271400408062
2010-12-29,0.004921763405547064,0.0,0.004921763405547064,0.6,2,1.320851921608528,1.320192994203533
2010-12-30,-0.0017660629920585257,0.0,-0.0017660629920585257,0.6,2,1.3185192139117858,1.3178614502140953
2010-12-31,0.0021573266254491853,0.0,0.0021573266254491853,0.6,2,1.3213636905181239,1.3207045078092952
2011-01-03,0.00496409113341718,0.0,0.00496409113341718,0.6,2,1.3279230602982444,1.3272606053463754
2011-01-04,0.0006134794433316992,0.0,0.0006134794433316992,0.6,2,1.3287377137980634,1.3280748524436994
2011-01-05,-0.001185131742134993,0.0,-0.001185131742134993,0.6,2,1.3271629845564694,1.3265009087801372
2011-01-06,0.0008930956650750502,0.0,0.0008930956650750502,0.6,2,1.3283482680648249,1.3276856009914868
2011-01-07,0.00148354948933509,0.0,0.00148354948933509,0.6,2,1.3303189384595715,1.3296552882868353
2011-01-10,0.0006162100890834132,0.0,0.0006162100890834132,0.6,2,1.331138694411149,1.3304746352904808
2011-01-11,0.0005532579450210351,0.0,0.0005532579450210351,0.6,2,1.3318751574697567,1.331210730953104
2011-01-12,0.004254455811912106,0.0,0.004254455811912106,0.6,2,1.3375415614741955,1.3368743081842873
2011-01-13,0.001716198201583641,0.0,0.001716198201583641,0.6,2,1.339837047896541,1.3391686494677366
2011-01-14,0.003252871436723969,0.0,0.003252871436723969,0.6,2,1.344195365559508,1.3435247929165464
2011-01-18,4.22224240579582e-05,0.0,4.22224240579582e-05,0.6,2,1.3442521207462494,1.3435815197900853
2011-01-19,-0.004861995039837041,0.0,-0.004861995039837041,0.6,2,1.3377163736028908,1.3370490331052491
2011-01-20,-0.003909981607126789,0.0,-0.003909981607126789,0.6,2,1.3324859271865512,1.331821195977981
2011-01-21,0.0027056767615688095,0.0,0.0027056767615688095,0.6,2,1.3360912033948573,1.3354246736385034
2011-01-24,0.003456961073456743,0.0,0.003456961073456743,0.6,2,1.3407100186755814,1.3400411847518052
2011-01-25,0.0023387466845707695,0.0,0.0023387466845707695,0.6,2,1.3438455997867298,1.3431752016298317
2011-01-26,-0.0001092556873284248,0.0,-0.0001092556873284248,0.6,2,1.3436987770120619,1.3430284520999751
2011-01-27,0.0029788649362821216,0.0,0.0029788649362821216,0.6,2,1.3477014741838282,1.347029152464365
2011-01-28,-0.00862351878670049,0.0,-0.00862351878670049,0.6,2,1.33607954520234,1.3354130212618551
2011-01-31,0.002929325957727702,0.0,0.002929325957727702,0.6,2,1.3399933576956902,1.339324881289325
2011-02-01,0.007707904394471842,0.0,0.007707904394471842,0.6,2,1.350321898386036,1.3496482694274405
2011-02-02,-0.002086355896850689,0.0,-0.002086355896850689,0.6,2,1.3475046463306917,1.3468324228018462
2011-02-03,-0.0009466857785183744,0.0,-0.0009466857785183744,0.6,2,1.346228982845523,1.3455573957011322
2011-02-04,-0.0007752249868194562,0.0,-0.0007752249868194562,0.6,2,1.3451853525000406,1.344514285986785
2011-02-07,0.003574105008124118,0.0,0.003574105008124118,0.6,2,1.3499931862052663,1.3493197212298247
2011-02-08,-2.1652526324090094e-05,0.0,-2.1652526324090094e-05,0.6,2,1.3499639554422647,1.3492905050490411
2011-02-09,0.0009221416698137253,0.0,0.0009221416698137253,0.6,2,1.3512088134583247,1.3505347420484308
2011-02-10,-0.0010669931900241015,0.0,-0.0010669931900241015,0.6,2,1.349767082856064,1.3490937306757742
2011-02-11,0.005444502954139963,0.0,0.005444502954139963,0.6,2,1.3571158937260746,1.35643887547785
2011-02-14,0.001575029357027002,0.0,0.001575029357027002,0.6,2,1.359253391099581,1.3585753065277402
2011-02-15,-0.0009736008075208022,0.0,-0.0009736008075208022,0.6,2,1.357930020900381,1.3572525965122268
2011-02-16,0.0032180291918403547,0.0,0.0032180291918403547,0.6,2,1.362299879348115,1.3616202749885045
2011-02-17,0.0032835736625616676,0.0,0.0032835736625616676,0.6,2,1.3667730913524532,1.3660912554618665
2011-02-18,0.0011665935285124275,0.0,0.0011665935285124275,0.6,2,1.3683675599957696,1.3676849286798456
2011-02-22,-0.00825058696661598,0.0,-0.00825058696661598,0.6,2,1.3570777244397285,1.3564007252328425
2011-02-23,-0.004676911150880181,0.0,-0.004676911150880181,0.6,2,1.3507307924976852,1.350056959555939
2011-02-24,0.0006220198516349473,0.0,0.0006220198516349473,0.6,2,1.3515709738648334,1.3508967217856207
2011-02-25,0.007688826551519678,0.0,0.007688826551519678,0.6,2,1.3619629686549486,1.3612835323684467
2011-02-28,0.003541020149898122,0.0,0.003541020149898122,0.6,2,1.366785706970371,1.366103864786288
2011-03-01,-0.009500319134998981,0.0,-0.009500319134998981,0.6,2,1.3538008065649973,1.3531254420992629
2011-03-02,-0.0008184459490271358,0.0,-0.0008184459490271358,0.6,2,1.3526927937790745,1.3520179820626512
2011-03-03,0.007569877213149833,0.0,0.007569877213149833,0.6,2,1.3629325121350946,1.362252592176836
2011-03-04,-0.0016377132675261302,0.0,-0.0016377132675261302,0.6,2,1.360700419477228,1.3600216130329061
2011-03-07,-0.005680422173294452,0.0,-0.005680422173294452,0.6,2,1.3529710666432186,1.3522961161060743
2011-03-08,0.004292340489663182,0.0,0.004292340489663182,0.6,2,1.358778479133914,1.3581006314792505
2011-03-09,0.0014768361579351023,0.0,0.0014768361579351023,0.6,2,1.360785172322523,1.3601063235979336
2011-03-10,-0.007759122826255016,0.0,-0.007759122826255016,0.6,2,1.350226673030326,1.3495530915763712
2011-03-11,0.003236302321125772,0.0,0.003236302321125772,0.6,2,1.3545964147462999,1.3539206533791222
2011-03-14,-0.002721410547885261,0.0,-0.002721410547885261,0.6,2,1.3509100017750817,1.3502360794320165
2011-03-15,-0.00515365360431781,0.0,-0.00515365360431781,0.6,2,1.3439478795753246,1.3432774303945716
2011-03-16,-0.0077404754722653945,0.0,-0.0077404754722653945,0.6,2,1.3335450839774687,1.3328798243921547
2011-03-17,0.0067275599144319236,0.0,0.0067275599144319236,0.6,2,1.3425165884285233,1.3418468532694903
2011-03-18,0.001992555167345267,0.0,0.001992555167345267,0.6,2,1.3451916267940431,1.3445205571507584
2011-03-21,0.007199123670258833,0.0,0.007199123670258833,0.6,2,1.3548758276755302,1.354199926918892
2011-03-22,-0.0018674410485607805,0.0,-0.0018674410485607805,0.6,2,1.3523456769392261,1.3516710383874058
2011-03-23,0.0012209051280753782,0.0,0.0012209051280753782,0.6,2,1.3539967627111318,1.3533213004896438
2011-03-24,0.0036775116427914863,0.0,0.0036775116427914863,0.6,2,1.358976101570304,1.3582981553286322
2011-03-25,0.0007652537919013104,0.0,0.0007652537919013104,0.6,2,1.360016063185134,1.3593375981425302
2011-03-28,-0.0013268002443661778,0.0,-0.0013268002443661778,0.6,2,1.358211593540158,1.3575340286851385
2011-03-29,0.0028753477345255353,0.0,0.0028753477345255353,0.6,2,1.36211692416865,1.3614374110790597
2011-03-30,0.005512965745521426,0.0,0.005512965745521426,0.6,2,1.3696262281129867,1.36894296889101
2011-03-31,-0.0018398651961563316,0.0,-0.0018398651961563316,0.6,2,1.3671063004841388,1.3664242983670245
2011-04-01,0.003399140264489686,0.0,0.003399140264489686,0.6,2,1.371753286555952,1.371068966217981
2011-04-04,0.0014006133197187911,0.0,0.0014006133197187911,0.6,2,1.3736745824804704,1.372989303674319
2011-04-05,-0.0021077908327442386,0.0,-0.0021077908327442386,0.6,2,1.3707791637883442,1.3700953294065783
2011-04-06,0.0001682981210539003,0.0,0.0001682981210539003,0.6,2,1.3710098633459897,1.3703259138761823
2011-04-07,-0.0014836691528885336,0.0,-0.0014836691528885336,0.6,2,1.3689757383034373,1.3682928035883604
2011-04-08,-0.003219119180587127,0.0,-0.003219119180587127,0.6,2,1.3645688422465063,1.3638881059796697
2011-04-11,-0.00128195699374114,0.0,-0.00128195699374114,0.6,2,1.3628195236757472,1.3621396600835287
2011-04-12,-0.0022366477611531544,0.0,-0.0022366477611531544,0.6,2,1.359771376439262,1.359093033462425
2011-04-13,0.0015261241116817817,0.0,0.0015261241116817817,0.6,2,1.3618465563232207,1.3611671781108106
2011-04-14,-0.0008505413807305294,0.0,-0.0008505413807305294,0.6,2,1.3606882494728625,1.3600094490997352
2011-04-15,0.005117084865542898,0.0,0.005117084865542898,0.6,2,1.3676510067209622,1.3669687328687188
2011-04-18,-0.005740562307475883,0.0,-0.005740562307475883,0.6,2,1.3597999209019984,1.3591215636853144
2011-04-19,0.003955302974810104,0.0,0.003955302974810104,0.6,2,1.3651783415742886,1.3644973012492874
2011-04-20,0.006587225724452938,0.0,0.006587225724452938,0.6,2,1.374171079464373,1.3734855529730234
2011-04-21,0.0033654588037856704,0.0,0.0033654588037856704,0.6,2,1.3787957956216639,1.378107962019149
2011-04-25,0.0007832777913423961,0.0,0.0007832777913423961,0.6,2,1.3798757757471705,1.3791874033798706
2011-04-26,0.006857314008099058,0.0,0.006857314008099058,0.6,2,1.389338017233638,1.388644924480861
2011-04-27,0.0027662741339739673,0.0,0.0027662741339739673,0.6,2,1.3931813070540582,1.3924862970167267
2011-04-28,0.003482957726156988,0.0,0.003482957726156988,0.6,2,1.3980336986513997,1.3973362679234889
2011-04-29,0.002218267560461529,0.0,0.002218267560461529,0.6,2,1.4011349114535503,1.40043593363768
2011-05-02,-0.001028807219617311,0.0,-0.001028807219617311,0.6,2,1.399693413740989,1.398995155038542
2011-05-03,-0.0010989341102275675,0.0,-0.0010989341102275675,0.6,2,1.3981552429047683,1.397457751542627
2011-05-04,-0.002963975366003591,0.0,-0.002963975366003591,0.6,2,1.39401114520695,1.393315721192024
2011-05-05,-0.0034576303403109025,0.0,-0.0034576303403109025,0.6,2,1.389191169976551,1.3884981504807983
2011-05-06,0.002899634492076619,0.0,0.002899634492076619,0.6,2,1.3932193166091031,1.392524287610117
2011-05-09,0.0029136256434756144,0.0,0.0029136256434756144,0.6,2,1.3972786361369611,1.3965815820836605
2011-05-10,0.003178871271591221,0.0,0.003178871271591221,0.6,2,1.401720405051785,1.4010211351533797
2011-05-11,-0.004888945232173714,0.0,-0.004888945232173714,0.6,2,1.3948674707606665,1.3941716195544969
2011-05-12,0.0019865352584016002,0.0,0.0019865352584016002,0.6,2,1.39763842417213,1.3969411906330047
2011-05-13,-0.0030607435380449965,0.0,-0.0030607435380449965,0.6,2,1.3933606113968218,1.3926655119107458
2011-05-16,-0.0028467682999498978,0.0,-0.0028467682999498978,0.6,2,1.3893940365778985,1.388700915879005
2011-05-17,0.0010889555230638062,0.0,0.0010889555230638062,0.6,2,1.3909070248877418,1.390213149411235
2011-05-18,0.0030629566159986687,0.0,0.0030629566159986687,0.6,2,1.395167312761861,1.3944713119748726
2011-05-19,0.0018574623466318218,0.0,0.0018574623466318218,0.6,2,1.3977587835125675,1.3970614899303242
2011-05-20,-0.003811221904978424,0.0,-0.003811221904978424,0.6,2,1.3924316146189686,1.3917369785773
2011-05-23,-0.006408325390584734,0.0,-0.006408325390584734,0.6,2,1.383508459748353,1.3828182751604672
2011-05-24,-7.518923757257037e-05,0.0,-7.518923757257037e-05,0.6,2,1.3834044348020893,1.3827143021086565
2011-05-25,0.0020610381237175404,0.0,0.0020610381237175404,0.6,2,1.3862556840827365,1.385564128999512
2011-05-26,0.0049843066470638625,0.0,0.0049843066470638625,0.6,2,1.3931652075034402,1.3924702054976175
2011-05-27,0.0022580784654955277,0.0,0.0022580784654955277,0.6,2,1.3963110838573813,1.3956145124824957
2011-05-31,0.00686560044315776,0.0,0.00686560044315776,0.6,2,1.4058975978534987,1.405196244097873
2011-06-01,-0.010220615645610786,0.0,-0.010220615645610786,0.6,2,1.3915284588687504,1.3908342733802925
2011-06-02,-0.003027778227177125,0.0,-0.003027778227177125,0.6,2,1.3873152192984903,1.3866231356497398
2011-06-03,-0.004371169341337567,0.0,-0.004371169341337567,0.6,2,1.381251029545122,1.3805619711111983
2011-06-06,-0.006606837310148482,0.0,-0.006606837310148482,0.6,2,1.3721253287084423,1.3714408227714887
2011-06-07,0.00039231875482423914,0.0,0.00039231875482423914,0.6,2,1.372663639208864,1.3719788647273936
2011-06-08,-0.0016497775923699275,0.0,-0.0016497775923699275,0.6,2,1.3703990494950362,1.369715404739161
2011-06-09,0.0029671756047781714,0.0,0.0029671756047781714,0.6,2,1.3744652641235091,1.3737795908735921
2011-06-10,-0.00709182240075521,0.0,-0.00709182240075521,0.6,2,1.3647178005743381,1.3640369899973344
2011-06-13,-0.00039177275031714303,0.0,-0.00039177275031714303,0.6,2,1.3641831413282004,1.3635025974742288
2011-06-14,0.00441058984453675,0.0,0.00441058984453675,0.6,2,1.370199993637431,1.3695164481836481
2011-06-15,-0.006403037136289846,0.0,-0.006403037136289846,0.6,2,1.3614265521940263,1.3607473835071684
2011-06-16,0.002431969318034799,0.0,0.002431969318034799,0.6,2,1.3647374997977202,1.3640566793934539
2011-06-17,0.0015455493079872037,0.0,0.0015455493079872037,0.6,2,1.3668467688961168,1.3661648962503459
2011-06-20,0.002472608054175352,0.0,0.002472608054175352,0.6,2,1.3702264452257127,1.369542886576146
2011-06-21,0.007661506632792081,0.0,0.007661506632792081,0.6,2,1.3807244442242366,1.3800356484855425
2011-06-22,-0.003783008596896575,0.0,-0.003783008596896575,0.6,2,1.375501151781791,1.3748149617632979
2011-06-23,0.0004368934134744828,0.0,0.0004368934134744828,0.6,2,1.3761020991752309,1.3754156093648384
2011-06-24,-0.005290712175265578,0.0,-0.005290712175265578,0.6,2,1.368821539044716,1.3681386812543215
2011-06-27,0.0037945284437151724,0.0,0.0037945284437151724,0.6,2,1.374015571308991,1.3733301223952878
2011-06-28,0.00411953714224147,0.0,0.00411953714224147,0.6,2,1.3796758794890167,1.3789876068430544
2011-06-29,0.002726957691896947,0.0,0.002726957691896947,0.6,2,1.383438197240914,1.3827480477045655
2011-06-30,0.004357836689038974,0.0,0.004357836689038974,0.6,2,1.3894669949738683,1.3887738378785492
2011-07-01,0.007860763872912813,0.0,0.007860763872912813,0.6,2,1.4003892669305638,1.3996906610909916
2011-07-05,0.0020197833087267194,0.0,0.0020197833087267194,0.6,2,1.4032177497976301,1.402517732925644
2011-07-06,0.0014317222298621424,0.0,0.0014317222298621424,0.6,2,1.4052267678433525,1.4045257487416494
2011-07-07,0.004677638222341284,0.0,0.004677638222341284,0.6,2,1.4117999102836736,1.4110956120682259
2011-07-08,2.5146792881947794e-05,0.0,2.5146792881947794e-05,0.6,2,1.4118354125236083,1.4111310965973192
2011-07-11,-0.007839651631296296,0.0,-0.007839651631296296,0.6,2,1.4007671147286958,1.400068320393907
2011-07-12,-0.002020123538080476,0.0,-0.002020123538080476,0.6,2,1.3979373921088634,1.3972400094249586
2011-07-13,0.002673074906652051,0.0,0.002673074906652051,0.6,2,1.4016741834727804,1.4009749366327229
2011-07-14,-0.0064196863375712175,0.0,-0.0064196863375712175,0.6,2,1.392675874867414,1.391981116972742
2011-07-15,0.005130290669847203,0.0,0.005130290669847203,0.6,2,1.3998207069143676,1.3991223847097507
2011-07-18,-0.0051758079262511185,0.0,-0.0051758079262511185,0.6,2,1.3925755038041896,1.3918807959811745
2011-07-19,0.011221347632773514,0.0,0.011221347632773514,0.6,2,1.4082020776372612,1.4074995742562608
2011-07-20,-0.0023185964379954793,0.0,-0.0023185964379954793,0.6,2,1.4049370253160736,1.40423615075691
2011-07-21,0.00607717826538483,0.0,0.00607717826538483,0.6,2,1.4134750780705587,1.4127699441717576
2011-07-22,0.0019259763995146174,0.0,0.0019259763995146174,0.6,2,1.4161973977122246,1.4154909057421758
2011-07-25,-0.004594286562535221,0.0,-0.004594286562535221,0.6,2,1.409690981038018,1.4089877348945337
2011-07-26,-0.0005542832498412139,0.0,-0.0005542832498412139,0.6,2,1.4089096129397765,1.4082067565938499
2011-07-27,-0.012992093393978398,0.0,-0.012992093393978398,0.6,2,1.390604927664789,1.3899112028941512
2011-07-28,-0.0009630456476728223,0.0,-0.0009630456476728223,0.6,2,1.389265711641569,1.3885726549595523
2011-07-29,0.000746529161441556,0.0,0.000746529161441556,0.6,2,1.3903028390083,1.3896092649392597
2011-08-01,-0.0009843124581258014,0.0,-0.0009843124581258014,0.6,2,1.3889343466032966,1.388241455227853
2011-08-02,-0.011733666892211558,0.0,-0.011733666892211558,0.6,2,1.372637053645102,1.3719522924262504
2011-08-03,0.0035685742410430875,0.0,0.0035685742410430875,0.6,2,1.3775354108770412,1.376848206036943
2011-08-04,-0.023097320664711884,0.0,-0.023097320664711884,0.6,2,1.3457180337650185,1.3450467015154743
2011-08-05,-0.0054361186590697885,0.0,-0.0054361186590697885,0.6,2,1.3384025508518218,1.3377348680440457
2011-08-08,-0.03336379198408583,0.0,-0.03336379198408583,0.6,2,1.2937483665542318,1.2931029601767658
2011-08-09,0.02994576940892881,0.0,0.02994576940892881,0.6,2,1.3324906568122432,1.3318259232442227
2011-08-10,-0.0215269524299909,0.0,-0.0215269524299909,0.6,2,1.3038061938296388,1.3031557699495155
2011-08-11,0.020845064157182725,0.0,0.020845064157182725,0.6,2,1.3309841175885497,1.330320135580916
2011-08-12,0.006834507520848443,0.0,0.006834507520848443,0.6,2,1.3400807385503386,1.33941221855268
2011-08-15,0.01115181578350035,0.0,0.01115181578350035,0.6,2,1.3550250720816692,1.3543490968721492
2011-08-16,-0.003280217654451389,0.0,-0.003280217654451389,0.6,2,1.3505802949180026,1.3499065370542989
2011-08-17,0.0032167548732730195,0.0,0.0032167548732730195,0.6,2,1.3549247806634266,1.3542488554858314
2011-08-18,-0.024050797335825956,0.0,-0.024050797335825956,0.6,2,1.322337759358402,1.3216780907202674
2011-08-19,-0.009397763876661646,0.0,-0.009397763876661646,0.6,2,1.3099107413307578,1.3092572721027214
2011-08-22,3.9372112864401176e-05,0.0,3.9372112864401176e-05,0.6,2,1.3099623152843078,1.3093088203278072
2011-08-23,0.018062988364808998,0.0,0.018062988364808998,0.6,2,1.3336241493436265,1.33295885031533
2011-08-24,0.004176047135360327,0.0,0.004176047135360327,0.6,2,1.3391934266521401,1.3385253493037423
2011-08-25,-0.00662078503259711,0.0,-0.00662078503259711,0.6,2,1.3303269148572092,1.3296632607053203
2011-08-26,0.010064050111261415,0.0,0.010064050111261415,0.6,2,1.343715391592692,1.3430450583921618
2011-08-29,0.014491790540241611,0.0,0.014491790540241611,0.6,2,1.363188233593352,1.3625081860644874
2011-08-30,0.004363588543458485,0.0,0.004363588543458485,0.6,2,1.3691366261520375,1.368453611175567
2011-08-31,0.0012435691823825092,0.0,0.0012435691823825092,0.6,2,1.3708392422667912,1.3701553779139448
2011-09-01,-0.0030975511463223974,0.0,-0.0030975511463223974,0.6,2,1.366592997600484,1.3659112515524476
2011-09-02,-0.011728937728624756,0.0,-0.011728937728624756,0.6,2,1.3505643134312533,1.3498905635401612
2011-09-06,-0.0034368522528155816,0.0,-0.0034368522528155816,0.6,2,1.3459226234280648,1.3452511891158039
2011-09-07,0.014665614401930014,0.0,0.014665614401930014,0.6,2,1.3656614056380947,1.364980124329114
2011-09-08,-0.004293682644916762,0.0,-0.004293682644916762,0.6,2,1.3597976889618737,1.3591193328586257
2011-09-09,-0.013881042695548306,0.0,-0.013881042695548306,0.6,2,1.340922279184086,1.34025333937087
2011-09-12,0.0028078011455004107,0.0,0.0028078011455004107,0.6,2,1.3446873222956062,1.3440165042324161
2011-09-13,0.0043077914693649515,0.0,0.0043077914693649515,0.6,2,1.3504799548715545,1.3498062470640344
2011-09-14,0.008509431021432244,0.0,0.008509431021432244,0.6,2,1.3619717708933607,1.361292330215724
2011-09-15,0.007329064612055047,0.0,0.007329064612055047,0.6,2,1.3719537500020331,1.37126932965977
2011-09-16,0.004320053856212614,0.0,0.004320053856212614,0.6,2,1.377880664090275,1.377193287015273
2011-09-19,-0.0026426476894415565,0.0,-0.0026426476894415565,0.6,2,1.3742394109369906,1.3735538503574276
2011-09-20,-0.00014996610120479028,0.0,-0.00014996610120479028,0.6,2,1.3740333216104106,1.3733478638416947
2011-09-21,-0.01595077356822887,0.0,-0.01595077356822887,0.6,2,1.3521164272222015,1.351441903035145
2011-09-22,-0.015739589655305395,0.0,-0.015739589655305395,0.6,2,1.3308346694915265,1.3301707620383867
2011-09-23,0.00035620655630082005,0.0,0.00035620655630082005,0.6,2,1.3313087215261517,1.3306445775848244
2011-09-26,0.012518136108708555,0.0,0.012518136108708555,0.6,2,1.3479742253049267,1.3473017675193462
2011-09-27,0.004146432863402017,0.0,0.004146432863402017,0.6,2,1.35356350993175,1.352888263845108
2011-09-28,-0.012147090509384183,0.0,-0.012147090509384183,0.6,2,1.3371216514664093,1.3364546076550978
2011-09-29,0.004828368606807798,0.0,0.004828368606807798,0.6,2,1.3435777676718326,1.3429075031271234
2011-09-30,-0.01255884629597661,0.0,-0.01255884629597661,0.6,2,1.3267039810009507,1.326042134205636
2011-10-03,-0.013456546836003546,0.0,-0.013456546836003546,0.6,2,1.3088511267430991,1.308198186120184
2011-10-04,0.011436561238341936,0.0,0.011436561238341936,0.6,2,1.3238198828059695,1.3231594747876354
2011-10-05,0.009412493133158239,0.0,0.009412493133158239,0.6,2,1.3362803283624192,1.3356137042581473
2011-10-06,0.008071255555915568,0.0,0.008071255555915568,0.6,2,1.347065788386975,1.3463937837891977
2011-10-07,-0.006048499394021722,0.0,-0.006048499394021722,0.6,2,1.338918061782209,1.338250121803834
2011-10-10,0.01568695856382933,0.0,0.01568695856382933,0.6,2,1.359921613937749,1.3592431960126103
2011-10-11,0.0019561934297462006,0.0,0.0019561934297462006,0.6,2,1.362581883663904,1.3619021386220775
2011-10-12,0.003897783959984613,0.0,0.003897783959984613,0.6,2,1.3678929334742147,1.3672105389330673
2011-10-13,0.0004201078463052176,0.0,0.0004201078463052176,0.6,2,1.368467596028473,1.3677849148080243
2011-10-14,0.008236419994032485,0.0,0.008236419994032485,0.6,2,1.3797388698975874,1.3790505658278853
2011-10-17,-0.00888118309231287,0.0,-0.00888118309231287,0.6,2,1.3674851563744461,1.3668029652592102
2011-10-18,0.011310185282433037,0.0,0.011310185282433037,0.6,2,1.382951666864018,1.3822617600408709
2011-10-19,-0.006483790803182087,0.0,-0.006483790803182087,0.6,2,1.3739848975651598,1.3732994639535276
2011-10-20,0.001806947116311397,0.0,0.001806947116311397,0.6,2,1.3764676156136706,1.3757809434597503
2011-10-21,0.010603233417776314,0.0,0.010603233417776314,0.6,2,1.3910626230340324,1.3903686699349826
2011-10-24,0.007151312228286378,0.0,0.007151312228286378,0.6,2,1.4010105461804478,1.4003116304061152
2011-10-25,-0.008275902872441598,0.0,-0.008275902872441598,0.6,2,1.3894159189769921,1.3887227873617238
2011-10-26,0.0031562701730916127,0.0,0.0031562701730916127,0.6,2,1.3938012910000779,1.3931059716741663
2011-10-27,0.01593475605658625,0.0,0.01593475605658625,0.6,2,1.4160111745635193,1.4153047754937678
2011-10-28,0.0022735604572940997,0.0,0.0022735604572940997,0.6,2,1.4192305615770935,1.41852255646635
2011-10-31,-0.009204132929311657,0.0,-0.009204132929311657,0.6,2,1.4061677748309962,1.4054662862934066
2011-11-01,-0.011950113809805884,0.0,-0.011950113809805884,0.6,2,1.3893639098860842,1.3886708042163551
2011-11-02,0.008827882274825737,0.0,0.008827882274825737,0.6,2,1.4016290509194502,1.4009298265944647
2011-11-03,0.009008428670277534,0.0,0.009008428670277534,0.6,2,1.414255526246847,1.4135500030094055
2011-11-04,-0.0024553108152364674,0.0,-0.0024553108152364674,0.6,2,1.4107830893577453,1.410079298399139
2011-11-07,0.0041941037313246495,0.0,0.0041941037313246495,0.6,2,1.4167000599769104,1.4159933172460186
2011-11-08,0.005869077306014558,0.0,0.005869077306014558,0.6,2,1.4250147821483503,1.4243038914897355
2011-11-09,-0.0187946490688329,0.0,-0.0187946490688329,0.6,2,1.3982321293999727,1.397534599681813
2011-11-10,0.00373063435195895,0.0,0.00373063435195895,0.6,2,1.403448422213925,1.402748290267437
2011-11-11,0.009400496952944025,0.0,0.009400496952944025,0.6,2,1.416641534830561,1.4159348212958436
2011-11-14,-0.003193708863813382,0.0,-0.003193708863813382,0.6,2,1.4121171942039263,1.411412737706489
2011-11-15,0.0024385679841044004,0.0,0.0024385679841044004,0.6,2,1.4155607379835153,1.414854563621017
2011-11-16,-0.008095000379230232,0.0,-0.008095000379230232,0.6,2,1.4041017732727152,1.4034013153919491
2011-11-17,-0.008736027376626598,0.0,-0.008736027376626598,0.6,2,1.391835501741835,1.3911411630802912
2011-11-18,-0.002120616743470949,0.0,-0.002120616743470949,0.6,2,1.388883952072684,1.3881910858373314
2011-11-21,-0.01033934963865406,0.0,-0.01033934963865406,0.6,2,1.374523795284689,1.3738380928355964
2011-11-22,-0.0011371200552874549,0.0,-0.0011371200552874549,0.6,2,1.372960796710601,1.3722758739875152
2011-11-23,-0.011934949628313495,0.0,-0.011934949628313495,0.6,2,1.3565745787602108,1.3558978305553242
2011-11-25,-0.0036802567274091037,0.0,-0.0036802567274091037,0.6,2,1.3515820360404964,1.3509077784427435
2011-11-28,0.017415401405460162,0.0,0.017415401405460162,0.6,2,1.375120379730551,1.3744343796660823
2011-11-29,0.0009413494264872923,0.0,0.0009413494264872923,0.6,2,1.3764148485113614,1.3757282026811255
2011-11-30,0.02214387069603405,0.0,0.02214387069603405,0.6,2,1.4068940009408981,1.4061921501141836
2011-12-01,-0.00020996113242361942,0.0,-0.00020996113242361942,0.6,2,1.4065986078832604,1.4058969044179404
2011-12-02,0.001306209561752491,0.0,0.001306209561752491,0.6,2,1.4084359204344252,1.4077333003973291
2011-12-05,0.006361908283236549,0.0,0.006361908283236549,0.6,2,1.4173962605830448,1.4166891705417146
2011-12-06,-0.0008476702766017309,0.0,-0.0008476702766017309,0.6,2,1.4161947759027822,1.415488285240663
2011-12-07,0.004057046453150837,0.0,0.004057046453150837,0.6,2,1.4219403438953293,1.4212309869677753
2011-12-08,-0.011188507869915454,0.0,-0.011188507869915454,0.6,2,1.4060309531671062,1.4053295328851187
2011-12-09,0.007381464721349084,0.0,0.007381464721349084,0.6,2,1.416409521045034,1.4157029232539802
2011-12-12,-0.007405364832192762,0.0,-0.007405364832192762,0.6,2,1.4059204917899042,1.4052191266132825
2011-12-13,-0.003714607438499273,0.0,-0.003714607438499273,0.6,2,1.4006980490731629,1.3999992891928434
2011-12-14,-0.004727302615566686,0.0,-0.004727302615566686,0.6,2,1.39407652552216,1.3933810688912507
2011-12-15,0.0018731402805440825,0.0,0.0018731402805440825,0.6,2,1.3966878264162765,1.3959910670975384
2011-12-16,0.002846947205880723,0.0,0.002846947205880723,0.6,2,1.40066412292118,1.3999653799654461
2011-12-19,-0.0050196510248685,0.0,-0.0050196510248685,0.6,2,1.3936332778210623,1.3929380423111222
2011-12-20,0.01439482687357234,0.0,0.01439482687357234,0.6,2,1.4136943875805454,1.4129891442758036
2011-12-21,-0.00012852517219150714,0.0,-0.00012852517219150714,0.6,2,1.4135126922659556,1.4128075396027309
2011-12-22,0.005801813759165419,0.0,0.005801813759165419,0.6,2,1.421713629652699,1.4210043858250505
2011-12-23,0.0037131919057904915,0.0,0.0037131919057904915,0.6,2,1.4269927251946775,1.4262808478085889
2011-12-27,0.0007037271418313786,0.0,0.0007037271418313786,0.6,2,1.4279969387065927,1.427284560353066
2011-12-28,-0.0053475060137909685,0.0,-0.0053475060137909685,0.6,2,1.420360716489184,1.419652147583187
2011-12-29,0.006681888140003966,0.0,0.006681888140003966,0.6,2,1.4298514079152207,1.429138104431054
2011-12-30,-0.001546138554901577,0.0,-0.001546138554901577,0.6,2,1.4276406595256625,1.4269284589075142
2012-01-03,0.00704485301625053,0.0,0.00704485301625053,0.6,2,1.437698178132044,1.4369809601652226
2012-01-04,-0.0003115752838626306,0.0,-0.0003115752838626306,0.6,2,1.4372502269140837,1.436533232414654
2012-01-05,0.0017007405212456253,0.0,0.0017007405212456253,0.6,2,1.439694616614166,1.4389764026931378
2012-01-06,2.3307961243879604e-05,0.0,2.3307961243879604e-05,0.6,2,1.4397281729604932,1.4390099422993627
2012-01-09,0.0015326830031666904,0.0,0.0015326830031666904,0.6,2,1.44193481986037,1.441215488379313
2012-01-10,0.004415951906903647,0.0,0.004415951906903647,0.6,2,1.4483023346777633,1.4475798266634805
2012-01-11,0.002656604147057062,0.0,0.002656604147057062,0.6,2,1.4521499006662606,1.451425473234191
2012-01-12,0.0006056001611798977,0.0,0.0006056001611798977,0.6,2,1.4530293228801614,1.452304456734722
2012-01-13,-0.0013101694958973066,0.0,-0.0013101694958973066,0.6,2,1.4511256081846795,1.4504016917367524
2012-01-17,0.0027399161858810968,0.0,0.0027399161858810968,0.6,2,1.455101570726291,1.4543756708079711
2012-01-18,0.005389675473054023,0.0,0.005389675473054023,0.6,2,1.462944095972837,1.4622142836895313
2012-01-19,0.0007690484035540732,0.0,0.0007690484035540732,0.6,2,1.4640691707943339,1.4633387972500567
2012-01-20,0.0008668298696792973,0.0,0.0008668298696792973,0.6,2,1.465338269682855,1.4646072630289735
2012-01-23,-0.0024243753505246435,0.0,-0.0024243753505246435,0.6,2,1.4617857397016554,1.4610565052822866
2012-01-24,-0.00020454641780707182,0.0,-0.00020454641780707182,0.6,2,1.461486736664998,1.4607576514079172
2012-01-25,0.006947584782581528,0.0,0.006947584782581528,0.6,2,1.4716405396765964,1.4709063890378784
2012-01-26,-0.000918775246997816,0.0,-0.000918775246997816,0.6,2,1.470288432776263,1.4695549566569794
2012-01-27,0.000953469160950582,0.0,0.000953469160950582,0.6,2,1.4716903074546175,1.4709561319884739
2012-01-30,-0.0006470513651133367,0.0,-0.0006470513651133367,0.6,2,1.4707380482321548,1.470004347815249
2012-01-31,0.0012991949156619053,0.0,0.0012991949156619053,0.6,2,1.4726488236266886,1.4719141699899314
2012-02-01,0.003858511081392857,0.0,0.003858511081392857,0.6,2,1.4783310554316524,1.4775935671256968
2012-02-02,0.0015176786517638653,0.0,0.0015176786517638653,0.6,2,1.4805746869147207,1.479836079338507
2012-02-03,0.005217996775041422,0.0,0.005217996775041422,0.6,2,1.4883003208562497,1.4875578592280854
2012-02-06,0.0007097571420275227,0.0,0.0007097571420275227,0.6,2,1.4893566526384594,1.4886136640428518
2012-02-07,-0.0010586815381842475,0.0,-0.0010586815381842475,0.6,2,1.4877798982465391,1.4870376962392409
2012-02-08,0.0019708837830888725,0.0,0.0019708837830888725,0.6,2,1.490712139520799,1.4899684747196007
2012-02-09,-0.0001610162091509438,0.0,-0.0001610162091509438,0.6,2,1.490472110703158,1.4897285656440469
2012-02-10,-0.00217111153940368,0.0,-0.00217111153940368,0.6,2,1.4872361295044512,1.4864941987645979
2012-02-13,0.0041991934419655765,0.0,0.0041991934419655765,0.6,2,1.4934813217061207,1.4927362754555702
2012-02-14,8.519241646904891e-05,0.0,8.519241646904891e-05,0.6,2,1.4936085549888682,1.4928634452660274
2012-02-15,-0.002477500364504448,0.0,-0.002477500364504448,0.6,2,1.4899081392494564,1.4891648755362255
2012-02-16,0.004821411294198752,0.0,0.004821411294198752,0.6,2,1.4970915991793523,1.4963447518860598
2012-02-17,0.0011726556547573264,0.0,0.0011726556547573264,0.6,2,1.4988471721088197,1.4980994490208255
2012-02-21,-0.0011840828459969144,0.0,-0.0011840828459969144,0.6,2,1.4970724128835546,1.4963255751616424
2012-02-22,-0.00036799266767724144,0.0,-0.00036799266767724144,0.6,2,1.4965215012126316,1.4957749383215249
2012-02-23,0.0032205156309901505,0.0,0.0032205156309901505,0.6,2,1.5013410720993996,1.5005921048908326
2012-02-24,0.0016220948285091462,0.0,0.0016220948285091462,0.6,2,1.5037763896882803,1.5030262075838776
2012-02-27,0.0023745679072734397,0.0,0.0023745679072734397,0.6,2,1.5073472088429498,1.5065952453801974
2012-02-28,0.0019399787810143287,0.0,0.0019399787810143287,0.6,2,1.5102714304437264,1.5095180081878121
2012-02-29,-0.003942890754017348,0.0,-0.003942890754017348,0.6,2,1.5043165951845732,1.5035661435903058
2012-03-01,0.00181152302507801,0.0,0.00181152302507801,0.6,2,1.5070416993337568,1.5062898882791473
2012-03-02,-0.0002257529528896017,0.0,-0.0002257529528896017,0.6,2,1.5067014802200043,1.5059498388889605
2012-03-05,-0.003249828234688534,0.0,-0.003249828234688534,0.6,2,1.5018049592083382,1.5010557605825146
2012-03-06,-0.007123620711060185,0.0,-0.007123620711060185,0.6,2,1.4911066702969489,1.4903628086779728
2012-03-07,0.0034187881028534756,0.0,0.0034187881028534756,0.6,2,1.4962044480414456,1.4954580433172164
2012-03-08,0.004774410776919424,0.0,0.004774410776919424,0.6,2,1.5033479426826495,1.502597974315661
2012-03-09,0.0020129450862019114,0.0,0.0020129450862019114,0.6,2,1.5063740995367243,1.5056226215245967
2012-03-12,-6.982122169503231e-05,0.0,-6.982122169503231e-05,0.6,2,1.506268922656765,1.5055174971137502
2012-03-13,0.007903909715764934,0.0,0.007903909715764934,0.6,2,1.5181743362291065,1.5174169714864416
2012-03-14,-0.00523688587513893,0.0,-0.00523688587513893,0.6,2,1.51022383049171,1.5094704319817682
2012-03-15,0.0033531582214410436,0.0,0.0033531582214410436,0.6,2,1.5152878499451394,1.51453192517079
2012-03-16,0.0007208682334855162,0.0,0.0007208682334855162,0.6,2,1.5163801728207515,1.5156237031242454
2012-03-19,-0.00010328510522181764,0.0,-0.00010328510522181764,0.6,2,1.5162235533350454,1.5154671617705915
2012-03-20,-0.0015412586612722598,0.0,-0.0015412586612722598,0.6,2,1.5138866606510428,1.5131314348816387
2012-03-21,0.0010536747585471852,0.0,0.0010536747585471852,0.6,2,1.5154818048126721,1.5147257832809378
2012-03-22,-0.0038135598672873086,0.0,-0.0038135598672873086,0.6,2,1.5097024242222346,1.5089492858238722
2012-03-23,0.0034171954459803365,0.0,0.0034171954459803365,0.6,2,1.5148613724710722,1.5141056604516048
2012-03-26,0.007926328444068842,0.0,0.007926328444068842,0.6,2,1.526868661256511,1.5261069592153682
2012-03-27,0.0003491150222564522,0.0,0.0003491150222564522,0.6,2,1.5274017140431684,1.5266397460804007
2012-03-28,-0.003671639195530485,0.0,-0.003671639195530485,0.6,2,1.521793646042567,1.521034475751237
2012-03-29,0.0006527668155184244,0.0,0.0006527668155184244,0.6,2,1.5227870224347704,1.522027356582267
2012-03-30,0.0005183989219248006,0.0,0.0005183989219248006,0.6,2,1.5235764335855217,1.5228163739230594
2012-04-02,0.00535621668209556,0.0,0.00535621668209556,0.6,2,1.53173703909554,1.5309729083888342
2012-04-03,-0.005392096887398079,0.0,-0.005392096887398079,0.6,2,1.5234777645747206,1.52271775413482
2012-04-04,-0.003931558270929258,0.0,-0.003931558270929258,0.6,2,1.51748812296883,1.5167311005542603
2012-04-05,0.0014898625332722126,0.0,0.0014898625332722126,0.6,2,1.5197489716679269,1.5189908213940249
2012-04-09,-0.0026331185891123703,0.0,-0.0026331185891123703,0.6,2,1.5157472923998436,1.514991138425521
2012-04-10,-0.008216878194733178,0.0,-0.008216878194733178,0.6,2,1.5032925815241975,1.5025426407749785
2012-04-11,0.0033095732219805994,0.0,0.0033095732219805994,0.6,2,1.508267838396812,1.5075154156637713
2012-04-12,0.007030763044947807,0.0,0.007030763044947807,0.6,2,1.5188721121768956,1.5181143993379091
2012-04-13,-0.004738454030039273,0.0,-0.004738454030039273,0.6,2,1.5116750064958366,1.5109208840443058
2012-04-16,-0.0004898350543332654,0.0,-0.0004898350543332654,0.6,2,1.5109345350868955,1.5101807820309767
2012-04-17,0.008437561164711926,0.0,0.008437561164711926,0.6,2,1.5236831376425666,1.5229230247491354
2012-04-18,-0.0012250695630457553,0.0,-0.0012250695630457553,0.6,2,1.5218165198069145,1.5210573381046537
2012-04-19,-0.0033960602057163222,0.0,-0.0033960602057163222,0.6,2,1.5166483392835963,1.5158917358081037
2012-04-20,0.001049132845449474,0.0,0.001049132845449474,0.6,2,1.518239504871335,1.5174821076182852
2012-04-23,-0.004236317382990196,0.0,-0.004236317382990196,0.6,2,1.5118077604653062,1.5110535717874052
2012-04-24,0.0012556050592340104,0.0,0.0012556050592340104,0.6,2,1.5137059939379358,1.5129508582969151
2012-04-25,0.007699530151787658,0.0,0.007699530151787658,0.6,2,1.5253608188792027,1.5245998690485454
2012-04-26,0.005524622244975142,0.0,0.005524622244975142,0.6,2,1.5337878611907962,1.5330227073997773
2012-04-27,0.0014044795115660145,0.0,0.0014044795115660145,0.6,2,1.5359420348169273,1.5351758063830856
2012-04-30,-0.0018831764614846813,0.0,-0.0018831764614846813,0.6,2,1.533049584930755,1.5322847994402642
2012-05-01,0.0030078821110095734,0.0,0.0030078821110095734,0.6,2,1.537660817352559,1.5368937314774724
2012-05-02,-0.0010206420523079848,0.0,-0.0010206420523079848,0.6,2,1.5360914160601826,1.535325113105198
2012-05-03,-0.004611241353387107,0.0,-0.004611241353387107,0.6,2,1.529008127799863,1.5282453584527536
2012-05-04,-0.00813817630471525,0.0,-0.00813817630471525,0.6,2,1.5165647900844852,1.5158082282888024
2012-05-07,0.00033408170283146833,0.0,0.00033408170283146833,0.6,2,1.5170714466320108,1.516314632082875
2012-05-08,-0.001493906248384036,0.0,-0.001493906248384036,0.6,2,1.5148050841186422,1.5140494001794902
2012-05-09,-0.003187426882746758,0.0,-0.003187426882746758,0.6,2,1.509976753671401,1.5092234784195515
2012-05-10,0.0006934252932527581,0.0,0.0006934252932527581,0.6,2,1.5110238097446202,1.5102700121526584
2012-05-11,-0.0004766952002022147,0.0,-0.0004766952002022147,0.6,2,1.5103035119471238,1.509550073686856
2012-05-14,-0.004879394487309939,0.0,-0.004879394487309939,0.6,2,1.5029341453167642,1.50218438337899
2012-05-15,-0.0033345790882020722,0.0,-0.0033345790882020722,0.6,2,1.497922492544846,1.4971752307475508
2012-05-16,-0.0019694244460281007,0.0,-0.0019694244460281007,0.6,2,1.4949724473697728,1.4942266572481289
2012-05-17,-0.00739944300271722,0.0,-0.00739944300271722,0.6,2,1.4839104839548274,1.4831702122646806
2012-05-18,-0.0053642135593301886,0.0,-0.0053642135593301886,0.6,2,1.4759504712159648,1.4752141705012558
2012-05-21,0.009241942502044641,0.0,0.009241942502044641,0.6,2,1.4895911206068084,1.48884801504323
2012-05-22,0.000188083458480026,0.0,0.000188083458480026,0.6,2,1.4898712880564933,1.4891280427270503
2012-05-23,0.001399661511954431,0.0,0.001399661511954431,0.6,2,1.491956603556152,1.4912123179348276
2012-05-24,0.00032113123632133696,0.0,0.00032113123632133696,0.6,2,1.4924357174247898,1.4916911927901035
2012-05-25,-0.0007878449854978206,0.0,-0.0007878449854978206,0.6,2,1.491259909428639,1.4905159713639526
2012-05-29,0.0069122788567551816,0.0,0.0069122788567551816,0.6,2,1.5015679137705094,1.5008188333984678
2012-05-30,-0.004935175110422052,0.0,-0.004935175110422052,0.6,2,1.4941574131758608,1.493412029646627
2012-05-31,0.00023143156464757733,0.0,0.00023143156464757733,0.6,2,1.494503208363822,1.4937576523293117
2012-06-01,-0.011766520742523379,0.0,-0.011766520742523379,0.6,2,1.4769181053628415,1.4761813219288757
2012-06-04,-0.00258681609814102,0.0,-0.00258681609814102,0.6,2,1.473097589832253,1.472362712321535
2012-06-05,0.003229061330521454,0.0,0.003229061330521454,0.6,2,1.4778543122956647,1.4771170618203942
2012-06-06,0.01079378327307725,0.0,0.01079378327307725,0.6,2,1.4938059514517668,1.4930607432546483
2012-06-07,0.001402998900630825,0.0,0.001402998900630825,0.6,2,1.4959017595594093,1.4951555058360095
2012-06-08,0.005091596816760436,0.0,0.005091596816760436,0.6,2,1.5035182881965683,1.502768234850086
2012-06-11,-0.006439992082357437,0.0,-0.006439992082357437,0.6,2,1.4938356423249028,1.493090419316033
2012-06-12,0.004733000691521693,0.0,0.004733000691521693,0.6,2,1.5009059674530463,1.50015721730316
2012-06-13,-0.001727278465297921,0.0,-0.001727278465297921,0.6,2,1.4983134848970274,1.497566028047151
2012-06-14,0.005277380820122567,0.0,0.005277380820122567,0.6,2,1.506220655744754,1.5054692542804342
2012-06-15,0.007972892314929547,0.0,0.007972892314929547,0.6,2,1.5182295908355294,1.5174721985282495
2012-06-18,0.001067858491423923,0.0,0.001067858491423923,0.6,2,1.5198508451960342,1.5190926441009476
2012-06-19,0.004423209596336441,0.0,0.004423209596336441,0.6,2,1.5265734640395052,1.5258119092620588
2012-06-20,-0.0017859636526032397,0.0,-0.0017859636526032397,0.6,2,1.5238470593197022,1.5230868646514077
2012-06-21,-0.012593391276337896,0.0,-0.012593391276337896,0.6,2,1.5046566570563924,1.503906035817002
2012-06-22,0.002872522765368135,0.0,0.002872522765368135,0.6,2,1.5089788175578496,1.5082260401418608
2012-06-25,-0.007464567131651666,0.0,-0.007464567131651666,0.6,2,1.4977149438739485,1.4969677856155168
2012-06-26,0.0021244286629837905,0.0,0.0021244286629837905,0.6,2,1.5008967324296936,1.5001479868868417
2012-06-27,0.00595449634159566,0.0,0.00595449634159566,0.6,2,1.509833816532059,1.5090806125866114
2012-06-28,-0.00040133808628557395,0.0,-0.00040133808628557395,0.6,2,1.5092278627175229,1.5084749610615051
2012-06-29,0.013041575971344565,0.0,0.013041575971344565,0.6,2,1.5289105725472232,1.5281478518670597
2012-07-02,0.0036608230369747034,0.0,0.0036608230369747034,0.6,2,1.5345076435926783,1.5337421307270782
2012-07-03,0.0029585300325773328,0.0,0.0029585300325773328,0.6,2,1.5390475305414668,1.5382797528830636
2012-07-05,-0.0016355895470282931,0.0,-0.0016355895470282931,0.6,2,1.5365302804881336,1.5357637585988428
2012-07-06,-0.004298214328102801,0.0,-0.004298214328102801,0.6,2,1.5299259440209756,1.5291627168070523
2012-07-09,0.00035088013365773833,0.0,0.00035088013365773833,0.6,2,1.5304627646407003,1.52969926962551
2012-07-10,-0.005006204459152653,0.0,-0.005006204459152653,0.6,2,1.5228009551237889,1.5220412823207483
2012-07-11,-0.00027712889587256924,0.0,-0.00027712889587256924,0.6,2,1.5223789429764616,1.5216194807007062
2012-07-12,-0.001985979107796831,0.0,-0.001985979107796831,0.6,2,1.5193555302015604,1.5185975762020179
2012-07-13,0.009714317406903872,0.0,0.009714317406903872,0.6,2,1.5341150320758732,1.5333497150705993
2012-07-16,-0.0005331390921590407,0.0,-0.0005331390921590407,0.6,2,1.5332971353804048,1.5325322263955443
2012-07-17,0.003088238498642015,0.0,0.003088238498642015,0.6,2,1.538032322623744,1.5372650514175084
2012-07-18,0.004861559601395648,0.0,0.004861559601395648,0.6,2,1.5455095584290524,1.5447385570881171
2012-07-19,0.0009855093063579454,0.0,0.0009855093063579454,0.6,2,1.5470326724819494,1.5462609113120176
2012-07-20,-0.003924061858551164,0.0,-0.003924061858551164,0.6,2,1.5409620205779304,1.5401932878465694
2012-07-23,-0.005367250464102091,0.0,-0.005367250464102091,0.6,2,1.5326912914578197,1.5319266847075679
2012-07-24,-0.004379755086667214,0.0,-0.004379755086667214,0.6,2,1.5259784789777668,1.5252172210178188
2012-07-25,0.00035554959351429287,0.0,0.00035554959351429287,0.6,2,1.526521040005679,1.5257595113807727
2012-07-26,0.008641902867969663,0.0,0.008641902867969663,0.6,2,1.53971308655932,1.5389449768780061
2012-07-27,0.008128365563815044,0.0,0.008128365563815044,0.6,2,1.5522284373902644,1.5514540842326676
2012-07-30,0.0012877807079423541,0.0,0.0012877807079423541,0.6,2,1.554227367226255,1.5534520168716008
2012-07-31,-0.0035048303575805576,0.0,-0.0035048303575805576,0.6,2,1.548780063967018,1.5480074310838245
2012-08-01,-0.001948649837271832,0.0,-0.001948649837271832,0.6,2,1.5457620339473988,1.5449909066551475
2012-08-02,-0.003182054774147724,0.0,-0.003182054774147724,0.6,2,1.5408433344875803,1.5400746609646108
2012-08-03,0.009757617681070752,0.0,0.009757617681070752,0.6,2,1.5558782946519363,1.555102120706608
2012-08-06,0.0014219600945343692,0.0,0.0014219600945343692,0.6,2,1.5580906914988837,1.5573134138651787
2012-08-07,0.0009030968186524823,0.0,0.0009030968186524823,0.6,2,1.5594977982455485,1.5587198186548852
2012-08-08,0.00018035667451732373,0.0,0.00018035667451732373,0.6,2,1.5597790640823572,1.559000944177882
2012-08-09,0.0002176064881293184,0.0,0.0002176064881293184,0.6,2,1.56011848212675,1.559340192898335
2012-08-10,0.0021492622382601966,0.0,0.0021492622382601966,0.6,2,1.5634715858675967,1.5626916238915327
2012-08-13,-0.0005556116716332715,0.0,-0.0005556116716332715,0.6,2,1.5626029028062216,1.561823374186135
2012-08-14,-0.0018730612652729578,0.0,-0.0018730612652729578,0.6,2,1.5596760518359722,1.558897983320749
2012-08-15,-0.0013305052777293992,0.0,-0.0013305052777293992,0.6,2,1.5576008946174564,1.556823861326499
2012-08-16,0.0034492673865018195,0.0,0.0034492673865018195,0.6,2,1.5629734765844465,1.5621937630979004
2012-08-17,0.0012905646496833123,0.0,0.0012905646496833123,0.6,2,1.5649905949017189,1.5642098751445102
2012-08-20,0.00026852516227182665,0.0,0.00026852516227182665,0.6,2,1.5654108342551687,1.5646299048550605
2012-08-21,-0.0014683703547154535,0.0,-0.0014683703547154535,0.6,2,1.563112231393198,1.56233244868667
2012-08-22,0.0033590448379639203,0.0,0.0033590448379639203,0.6,2,1.5683627954652175,1.5675803934336145
2012-08-23,-0.004210661170743024,0.0,-0.004210661170743024,0.6,2,1.5617589511407142,1.5609798435389657
2012-08-24,0.0034539336599341166,0.0,0.0034539336599341166,0.6,2,1.5671531629507627,1.5663713643630437
2012-08-27,0.001169640178857545,0.0,0.001169640178857545,0.6,2,1.5689861682565733,1.5682034552458144
2012-08-28,-0.00044275101128017364,0.0,-0.00044275101128017364,0.6,2,1.5682914980438931,1.567509131580111
2012-08-29,0.00020711311773888855,0.0,0.00020711311773888855,0.6,2,1.5686163117855763,1.5678337832834366
2012-08-30,-0.003590652316778331,0.0,-0.003590652316778331,0.6,2,1.562983955991527,1.5622042372771665
2012-08-31,0.005449953128923513,0.0,0.005449953128923513,0.6,2,1.5715021452929405,1.5707181771481329
2012-09-04,-0.0014675867594079238,0.0,-0.0014675867594079238,0.6,2,1.5691958295521273,1.5684130119485888
2012-09-05,-0.0006577786078991066,0.0,-0.0006577786078991066,0.6,2,1.5681636461038435,1.5673813434209785
2012-09-06,0.009395630788356434,0.0,0.009395630788356434,0.6,2,1.582897532738358,1.5821078798283201
2012-09-07,0.00286852627189158,0.0,0.00286852627189158,0.6,2,1.5874381158967303,1.5866461978465742
2012-09-10,-0.0032267537044265325,0.0,-0.0032267537044265325,0.6,2,1.5823158440757128,1.5815264813500587
2012-09-11,0.0009310778234023154,0.0,0.0009310778234023154,0.6,2,1.58378910326775,1.5829990055839673
2012-09-12,3.2712370544185296e-05,0.0,3.2712370544185296e-05,0.6,2,1.5838409127637598,1.583050789234009
2012-09-13,0.010299058698292595,0.0,0.010299058698292595,0.6,2,1.600152983293071,1.5993547222347084
2012-09-14,-0.0011065214160106867,0.0,-0.0011065214160106867,0.6,2,1.5983823797481638,1.597585001982758
2012-09-17,-0.0012134048831202503,0.0,-0.0012134048831202503,0.6,2,1.5964428947634839,1.5956464845401523
2012-09-18,0.0005235688453724576,0.0,0.0005235688453724576,0.6,2,1.5972787425265982,1.5964819153276857
2012-09-19,0.0012625832654684199,0.0,0.0012625832654684199,0.6,2,1.5992954399372008,1.5984976066776015
2012-09-20,0.0002814645182363405,0.0,0.0002814645182363405,0.6,2,1.5997455848577202,1.598947527036367
2012-09-21,0.0006227970486249572,0.0,0.0006227970486249572,0.6,2,1.6007419016865205,1.5999433468371114
2012-09-24,-3.353171501462981e-06,0.0,-3.353171501462981e-06,0.6,2,1.6007365341243946,1.599937981952677
2012-09-25,-0.004886048367216999,0.0,-0.004886048367216999,0.6,2,1.5929152579954917,1.5921206075883085
2012-09-26,-0.0017120366426911057,0.0,-0.0017120366426911057,0.6,2,1.5901881287051016,1.5893948387685337
2012-09-27,0.004793390314135237,0.0,0.004793390314135237,0.6,2,1.5978105210788895,1.5970134285940234
2012-09-28,-0.002780472408677093,0.0,-0.002780472408677093,0.6,2,1.5933678530107358,1.592572976819531
2012-10-01,0.002328435393685635,0.0,0.002328435393685635,0.6,2,1.5970779071148469,1.5962811801057848
2012-10-02,0.0003731360167028132,0.0,0.0003731360167028132,0.6,2,1.5976738344034718,1.596876810106867
2012-10-03,0.0028533630416859076,0.0,0.0028533630416859076,0.6,2,1.602232577875227,1.6014332793789512
2012-10-04,0.002707163044186966,0.0,0.002707163044186966,0.6,2,1.6065700826982434,1.6057686203706172
2012-10-05,-0.0017561946658535281,0.0,-0.0017561946658535281,0.6,2,1.603748632888689,1.6029485780849273
2012-10-08,-0.0007523563293265311,0.0,-0.0007523563293265311,0.6,2,1.6025420424540864,1.60174258957662
2012-10-09,-0.006751033594102074,0.0,-0.006751033594102074,0.6,2,1.5917232272895179,1.590929171545284
2012-10-10,-0.002860742750445633,0.0,-0.002860742750445633,0.6,2,1.5871697166063334,1.5863779324513132
2012-10-11,0.0007368539640948413,0.0,0.0007368539640948413,0.6,2,1.5883392289037062,1.5875468613193926
2012-10-12,-0.001927847193084897,0.0,-0.001927847193084897,0.6,2,1.5852771535795975,1.5844863135589073
2012-10-15,0.005099158901002499,0.0,0.005099158901002499,0.6,2,1.5933607336878288,1.5925658610482079
2012-10-16,0.004176453726811946,0.0,0.004176453726811946,0.6,2,1.600015331062195,1.599217138673776
2012-10-17,0.00018887651876893182,0.0,0.00018887651876893182,0.6,2,1.600317536387903,1.5995191932396844
2012-10-18,-0.002268457783208877,0.0,-0.002268457783208877,0.6,2,1.5966872836168782,1.5958907514763878
2012-10-19,-0.008331628215191554,0.0,-0.008331628215191554,0.6,2,1.5833842787938583,1.582594383063024
2012-10-22,-0.0012582241082394366,0.0,-0.0012582241082394366,0.6,2,1.5813920265216728,1.5806031246566898
2012-10-23,-0.006439511071040127,0.0,-0.006439511071040127,0.6,2,1.5712086350592318,1.5704248133365424
2012-10-24,-0.002539850475569638,0.0,-0.002539850475569638,0.6,2,1.5672180000602576,1.5664361691275432
2012-10-25,0.0003084505875272205,0.0,0.0003084505875272205,0.6,2,1.5677014093731594,1.5669193372842345
2012-10-26,0.002204526724464784,0.0,0.002204526724464784,0.6,2,1.5711574490261035,1.5703736528383583
2012-10-31,0.001643625007038652,0.0,0.001643625007038652,0.6,2,1.5737398426993179,1.572954758244558
2012-11-01,0.005473550200647635,0.0,0.005473550200647635,0.6,2,1.5823537867310917,1.581564405077157
2012-11-02,-0.004945522255539236,0.0,-0.004945522255539236,0.6,2,1.5745282208626763,1.573742743113279
2012-11-05,0.0021985293631601177,0.0,0.0021985293631601177,0.6,2,1.577989867389367,1.5772026627440738
2012-11-06,0.0028686498260420907,0.0,0.0028686498260420907,0.6,2,1.58251656774795,1.5817271048881878
2012-11-07,-0.010319623211615657,0.0,-0.010319623211615657,0.6,2,1.566185593042652,1.5654042771421421
2012-11-08,-0.005441880612872518,0.0,-0.005441880612872518,0.6,2,1.557662598027713,1.5568855339550545
2012-11-09,0.0005659705374611913,0.0,0.0005659705374611913,0.6,2,1.558544189165502,1.5577666852974725
2012-11-12,0.000739321634209844,0.0,0.000739321634209844,0.6,2,1.5596964546024241,1.5589183759089642
2012-11-13,-0.0015994833717982494,0.0,-0.0015994833717982494,0.6,2,1.5572017460582348,1.556424911888707
2012-11-14,-0.007955927844518507,0.0,-0.007955927844518507,0.6,2,1.5448127613272373,1.5440421075943094
2012-11-15,-0.001197439254590904,0.0,-0.001197439254590904,0.6,2,1.542962941885831,1.5421932109639347
2012-11-16,0.0032164657657860474,0.0,0.0032164657657860474,0.6,2,1.5479258293662834,1.547153622631228
2012-11-19,0.011277658230226617,0.0,0.011277658230226617,0.6,2,1.5653828078356162,1.5646018924169198
2012-11-20,-0.0013955165624457645,0.0,-0.0013955165624457645,0.6,2,1.5631982902007138,1.562418464562418
2012-11-21,0.0005296761345892075,0.0,0.0005296761345892075,0.6,2,1.5640262790286636,1.563246040335338
2012-11-23,0.007927650313610313,0.0,0.007927650313610313,0.6,2,1.5764253324501,1.5756389082972526
2012-11-26,-0.0005987087580462626,0.0,-0.0005987087580462626,0.6,2,1.5754815127971562,1.5746955594833367
2012-11-27,-0.0021422763819933573,0.0,-0.0021422763819933573,0.6,2,1.5721063959620236,1.5713221263774257
2012-11-28,0.005377295851837505,0.0,0.005377295851837505,0.6,2,1.5805600771636774,1.5797715903294955
2012-11-29,0.0032026108842539537,0.0,0.0032026108842539537,0.6,2,1.585621996070019,1.58483098401932
2012-11-30,5.310502195818854e-05,0.0,5.310502195818854e-05,0.6,2,1.5857062005609377,1.5849151465035263
2012-12-03,-0.0030858194469400406,0.0,-0.0030858194469400406,0.6,2,1.5808129975301133,1.5800243845226958
2012-12-04,-0.00014870841810867843,0.0,-0.00014870841810867843,0.6,2,1.580577917329925,1.5797894215959003
2012-12-05,0.0013918364178471699,0.0,0.0013918364178471699,0.6,2,1.5827778232365097,1.5819882300454071
2012-12-06,0.0022594672818165846,0.0,0.0022594672818165846,0.6,2,1.5863540579424975,1.5855626806914136
2012-12-07,0.0006806369342390536,0.0,0.0006806369342390536,0.6,2,1.5874337891051133,1.5866418732134433
2012-12-10,0.0006225631428684153,0.0,0.0006225631428684153,0.6,2,1.5884220668739542,1.5876296579646378
2012-12-11,0.003306449438975223,0.0,0.003306449438975223,0.6,2,1.5936741041258253,1.5928790751565154
2012-12-12,-0.0013959166779506482,0.0,-0.0013959166779506482,0.6,2,1.591449467864658,1.5906555486895457
2012-12-13,-0.004458551659174703,0.0,-0.004458551659174703,0.6,2,1.5843539081992173,1.5835635287537604
2012-12-14,-0.0013422121692211017,0.0,-0.0013422121692211017,0.6,2,1.5822273691032793,1.5814380505147323
2012-12-17,0.0049262591651455965,0.0,0.0049262591651455965,0.6,2,1.5900218311816685,1.5892286242051905
2012-12-18,0.005105245327486817,0.0,0.005105245327486817,0.6,2,1.5981392827059109,1.5973420262132225
2012-12-19,-0.0038917884342940297,0.0,-0.0038917884342940297,0.6,2,1.591919662729085,1.591125508989994
2012-12-20,0.0037112640496594906,0.0,0.0037112640496594906,0.6,2,1.5978276969433176,1.5970305958900048
2012-12-21,-0.004329288285466413,0.0,-0.004329288285466413,0.6,2,1.590910240212747,1.5901165900396868
2012-12-24,-0.0022590060292832833,0.0,-0.0022590060292832833,0.6,2,1.587316364388058,1.5865245070755236
2012-12-26,-0.001698315383029381,0.0,-0.001698315383029381,0.6,2,1.5846206005886834,1.5838300880996041
2012-12-27,1.4138605935798437e-05,0.0,1.4138605935798437e-05,0.6,2,1.584643004914913,1.583852481249089
2012-12-28,-0.005574263357463827,0.0,-0.005574263357463827,0.6,2,1.5758097874779544,1.5750236703992342
2012-12-31,0.008116696104888431,0.0,0.008116696104888431,0.6,2,1.5886001566420218,1.5878076588898706
2013-01-02,0.013480494788306529,0.0,0.013480494788306529,0.6,2,1.6100152727743375,1.6092120917603687
2013-01-03,-0.003411775864803923,0.0,-0.003411775864803923,0.6,2,1.6045222615247203,1.60372182078435
2013-01-04,0.0028208698397540477,0.0,0.0028208698397540477,0.6,2,1.6090484099794693,1.608245711299956
2013-01-07,-0.0014125400961408237,0.0,-0.0014125400961408237,0.6,2,1.6067755645837418,1.6059739997482982
2013-01-08,-0.0007522264064867111,0.0,-0.0007522264064867111,0.6,2,1.6055669055747643,1.6047659436975563
2013-01-09,0.0017491416273134773,0.0,0.0017491416273134773,0.6,2,1.608375269484742,1.6075729066117725
2013-01-10,0.0036017994041479978,0.0,0.0036017994041479978,0.6,2,1.6141683145720185,1.6133630617489312
2013-01-11,0.0012382360495156286,0.0,0.0012382360495156286,0.6,2,1.6161670359691074,1.6153607860529455
2013-01-14,-0.0005566136442408442,0.0,-0.0005566136442408442,0.6,2,1.6152674553455146,1.6144616541990569
2013-01-15,0.0013971898144441663,0.0,0.0013971898144441663,0.6,2,1.6175242905817266,1.6167173635781147
2013-01-16,0.00044376031192590055,0.0,0.00044376031192590055,0.6,2,1.6182420836654627,1.617434798579672
2013-01-17,0.0020426339025761296,0.0,0.0020426339025761296,0.6,2,1.6215475598081333,1.6207386257344572
2013-01-18,0.002461638958601453,0.0,0.002461638958601453,0.6,2,1.625539224454582,1.6247282990772751
2013-01-22,0.0035740549227154302,0.0,0.0035740549227154302,0.6,2,1.631348990921811,1.6305351672526673
2013-01-23,0.0011521393003709024,0.0,0.0011521393003709024,0.6,2,1.6332285322068725,1.632413770899496
2013-01-24,-0.0005094528572549661,0.0,-0.0005094528572549661,0.6,2,1.6323964792645893,1.6315821330396887
2013-01-25,0.0007120082120767087,0.0,0.0007120082120767087,0.6,2,1.6335587589631906,1.6327438329170905
2013-01-28,-0.0015428569971337237,0.0,-0.0015428569971337237,0.6,2,1.6310384114016951,1.6302247426699474
2013-01-29,0.0017629764954508293,0.0,0.0017629764954508293,0.6,2,1.6339138937841737,1.6330987905735768
2013-01-30,-0.0021228103677360497,0.0,-0.0021228103677360497,0.6,2,1.6304454044304606,1.62963203152941
2013-01-31,-0.001141060569975738,0.0,-0.001141060569975738,0.6,2,1.6285849674679669,1.6277725226746622
2013-02-01,0.004811709261962704,0.0,0.004811709261962704,0.6,2,1.6364212448398257,1.6356048907983842
2013-02-04,-0.004455750876994546,0.0,-0.004455750876994546,0.6,2,1.629129759442998,1.6283170428717928
2013-02-05,0.004612402592863062,0.0,0.004612402592863062,0.6,2,1.6366439617695634,1.6358274966223378
2013-02-06,0.0016547589052755105,0.0,0.0016547589052755105,0.6,2,1.639352212940067,1.6385343967398682
2013-02-07,-0.0006051949262067868,0.0,-0.0006051949262067868,0.6,2,1.6383600852985298,1.6375427640365459
2013-02-08,0.003636183513908797,0.0,0.003636183513908797,0.6,2,1.6443174632305384,1.643497170038456
2013-02-11,-0.000532665984553038,0.0,-0.000532665984553038,0.6,2,1.643441591250069,1.6426217350002672
2013-02-12,0.0005739935700790343,0.0,0.0005739935700790343,0.6,2,1.6443849161562472,1.6435645893142294
2013-02-13,-0.0008812532662999085,0.0,-0.0008812532662999085,0.6,2,1.6429357965778302,1.6421161926515213
2013-02-14,0.0022606401713354484,0.0,0.0022606401713354484,0.6,2,1.646649883238499,1.6458284264826297
2013-02-15,-0.0010850963339769759,0.0,-0.0010850963339769759,0.6,2,1.6448631094868533,1.6440425440906983
2013-02-19,0.003851272166252029,0.0,0.003851272166252029,0.6,2,1.651197924997715,1.650374199380889
2013-02-20,-0.006613541263809819,0.0,-0.006613541263809819,0.6,2,1.6402776593860253,1.6394593815125562
2013-02-21,-0.002860857958508189,0.0,-0.002860857958508189,0.6,2,1.6355850579900075,1.634769121093305
2013-02-22,0.006338215195082509,0.0,0.006338215195082509,0.6,2,1.6459517480574097,1.6451306395770704
2013-02-25,-0.008254443124840404,0.0,-0.008254443124840404,0.6,2,1.6323653329668382,1.6315510022797493
2013-02-26,0.0033555651882176017,0.0,0.0033555651882176017,0.6,2,1.637842841252595,1.6370257780258006
2013-02-27,0.007382611044831998,0.0,0.007382611044831998,0.6,2,1.6499343979021255,1.6491113026153288
2013-02-28,-0.0006245944603567198,0.0,-0.0006245944603567198,0.6,2,1.648903858017244,1.6480812768312036
2013-03-01,0.0029897603466987107,0.0,0.0029897603466987107,0.6,2,1.6538336853874622,1.6530086448808101
2013-03-04,0.0022733875689104673,0.0,0.0022733875689104673,0.6,2,1.6575934903288676,1.6567665741853836
2013-03-05,0.004952084891851616,0.0,0.004952084891851616,0.6,2,1.6658020340091568,1.6649710229067318
2013-03-06,-0.0004504612372854711,0.0,-0.0004504612372854711,0.6,2,1.6650516547638445,1.6642210179997088
2013-03-07,-0.00045295757980969866,0.0,-0.00045295757980969866,0.6,2,1.6642974569960447,1.6634671964751273
2013-03-08,0.0005246392000570083,0.0,0.0005246392000570083,0.6,2,1.66517061268254,1.6643399165744073
2013-03-11,0.0024694658727221876,0.0,0.0024694658727221876,0.6,2,1.6692826946828196,1.668449947198997
2013-03-12,-0.0002499201982814724,0.0,-0.0002499201982814724,0.6,2,1.6688655072207765,1.6680329678573704
2013-03-13,0.0005083496414743927,0.0,0.0005083496414743927,0.6,2,1.669713874403041,1.6688809118185481
2013-03-14,0.0033054558853678807,0.0,0.0033054558853678807,0.6,2,1.6752330399560669,1.6743973240504968
2013-03-15,0.0006045408585386494,0.0,0.0006045408585386494,0.6,2,1.6762457867762943,1.675409565646313
2013-03-18,-0.0019706722584669645,0.0,-0.0019706722584669645,0.6,2,1.6729424557059223,1.6721078824937237
2013-03-19,-0.0001515184670140223,0.0,-0.0001515184670140223,0.6,2,1.6726889740296311,1.6718545272706862
2013-03-20,0.00265279266121432,0.0,0.00265279266121432,0.6,2,1.677126271064431,1.6762896106912477
2013-03-21,-0.004083749327580732,0.0,-0.004083749327580732,0.6,2,1.6702773077827038,1.6694440641207569
2013-03-22,0.00496091890379371,0.0,0.00496091890379371,0.6,2,1.6785634180534608,1.6777260407372798
2013-03-25,-0.002194923166459217,0.0,-0.002194923166459217,0.6,2,1.6748791003208043,1.6740435609834936
2013-03-26,0.0052056920206054345,0.0,0.0052056920206054345,0.6,2,1.683598005088823,1.6827581161910512
2013-03-27,0.0017388354247287238,0.0,0.0017388354247287238,0.6,2,1.6865255049410741,1.685684155614734
2013-03-28,0.0011011418198630049,0.0,0.0011011418198630049,0.6,2,1.6883826087048304,1.6875403329335616
2013-04-01,-0.001311841918728351,0.0,-0.001311841918728351,0.6,2,1.6861677176238794,1.6853265467852747
2013-04-02,0.002175877146500582,0.0,0.002175877146500582,0.6,2,1.6898366114258243,1.6889936103028156
2013-04-03,-0.004403534833070233,0.0,-0.004403534833070233,0.6,2,1.6823953570452133,1.681556068107014
2013-04-04,0.004028048495347036,0.0,0.004028048495347036,0.6,2,1.689172127131738,1.688329457496994
2013-04-05,-0.0013789317045528543,0.0,-0.0013789317045528543,0.6,2,1.686842874131189,1.6860013664803208
2013-04-08,0.0027669982942282174,0.0,0.0027669982942282174,0.6,2,1.6915103654865409,1.6906665293854384
2013-04-09,0.002220885923616711,0.0,0.002220885923616711,0.6,2,1.6952670170469017,1.6944213068820806
2013-04-10,0.0056682457284625174,0.0,0.0056682457284625174,0.6,2,1.704876207074881,1.7040257032170307
2013-04-11,0.0024116105698053667,0.0,0.0024116105698053667,0.6,2,1.7089877045560724,1.7081351496141288
2013-04-12,0.0007541715295275033,0.0,0.0007541715295275033,0.6,2,1.7102765744271613,1.7094233765125533
2013-04-15,-0.013073694124784607,0.0,-0.013073694124784607,0.6,2,1.687916941624316,1.6870748981582715
2013-04-16,0.007684559743652608,0.0,0.007684559743652608,0.6,2,1.7008878402045515,1.7000393260051854
2013-04-17,-0.008061070494050448,0.0,-0.008061070494050448,0.6,2,1.6871768634221893,1.6863351891555995
2013-04-18,-0.0035230956067596516,0.0,-0.0035230956067596516,0.6,2,1.6812327780268401,1.6803940690591612
2013-04-19,0.004986365970536743,0.0,0.004986365970536743,0.6,2,1.689616019939744,1.6887731288622094
2013-04-22,0.0028804887667945867,0.0,0.0028804887667945867,0.6,2,1.6944829399053767,1.6936376208895616
2013-04-23,0.005913075179882732,0.0,0.005913075179882732,0.6,2,1.7045025449200661,1.7036522274693595
2013-04-24,0.0005644633425013535,0.0,0.0005644633425013535,0.6,2,1.7054646741238737,1.7046138767001366
2013-04-25,0.0019882565053371158,0.0,0.0019882565053371158,0.6,2,1.708855575356823,1.7080030863295734
2013-04-26,0.0003763870825083782,0.0,0.0003763870825083782,0.6,2,1.70949876652126,1.7086459566281524
2013-04-29,0.0038662659278803076,0.0,0.0038662659278803076,0.6,2,1.7161081433560146,1.7152520362730743
2013-04-30,0.0013589817952917027,0.0,0.0013589817952917027,0.6,2,1.7184403030815874,1.7175830325647063
2013-05-01,-0.003963398282907904,0.0,-0.003963398282907904,0.6,2,1.711629439735074,1.7107755669226876
2013-05-02,0.005561965035942373,0.0,0.005561965035942373,0.6,2,1.7211494628333701,1.7202908408102562
2013-05-03,0.0026587857044410683,0.0,0.0026587857044410683,0.6,2,1.7257256304203579,1.7248647255052836
2013-05-06,0.0010060073398164612,0.0,0.0010060073398164612,0.6,2,1.72746172307107,1.7265999520793323
2013-05-07,0.002482059526419533,0.0,0.002482059526419533,0.6,2,1.7317493858973436,1.730885475938706
2013-05-08,0.003216374510254183,0.0,0.003216374510254183,0.6,2,1.7373193404802922,1.7364526518636845
2013-05-09,-0.0017640886154621116,0.0,-0.0017640886154621116,0.6,2,1.7342545552103288,1.7333893955092428
2013-05-10,-0.00031178908147251345,0.0,-0.00031178908147251345,0.6,2,1.7337138335755202,1.7328489436217827
2013-05-13,-0.00022887275170775374,0.0,-0.00022887275170775374,0.6,2,1.7333170337197559,1.732452341715762
2013-05-14,0.0045929562298686385,0.0,0.0045929562298686385,0.6,2,1.7412780829881163,1.7404094194915958
2013-05-15,0.00428867362304488,0.0,0.00428867362304488,0.6,2,1.7487458563730136,1.7478734674622685
2013-05-16,-0.0009157572428289961,0.0,-0.0009157572428289961,0.6,2,1.7471444296891727,1.7462728396748912
2013-05-17,0.0036325387601835674,0.0,0.0036325387601835674,0.6,2,1.7534909995496577,1.7526162434508663
2013-05-20,-0.00033371553528083176,0.0,-0.00033371553528083176,0.6,2,1.752905832362133,1.7520313681830413
2013-05-21,0.0019113436069875256,0.0,0.0019113436069875256,0.6,2,1.7562562377184694,1.7553801021378594
2013-05-22,-0.007616827347691002,0.0,-0.007616827347691002,0.6,2,1.7428791371774626,1.7420096749703031
2013-05-23,-0.0012686298445456095,0.0,-0.0012686298445456095,0.6,2,1.7406680686886034,1.7397997095071487
2013-05-24,-0.0003387902491054362,0.0,-0.0003387902491054362,0.6,2,1.7400783473200025,1.7392102823301712
2013-05-28,-0.0010881368940486085,0.0,-0.0010881368940486085,0.6,2,1.7381849038717485,1.737317783455459
2013-05-29,-0.0022660960375720848,0.0,-0.0022660960375720848,0.6,2,1.734246009948517,1.733380854510367
2013-05-30,0.0022516556774029085,0.0,0.0022516556774029085,0.6,2,1.7381509348228308,1.7372838313525267
2013-05-31,-0.009727521385629424,0.0,-0.009727521385629424,0.6,2,1.72124303443289,1.720384365730137
2013-06-03,0.003880319427456369,0.0,0.003880319427456369,0.6,2,1.7279220072187738,1.7270600066071717
2013-06-04,-0.003908507152622076,0.0,-0.003908507152622076,0.6,2,1.7211684116943862,1.7203097802183402
2013-06-05,-0.006479897924916811,0.0,-0.006479897924916811,0.6,2,1.7100154160750154,1.7091623484432894
2013-06-06,0.005927178780518671,0.0,0.005927178780518671,0.6,2,1.7201509831635349,1.719292859247444
2013-06-07,0.004499690091507791,0.0,0.004499690091507791,0.6,2,1.7278911294983732,1.7270291442905996
2013-06-10,-0.0009864335679049762,0.0,-0.0009864335679049762,0.6,2,1.7261866796865508,1.7253255447699212
2013-06-11,-0.005193393609777508,0.0,-0.005193393609777508,0.6,2,1.7172219128149835,1.716365250110927
2013-06-12,-0.00669819153615072,0.0,-0.00669819153615072,0.6,2,1.7057196315328738,1.7048687069196908
2013-06-13,0.012152113704339506,0.0,0.012152113704339506,0.6,2,1.7264477304429853,1.725586465297149
2013-06-14,-0.003233961472915991,0.0,-0.003233961472915991,0.6,2,1.7208644649977294,1.7200059851501928
2013-06-17,0.0036807874204800137,0.0,0.0036807874204800137,0.6,2,1.7271986012728442,1.726336961543484
2013-06-18,0.004514560802091916,0.0,0.004514560802091916,0.6,2,1.7349961443755788,1.734130614721271
2013-06-19,-0.0137773117061998,0.0,-0.0137773117061998,0.6,2,1.7110925616854618,1.710238956702992
2013-06-20,-0.01677205911767199,0.0,-0.01677205911767199,0.6,2,1.6823940160850643,1.6815547278158238
2013-06-21,-0.0022941187472085285,0.0,-0.0022941187472085285,0.6,2,1.678534404432572,1.6776970415902843
2013-06-24,-0.008560039440348933,0.0,-0.008560039440348933,0.6,2,1.6641660837286467,1.663335888745315
2013-06-25,0.005297878818663548,0.0,0.005297878818663548,0.6,2,1.672982633974371,1.6721480407186216
2013-06-26,0.007549435907945234,0.0,0.007549435907945234,0.6,2,1.685612709144666,1.684771815180623
2013-06-27,0.005675463640892486,0.0,0.005675463640892486,0.6,2,1.6951793427880428,1.694333676360881
2013-06-28,-0.0029213991940078014,0.0,-0.0029213991940078014,0.6,2,1.690227047222323,1.68938385132438
2013-07-01,0.003667289432981091,0.0,0.003667289432981091,0.6,2,1.6964255990119401,1.6955793108705906
2013-07-02,-0.00040062818183090866,0.0,-0.00040062818183090866,0.6,2,1.6957459631085965,1.6949000140141264
2013-07-03,-0.0005070084085568197,0.0,-0.0005070084085568197,0.6,2,1.6948862056465241,1.6940406854553582
2013-07-05,-0.0002902789451054051,0.0,-0.0002902789451054051,0.6,2,1.6943942158666754,1.6935489411122187
2013-07-08,0.005765420577846037,0.0,0.005765420577846037,0.6,2,1.7041631111458166,1.7033129630268966
2013-07-09,0.004987315375252477,0.0,0.004987315375252477,0.6,2,1.7126623100319722,1.7118079219562674
2013-07-10,-0.0012032457763454518,0.0,-0.0012032457763454518,0.6,2,1.71060155634112,1.709748196304259
2013-07-11,0.012153901036914626,0.0,0.012153901036914626,0.6,2,1.7313920383704824,1.7305283066801842
2013-07-12,-5.909331259903463e-05,0.0,-5.909331259903463e-05,0.6,2,1.7312897246795276,1.7304260440299961
2013-07-15,0.003546098505181039,0.0,0.003546098505181039,0.6,2,1.7374290485842487,1.736562305238057
2013-07-16,-0.0020502264664362894,0.0,-0.0020502264664362894,0.6,2,1.733866925565286,1.7330019592392423
2013-07-17,0.0033070839527117087,0.0,0.0033070839527117087,0.6,2,1.7396009690509604,1.7387331422086603
2013-07-18,0.0014118683029724628,0.0,0.0014118683029724628,0.6,2,1.7420570565189837,1.7411880044194723
2013-07-19,0.0032595967975215913,0.0,0.0032595967975215913,0.6,2,1.7477354601215127,1.746863575262561
2013-07-22,0.001130879323956435,0.0,0.001130879323956435,0.6,2,1.7497119380171096,1.7488390671615979
2013-07-23,-0.001736195550567454,0.0,-0.001736195550567454,0.6,2,1.7466740959355496,1.7458027405545333
2013-07-24,-0.004873449354893866,0.0,-0.004873449354893866,0.6,2,1.7381617681895027,1.737294659314806
2013-07-25,0.002058675539461619,0.0,0.002058675539461619,0.6,2,1.7417400793053017,1.7408711853347747
2013-07-26,0.0010053267659042128,0.0,0.0010053267659042128,0.6,2,1.7434910972262756,1.7426213297333832
2013-07-29,-0.002668297725587787,0.0,-0.002668297725587787,0.6,2,1.7388389438969643,1.737971497202695
2013-07-30,-0.00011188004775466477,0.0,-0.00011188004775466477,0.6,2,1.7386444025128833,1.7377770528685916
2013-07-31,0.0007251762667467301,0.0,0.0007251762667467301,0.6,2,1.739905226169898,1.7390372475442293
2013-08-01,0.0033791920713053254,0.0,0.0033791920713053254,0.6,2,1.745784700114994,1.7449137884228354
2013-08-02,0.004424850560263427,0.0,0.004424850560263427,0.6,2,1.753509536523397,1.7526347711771493
2013-08-05,-0.002134269170933578,0.0,-0.002134269170933578,0.6,2,1.749767075178657,1.7488941768171196
2013-08-06,-0.00329557334439381,0.0,-0.00329557334439381,0.6,2,1.7440005894468003,1.7431305677858355
2013-08-07,-0.00048766510906930163,0.0,-0.00048766510906930163,0.6,2,1.7431501012091308,1.7422805038273743
2013-08-08,0.002790796284371533,0.0,0.002790796284371533,0.6,2,1.7480148780346874,1.747142853783789
2013-08-09,-0.0014572425267143307,0.0,-0.0014572425267143307,0.6,2,1.7454675964170858,1.7445968429170102
2013-08-12,-0.001478406372218455,0.0,-0.001478406372218455,0.6,2,1.742887086000042,1.7420176198274897
2013-08-13,-0.0018448479099281382,0.0,-0.0018448479099281382,0.6,2,1.7396717244021942,1.738803862262493
2013-08-14,-0.00272280134622338,0.0,-0.00272280134622338,0.6,2,1.7349349438890052,1.7340694447655063
2013-08-15,-0.01063663167050093,0.0,-0.01063663167050093,0.6,2,1.7164810799185768,1.7156247867904657
2013-08-16,-0.003536579419073571,0.0,-0.003536579419073571,0.6,2,1.7104106082581076,1.70955734347865
2013-08-19,-0.005558121356608115,0.0,-0.005558121356608115,0.6,2,1.700903938527779,1.700055416297515
2013-08-20,0.005110262343113492,0.0,0.005110262343113492,0.6,2,1.709596003874091,1.708743145472626
2013-08-21,-0.00621939774162652,0.0,-0.00621939774162652,0.6,2,1.6989633463485028,1.698115792212654
2013-08-22,0.005299849208011453,0.0,0.005299849208011453,0.6,2,1.7079675958940883,1.707115549849124
2013-08-23,0.004274243938651878,0.0,0.004274243938651878,0.6,2,1.7152678660382523,1.714412178140645
2013-08-26,-0.0014306703197766832,0.0,-0.0014306703197766832,0.6,2,1.7128138832118447,1.7119594195215153
2013-08-27,-0.007418548957272408,0.0,-0.007418548957272408,0.6,2,1.7001072895645417,1.6992591647549313
2013-08-28,0.0005053697557572123,0.0,0.0005053697557572123,0.6,2,1.7009664723702298,1.7001179189439914
2013-08-29,0.0013590596184268606,0.0,0.0013590596184268606,0.6,2,1.703278187215126,1.702428480554192
2013-08-30,-0.0026490395860787833,0.0,-0.0026490395860787833,0.6,2,1.6987661358710886,1.697918680116736
2013-09-03,0.0004703138304327447,0.0,0.0004703138304327447,0.6,2,1.6995650890794596,1.698717234754945
2013-09-04,0.0036397612535509884,0.0,0.0036397612535509884,0.6,2,1.705751100238579,1.7049001599267455
2013-09-05,-0.0023057214873037695,0.0,-0.0023057214873037695,0.6,2,1.7018181132747667,1.7009691349942948
2013-09-06,0.0027321548895021365,0.0,0.0027321548895021365,0.6,2,1.7064677439539935,1.7056164461333616
2013-09-09,0.006544540101667851,0.0,0.006544540101667851,0.6,2,1.7176357905365032,1.7167789213631457
2013-09-10,0.0025803139945295593,0.0,0.0025803139945295593,0.6,2,1.7220678302043293,1.7212087500394524
2013-09-11,0.00390634191792123,0.0,0.00390634191792123,0.6,2,1.7287948159549602,1.7279323799292243
2013-09-12,-0.0015511938325907249,0.0,-0.0015511938325907249,0.6,2,1.7261131200986362,1.7252520218783443
2013-09-13,0.0018715109062714674,0.0,0.0018715109062714674,0.6,2,1.729343559628359,1.7284808498533564
2013-09-16,0.004413182910534873,0.0,0.004413182910534873,0.6,2,1.7369754690721546,1.7361089520011161
2013-09-17,0.003477739638997601,0.0,0.003477739638997601,0.6,2,1.7430162175129131,1.7421466869211089
2013-09-18,0.011912380101789233,0.0,0.011912380101789233,0.6,2,1.7637796892195101,1.762899800448786
2013-09-19,-0.002381505129972261,0.0,-0.002381505129972261,0.6,2,1.759579238841493,1.75870144553039
2013-09-20,-0.0037854041151270884,0.0,-0.0037854041151270884,0.6,2,1.7529185203498903,1.7520440498411993
2013-09-23,-0.001275149061308256,0.0,-0.001275149061308256,0.6,2,1.7506832879441163,1.7498099325156737
2013-09-24,4.674509676434469e-05,0.0,4.674509676434469e-05,0.6,2,1.7507651238038149,1.7498917275502883
2013-09-25,-0.0006318197735293075,0.0,-0.0006318197735293075,0.6,2,1.7496589557797901,1.7487861113552867
2013-09-26,0.0014427571235003712,0.0,0.0014427571235003712,0.6,2,1.7521832887019375,1.751309184974923
2013-09-27,-0.0022065835791539755,0.0,-0.0022065835791539755,0.6,2,1.74831694982942,1.747444774885336
2013-09-30,-0.002514173248742457,0.0,-0.002514173248742457,0.6,2,1.7439213781238359,1.7430513959786644
2013-10-01,0.0038549951811789993,0.0,0.0038549951811789993,0.6,2,1.7506441866328584,1.7497708507107095
2013-10-02,0.00011907481906074961,0.0,0.00011907481906074961,0.6,2,1.7508526442726213,1.7499792043581555
2013-10-03,-0.004992307209000213,0.0,-0.004992307209000213,0.6,2,1.742111849994722,1.7412427705606377
2013-10-04,0.003444593920706929,0.0,0.003444593920706929,0.6,2,1.748112717882405,1.7472406448225857
2013-10-07,-0.0048300517628215404,0.0,-0.0048300517628215404,0.6,2,1.7396692429677862,1.738801382065987
2013-10-08,-0.007185447890665597,0.0,-0.007185447890665597,0.6,2,1.7271689402754475,1.7263073153429345
2013-10-09,-0.00027120511405123184,0.0,-0.00027120511405123184,0.6,2,1.7267005232260144,1.7258391319705895
2013-10-10,0.012001884327651122,0.0,0.012001884327651122,0.6,2,1.7474241831742676,1.746552453600634
2013-10-11,0.004466598151024636,0.0,0.004466598151024636,0.6,2,1.7552292247998895,1.754353601560554
2013-10-14,0.0010952553054902384,0.0,0.0010952553054902384,0.6,2,1.7571516489207029,1.756275066650369
2013-10-15,-0.004279213701452433,0.0,-0.004279213701452433,0.6,2,1.7496324215091117,1.7487595903216395
2013-10-16,0.010289416190900135,0.0,0.010289416190900135,0.6,2,1.7676351176751115,1.766753305564287
2013-10-17,0.0063142718436470565,0.0,0.0063142718436470565,0.6,2,1.7787964463284893,1.777909066216282
2013-10-18,0.00408476223576355,0.0,0.00408476223576355,0.6,2,1.7860624068775623,1.785171402028584
2013-10-21,-0.0002386573733204056,0.0,-0.0002386573733204056,0.6,2,1.7856361499149507,1.7847453577108492
2013-10-22,0.00624358192881429,0.0,0.00624358192881429,0.6,2,1.796784915511997,1.7958885615737878
2013-10-23,-0.002176810452491029,0.0,-0.002176810452491029,0.6,2,1.7928736553270321,1.7919792525814449
2013-10-24,0.0011779793519623993,0.0,0.0011779793519623993,0.6,2,1.7949856234736847,1.7940901671401308
2013-10-25,0.003436982288975665,0.0,0.003436982288975665,0.6,2,1.8011549572705299,1.800256423269417
2013-10-28,0.0005671774790871885,0.0,0.0005671774790871885,0.6,2,1.80217653179864,1.8012774881692775
2013-10-29,0.0037405030390817553,0.0,0.0037405030390817553,0.6,2,1.8089175785927947,1.8080151720880042
2013-10-30,-0.004022067196898837,0.0,-0.004022067196898837,0.6,2,1.801641990538043,1.8007432135728538
2013-10-31,-0.0021662141596430207,0.0,-0.0021662141596430207,0.6,2,1.797739248147532,1.7968424181257312
2013-11-01,-0.0007891871761954939,0.0,-0.0007891871761954939,0.6,2,1.7963204953867506,1.7954243731317023
2013-11-04,0.0028942910881344375,0.0,0.0028942910881344375,0.6,2,1.8015195697879818,1.8006208538942767
2013-11-05,-0.003700331347320618,0.0,-0.003700331347320618,0.6,2,1.7948533504510837,1.7939579601039726
2013-11-06,0.004279092832845777,0.0,0.004279092832845777,0.6,2,1.8025336945590082,1.80163447275348
2013-11-07,-0.006512365993237123,0.0,-0.006512365993237123,0.6,2,1.790794935424898,1.7899015696808767
2013-11-08,0.0035975201288701115,0.0,0.0035975201288701115,0.6,2,1.7972373562517676,1.7963407766064996
2013-11-11,-9.512980527333077e-05,0.0,-9.512980527333077e-05,0.6,2,1.7970663854120374,1.7961698910582165
2013-11-12,-0.001574395731985967,0.0,-0.001574395731985967,0.6,2,1.7942370917647494,1.7933420088478127
2013-11-13,0.006514547145205807,0.0,0.006514547145205807,0.6,2,1.8059257338887278,1.8050248199119296
2013-11-14,0.004921542381883136,0.0,0.004921542381883136,0.6,2,1.8148136739265945,1.8139083260634772
2013-11-15,0.0022940265713920823,0.0,0.0022940265713920823,0.6,2,1.8189769047167077,1.818069479961536
2013-11-18,-0.0006810833612666211,0.0,-0.0006810833612666211,0.6,2,1.8177380298123769,1.8168312230891075
2013-11-19,-0.0027932715333354617,0.0,-0.0027932715333354617,0.6,2,1.8126605939186407,1.8117563201527778
2013-11-20,-0.004069240329350832,0.0,-0.004069240329350832,0.6,2,1.8052844423264418,1.8043838482678558
2013-11-21,0.005190289800428127,0.0,0.005190289800428127,0.6,2,1.8146543917543203,1.8137491233515777
2013-11-22,0.004143689626016522,0.0,0.004143689626016522,0.6,2,1.822173756332238,1.8212647367782062
2013-11-25,-0.0002791616896449914,0.0,-0.0002791616896449914,0.6,2,1.8216650752275934,1.8207563094369963
2013-11-26,0.0010301437165494143,0.0,0.0010301437165494143,0.6,2,1.8235416520584966,1.8226319501085304
2013-11-27,0.0005581102943245763,0.0,0.0005581102943245763,0.6,2,1.82455938942664,1.8236491797626508
2013-11-29,-0.0006316499264530595,0.0,-0.0006316499264530595,0.6,2,1.8234069066224996,1.8224972718923775
2013-12-02,-0.003276361281684936,0.0,-0.003276361281684936,0.6,2,1.8174327668328847,1.816526112394773
2013-12-03,-0.001881231916102055,0.0,-0.001881231916102055,0.6,2,1.814013754306549,1.8131088054957032
2013-12-04,-0.0018753273594029896,0.0,-0.0018753273594029896,0.6,2,1.8106118846827648,1.8097086329471825
2013-12-05,-0.0036328996503324886,0.0,-0.0036328996503324886,0.6,2,1.8040341134000129,1.8031341430873449
2013-12-06,0.007056182804252797,0.0,0.007056182804252797,0.6,2,1.8167637078892716,1.8158573872215589
2013-12-09,0.0020026802984153937,0.0,0.0020026802984153937,0.6,2,1.8204021047739376,1.8194939690356797
2013-12-10,-0.00048586218941397674,0.0,-0.00048586218941397674,0.6,2,1.8195176402216984,1.8186099457122586
2013-12-11,-0.008279122573281138,0.0,-0.008279122573281138,0.6,2,1.8044536306540557,1.8035534510587188
2013-12-12,-0.003132973375319925,0.0,-0.003132973375319925,0.6,2,1.7988003254722171,1.7979029661155854
2013-12-13,0.0005327516691953527,0.0,0.0005327516691953527,0.6,2,1.7997586393481615,1.7988608019218346
2013-12-16,0.0035380734022405934,0.0,0.0035380734022405934,0.6,2,1.8061263175204918,1.8052253034794474
2013-12-17,-0.000633959141100626,0.0,-0.000633959141100626,0.6,2,1.8049813072315173,1.8040808643965605
2013-12-18,0.00872245129100211,0.0,0.00872245129100211,0.6,2,1.8207251687650134,1.8198168718612884
2013-12-19,-0.0023612451816291237,0.0,-0.0023612451816291237,0.6,2,1.816425990233196,1.8155198380411584
2013-12-20,0.004725217044792407,0.0,0.004725217044792407,0.6,2,1.82500899728285,1.8240985633250293
2013-12-23,0.0019285370132408716,0.0,0.0019285370132408716,0.6,2,1.8285285946836076,1.8276164049202013
2013-12-24,-0.00024495156033732556,0.0,-0.00024495156033732556,0.6,2,1.8280806937512184,1.827168727430118
2013-12-26,0.0027016235758801966,0.0,0.0027016235758801966,0.6,2,1.833019479652068,1.832105049541254
2013-12-27,-0.0002734638918585608,0.0,-0.0002734638918585608,0.6,2,1.8325182150113097,1.8316040349641127
2013-12-30,0.0009881510819963468,0.0,0.0009881510819963468,0.6,2,1.834329019868251,1.8334139364730513
2013-12-31,0.0010291824162223851,0.0,0.0010291824162223851,0.6,2,1.8362168790410656,1.8353008538581264
2014-01-02,-0.00419303270728335,0.0,-0.00419303270728335,0.6,2,1.8285175616095806,1.8276053773501941
2014-01-03,-0.00033676568181419955,0.0,-0.00033676568181419955,0.6,2,1.827901779646236,1.8269899025792036
2014-01-06,-0.0006026541875942424,0.0,-0.0006026541875942424,0.6,2,1.8268001869842214,1.825888859463722
2014-01-07,0.0043207260064006105,0.0,0.0043207260064006105,0.6,2,1.8346932900606217,1.833778024943604
2014-01-08,-0.0018312595496198015,0.0,-0.0018312595496198015,0.6,2,1.8313334904525747,1.830419901423543
2014-01-09,0.001441741046734446,0.0,0.001441741046734446,0.6,2,1.8339737991160197,1.8330588929281848
2014-01-10,0.0049934072102385315,0.0,0.0049934072102385315,0.6,2,1.843131577107914,1.8422121024209241
2014-01-13,-0.006847620142955901,0.0,-0.006847620142955901,0.6,2,1.8305105121943916,1.8295973337207894
2014-01-14,0.005015878300081499,0.0,0.005015878300081499,0.6,2,1.8396921301505786,1.8387743712848865
2014-01-15,0.002873652027758444,0.0,0.002873652027758444,0.6,2,1.844978765170837,1.8440583689855194
2014-01-16,0.00033592019306345484,0.0,0.00033592019306345484,0.6,2,1.8455985307938312,1.8446778254288494
2014-01-17,-0.0015867286355197186,0.0,-0.0015867286355197186,0.6,2,1.8426700667553475,1.8417508222999333
2014-01-21,0.0013384321892239593,0.0,0.0013384321892239593,0.6,2,1.8451363556868123,1.8442158808850293
2014-01-22,-0.0007193415839269025,0.0,-0.0007193415839269025,0.6,2,1.8438090723781513,1.8428892597121702
2014-01-23,-0.002224790856588354,0.0,-0.002224790856588354,0.6,2,1.8397069828126298,1.8387892165374577
2014-01-24,-0.011241275804950246,0.0,-0.011241275804950246,0.6,2,1.81902632921854,1.8181188798071917
2014-01-27,-0.004168673652536659,0.0,-0.004168673652536659,0.6,2,1.811443402086656,1.81053973553576
2014-01-28,0.004162161441653289,0.0,0.004162161441653289,0.6,2,1.8189829219685587,1.8180754942115882
2014-01-29,-0.0038800843807339502,0.0,-0.0038800843807339502,0.6,2,1.8119251147442068,1.8110212078835026
2014-01-30,0.005957894640341043,0.0,0.005957894640341043,0.6,2,1.8227203736740407,1.8218110814314958
2014-01-31,-0.0018959258838850959,0.0,-0.0018959258838850959,0.6,2,1.8192646309385074,1.8183570626466612
2014-02-03,-0.011340348085433025,0.0,-0.011340348085433025,0.6,2,1.798633536764148,1.7977362606126424
2014-02-04,0.002988593889701496,0.0,0.002988593889701496,0.6,2,1.8040089219619333,1.803108964216404
2014-02-05,-0.0021950901824714596,0.0,-0.0021950901824714596,0.6,2,1.8000489596882439,1.7991509774311263
2014-02-06,0.007151683201909042,0.0,0.007151683201909042,0.6,2,1.81292233959586,1.8120179352541186
2014-02-07,0.008476380758879465,0.0,0.008476380758879465,0.6,2,1.8282893596325531,1.827377289215251
2014-02-10,0.001298279094445398,0.0,0.001298279094445398,0.6,2,1.830662989486761,1.8297497349475036
2014-02-11,0.00479691219549152,0.0,0.00479691219549152,0.6,2,1.8394445191068651,1.838526883765771
2014-02-12,-0.0006469119038991168,0.0,-0.0006469119038991168,0.6,2,1.8382545605508929,1.8373375188390244
2014-02-13,0.0050377325196162785,0.0,0.0050377325196162785,0.6,2,1.847515195329913,1.8465935338071908
2014-02-14,0.003040201501752704,0.0,0.003040201501752704,0.6,2,1.853132013801266,1.8522075502417985
2014-02-18,0.001698831091185582,0.0,0.001698831091185582,0.6,2,1.856280172082383,1.855354138015478
2014-02-19,-0.004760291724040733,0.0,-0.004760291724040733,0.6,2,1.8474437369417183,1.8465221110671184
2014-02-20,0.0031050696750174914,0.0,0.0031050696750174914,0.6,2,1.8531801784655968,1.852255690878442
2014-02-21,-0.0001688083772115155,0.0,-0.0001688083772115155,0.6,2,1.8528673461269893,1.851943014601084
2014-02-24,0.002931379249262678,0.0,0.002931379249262678,0.6,2,1.8582988030170624,1.8573717619249026
2014-02-25,0.001147418888710572,0.0,0.001147418888710572,0.6,2,1.8604310501645125,1.859502945367893
2014-02-26,0.001208584185678152,0.0,0.001208584185678152,0.6,2,1.8626795377102858,1.8617503112208866
2014-02-27,0.0036223962529380533,0.0,0.0036223962529380533,0.6,2,1.869426901088112,1.8684943085721595
2014-02-28,0.0011287335701199329,0.0,0.0011287335701199329,0.6,2,1.8715369859882556,1.870603340823823
2014-03-03,-0.002233840731377778,0.0,-0.002233840731377778,0.6,2,1.867356270438675,1.8664247108888394
2014-03-04,0.00532900971619008,0.0,0.00532900971619008,0.6,2,1.877307430147431,1.8763709063077032
2014-03-05,0.0009765328444593546,0.0,0.0009765328444593546,0.6,2,1.8791406825121175,1.8782032441261005
2014-03-06,-0.00034924359304910896,0.0,-0.00034924359304910896,0.6,2,1.8784844046683122,1.8775472936766455
2014-03-07,-0.0014643633924384504,0.0,-0.0014643633924384504,0.6,2,1.8757336208728494,1.8747978821522135
2014-03-10,0.00011647145833491022,0.0,0.00011647145833491022,0.6,2,1.8759520903031202,1.875016242595631
2014-03-11,-0.002565255973281033,0.0,-0.002565255973281033,0.6,2,1.871139792997881,1.8702063459793135
2014-03-12,0.0017514456877729238,0.0,0.0017514456877729238,0.6,2,1.8744169927195475,1.8734819108192247
2014-03-13,-0.004337055026507275,0.0,-0.004337055026507275,0.6,2,1.8662875430795025,1.8653565166808357
2014-03-14,-0.001646326356892591,0.0,-0.001646326356892591,0.6,2,1.8632150247077905,1.8622855310824227
2014-03-17,0.003812085913231566,0.0,0.003812085913231566,0.6,2,1.8703177604568004,1.869384723521877
2014-03-18,0.0052558961683679675,0.0,0.0052558961683679675,0.6,2,1.8801479564076158,1.8792100155274412
2014-03-19,-0.006915444287797179,0.0,-0.006915444287797179,0.6,2,1.867145897962263,1.8662144433599905
2014-03-20,0.0035933097396888105,0.0,0.0035933097396888105,0.6,2,1.8738551315028307,1.8729203298956638
2014-03-21,-0.0015572914882215458,0.0,-0.0015572914882215458,0.6,2,1.870936992856381,1.8700036470078
2014-03-24,-0.002304980280071445,0.0,-0.002304980280071445,0.6,2,1.866624519982591,1.8656933254777854
2014-03-25,0.0026119405849878152,0.0,0.0026119405849878152,0.6,2,1.871500032323267,1.8705664055937417
2014-03-26,-0.0025963668018743617,0.0,-0.0025963668018743617,0.6,2,1.866640931769636,1.8657097290775566
2014-03-27,-0.0008717835239229419,0.0,-0.0008717835239229419,0.6,2,1.8650136249602391,1.8640832340753242
2014-03-28,0.0015430149807441839,0.0,0.0015430149807441839,0.6,2,1.867891368922845,1.8669595424308567
2014-03-31,0.004952007961887927,0.0,0.004952007961887927,0.6,2,1.8771411818536925,1.8762047409494969
2014-04-01,0.0031437451217326993,0.0,0.0031437451217326993,0.6,2,1.8830424352869486,1.8821030504512286
2014-04-02,0.00026775967838390516,0.0,0.00026775967838390516,0.6,2,1.8835466381238044,1.8826070017587029
2014-04-03,-0.000513763402146816,0.0,-0.000513763402146816,0.6,2,1.8825789407948996,1.881639787180574
2014-04-04,-0.004584243036192981,0.0,-0.004584243036192981,0.6,2,1.873948741395477,1.8730138930895677
2014-04-07,-0.0056988211654321885,0.0,-0.0056988211654321885,0.6,2,1.8632694426450773,1.8623399218724803
2014-04-08,0.0030249568162612483,0.0,0.0030249568162612483,0.6,2,1.8689057522461379,1.867973419713344
2014-04-09,0.006321477849912948,0.0,0.006321477849912948,0.6,2,1.880719998562537,1.879781772310288
2014-04-10,-0.010917609631189196,0.0,-0.010917609631189196,0.6,2,1.8601870317926605,1.8592590487283795
2014-04-11,-0.004595389596192056,0.0,-0.004595389596192056,0.6,2,1.851638747659789,1.8507150290392271
2014-04-14,0.0041025101875684635,0.0,0.0041025101875684635,0.6,2,1.85923511448576,1.8583076063001467
2014-04-15,0.004596080635617073,0.0,0.004596080635617073,0.6,2,1.8677803089925074,1.8668485379044828
2014-04-16,0.005648150737904433,0.0,0.005648150737904433,0.6,2,1.878329813722987,1.8773927798514038
2014-04-17,-0.0014269548127719526,0.0,-0.0014269548127719526,0.6,2,1.8756495219553218,1.8747138251887314
2014-04-21,0.0020132327786307248,0.0,0.0020132327786307248,0.6,2,1.879425641054145,1.8784880605121534
2014-04-22,0.00256848083025063,0.0,0.00256848083025063,0.6,2,1.884252909785074,1.8833129210854336
2014-04-23,-0.0003839911289059694,0.0,-0.0003839911289059694,0.6,2,1.8835293733831013,1.8825897456307827
2014-04-24,0.001108993049773588,0.0,0.001108993049773588,0.6,2,1.8856181943672277,1.8846775245742624
2014-04-25,-0.004379628791831758,0.0,-0.004379628791831758,0.6,2,1.8773598866327752,1.8764233366243188
2014-04-28,0.001314544700825904,0.0,0.001314544700825904,0.6,2,1.8798277601232913,1.8788899789779843
2014-04-29,0.0031454502410813044,0.0,0.0031454502410813044,0.6,2,1.8857406648045625,1.8847999339153256
2014-04-30,0.002851803126215513,0.0,0.002851803126215513,0.6,2,1.8911184259276839,1.890175012259156
2014-05-01,0.0012150459653695212,0.0,0.0012150459653695212,0.6,2,1.8934162217411432,1.8924716617816437
2014-05-02,-0.0002695240686766629,0.0,-0.0002695240686766629,0.6,2,1.8929059004973612,1.891961595119505
2014-05-05,0.0009360203461032724,0.0,0.0009360203461032724,0.6,2,1.8946776989334857,1.893732509666583
2014-05-06,-0.004762876179790099,0.0,-0.004762876179790099,0.6,2,1.8856535836528558,1.8847128962053978
2014-05-07,0.0038408921146861003,0.0,0.0038408921146861003,0.6,2,1.8928961756333378,1.8919518751068805
2014-05-08,-0.00021024860076908063,0.0,-0.00021024860076908063,0.6,2,1.8924981968610097,1.8915540948724168
2014-05-09,0.000583716694397296,0.0,0.000583716694397296,0.6,2,1.8936028796526345,1.8926582265759495
2014-05-12,0.00477635841074262,0.0,0.00477635841074262,0.6,2,1.9026474056934697,1.9016982406151166
2014-05-13,0.002097463905186947,0.0,0.002097463905186947,0.6,2,1.9066381399512093,1.9056869840333643
2014-05-14,-0.0010189066390317466,0.0,-0.0010189066390317466,0.6,2,1.904695453692182,1.9037452669134165
2014-05-15,-0.0038456340524556146,0.0,-0.0038456340524556146,0.6,2,1.897370691995906,1.896424159287773
2014-05-16,0.0012317674202550585,0.0,0.0012317674202550585,0.6,2,1.8997078113984533,1.8987601127821685
2014-05-19,0.0017063925656248809,0.0,0.0017063925656248809,0.6,2,1.9029494586846831,1.902000142922525
2014-05-20,-0.0026240315050437995,0.0,-0.0026240315050437995,0.6,2,1.8979560593525886,1.8970092346248986
2014-05-21,0.004428313391384275,0.0,0.004428313391384275,0.6,2,1.9063608035864785,1.9054097860221677
2014-05-22,0.0010337270411552965,0.0,0.0010337270411552965,0.6,2,1.9083314602993444,1.907379459642461
2014-05-23,0.0032159561699894646,0.0,0.0032159561699894646,0.6,2,1.914468570633479,1.9135135083842092
2014-05-27,0.0037989471125709166,0.0,0.0037989471125709166,0.6,2,1.921741535481995,1.920782845001751
2014-05-28,0.0017586606502389304,0.0,0.0017586606502389304,0.6,2,1.9251212267003768,1.9241608502089096
2014-05-29,0.0026016047436539843,0.0,0.0026016047436539843,0.6,2,1.9301296312158693,1.9291667562043662
2014-05-30,0.0006611678607978621,0.0,0.0006611678607978621,0.6,2,1.931405770895203,1.9304422592616883
2014-06-02,-0.001146874991509428,0.0,-0.001146874991509428,0.6,2,1.9291906899181064,1.9282282833119881
2014-06-03,-0.002323466593845969,0.0,-0.002323466593845969,0.6,2,1.924708279796923,1.9237481093104039
2014-06-04,0.0009070844437500502,0.0,0.0009070844437500502,0.6,2,1.9264541527362837,1.9254931112940528
2014-06-05,0.004493956466848648,0.0,0.004493956466848648,0.6,2,1.9351115538340604,1.9341461935134252
2014-06-06,0.002557828693265307,0.0,0.002557828693265307,0.6,2,1.9400612376911264,1.9390934081441635
2014-06-09,3.0376937146403592e-05,0.0,3.0376937146403592e-05,0.6,2,1.9401201708094038,1.9391523118627436
2014-06-10,-0.0006392600268902537,0.0,-0.0006392600268902537,0.6,2,1.9388799295368417,1.937912689303718
2014-06-11,-0.0015393671401200625,0.0,-0.0015393671401200625,0.6,2,1.9358952814846744,1.934929530189382
2014-06-12,-0.0026934319005083914,0.0,-0.0026934319005083914,0.6,2,1.9306810793774798,1.9297179292675342
2014-06-13,0.001055963832857376,0.0,0.001055963832857376,0.6,2,1.9327198087700843,1.931755641608457
2014-06-16,0.0004958242682923773,0.0,0.0004958242682923773,0.6,2,1.933678098155082,1.9327134529359773
2014-06-17,-3.379573239170727e-06,0.0,-3.379573239170727e-06,0.6,2,1.9336715631483283,1.9327069211893129
2014-06-18,0.006510784644378087,0.0,0.006510784644378087,0.6,2,1.9462612822689451,1.9452903597338755
2014-06-19,-0.0003355517510869267,0.0,-0.0003355517510869267,0.6,2,1.9456082108876072,1.9446376141472943
2014-06-20,0.0016871387389464142,0.0,0.0016871387389464142,0.6,2,1.9488907218710076,1.9479184875993343
2014-06-23,-0.000454703514061694,0.0,-0.000454703514061694,0.6,2,1.9480045544112505,1.947032762217917
2014-06-24,-0.0019850157120973712,0.0,-0.0019850157120973712,0.6,2,1.944137734763507,1.9431678715929461
2014-06-25,0.003109749176544918,0.0,0.003109749176544918,0.6,2,1.9501835154832774,1.9492106362815207
2014-06-26,0.0006164741211976744,0.0,0.0006164741211976744,0.6,2,1.951385753152159,1.9504122741955514
2014-06-27,0.001173181581573024,0.0,0.001173181581573024,0.6,2,1.953675082976301,1.9527004619521116
2014-06-30,3.0267515316318154e-06,0.0,3.0267515316318154e-06,0.6,2,1.9536809962653507,1.9527063722912257
2014-07-01,0.0027011550311287543,0.0,0.0027011550311287543,0.6,2,1.9589581915176333,1.957980934933057
2014-07-02,-0.0010230831831306466,0.0,-0.0010230831831306466,0.6,2,1.9569540143354356,1.9559777575656367
2014-07-03,0.002131849357307391,0.0,0.002131849357307391,0.6,2,1.9611259454931769,1.9601476074910107
2014-07-07,-0.00111460840703792,0.0,-0.00111460840703792,0.6,2,1.95894005802707,1.957962810488666
2014-07-08,-0.0020337827262238537,0.0,-0.0020337827262238537,0.6,2,1.9549559995753465,1.9539807395461053
2014-07-09,0.0027655560217937584,0.0,0.0027655560217937584,0.6,2,1.9603625399123141,1.9593845827468261
2014-07-10,-0.001486304301918184,0.0,-0.001486304301918184,0.6,2,1.957448844635923,1.9564723410123772
2014-07-11,0.0014834381229226203,0.0,0.0014834381229226203,0.6,2,1.960352598875727,1.9593746466694788
2014-07-14,0.0021322509762574217,0.0,0.0021322509762574217,0.6,2,1.9645325626184884,1.9635525251726937
2014-07-15,-0.0014710429860627316,0.0,-0.0014710429860627316,0.6,2,1.9616426507713567,1.9606640550027727
2014-07-16,0.0028040775552656606,0.0,0.0028040775552656606,0.6,2,1.9671432488998364,1.966161909072822
2014-07-17,-0.0045168681869728776,0.0,-0.0045168681869728776,0.6,2,1.9582579221396623,1.957281014895293
2014-07-18,0.005309751975833432,0.0,0.005309751975833432,0.6,2,1.9686557860109348,1.9676736916313946
2014-07-21,-0.0010047539266406112,0.0,-0.0010047539266406112,0.6,2,1.9666777713797368,1.9656966637633806
2014-07-22,0.0031134232076277966,0.0,0.0031134232076277966,0.6,2,1.972800871595076,1.971816709375498
2014-07-23,0.001293599553086988,0.0,0.001293599553086988,0.6,2,1.9753528859209009,1.9743674505895155
2014-07-24,-0.001587379203235062,0.0,-0.001587379203235062,0.6,2,1.9722172518307397,1.9712333807589055
2014-07-25,-0.0012672115659888347,0.0,-0.0012672115659888347,0.6,2,1.969718035318577,1.9687354110195445
2014-07-28,-0.00021937557875220117,0.0,-0.00021937557875220117,0.6,2,1.9692859272846004,1.9683035185493423
2014-07-29,-0.0020320140107257245,0.0,-0.0020320140107257245,0.6,2,1.965284310689233,1.9643038982222893
2014-07-30,-0.0027158767148414806,0.0,-0.0027158767148414806,0.6,2,1.9599468407917888,1.958969091004235
2014-07-31,-0.012016464926062342,0.0,-0.012016464926062342,0.6,2,1.9363952083224676,1.9354292076309423
2014-08-01,0.0005166887570002833,0.0,0.0005166887570002833,0.6,2,1.937395721955717,1.9364292221424952
2014-08-04,0.004558111101720064,0.0,0.004558111101720064,0.6,2,1.9462265869043884,1.9452556816776383
2014-08-05,-0.005637661788801806,0.0,-0.005637661788801806,0.6,2,1.9352544196430475,1.9342889880515948
2014-08-06,0.0005515215691593407,0.0,0.0005515215691593407,0.6,2,1.9363217541972917,1.9353557901494927
2014-08-07,-0.0014112783676345714,0.0,-0.0014112783676345714,0.6,2,1.933589065192813,1.9326244643891783
2014-08-08,0.006585044090712788,0.0,0.006585044090712788,0.6,2,1.9463218344404276,1.945350881697971
2014-08-11,0.001548914941625212,0.0,0.001548914941625212,0.6,2,1.9493365214110039,1.9483640647453369
2014-08-12,-0.001411959876131963,0.0,-0.001411959876131963,0.6,2,1.9465841364576928,1.945613052861819
2014-08-13,0.005361622411991807,0.0,0.005361622411991807,0.6,2,1.9570209855905523,1.9560446954111068
2014-08-14,0.003635401041063302,0.0,0.003635401041063302,0.6,2,1.964135541718951,1.9631557023331707
2014-08-15,0.0014937142539740214,0.0,0.0014937142539740214,0.6,2,1.9670693989743535,1.966088095988516
2014-08-18,0.0037592016067703234,0.0,0.0037592016067703234,0.6,2,1.9744640094196064,1.973479017518008
2014-08-19,0.002709266655937936,0.0,0.002709266655937936,0.6,2,1.9798133589236764,1.9788256984163624
2014-08-20,0.0004183821210847372,0.0,0.0004183821210847372,0.6,2,1.9806416774361348,1.9796536037093229
2014-08-21,0.002593546554477433,0.0,0.002593546554477433,0.6,2,1.985778563834304,1.9847879274922822
2014-08-22,-0.0008944936085113707,0.0,-0.0008944936085113707,0.6,2,1.9840022976010354,1.9830125473768898
2014-08-25,0.0033479495015014127,0.0,0.0033479495015014127,0.6,2,1.9906446371042665,1.9896515732463513
2014-08-26,0.0003136903574529449,0.0,0.0003136903574529449,0.6,2,1.9912690831320417,1.9902757077595699
2014-08-27,0.0008704391204446438,0.0,0.0008704391204446438,0.6,2,1.9930023616413317,1.9920081215960743
2014-08-28,0.00021187275040679431,0.0,0.00021187275040679431,0.6,2,1.9934246245332599,1.9924301738356296
2014-08-29,0.0017457040747389295,0.0,0.0017457040747389295,0.6,2,1.9969045540229924,1.995908367308727
2014-09-02,-0.0028568505228386168,0.0,-0.0028568505228386168,0.6,2,1.991199696203773,1.9902063554460432
2014-09-03,0.00025887722324009505,0.0,0.00025887722324009505,0.6,2,1.9917151724520428,1.9907215745410158
2014-09-04,-0.0022860846046781846,0.0,-0.0022860846046781846,0.6,2,1.9871619430593963,1.986170616597257
2014-09-05,0.002817471139846228,0.0,0.002817471139846228,0.6,2,1.992760714484167,1.9917665949883305
2014-09-08,-0.0019721616924718746,0.0,-0.0019721616924718746,0.6,2,1.9888306681407986,1.9878385092093496
2014-09-09,-0.004727240013166356,0.0,-0.004727240013166356,0.6,2,1.979428988226951,1.9784415194689022
2014-09-10,0.0012512969918935023,0.0,0.0012512969918935023,0.6,2,1.981905841765586,1.9809171373908507
2014-09-11,0.00020007762994127569,0.0,0.00020007762994127569,0.6,2,1.9823023767891732,1.9813134745968102
2014-09-12,-0.0050217756514178815,0.0,-0.0050217756514178815,0.6,2,1.9723476989796656,1.9713637628322536
2014-09-15,0.00028761391198055546,0.0,0.00028761391198055546,0.6,2,1.972914973617155,1.9719307544760183
2014-09-16,0.004417690052744727,0.0,0.004417690052744727,0.6,2,1.9816307004710147,1.9806421333547686
2014-09-17,-0.0002003647762205186,0.0,-0.0002003647762205186,0.6,2,1.981233651479163,1.9802452824369459
2014-09-18,0.002921471686566512,0.0,0.002921471686566512,0.6,2,1.987021769496432,1.9860305129620421
2014-09-19,0.0009864644620763974,0.0,0.0009864644620763974,0.6,2,1.9889818958574126,1.9879896614836787
2014-09-22,-0.0037854277810059674,0.0,-0.0037854277810059674,0.6,2,1.9814527485329159,1.9804642701907458
2014-09-23,-0.002586782225707451,0.0,-0.002586782225707451,0.6,2,1.9763271617819318,1.9753412404179678
2014-09-24,0.003573507383380692,0.0,0.003573507383380692,0.6,2,1.9833895814865354,1.9824001369252977
2014-09-25,-0.007764638029768055,0.0,-0.007764638029768055,0.6,2,1.9679892793142795,1.9670075174319102
2014-09-26,0.003910698325592942,0.0,0.003910698325592942,0.6,2,1.9756854916936788,1.9746998904367599
2014-09-29,0.0002207620471796675,0.0,0.0002207620471796675,0.6,2,1.9761216480674082,1.9751358292271382
2014-09-30,-0.0019248733139352492,0.0,-0.0019248733139352492,0.6,2,1.9723178642419537,1.9713339429780616
2014-10-01,-0.0047890258886318145,0.0,-0.0047890258886318145,0.6,2,1.9628723829294878,1.961893173690001
2014-10-02,-0.0010960916879036776,0.0,-0.0010960916879036776,0.6,2,1.9607208948261432,1.9597427588897642
2014-10-03,0.00647514826972868,0.0,0.00647514826972868,0.6,2,1.9734168533356977,1.9724323838241027
2014-10-06,-3.483150004628382e-05,0.0,-3.483150004628382e-05,0.6,2,1.9733481162664794,1.9723636810454344
2014-10-07,-0.006953660807902272,0.0,-0.006953660807902272,0.6,2,1.9596261228100493,1.9586485330176189
2014-10-08,0.011900042857810166,0.0,0.011900042857810166,0.6,2,1.9829457576567733,1.9819565345039156
2014-10-09,-0.01260248614168109,0.0,-0.01260248614168109,0.6,2,1.9579557112261985,1.9569789547444156
2014-10-10,-0.005289355972371857,0.0,-0.005289355972371857,0.6,2,1.9475993864913845,1.9466277964223322
2014-10-13,-0.0077742056389918926,0.0,-0.0077742056389918926,0.6,2,1.9324583483584261,1.9314943116303673
2014-10-14,0.001734112477609484,0.0,0.001734112477609484,0.6,2,1.9358094484927753,1.9348437400165974
2014-10-15,-0.0017026553837607987,0.0,-0.0017026553837607987,0.6,2,1.932513432113364,1.9315493679059224
2014-10-16,-0.0013960026961814306,0.0,-0.0013960026961814306,0.6,2,1.9298156381517269,1.9288529197805182
2014-10-17,0.0059187513787448244,0.0,0.0059187513787448244,0.6,2,1.9412377371207608,1.9402693206588653
2014-10-20,0.006405507223363971,0.0,0.006405507223363971,0.6,2,1.9536723494681545,1.9526977298076171
2014-10-21,0.010740141724836815,0.0,0.010740141724836815,0.6,2,1.9746550673853371,1.9736699801715178
2014-10-22,-0.00437003752650964,0.0,-0.00437003752650964,0.6,2,1.9660257506389507,1.9650449682932227
2014-10-23,0.00530231616226624,0.0,0.00530231616226624,0.6,2,1.9764502407519953,1.9754642579881838
2014-10-24,0.004952207574632705,0.0,0.004952207574632705,0.6,2,1.9862380326051319,1.985247167050009
2014-10-27,-0.0004027696257181024,0.0,-0.0004027696257181024,0.6,2,1.9854380362561526,1.9844475697915784
2014-10-28,0.0058809155927316056,0.0,0.0058809155927316056,0.6,2,1.9971142297619735,1.996117938447724
2014-10-29,-0.002234999208657773,0.0,-0.002234999208657773,0.6,2,1.9926506810388562,1.9916566164349057
2014-10-30,0.004280137308463283,0.0,0.004280137308463283,0.6,2,2.0011794995615055,2.0001811802245566
2014-10-31,0.006219037833438289,0.0,0.006219037833438289,0.6,2,2.0136249105807797,2.0126203826581044
2014-11-03,0.00017923479719652576,0.0,0.00017923479719652576,0.6,2,2.0139858222332574,2.0129811142642238
2014-11-04,-0.0021204845498220323,0.0,-0.0021204845498220323,0.6,2,2.009715196413651,2.0087126189123428
2014-11-05,0.003909485239026567,0.0,0.003909485239026567,0.6,2,2.0175721483086773,2.016565651245427
2014-11-06,0.0011794543614672029,0.0,0.0011794543614672029,0.6,2,2.0199517825785747,2.018944098397973
2014-11-07,0.003121585001236271,0.0,0.003121585001236271,0.6,2,2.0262572337662923,2.025246404013867
2014-11-10,0.00025252669312427725,0.0,0.00025252669312427725,0.6,2,2.026768917804955,2.0257578327910344
2014-11-11,0.0006261417097795263,0.0,0.0006261417097795263,0.6,2,2.028037962360477,2.027026244264057
2014-11-12,-0.0007891739293043097,0.0,-0.0007891739293043097,0.6,2,2.0264374876729425,2.0254265679980685
2014-11-13,0.0013254965742157234,0.0,0.0013254965742157234,0.6,2,2.0291235236207155,2.0281112639752754
2014-11-14,0.0009880076710721887,0.0,0.0009880076710721887,0.6,2,2.031128313227606,2.030115053461871
2014-11-17,-7.044519015591004e-05,0.0,-7.044519015591004e-05,0.6,2,2.0309852300073494,2.0299720416208915
2014-11-18,0.003920416508429492,0.0,0.003920416508429492,0.6,2,2.038947538031447,2.0379303775245123
2014-11-19,-0.002029199557320216,0.0,-0.002029199557320216,0.6,2,2.0348101065898745,2.03379501010459
2014-11-20,0.0017986000838959182,0.0,0.0017986000838959182,0.6,2,2.038469916218299,2.0374529939803914
2014-11-21,0.004037820081231036,0.0,0.004037820081231036,0.6,2,2.0467008909809907,2.0456798625940498
2014-11-24,0.002141423219274907,0.0,0.002141423219274907,0.6,2,2.051083743791848,2.0500605289510117
2014-11-25,0.0005554311243982646,0.0,0.0005554311243982646,0.6,2,2.0522229795418974,2.0511991963756913
2014-11-26,0.00221655853178464,0.0,0.00221655853178464,0.6,2,2.0567718518963254,2.0557457994548076
2014-11-28,0.0002772346788183723,0.0,0.0002772346788183723,0.6,2,2.0573420603800887,2.056315723481252
2014-12-01,-0.005152249307787527,0.0,-0.005152249307787527,0.6,2,2.046742121173613,2.045721072218353
2014-12-02,0.002097891717725275,0.0,0.002097891717725275,0.6,2,2.0510359645179426,2.050012773512536
2014-12-03,0.002468362494401433,0.0,0.002468362494401433,0.6,2,2.0560986647674273,2.0550729481557184
2014-12-04,0.0007417429169571222,0.0,0.0007417429169571222,0.6,2,2.0576237613885837,2.056597283958843
2014-12-05,-0.0012535971777050128,0.0,-0.0012535971777050128,0.6,2,2.055044330048528,2.0540191394079965
2014-12-08,-0.0026837893207953822,0.0,-0.0026837893207953822,0.6,2,2.049529024021783,2.048506584776944
2014-12-09,0.00114115860116788,0.0,0.00114115860116788,0.6,2,2.0518678616958885,2.050844255685711
2014-12-10,-0.007825393564429815,0.0,-0.007825393564429815,0.6,2,2.0358111881359133,2.03479559224562
2014-12-11,0.0023616281580886686,0.0,0.0023616281580886686,0.6,2,2.040619017162367,2.039601022812222
2014-12-12,-0.006464051719718599,0.0,-0.006464051719718599,0.6,2,2.027428350295188,2.026416936313173
2014-12-15,-0.005539893741287094,0.0,-0.005539893741287094,0.6,2,2.0161966126664796,2.0151908018104536
2014-12-16,-0.002792395590294405,0.0,-0.002792395590294405,0.6,2,2.0105665941361033,2.0095635919018764
2014-12-17,0.008970099031619183,0.0,0.008970099031619183,0.6,2,2.0286015755951694,2.0275895763315726
2014-12-18,0.012493624066387987,0.0,0.012493624066387987,0.6,2,2.0539461610611376,2.0529215182591862
2014-12-19,0.00402521373051763,0.0,0.00402521373051763,0.6,2,2.062213733350385,2.061184966142158
2014-12-22,0.002757934463730072,0.0,0.002757934463730072,0.6,2,2.0679011836771695,2.066869579196404
2014-12-23,-0.002506850948808293,0.0,-0.002506850948808293,0.6,2,2.0627172636328264,2.0616882452307324
2014-12-24,0.00034883077007854537,0.0,0.00034883077007854537,0.6,2,2.0634368028843535,2.062407425528978
2014-12-26,0.0024663397622839422,0.0,0.0024663397622839422,0.6,2,2.0685259391182673,2.06749402296859
2014-12-29,0.0021726337573883424,0.0,0.0021726337573883424,0.6,2,2.073020088401629,2.0719859302760906
2014-12-30,-0.0027688392484268576,0.0,-0.0027688392484268576,0.6,2,2.0672802290180856,2.066248934310154
2014-12-31,-0.005486925251206687,0.0,-0.005486925251206687,0.6,2,2.0559372169281662,2.0549115808572087
2015-01-02,0.0017264138002816014,0.0,0.0017264138002816014,0.6,2,2.0594866153119837,2.058459208568759
2015-01-05,-0.008442418990983235,0.0,-0.008442418990983235,0.6,2,2.042099566399198,2.041080833454174
2015-01-06,-0.002955941436414067,0.0,-0.002955941436414067,0.6,2,2.0360632396735956,2.035047518043496
2015-01-07,0.007384243666906842,0.0,0.007384243666906842,0.6,2,2.0510980267565775,2.0500748047904636
2015-01-08,0.008968210388063636,0.0,0.008968210388063636,0.6,2,2.0694927053870726,2.068460306951093
2015-01-09,-0.00282177280342819,0.0,-0.00282177280342819,0.6,2,2.0636530671541182,2.0626235819119674
2015-01-12,-0.0032894782550985987,0.0,-0.0032894782550985987,0.6,2,2.0568647252636474,2.0558386264908144
2015-01-13,-0.001273993478838698,0.0,-0.001273993478838698,0.6,2,2.054244293016808,2.05321950148712
2015-01-14,-0.0017281586492552178,0.0,-0.0017281586492552178,0.6,2,2.0506942329741475,2.0496712124468055
2015-01-15,-0.0020539146432251077,0.0,-0.0020539146432251077,0.6,2,2.0464822820602646,2.045461362729764
2015-01-16,0.004926152921944715,0.0,0.004926152921944715,0.6,2,2.0565635667337436,2.0555376181985
2015-01-20,0.0022000791673405296,0.0,0.0022000791673405296,0.6,2,2.061088169393226,2.0600599636899832
2015-01-21,0.0011406042276563828,0.0,0.0011406042276563828,0.6,2,2.0634390552728084,2.0624096767937936
2015-01-22,0.00790679135892125,0.0,0.00790679135892125,0.6,2,2.0797542373647,2.0787167198048224
2015-01-23,-0.0006805049459669642,0.0,-0.0006805049459669642,0.6,2,2.078338954319778,2.077302142795731
2015-01-26,0.000492076052671164,0.0,0.000492076052671164,0.6,2,2.0793616551485323,2.0783243334343635
2015-01-27,-0.007362956601017734,0.0,-0.007362956601017734,0.6,2,2.0640514055238532,2.0630217215644473
2015-01-28,-0.004533592105461269,0.0,-0.004533592105461269,0.6,2,2.054693838366504,2.0536688225741675
2015-01-29,0.004120959842370242,0.0,0.004120959842370242,0.6,2,2.0631611491627777,2.0621319093215233
2015-01-30,-0.00406529542356131,0.0,-0.00406529542356131,0.6,2,2.054773789585017,2.053748733907779
2015-02-02,0.006917215191313187,0.0,0.006917215191313187,0.6,2,2.0689871020570467,2.0679549558491064
2015-02-03,0.005265606301195413,0.0,0.005265606301195413,0.6,2,2.07988157357873,2.0788439924952136
2015-02-04,-0.001618106910736538,0.0,-0.001618106910736538,0.6,2,2.076516102831009,2.075480200664614
2015-02-05,0.00457988986523814,0.0,0.00457988986523814,0.6,2,2.086026317885368,2.08498567140114
2015-02-06,-0.006139267215791323,0.0,-0.006139267215791323,0.6,2,2.0732196449006968,2.0721853872233127
2015-02-09,-0.002867622452402907,0.0,-0.002867622452402907,0.6,2,2.0672744336982167,2.06624314188137
2015-02-10,0.005373080232617688,0.0,0.005373080232617688,0.6,2,2.0783820650933165,2.0773452320627945
2015-02-11,0.0002008765663939593,0.0,0.0002008765663939593,0.6,2,2.078799563346207,2.077762522040226
2015-02-12,0.005905065248838336,0.0,0.005905065248838336,0.6,2,2.0910750104070233,2.0900318453044644
2015-02-13,0.001128919587367383,0.0,0.001128919587367383,0.6,2,2.0934356659449262,2.0923913231928504
2015-02-17,-0.00189135224143433,0.0,-0.00189135224143433,0.6,2,2.089476241705843,2.088433874173772
2015-02-18,0.0019754084296600863,0.0,0.0019754084296600863,0.6,2,2.093603810687283,2.0925593840536023
2015-02-19,-0.0014332628942991476,0.0,-0.0014332628942991476,0.6,2,2.0906031260300617,2.089560196334321
2015-02-20,0.003392885897193088,0.0,0.003392885897193088,0.6,2,2.0976963038929965,2.0966498356557994
2015-02-23,0.0017525984069336475,0.0,0.0017525984069336475,0.6,2,2.1013727230934296,2.1003244208176675
2015-02-24,0.0043619465476181455,0.0,0.0043619465476181455,0.6,2,2.110538798588186,2.109485923673931
2015-02-25,-0.00013864373804528535,0.0,-0.00013864373804528535,0.6,2,2.11024618559986,2.109193456660119
2015-02-26,-0.0030843307249353693,0.0,-0.0030843307249353693,0.6,2,2.1037374884524365,2.1026880064769093
2015-02-27,-0.0006287249306354602,0.0,-0.0006287249306354602,0.6,2,2.102414816245934,2.101365994105889
2015-03-02,0.000806285277605756,0.0,0.000806285277605756,0.6,2,2.1041099623596935,2.103060294569798
2015-03-03,-0.0033274506522279258,0.0,-0.0033274506522279258,0.6,2,2.0971086402930803,2.096062465220957
2015-03-04,-0.0022298329190330924,0.0,-0.0022298329190330924,0.6,2,2.092432438412166,2.091388596135658
2015-03-05,0.0008828848032149894,0.0,0.0008828848032149894,0.6,2,2.0942798152137945,2.093235051344803
2015-03-06,-0.01256609669857205,0.0,-0.01256609669857205,0.6,2,2.06796289254195,2.0669312572767637
2015-03-09,0.004341557743433944,0.0,0.004341557743433944,0.6,2,2.0769410728512,2.0759049586819396
2015-03-10,-0.008074062132769975,0.0,-0.008074062132769975,0.6,2,2.0601717215828974,2.0591439730638164
2015-03-11,-0.0006871528908314105,0.0,-0.0006871528908314105,0.6,2,2.0587560686288024,2.0577290263300876
2015-03-12,0.007987491551788618,0.0,0.007987491551788618,0.6,2,2.0752003653341684,2.0741651195437694
2015-03-13,-0.004283708121348306,0.0,-0.004283708121348306,0.6,2,2.0663108126757614,2.0652800015761623
2015-03-16,0.00938225770501373,0.0,0.00938225770501373,0.6,2,2.085697473218942,2.084656990783961
2015-03-17,-0.0009569213830719732,0.0,-0.0009569213830719732,0.6,2,2.0837016247081994,2.0826621379331094
2015-03-18,0.011819377884764325,0.0,0.011819377884764325,0.6,2,2.1083296816097232,2.107277908747632
2015-03-19,-0.004624661375285699,0.0,-0.004624661375285699,0.6,2,2.0985793707648144,2.097532461996054
2015-03-20,0.006916146749736951,0.0,0.006916146749736951,0.6,2,2.1130934536589945,2.1120393043155556
2015-03-23,-0.000652299886146812,0.0,-0.000652299886146812,0.6,2,2.1117150830397553,2.110661621317813
2015-03-24,-0.002156351899964237,0.0,-0.002156351899964237,0.6,2,2.1071614822082596,2.106110292120503
2015-03-25,-0.010509126141435376,0.0,-0.010509126141435376,0.6,2,2.085017056391359,2.083976913392833
2015-03-26,-0.003680828085935395,0.0,-0.003680828085935395,0.6,2,2.0773424670505394,2.076306152639576
2015-03-27,0.0029333663060803652,0.0,0.0029333663060803652,0.6,2,2.0834360734495756,2.082396719148836
2015-03-30,0.007260598070154289,0.0,0.007260598070154289,0.6,2,2.0985630653837535,2.097516164749184
2015-03-31,-0.00421860493425119,0.0,-0.00421860493425119,0.6,2,2.0897100568812883,2.088667572706901
2015-04-01,-0.0002208872116773006,0.0,-0.0002208872116773006,0.6,2,2.0892484666536095,2.088206212750645
2015-04-02,0.0010187243309092374,0.0,0.0010187243309092374,0.6,2,2.0913768348999042,2.09033351922753
2015-04-06,0.004600900698525166,0.0,0.004600900698525166,0.6,2,2.100999052040475,2.099950936176295
2015-04-07,-0.0012550946261585814,0.0,-0.0012550946261585814,0.6,2,2.0983620994206946,2.0973152990411035
2015-04-08,0.0016567949723858444,0.0,0.0016567949723858444,0.6,2,2.10183865519726,2.1007901204840627
2015-04-09,0.0010345182627814694,0.0,0.0010345182627814694,0.6,2,2.104013045671482,2.1029634262299743
2015-04-10,0.003161836082129499,0.0,0.003161836082129499,0.6,2,2.110665590036557,2.109612651870427
2015-04-13,-0.0019019013491754716,0.0,-0.0019019013491754716,0.6,2,2.1066513123032085,2.105600376721597
2015-04-14,0.002335297073762765,0.0,0.002335297073762765,0.6,2,2.1115709689482682,2.1105175791198683
2015-04-15,0.0029105895904223632,0.0,0.0029105895904223632,0.6,2,2.1177168854299273,2.1166604296160583
2015-04-16,0.0001251740150185252,0.0,0.0001251740150185252,0.6,2,2.1179819685551493,2.116925380500464
2015-04-17,-0.0061114544427937735,0.0,-0.0061114544427937735,0.6,2,2.1050380182436657,2.1039878874787417
2015-04-20,0.004735962325294407,0.0,0.004735962325294407,0.6,2,2.1150073989913802,2.113952294846717
2015-04-21,-0.0015490578017071542,0.0,-0.0015490578017071542,0.6,2,2.1117311302793045,2.110677660551948
2015-04-22,0.0006220751183272806,0.0,0.0006220751183272806,0.6,2,2.1130447856720482,2.1119906606073866
2015-04-23,0.0027387652875349388,0.0,0.0027387652875349388,0.6,2,2.1188319193820537,2.117774907316256
2015-04-24,0.0027952060724848234,0.0,0.0027952060724848234,0.6,2,2.1247544912296847,2.1236945245973424
2015-04-27,-0.0031066215685187745,0.0,-0.0031066215685187745,0.6,2,2.118153683099423,2.117097009382283
2015-04-28,6.138498368681803e-05,0.0,6.138498368681803e-05,0.6,2,2.1182837059287065,2.1172269673476674
2015-04-29,-0.003945755845711396,0.0,-0.003945755845711396,0.6,2,2.109925475613163,2.1088729066645575
2015-04-30,-0.006132725663888982,0.0,-0.006132725663888982,0.6,2,2.096985881499977,2.0959397676679754
2015-05-01,0.004297911661536968,0.0,0.004297911661536968,0.6,2,2.105998541574154,2.1049479316373145
2015-05-04,0.0008847197174736811,0.0,0.0008847197174736811,0.6,2,2.1078617600088556,2.1068102205766897
2015-05-05,-0.007554676840382823,0.0,-0.007554676840382823,0.6,2,2.091937545587788,2.090893950196217
2015-05-06,-0.004413404058718018,0.0,-0.004413404058718018,0.6,2,2.082704979933506,2.0816659903500723
2015-05-07,0.004093879728882665,0.0,0.004093879728882665,0.6,2,2.091231323632099,2.0901880805502713
2015-05-08,0.009427365798652554,0.0,0.009427365798652554,0.6,2,2.110946126289579,2.109893048173602
2015-05-11,-0.006807806858911913,0.0,-0.006807806858911913,0.6,2,2.0965752127722315,2.095529303808675
2015-05-12,-0.001485789030334739,0.0,-0.001485789030334739,0.6,2,2.0934601443198226,2.0924157893563313
2015-05-13,-0.00040457928164872037,0.0,-0.00040457928164872037,0.6,2,2.0926131737184734,2.091569241279363
2015-05-14,0.007603142819117536,0.0,0.007603142819117536,0.6,2,2.1085236105434215,2.1074717409368833
2015-05-15,0.0035140593894371188,0.0,0.0035140593894371188,0.6,2,2.1159330877349016,2.114877521796096
2015-05-18,-0.0008366208648630247,0.0,-0.0008366208648630247,0.6,2,2.1141628539650488,2.1131081711347317
2015-05-19,-0.001969593316454876,0.0,-0.001969593316454876,0.6,2,2.1099988129379823,2.1089462074039185
2015-05-20,0.00044957718837364,0.0,0.00044957718837364,0.6,2,2.1109474202717746,2.1098943415102744
2015-05-21,0.004128305445442737,0.0,0.004128305445442737,0.6,2,2.119662056001926,2.1186046298096404
2015-05-22,-0.0023359634581817004,0.0,-0.0023359634581817004,0.6,2,2.1147106028954115,2.1136556468120706
2015-05-26,-0.003978788950649913,0.0,-0.003978788950649913,0.6,2,2.106296615714789,2.1052458570790558
2015-05-27,0.005460548964329703,0.0,0.005460548964329703,0.6,2,2.1177981515183015,2.1167416551635885
2015-05-28,-0.000301742582892417,0.0,-0.000301742582892417,0.6,2,2.1171591216340175,2.1161029440692434
2015-05-29,-0.0035037648087125946,0.0,-0.0035037648087125946,0.6,2,2.109741094009191,2.1086886170422003
2015-06-01,-0.0005392638149338993,0.0,-0.0005392638149338993,0.6,2,2.108603386978313,2.1075514775740665
2015-06-02,-0.0033829858065688835,0.0,-0.0033829858065688835,0.6,2,2.101470011648482,2.10042166083882
2015-06-03,-0.0018277776715139864,0.0,-0.0018277776715139864,0.6,2,2.097628991683835,2.0965825570263745
2015-06-04,-0.003131548667053097,0.0,-0.003131548667053097,0.6,2,2.091060164410955,2.0900170067145516
2015-06-05,-0.003919877159087992,0.0,-0.003919877159087992,0.6,2,2.082863465434202,2.081824396787826
2015-06-08,-0.003115792486492319,0.0,-0.003115792486492319,0.6,2,2.0763736950982126,2.075337863974118
2015-06-09,-0.0013880602373233409,0.0,-0.0013880602373233409,0.6,2,2.0734915633342226,2.072457170006124
2015-06-10,0.005638970830071033,0.0,0.005638970830071033,0.6,2,2.0851839217762627,2.08414369553436
2015-06-11,0.005086612328020346,0.0,0.005086612328020346,0.6,2,2.09579044401896,2.094744926549431
2015-06-12,-0.004829952643733492,0.0,-0.004829952643733492,0.6,2,2.085667875423159,2.084627407753496
2015-06-15,-0.0016007711213241735,0.0,-0.0016007711213241735,0.6,2,2.082329198519508,2.081290396400443
2015-06-16,0.004799582251045287,0.0,0.004799582251045287,0.6,2,2.092323508781556,2.091279720846278
2015-06-17,0.0011998074401923908,0.0,0.0011998074401923908,0.6,2,2.094833894094682,2.093788853814873
2015-06-18,0.00592140840292572,0.0,0.00592140840292572,0.6,2,2.107238261117908,2.1061870327278047
2015-06-19,-0.0005388004423869883,0.0,-0.0005388004423869883,0.6,2,2.106102880210603,2.1050522182228213
2015-06-22,-0.00029951841308357725,0.0,-0.00029951841308357725,0.6,2,2.1054720636181314,2.104421716322961
2015-06-23,-0.0007945538868023184,0.0,-0.0007945538868023184,0.6,2,2.10379915260643,2.1027496398687853
2015-06-24,-0.0031777405476246965,0.0,-0.0031777405476246965,0.6,2,2.097113824735134,2.096067647076671
2015-06-25,-0.0028062577196610533,0.0,-0.0028062577196610533,0.6,2,2.091228782875463,2.0901855410611305
2015-06-26,-0.002025189400894445,0.0,-0.002025189400894445,0.6,2,2.086993648509538,2.0859525194574706
2015-06-29,-0.008009652414370615,0.0,-0.008009652414370615,0.6,2,2.070277554793978,2.0692447648237358
2015-06-30,0.00019340569475392345,0.0,0.00019340569475392345,0.6,2,2.070677958262796,2.0696449685450924
2015-07-01,0.002723328790677848,0.0,0.002723328790677848,0.6,2,2.076317095162755,2.0752812922744126
2015-07-02,0.0008751368636594095,0.0,0.0008751368636594095,0.6,2,2.078134156793378,2.0770974474357446
2015-07-06,0.0011429038687555517,0.0,0.0011429038687555517,0.6,2,2.0805092643609706,2.0794713701442014
2015-07-07,0.004837784159848457,0.0,0.004837784159848457,0.6,2,2.090574319124514,2.089531403799543
2015-07-08,-0.008520847333077917,0.0,-0.008520847333077917,0.6,2,2.0727608545128007,2.0717268257100954
2015-07-09,-0.0016320469481740044,0.0,-0.0016320469481740044,0.6,2,2.0693780114858984,2.068345670266745
2015-07-10,0.004776244584649579,0.0,0.004776244584649579,0.6,2,2.0792618670068506,2.07822459507354
2015-07-13,0.005538581324282222,0.0,0.005538581324282222,0.6,2,2.090778027951747,2.0897350110034782
2015-07-14,0.0038678379998283276,0.0,0.0038678379998283276,0.6,2,2.0988648186574648,2.097817767488609
2015-07-15,0.0013313201175049417,0.0,0.0013313201175049417,0.6,2,2.1016590796144667,2.100610634485326
2015-07-16,0.004657335129208206,0.0,0.004657335129208206,0.6,2,2.111447210275575,2.110393882186103
2015-07-17,0.0005471393333198016,0.0,0.0005471393333198016,0.6,2,2.112602466094545,2.1115485616878447
2015-07-20,-0.0004882828568353981,0.0,-0.0004882828568353981,0.6,2,2.111570918527043,2.110517528723797
2015-07-21,-0.0012644728115114964,0.0,-0.0012644728115114964,0.6,2,2.108900894510987,2.1078488366905073
2015-07-22,-0.0005776458416566711,0.0,-0.0005776458416566711,0.6,2,2.1076826966788067,2.106631246575152
2015-07-23,-0.0017388135641058567,0.0,-0.0017388135641058567,0.6,2,2.1040178294169904,2.1029682075890377
2015-07-24,-0.005841068564597163,0.0,-0.005841068564597163,0.6,2,2.091728117014231,2.090684626099342
2015-07-27,-0.0021691263776811853,0.0,-0.0021691263776811853,0.6,2,2.087190894380678,2.0861496669294577
2015-07-28,0.006217565345060993,0.0,0.006217565345060993,0.6,2,2.100168140154106,2.0991204388031686
2015-07-29,0.0035578843959510826,0.0,0.0035578843959510826,0.6,2,2.1076402956088343,2.1065888666576087
2015-07-30,0.0006021841756522098,0.0,0.0006021841756522098,0.6,2,2.108909483242817,2.107857421137715
2015-07-31,0.0014385944725266333,0.0,0.0014385944725266333,0.6,2,2.111943348768469,2.1108897731726377
2015-08-03,-0.0008047005202261202,0.0,-0.0008047005202261202,0.6,2,2.1102438668570267,2.1091911390740257
2015-08-04,-0.0032387434666259376,0.0,-0.0032387434666259376,0.6,2,2.103409328320256,2.1023600100524846
2015-08-05,0.00043496800531162005,0.0,0.00043496800531162005,0.6,2,2.1043242440801495,2.1032744693925043
2015-08-06,-0.003507375169189397,0.0,-0.003507375169189397,0.6,2,2.0969435894785393,2.095897496744567
2015-08-07,0.00043118613122614677,0.0,0.00043118613122614677,0.6,2,2.097847762472286,2.096801218677635
2015-08-10,0.005881095080904019,0.0,0.005881095080904019,0.6,2,2.1101854046286475,2.1091327060104335
2015-08-11,-0.0027813365994983296,0.0,-0.0027813365994983296,0.6,2,2.1043162687310266,2.1032664980220077
2015-08-12,0.0006092853588840256,0.0,0.0006092853588840256,0.6,2,2.105598397824026,2.1045479875050837
2015-08-13,-0.001797046089244425,0.0,-0.001797046089244425,0.6,2,2.101814540457697,2.1007660177745104
2015-08-14,0.0017749648133857927,0.0,0.0017749648133857927,0.6,2,2.105545187311272,2.1044948035372166
2015-08-17,0.004088078274429585,0.0,0.004088078274429585,0.6,2,2.114152820847349,2.113098143022207
2015-08-18,-0.0023782079984765447,0.0,-0.0023782079984765447,0.6,2,2.1091249256988083,2.1080727561169055
2015-08-19,-0.0022995000664071783,0.0,-0.0022995000664071783,0.6,2,2.104274992792103,2.1032252426742235
2015-08-20,-0.011509107469181278,0.0,-0.011509107469181278,0.6,2,2.080056665755348,2.079018997324391
2015-08-21,-0.016586200528205208,0.0,-0.016586200528205208,0.6,2,2.0455564287871,2.0445359713328206
2015-08-24,-0.024239375179520704,0.0,-0.024239375179520704,0.6,2,1.995973419058849,1.9949776968556587
2015-08-25,-0.008467990636062472,0.0,-0.008467990636062472,0.6,2,1.979071534836429,1.9780842443995315
2015-08-26,0.02038076083478364,0.0,0.02038076083478364,0.6,2,2.0194065184628585,2.0183991062956923
2015-08-27,0.014526069498297288,0.0,0.014526069498297288,0.6,2,2.0487405578953646,2.0477185119890446
2015-08-28,0.00012024730026860553,0.0,0.00012024730026860553,0.6,2,2.0489869134164023,2.0479647446118214
2015-08-31,-0.005523711759714355,0.0,-0.005523711759714355,0.6,2,2.0376689003072634,2.0366523776685286
2015-09-01,-0.016209811522837313,0.0,-0.016209811522837313,0.6,2,2.0046386714873354,2.0036386264889834
2015-09-02,0.010264485178726312,0.0,0.010264485178726312,0.6,2,2.025215255419519,2.024204945474103
2015-09-03,0.0014170020103555282,0.0,0.0014170020103555282,0.6,2,2.028084989507851,2.0270732479512112
2015-09-04,-0.007856504715614698,0.0,-0.007856504715614698,0.6,2,2.012151330224115,2.0111475374197862
2015-09-08,0.013241609391600394,0.0,0.013241609391600394,0.6,2,2.038795452175732,2.037778367539178
2015-09-09,-0.00773622779467953,0.0,-0.00773622779467953,0.6,2,2.023022866130944,2.0220136498928247
2015-09-10,0.002368167223214468,0.0,0.002368167223214468,0.6,2,2.027813722574329,2.026802116343393
2015-09-11,0.0037902262168509893,0.0,0.0037902262168509893,0.6,2,2.0354995953085204,2.034484154861127
2015-09-14,-0.0018473050383992942,0.0,-0.0018473050383992942,0.6,2,2.0317394066504475,2.0307258420313086
2015-09-15,0.004328065588951446,0.0,0.004328065588951446,0.6,2,2.040532908062088,2.039514956668799
2015-09-16,0.005079448376848684,0.0,0.005079448376848684,0.6,2,2.05089768962985,2.0498745676050087
2015-09-17,0.00197911216111093,0.0,0.00197911216111093,0.6,2,2.054956646188591,2.053931499290508
2015-09-18,-0.007944474562917381,0.0,-0.007944474562917381,0.6,2,2.0386310953850475,2.03761409274042
2015-09-21,0.0008209129730980532,0.0,0.0008209129730980532,0.6,2,2.04030463409861,2.0392867965833177
2015-09-22,-0.005799456685103821,0.0,-0.005799456685103821,0.6,2,2.0284719757487384,2.0274600411380286
2015-09-23,-0.0014057719590404138,0.0,-0.0014057719590404138,0.6,2,2.0256204067255315,2.024609894664122
2015-09-24,-0.0015493970533889904,0.0,-0.0015493970533889904,0.6,2,2.0224819164360666,2.021472970059067
2015-09-25,-0.0011505265424744731,0.0,-0.0011505265424744731,0.6,2,2.020154997309532,2.019147211752119
2015-09-28,-0.012843227217091434,0.0,-0.012843227217091434,0.6,2,1.994209687665343,1.9932148453268301
2015-09-29,0.0017279189852950517,0.0,0.0017279189852950517,0.6,2,1.9976555204453192,1.9966589590998423
2015-09-30,0.011223781962710788,0.0,0.011223781962710788,0.6,2,2.020076770443403,2.019069023910672
2015-10-01,0.0018778398517993898,0.0,0.0018778398517993898,0.6,2,2.0238701511066357,2.022860512187305
2015-10-02,0.011110025765074626,0.0,0.011110025765074626,0.6,2,2.046355400630596,2.0453345445968583
2015-10-05,0.008412058639057252,0.0,0.008412058639057252,0.6,2,2.063569462257052,2.0625400187224967
2015-10-06,-0.0012393682646113734,0.0,-0.0012393682646113734,0.6,2,2.0610119397537097,2.0599837720788012
2015-10-07,0.0039050544051702383,0.0,0.0039050544051702383,0.6,2,2.069060303508153,2.068028120782537
2015-10-08,0.0043919802296188415,0.0,0.0043919802296188415,0.6,2,2.0781475754550502,2.0771108594033096
2015-10-09,0.0005814881307876663,0.0,0.0005814881307876663,0.6,2,2.0793559936042025,2.078318674714383
2015-10-12,0.0019053158068512931,0.0,0.0019053158068512931,0.6,2,2.0833178234468877,2.0822785281369907
2015-10-13,-0.003415458843664565,0.0,-0.003415458843664565,0.6,2,2.076202337162632,2.075166591523092
2015-10-14,-0.0006929358144737384,0.0,-0.0006929358144737384,0.6,2,2.0747636622051178,2.0737286342708265
2015-10-15,0.00782069078988199,0.0,0.00782069078988199,0.6,2,2.090989747269307,2.0899466247015828
2015-10-16,0.00239233061270121,0.0,0.00239233061270121,0.6,2,2.0959920860525436,2.0949464679907677
2015-10-19,0.00012014892452072434,0.0,0.00012014892452072434,0.6,2,2.0962439172474867,2.095198173555825
2015-10-20,-0.002136941574780837,0.0,-0.002136941574780837,0.6,2,2.0917643664698393,2.0907208574713487
2015-10-21,-0.0023347168440938093,0.0,-0.0023347168440938093,0.6,2,2.086880688969567,2.085839616269112
2015-10-22,0.010505812195441066,0.0,0.010505812195441066,0.6,2,2.108805065562174,2.1077530555474464
2015-10-23,0.004309836726943494,0.0,0.004309836726943494,0.6,2,2.1178936710836984,2.116837127077572
2015-10-26,-0.0004337402039318093,0.0,-0.0004337402039318093,0.6,2,2.116975055450897,2.115918969710383
2015-10-27,-0.00015315165265847872,0.0,-0.00015315165265847872,0.6,2,2.116650837222518,2.1155949132232803
2015-10-28,0.004739375906396859,0.0,0.004739375906396859,0.6,2,2.126682441202705,2.1256215127827067
2015-10-29,-0.00280036500188865,0.0,-0.00280036500188865,0.6,2,2.12072695412423,2.1196689966910487
2015-10-30,-0.0017964917570133737,0.0,-0.0017964917570133737,0.6,2,2.11691708563227,2.1158610288108965
2015-11-02,0.005937706952817524,0.0,0.005937706952817524,0.6,2,2.129486718930167,2.1284243915528624
2015-11-03,0.0006936522295071246,0.0,0.0006936522295071246,0.6,2,2.1309638421404586,2.1299007778774004
2015-11-04,-0.002228696662823704,0.0,-0.002228696662823704,0.6,2,2.126214570136882,2.1251538751215997
2015-11-05,-0.0008627842956617558,0.0,-0.0008627842956617558,0.6,2,2.1243801055965608,2.12332032573228
2015-11-06,-0.0030286969341986043,0.0,-0.0030286969341986043,0.6,2,2.117946002083668,2.116889431971413
2015-11-09,-0.006292888400024865,0.0,-0.006292888400024865,0.6,2,2.1046180042552765,2.103568083020825
2015-11-10,0.002152955485951691,0.0,0.002152955485951691,0.6,2,2.1091491531333704,2.1080969714652373
2015-11-11,-0.0025437403056604246,0.0,-0.0025437403056604246,0.6,2,2.1037840254218954,2.1027345202306806
2015-11-12,-0.00817694934004096,0.0,-0.00817694934004096,0.6,2,2.086581490023633,2.085540566583199
2015-11-13,-0.0052328433115645945,0.0,-0.0052328433115645945,0.6,2,2.0756627360295283,2.0746272595783575
2015-11-16,0.009664450779734324,0.0,0.009664450779734324,0.6,2,2.095722876377214,2.0946773926148476
2015-11-17,-0.0005450306736907828,0.0,-0.0005450306736907828,0.6,2,2.094580643126033,2.093535729184386
2015-11-18,0.009309276307052581,0.0,0.009309276307052581,0.6,2,2.114079673080297,2.11302503174605
2015-11-19,0.0003518986599509333,0.0,0.0003518986599509333,0.6,2,2.1148236148842834,2.113768602423164
2015-11-20,0.0016607846560007466,0.0,0.0016607846560007466,0.6,2,2.1183358814940316,2.1172791168844047
2015-11-23,-0.00015841138383605442,0.0,-0.00015841138383605442,0.6,2,2.1180003129756146,2.1169437157695317
2015-11-24,0.001204713849614757,0.0,0.001204713849614757,0.6,2,2.120551897286145,2.1194940271827742
2015-11-25,0.00014051385546782764,0.0,0.00014051385546782764,0.6,2,2.120849864208952,2.1197918454601745
2015-11-27,0.0011019629170830212,0.0,0.0011019629170830212,0.6,2,2.123186962112011,2.1221277774658067
2015-11-30,-0.0023376764537492043,0.0,-0.0023376764537492043,0.6,2,2.1182236379437747,2.1171669293285778
2015-12-01,0.007835763477588076,0.0,0.007835763477588076,0.6,2,2.1348215373633384,2.1337565486293677
2015-12-02,-0.0072487205999880455,0.0,-0.0072487205999880455,0.6,2,2.1193468125081547,2.1182895435799587
2015-12-03,-0.012605899838042056,0.0,-0.012605899838042056,0.6,2,2.092630538867603,2.091586597765618
2015-12-04,0.013180788608674998,0.0,0.013180788608674998,0.6,2,2.1202130596364746,2.1191553585675043
2015-12-07,-0.0023545768614685377,0.0,-0.0023545768614685377,0.6,2,2.1152208550248712,2.114165644394364
2015-12-08,-0.003792029860908497,0.0,-0.003792029860908497,0.6,2,2.1071998743802003,2.1061486651399135
2015-12-09,-0.004073464955748739,0.0,-0.004073464955748739,0.6,2,2.098616269537154,2.097569342360869
2015-12-10,0.0006833778479361284,0.0,0.0006833778479361284,0.6,2,2.100050417407074,2.099002774783948
2015-12-11,-0.008483478218010543,0.0,-0.008483478218010543,0.6,2,2.0822346854342775,2.0811959304645247
2015-12-14,6.935119502413621e-05,0.0,6.935119502413621e-05,0.6,2,2.082379090898033,2.0813402638893814
2015-12-15,0.005274581926264731,0.0,0.005274581926264731,0.6,2,2.0933627700145157,2.0923184636276995
2015-12-16,0.0076893311190321615,0.0,0.0076893311190321615,0.6,2,2.1094593295054116,2.108406993100998
2015-12-17,-0.007459855319792831,0.0,-0.007459855319792831,0.6,2,2.093723068104314,2.092678581977225
2015-12-18,-0.009292012711551445,0.0,-0.009292012711551445,0.6,2,2.07426816674102,2.073233385992301
2015-12-21,0.005132337372681217,0.0,0.005132337372681217,0.6,2,2.084914010774148,2.08387391918152
2015-12-22,0.004304612107593497,0.0,0.004304612107593497,0.6,2,2.093888756868218,2.0928441880847273
2015-12-23,0.006503565712443126,0.0,0.006503565712443126,0.6,2,2.107506499993056,2.1064551377878407
2015-12-24,-0.00025722924746458543,0.0,-0.00025722924746458543,0.6,2,2.1069643876820363,2.1059132959179294
2015-12-28,-0.0012913151034159795,0.0,-0.0012913151034159795,0.6,2,2.104243632745863,2.1031938982724263
2015-12-29,0.004271737187310575,0.0,0.004271737187310575,0.6,2,2.113232408523025,2.1121781898598013
2015-12-30,-0.004105312787590609,0.0,-0.004105312787590609,0.6,2,2.1045569284931647,2.1035070377273
2015-12-31,-0.0055610778442010565,0.0,-0.0055610778442010565,0.6,2,2.0928533235862616,2.091809271344674
2016-01-04,-0.006655554090390248,0.0,-0.006655554090390248,0.6,2,2.0789242250878806,2.0778871215924597
2016-01-05,0.0009018041917191465,0.0,0.0009018041917191465,0.6,2,2.080799007668331,2.079760968908631
2016-01-06,-0.005135179656514933,0.0,-0.005135179656514933,0.6,2,2.0701137309348563,2.0690810226906775
2016-01-07,-0.013601624892720432,0.0,-0.013601624892720432,0.6,2,2.0419568204814103,2.0409381587473927
2016-01-08,-0.005515043187038304,0.0,-0.005515043187038304,0.6,2,2.030695340430388,2.0296822966598262
2016-01-11,-0.000658815300746074,0.0,-0.000658815300746074,0.6,2,2.0293574872689586,2.0283451109071335
2016-01-12,0.00664327157396225,0.0,0.00664327157396225,0.6,2,2.0428390601775397,2.041819958324608
2016-01-13,-0.013326225079984422,0.0,-0.013326225079984422,0.6,2,2.01561572705943,2.0146102059871698
2016-01-14,0.009003851757564973,0.0,0.009003851757564973,0.6,2,2.0337640322660895,2.032749457631156
2016-01-15,-0.010925340573743546,0.0,-0.010925340573743546,0.6,2,2.0115444675669525,2.010540977505443
2016-01-19,0.00034904518227367714,0.0,0.00034904518227367714,0.6,2,2.012246587472286,2.011242747147405
2016-01-20,-0.005691271032524825,0.0,-0.005691271032524825,0.6,2,2.000794346758708,1.9997962195611894
2016-01-21,0.002362321928139543,0.0,0.002362321928139543,0.6,2,2.0055208671177533,2.004520382022469
2016-01-22,0.011383947892922651,0.0,0.011383947892922651,0.6,2,2.028351612167191,2.0273397376017144
2016-01-25,-0.0077585213357077125,0.0,-0.0077585213357077125,0.6,2,2.0126146029078744,2.011610578992803
2016-01-26,0.008457751085473576,0.0,0.008457751085473576,0.6,2,2.029636796250258,2.0286242805508294
2016-01-27,-0.006248777525589588,0.0,-0.006248777525589588,0.6,2,2.0169540474527397,2.015947858738658
2016-01-28,0.0036699148855984017,0.0,0.0036699148855984017,0.6,2,2.0243560971350543,2.023346215794033
2016-01-29,0.016705027273504626,0.0,0.016705027273504626,0.6,2,2.0581730209489804,2.0571462695126144
2016-02-01,-0.0011172962208192633,0.0,-0.0011172962208192633,0.6,2,2.055873432010882,2.0548478277600157
2016-02-02,-0.008032995317946167,0.0,-0.008032995317946167,0.6,2,2.0393586103572483,2.0383412447805274
2016-02-03,0.003160462206321757,0.0,0.003160462206321757,0.6,2,2.0458039261704193,2.044783345248243
2016-02-04,0.0018998984914847753,0.0,0.0018998984914847753,0.6,2,2.049690745963624,2.048668226041294
2016-02-05,-0.0109470509408097,0.0,-0.0109470509408097,0.6,2,2.027252676954654,2.0262413506100017
2016-02-08,-0.005106794412150273,0.0,-0.005106794412150273,0.6,2,2.0168999143119652,2.0158937526030387
2016-02-09,0.0001838424840242773,0.0,0.0001838424840242773,0.6,2,2.017270706202241,2.0162643595180465
2016-02-10,0.0006957746411659247,0.0,0.0006957746411659247,0.6,2,2.0186742720039836,2.0176672251292858
2016-02-11,-0.005930460978987638,0.0,-0.005930460978987638,0.6,2,2.0067026030045776,2.0057015283820743
2016-02-12,0.009250912629768493,0.0,0.009250912629768493,0.6,2,2.025266433458902,2.02425609798253
2016-02-16,0.008895521749906442,0.0,0.008895521749906442,0.6,2,2.043282235067091,2.042262912129514
2016-02-17,0.008781621651924176,0.0,0.008781621651924176,0.6,2,2.0612255665835484,2.0601972923375924
2016-02-18,-0.0005946265174064933,0.0,-0.0005946265174064933,0.6,2,2.0599999072033017,2.0589722443964793
2016-02-19,-0.00026845104483415013,0.0,-0.00026845104483415013,0.6,2,2.0594468980758545,2.0584195111461865
2016-02-22,0.008261765623917006,0.0,0.008261765623917006,0.6,2,2.07646156566266,2.075425690702974
2016-02-23,-0.006796446376139365,0.0,-0.006796446376139365,0.6,2,2.0623490059795193,2.061320171288449
2016-02-24,0.0028223302754259555,0.0,0.0028223302754259555,0.6,2,2.06816963601759,2.067137897615223
2016-02-25,0.008445171569977282,0.0,0.008445171569977282,0.6,2,2.085635683429576,2.0845952318193857
2016-02-26,-0.0033037724274521457,0.0,-0.0033037724274521457,0.6,2,2.078745217764951,2.0777082035701024
2016-02-29,-0.004052907364302882,0.0,-0.004052907364302882,0.6,2,2.070320255963362,2.0692874446909806
2016-03-01,0.010910414936739832,0.0,0.010910414936739832,0.6,2,2.0929083090078597,2.091864229335945
2016-03-02,0.00200992978137502,0.0,0.00200992978137502,0.6,2,2.0971149077478217,2.0960687295490805
2016-03-03,0.0028304725063978964,0.0,0.0028304725063978964,0.6,2,2.1030507338369593,2.1020015944595896
2016-03-04,0.00059784798118212,0.0,0.00059784798118212,0.6,2,2.1043080384725075,2.103258271869279
2016-03-07,-0.0003073073789821245,0.0,-0.0003073073789821245,0.6,2,2.1036613690846333,2.1026119250824284
2016-03-08,-0.004253719681746704,0.0,-0.004253719681746704,0.6,2,2.094712983315228,2.09366800335363
2016-03-09,0.0013918181791540806,0.0,0.0013918181791540806,0.6,2,2.097628442925516,2.096582008541811
2016-03-10,-0.0009442886164327427,0.0,-0.0009442886164327427,0.6,2,2.095647676265356,2.094602230017727
2016-03-11,0.008503256132904901,0.0,0.008503256132904901,0.6,2,2.1134675052209673,2.1124131692761217
2016-03-14,-0.00047114874383815666,0.0,-0.00047114874383815666,0.6,2,2.1124717476607398,2.1114179084649503
2016-03-15,-0.0010361483495870513,0.0,-0.0010361483495870513,0.6,2,2.1102829135458516,2.1092301662838056
2016-03-16,0.005592854001085446,0.0,0.005592854001085446,0.6,2,2.1220854177822988,2.121026782658516
2016-03-17,0.00424873976471174,0.0,0.00424873976471174,0.6,2,2.131101606480945,2.1300384734920157
2016-03-18,0.003052004734179858,0.0,0.003052004734179858,0.6,2,2.137605738672943,2.1365393609970984
2016-03-21,-0.0002803603566928104,0.0,-0.0002803603566928104,0.6,2,2.1370064387655803,2.1359403600597613
2016-03-22,-0.0011519144059951578,0.0,-0.0011519144059951578,0.6,2,2.1345447902630617,2.133479939588662
2016-03-23,-0.0021290471483118795,0.0,-0.0021290471483118795,0.6,2,2.130000243764408,2.1289376602073
2016-03-24,-0.0006464551195640936,0.0,-0.0006464551195640936,0.6,2,2.128623294202154,2.1275613975576264
2016-03-28,0.0009432539329770284,0.0,0.0009432539329770284,0.6,2,2.1306311264962368,2.1295682282135227
2016-03-29,0.00826896018979677,0.0,0.00826896018979677,0.6,2,2.148249230460376,2.147177543114076
2016-03-30,0.002093530606717664,0.0,0.002093530606717664,0.6,2,2.152746655975202,2.151672725018642
2016-03-31,-2.9253092074908596e-06,0.0,-2.9253092074908596e-06,0.6,2,2.152740358525588,2.151666430710608
2016-04-01,0.004014360543935758,0.0,0.004014360543935758,0.6,2,2.161382234482191,2.1603039955337637
2016-04-04,-0.0014716104907502637,0.0,-0.0014716104907502637,0.6,2,2.1582015217114057,2.1571248695107266
2016-04-05,-0.004407894876833018,0.0,-0.004407894876833018,0.6,2,2.1486883962806806,2.147616489849721
2016-04-06,0.005684960964140239,0.0,0.005684960964140239,0.6,2,2.1609036059376376,2.1598256057604606
2016-04-07,-0.005139710336297187,0.0,-0.005139710336297187,0.6,2,2.149797187338458,2.148724727769934
2016-04-08,0.0010228052342505117,0.0,0.0010228052342505117,0.6,2,2.1519960111542447,2.1509224546684607
2016-04-11,-0.0014650415482047705,0.0,-0.0014650415482047705,0.6,2,2.1488432475863326,2.1477712639054047
2016-04-12,0.003993691118274745,0.0,0.003993691118274745,0.6,2,2.1574250637787826,2.1563487989261496
2016-04-13,0.0063364157769987715,0.0,0.0063364157769987715,0.6,2,2.171095405990603,2.1700123214763773
2016-04-14,-0.000912706517507389,0.0,-0.000912706517507389,0.6,2,2.169113833063425,2.1680317370874946
2016-04-15,0.0005332349355793965,0.0,0.0005332349355793965,0.6,2,2.170270480338463,2.1691878073511544
2016-04-18,0.0038181063938519605,0.0,0.0038181063938519605,0.6,2,2.1785568039358316,2.1774699971878677
2016-04-19,0.0012395109746981435,0.0,0.0012395109746981435,0.6,2,2.1812571490033132,2.180168995146458
2016-04-20,-0.0014597707930432246,0.0,-0.0014597707930432246,0.6,2,2.1780730135250814,2.1769864481234444
2016-04-21,-0.003882307722089595,0.0,-0.003882307722089595,0.6,2,2.169617063845398,2.16853471682501
2016-04-22,-0.0004356613235009686,0.0,-0.0004356613235009686,0.6,2,2.168671845603873,2.1675899701202206
2016-04-25,-0.0014691691830906128,0.0,-0.0014691691830906128,0.6,2,2.1654856997600755,2.164405413734544
2016-04-26,4.998627692318633e-05,0.0,4.998627692318633e-05,0.6,2,2.165593944327937,2.164513604302929
2016-04-27,0.003438139399467355,0.0,0.003438139399467355,0.6,2,2.1730395581911788,2.171955503806566
2016-04-28,-0.004071903758720441,0.0,-0.004071903758720441,0.6,2,2.164191150246332,2.1631115100268423
2016-04-29,-0.0033876198668644887,0.0,-0.0033876198668644887,0.6,2,2.156859693310065,2.155783710501232
2016-05-02,0.0035980031473373583,0.0,0.0035980031473373583,0.6,2,2.16462008127496,2.1635402270765938
2016-05-03,-0.0028558897204030483,0.0,-0.0028558897204030483,0.6,2,2.1584381650362685,2.157361394782407
2016-05-04,-0.002620447018971883,0.0,-0.002620447018971883,0.6,2,2.152782092181064,2.1517081435466046
2016-05-05,0.0009750536164147006,0.0,0.0009750536164147006,0.6,2,2.1548811701453983,2.1538061743534387
2016-05-06,0.0012769847422844367,0.0,0.0012769847422844367,0.6,2,2.15763292052111,2.156556551975926
2016-05-09,0.0012569759712314887,0.0,0.0012569759712314887,0.6,2,2.160345013256943,2.1592672917423616
2016-05-10,0.0073677561816329,0.0,0.0073677561816329,0.6,2,2.176261908582827,2.175176246678894
2016-05-11,-0.0050080438604171995,0.0,-0.0050080438604171995,0.6,2,2.165363093492889,2.1642828686313886
2016-05-12,-0.0009007915926772195,0.0,-0.0009007915926772195,0.6,2,2.163412552623177,2.1623333008191503
2016-05-13,-0.0037156420110173506,0.0,-0.0037156420110173506,0.6,2,2.155374086055488,2.154298844364805
2016-05-16,0.0044697333709570845,0.0,0.0044697333709570845,0.6,2,2.1650080335348267,2.163927985800477
2016-05-17,-0.006150510027080958,0.0,-0.006150510027080958,0.6,2,2.15169212991586,2.15061872502593
2016-05-18,-0.0030528338370180656,0.0,-0.0030528338370180656,0.6,2,2.1451233713748072,2.1440532434116464
2016-05-19,-0.0016753921716567532,0.0,-0.0016753921716567532,0.6,2,2.141529448471168,2.140461113392019
2016-05-20,0.004040365295981462,0.0,0.004040365295981462,0.6,2,2.150182009735093,2.149109358191966
2016-05-23,-0.0005621574119059058,0.0,-0.0005621574119059058,0.6,2,2.148973268981374,2.1479012204372623
2016-05-24,0.007097923271059115,0.0,0.007097923271059115,0.6,2,2.1642265163561607,2.16314685849374
2016-05-25,0.0038806509470746147,0.0,0.0038806509470746147,0.6,2,2.172625124036542,2.171541276398815
2016-05-26,0.00141322277358944,0.0,0.00141322277358944,0.6,2,2.175695527340303,2.1746101479844113
2016-05-27,0.001813377277587369,0.0,0.001813377277587369,0.6,2,2.1796408841725308,2.1785535366143773
2016-05-31,-0.0006604937654253406,0.0,-0.0006604937654253406,0.6,2,2.178201244957669,2.1771146155857983
2016-06-01,0.001108706638195112,0.0,0.001108706638195112,0.6,2,2.1806162311372783,2.17952839701221
2016-06-02,0.0030743625648562705,0.0,0.0030743625648562705,0.6,2,2.187320236046605,2.186229057525026
2016-06-03,0.0019165566006398961,0.0,0.0019165566006398961,0.6,2,2.1915123590827132,2.190419089255736
2016-06-06,0.002002986550489982,0.0,0.002002986550489982,0.6,2,2.1959019288631887,2.1948064692314517
2016-06-07,0.0015152862506780719,0.0,0.0015152862506780719,0.6,2,2.1992293488638324,2.1981322292971774
2016-06-08,0.0024240765053054943,0.0,0.0024240765053054943,0.6,2,2.2045604490581914,2.2034606699897714
2016-06-09,-0.0001977988975986999,0.0,-0.0001977988975986999,0.6,2,2.2041243894316778,2.203024827898345
2016-06-10,-0.004291277072962551,0.0,-0.004291277072962551,0.6,2,2.194665880973352,2.193571037963218
2016-06-13,-0.003846289445999007,0.0,-0.003846289445999007,0.6,2,2.1862245607578705,2.185133928830851
2016-06-14,-0.0012844983723850677,0.0,-0.0012844983723850677,0.6,2,2.1834163588679085,2.182327127855824
2016-06-15,0.00038171395811028577,0.0,0.00038171395811028577,0.6,2,2.184249799368455,2.1831601525816895
2016-06-16,0.002221103933267088,0.0,0.002221103933267088,0.6,2,2.18910124518907,2.188009178183541
2016-06-17,-0.003592490702318418,0.0,-0.003592490702318418,0.6,2,2.1812369193192946,2.180148775554329
2016-06-20,0.002176796657891988,0.0,0.002176796657891988,0.6,2,2.1859850285553395,2.184894516122663
2016-06-21,0.000803050800910121,0.0,0.000803050800910121,0.6,2,2.1877404855832983,2.1866490974137394
2016-06-22,-0.00018425770395364967,0.0,-0.00018425770395364967,0.6,2,2.187337377544578,2.1862461904716977
2016-06-23,0.005882879269615548,0.0,0.005882879269615548,0.6,2,2.2002052192585904,2.1991076128638993
2016-06-24,-0.016040404349692713,0.0,-0.016040404349692713,0.6,2,2.164913037889378,2.163833037545075
2016-06-27,-0.0073413325828801885,0.0,-0.0073413325828801885,0.6,2,2.149019691265219,2.1479476195626326
2016-06-28,0.010702659309513817,0.0,0.010702659309513817,0.6,2,2.172019916870267,2.1709363711494927
2016-06-29,0.008546443831921956,0.0,0.008546443831921956,0.6,2,2.1905829630916145,2.1894901569081986
2016-06-30,0.009056871263201715,0.0,0.009056871263201715,0.6,2,2.210422790979698,2.2093200873913634
2016-07-01,0.002320446217886252,0.0,0.002320446217886252,0.6,2,2.2155519581849568,2.214446695832251
2016-07-05,-0.0021329093493618776,0.0,-0.0021329093493618776,0.6,2,2.210826386699347,2.209723481771047
2016-07-06,0.0036840784958522606,0.0,0.0036840784958522606,0.6,2,2.218971244648649,2.2178642765320196
2016-07-07,-0.0008981982772498398,0.0,-0.0008981982772498398,0.6,2,2.216978168499439,2.2158721946596645
2016-07-08,0.009675997656162182,0.0,0.009675997656162182,0.6,2,2.2384296440616023,2.2373129688215463
2016-07-11,3.065575405880399e-06,0.0,3.065575405880399e-06,0.6,2,2.238436506136467,2.237319827473159
2016-07-12,0.00198102958852453,0.0,0.00198102958852453,0.6,2,2.242870915087157,2.241752024250376
2016-07-13,0.0009508327855958679,0.0,0.0009508327855958679,0.6,2,2.245003510287081,2.243883555572209
2016-07-14,0.0016920396135776446,0.0,0.0016920396135776446,0.6,2,2.2488021451591074,2.2476802954364925
2016-07-15,-0.0023288956169425614,0.0,-0.0023288956169425614,0.6,2,2.243564919699875,2.242445682648162
2016-07-18,0.0015053954747056507,0.0,0.0015053954747056507,0.6,2,2.2469423721772,2.245821450231094
2016-07-19,0.00046415073886898485,0.0,0.00046415073886898485,0.6,2,2.247985292139442,2.2468638499165867
2016-07-20,0.0016771600554019274,0.0,0.0016771600554019274,0.6,2,2.2517555232765494,2.2506322002155934
2016-07-21,-0.0013696770021416115,0.0,-0.0013696770021416115,0.6,2,2.248671345521872,2.2475495610506786
2016-07-22,0.002370295596288008,0.0,0.002370295596288008,0.6,2,2.2540013613096614,2.252876917877676
2016-07-25,-0.0019519887039282091,0.0,-0.0019519887039282091,0.6,2,2.2496015761137462,2.2484793275826385
2016-07-26,0.0005279996511483588,0.0,0.0005279996511483588,0.6,2,2.2507893649611574,2.2496665238832168
2016-07-27,0.0010782774384488158,0.0,0.0010782774384488158,0.6,2,2.2532163403520955,2.2520922885399535
2016-07-28,0.0009089810142387746,0.0,0.0009089810142387746,0.6,2,2.2552644712264485,2.25413939767255
2016-07-29,0.002496650303072556,0.0,0.002496650303072556,0.6,2,2.260895077952045,2.259767195482917
2016-08-01,-0.0018862088964725523,0.0,-0.0018862088964725523,0.6,2,2.256630557542021,2.2555048024948405
2016-08-02,-0.00480505328570997,0.0,-0.00480505328570997,0.6,2,2.24578732746687,2.244666981732678
2016-08-03,0.0019684408430185483,0.0,0.0019684408430185483,0.6,2,2.2502080269669893,2.2490854758984957
2016-08-04,0.0015995171011767618,0.0,0.0015995171011767618,0.6,2,2.253807273187328,2.2526829265792037
2016-08-05,0.002416463986151429,0.0,0.002416463986151429,0.6,2,2.2592535172947112,2.2581264537435004
2016-08-08,-0.0005709084129064347,0.0,-0.0005709084129064347,0.6,2,2.2579636904547993,2.256837270353652
2016-08-09,0.0017875006510220007,0.0,0.0017875006510220007,0.6,2,2.2619998020214713,2.26087136844366
2016-08-10,-0.0004148986657170891,0.0,-0.0004148986657170891,0.6,2,2.26106130132176,2.2599333359295346
2016-08-11,0.0008600428826379236,0.0,0.0008600428826379236,0.6,2,2.26300591100117,2.261876975510337
2016-08-12,0.0009112628185911074,0.0,0.0009112628185911074,0.6,2,2.2650681041461174,2.2639381398983467
2016-08-15,0.0005537482776629685,0.0,0.0005537482776629685,0.6,2,2.2663223817075777,2.265191791744051
2016-08-16,-0.003776961992383887,0.0,-0.003776961992383887,0.6,2,2.257762568209379,2.2566362484411737
2016-08-17,0.0017720171364269176,0.0,0.0017720171364269176,0.6,2,2.261763362170229,2.2606350465440936
2016-08-18,0.0020601954705107726,0.0,0.0020601954705107726,0.6,2,2.2664230368043397,2.2652923966274616
2016-08-19,-0.0022308443710883138,0.0,-0.0022308443710883138,0.6,2,2.2613669997301797,2.260238881835576
2016-08-22,0.0008676235412821143,0.0,0.0008676235412821143,0.6,2,2.2633290149746244,2.2621999182983776
2016-08-23,0.0011752608594977284,0.0,0.0011752608594977284,0.6,2,2.2659890169780894,2.2648585933187126
2016-08-24,-0.0032133880642932987,0.0,-0.0032133880642932987,0.6,2,2.2587075149171123,2.25758072374763
2016-08-25,-0.0010541986178758123,0.0,-0.0010541986178758123,0.6,2,2.256326388576701,2.2552007852689124
2016-08-26,-0.0026623321973304527,0.0,-0.0026623321973304527,0.6,2,2.250319298184707,2.249196691606846
2016-08-29,0.004602161923368042,0.0,0.004602161923368042,0.6,2,2.260675631974233,2.2595478589791242
2016-08-30,-0.0010252225050143338,0.0,-0.0010252225050143338,0.6,2,2.258357936439795,2.257231319662942
2016-08-31,-0.00217213614619507,0.0,-0.00217213614619507,0.6,2,2.253452475535008,2.2523283059231787
2016-09-01,0.0006588050728323581,0.0,0.0006588050728323581,0.6,2,2.2549370614572775,2.253812151236805
2016-09-02,0.001666884869205609,0.0,0.001666884869205609,0.6,2,2.258695781926032,2.2575689966097334
2016-09-06,0.0036780421724638577,0.0,0.0036780421724638577,0.6,2,2.267003360266722,2.2658724305865108
2016-09-07,0.0001606125806511871,0.0,0.0001606125806511871,0.6,2,2.26736746952676,2.266236358205014
2016-09-08,-0.003335469049566875,0.0,-0.003335469049566875,0.6,2,2.2598047355081587,2.258677396973218
2016-09-09,-0.016335445004000616,0.0,-0.016335445004000616,0.6,2,2.2228898195314852,2.2217808965731827
2016-09-12,0.009016292420560944,0.0,0.009016292420560944,0.6,2,2.2429320441630693,2.2418131228311027
2016-09-13,-0.010131476038603381,0.0,-0.010131476038603381,0.6,2,2.2202078319014156,2.219100246894113
2016-09-14,0.0006781825717387502,0.0,0.0006781825717387502,0.6,2,2.221713538158649,2.2206052020064977
2016-09-15,0.006109887029162642,0.0,0.006109887029162642,0.6,2,2.2352879568879596,2.2341728489271286
2016-09-16,-0.0018875129878227926,0.0,-0.0018875129878227926,0.6,2,2.23106882183781,2.229955818657738
2016-09-19,-0.0005648129443661225,0.0,-0.0005648129443661225,0.6,2,2.229808685287464,2.2286963107459954
2016-09-20,0.000654313882321489,0.0,0.000654313882321489,0.6,2,2.2312676800651685,2.230154577681595
2016-09-21,0.007379254723929973,0.0,0.007379254723929973,0.6,2,2.2477327726336416,2.2466114563840462
2016-09-22,0.004964018499149381,0.0,0.004964018499149381,0.6,2,2.258890559698139,2.2577636772139376
2016-09-23,-0.0031125155444082565,0.0,-0.0031125155444082565,0.6,2,2.2518597277179615,2.250736352673009
2016-09-26,-0.003725355098089333,0.0,-0.003725355098089333,0.6,2,2.243470750601125,2.2423515605271236
2016-09-27,0.004408683434261729,0.0,0.004408683434261729,0.6,2,2.2533615029345513,2.2522373787058108
2016-09-28,0.0027973720414308898,0.0,0.0027973720414308898,0.6,2,2.2596649934020974,2.2585377245796683
2016-09-29,-0.005182020077126759,0.0,-0.005182020077126759,0.6,2,2.2479553640387073,2.2468339367459484
2016-09-30,0.003520791713705495,0.0,0.003520791713705495,0.6,2,2.2558699466571945,2.2547445710525156
2016-10-03,-0.002373605202051143,0.0,-0.002373605202051143,0.6,2,2.2505154020166582,2.2493926976093688
2016-10-04,-0.004888242197633263,0.0,-0.004888242197633263,0.6,2,2.2395143376620967,2.2383971213058667
2016-10-05,0.0017513578744940972,0.0,0.0017513578744940972,0.6,2,2.2434365287324036,2.2423173557305107
2016-10-06,-0.0004127153761745771,0.0,-0.0004127153761745771,0.6,2,2.242510627981524,2.2413919168795378
2016-10-07,-0.0014741672803537218,0.0,-0.0014741672803537218,0.6,2,2.239204792187908,2.2380877302532247
2016-10-10,0.0020760772493146895,0.0,0.0020760772493146895,0.6,2,2.243853554313526,2.2427341732719737
2016-10-11,-0.007700626909888686,0.0,-0.007700626909888686,0.6,2,2.2265744752513297,2.2254637141455484
2016-10-12,0.0007872171228133773,0.0,0.0007872171228133773,0.6,2,2.2283272728034667,2.227215637287524
2016-10-13,-0.0011141124176778931,0.0,-0.0011141124176778931,0.6,2,2.225844665718186,2.2247342686891756
2016-10-14,-0.0009056179394367979,0.0,-0.0009056179394367979,0.6,2,2.223828900858512,2.2227195094249708
2016-10-17,-0.0012130807938404817,0.0,-0.0012130807938404817,0.6,2,2.221131216730093,2.2200231710779925
2016-10-18,0.004568996521440872,0.0,0.004568996521440872,0.6,2,2.2312795575329964,2.230166449224166
2016-10-19,0.0017809046856501975,0.0,0.0017809046856501975,0.6,2,2.2352532537520027,2.234138163103369
2016-10-20,-0.0014798116631638213,0.0,-0.0014798116631638213,0.6,2,2.2319454999169754,2.2308320593924895
2016-10-21,0.0007145562872791889,0.0,0.0007145562872791889,0.6,2,2.233540350606806,2.2324261144663926
2016-10-24,0.002011784116879789,0.0,0.002011784116879789,0.6,2,2.238033751608567,2.236917273865584
2016-10-25,-0.0020835751619926236,0.0,-0.0020835751619926236,0.6,2,2.2333706400720144,2.2322564885943255
2016-10-26,-0.0020665424442693147,0.0,-0.0020665424442693147,0.6,2,2.2287552848505205,2.2276434358141497
2016-10-27,-0.002962379286315398,0.0,-0.002962379286315398,0.6,2,2.2221528663604135,2.2210443110425975
2016-10-28,-0.0017000723087733148,0.0,-0.0017000723087733148,0.6,2,2.218375045806453,2.2172683751128353
2016-10-31,0.00035773536774459376,0.0,0.00035773536774459376,0.6,2,2.21916863701926,2.218061570430395
2016-11-01,-0.004319887052749327,0.0,-0.004319887052749327,0.6,2,2.2095820791563328,2.208479794970092
2016-11-02,-0.0024152083689793044,0.0,-0.0024152083689793044,0.6,2,2.2042454780268077,2.2031458560865587
2016-11-03,-0.0029957514437335183,0.0,-0.0029957514437335183,0.6,2,2.197642106453666,2.196545778707432
2016-11-04,0.0005731171862132901,0.0,0.0005731171862132901,0.6,2,2.1989016129140206,2.1978046568435134
2016-11-07,0.011568417244937245,0.0,0.011568417244937245,0.6,2,2.2243394242527756,2.2232297781367456
2016-11-08,0.0012940160900398513,0.0,0.0012940160900398513,0.6,2,2.2272177552574686,2.2261066732415102
2016-11-09,0.0003421818549085732,0.0,0.0003421818549085732,0.6,2,2.2279798687602477,2.2268684065521844
2016-11-10,-0.0009096670617352535,0.0,-0.0009096670617352535,0.6,2,2.225953148859427,2.224842697711925
2016-11-11,-0.0021958987175601185,0.0,-0.0021958987175601185,0.6,2,2.221065181194498,2.219957168485246
2016-11-14,-0.0018404608494810406,0.0,-0.0018404608494810406,0.6,2,2.2169773976843636,2.215871424229124
2016-11-15,0.004674643455858707,0.0,0.004674643455858707,0.6,2,2.2273409765682355,2.226229833081421
2016-11-16,-0.000745984304136393,0.0,-0.000745984304136393,0.6,2,2.225679415159756,2.224569100568542
2016-11-17,0.0013166484034977,0.0,0.0013166484034977,0.6,2,2.2286098524084235,2.227498075923276
2016-11-18,-0.0031135090828591228,0.0,-0.0031135090828591228,0.6,2,2.2216710553908006,2.2205627404318373
2016-11-21,0.0048631020380769385,0.0,0.0048631020380769385,0.6,2,2.232475268428208,2.231361563620509
2016-11-22,0.0015502847338284996,0.0,0.0015502847338284996,0.6,2,2.235936240755502,2.2348208093882413
2016-11-23,-0.001099363740304371,0.0,-0.001099363740304371,0.6,2,2.233478133526783,2.232363928424322
2016-11-25,0.001885639770040459,0.0,0.001885639770040459,0.6,2,2.2376896687208765,2.236573362628963
2016-11-28,-0.000999394019158739,0.0,-0.000999394019158739,0.6,2,2.2354533350492236,2.2343381445869417
2016-11-29,0.001587553606013703,0.0,0.001587553606013703,0.6,2,2.2390022370523566,2.237885276165435
2016-11-30,-0.00410931055535535,0.0,-0.00410931055535535,0.6,2,2.2298014815261733,2.228689110578414
2016-12-01,-0.0037245055930972496,0.0,-0.0037245055930972496,0.6,2,2.2214965734367325,2.22038834552079
2016-12-02,0.002093630555889403,0.0,0.002093630555889403,0.6,2,2.226147566542683,2.2250370184069133
2016-12-05,0.003452907022837781,0.0,0.003452907022837781,0.6,2,2.2338342471090713,2.2327198643538444
2016-12-06,0.002051372927530837,0.0,0.002051372927530837,0.6,2,2.238416674208182,2.2373000054383403
2016-12-07,0.009185318006782772,0.0,0.009185318006782772,0.6,2,2.258977243192469,2.257850317464868
2016-12-08,-4.772291371224523e-05,0.0,-4.772291371224523e-05,0.6,2,2.258869438216414,2.2577425662689925
2016-12-09,0.0015655743043085477,0.0,0.0015655743043085477,0.6,2,2.2624058661656736,2.261277230016487
2016-12-12,-0.000612076671675732,0.0,-0.000612076671675732,0.6,2,2.261021100313131,2.2598931549758023
2016-12-13,0.004228061410343553,0.0,0.004228061410343553,0.6,2,2.2705808363753377,2.2694481220158553
2016-12-14,-0.008268120383430144,0.0,-0.008268120383430144,0.6,2,2.2518074006798767,2.250684051739079
2016-12-15,0.0013506120046818725,0.0,0.0013506120046818725,0.6,2,2.2548487187874664,2.2537238526381036
2016-12-16,-0.0006647472065539617,0.0,-0.0006647472065539617,0.6,2,2.2533498144004507,2.2522256960027183
2016-12-19,0.003156552509586108,0.0,0.003156552509586108,0.6,2,2.2604626314120715,2.2593349646755896
2016-12-20,0.001469434470621822,0.0,0.001469434470621822,0.6,2,2.263784233122221,2.262654909353365
2016-12-21,-0.0010159302970738971,0.0,-0.0010159302970738971,0.6,2,2.2614843861337537,2.26035620967913
2016-12-22,-0.0012097407581836085,0.0,-0.0012097407581836085,0.6,2,2.258748576297852,2.257621764644268
2016-12-23,0.001263475121592883,0.0,0.001263475121592883,0.6,2,2.2616024489299376,2.260474213577863
2016-12-27,0.0009113726889101947,0.0,0.0009113726889101947,0.6,2,2.263663611635065,2.2625343480401034
2016-12-28,-0.0034874833399494375,0.0,-0.0034874833399494375,0.6,2,2.255769122502238,2.2546437971952504
2016-12-29,0.0010940477306321972,0.0,0.0010940477306321972,0.6,2,2.258237041591542,2.257110485124956
2016-12-30,-0.0010014261199664531,0.0,-0.0010014261199664531,0.6,2,2.2559755840330165,2.254850155729502
2017-01-03,0.004402936107381539,0.0,0.004402936107381539,0.6,2,2.265908500389327,2.2647781168968986
2017-01-04,0.004023084438031388,0.0,0.004023084438031388,0.6,2,2.2750244416152463,2.2738895104945804
2017-01-05,0.0021136772786911175,0.0,0.0021136772786911175,0.6,2,2.2798331090859554,2.278695779087167
2017-01-06,0.0003255612267482719,0.0,0.0003255612267482719,0.6,2,2.280575334349731,2.279437634080393
2017-01-09,-0.00045984470128417314,0.0,-0.00045984470128417314,0.6,2,2.2795266238663507,2.2783894467624535
2017-01-10,-0.00018962216165414604,0.0,-0.00018962216165414604,0.6,2,2.2790943751003847,2.2779574136304683
2017-01-11,0.002151714253787307,0.0,0.002151714253787307,0.6,2,2.2839983349530146,2.2828589270668975
2017-01-12,-0.0012765687580257978,0.0,-0.0012765687580257978,0.6,2,2.2810826540352305,2.2799447006816234
2017-01-13,0.0005060046430012566,0.0,0.0005060046430012566,0.6,2,2.2822368924492418,2.2810983632859543
2017-01-17,-0.00010219888392430892,0.0,-0.00010219888392430892,0.6,2,2.282003650385983,2.280865237579105
2017-01-18,-0.00151202768579215,0.0,-0.00151202768579215,0.6,2,2.2785531976875206,2.2774165061923246
2017-01-19,-0.0037435568548103374,0.0,-0.0037435568548103374,0.6,2,2.2700233042452673,2.26889086801931
2017-01-20,0.0023956000857792595,0.0,0.0023956000857792595,0.6,2,2.275461372267638,2.274326223177361
2017-01-23,0.0005350395870360017,0.0,0.0005350395870360017,0.6,2,2.2766788341805726,2.275543077740595
2017-01-24,0.00232352517137202,0.0,0.00232352517137202,0.6,2,2.281968754758921,2.280830359360267
2017-01-25,0.003199346606479913,0.0,0.003199346606479913,0.6,2,2.2892695637505525,2.2881275262304426
2017-01-26,-9.082319594428941e-05,0.0,-9.082319594428941e-05,0.6,2,2.2890616449723944,2.2879197111757823
2017-01-27,-0.000444850062129176,0.0,-0.000444850062129176,0.6,2,2.288043355757411,2.2869019299501194
2017-01-30,-0.0038409370042300716,0.0,-0.0038409370042300716,0.6,2,2.2792551253649997,2.2781180837023287
2017-01-31,0.0013252386664439843,0.0,0.0013252386664439843,0.6,2,2.282275682387824,2.2811371338735764
2017-02-01,-0.000527197774468391,0.0,-0.000527197774468391,0.6,2,2.2810724717273456,2.279934523453341
2017-02-02,0.0005516673758366062,0.0,0.0005516673758366062,0.6,2,2.2823308649919163,2.2811922889489735
2017-02-03,0.004437160456597677,0.0,0.004437160456597677,0.6,2,2.2924579332549304,2.2913143051673934
2017-02-06,0.0008347089775835315,0.0,0.0008347089775835315,0.6,2,2.294371468472551,2.2932268857883824
2017-02-07,0.0007504889361489742,0.0,0.0007504889361489742,0.6,2,2.2960933688750553,2.294947927194246
2017-02-08,0.002416726160885308,0.0,0.002416726160885308,0.6,2,2.301642397787451,2.300494187887766
2017-02-09,0.0011805638832460105,0.0,0.0011805638832460105,0.6,2,2.304359633674427,2.3032100682396037
2017-02-10,0.0021007679509449147,0.0,0.0021007679509449147,0.6,2,2.3092005585403013,2.308048578135255
2017-02-13,0.0026535492637018263,0.0,0.0026535492637018263,0.6,2,2.315328135982156,2.314173098740354
2017-02-14,0.0009528633862284417,0.0,0.0009528633862284417,0.6,2,2.3175343273900375,2.316378189555538
2017-02-15,0.0023741278062511914,0.0,0.0023741278062511914,0.6,2,2.323036450078636,2.321877567425156
2017-02-16,0.001095657066079836,0.0,0.001095657066079836,0.6,2,2.3255817013799254,2.3244215489884774
2017-02-17,0.002023034240972543,0.0,0.002023034240972543,0.6,2,2.330286432791996,2.3291239333725358
2017-02-21,0.003380124196098411,0.0,0.003380124196098411,0.6,2,2.338163090347316,2.3369966615354403
2017-02-22,0.00011602439313895824,0.0,0.00011602439313895824,0.6,2,2.3384343743009337,2.337267810154863
2017-02-23,0.0014719779196312509,0.0,0.0014719779196312509,0.6,2,2.3418764980664113,2.3407082167636757
2017-02-24,0.002629277907715788,0.0,0.002629277907715788,0.6,2,2.348033942205376,2.346862589166421
2017-02-27,-0.0004954878908866923,0.0,-0.0004954878908866923,0.6,2,2.346870519819622,2.3456997471719143
2017-02-28,-0.0018095267101838617,0.0,-0.0018095267101838617,0.6,2,2.3426237949286652,2.3414551408253352
2017-03-01,0.0055850048677991366,0.0,0.0055850048677991366,0.6,2,2.355707360226764,2.354532179184578
2017-03-02,-0.00492740799297895,0.0,-0.00492740799297895,0.6,2,2.3440998289508634,2.342930438505138
2017-03-03,0.0007610219032630816,0.0,0.0007610219032630816,0.6,2,2.34588374026413,2.344713459886662
2017-03-06,-0.0018614869680167346,0.0,-0.0018614869680167346,0.6,2,2.3415169082531464,2.34034880633735
2017-03-07,-0.002367342263192995,0.0,-0.002367342263192995,0.6,2,2.335973736316258,2.334808399697494
2017-03-08,-0.0024495837112198608,0.0,-0.0024495837112198608,0.6,2,2.33025157310194,2.3290890910727757
2017-03-09,-0.00035499208167983915,0.0,-0.00035499208167983915,0.6,2,2.3294243522451668,2.328262282887918
2017-03-10,0.0029537910347912314,0.0,0.0029537910347912314,0.6,2,2.336304985013053,2.335139483145755
2017-03-13,-0.0006975028197716338,0.0,-0.0006975028197716338,0.6,2,2.33467540569816,2.3335107167717006
2017-03-14,-0.0018738675403310978,0.0,-0.0018738675403310978,0.6,2,2.3303005332382125,2.3291380267845274
2017-03-15,0.008683563368613801,0.0,0.008683563368613801,0.6,2,2.350535845586501,2.349363244434359
2017-03-16,-0.002287182661010445,0.0,-0.002287182661010445,0.6,2,2.345159740756392,2.3439898215572734
2017-03-17,2.0324215723421715e-05,0.0,2.0324215723421715e-05,0.6,2,2.3452074042888693,2.3440374613120603
2017-03-20,0.00029650941774312945,0.0,0.00029650941774312945,0.6,2,2.345902780370802,2.344732490494882
2017-03-21,-0.006341060565793954,0.0,-0.006341060565793954,0.6,2,2.3310272687590063,2.329864399762069
2017-03-22,0.002171253563756448,0.0,0.002171253563756448,0.6,2,2.3360885200235124,2.3349231261431216
2017-03-23,-0.0010570147486410606,0.0,-0.0010570147486410606,0.6,2,2.3336192400037166,2.3324550779618454
2017-03-24,-0.0002059034243073964,0.0,-0.0002059034243073964,0.6,2,2.33313873981117,2.33197481747425
2017-03-27,0.00040915409325736896,0.0,0.00040915409325736896,0.6,2,2.334093353076701,2.3329289545161926
2017-03-28,0.0030140343671175122,0.0,0.0030140343671175122,0.6,2,2.3411283906589344,2.339960482561148
2017-03-29,0.001701105315395024,0.0,0.001701105315395024,0.6,2,2.3451108966083067,2.343941001775847
2017-03-30,0.0007748830778712575,0.0,0.0007748830778712575,0.6,2,2.3469280833578203,2.345757281993652
2017-03-31,-0.0006003682765998829,0.0,-0.0006003682765998829,0.6,2,2.3455190621891107,2.3443489637369397
2017-04-03,0.0009239697380317047,0.0,0.0009239697380317047,0.6,2,2.34768625082255,2.3465150712348186
2017-04-04,-0.00018206771754598623,0.0,-0.00018206771754598623,0.6,2,2.3472588129453484,2.3460878465916117
2017-04-05,-0.0010134966708801759,0.0,-0.0010134966708801759,0.6,2,2.3448798739527343,2.3437100943694986
2017-04-06,0.0014217316487961983,0.0,0.0014217316487961983,0.6,2,2.348213663882158,2.3470422211862667
2017-04-07,-0.001814257734970437,0.0,-0.001814257734970437,0.6,2,2.3439533990790964,2.3427840816821774
2017-04-10,0.0010764662519781698,0.0,0.0010764662519781698,0.6,2,2.3464765858094148,2.34530600968178
2017-04-11,0.0011370373935286394,0.0,0.0011370373935286394,0.6,2,2.3491446174305195,2.347972710314056
2017-04-12,-0.0013901785189707858,0.0,-0.0013901785189707858,0.6,2,2.3458788870454117,2.3447086090890474
2017-04-13,-0.0027021268450516884,0.0,-0.0027021268450516884,0.6,2,2.3395400247294864,2.338372909012604
2017-04-17,0.004670327301375998,0.0,0.004670327301375998,0.6,2,2.350466442379642,2.3492938758503636
2017-04-18,0.0004930026630488363,0.0,0.0004930026630488363,0.6,2,2.3516252285951422,2.350452083987442
2017-04-19,-0.0021385736535644686,0.0,-0.0021385736535644686,0.6,2,2.346596104838211,2.3454254690866607
2017-04-20,0.003977281988984815,0.0,0.003977281988984815,0.6,2,2.3559291792614054,2.354753887561365
2017-04-21,-0.0017253575760742823,0.0,-0.0017253575760742823,0.6,2,2.3518643590032724,2.3506910951016704
2017-04-24,0.005779959057556283,0.0,0.005779959057556283,0.6,2,2.3654580387072373,2.36427799338832
2017-04-25,0.0014219831731968387,0.0,0.0014219831731968387,0.6,2,2.368821680235182,2.3676399569116775
2017-04-26,0.0006776111459959156,0.0,0.0006776111459959156,0.6,2,2.370426820208586,2.369244296136186
2017-04-27,0.0007674691261044364,0.0,0.0007674691261044364,0.6,2,2.372246049608786,2.3710626179856695
2017-04-28,-0.0008903928020815856,0.0,-0.0008903928020815856,0.6,2,2.370133818801448,2.3689514408973302
2017-05-01,0.0006471484040361018,0.0,0.0006471484040361018,0.6,2,2.371667647119637,2.3704845040415456
2017-05-02,0.0010556339674268056,0.0,0.0010556339674268056,0.6,2,2.3741712600473837,2.3729868680032706
2017-05-03,-0.0015554002808790379,0.0,-0.0015554002808790379,0.6,2,2.3704784734026507,2.369295923562256
2017-05-04,-0.0001977078416111944,0.0,-0.0001977078416111944,0.6,2,2.3700098112200885,2.36882749517907
2017-05-05,0.0024353617347923073,0.0,0.0024353617347923073,0.6,2,2.3757816424254163,2.3745964470171534
2017-05-08,-0.0010817915189556882,0.0,-0.0010817915189556882,0.6,2,2.37321154199375,2.372027628719828
2017-05-09,-0.0010028550088355234,0.0,-0.0010028550088355234,0.6,2,2.370831554911835,2.36964882893127
2017-05-10,0.000928548795773554,0.0,0.000928548795773554,0.6,2,2.37303298769713,2.3718491634977803
2017-05-11,-0.0009210535701098311,0.0,-0.0009210535701098311,0.6,2,2.370847297191823,2.3696645633579787
2017-05-12,0.0010396585078114474,0.0,0.0010396585078114474,0.6,2,2.3733121687550702,2.372128205281933
2017-05-15,0.0030457784501658923,0.0,0.0030457784501658923,0.6,2,2.380540751814181,2.379353182250611
2017-05-16,-1.9307637410337277e-05,0.0,-1.9307637410337277e-05,0.6,2,2.3804947891965047,2.379307242562097
2017-05-17,-0.007452836112803363,0.0,-0.007452836112803363,0.6,2,2.362753351665241,2.3615746556212756
2017-05-18,0.0023065891377671787,0.0,0.0023065891377671787,0.6,2,2.368203252881415,2.3670218380699577
2017-05-19,0.0037847674523449728,0.0,0.0037847674523449728,0.6,2,2.3771663514734582,2.3759804652816747
2017-05-22,0.002594310486927487,0.0,0.002594310486927487,0.6,2,2.383333459068257,2.3821444963194898
2017-05-23,0.0002814211243807208,0.0,0.0002814211243807208,0.6,2,2.3840041794500824,2.3828148821020814
2017-05-24,0.0022239457230652346,0.0,0.0022239457230652346,0.6,2,2.38930607534874,2.3881141330679885
2017-05-25,0.003089031836597522,0.0,0.003089031836597522,0.6,2,2.396686717882868,2.395491093654464
2017-05-26,0.00013826929268483394,0.0,0.00013826929268483394,0.6,2,2.3970181060601368,2.395822316513616
2017-05-30,0.00048811001539379457,0.0,0.00048811001539379457,0.6,2,2.398188114604785,2.3969917413814104
2017-05-31,3.8938852090653e-05,0.0,3.8938852090653e-05,0.6,2,2.398281497297065,2.3970850774882906
2017-06-01,0.004555933577071114,0.0,0.004555933577071114,0.6,2,2.4092079084978693,2.4080060378799155
2017-06-02,0.003751111419906916,0.0,0.003751111419906916,0.6,2,2.4182451157963656,2.417038736827812
2017-06-05,-0.0011116973038242108,0.0,-0.0011116973038242108,0.6,2,2.4155567592211487,2.4143517213808416
2017-06-06,-0.000651866558588754,0.0,-0.000651866558588754,0.6,2,2.4139821385494393,2.4127778862330023
2017-06-07,0.00036679527026182155,0.0,0.00036679527026182155,0.6,2,2.4148675757803555,2.4136628817498647
2017-06-08,-0.00033692795534734366,0.0,-0.00033692795534734366,0.6,2,2.4140539393856133,2.412849651250219
2017-06-09,-0.0012805161319535906,0.0,-0.0012805161319535906,0.6,2,2.410962704372824,2.4097599583478146
2017-06-12,-0.00019645379226560498,0.0,-0.00019645379226560498,0.6,2,2.410489061606539,2.4092865518655473
2017-06-13,0.0030798729938586785,0.0,0.0030798729938586785,0.6,2,2.4179130617693727,2.4167068484511045
2017-06-14,0.001331259755403025,0.0,0.001331259755403025,0.6,2,2.4211319321205695,2.419924113019054
2017-06-15,-0.0018426433087436194,0.0,-0.0018426433087436194,0.6,2,2.416670649566262,2.4154650560445323
2017-06-16,0.0003541401816486767,0.0,0.0003541401816486767,0.6,2,2.4175264897490845,2.416320469278246
2017-06-19,0.003870134064457531,0.0,0.003870134064457531,0.6,2,2.426882641368791,2.4256719534370457
2017-06-20,-0.0030465527073221255,0.0,-0.0030465527073221255,0.6,2,2.419489015487376,2.4182820159802265
2017-06-21,-0.00018259695756499533,0.0,-0.00018259695756499533,0.6,2,2.419047224154286,2.4178404450415747
2017-06-22,0.00010020761450664224,0.0,0.00010020761450664224,0.6,2,2.4192896311059977,2.41808273106483
2017-06-23,0.0008279804801097246,0.0,0.0008279804801097246,0.6,2,2.4212927556962853,2.4200848563654422
2017-06-26,0.0007336290223401984,0.0,0.0007336290223401984,0.6,2,2.423069086333446,2.4218603008525976
2017-06-27,-0.00680501738682906,0.0,-0.00680501738682906,0.6,2,2.406580059071459,2.4053794993968247
2017-06-28,0.0049857004489660016,0.0,0.0049857004489660016,0.6,2,2.4185785463524443,2.417372001046901
2017-06-29,-0.006758136623620592,0.0,-0.006758136623620592,0.6,2,2.4022334621012367,2.401035070793711
2017-06-30,0.00018762705407193714,0.0,0.00018762705407193714,0.6,2,2.4026841860889236,2.4014855699307676
2017-07-03,-0.0004445893953694438,0.0,-0.0004445893953694438,0.6,2,2.401615978179367,2.4004178949132435
2017-07-05,0.0016883852170666458,0.0,0.0016883852170666458,0.6,2,2.405670831093996,2.404470725001797
2017-07-06,-0.00625248901341382,0.0,-0.00625248901341382,0.6,2,2.3906294006526907,2.389436798210648
2017-07-07,0.0032428053245288076,0.0,0.0032428053245288076,0.6,2,2.3983817464021024,2.3971852765825106
2017-07-10,0.001173483459717617,0.0,0.001173483459717617,0.6,2,2.4011962077115943,2.399998333854459
2017-07-11,8.351009263158916e-05,0.0,8.351009263158916e-05,0.6,2,2.4013967318293266,2.4001987579376345
2017-07-12,0.0056713987895045115,0.0,0.0056713987895045115,0.6,2,2.4150160103473435,2.4138112422679723
2017-07-13,0.0005944858743281767,0.0,0.0005944858743281767,0.6,2,2.416451703251771,2.415246218954795
2017-07-14,0.0033676097358781745,0.0,0.0033676097358781745,0.6,2,2.424589369533921,2.42337982563629
2017-07-17,0.0004151466599712883,0.0,0.0004151466599712883,0.6,2,2.4255959297124847,2.424385883676745
2017-07-18,0.0017844277832077759,0.0,0.0017844277832077759,0.6,2,2.4299242304802995,2.4287120252047947
2017-07-19,0.0032450334368677503,0.0,0.0032450334368677503,0.6,2,2.437809415857263,2.4365932769351066
2017-07-20,0.0003809088995709864,0.0,0.0003809088995709864,0.6,2,2.438737999159221,2.437521396998926
2017-07-21,0.00017926117025639514,0.0,0.00017926117025639514,0.6,2,2.439175170186899,2.437958349937077
2017-07-24,-0.0004071431577267193,0.0,-0.0004071431577267193,0.6,2,2.43818207670586,2.4369657518760777
2017-07-25,-0.0007838115867658372,0.0,-0.0007838115867658372,0.6,2,2.4362710013434934,2.435055629883206
2017-07-26,0.0013025041701684617,0.0,0.0013025041701684617,0.6,2,2.4394442544824035,2.4382272999957206
2017-07-27,-0.0011900681421374458,0.0,-0.0011900681421374458,0.6,2,2.436541149590624,2.435325643362706
2017-07-28,-2.7101423567632435e-05,0.0,-2.7101423567632435e-05,0.6,2,2.4364751158568887,2.43525964257092
2017-07-31,-0.00022491633918073626,0.0,-0.00022491633918073626,0.6,2,2.4359271127933253,2.4347119128871584
2017-08-01,0.0023344233956698935,0.0,0.0023344233956698935,0.6,2,2.441613598035577,2.4403955613383186
2017-08-02,-8.299190810190377e-05,0.0,-8.299190810190377e-05,0.6,2,2.4414109638642283,2.4401930282541597
2017-08-03,0.00021941545315220536,0.0,0.00021941545315220536,0.6,2,2.4419466471571956,2.4407284443132333
2017-08-04,1.1558233185948578e-05,0.0,1.1558233185948578e-05,0.6,2,2.441974871745971,2.4407566548217363
2017-08-07,0.0013398810155266449,0.0,0.0013398810155266449,0.6,2,2.4452468275170167,2.4440269783270523
2017-08-08,-0.0018140412626781897,0.0,-0.0018140412626781897,0.6,2,2.440811048874468,2.4395934125412686
2017-08-09,0.00047199084800988436,0.0,0.00047199084800988436,0.6,2,2.4419630893512583,2.4407448783048533
2017-08-10,-0.006999608201855055,0.0,-0.006999608201855055,0.6,2,2.424870304482408,2.423660620436035
2017-08-11,0.0013330660391198458,0.0,0.0013330660391198458,0.6,2,2.4281028167345835,2.42689152009949
2017-08-14,0.0049666499112651415,0.0,0.0049666499112651415,0.6,2,2.440162353373861,2.438945040652442
2017-08-15,-0.0012627789454465969,0.0,-0.0012627789454465969,0.6,2,2.437080967730549,2.435865192206005
2017-08-16,0.001796923509838244,0.0,0.001796923509838244,0.6,2,2.4414602158168432,2.4402422556366767
2017-08-17,-0.007958472489741908,0.0,-0.007958472489741908,0.6,2,2.4220299218544654,2.4208216547768866
2017-08-18,-0.0008629428327053378,0.0,-0.0008629428327053378,0.6,2,2.419939848492803,2.418732624080639
2017-08-21,0.0007302791768605488,0.0,0.0007302791768605488,0.6,2,2.4217070801734124,2.420498974150399
2017-08-22,0.0054809077964336865,0.0,0.0054809077964336865,0.6,2,2.4349802333898136,2.4337655058490797
2017-08-23,-0.0007724587718029863,0.0,-0.0007724587718029863,0.6,2,2.433099311549365,2.431885522335575
2017-08-24,-0.0020246352159123846,0.0,-0.0020246352159123846,0.6,2,2.42817317299939,2.426961841265987
2017-08-25,0.0020734760528000606,0.0,0.0020734760528000606,0.6,2,2.4332079319256557,2.4319940885249114
2017-08-28,0.0003996311896249826,0.0,0.0003996311896249826,0.6,2,2.434180317706096,2.4329659892156696
2017-08-29,0.0016455521478394354,0.0,0.0016455521478394354,0.6,2,2.438185888356126,2.4369695616248435
2017-08-30,0.0025100392357785273,0.0,0.0025100392357785273,0.6,2,2.4443058306000216,2.4430864508409202
2017-08-31,0.0042331986365296,0.0,0.0042331986365296,0.6,2,2.454653062709379,2.453428521073544
2017-09-01,-0.00032853341495111535,0.0,-0.00032853341495111535,0.6,2,2.453846627156167,2.4526224878231773
2017-09-05,-0.0015372043746368913,0.0,-0.0015372043746368913,0.6,2,2.4500745633862144,2.4488523058055627
2017-09-06,0.0010892927253523862,0.0,0.0010892927253523862,0.6,2,2.452743411784682,2.451519822807739
2017-09-07,0.0016638723573886738,0.0,0.0016638723573886738,0.6,2,2.4568244637473176,2.4555988388744994
2017-09-08,-0.0009990777661373238,0.0,-0.0009990777661373238,0.6,2,2.4543699050502856,2.4531455046720274
2017-09-11,0.004097234365405677,0.0,0.004097234365405677,0.6,2,2.464426033770675,2.46319661673711
2017-09-12,0.0010576874713844383,0.0,0.0010576874713844383,0.6,2,2.467032626310748,2.4658019089381895
2017-09-13,-0.0005272549074414324,0.0,-0.0005272549074414324,0.6,2,2.4657318712517076,2.4645018027809233
2017-09-14,-0.00011588759693572639,0.0,-0.00011588759693572639,0.6,2,2.4654461235104606,2.4642161975893555
2017-09-15,0.0012917702842868417,0.0,0.0012917702842868417,0.6,2,2.4686309135503213,2.4673993988474594
2017-09-18,-0.00028417685238086855,0.0,-0.00028417685238086855,0.6,2,2.467929385787618,2.466698221052728
2017-09-19,0.00015335099933773118,0.0,0.00015335099933773118,0.6,2,2.4683078452252234,2.467076491689991
2017-09-20,-0.0005667412595405264,0.0,-0.0005667412595405264,0.6,2,2.466908953328087,2.4656782976517078
2017-09-21,-0.002131838558113763,0.0,-0.002131838558113763,0.6,2,2.461649901702026,2.4604218695848696
2017-09-22,0.0008349306211818506,0.0,0.0008349306211818506,0.6,2,2.4637052085835864,2.4624761511448114
2017-09-25,-3.197429848251766e-05,0.0,-3.197429848251766e-05,0.6,2,2.463626433337874,2.4623974151973487
2017-09-26,2.7837109436501376e-05,0.0,2.7837109436501376e-05,0.6,2,2.4636950135765097,2.4624659612236717
2017-09-27,0.0002832948183597584,0.0,0.0002832948183597584,0.6,2,2.4643929656078747,2.4631635650708734
2017-09-28,0.0006471334848429321,0.0,0.0006471334848429321,0.6,2,2.465987756815731,2.464757560692476
2017-09-29,0.0016225293775457448,0.0,0.0016225293775457448,0.6,2,2.469988894395833,2.468756702243228
2017-10-02,0.0021465155222771147,0.0,0.0021465155222771147,0.6,2,2.4752907638975055,2.4740559268253186
2017-10-03,0.0018489279547839299,0.0,0.0018489279547839299,0.6,2,2.479867398187094,2.478630277990125
2017-10-04,0.0006001713237468341,0.0,0.0006001713237468341,0.6,2,2.481355743486181,2.4801178808051456
2017-10-05,0.0031375557655393127,0.0,0.0031375557655393127,0.6,2,2.48914113550551,2.487899388961283
2017-10-06,-0.0011702614963676752,0.0,-0.0011702614963676752,0.6,2,2.486228189475603,2.4849878960995446
2017-10-09,-0.0005368054262444134,0.0,-0.0005368054262444134,0.6,2,2.4848935686926104,2.4836539411127667
2017-10-10,0.0017333967792706683,0.0,0.0017333967792706683,0.6,2,2.4892008752014125,2.487959098855115
2017-10-11,0.001394987382362167,0.0,0.001394987382362167,0.6,2,2.4926732790144834,2.491429770405851
2017-10-12,-0.0005182003604452091,0.0,-0.0005182003604452091,0.6,2,2.491381574822826,2.4901387106008026
2017-10-13,0.0020830426840767083,0.0,0.0020830426840767083,0.6,2,2.496571228985504,2.495325775824256
2017-10-16,0.00012626705688210108,0.0,0.00012626705688210108,0.6,2,2.4968864636868844,2.4956408532659315
2017-10-17,0.00027380669158687525,0.0,0.00027380669158687525,0.6,2,2.4975701279087743,2.496324176431353
2017-10-18,-0.00042412603931325516,0.0,-0.00042412603931325516,0.6,2,2.496510843382517,2.4952654203455613
2017-10-19,0.0005877311077178145,0.0,0.0005877311077178145,0.6,2,2.4979781204659277,2.496731965455111
2017-10-20,0.0014384359926243203,0.0,0.0014384359926243203,0.6,2,2.501571302103194,2.5003233545781574
2017-10-23,-0.0019519741808889488,0.0,-0.0019519741808889488,0.6,2,2.4966882995098354,2.495442787946147
2017-10-24,-0.00015194968570850806,0.0,-0.00015194968570850806,0.6,2,2.4963089285074127,2.495063606198815
2017-10-25,-0.0036134698498861083,0.0,-0.0036134698498861083,0.6,2,2.48728859145825,2.4860477690842675
2017-10-26,0.00024881264735903135,0.0,0.00024881264735903135,0.6,2,2.4879074603174365,2.4866663292111544
2017-10-27,0.006184071318233331,0.0,0.006184071318233331,0.6,2,2.5032928574852042,2.5020440511356457
2017-10-30,-0.0007971158123987411,0.0,-0.0007971158123987411,0.6,2,2.5012974431654382,2.5000496322591674
2017-10-31,0.000671342726816304,0.0,0.000671342726816304,0.6,2,2.5029766710115116,2.5017280223964646
2017-11-01,0.00103974245341798,0.0,0.00103974245341798,0.6,2,2.5055791221162766,2.5043291752282553
2017-11-02,0.0007610207521586033,0.0,0.0007610207521586033,0.6,2,2.507485919824383,2.5062350217008404
2017-11-03,0.0026423790947466053,0.0,0.0026423790947466053,0.6,2,2.514111648199298,2.5128574447287044
2017-11-06,0.001417876854070399,0.0,0.001417876854070399,0.6,2,2.5176763489138287,2.516420367137164
2017-11-07,-0.0002667486066900704,0.0,-0.0002667486066900704,0.6,2,2.5170047622556595,2.5157491155103835
2017-11-08,0.0005342301685500759,0.0,0.0005342301685500759,0.6,2,2.518349422134041,2.5170931045843923
2017-11-09,-0.002321173051173276,0.0,-0.002321173051173276,0.6,2,2.5125038973219453,2.511250495902737
2017-11-10,-0.002217331557532942,0.0,-0.002217331557532942,0.6,2,2.506932843141989,2.5056822209293017
2017-11-13,0.00037649090073965685,0.0,0.00037649090073965685,0.6,2,2.5078766805461976,2.506625587485627
2017-11-14,-0.0008238238890528437,0.0,-0.0008238238890528437,0.6,2,2.505810631825965,2.504560569445745
2017-11-15,-0.0015702573544356332,0.0,-0.0015702573544356332,0.6,2,2.5018758642525176,2.5006277647919433
2017-11-16,0.004072950369044692,0.0,0.004072950369044692,0.6,2,2.5120658804771288,2.510812697569396
2017-11-17,-0.0012360989949958376,0.0,-0.0012360989949958376,0.6,2,2.5089607183669074,2.5077090845173076
2017-11-20,0.0003830664739206568,0.0,0.0003830664739206568,0.6,2,2.5099218171024975,2.5086697037939323
2017-11-21,0.003995546403953476,0.0,0.003995546403953476,0.6,2,2.5199503261930256,2.518693210007633
2017-11-22,0.0007512469471214756,0.0,0.0007512469471214756,0.6,2,2.521843431182476,2.520585370592387
2017-11-24,0.0010468739326127351,0.0,0.0010468739326127351,0.6,2,2.5244834833327117,2.5232241057117855
2017-11-27,-3.600768075660008e-05,0.0,-3.600768075660008e-05,0.6,2,2.5243925825373683,2.5231332502637094
2017-11-28,0.0061533542442056,0.0,0.0061533542442056,0.6,2,2.539926064349166,2.538658982957916
2017-11-29,-0.001643513751598369,0.0,-0.001643513751598369,0.6,2,2.535751660934365,2.534486662008806
2017-11-30,0.0039961546774025525,0.0,0.0039961546774025525,0.6,2,2.545884916794939,2.5446148627380065
2017-12-01,0.00023098137266590617,0.0,0.00023098137266590617,0.6,2,2.54647296878767,2.545202621371908
2017-12-04,-0.0008783788437165987,0.0,-0.0008783788437165987,0.6,2,2.544236200805791,2.542966969236323
2017-12-05,-0.0018540460127153045,0.0,-0.0018540460127153045,0.6,2,2.5395190698222807,2.5382521914665435
2017-12-06,0.0009442981131485117,0.0,0.0009442981131485117,0.6,2,2.5419171328882184,2.54064905822164
2017-12-07,0.0011762683908967285,0.0,0.0011762683908967285,0.6,2,2.5449071096639138,2.5436375434011875
2017-12-08,0.0029664659809955913,0.0,0.0029664659809955913,0.6,2,2.5524564900295257,2.5511831576416704
2017-12-11,0.001543765978978051,0.0,0.001543765978978051,0.6,2,2.556396885521655,2.5551215874065796
2017-12-12,0.0007224110095658042,0.0,0.0007224110095658042,0.6,2,2.5582436547765757,2.5569674353721012
2017-12-13,0.0015578456723229772,0.0,0.0015578456723229772,0.6,2,2.562229003582917,2.560950796025566
2017-12-14,-0.002597102044439725,0.0,-0.002597102044439725,0.6,2,2.555574633399389,2.5542997454774983
2017-12-15,0.00491145640242423,0.0,0.00491145640242423,0.6,2,2.568126226794471,2.566845077316134
2017-12-18,0.002898306343149981,0.0,0.002898306343149981,0.6,2,2.5755694433275993,2.574284580685603
2017-12-19,-0.004116670210631712,0.0,-0.004116670210631712,0.6,2,2.5649666733248395,2.563687100038606
2017-12-20,-0.0014795897515710531,0.0,-0.0014795897515710531,0.6,2,2.561171574921867,2.559893894879154
2017-12-21,0.0015190451850147777,0.0,0.0015190451850147777,0.6,2,2.5650621102707483,2.5637824893743186
2017-12-22,-4.736475173228161e-06,0.0,-4.736475173228161e-06,0.6,2,2.5650499609177455,2.563770346082208
2017-12-26,-0.0005648507954238324,0.0,-0.0005648507954238324,0.6,2,2.5636010904070194,2.56232219836294
2017-12-27,0.0020031347952228717,0.0,0.0020031347952228717,0.6,2,2.5687363289522853,2.567454875115053
2017-12-28,0.0007419881228397207,0.0,0.0007419881228397207,0.6,2,2.570642300799075,2.569359896138315
2017-12-29,-0.0016081439746797206,0.0,-0.0016081439746797206,0.6,2,2.566508337871988,2.5652279955025565
2018-01-02,0.002959549487589141,0.0,0.002959549487589141,0.6,2,2.5741040463082303,2.5728199147021953
2018-01-03,0.0042109006818171315,0.0,0.0042109006818171315,0.6,2,2.584943342791898,2.5836538038352077
2018-01-04,0.0023379331425260825,0.0,0.0023379331425260825,0.6,2,2.5909867675045635,2.589694213692008
2018-01-05,0.003498010927637374,0.0,0.003498010927637374,0.6,2,2.6000500675306584,2.5987529923507418
2018-01-08,0.000907586564713947,0.0,0.000907586564713947,0.6,2,2.6024098380395326,2.6011115856516094
2018-01-09,-0.000547501658769756,0.0,-0.000547501658769756,0.6,2,2.6009850143364073,2.59968747274382
2018-01-10,-0.0010263064192137074,0.0,-0.0010263064192137074,0.6,2,2.598315606719915,2.5970193968025934
2018-01-11,0.0046387523906419766,0.0,0.0046387523906419766,0.6,2,2.6103685494522293,2.6090663267380547
2018-01-12,0.0036414123618466743,0.0,0.0036414123618466743,0.6,2,2.6198739777571802,2.6185670131131165
2018-01-16,-0.0018326767033037586,0.0,-0.0018326767033037586,0.6,2,2.6150725957525527,2.6137680263521443
2018-01-17,0.004826227077409229,0.0,0.004826227077409229,0.6,2,2.627693529923565,2.626382664374992
2018-01-18,-0.002273580156956134,0.0,-0.002273580156956134,0.6,2,2.6217192580553688,2.6204113728646954
2018-01-19,0.0016880160819032317,0.0,0.0016880160819032317,0.6,2,2.6261447623252017,2.624834669403293
2018-01-22,0.0047293418846448216,0.0,0.0047293418846448216,0.6,2,2.6385646987448066,2.63724840994557
2018-01-23,0.0024293517378116912,0.0,0.0024293517378116912,0.6,2,2.644974700481031,2.6436552139533127
2018-01-24,-0.0009972675649023933,0.0,-0.0009972675649023933,0.6,2,2.642336953002254,2.641018782355652
2018-01-25,0.0011475477198891635,0.0,0.0011475477198891635,0.6,2,2.6453691607478507,2.644049477437529
2018-01-26,0.0057386565114720955,0.0,0.0057386565114720955,0.6,2,2.660550025707424,2.6592227691878803
2018-01-29,-0.004986370962418362,0.0,-0.004986370962418362,0.6,2,2.6472835363151748,2.645962897989
2018-01-30,-0.007095182975125014,0.0,-0.007095182975125014,0.6,2,2.6285005752379824,2.627189307082376
2018-01-31,0.00042105132794172367,0.0,0.00042105132794172367,0.6,2,2.629607308895682,2.628295488628877
2018-02-01,-0.0027419533154564137,0.0,-0.0027419533154564137,0.6,2,2.622397048416707,2.621088825099832
2018-02-02,-0.014596891125923194,0.0,-0.014596891125923194,0.6,2,2.584118204212026,2.582829076888476
2018-02-05,-0.02195908545920677,0.0,-0.02195908545920677,0.6,2,2.5273733317290423,2.5261125124625576
2018-02-06,0.010393919875746449,0.0,0.010393919875746449,0.6,2,2.553642647635132,2.552368723514214
2018-02-07,-0.004426415358682534,0.0,-0.004426415358682534,0.6,2,2.542339164599053,2.5410708793954297
2018-02-08,-0.022119979285918176,0.0,-0.022119979285918176,0.6,2,2.486102674940344,2.484862444179153
2018-02-09,0.008291282311058756,0.0,0.008291282311058756,0.6,2,2.506715654072553,2.50546514020799
2018-02-12,0.008662755926971766,0.0,0.008662755926971766,0.6,2,2.528430719962103,2.5271693732011484
2018-02-13,0.0021814924278523275,0.0,0.0021814924278523275,0.6,2,2.5339464724320493,2.532682374052687
2018-02-14,0.005747285343674878,0.0,0.005747285343674878,0.6,2,2.5485097858547148,2.5472384223412634
2018-02-15,0.0077501037667626616,0.0,0.0077501037667626616,0.6,2,2.5682610011456988,2.566979784433093
2018-02-16,0.0011248698723835826,0.0,0.0011248698723835826,0.6,2,2.571149960570305,2.5698673026556196
2018-02-20,-0.004192739089198016,0.0,-0.004192739089198016,0.6,2,2.5603697996264323,2.5590925195617236
2018-02-21,-0.004153154899102396,0.0,-0.004153154899102396,0.6,2,2.5497361872496,2.5484642119268495
2018-02-22,0.001334841254121644,0.0,0.001334841254121644,0.6,2,2.5531396802994677,2.551866007091582
2018-02-23,0.011062512668028334,0.0,0.011062512668028334,0.6,2,2.5813838203560264,2.5800960571221436
2018-02-26,0.007419157784211894,0.0,0.007419157784211894,0.6,2,2.6005355142208595,2.599238196868356
2018-02-27,-0.008736721683684579,0.0,-0.008736721683684579,0.6,2,2.5778153592045743,2.576529376152715
2018-02-28,-0.005097319303185665,0.0,-0.005097319303185665,0.6,2,2.5646754112140524,2.563395983228427
2018-03-01,-0.00701186370700202,0.0,-0.00701186370700202,0.6,2,2.54669225677792,2.545421799966953
2018-03-02,0.0016607618594561844,0.0,0.0016607618594561844,0.6,2,2.550921706145749,2.549649139408566
2018-03-05,0.006479715275704589,0.0,0.006479715275704589,0.6,2,2.5674509524921882,2.566170139884879
2018-03-06,0.0014859842672089395,0.0,0.0014859842672089395,0.6,2,2.5712661442144227,2.5699834283397296
2018-03-07,-0.00017073757187831013,0.0,-0.00017073757187831013,0.6,2,2.5708271324763063,2.5695446356094074
2018-03-08,0.0037237095769749647,0.0,0.0037237095769749647,0.6,2,2.580400146090255,2.5791128735774906
2018-03-09,0.00953993713685648,0.0,0.00953993713685648,0.6,2,2.6050170012718916,2.6037174482602774
2018-03-12,0.00018965326520810062,0.0,0.00018965326520810062,0.6,2,2.6055110512521056,2.6042112517760194
2018-03-13,-0.0031803522786771894,0.0,-0.0031803522786771894,0.6,2,2.5972246082431374,2.595928942587277
2018-03-14,-0.0022748259950673413,0.0,-0.0022748259950673413,0.6,2,2.5913163741892773,2.5900236559473315
2018-03-15,-0.0008059472509706514,0.0,-0.0008059472509706514,0.6,2,2.5892279098811044,2.587936233501872
2018-03-16,0.000183797996252033,0.0,0.000183797996252033,0.6,2,2.5897038047827805,2.5884118909960177
2018-03-19,-0.00852737838792288,0.0,-0.00852737838792288,0.6,2,2.567620420526754,2.5663395233776956
2018-03-20,0.00023810210035666286,0.0,0.00023810210035666286,0.6,2,2.5682317763418,2.5669505742084398
2018-03-21,-0.0008764003527104157,0.0,-0.0008764003527104157,0.6,2,2.565980977107172,2.5647008978198134
2018-03-22,-0.013442664340559761,0.0,-0.013442664340559761,0.6,2,2.531487356127659,2.5302244845164896
2018-03-23,-0.012215368441524998,0.0,-0.012215368441524998,0.6,2,2.5005643053674977,2.499316860198353
2018-03-26,0.015216145559241043,0.0,0.015216145559241043,0.6,2,2.5386132558182117,2.537346829341796
2018-03-27,-0.007893506737625209,0.0,-0.007893506737625209,0.6,2,2.518574694979186,2.5173182650486945
2018-03-28,-0.001847740991694535,0.0,-0.001847740991694535,0.6,2,2.5139210212746286,2.512666912901223
2018-03-29,0.008459188014739105,0.0,0.008459188014739105,0.6,2,2.5351867518477955,2.5339220347358684
2018-04-02,-0.012569253696034054,0.0,-0.012569253696034054,0.6,2,2.503321346396996,2.5020725258353025
2018-04-03,0.006384946107312661,0.0,0.006384946107312661,0.6,2,2.5193049182830265,2.5180481240693484
2018-04-04,0.00643353582526196,0.0,0.00643353582526196,0.6,2,2.535512956729559,2.534248076885282
2018-04-05,0.0037208820381386945,0.0,0.0037208820381386945,0.6,2,2.544947301347722,2.543677715034752
2018-04-06,-0.011686788234475887,0.0,-0.011686788234475887,0.6,2,2.5152050411689704,2.5139502922423853
2018-04-09,0.003041387840092624,0.0,0.003041387840092624,0.6,2,2.522854755196521,2.5215961900918082
2018-04-10,0.008815522569828715,0.0,0.008815522569828715,0.6,2,2.5450950382313557,2.543825378217557
2018-04-11,-0.002750940650962485,0.0,-0.002750940650962485,0.6,2,2.538093632830122,2.536827465575668
2018-04-12,0.0034874270225905943,0.0,0.0034874270225905943,0.6,2,2.546945049151119,2.545674466230767
2018-04-13,-0.0013799085133260778,0.0,-0.0013799085133260778,0.6,2,2.543430497994822,2.5421616683626582
2018-04-16,0.004734859920737744,0.0,0.004734859920737744,0.6,2,2.55547328512096,2.5541984477582242
2018-04-17,0.006639091749620407,0.0,0.006639091749620407,0.6,2,2.572439306724582,2.571156005599629
2018-04-18,-0.0011157458780039378,0.0,-0.0011157458780039378,0.6,2,2.569569118171689,2.568287248884676
2018-04-19,-0.004429296074355094,0.0,-0.004429296074355094,0.6,2,2.558187735763787,2.5569115442553754
2018-04-20,-0.006424841665406023,0.0,-0.006424841665406023,0.6,2,2.541751784611121,2.5404837924310857
2018-04-23,-0.00048014838155276953,0.0,-0.00048014838155276953,0.6,2,2.5405313666054314,2.5392639832497887
2018-04-24,-0.008506955960963493,0.0,-0.008506955960963493,0.6,2,2.5189191781522724,2.517662576371022
2018-04-25,0.000614724133586897,0.0,0.000614724133586897,0.6,2,2.5204676185616375,2.519210244316946
2018-04-26,0.007231017105238723,0.0,0.007231017105238723,0.6,2,2.538693163024657,2.5374266966852947
2018-04-27,0.001235742760341063,0.0,0.001235742760341063,0.6,2,2.5418303347215923,2.5405623033556197
2018-04-30,-0.004165067890270158,0.0,-0.004165067890270158,0.6,2,2.531243438811929,2.5299806888826826
2018-05-01,0.00044570215690533646,0.0,0.00044570215690533646,0.6,2,2.5323716194722596,2.5311083067326465
2018-05-02,-0.00395449538246373,0.0,-0.00395449538246373,0.6,2,2.522357367596374,2.5210990506211566
2018-05-03,-0.000293770863063636,0.0,-0.000293770863063636,0.6,2,2.5216163724955405,2.5203584251771867
2018-05-04,0.007851075445531408,0.0,0.007851075445531408,0.6,2,2.5414137728806905,2.5401459493230334
2018-05-07,0.0018329551330448445,0.0,0.0018329551330448445,0.6,2,2.5460720703008834,2.5448019228795284
2018-05-08,-0.0006681032904980678,0.0,-0.0006681032904980678,0.6,2,2.5443710311728704,2.543101732341187
2018-05-09,0.004880885266440904,0.0,0.004880885266440904,0.6,2,2.556789814251281,2.555514320117631
2018-05-10,0.0064293896792953385,0.0,0.0064293896792953385,0.6,2,2.573228412295155,2.571944717512687
2018-05-11,0.001869445608174347,0.0,0.001869445608174347,0.6,2,2.5780389228493497,2.5767528282693077
2018-05-14,-0.0005807193873274219,0.0,-0.0005807193873274219,0.6,2,2.5765418056655665,2.575256457945581
2018-05-15,-0.006354224336152581,0.0,-0.006354224336152581,0.6,2,2.5601698810208915,2.558892700688669
2018-05-16,0.001687555605532154,0.0,0.001687555605532154,0.6,2,2.564490310054723,2.563210974409672
2018-05-17,-0.0007454137602896925,0.0,-0.0007454137602896925,0.6,2,2.5625787036894785,2.5613003216788215
2018-05-18,5.191105938391345e-05,0.0,5.191105938391345e-05,0.6,2,2.5627117298647417,2.5614332814919205
2018-05-21,0.0047842158984620735,0.0,0.0047842158984620735,0.6,2,2.574972296065936,2.573687731320084
2018-05-22,-0.0018201970980908698,0.0,-0.0018201970980908698,0.6,2,2.5702853389649722,2.5690031123801433
2018-05-23,0.003500243541241499,0.0,0.003500243541241499,0.6,2,2.579281963621832,2.577995248931681
2018-05-24,-0.0002027291907530149,0.0,-0.0002027291907530149,0.6,2,2.5787590678766232,2.5774726140411
2018-05-25,0.0001456980100775331,0.0,0.0001456980100775331,0.6,2,2.5791347879412823,2.5778481466719954
2018-05-29,-0.00261307185615538,0.0,-0.00261307185615538,0.6,2,2.572395323413682,2.5711120442304845
2018-05-30,0.006272170203295913,0.0,0.006272170203295913,0.6,2,2.588529824712295,2.5872384965836424
2018-05-31,-0.003875002541348982,0.0,-0.003875002541348982,0.6,2,2.5784992650631775,2.577212940834305
2018-06-01,0.004399777759680035,0.0,0.004399777759680035,0.6,2,2.5898440887829537,2.5885521050133473
2018-06-04,0.0014343054979389699,0.0,0.0014343054979389699,0.6,2,2.5935587163982996,2.592264879529269
2018-06-05,0.0014607951870867274,0.0,0.0014607951870867274,0.6,2,2.597347374488641,2.596051647588939
2018-06-06,0.003395493808524952,0.0,0.003395493808524952,0.6,2,2.606166651417306,2.6048665248849385
2018-06-07,0.0016332418361116876,0.0,0.0016332418361116876,0.6,2,2.61042315182428,2.6091209018708676
2018-06-08,0.0012292441193304082,0.0,0.0012292441193304082,0.6,2,2.6136319991326245,2.6123281483961147
2018-06-11,0.00040530472770066166,0.0,0.00040530472770066166,0.6,2,2.6146913165383423,2.613386937344965
2018-06-12,0.0005398966352511581,0.0,0.0005398966352511581,0.6,2,2.616102979582362,2.6147978961590472
2018-06-13,-0.002384511775249587,0.0,-0.002384511775249587,0.6,2,2.6098648512222824,2.608562879785758
2018-06-14,0.0027738825409307165,0.0,0.0027738825409307165,0.6,2,2.6171043097672766,2.6157987268149157
2018-06-15,-0.00044603607912843137,0.0,-0.00044603607912843137,0.6,2,2.615936986822278,2.614631986207018
2018-06-18,-0.0010236815321232437,0.0,-0.0010236815321232437,0.6,2,2.61325910043967,2.6119554357294392
2018-06-19,-0.0012089014246059455,0.0,-0.0012089014246059455,0.6,2,2.610099927790284,2.6087978390821784
2018-06-20,-0.0002671969231260009,0.0,-0.0002671969231260009,0.6,2,2.609402517120527,2.6081007763265176
2018-06-21,-0.002701505364692469,0.0,-0.002701505364692469,0.6,2,2.602353202221884,2.6010549780876127
2018-06-22,0.0011834916389195978,0.0,0.0011834916389195978,0.6,2,2.605433065478229,2.6041333049065494
2018-06-25,-0.007644878180231851,0.0,-0.007644878180231851,0.6,2,2.5855148470859,2.5842250230254544
2018-06-26,0.001524393803691737,0.0,0.001524393803691737,0.6,2,2.5894561898981507,2.5881643996378996
2018-06-27,-0.0034313831233858897,0.0,-0.0034313831233858897,0.6,2,2.580570773629387,2.579283415996434
2018-06-28,0.0030417638420914936,0.0,0.0030417638420914936,0.6,2,2.5884202605005706,2.587128987029718
2018-06-29,0.0005601870795458375,0.0,0.0005601870795458375,0.6,2,2.5898702600869377,2.58857826326137
2018-07-02,0.0010437087499494116,0.0,0.0010437087499494116,0.6,2,2.592573330338624,2.5912799850446646
2018-07-03,-0.0010856323016948275,0.0,-0.0010856323016948275,0.6,2,2.5897587489866956,2.588466807790165
2018-07-05,0.004924216105038193,0.0,0.004924216105038193,0.6,2,2.6025112807266195,2.601212977732442
2018-07-06,0.005425645562837821,0.0,0.005425645562837821,0.6,2,2.6166315845091295,2.6153262373830723
2018-07-09,0.004376721082162049,0.0,0.004376721082162049,0.6,2,2.628083851129302,2.6267727908629586
2018-07-10,0.0018445953140238112,0.0,0.0018445953140238112,0.6,2,2.632931602285957,2.6316181236439897
2018-07-11,-0.003571670331933996,0.0,-0.003571670331933996,0.6,2,2.6235276385960606,2.622218851266791
2018-07-12,0.005272087703355809,0.0,0.005272087703355809,0.6,2,2.6373591063989172,2.6360434190280624
2018-07-13,0.0011366687791907193,0.0,0.0011366687791907193,0.6,2,2.6403569101546753,2.6390397272830626
2018-07-16,-0.0011986214403020945,0.0,-0.0011986214403020945,0.6,2,2.637192121752114,2.635876517684132
2018-07-17,0.0022066608940567666,0.0,0.0022066608940567666,0.6,2,2.6430115104772987,2.6416930033172683
2018-07-18,0.0009493096578542026,0.0,0.0009493096578542026,0.6,2,2.6455205468300145,2.644200787998403
2018-07-19,-0.001170259522159278,0.0,-0.001170259522159278,0.6,2,2.6424246012190187,2.641106386847747
2018-07-20,-0.0020907201941051225,0.0,-0.0020907201941051225,0.6,2,2.63690003074385,2.635584572389984
2018-07-23,-0.0008415978092843445,0.0,-0.0008415978092843445,0.6,2,2.634680821454674,2.633366470187677
2018-07-24,0.0032967855362368457,0.0,0.0032967855362368457,0.6,2,2.6433667990794465,2.642048114678203
2018-07-25,0.004844975541658236,0.0,0.004844975541658236,0.6,2,2.6561738465686178,2.6548487731737027
2018-07-26,-0.0018460397990880395,0.0,-0.0018460397990880395,0.6,2,2.651270443934555,2.649947816677864
2018-07-27,-0.0034291664676536107,0.0,-0.0034291664676536107,0.6,2,2.642178796231534,2.6408607044838805
2018-07-30,-0.0036433323291471757,0.0,-0.0036433323291471757,0.6,2,2.6325524608038364,2.63123917130246
2018-07-31,0.003505269318111814,0.0,0.003505269318111814,0.6,2,2.6417802661730123,2.6404623732382406
2018-08-01,-0.0019450736518788593,0.0,-0.0019450736518788593,0.6,2,2.6366418089832258,2.6353264794472775
2018-08-02,0.003775898534605537,0.0,0.003775898534605537,0.6,2,2.646597500926045,2.6452772048392297
2018-08-03,0.0035938911034052888,0.0,0.0035938911034052888,0.6,2,2.6561090841389174,2.654784043051742
2018-08-06,0.002396841757951273,0.0,0.002396841757951273,0.6,2,2.662475357305455,2.661147140304471
2018-08-07,0.0011546745705884652,0.0,0.0011546745705884652,0.6,2,2.665549649895354,2.6642198992359742
2018-08-08,0.00010235403810106015,0.0,0.00010235403810106015,0.6,2,2.66582247966578,2.6644925929010506
2018-08-09,0.0002816796666783362,0.0,0.0002816796666783362,0.6,2,2.6665733876532753,2.6652431262864855
2018-08-10,-0.0022989336872901943,0.0,-0.0022989336872901943,0.6,2,2.660443112262768,2.659115909078647
2018-08-13,-0.002359641188293682,0.0,-0.002359641188293682,0.6,2,2.65416542111596,2.6528413496551377
2018-08-14,0.0034311122977547454,0.0,0.0034311122977547454,0.6,2,2.663272160732627,2.661943546233932
2018-08-15,-0.0035095751748536407,0.0,-0.0035095751748536407,0.6,2,2.6539252068734407,2.6526012552472076
2018-08-16,0.004730019845234823,0.0,0.004730019845234823,0.6,2,2.666478325769721,2.665148111826022
2018-08-17,0.0022707020042306513,0.0,0.0022707020042306513,0.6,2,2.672533103448284,2.6711998689851173
2018-08-20,0.0025311292468003007,0.0,0.0025311292468003007,0.6,2,2.6792976301494638,2.6779610210975546
2018-08-21,0.0008622854609384944,0.0,0.0008622854609384944,0.6,2,2.6816079495414686,2.6802701879510074
2018-08-22,0.0003858348234927477,0.0,0.0003858348234927477,0.6,2,2.6826426072713563,2.681304329525888
2018-08-23,-0.0008357248716094555,0.0,-0.0008357248716094555,0.6,2,2.6804006561228206,2.679063496809349
2018-08-24,0.0037240982351347983,0.0,0.0037240982351347983,0.6,2,2.690382731475742,2.6890405924496306
2018-08-27,0.0038334819438758487,0.0,0.0038334819438758487,0.6,2,2.7006962650989697,2.6993489810071356
2018-08-28,-0.000605088145762678,0.0,-0.000605088145762678,0.6,2,2.6990621058036526,2.6977156369374518
2018-08-29,0.003108854646880843,0.0,0.003108854646880843,0.6,2,2.7074530975735005,2.706102442731308
2018-08-30,-0.001689212573458132,0.0,-0.001689212573458132,0.6,2,2.7028796337590313,2.701531260459981
2018-08-31,0.00010187403426700206,0.0,0.00010187403426700206,0.6,2,2.7031549870114606,2.7018064763481826
2018-09-04,-0.0019480926746673567,0.0,-0.0019480926746673567,0.6,2,2.697888990582773,2.6965431069432397
2018-09-05,-0.0016548306601737116,0.0,-0.0016548306601737116,0.6,2,2.6934244411634114,2.69208078473339
2018-09-06,-0.0009834626932174071,0.0,-0.0009834626932174071,0.6,2,2.6907755587085274,2.6894332237144774
2018-09-07,-0.002959474473357871,0.0,-0.002959474473357871,0.6,2,2.682812277128994,2.681473914741094
2018-09-10,0.0012838478334902923,0.0,0.0012838478334902923,0.6,2,2.6862565998586474,2.684916519217095
2018-09-11,0.0005348229947729657,0.0,0.0005348229947729657,0.6,2,2.687693271658113,2.686352474310618
2018-09-12,0.0006177246855987751,0.0,0.0006177246855987751,0.6,2,2.6893535261393335,2.688011900548219
2018-09-13,0.0035058461026190365,0.0,0.0035058461026190365,0.6,2,2.6987819857175137,2.6974356565935493
2018-09-14,-0.0006434043109851073,0.0,-0.0006434043109851073,0.6,2,2.697045577753494,2.695700114863492
2018-09-17,-0.003098058680071558,0.0,-0.003098058680071558,0.6,2,2.688689972290786,2.6873486777237696
2018-09-18,0.0015973273062261481,0.0,0.0015973273062261481,0.6,2,2.6929846902015027,2.6916412531480485
2018-09-19,-3.3258175904693574e-05,0.0,-3.3258175904693574e-05,0.6,2,2.6928951264429672,2.6915517340697788
2018-09-20,0.0048931420020283944,0.0,0.0048931420020283944,0.6,2,2.706071844693223,2.704721878910388
2018-09-21,-0.0003830526905465926,0.0,-0.0003830526905465926,0.6,2,2.7050352765923007,2.703685827917491
2018-09-24,-0.002430215328148644,0.0,-0.002430215328148644,0.6,2,2.6984614583999433,2.6971152891759878
2018-09-25,-0.0009500208392060784,0.0,-0.0009500208392060784,0.6,2,2.695897863780669,2.6945529734455294
2018-09-26,-0.00048556987156926916,0.0,-0.00048556987156926916,0.6,2,2.6945888170011894,2.693244579704277
2018-09-27,0.0016758208882739377,0.0,0.0016758208882739377,0.6,2,2.699104465226029,2.6977579752281757
2018-09-28,0.0002641268856648836,0.0,0.0002641268856648836,0.6,2,2.6998173712825135,2.69847052564045
2018-10-01,0.001073229334978709,0.0,0.001073229334978709,0.6,2,2.702714894484459,2.7013666033681427
2018-10-02,0.0006825877312188755,0.0,0.0006825877312188755,0.6,2,2.7045597345124164,2.703210523069126
2018-10-03,-0.002637867606897416,0.0,-0.002637867606897416,0.6,2,2.697425463997827,2.696079811595698
2018-10-04,-0.00573387002889012,0.0,-0.00573387002889012,0.6,2,2.6819587769746445,2.6806208403684937
2018-10-05,-0.004315873529910096,0.0,-0.004315873529910096,0.6,2,2.6703837820807896,2.6690516198398218
2018-10-08,0.00016487588968936416,0.0,0.00016487588968936416,0.6,2,2.670824063982672,2.6694916821002694
2018-10-09,-0.00011386201565231056,0.0,-0.00011386201565231056,0.6,2,2.6705199585712944,2.669187728396578
2018-10-10,-0.018830246316107566,0.0,-0.018830246316107566,0.6,2,2.6202334099593156,2.6189262660069392
2018-10-11,-0.011624261036313576,0.0,-0.011624261036313576,0.6,2,2.5897751328258787,2.5884831834560167
2018-10-12,0.007885136907442147,0.0,0.007885136907442147,0.6,2,2.6101958643077,2.6088937277401794
2018-10-15,-0.003134575672005968,0.0,-0.003134575672005968,0.6,2,2.602014007852271,2.600715952930356
2018-10-16,0.013013788021997107,0.0,0.013013788021997107,0.6,2,2.6358760665807277,2.634561119047218
2018-10-17,-0.0010491970356704796,0.0,-0.0010491970356704796,0.6,2,2.6331105132252763,2.6317969453308208
2018-10-18,-0.007968632137082897,0.0,-0.007968632137082897,0.6,2,2.6121282241690986,2.610825123613981
2018-10-19,-0.0007993482065512759,0.0,-0.0007993482065512759,0.6,2,2.610040224157827,2.608738165233801
2018-10-22,-0.00260116321209165,0.0,-0.00260116321209165,0.6,2,2.6032510835446683,2.601952411488415
2018-10-23,-0.001923814711421579,0.0,-0.001923814711421579,0.6,2,2.598242910812621,2.596946737160775
2018-10-24,-0.01604828579626032,0.0,-0.01604828579626032,0.6,2,2.556545566011793,2.5552701937251534
2018-10-25,0.009765789200308416,0.0,0.009765789200308416,0.6,2,2.581512251090447,2.5802244237869045
2018-10-26,-0.008786082765752523,0.0,-0.008786082765752523,0.6,2,2.5588308707915624,2.5575543584452967
2018-10-29,-0.0032190439520742627,0.0,-0.0032190439520742627,0.6,2,2.55059388175256,2.549321478555642
2018-10-30,0.008027418831345145,0.0,0.008027418831345145,0.6,2,2.5710685671100544,2.5697859497997526
2018-10-31,0.005418482435776074,0.0,0.005418482435776074,0.6,2,2.584999856982116,2.583710289832447
2018-11-01,0.006712856406303214,0.0,0.006712856406303214,0.6,2,2.6023525898323516,2.6010543660035803
2018-11-02,-0.005756747177107058,0.0,-0.005756747177107058,0.6,2,2.587371503906997,2.586080753624587
2018-11-05,0.0035471401054310457,0.0,0.0035471401054310457,0.6,2,2.596549273136155,2.595253944381652
2018-11-06,0.0033582668331854303,0.0,0.0033582668331854303,0.6,2,2.60526917844086,2.603969499626763
2018-11-07,0.01278057011929512,0.0,0.01278057011929512,0.6,2,2.638566003855562,2.6372497144052485
2018-11-08,-0.001646098266820095,0.0,-0.001646098266820095,0.6,2,2.634222664929725,2.632908542221194
2018-11-09,-0.0043133968112345706,0.0,-0.0043133968112345706,0.6,2,2.6228602172867355,2.6215517629109053
2018-11-12,-0.01003415804523855,0.0,-0.01003415804523855,0.6,2,2.5965420233359118,2.5952466981980837
2018-11-13,-0.0008000922092094685,0.0,-0.0008000922092094685,0.6,2,2.5944645502921557,2.5931702615338788
2018-11-14,-0.003197603357165857,0.0,-0.003197603357165857,0.6,2,2.5861684817360935,2.5848783315998953
2018-11-15,0.006591226526879111,0.0,0.006591226526879111,0.6,2,2.6032145040358907,2.6019158502278916
2018-11-16,0.002808781581743492,0.0,0.002808781581743492,0.6,2,2.610526364988154,2.609224063545258
2018-11-19,-0.009576203533155891,0.0,-0.009576203533155891,0.6,2,2.585527433188358,2.5842376028491407
2018-11-20,-0.011221809732653786,0.0,-0.011221809732653786,0.6,2,2.5565131362745617,2.5552377801659985
2018-11-21,0.0019784226814276275,0.0,0.0019784226814276275,0.6,2,2.561570999848735,2.56029312054672
2018-11-23,-0.003768138845371749,0.0,-0.003768138845371749,0.6,2,2.551918644659027,2.55064558058365
2018-11-26,0.009333882818535689,0.0,0.009333882818535689,0.6,2,2.575737954250711,2.5744530075444336
2018-11-27,0.0024339690756818738,0.0,0.0024339690756818738,0.6,2,2.5820072207784173,2.580719146551593
2018-11-28,0.013726519174219385,0.0,0.013726519174219385,0.6,2,2.617449192402405,2.6161434374000083
2018-11-29,-0.00028260983874681676,0.0,-0.00028260983874681676,0.6,2,2.616709475508212,2.615404089525026
2018-11-30,0.0044468995263462485,0.0,0.0044468995263462485,0.6,2,2.628345719635435,2.6270345287319388
2018-12-03,0.008855961530124112,0.0,0.008855961530124112,0.6,2,2.651622248216393,2.6502994454566964
2018-12-04,-0.017654809960769825,0.0,-0.017654809960769825,0.6,2,2.6048083613363833,2.603508912408025
2018-12-06,0.00025068336535731886,0.0,0.00025068336535731886,0.6,2,2.605461343462514,2.604161568783925
2018-12-07,-0.01278941683414465,0.0,-0.01278941683414465,0.6,2,2.5721390122957213,2.570855860977287
2018-12-10,0.001372754067372406,0.0,0.001372754067372406,0.6,2,2.5756699265866976,2.574385013817072
2018-12-11,-0.0007671578405640707,0.0,-0.0007671578405640707,0.6,2,2.5736939812078115,2.5724100541690915
2018-12-12,0.001986246246677958,0.0,0.001986246246677958,0.6,2,2.5788059712180833,2.5775194939841017
2018-12-13,4.181236192553079e-05,0.0,4.181236192553079e-05,0.6,2,2.5789137971866873,2.5776272661620543
2018-12-14,-0.010505493999077586,0.0,-0.010505493999077586,0.6,2,2.551821033766204,2.55054801838553
2018-12-17,-0.010640089282573206,0.0,-0.010640089282573206,0.6,2,2.524669430133783,2.523409959750418
2018-12-18,0.0003629558778907036,0.0,0.0003629558778907036,0.6,2,2.5255857737431815,2.5243258462276374
2018-12-19,-0.0075835446611794526,0.0,-0.0075835446611794526,0.6,2,2.5064328812323606,2.5051825084334003
2018-12-20,-0.010304404334845453,0.0,-0.010304404334845453,0.6,2,2.480605583385991,2.4793680949339203
2018-12-21,-0.011884474111610022,0.0,-0.011884474111610022,0.6,2,2.4511248905491247,2.4499021089965263
2018-12-24,-0.014928196276021976,0.0,-0.014928196276021976,0.6,2,2.414534017085965,2.413329489456386
2018-12-26,0.028240031770313666,0.0,0.028240031770313666,0.6,2,2.482720534438976,2.4814819909108694
2018-12-27,0.005818614358987982,0.0,0.005818614358987982,0.6,2,2.4971665277900166,2.4959207776547534
2018-12-28,0.0014197415986647588,0.0,0.0014197415986647588,0.6,2,2.5007118589883133,2.4994643402097614
2018-12-31,0.006754125603782767,0.0,0.006754125603782767,0.6,2,2.5176019809827896,2.5163460363057144
2019-01-02,0.0016297669881167424,0.0,0.0016297669881167424,0.6,2,2.5217050855806127,2.520447094006364
2019-01-03,-0.01121510152564631,0.0,-0.01121510152564631,0.6,2,2.4934239070280877,2.4921800239570624
2019-01-04,0.01670263529119631,0.0,0.01670263529119631,0.6,2,2.5350706571735278,2.5338059979772223
2019-01-07,0.0036163892539444295,0.0,0.0036163892539444295,0.6,2,2.5442384594561203,2.542969226759887
2019-01-08,0.004638826907245086,0.0,0.004638826907245086,0.6,2,2.556040741280293,2.554765620833277
2019-01-09,0.0030321959214257618,0.0,0.0030321959214257618,0.6,2,2.563791157591001,2.562512170728966
2019-01-10,0.0019659647763584196,0.0,0.0019659647763584196,0.6,2,2.568831480700764,2.5675499793956087
2019-01-11,0.001439397400267728,0.0,0.001439397400267728,0.6,2,2.5725290500558105,2.5712457041610084
2019-01-14,-0.003880440410606267,0.0,-0.003880440410606267,0.6,2,2.562546504372515,2.561268138424984
2019-01-15,0.006484628771853229,0.0,0.006484628771853229,0.6,2,2.579163667163981,2.5778770114878453
2019-01-16,0.0012207428729611445,0.0,0.0012207428729611445,0.6,2,2.5823121628288717,2.5810239364769894
2019-01-17,0.003846073444449294,0.0,0.003846073444449294,0.6,2,2.592243925063606,2.5909507440985613
2019-01-18,0.006686990607348564,0.0,0.006686990607348564,0.6,2,2.609578235842463,2.608276407388451
2019-01-22,-0.00674249243771623,0.0,-0.00674249243771623,0.6,2,2.5919831743216664,2.590690123436161
2019-01-23,0.0010698428256303407,0.0,0.0010698428256303407,0.6,2,2.594756188924869,2.5934617546781507
2019-01-24,0.0015917983495814972,0.0,0.0015917983495814972,0.6,2,2.5988865175439657,2.59759002281895
2019-01-25,0.004151004686037574,0.0,0.004151004686037574,0.6,2,2.6096745076567704,2.608372631176076
2019-01-28,-0.004437036260680549,0.0,-0.004437036260680549,0.6,2,2.5980952872377236,2.596799187230181
2019-01-29,0.00035918201031821524,0.0,0.00035918201031821524,0.6,2,2.5990284763259917,2.5977319107826427
2019-01-30,0.010386023789325183,0.0,0.010386023789325183,0.6,2,2.626022047910247,2.6247120162063204
2019-01-31,0.0071075319864783775,0.0,0.0071075319864783775,0.6,2,2.644686583612967,2.643367240816801
2019-02-01,-0.0018536748426446707,0.0,-0.0018536748426446707,0.6,2,2.6397841946262437,2.638467297462628
2019-02-04,0.0033363523217353917,0.0,0.0033363523217353917,0.6,2,2.6485914447528653,2.6472701539563404
2019-02-05,0.0032052126727590835,0.0,0.0032052126727590835,0.6,2,2.6570807436165484,2.6557552178020183
2019-02-06,-0.0004821489110170106,0.0,-0.0004821489110170106,0.6,2,2.6557996350295294,2.654474748315827
2019-02-07,-0.00442589862276741,0.0,-0.00442589862276741,0.6,2,2.644045335082506,2.6427263121830853
2019-02-08,0.0012891081901918347,0.0,0.0012891081901918347,0.6,2,2.647453795579199,2.6461330723165557
2019-02-11,-0.00027593168340123175,0.0,-0.00027593168340123175,0.6,2,2.646723279196658,2.6454029203634075
2019-02-12,0.007154747263822304,0.0,0.007154747263822304,0.6,2,2.665659915336585,2.664330109669585
2019-02-13,0.0009514290893725796,0.0,0.0009514290893725796,0.6,2,2.668196101722411,2.6668650308396162
2019-02-14,0.0005600932008275716,0.0,0.0005600932008275716,0.6,2,2.66969054021746,2.6683587238109143
2019-02-15,0.006140550009724466,0.0,0.006140550009724466,0.6,2,2.6860839084901538,2.6847439139983598
2019-02-19,0.0017371372474708877,0.0,0.0017371372474708877,0.6,2,2.690750004897424,2.6894076826512867
2019-02-20,0.0011330011097079318,0.0,0.0011330011097079318,0.6,2,2.6937986276389196,2.6924547845401876
2019-02-21,-0.003321021257188783,0.0,-0.003321021257188783,0.6,2,2.684852465133945,2.68351308496671
2019-02-22,0.004903233227065495,0.0,0.004903233227065495,0.6,2,2.6980169229507585,2.696670975490184
2019-02-25,0.00021982785823733116,0.0,0.00021982785823733116,0.6,2,2.6986100222324185,2.6972637788950964
2019-02-26,0.0007582356668845993,0.0,0.0007582356668845993,0.6,2,2.7006562046022875,2.699308940495251
2019-02-27,-0.0016677056079097198,0.0,-0.0016677056079097198,0.6,2,2.696152305104836,2.694807287837706
2019-02-28,-0.0021528861029448845,0.0,-0.0021528861029448845,0.6,2,2.6903477962757534,2.6890056746776057
2019-03-01,0.002432759360918934,0.0,0.002432759360918934,0.6,2,2.6968927650612713,2.695547378404242
2019-03-04,-0.0009280409254936563,0.0,-0.0009280409254936563,0.6,2,2.6943899382036265,2.693045800120476
2019-03-05,-0.0005835102482502296,0.0,-0.0005835102482502296,0.6,2,2.6928177340619026,2.691474380297098
2019-03-06,-0.002516851810053056,0.0,-0.002516851810053056,0.6,2,2.686040310873786,2.684700338131336
2019-03-07,-0.0036843053061341273,0.0,-0.0036843053061341273,0.6,2,2.6761441183039434,2.6748090824301785
2019-03-08,-0.0006014125558119641,0.0,-0.0006014125558119641,0.6,2,2.674534651630033,2.673200418663605
2019-03-11,0.008375020678671819,0.0,0.008375020678671819,0.6,2,2.6969339346432593,2.6955885274481473
2019-03-12,0.0033682306607037745,0.0,0.0033682306607037745,0.6,2,2.7060178302118167,2.7046678913749393
2019-03-13,0.0038129379057108004,0.0,0.0038129379057108004,0.6,2,2.7163357081701607,2.7149806221003216
2019-03-14,-0.0009557448107627043,0.0,-0.0009557448107627043,0.6,2,2.713739584412788,2.712385793459428
2019-03-15,0.004220331765856988,0.0,0.004220331765856988,0.6,2,2.7251924657851485,2.723832961384824
2019-03-18,0.001641259206086154,0.0,0.001641259206086154,0.6,2,2.729665213007975,2.728303477308538
2019-03-19,-0.00010771235273217012,0.0,-0.00010771235273217012,0.6,2,2.7293711943457106,2.7280096053220295
2019-03-20,0.0009739771792425914,0.0,0.0009739771792425914,0.6,2,2.7320295396026855,2.7306666244223674
2019-03-21,0.006616536880875821,0.0,0.006616536880875821,0.6,2,2.7501061138111087,2.7487341808522343
2019-03-22,-0.008641662153009587,0.0,-0.008641662153009587,0.6,2,2.726340625890627,2.72498054871288
2019-03-25,0.0005652902739886612,0.0,0.0005652902739886612,0.6,2,2.727881799730023,2.726520953713876
2019-03-26,0.004133353999206601,0.0,0.004133353999206601,0.6,2,2.7391571008763,2.7377906300018298
2019-03-27,-0.001973617762137736,0.0,-0.001973617762137736,0.6,2,2.7337510517687247,2.7323872777854437
2019-03-28,0.002309928711668796,0.0,0.002309928711668796,0.6,2,2.74006582181376,2.738698897609799
2019-03-29,0.003148268465841752,0.0,0.003148268465841752,0.6,2,2.748692284634907,2.7473210569865794
2019-04-01,0.004341455084247058,0.0,0.004341455084247058,0.6,2,2.760625608729066,2.759248427957493
2019-04-02,0.0009750576304243586,0.0,0.0009750576304243586,0.6,2,2.763317377793602,2.7619388541914094
2019-04-03,-0.00029362076105115013,0.0,-0.00029362076105115013,0.6,2,2.7625060104421086,2.7611278916030653
2019-04-04,0.00200774192107116,0.0,0.00200774192107116,0.6,2,2.7680524095664842,2.7666715238204755
2019-04-05,0.003090352227500803,0.0,0.003090352227500803,0.6,2,2.776606666496227,2.775221513326877
2019-04-08,-0.0001833951412954616,0.0,-0.0001833951412954616,0.6,2,2.7760974503243028,2.7747125511853143
2019-04-09,-0.002357605907603255,0.0,-0.002357605907603255,0.6,2,2.769552506575336,2.768170872482739
2019-04-10,0.002989889013136704,0.0,0.002989889013136704,0.6,2,2.777833161186051,2.7764473961608602
2019-04-11,-0.0010703201869783244,0.0,-0.0010703201869783244,0.6,2,2.7748599902775757,2.773475708464666
2019-04-12,0.00220250593724125,0.0,0.00220250593724125,0.6,2,2.7809716358811754,2.7795843051793536
2019-04-15,0.00013939565475407095,0.0,0.00013939565475407095,0.6,2,2.781359291243212,2.7799717671535187
2019-04-16,-0.0009688949520955557,0.0,-0.0009688949520955557,0.6,2,2.7786644462659624,2.7772782665413556
2019-04-17,-0.001374081761053358,0.0,-0.001374081761053358,0.6,2,2.774846334130261,2.773462059129931
2019-04-18,0.002133326532946156,0.0,0.002133326532946156,0.6,2,2.7807659874397093,2.7793787593287926
2019-04-22,-4.56280413517749e-05,0.0,-4.56280413517749e-05,0.6,2,2.780639106534245,2.7792519417198296
2019-04-23,0.006110917001690597,0.0,0.006110917001690597,0.6,2,2.797631361325931,2.796235719662467
2019-04-24,0.0001853906367877522,0.0,0.0001853906367877522,0.6,2,2.798150015985504,2.796754115583144
2019-04-25,-0.0008612497842077404,0.0,-0.0008612497842077404,0.6,2,2.795740109888056,2.7943454117046156
2019-04-26,0.0038543604526780854,0.0,0.0038543604526780854,0.6,2,2.8065159000035744,2.8051158261506126
2019-04-29,0.00010924943915462386,0.0,0.00010924943915462386,0.6,2,2.8068225102916284,2.8054222834813833
2019-04-30,0.0011033472043813224,0.0,0.0011033472043813224,0.6,2,2.8099194100615534,2.8085176383149717
2019-05-01,-0.004677678660973483,0.0,-0.004677678660973483,0.6,2,2.7967755099980534,2.795380295289258
2019-05-02,-0.0024324516240435967,0.0,-0.0024324516240435967,0.6,2,2.789972488866673,2.7885806679501624
2019-05-03,0.006390345310479484,0.0,0.006390345310479484,0.6,2,2.807801376477269,2.806400661344491
2019-05-06,-0.0013230095577411605,0.0,-0.0013230095577411605,0.6,2,2.8040866284199506,2.8026877664466814
2019-05-07,-0.008700788010936655,0.0,-0.008700788010936655,0.6,2,2.7796888651017664,2.7783021743299834
2019-05-08,-0.0015868606821836106,0.0,-0.0015868606821836106,0.6,2,2.7752778861330327,2.773893395846314
2019-05-09,-0.0007321459865406105,0.0,-0.0007321459865406105,0.6,2,2.7732459775671656,2.771862500929454
2019-05-10,0.0027696983898010783,0.0,0.0027696983898010783,0.6,2,2.780927032485756,2.7795397240350286
2019-05-13,-0.013147044487964665,0.0,-0.013147044487964665,0.6,2,2.744366061071882,2.742996991627075
2019-05-14,0.005038890985452271,0.0,0.005038890985452271,0.6,2,2.7581946224777982,2.756818654441307
2019-05-15,0.0048388201313269265,0.0,0.0048388201313269265,0.6,2,2.7715410301431618,2.7701584040448353
2019-05-16,0.00476035351433004,0.0,0.00476035351433004,0.6,2,2.784734545226114,2.783345337338781
2019-05-17,-0.003677012398612622,0.0,-0.003677012398612622,0.6,2,2.7744950417764724,2.7731109420237656
2019-05-20,-0.004642972256687461,0.0,-0.004642972256687461,0.6,2,2.7616131382711875,2.760235464855233
2019-05-21,0.004949164785884674,0.0,0.004949164785884674,0.6,2,2.7752808167673555,2.7738963250186446
2019-05-22,-0.0006394007168546211,0.0,-0.0006394007168546211,0.6,2,2.7735063002236413,2.7721226937199472
2019-05-23,-0.004917885829450741,0.0,-0.004917885829450741,0.6,2,2.759866512891879,2.758489710807003
2019-05-24,0.0012608784593747258,0.0,0.0012608784593747258,0.6,2,2.763346369128734,2.7619678310637665
2019-05-28,-0.0038245017873614,0.0,-0.0038245017873614,0.6,2,2.7527779460009025,2.7514046801572287
2019-05-29,-0.004178470114225341,0.0,-0.004178470114225341,0.6,2,2.741275545622439,2.739908017929052
2019-05-30,0.0030857737826413658,0.0,0.0030857737826413658,0.6,2,2.7497345018321164,2.748362754257626
2019-05-31,-0.005447973016122209,0.0,-0.005447973016122209,0.6,2,2.7347540224646347,2.733389748133915
2019-06-03,0.00039669810422495756,0.0,0.00039669810422495756,0.6,2,2.735838894200868,2.734474078665108
2019-06-04,0.011491514999471875,0.0,0.011491514999471875,0.6,2,2.7672778278897154,2.765897328555755
2019-06-05,0.0051894279648669,0.0,0.0051894279648669,0.6,2,2.781638416836323,2.780250753500513
2019-06-06,0.0038244550724858767,0.0,0.0038244550724858767,0.6,2,2.792276667989414,2.790883697597521
2019-06-07,0.00757422355355657,0.0,0.00757422355355657,0.6,2,2.813425995696146,2.8120224746351012
2019-06-10,0.0007791242724085596,0.0,0.0007791242724085596,0.6,2,2.8156180041780177,2.8142133895996477
2019-06-11,-0.00011519629417844346,0.0,-0.00011519629417844346,0.6,2,2.815293655418114,2.8138892026461386
2019-06-12,-2.968883974832073e-05,0.0,-2.968883974832073e-05,0.6,2,2.815210072615934,2.8138056615405316
2019-06-13,0.0034649442842875186,0.0,0.0034649442842875186,0.6,2,2.8249646186661135,2.8235553413845826
2019-06-14,-0.00036945132361507747,0.0,-0.00036945132361507747,0.6,2,2.8239209317485816,2.8225121751264077
2019-06-17,0.00015498384801115872,0.0,0.00015498384801115872,0.6,2,2.8243585938810636,2.8229496189243677
2019-06-18,0.007040328232088599,0.0,0.007040328232088599,0.6,2,2.8442430054271064,2.8428241108242447
2019-06-19,0.0024533849257495797,0.0,0.0024533849257495797,0.6,2,2.85122102834179,2.8497986526442984
2019-06-20,0.00639262411414736,0.0,0.00639262411414736,0.6,2,2.869447812642332,2.8680163442316573
2019-06-21,-0.002510786867059256,0.0,-0.002510786867059256,0.6,2,2.862243240758638,2.860815366460049
2019-06-24,0.000652614978480326,0.0,0.000652614978480326,0.6,2,2.8641111835696105,2.862682377418867
2019-06-25,-0.005264993697933096,0.0,-0.005264993697933096,0.6,2,2.849031656237937,2.847610372742573
2019-06-26,-0.002225888695174572,0.0,-0.002225888695174572,0.6,2,2.842690028882122,2.841271909005623
2019-06-27,0.003329603041925555,0.0,0.003329603041925555,0.6,2,2.8521550582495396,2.850732216596786
2019-06-28,0.0032667068690429343,0.0,0.0032667068690429343,0.6,2,2.8614722127698986,2.8600447231105446
2019-07-01,0.004970380832623644,0.0,0.004970380832623644,0.6,2,2.8756948194093352,2.8742602345827395
2019-07-02,0.002983662144457577,0.0,0.002983662144457577,0.6,2,2.88427492118102,2.882836056037984
2019-07-03,0.005551659836690259,0.0,0.005551659836690259,0.6,2,2.9002874344189133,2.898840581186053
2019-07-05,-0.0032133173020322476,0.0,-0.0032133173020322476,0.6,2,2.8909678906250282,2.8895256865906944
2019-07-08,-0.0036984606575228168,0.0,-0.0036984606575228168,0.6,2,2.8802757596193898,2.8788388895199373
2019-07-09,0.0005062387724551918,0.0,0.0005062387724551918,0.6,2,2.881733866884272,2.880296269385464
2019-07-10,0.0030843803432337056,0.0,0.0030843803432337056,0.6,2,2.8906222301777205,2.889180198581446
2019-07-11,-0.000568499842759307,0.0,-0.000568499842759307,0.6,2,2.888978911894388,2.887537700092849
2019-07-12,0.0031239130553894602,0.0,0.0031239130553894602,0.6,2,2.8980038308339995,2.8965581168120984
2019-07-15,0.001044277936960958,0.0,0.001044277936960958,0.6,2,2.901030152295768,2.899582928546611
2019-07-16,-0.002813111301205673,0.0,-0.002813111301205673,0.6,2,2.8928692315892066,2.8914260790415334
2019-07-17,-0.002214735635701625,0.0,-0.002214735635701625,0.6,2,2.886462291012581,2.885022334666283
2019-07-18,0.00319027162088017,0.0,0.00319027162088017,0.6,2,2.8956708897443395,2.8942263395461745
2019-07-19,-0.004037869819321527,0.0,-0.004037869819321527,0.6,2,2.883978547651953,2.8825398303594354
2019-07-22,0.0016561373088025632,0.0,0.0016561373088025632,0.6,2,2.8887548121225057,2.8873137121166033
2019-07-23,0.0036261205596683772,0.0,0.0036261205596683772,0.6,2,2.899229785338584,2.897783459730322
2019-07-24,0.0034164495397781994,0.0,0.0034164495397781994,0.6,2,2.909134857604415,2.9076835906976943
2019-07-25,-0.0035628357422315513,0.0,-0.0035628357422315513,0.6,2,2.89877008795477,2.897323991673656
2019-07-26,0.00394097049288895,0.0,0.00394097049288895,0.6,2,2.910194055337069,2.9087422600331814
2019-07-29,-0.0007271001152941547,0.0,-0.0007271001152941547,0.6,2,2.908078052903905,2.9066273132005502
2019-07-30,-0.001282072518740218,0.0,-0.001282072518740218,0.6,2,2.904349685949925,2.902900806200076
2019-07-31,-0.005535596060037218,0.0,-0.005535596060037218,0.6,2,2.8882723792714105,2.886831519934596
2019-08-01,-0.0006901802540607343,0.0,-0.0006901802540607343,0.6,2,2.8862789507068882,2.8848390858227373
2019-08-02,-0.003697126779345638,0.0,-0.003697126779345638,0.6,2,2.875608011505568,2.8741734699844392
2019-08-05,-0.014732852285456064,0.0,-0.014732852285456064,0.6,2,2.8332421034411825,2.831828696808382
2019-08-06,0.009029632078621886,0.0,0.009029632078621886,0.6,2,2.858825237224917,2.8573990680502446
2019-08-07,0.00046279392890586843,0.0,0.00046279392890586843,0.6,2,2.8601482841885075,2.8587214549913997
2019-08-08,0.011763100976956185,0.0,0.011763100976956185,0.6,2,2.8937924972644846,2.8923488841314544
2019-08-09,-0.004698665883490172,0.0,-0.004698665883490172,0.6,2,2.880195533183688,2.878758703106435
2019-08-12,-0.0047976331514188114,0.0,-0.0047976331514188114,0.6,2,2.8663774116111176,2.864947474917476
2019-08-13,0.007924982910090405,0.0,0.007924982910090405,0.6,2,2.889093403612005,2.8876521346945037
2019-08-14,-0.0152075412788065,0.0,-0.0152075412788065,0.6,2,2.845157396418248,2.8437380456573034
2019-08-15,0.004128632983224434,0.0,0.004128632983224434,0.6,2,2.8569040070875653,2.855478796348254
2019-08-16,0.0077688098163774194,0.0,0.0077688098163774194,0.6,2,2.8790987509822754,2.877662468051782
2019-08-19,0.005324576393298618,0.0,0.005324576393298618,0.6,2,2.8944287322257307,2.892984801697052
2019-08-20,-0.0028359981535170716,0.0,-0.0028359981535170716,0.6,2,2.8862201376856516,2.8847803021412863
2019-08-21,0.003825115247778776,0.0,0.003825115247778776,0.6,2,2.8972602623427592,2.895814919261499
2019-08-22,-0.001062926589973623,0.0,-0.001062926589973623,0.6,2,2.894180687371841,2.8927368805841738
2019-08-23,-0.012786481786676872,0.0,-0.012786481786676872,0.6,2,2.8571742987254094,2.8557489531469358
2019-08-26,0.006235000248223565,0.0,0.006235000248223565,0.6,2,2.8749887811871804,2.8735545485786713
2019-08-27,-0.0006015652268926528,0.0,-0.0006015652268926528,0.6,2,2.8732592879087115,2.8718259180846673
2019-08-28,0.004380603341558676,0.0,0.004380603341558676,0.6,2,2.8858458971464893,2.884406248297804
2019-08-29,0.006875635459084206,0.0,0.006875635459084206,0.6,2,2.9056879215263622,2.9042383741770044
2019-08-30,-0.00013978435820454198,0.0,-0.00013978435820454198,0.6,2,2.9052817518051093,2.903832407079797
2019-09-03,-0.002628030537801451,0.0,-0.002628030537801451,0.6,2,2.8976465826404483,2.8962010468373336
2019-09-04,0.007427476800019939,0.0,0.007427476800019939,0.6,2,2.9191687854076673,2.9177125129209114
2019-09-05,0.004467717561405715,0.0,0.004467717561405715,0.6,2,2.93221080705494,2.9307480283540213
2019-09-06,0.0007104764687612563,0.0,0.0007104764687612563,0.6,2,2.9342940738348005,2.9328302558640353
2019-09-09,-0.0021632156139389735,0.0,-0.0021632156139389735,0.6,2,2.9279465630783923,2.926485911661518
2019-09-10,-0.0030502130087708633,0.0,-0.0030502130087708633,0.6,2,2.919015702382705,2.917559506263783
2019-09-11,0.003869187434120214,0.0,0.003869187434120214,0.6,2,2.930309921258363,2.928848090843717
2019-09-12,0.0011895140688133127,0.0,0.0011895140688133127,0.6,2,2.9337955661356836,2.932331996853193
2019-09-13,-0.004062672801138346,0.0,-0.004062672801138346,0.6,2,2.9218765146850436,2.9204188914056695
2019-09-16,-0.00011435082086823627,0.0,-0.00011435082086823627,0.6,2,2.921542395707114,2.920084939108158
2019-09-17,0.00256565189459792,0.0,0.00256565189459792,0.6,2,2.929038056489808,2.927576860564568
2019-09-18,0.0005069034790217585,0.0,0.0005069034790217585,0.6,2,2.93052279607083,2.9290608594602916
2019-09-19,0.0001430866844160494,0.0,0.0001430866844160494,0.6,2,2.9309421148613257,2.929479969067125
2019-09-20,-0.0005293238131634844,0.0,-0.0005293238131634844,0.6,2,2.929390697404926,2.927929325559312
2019-09-23,0.00043363029817136136,0.0,0.00043363029817136136,0.6,2,2.930660969966502,2.929198964425779
2019-09-24,-0.002683413914493759,0.0,-0.002683413914493759,0.6,2,2.9227967935410297,2.9213387111663183
2019-09-25,0.0009193326298068345,0.0,0.0009193326298068345,0.6,2,2.925483816003627,2.9240243931662118
2019-09-26,-0.0003923786529456794,0.0,-0.0003923786529456794,0.6,2,2.9243359186046893,2.9228770684136407
2019-09-27,-0.002648381214029327,0.0,-0.002648381214029327,0.6,2,2.9165911622943455,2.915136175694737
2019-09-30,0.003101265448646728,0.0,0.003101265448646728,0.6,2,2.925636285693797,2.924176786794519
2019-10-01,-0.00598857394987078,0.0,-0.00598857394987078,0.6,2,2.9081158964464944,2.9066651378643047
2019-10-02,-0.009256591827172244,0.0,-0.009256591827172244,0.6,2,2.881196654606978,2.8797593251048235
2019-10-03,0.00700686834254356,0.0,0.00700686834254356,0.6,2,2.901384820234786,2.899937419554045
2019-10-04,0.008877469210127843,0.0,0.008877469210127843,0.6,2,2.927141774643153,2.9256815247074335
2019-10-07,-0.003927431036062923,0.0,-0.003927431036062923,0.6,2,2.915645627190463,2.9141911122856614
2019-10-08,-0.008502929776344125,0.0,-0.008502929776344125,0.6,2,2.8908540971697576,2.8894119499030504
2019-10-09,0.004668516405500033,0.0,0.004668516405500033,0.6,2,2.904350096948302,2.9029012169934205
2019-10-10,0.0015505591245529964,0.0,0.0015505591245529964,0.6,2,2.9088534634920213,2.9074023369631057
2019-10-11,0.003482457933925831,0.0,0.003482457933925831,0.6,2,2.918983423314587,2.9175272432985775
2019-10-14,0.00044043085255616196,0.0,0.00044043085255616196,0.6,2,2.9202690336723145,2.918812212309699
2019-10-15,0.004000573700958521,0.0,0.004000573700958521,0.6,2,2.9319517851681476,2.9304891356843017
2019-10-16,-0.00017614333039839264,0.0,-0.00017614333039839264,0.6,2,2.9314353414161407,2.929972949568246
2019-10-17,0.0016300335435695422,0.0,0.0016300335435695422,0.6,2,2.936213679353454,2.9347489037577934
2019-10-18,-0.002271220593054446,0.0,-0.002271220593054446,0.6,2,2.929544890379298,2.928083441612135
2019-10-21,0.0025957322442211163,0.0,0.0025957322442211163,0.6,2,2.9371492045121492,2.9356839622152977
2019-10-22,-0.0010213170668787572,0.0,-0.0010213170668787572,0.6,2,2.9341494439016116,2.9326856980817246
2019-10-23,0.0018924207049370255,0.0,0.0018924207049370255,0.6,2,2.939702089060631,2.9382355732178476
2019-10-24,0.000912504700243022,0.0,0.000912504700243022,0.6,2,2.942384581034213,2.94091672698883
2019-10-25,0.00160723676443375,0.0,0.00160723676443375,0.6,2,2.947113689707954,2.9456434764735846
2019-10-28,0.0018725861959651533,0.0,0.0018725861959651533,0.6,2,2.9526324141212412,2.951159447785864
2019-10-29,0.00018250761508509234,0.0,0.00018250761508509234,0.6,2,2.953171292021365,2.951698056858415
2019-10-30,0.003779294007206469,0.0,0.003779294007206469,0.6,2,2.964332194587556,2.962853391635783
2019-10-31,0.0009382688834848941,0.0,0.0009382688834848941,0.6,2,2.96711353524605,2.9656333447794823
2019-11-01,0.004790784459595931,0.0,0.004790784459595931,0.6,2,2.981328336660564,2.9798410549205117
2019-11-04,0.00038116660761198227,0.0,0.00038116660761198227,0.6,2,2.982464719468826,2.9809768708266384
2019-11-05,-0.002816549471249807,0.0,-0.002816549471249807,0.6,2,2.974064460040185,2.972580801997304
2019-11-06,0.00128979518534158,0.0,0.00128979518534158,0.6,2,2.9779003940616406,2.976414822403759
2019-11-07,-0.0010914360811559612,0.0,-0.0010914360811559612,0.6,2,2.974650206125473,2.9731662558741
2019-11-08,0.0009387321008311742,0.0,0.0009387321008311742,0.6,2,2.977442605762707,2.9759572624795974
2019-11-11,-0.0007005370992789971,0.0,-0.0007005370992789971,0.6,2,2.9753567967563965,2.9738724940113617
2019-11-12,0.0014456285303947602,0.0,0.0014456285303947602,0.6,2,2.9796580574298916,2.9781716089344608
2019-11-13,0.0012907588414576177,0.0,0.0012907588414576177,0.6,2,2.98350407741204,2.9820157102700713
2019-11-14,0.002896845391868608,0.0,0.002896845391868608,0.6,2,2.992146827450312,2.9906541487388467
2019-11-15,0.004011913347802265,0.0,0.004011913347802265,0.6,2,3.004151061245944,3.0026523940368324
2019-11-18,0.001126802778370717,0.0,0.001126802778370717,0.6,2,3.007536147008401,3.0060357910969144
2019-11-19,0.0005840231974918897,0.0,0.0005840231974918897,0.6,2,3.0092926178855492,3.0077913857314056
2019-11-20,-0.0007648711603446932,0.0,-0.0007648711603446932,0.6,2,3.00699089674909,3.0054908128441262
2019-11-21,-0.0019649790232043165,0.0,-0.0019649790232043165,0.6,2,3.001082222714012,2.9995850864424543
2019-11-22,0.001263599259732806,0.0,0.001263599259732806,0.6,2,3.0048743879890303,3.003375359937188
2019-11-25,0.004820121411192968,0.0,0.004820121411192968,0.6,2,3.0193582473645213,3.0178519938154706
2019-11-26,0.002111024819676022,0.0,0.002111024819676022,0.6,2,3.0257321875642016,3.024222754276524
2019-11-27,0.0016349622747802604,0.0,0.0016349622747802604,0.6,2,3.0306791455444575,3.029167244390298
2019-11-29,-0.0025497558065346922,0.0,-0.0025497558065346922,0.6,2,3.022951653795362,3.021443607619949
2019-12-02,-0.006525572994795037,0.0,-0.006525572994795037,0.6,2,3.0032251621187838,3.0017269568087683
2019-12-03,-0.00044764876755061175,0.0,-0.00044764876755061175,0.6,2,3.001880772076284,3.0003832374360293
2019-12-04,0.002159657394536785,0.0,0.002159657394536785,0.6,2,3.0083638060832167,3.006863037281202
2019-12-05,0.00014976151029932866,0.0,0.00014976151029932866,0.6,2,3.008814343190345,3.007313349630928
2019-12-06,0.004250084384327524,0.0,0.004250084384327524,0.6,2,3.0216020580456795,3.0200946851369745
2019-12-09,-0.001562233391874912,0.0,-0.001562233391874912,0.6,2,3.0168816104136424,3.01537659237323
2019-12-10,-0.0011368462999406192,0.0,-0.0011368462999406192,0.6,2,3.013451879717485,3.0119485726512627
2019-12-11,0.0033593258160377728,0.0,0.0033593258160377728,0.6,2,3.0235750464124074,3.022066689247948
2019-12-12,0.0020084796960597286,0.0,0.0020084796960597286,0.6,2,3.0296478355026397,3.0281364488334415
2019-12-13,0.0027093170729994625,0.0,0.0027093170729994625,0.6,2,3.037856112108543,3.036340630613638
2019-12-16,0.0022456267901051594,0.0,0.0022456267901051594,0.6,2,3.0446780031783787,3.0431591184776288
2019-12-17,0.00016895059184220975,0.0,0.00016895059184220975,0.6,2,3.045192403328985,3.0436732620117657
2019-12-18,-0.0010463712546286976,0.0,-0.0010463712546286976,0.6,2,3.042006001533328,3.0404884498019147
2019-12-19,0.0027704495859182995,0.0,0.0027704495859182995,0.6,2,3.0504337258006364,3.0489119697686573
2019-12-20,0.002629662610975414,0.0,0.002629662610975414,0.6,2,3.0584553373166328,3.0569295795797133
2019-12-23,0.000555904788018058,0.0,0.000555904788018058,0.6,2,3.0601555472825868,3.058628941369636
2019-12-24,0.0007106989174092248,0.0,0.0007106989174092248,0.6,2,3.0623303965171447,3.060802705647024
2019-12-26,0.0037701240700102278,0.0,0.0037701240700102278,0.6,2,3.073875762055378,3.072342311601137
2019-12-27,0.00043445524180654163,0.0,0.00043445524180654163,0.6,2,3.075211223492865,3.0736771068230357
2019-12-30,-0.003556445604272951,0.0,-0.003556445604272951,0.6,2,3.064274402054863,3.0627457413875208
2019-12-31,1.4186403241511596e-05,0.0,1.4186403241511596e-05,0.6,2,3.0643178730871727,3.062789190733634
2020-01-02,0.007448688483835265,0.0,0.007448688483835265,0.6,2,3.0871430223392475,3.085602953307067
2020-01-03,-0.0018477909987814735,0.0,-0.0018477909987814735,0.6,2,3.081438627250618,3.0799014039441324
2020-01-06,0.0018956233135306814,0.0,0.0018956233135306814,0.6,2,3.0872798741516485,3.085739736848825
2020-01-07,-0.0022631378490395758,0.0,-0.0022631378490395758,0.6,2,3.0802929342178778,3.078756282458077
2020-01-08,0.0022618383583557387,0.0,0.0022618383583557387,0.6,2,3.087260058931464,3.0857199315137693
2020-01-09,0.004354795992323135,0.0,0.004354795992323135,0.6,2,3.1007044466633578,3.099157612304957
2020-01-10,-0.0008567956949860009,0.0,-0.0008567956949860009,0.6,2,3.0980477764420327,3.096502267404651
2020-01-13,0.0036532052405906955,0.0,0.0036532052405906955,0.6,2,3.109365580814531,3.1078144257154343
2020-01-14,-0.0001232483253081894,0.0,-0.0001232483253081894,0.6,2,3.1089823567139248,3.1074313927920962
2020-01-15,0.002361791825685966,0.0,0.002361791825685966,0.6,2,3.1163251258302136,3.1147704988544724
2020-01-16,0.004156237474608959,0.0,0.004156237474608959,0.6,2,3.1292773131012543,3.1277162247266177
2020-01-17,0.001544627502433604,0.0,0.001544627502433604,0.6,2,3.134110880901812,3.132547381227138
2020-01-21,0.0004071863461988295,0.0,0.0004071863461988295,0.6,2,3.135387048059988,3.1338229117495944
2020-01-22,0.00014867846195161256,0.0,0.00014867846195161256,0.6,2,3.1358532125839167,3.134288843720142
2020-01-23,0.0016944794528517496,0.0,0.0016944794528517496,0.6,2,3.1411668514197992,3.139599831765128
2020-01-24,-0.0038942925158173217,0.0,-0.0038942925158173217,0.6,2,3.1289342288593818,3.1273733116376237
2020-01-27,-0.00689937073713076,0.0,-0.00689937073713076,0.6,2,3.1073465516023826,3.1057964037272274
2020-01-28,0.004927659600812672,0.0,0.004927659600812672,0.6,2,3.1226584976704386,3.1211007111942237
2020-01-29,0.00143153543009491,0.0,0.00143153543009491,0.6,2,3.1271286939459406,3.1255686774431926
2020-01-30,0.002378616511577514,0.0,0.002378616511577514,0.6,2,3.1345669338911883,3.1330032067074285
2020-01-31,-0.008907866504121674,0.0,-0.008907866504121674,0.6,2,3.1066446300958517,3.1050948323850935
2020-02-03,0.004110875465539853,0.0,0.004110875465539853,0.6,2,3.119415659285864,3.11785949054972
2020-02-04,0.00680057239627394,0.0,0.00680057239627394,0.6,2,3.140629471310908,3.139062719736613
2020-02-05,0.00518511358485525,0.0,0.00518511358485525,0.6,2,3.1569139918475995,3.155339116488432
2020-02-06,0.0023024578296645167,0.0,0.0023024578296645167,0.6,2,3.1641826531857062,3.1626041517424373
2020-02-07,-0.001286511131463985,0.0,-0.001286511131463985,0.6,2,3.1601118969803976,3.1585354262968064
2020-02-10,0.005274596360628925,0.0,0.005274596360628925,0.6,2,3.1767802116913906,3.175195425761269
2020-02-11,9.460749815022292e-05,0.0,9.460749815022292e-05,0.6,2,3.177080758919392,3.175495823056638
2020-02-12,0.002835709728737301,0.0,0.002835709728737301,0.6,2,3.1860900377364434,3.1845006074556443
2020-02-13,-0.0002761500746735644,0.0,-0.0002761500746735644,0.6,2,3.1852101987346058,3.1836212073750976
2020-02-14,0.0019518208219051923,0.0,0.0019518208219051923,0.6,2,3.191427158322641,3.189835065536711
2020-02-18,-0.0009096512314078931,0.0,-0.0009096512314078931,0.6,2,3.188524072678124,3.1869334281413577
2020-02-19,0.002795593643336236,0.0,0.002795593643336236,0.6,2,3.1974378903073273,3.1958427989748053
2020-02-20,-0.0013048636462153372,0.0,-0.0013048636462153372,0.6,2,3.193265669843234,3.1916726598874043
2020-02-21,-0.004578870472769591,0.0,-0.004578870472769591,0.6,2,3.17864411995588,3.1770584041862997
2020-02-24,-0.016822945316782942,0.0,-0.016822945316782942,0.6,2,3.125169963744349,3.123610924384448
2020-02-25,-0.016970918055862014,0.0,-0.016970918055862014,0.6,2,3.072132960379002,3.070600379348324
2020-02-26,-0.0023881673661105382,0.0,-0.0023881673661105382,0.6,2,3.064796192698672,3.0632672717279976
2020-02-27,-0.02530469488335818,0.0,-0.02530469488335818,0.6,2,2.9872424601627543,2.9857522280707434
2020-02-28,0.0024182044309313012,0.0,0.0024182044309313012,0.6,2,2.994466223116186,2.992972387338327
2020-03-02,0.02557305688050917,0.0,0.02557305688050917,0.6,2,3.0710438781667,3.069511840441524
2020-03-03,-0.012512126630599106,0.0,-0.012512126630599106,0.6,2,3.0326185882749526,3.0311057195997964
2020-03-04,0.024085051497370457,0.0,0.024085051497370457,0.6,2,3.105659363145438,3.104110056950332
2020-03-05,-0.01651941651865689,0.0,-0.01651941651865689,0.6,2,3.0543556825605718,3.0528319699998177
2020-03-06,-0.005557738275136725,0.0,-0.005557738275136725,0.6,2,3.0373803730777236,3.0358651289125884
2020-03-09,-0.043306404262527694,0.0,-0.043306404262527694,0.6,2,2.9058423507421525,2.904392726353389
2020-03-10,0.02337525945429744,0.0,0.02337525945429744,0.6,2,2.973767169624036,2.972283659889074
2020-03-11,-0.033540733489106314,0.0,-0.033540733489106314,0.6,2,2.874024837529022,2.872591085798709
2020-03-12,-0.0583208867910631,0.0,-0.0583208867910631,0.6,2,2.7064091603447884,2.7050590262868255
2020-03-13,0.04782234890854506,0.0,0.04782234890854506,0.6,2,2.835836003500079,2.834421302860123
2020-03-16,-0.05546528427424926,0.0,-0.05546528427424926,0.6,2,2.678545553410796,2.6772093195439983
2020-03-17,0.021918087318114485,0.0,0.021918087318114485,0.6,2,2.737254148736001,2.735888627178633
2020-03-18,-0.035327979183311695,0.0,-0.035327979183311695,0.6,2,2.640552491150022,2.639235210709807
2020-03-19,0.002596957914378106,0.0,0.002596957914378106,0.6,2,2.6474098948402447,2.6460891934781654
2020-03-20,-0.015242614627720625,0.0,-0.015242614627720625,0.6,2,2.6070564460515806,2.605755875631402
2020-03-23,-0.010653343433442462,0.0,-0.010653343433442462,0.6,2,2.5792825783814233,2.57799586338459
2020-03-24,0.050497511989375174,0.0,0.050497511989375174,0.6,2,2.7095299313072254,2.708178240404413
2020-03-25,0.009182644687493191,0.0,0.009182644687493191,0.6,2,2.7344105819365474,2.7330464789364473
2020-03-26,0.03569242989118622,0.0,0.03569242989118622,0.6,2,2.8320083399260354,2.8305955487752397
2020-03-27,-0.014899480622961335,0.0,-0.014899480622961335,0.6,2,2.7898128865412426,2.7884211452448224
2020-03-30,0.020297244506025124,0.0,0.020297244506025124,0.6,2,2.84643840082543,2.8450184110156274
2020-03-31,-0.008244501089327215,0.0,-0.008244501089327215,0.6,2,2.8229709363291224,2.821562653626853
2020-04-01,-0.02553596151539412,0.0,-0.02553596151539412,0.6,2,2.7508836591399457,2.7495113382905645
2020-04-02,0.013977155952125541,0.0,0.013977155952125541,0.6,2,2.7893331890498985,2.787941687057989
2020-04-03,-0.008402463716685205,0.0,-0.008402463716685205,0.6,2,2.765895918135161,2.7645161081882503
2020-04-06,0.037858739843885436,0.0,0.037858739843885436,0.6,2,2.8706092521351043,2.86917720432238
2020-04-07,-0.00045929765845289725,0.0,-0.00045929765845289725,0.6,2,2.8692907880272656,2.8678593979507485
2020-04-08,0.01950005946036426,0.0,0.01950005946036426,0.6,2,2.9252421290028727,2.9237828267347528
2020-04-09,0.00997509921908164,0.0,0.00997509921908164,0.6,2,2.954421709479514,2.952947850526479
2020-04-13,-0.00635029873802293,0.0,-0.00635029873802293,0.6,2,2.9356602490262187,2.934195749517833
2020-04-14,0.018109717989372998,0.0,0.018109717989372998,0.6,2,2.988824228248696,2.987333207067218
2020-04-15,-0.00917265511445937,0.0,-0.00917265511445937,0.6,2,2.9614087744052306,2.9599314298468187
2020-04-16,0.0033212797476903865,0.0,0.0033212797476903865,0.6,2,2.9712444413922956,2.9697621901593214
2020-04-17,0.015100741023894937,0.0,0.015100741023894937,0.6,2,3.016112434220448,3.014607799895473
2020-04-20,-0.009550356653221237,0.0,-0.009550356653221237,0.6,2,2.9873074847674275,2.9858172202368882
2020-04-21,-0.017239867473535897,0.0,-0.017239867473535897,0.6,2,2.935806699627335,2.934342127059803
2020-04-22,0.012042658041739917,0.0,0.012042658041739917,0.6,2,2.971161615787596,2.969679405873456
2020-04-23,0.0002345881636459878,0.0,0.0002345881636459878,0.6,2,2.971858615134939,2.9703760575118974
2020-04-24,0.008434762505215687,0.0,0.008434762505215687,0.6,2,2.9969255367526815,2.995430474108189
2020-04-27,0.006488667173473406,0.0,0.006488667173473406,0.6,2,3.0163715891043528,3.0148668254959565
2020-04-28,-0.0008650475122908407,0.0,-0.0008650475122908407,0.6,2,3.013762284365053,3.012258822448673
2020-04-29,0.015440121491776714,0.0,0.015440121491776714,0.6,2,3.0602951401829843,3.0587684646319566
2020-04-30,-0.006549480035503286,0.0,-0.006549480035503286,0.6,2,3.0402517982596082,3.038735121639623
2020-05-01,-0.015424982360774853,0.0,-0.015424982360774853,0.6,2,2.9933559678991397,2.9918626859892647
2020-05-04,0.0017645149460469682,0.0,0.0017645149460469682,0.6,2,2.998637789243337,2.997141872415213
2020-05-05,0.005259511367321612,0.0,0.005259511367321612,0.6,2,3.014409158782342,3.012905374162656
2020-05-06,-0.005492528393335782,0.0,-0.005492528393335782,0.6,2,2.9978524308885985,2.9963569058486335
2020-05-07,0.009682468305343427,0.0,0.009682468305343427,0.6,2,3.026879042034774,3.0253690366210098
2020-05-08,0.008581692025470123,0.0,0.008581692025470123,0.6,2,3.0528547857718666,3.0513318219566847
2020-05-11,-0.0009638719599715183,0.0,-0.0009638719599715183,0.6,2,3.0499122246459964,3.048390728772932
2020-05-12,-0.01057395823650924,0.0,-0.01057395823650924,0.6,2,3.017662580157571,3.016157172518325
2020-05-13,-0.009809455531261202,0.0,-0.009809455531261202,0.6,2,2.9880609532691644,2.9865703128592123
2020-05-14,0.007926244196977093,0.0,0.007926244196977093,0.6,2,3.011745054060228,3.010242598470377
2020-05-15,0.0025727274870735563,0.0,0.0025727274870735563,0.6,2,3.0194934533448667,3.0179871323462213
2020-05-18,0.015718044323555613,0.0,0.015718044323555613,0.6,2,3.0669539852792274,3.0654239878603597
2020-05-19,-0.00505115777303362,0.0,-0.00505115777303362,0.6,2,3.0514623168169477,3.049940047656435
2020-05-20,0.01026261503424317,0.0,0.01026261503424317,0.6,2,3.0827782998659394,3.0812404082430542
2020-05-21,-0.0038806876460681706,0.0,-0.0038806876460681706,0.6,2,3.0708150002020824,3.069283076656219
2020-05-22,0.0018974153887157284,0.0,0.0018974153887157284,0.6,2,3.076641611839365,3.0751067815981914
2020-05-26,0.006467082998147511,0.0,0.006467082998147511,0.6,2,3.0965385084986843,3.094993752382953
2020-05-27,0.009228355650826003,0.0,0.009228355650826003,0.6,2,3.125114467141588,3.123555455467027
2020-05-28,-0.0014558225795781475,0.0,-0.0014558225795781475,0.6,2,3.120564854936557,3.1190081129063936
2020-05-29,0.003962185778512638,0.0,0.003962185778512638,0.6,2,3.132929112625713,3.1313662024944167
2020-06-01,0.002276903872755742,0.0,0.002276903872755742,0.6,2,3.1400624910553194,3.1384960223278924
2020-06-02,0.0043012079322025006,0.0,0.0043012079322025006,0.6,2,3.153568552749458,3.151995346314315
2020-06-03,0.005585894292861892,0.0,0.005585894292861892,0.6,2,3.17118405333041,3.1696020591304195
2020-06-04,-0.0031642761567334697,0.0,-0.0031642761567334697,0.6,2,3.1611495512418433,3.1595725629083797
2020-06-05,0.013312113324637088,0.0,0.013312113324637088,0.6,2,3.2032311323041003,3.2016331509232296
2020-06-08,0.007671796622665105,0.0,0.007671796622665105,0.6,2,3.2278056700865267,3.2261954293174955
2020-06-09,-0.0030306663517491784,0.0,-0.0030306663517491784,0.6,2,3.2180232680522103,3.2164179073856958
2020-06-10,-0.0003521505816652887,0.0,-0.0003521505816652887,0.6,2,3.2168900392865534,3.215285243948731
2020-06-11,-0.03366426315320041,0.0,-0.03366426315320041,0.6,2,3.108595806469102,3.1070450353838392
2020-06-12,0.00649641638056866,0.0,0.00649641638056866,0.6,2,3.128790539186815,3.1272296936468718
2020-06-15,0.005644579171997942,0.0,0.005644579171997942,0.6,2,3.146451245097853,3.144881589241684
2020-06-16,0.010858062572418925,0.0,0.010858062572418925,0.6,2,3.1806156095981906,3.1790289103205183
2020-06-17,-0.0018482981050514271,0.0,-0.0018482981050514271,0.6,2,3.1747368837940733,3.173153117209669
2020-06-18,0.0011400371257355157,0.0,0.0011400371257355157,0.6,2,3.1783562017060403,3.1767706295689315
2020-06-19,-0.0031671123744190675,0.0,-0.0031671123744190675,0.6,2,3.168289990449306,3.166709439997333
2020-06-22,0.003498493721948925,0.0,0.003498493721948925,0.6,2,3.1793742330902064,3.1777881530923997
2020-06-23,0.002656367270914917,0.0,0.002656367270914917,0.6,2,3.1878198187449778,3.186229525536176
2020-06-24,-0.014625233006242343,0.0,-0.014625233006242343,0.6,2,3.1411972111139153,3.1396301763138403
2020-06-25,0.006514526428888589,0.0,0.006514526428888589,0.6,2,3.161660623364068,3.160083380074373
2020-06-26,-0.013213044217258262,0.0,-0.013213044217258262,0.6,2,3.1198854617475944,3.1183290586432277
2020-06-29,0.009185011923311049,0.0,0.009185011923311049,0.6,2,3.148541646913111,3.146970948227673
2020-06-30,0.006978370281286339,0.0,0.006978370281286339,0.6,2,3.170513336371321,3.168931676768856
2020-07-01,0.0035717944640565324,0.0,0.0035717944640565324,0.6,2,3.1818377583543898,3.1802504493889123
2020-07-02,0.0038450439933770397,0.0,0.0038450439933770397,0.6,2,3.1940720645150504,3.19247865227677
2020-07-06,0.0086545778112888,0.0,0.0086545778112888,0.6,2,3.22171540973226,3.2201082071837774
2020-07-07,-0.004921480011096823,0.0,-0.004921480011096823,0.6,2,3.20585980174182,3.2042605090085536
2020-07-08,0.003958074350746044,0.0,0.003958074350746044,0.6,2,3.2185488331951824,3.216943210342369
2020-07-09,-0.0021249380907365275,0.0,-0.0021249380907365275,0.6,2,3.21170961618263,3.210107405178976
2020-07-10,0.005342822251784373,0.0,0.005342822251784373,0.6,2,3.228869209786241,3.227258438453984
2020-07-13,-0.004687939149762198,0.0,-0.004687939149762198,0.6,2,3.213732467408222,3.2121292472739555
2020-07-14,0.007796109856540268,0.0,0.007796109856540268,0.6,2,3.2387870787736666,3.237171359759109
2020-07-15,0.005393143404620338,0.0,0.005393143404620338,0.6,2,3.2562543219465243,3.25462988912762
2020-07-16,-0.0016684737265299395,0.0,-0.0016684737265299395,0.6,2,3.2508213471634573,3.2491996246680315
2020-07-17,0.0016424933371300462,0.0,0.0016424933371300462,0.6,2,3.256160799566373,3.254536413402554
2020-07-20,0.005116572021416821,0.0,0.005116572021416821,0.6,2,3.2728211808106686,3.2711884833580513
2020-07-21,0.001719561418038684,0.0,0.001719561418038684,0.6,2,3.2784489978413305,3.2768134928651667
2020-07-22,0.003551324833375125,0.0,0.003551324833375125,0.6,2,3.2900918351823183,3.2884505219967175
2020-07-23,-0.00677392386892306,0.0,-0.00677392386892306,0.6,2,3.267805003569028,3.2661748085139912
2020-07-24,-0.004061148020262894,0.0,-0.004061148020262894,0.6,2,3.254533963748178,3.252910389156562
2020-07-27,0.003748205337395527,0.0,0.003748205337395527,0.6,2,3.266732625321834,3.2651029652392682
2020-07-28,-0.002862149869745578,0.0,-0.002862149869745578,0.6,2,3.2573827469637755,3.255757751212603
2020-07-29,0.007885469391281319,0.0,0.007885469391281319,0.6,2,3.283068738910646,3.2814309293052166
2020-07-30,-0.0015480827288870238,0.0,-0.0015480827288870238,0.6,2,3.2779862768981896,3.2763510027575236
2020-07-31,0.004832656297569615,0.0,0.004832656297569615,0.6,2,3.2938276579225882,3.292184481064048
2020-08-03,0.0039717497814588665,0.0,0.0039717497814588665,0.6,2,3.3069099172031056,3.3052602140572365
2020-08-04,0.0036974118877340033,0.0,0.0036974118877340033,0.6,2,3.319136925242638,3.317481122464746
2020-08-05,0.002387968493308179,0.0,0.002387968493308179,0.6,2,3.327062919645093,3.325403162862336
2020-08-06,0.004477981472897263,0.0,0.004477981472897263,0.6,2,3.3419614457584275,3.3402942566155476
2020-08-07,-0.00040856753843938626,0.0,-0.00040856753843938626,0.6,2,3.3405960287969743,3.338929520813459
2020-08-10,0.001368915489375322,0.0,0.001368915489375322,0.6,2,3.34516902244454,3.3435002331524326
2020-08-11,-0.006297664190433294,0.0,-0.006297664190433294,0.6,2,3.324102271280944,3.322443991463403
2020-08-12,0.00715639583656884,0.0,0.00715639583656884,0.6,2,3.3478908629354676,3.3462207158111448
2020-08-13,-0.0019062309131383294,0.0,-0.0019062309131383294,0.6,2,3.3415090098787266,3.3398420464404817
2020-08-14,0.00021665967413431186,0.0,0.00021665967413431186,0.6,2,3.342232980131924,3.340565655529924
2020-08-17,0.0025654559459841186,0.0,0.0025654559459841186,0.6,2,3.350807331603668,3.3491357295538537
2020-08-18,0.001985731353570852,0.0,0.001985731353570852,0.6,2,3.357461134781809,3.3557862133793934
2020-08-19,-0.0030191696167725765,0.0,-0.0030191696167725765,0.6,2,3.347324390134181,3.345654525603574
2020-08-20,0.0030481807053442935,0.0,0.0030481807053442935,0.6,2,3.357527639754716,3.3558526851752664
2020-08-21,0.002426015637339929,0.0,0.002426015637339929,0.6,2,3.365673054311562,3.3639940362661105
2020-08-24,0.005512104227187775,0.0,0.005512104227187775,0.6,2,3.384224994981565,3.382536722013647
2020-08-25,0.0011476889646945042,0.0,0.0011476889646945042,0.6,2,3.388109032662348,3.3864188220821756
2020-08-26,0.005842135619822253,0.0,0.005842135619822253,0.6,2,3.407902825125906,3.406202740106298
2020-08-27,-9.702768018398115e-05,0.0,-9.702768018398115e-05,0.6,2,3.4075721642204915,3.4058722441561895
2020-08-28,0.004530009372713372,0.0,0.004530009372713372,0.6,2,3.4230084980626074,3.4213008773444815
2020-08-31,-0.0017464619511406542,0.0,-0.0017464619511406542,0.6,2,3.4170303439623098,3.415325705538795
2020-09-01,0.006952100044915754,0.0,0.006952100044915754,0.6,2,3.4407858807700484,3.4390693915296735
2020-09-02,0.009207165633224212,0.0,0.009207165633224212,0.6,2,3.4724657662827574,3.470733473041639
2020-09-03,-0.020214503205715162,0.0,-0.020214503205715162,0.6,2,3.4022715959184984,3.400574320124656
2020-09-04,-0.00711545385189698,0.0,-0.00711545385189698,0.6,2,3.3780628893861206,3.3763776904798632
2020-09-08,-0.01564432026716116,0.0,-0.01564432026716116,0.6,2,3.3252153916619527,3.3235565565470986
2020-09-09,0.011599659023356912,0.0,0.011599659023356912,0.6,2,3.3637867563844495,3.3621086793478874
2020-09-10,-0.00984066952546294,0.0,-0.00984066952546294,0.6,2,3.3306848425607414,3.3290232789257344
2020-09-11,0.0009473664412374514,0.0,0.0009473664412374514,0.6,2,3.3338402216069216,3.3321770838622866
2020-09-14,0.007524467536117107,0.0,0.007524467536117107,0.6,2,3.358925594125004,3.3572499421544015
2020-09-15,0.002847666620547606,0.0,0.002847666620547606,0.6,2,3.3684906944202972,3.36681027075151
2020-09-16,-0.0025916425872766435,0.0,-0.0025916425872766435,0.6,2,3.3597607704817927,3.3580847018705504
2020-09-17,-0.005080187208460329,0.0,-0.005080187208460329,0.6,2,3.342692556792104,3.3410250029231814
2020-09-18,-0.007246541662038086,0.0,-0.007246541662038086,0.6,2,3.3184695959159254,3.3168141260455877
2020-09-21,-0.005918986403505434,0.0,-0.005918986403505434,0.6,2,3.298827619497253,3.2971819483305693
2020-09-22,0.006095191063771165,0.0,0.006095191063771165,0.6,2,3.318934604124534,3.3172789022776614
2020-09-23,-0.013887332258462459,0.0,-0.013887332258462459,0.6,2,3.272843456532948,3.2712107479677437
2020-09-24,0.0018147692677077166,0.0,0.0018147692677077166,0.6,2,3.278782912255882,3.2771472407013507
2020-09-25,0.010060882670968673,0.0,0.010060882670968673,0.6,2,3.3117703624396655,3.310118234585536
2020-09-28,0.009875946433081184,0.0,0.009875946433081184,0.6,2,3.344477229137785,3.3428087849574677
2020-09-29,-0.002974503746539847,0.0,-0.002974503746539847,0.6,2,3.3345290690894975,3.332865587702645
2020-09-30,0.003460931501804554,0.0,0.003460931501804554,0.6,2,3.3460696457883925,3.3444004072064057
2020-10-01,0.004089764634988179,0.0,0.004089764634988179,0.6,2,3.3597542830919456,3.3580782177170385
2020-10-02,-0.006028748403078654,0.0,-0.006028748403078654,0.6,2,3.3394991698230183,3.3378332090245637
2020-10-05,0.008060932100925733,0.0,0.008060932100925733,0.6,2,3.3664186458820593,3.3647392558867257
2020-10-06,-0.007599501394328589,0.0,-0.007599501394328589,0.6,2,3.340835542688785,3.3391689152200623
2020-10-07,0.00924341646580933,0.0,0.00924341646580933,0.6,2,3.3717162769536353,3.370034244153126
2020-10-08,0.006035347149557735,0.0,0.006035347149557735,0.6,2,3.392065755174865,3.390373570722488
2020-10-09,0.00514842423122177,0.0,0.00514842423122177,0.6,2,3.409529548702705,3.4078286521668897
2020-10-12,0.010043636443453387,0.0,0.010043636443453387,0.6,2,3.4437736239330863,3.4420556442108374
2020-10-13,-0.0030262627153170517,0.0,-0.0030262627153170517,0.6,2,3.4333518602149855,3.4316390795507155
2020-10-14,-0.0036297621363523096,0.0,-0.0036297621363523096,0.6,2,3.420889609632002,3.419183045954135
2020-10-15,-0.0010882791461218405,0.0,-0.0010882791461218405,0.6,2,3.4171667268086545,3.41546202034845
2020-10-16,-0.0005814673331813402,0.0,-0.0005814673331813402,0.6,2,3.415179755984981,3.4134760407558957
2020-10-19,-0.009736612632081965,0.0,-0.009736612632081965,0.6,2,3.381927473632027,3.3802403468181628
2020-10-20,0.001544255606277689,0.0,0.001544255606277689,0.6,2,3.387150034093208,3.3854603019243026
2020-10-21,-0.0016659176764142192,0.0,-0.0016659176764142192,0.6,2,3.381507320978745,3.379820403764528
2020-10-22,0.0018956721650046136,0.0,0.0018956721650046136,0.6,2,3.3879175502828835,3.386227435226659
2020-10-23,0.002603957786199218,0.0,0.002603957786199218,0.6,2,3.3967395445669433,3.3950450285224587
2020-10-26,-0.010075937207358731,0.0,-0.010075937207358731,0.6,2,3.3625142102061343,3.3608367679989106
2020-10-27,-0.001170997444338173,0.0,-0.001170997444338173,0.6,2,3.3585767146594323,3.3569012367327464
2020-10-28,-0.020717420708258195,0.0,-0.020717420708258195,0.6,2,3.288995667880873,3.2873549015352816
2020-10-29,0.004406775290187247,0.0,0.004406775290187247,0.6,2,3.303489532719624,3.3018415358854436
2020-10-30,-0.0075669810678197225,0.0,-0.0075669810678197225,0.6,2,3.278492089967794,3.2768565634944578
2020-11-02,0.0074133588532794715,0.0,0.0074133588532794715,0.6,2,3.3027967283283632,3.301149077110366
2020-11-03,0.009650158811428122,0.0,0.009650158811428122,0.6,2,3.3346692412785974,3.333005689964681
2020-11-04,0.016710703524008073,0.0,0.016710703524008073,0.6,2,3.3903939103202334,3.388702559893513
2020-11-05,0.011606983796380364,0.0,0.011606983796380364,0.6,2,3.429746157500667,3.42803517559695
2020-11-06,-0.0014935117349472284,0.0,-0.0014935117349472284,0.6,2,3.424623791366549,3.4229153648343837
2020-11-09,0.005197444373747714,0.0,0.005197444373747714,0.6,2,3.44242308302319,3.440705777039157
2020-11-10,-0.0020135924153510394,0.0,-0.0020135924153510394,0.6,2,3.435491446012785,3.4337775979830565
2020-11-11,0.00509136859744168,0.0,0.00509136859744168,0.6,2,3.452982799277794,3.451260225416026
2020-11-12,-0.003559293546331643,0.0,-0.003559293546331643,0.6,2,3.4406926198847305,3.4389761771689913
2020-11-13,0.007746123721813003,0.0,0.007746123721813003,0.6,2,3.4673446506070866,3.46561491211371
2020-11-16,0.0071681368206315535,0.0,0.0071681368206315535,0.6,2,3.492199051466923,3.490456913971362
2020-11-17,-0.002185427320233413,0.0,-0.002185427320233413,0.6,2,3.4845671042521538,3.4828287740714714
2020-11-18,-0.007347543014514524,0.0,-0.007347543014514524,0.6,2,3.4589640975666986,3.4572385398417924
2020-11-19,0.0029657688236665257,0.0,0.0029657688236665257,0.6,2,3.4692225854494443,3.467491910119234
2020-11-20,-0.003413523122034378,0.0,-0.003413523122034378,0.6,2,3.4573803139385286,3.455655546308575
2020-11-23,0.002798265439363634,0.0,0.002798265439363634,0.6,2,3.467054981781759,3.4653253877941554
2020-11-24,0.008997234975132561,0.0,0.008997234975132561,0.6,2,3.498248890124554,3.496503734573432
2020-11-25,-0.0007918700069912355,0.0,-0.0007918700069912355,0.6,2,3.495478731751474,3.4937349581366903
2020-11-27,0.002869917372831665,0.0,0.002869917372831665,0.6,2,3.505510466890091,3.5037616887891163
2020-11-30,-0.002924761724072966,0.0,-0.002924761724072966,0.6,2,3.4952576840531937,3.4935140207114728
2020-12-01,0.004424579301116305,0.0,0.004424579301116305,0.6,2,3.5107227288541236,3.5089713505356728
2020-12-02,0.0006039831553241505,0.0,0.0006039831553241505,0.6,2,3.5128431462453653,3.5110907101239115
2020-12-03,0.0009072428216278627,0.0,0.0009072428216278627,0.6,2,3.5160301479733014,3.514276121966756
2020-12-04,0.0035929584309682284,0.0,0.0035929584309682284,0.6,2,3.528663098137,3.5269027699879265
2020-12-07,7.119543969569297e-06,0.0,7.119543969569297e-06,0.6,2,3.528688220609081,3.5269278799272734
2020-12-08,0.0021722218307167257,0.0,0.0021722218307167257,0.6,2,3.536353314195681,3.534589149663415
2020-12-09,-0.005936144378444075,0.0,-0.005936144378444075,0.6,2,3.5153610103494266,3.5136073181525314
2020-12-10,0.0007149862157376898,0.0,0.0007149862157376898,0.6,2,3.5178744450151678,3.5161194989525253
2020-12-11,0.00010853518357905028,0.0,0.00010853518357905028,0.6,2,3.5182562581638654,3.51650112162783
2020-12-14,-0.002876043066439093,0.0,-0.002876043066439093,0.6,2,3.5081376016466175,3.506387512958847
2020-12-15,0.007684953109679649,0.0,0.007684953109679649,0.6,2,3.535097474617576,3.533333936580302
2020-12-16,0.0006091473131780046,0.0,0.0006091473131780046,0.6,2,3.537250869746061,3.5354862574543304
2020-12-17,0.0030641048722168216,0.0,0.0030641048722168216,0.6,2,3.5480893773703035,3.546319358121452
2020-12-18,-0.0027270363295814003,0.0,-0.0027270363295814003,0.6,2,3.538413608737613,3.536648416395557
2020-12-21,-0.0018228804488647828,0.0,-0.0018228804488647828,0.6,2,3.531963503750248,3.530201529142801
2020-12-22,-0.0003416728557773306,0.0,-0.0003416728557773306,0.6,2,3.53075672769342,3.528995355104869
2020-12-23,-0.00029174191130119107,0.0,-0.00029174191130119107,0.6,2,3.529726657977343,3.5279657992549978
2020-12-24,0.0029004520274245934,0.0,0.0029004520274245934,0.6,2,3.5399644608187275,3.538198494810131
2020-12-28,0.005183600288365752,0.0,0.005183600288365752,0.6,2,3.558314221618632,3.5565391015481245
2020-12-29,-0.0011939562702134804,0.0,-0.0011939562702134804,0.6,2,3.5540657500423407,3.5522927493875716
2020-12-30,0.001124728897017535,0.0,0.001124728897017535,0.6,2,3.558063110493314,3.556288115693474
2020-12-31,0.003317342564971715,0.0,0.003317342564971715,0.6,2,3.569866424698609,3.568085541632967
2021-01-04,-0.00802633593811719,0.0,-0.00802633593811719,0.6,2,3.5412134775197726,3.539446888419882
2021-01-05,0.0032083258844216806,0.0,0.0032083258844216806,0.6,2,3.5525748443819625,3.5508025874885356
2021-01-06,0.0012731292459079889,0.0,0.0012731292459079889,0.6,2,3.5570977313146224,3.5553232181091134
2021-01-07,0.007470144437254778,0.0,0.007470144437254778,0.6,2,3.5836697651449736,3.5818819960695136
2021-01-08,0.0022668653454419817,0.0,0.0022668653454419817,0.6,2,3.5917934619450893,3.5900016402378663
2021-01-11,-0.004810939095813471,0.0,-0.004810939095813471,0.6,2,3.5745135623549307,3.5727303609928116
2021-01-12,6.042991104153732e-05,0.0,6.042991104153732e-05,0.6,2,3.5747295698915207,3.572946260770702
2021-01-13,0.0030048560982695927,0.0,0.0030048560982695927,0.6,2,3.585471117839274,3.5836824501311684
2021-01-14,-0.0030063111909702568,0.0,-0.0030063111909702568,0.6,2,3.574692075892813,3.5729087854764554
2021-01-15,-0.003299828609473887,0.0,-0.003299828609473887,0.6,2,3.5628962047107224,3.5611187988470996
2021-01-19,0.004945109863449116,0.0,0.004945109863449116,0.6,2,3.580515117875083,3.578728922544193
2021-01-20,0.008444138658746958,0.0,0.008444138658746958,0.6,2,3.61074948400016,3.6089482057882245
2021-01-21,-2.558537191881265e-05,0.0,-2.558537191881265e-05,0.6,2,3.6106571016317064,3.6088558695061437
2021-01-22,-0.0015106810265750783,0.0,-0.0015106810265750783,0.6,2,3.605202550454803,3.6034040394164366
2021-01-25,0.003981638556804201,0.0,0.003981638556804201,0.6,2,3.619557163934782,3.617751491875521
2021-01-26,-0.0010642075756458255,0.0,-0.0010642075756458255,0.6,2,3.6157052037804394,3.6139014533310627
2021-01-27,-0.014278530938657674,0.0,-0.014278530938657674,0.6,2,3.5640782451631945,3.562300249620415
2021-01-28,0.00410828684066864,0.0,0.00410828684066864,0.6,2,3.5787205009169116,3.5769352008584407
2021-01-29,-0.01276419150255359,0.0,-0.01276419150255359,0.6,2,3.5330410271090935,3.531278514962459
2021-02-01,0.010446676288430146,0.0,0.010446676288430146,0.6,2,3.569949563033045,3.5681686384925597
2021-02-02,0.007446755571508,0.0,0.007446755571508,0.6,2,3.596534104831564,3.5947399181813346
2021-02-03,-0.0005064765400305314,0.0,-0.0005064765400305314,0.6,2,3.594712544682047,3.5929192667452643
2021-02-04,0.006669925655168595,0.0,0.006669925655168595,0.6,2,3.618689010106778,3.616883771139478
2021-02-05,0.001518250438389268,0.0,0.001518250438389268,0.6,2,3.624183086282767,3.6223751065106136
2021-02-08,0.004495241657393167,0.0,0.004495241657393167,0.6,2,3.640474665066245,3.638658557988104
2021-02-09,-9.161554509355956e-05,0.0,-9.161554509355956e-05,0.6,2,3.640141140995406,3.638325200300905
2021-02-10,0.0007700930747648544,0.0,0.0007700930747648544,0.6,2,3.642944388479253,3.6411270493413994
2021-02-11,0.0006672368899941048,0.0,0.0006672368899941048,0.6,2,3.6453750953634434,3.643556543629875
2021-02-12,0.0016525208707949485,0.0,0.0016525208707949485,0.6,2,3.6513991537904076,3.649577596862145
2021-02-16,-0.003402596021552218,0.0,-0.003402596021552218,0.6,2,3.638974917556621,3.6371595586507155
2021-02-17,0.00042570104231829395,0.0,0.00042570104231829395,0.6,2,3.640524032971995,3.638707901265911
2021-02-18,-0.0025744412935658767,0.0,-0.0025744412935658767,0.6,2,3.631151717571293,3.6293402613896677
2021-02-19,-0.002656427275849937,0.0,-0.002656427275849937,0.6,2,3.6215058271059872,3.619699182925972
2021-02-22,-0.005268088253065151,0.0,-0.005268088253065151,0.6,2,3.6024274147998034,3.60063028818077
2021-02-23,0.0010656470453278112,0.0,0.0010656470453278112,0.6,2,3.606266330930393,3.6044672892086878
2021-02-24,0.006094653958317053,0.0,0.006094653958317053,0.6,2,3.6282452762989434,3.626435270040488
2021-02-25,-0.01984996803145607,0.0,-0.01984996803145607,0.6,2,3.5562247235541276,3.5544506458620395
2021-02-26,0.0005244466715925485,0.0,0.0005244466715925485,0.6,2,3.5580897737738306,3.5563147656726017
2021-03-01,0.014010087052914243,0.0,0.014010087052914243,0.6,2,3.607938921246486,3.6061390451272395
2021-03-02,-0.003951174971288407,0.0,-0.003951174971288407,0.6,2,3.59368332328292,3.5918905587891468
2021-03-03,-0.010103723109998497,0.0,-0.010103723109998497,0.6,2,3.55737374203945,3.5555990911417235
2021-03-04,-0.009409053911587905,0.0,-0.009409053911587905,0.6,2,3.5239022207169337,3.522144267605178
2021-03-05,0.010433863407084631,0.0,0.010433863407084631,0.6,2,3.5606701351478165,3.5588938397934164
2021-03-08,-0.004549540822889875,0.0,-0.004549540822889875,0.6,2,3.544470721011117,3.5427025069849454
2021-03-09,0.010438887788327777,0.0,0.010438887788327777,0.6,2,3.581471053136765,3.5796843809227883
2021-03-10,0.004574109605144705,0.0,0.004574109605144705,0.6,2,3.597853094281466,3.596058249632954
2021-03-11,0.005930575015999961,0.0,0.005930575015999961,0.6,2,3.6191904319536494,3.6173849428443074
2021-03-12,-0.0020770886037892564,0.0,-0.0020770886037892564,0.6,2,3.6116730527524954,3.6098713138040064
2021-03-15,0.004067557454378389,0.0,0.004067557454378389,0.6,2,3.6263637404009965,3.624554672775817
2021-03-16,-0.0008233600045254085,0.0,-0.0008233600045254085,0.6,2,3.623377937535289,3.621570359424038
2021-03-17,0.0013968076614816697,0.0,0.0013968076614816697,0.6,2,3.628439099598882,3.626628996648676
2021-03-18,-0.011251521855420978,0.0,-0.011251521855420978,0.6,2,3.5876136377686807,3.58582390123138
2021-03-19,-0.0013569105158882878,0.0,-0.0013569105158882878,0.6,2,3.5827455670966484,3.580958259071676
2021-03-22,0.006094049054482076,0.0,0.006094049054482076,0.6,2,3.6045789943322637,3.6027807943645116
2021-03-23,-0.002755780086740911,0.0,-0.002755780086740911,0.6,2,3.594645567318598,3.592852322794509
2021-03-24,-0.002500394673808604,0.0,-0.002500394673808604,0.6,2,3.585657534687845,3.583868773982813
2021-03-25,0.0028730010006565725,0.0,0.0028730010006565725,0.6,2,3.595959132373015,3.594165232556687
2021-03-26,0.00830990054560754,0.0,0.00830990054560754,0.6,2,3.625841195129104,3.6240323881837138
2021-03-29,-0.0016665853710731593,0.0,-0.0016665853710731593,0.6,2,3.6197984212354672,3.6179926288212716
2021-03-30,-0.001941668709444477,0.0,-0.001941668709444477,0.6,2,3.612769971906458,3.6109676857428887
2021-03-31,0.0018636502762814364,0.0,0.0018636502762814364,0.6,2,3.619502911662743,3.617697266668067
2021-04-01,0.008232641663723995,0.0,0.008232641663723995,0.6,2,3.6493009821352675,3.647480471912379
2021-04-05,0.007452994156397619,0.0,0.007452994156397619,0.6,2,3.676499201030058,3.6746651225551163
2021-04-06,0.0015900139518097768,0.0,0.0015900139518097768,0.6,2,3.6823448860535133,3.680507891368207
2021-04-07,0.00044843069528872616,0.0,0.00044843069528872616,0.6,2,3.6839961625310593,3.6821583440809493
2021-04-08,0.004218407339302566,0.0,0.004218407339302566,0.6,2,3.6995367589810426,3.697691187864095
2021-04-09,0.003310871854613695,0.0,0.003310871854613695,0.6,2,3.711785451111462,3.709933769545047
2021-04-12,-2.580930094044911e-05,0.0,-2.580930094044911e-05,0.6,2,3.7116896525237277,3.70983801874792
2021-04-13,0.0034339593815227993,0.0,0.0034339593815227993,0.6,2,3.7244354440273124,3.722577451816329
2021-04-14,-0.0025399237129240418,0.0,-0.0025399237129240418,0.6,2,3.714975662125773,3.7131223890732645
2021-04-15,0.008988208510704344,0.0,0.008988208510704344,0.6,2,3.7483666379891507,3.7464967073320192
2021-04-16,0.0009237959594476039,0.0,0.0009237959594476039,0.6,2,3.7518293639438536,3.749957705852337
2021-04-19,-0.003370834458666305,0.0,-0.003370834458666305,0.6,2,3.7391825682408357,3.737317219198909
2021-04-20,-0.003209604783721431,0.0,-0.003209604783721431,0.6,2,3.727181269982602,3.7253219079738833
2021-04-21,0.0058974304020860124,0.0,0.0058974304020860124,0.6,2,3.749162062118283,3.7472917346515255
2021-04-22,-0.005167753338903202,0.0,-0.005167753338903202,0.6,2,3.729787317353682,3.727926655277936
2021-04-23,0.005974060521135582,0.0,0.005974060521135582,0.6,2,3.7520692925185166,3.750197514734921
2021-04-26,0.0008327640333166463,0.0,0.0008327640333166463,0.6,2,3.7551938808758374,3.7533205443430253
2021-04-27,-0.0017035691710942658,0.0,-0.0017035691710942658,0.6,2,3.7487966483488955,3.7469265031744476
2021-04-28,0.0003542099913924624,0.0,0.0003542099913924624,0.6,2,3.7501245095774394,3.7482537019788853
2021-04-29,0.0031308749113944318,0.0,0.0031308749113944318,0.6,2,3.761865680319081,3.7599890154559525
2021-04-30,-0.0035940372329259507,0.0,-0.0035940372329259507,0.6,2,3.748345394998748,3.7464754749390115
2021-05-03,0.001983949014437614,0.0,0.001983949014437614,0.6,2,3.7557819211509273,3.753908291265131
2021-05-04,-0.003178396312567089,0.0,-0.003178396312567089,0.6,2,3.743844557741935,3.741976882994459
2021-05-05,0.0006886543419024841,0.0,0.0006886543419024841,0.6,2,3.746422772552032,3.744553811622232
2021-05-06,0.004965632377518947,0.0,0.004965632377518947,0.6,2,3.7650261307712904,3.763147889268585
2021-05-07,0.004502279387104257,0.0,0.004502279387104257,0.6,2,3.781977330311771,3.7800906324410644
2021-05-10,-0.00673873112425083,0.0,-0.00673873112425083,0.6,2,3.7564916019647883,3.7546176180437447
2021-05-11,-0.006001570972211167,0.0,-0.006001570972211167,0.6,2,3.733946751009081,3.7320840139355407
2021-05-12,-0.01473861602379809,0.0,-0.01473861602379809,0.6,2,3.6789135435926497,3.6770782606855894
2021-05-13,0.00852613012435346,0.0,0.00852613012435346,0.6,2,3.710280439181567,3.7084295084136265
2021-05-14,0.01005587730142694,0.0,0.01005587730142694,0.6,2,3.7475905640318614,3.7457210205312252
2021-05-17,-0.0019115179404290748,0.0,-0.0019115179404290748,0.6,2,3.7404269774353316,3.7385610076006373
2021-05-18,-0.0051656948411445075,0.0,-0.0051656948411445075,0.6,2,3.721105073094316,3.719248742290371
2021-05-19,-0.0026951437261433456,0.0,-0.0026951437261433456,0.6,2,3.711076160102246,3.7092248323766204
2021-05-20,0.008095136825128524,0.0,0.008095136825128524,0.6,2,3.741117829386746,3.7392515149098737
2021-05-21,-0.0003405138946119381,0.0,-0.0003405138946119381,0.6,2,3.739843926784459,3.737978247813598
2021-05-24,0.006486513056904686,0.0,0.006486513056904686,0.6,2,3.764102473246332,3.762224692524467
2021-05-25,0.00014565758778917214,0.0,0.00014565758778917214,0.6,2,3.7646507433327767,3.762772689097901
2021-05-26,0.0007369612774585921,0.0,0.0007369612774585921,0.6,2,3.767425145153769,3.765545706865645
2021-05-27,-0.0003795049316633216,0.0,-0.0003795049316633216,0.6,2,3.7659953887315107,3.764116663699486
2021-05-28,0.0010437596516279513,0.0,0.0010437596516279513,0.6,2,3.769926182766486,3.768045496797076
2021-06-01,-0.0005768478027719181,0.0,-0.0005768478027719181,0.6,2,3.7677515091313447,3.765871908031504
2021-06-02,0.0013986535060753979,0.0,0.0013986535060753979,0.6,2,3.7730212879896126,3.7711390579791035
2021-06-03,-0.0032334629267442017,0.0,-0.0032334629267442017,0.6,2,3.7608213635330814,3.758945219643531
2021-06-04,0.007680023113524603,0.0,0.007680023113524603,0.6,2,3.789704558530852,3.787814005812866
2021-06-07,-0.0008957616105404575,0.0,-0.0008957616105404575,0.6,2,3.7863098866720297,3.7844210274385914
2021-06-08,0.0012819223952907244,0.0,0.0012819223952907244,0.6,2,3.791163642111265,3.7892723615068737
2021-06-09,0.0003622461917957903,0.0,0.0003622461917957903,0.6,2,3.7925369767030945,3.7906450109895067
2021-06-10,0.004212545292391523,0.0,0.004212545292391523,0.6,2,3.808513210490526,3.8066132747856782
2021-06-11,0.000403689801945406,0.0,0.000403689801945406,0.6,2,3.8100506684341755,3.8081499657446596
2021-06-14,9.671445775802899e-05,0.0,9.671445775802899e-05,0.6,2,3.8104191554186033,3.8085182689036574
2021-06-15,-0.001030555786862286,0.0,-0.001030555786862286,0.6,2,3.8064923059076157,3.804593378362268
2021-06-16,-0.006088617764471093,0.0,-0.006088617764471093,0.6,2,3.783316029233544,3.781428663532182
2021-06-17,0.0012326253136009102,0.0,0.0012326253136009102,0.6,2,3.787979440340529,3.7860897482244273
2021-06-18,-0.005859459689420898,0.0,-0.005859459689420898,0.6,2,3.7657839275054985,3.7639053079641767
2021-06-21,0.007281308689516219,0.0,0.007281308689516219,0.6,2,3.793203762739685,3.7913114643895724
2021-06-22,0.003938663026085476,0.0,0.003938663026085476,0.6,2,3.8081439141503957,3.806244162674737
2021-06-23,-0.001520859195437918,0.0,-0.001520859195437918,0.6,2,3.8023522634610094,3.8004554012398515
2021-06-24,0.003478303378097802,0.0,0.003478303378097802,0.6,2,3.815577998183724,3.8136745381002943
2021-06-25,0.00129627823170102,0.0,0.00129627823170102,0.6,2,3.8205240488841268,3.818618121386826
2021-06-28,0.00246145190869127,0.0,0.00246145190869127,0.6,2,3.829928085096453,3.8280174662502766
2021-06-29,0.0005323748716316024,0.0,0.0005323748716316024,0.6,2,3.831967042569115,3.8300554065574755
2021-06-30,0.0011304929130550034,0.0,0.0011304929130550034,0.6,2,3.8362990541538,3.834385257051197
2021-07-01,0.0030302966496080774,0.0,0.0030302966496080774,0.6,2,3.847924178324497,3.8460045818489457
2021-07-02,0.006033359038322228,0.0,0.006033359038322228,0.6,2,3.8711400864445693,3.8692089083542722
2021-07-06,0.0010134250424627346,0.0,0.0010134250424627346,0.6,2,3.8750631967510536,3.8731300615565183
2021-07-07,0.0032864354524779317,0.0,0.0032864354524779317,0.6,2,3.887798341821449,3.8858588535028757
2021-07-08,-0.0038219098470218425,0.0,-0.0038219098470218425,0.6,2,3.8729395270556064,3.8710074512865362
2021-07-09,0.004370879890357936,0.0,0.004370879890357936,0.6,2,3.889867680550986,3.8879271599107903
2021-07-12,0.0019439484543121832,0.0,0.0019439484543121832,0.6,2,3.897429382816072,3.8954850899037776
2021-07-13,-0.0032840636064344507,0.0,-0.0032840636064344507,0.6,2,3.8846299768213175,3.882692069090617
2021-07-14,0.002624541573323791,0.0,0.002624541573323791,0.6,2,3.8948253496924647,3.8928823558423593
2021-07-15,-0.00036875612053997007,0.0,-0.00036875612053997007,0.6,2,3.8933891090063315,3.8914468316471003
2021-07-16,-0.004753173165856284,0.0,-0.004753173165856284,0.6,2,3.8748831563691652,3.8729501109905584
2021-07-19,-0.005466254539888847,0.0,-0.005466254539888847,0.6,2,3.8537020587241235,3.851779579863593
2021-07-20,0.008086557755846968,0.0,0.008086557755846968,0.6,2,3.884865242995822,3.882927217898952
2021-07-21,0.0025370176252128116,0.0,0.0025370176252128116,0.6,2,3.894721214588879,3.8927782726881803
2021-07-22,0.0021780678668691152,0.0,0.0021780678668691152,0.6,2,3.9032041817167884,3.9012570079567683
2021-07-23,0.0055467687043901925,0.0,0.0055467687043901925,0.6,2,3.9248543525187802,3.922896378236286
2021-07-26,0.0012046150008971023,0.0,0.0012046150008971023,0.6,2,3.9295822909481606,3.9276219580604743
2021-07-27,-0.0010303996591791262,0.0,-0.0010303996591791262,0.6,2,3.9255332506948513,3.923574937733504
2021-07-28,9.757507962924181e-05,0.0,9.757507962924181e-05,0.6,2,3.925916284914375,3.923957780870485
2021-07-29,0.0012637270361998353,0.0,0.0012637270361998353,0.6,2,3.930877571465479,3.928916592407078
2021-07-30,-0.001784932311082188,0.0,-0.001784932311082188,0.6,2,3.923861221077262,3.9219037422337437
2021-08-02,0.0005097943306676682,0.0,0.0005097943306676682,0.6,2,3.925861583282094,3.9239031065269594
2021-08-03,0.0049755260506926914,0.0,0.0049755260506926914,0.6,2,3.945394809861128,3.9434265886538786
2021-08-04,-0.0030524405376311185,0.0,-0.0030524405376311185,0.6,2,3.9333517268065483,3.9313895134774994
2021-08-05,0.002336571337300919,0.0,0.002336571337300919,0.6,2,3.9425422837109276,3.9405754855304562
2021-08-06,-0.001355396032076195,0.0,-0.001355396032076195,0.6,2,3.937198577543293,3.9352344451532715
2021-08-09,-0.0013404436759043127,0.0,-0.0013404436759043127,0.6,2,3.9319209846092456,3.9299594850280646
2021-08-10,-6.535826867582004e-06,0.0,-6.535826867582004e-06,0.6,2,3.931895286254433,3.929933799493274
2021-08-11,0.0019373177541526453,0.0,0.0019373177541526453,0.6,2,3.939512616799963,3.937547330015677
2021-08-12,0.001387338260277149,0.0,0.001387338260277149,0.6,2,3.944978053380094,3.94301004007826
2021-08-13,0.003387894670270875,0.0,0.003387894670270875,0.6,2,3.9583432235014757,3.956368542777865
2021-08-16,0.002310536198347246,0.0,0.002310536198347246,0.6,2,3.967489118804859,3.965509875509956
2021-08-17,-0.004138999803200538,0.0,-0.004138999803200538,0.6,2,3.9510676821229254,3.9490966309156303
2021-08-18,-0.006783737744453244,0.0,-0.006783737744453244,0.6,2,3.9242646751568184,3.9223069950439946
2021-08-19,0.0018474942864588504,0.0,0.0018474942864588504,0.6,2,3.931514731722723,3.929553434807076
2021-08-20,0.004396611511940352,0.0,0.004396611511940352,0.6,2,3.9488000746515777,3.9468301546753333
2021-08-23,0.005368730984938574,0.0,0.005368730984938574,0.6,2,3.9700001199656874,3.968019624019029
2021-08-24,-0.00013709164664219584,0.0,-0.00013709164664219584,0.6,2,3.9694558661120714,3.9674756416748633
2021-08-25,-0.00031129422040399046,0.0,-0.00031129422040399046,0.6,2,3.9682201974428017,3.966240589438016
2021-08-26,-0.00354395757850261,0.0,-0.00354395757850261,0.6,2,3.9541569934009075,3.952184401042913
2021-08-27,0.006658025522443634,0.0,0.006658025522443634,0.6,2,3.9804838715827193,3.97849814565446
2021-08-30,0.003421234700731634,0.0,0.003421234700731634,0.6,2,3.9941020411298807,3.9921095215671696
2021-08-31,-0.0016388808165272771,0.0,-0.0016388808165272771,0.6,2,3.9875561839154203,3.985566929854797
2021-09-01,0.0004921062728198144,0.0,0.0004921062728198144,0.6,2,3.9895184853267467,3.987528252341722
2021-09-02,0.0023248365694437337,0.0,0.0023248365694437337,0.6,2,3.998793463795906,3.996798603844456
2021-09-03,-0.0010968683177307928,0.0,-0.0010968683177307928,0.6,2,3.9944073139363194,3.9924146420835482
2021-09-07,-0.0037199579856010525,0.0,-0.0037199579856010525,0.6,2,3.9795482865510987,3.9775630273538987
2021-09-08,0.0003666826902120057,0.0,0.0003666826902120057,0.6,2,3.98100751802264,3.9790215308652566
2021-09-09,-0.0014401045523145363,0.0,-0.0014401045523145363,0.6,2,3.975274450973137,3.9732913238449
2021-09-10,-0.005960169349345202,0.0,-0.005960169349345202,0.6,2,3.9515811420352116,3.9496098346805004
2021-09-13,0.0020345993285727504,0.0,0.0020345993285727504,0.6,2,3.959621026373597,3.957645708198265
2021-09-14,-0.0017164371825214796,0.0,-0.0017164371825214796,0.6,2,3.9528245856152355,3.950852657949467
2021-09-15,0.0043256502942050626,0.0,0.0043256502942050626,0.6,2,3.969923122446943,3.9679426649116873
2021-09-16,-0.0022137829670517916,0.0,-0.0022137829670517916,0.6,2,3.9611345742579647,3.959158501025868
2021-09-17,-0.007017973080927664,0.0,-0.007017973080927664,0.6,2,3.9333354384458903,3.9313732332425424
2021-09-20,-0.00799763392687789,0.0,-0.00799763392687789,0.6,2,3.9018780614975843,3.899931549293142
2021-09-21,-0.000783148974732307,0.0,-0.000783148974732307,0.6,2,3.898822309694192,3.896877321898787
2021-09-22,0.006215279340892765,0.0,0.006215279340892765,0.6,2,3.9230545794494462,3.921097503011578
2021-09-23,0.0036407891547689973,0.0,0.0036407891547689973,0.6,2,3.9373375940158724,3.935373392275334
2021-09-24,-0.000205817926011132,0.0,-0.000205817926011132,0.6,2,3.936527219358266,3.934563421885656
2021-09-27,-0.002788701242392921,0.0,-0.002788701242392921,0.6,2,3.925549421010928,3.9235910999827697
2021-09-28,-0.01367075821731647,0.0,-0.01367075821731647,0.6,2,3.871884184006161,3.8699526347112907
2021-09-29,0.001431890535694591,0.0,0.001431890535694591,0.6,2,3.8774282983245456,3.8754939832625204
2021-09-30,-0.006811829501882593,0.0,-0.006811829501882593,0.6,2,3.851015917850584,3.849094779012964
2021-10-01,0.008742168602157242,0.0,0.008742168602157242,0.6,2,3.884682148294025,3.882744214536778
2021-10-04,-0.008238982504285806,0.0,-0.008238982504285806,0.6,2,3.852676320039519,3.8507543528845924
2021-10-05,0.004979968126212996,0.0,0.004979968126212996,0.6,2,3.8718625253139316,3.869930986823834
2021-10-06,0.0026676233767634052,0.0,0.0026676233767634052,0.6,2,3.8821911962980726,3.8802545051907456
2021-10-07,0.0035847867557186495,0.0,0.0035847867557186495,0.6,2,3.8961080238817294,3.8941643901497707
2021-10-08,-0.001962348949245052,0.0,-0.001962348949245052,0.6,2,3.88846250039492,3.8865226807505726
2021-10-11,-0.0053286562423059845,0.0,-0.0053286562423059845,0.6,2,3.867742220419218,3.8658127374069275
2021-10-12,0.0003497085415935519,0.0,0.0003497085415935519,0.6,2,3.8690948029103804,3.8671646451413997
2021-10-13,0.002923983475952463,0.0,0.002923983475952463,0.6,2,3.880407972180984,3.878472170662581
2021-10-14,0.010989925763231679,0.0,0.010989925763231679,0.6,2,3.9230533677263058,3.921096291892923
2021-10-15,0.002580198760930896,0.0,0.002580198760930896,0.6,2,3.933175625164779,3.9312134996867556
2021-10-18,0.001238192996590115,0.0,0.001238192996590115,0.6,2,3.938045655678217,3.9360811007101684
2021-10-19,0.0031856047963530806,0.0,0.0031856047963530806,0.6,2,3.9505907128072026,3.948619899543425
2021-10-20,0.0021794714575769534,0.0,0.0021794714575769534,0.6,2,3.9592009125063345,3.9572258039113
2021-10-21,0.000514972518611012,0.0,0.000514972518611012,0.6,2,3.961239792171935,3.959263666450253
2021-10-22,0.00039807231093429445,0.0,0.00039807231093429445,0.6,2,3.9628166520501695,3.960839739687555
2021-10-25,0.0037046931940782008,0.0,0.0037046931940782008,0.6,2,3.9774976719304,3.9755134357140105
2021-10-26,0.0010366735307683062,0.0,0.0010366735307683062,0.6,2,3.981621038485583,3.979634745264029
2021-10-27,-0.00041660903091969006,0.0,-0.00041660903091969006,0.6,2,3.97996225920325,3.97797679348939
2021-10-28,0.004731418780343111,0.0,0.004731418780343111,0.6,2,3.998793127381501,3.996798267597875
2021-10-29,0.0014192423147200367,0.0,0.0014192423147200367,0.6,2,4.004468383795693,4.00247069282265
2021-11-01,0.001004689054977015,0.0,0.001004689054977015,0.6,2,4.008491629351894,4.006491931320595
2021-11-02,0.0034022581953401243,0.0,0.0034022581953401243,0.6,2,4.022129552848809,4.020123051328495
2021-11-03,0.0024151052774789906,0.0,0.0024151052774789906,0.6,2,4.031843419158599,4.029832071725874
2021-11-04,0.0049887665946605425,0.0,0.0049887665946605425,0.6,2,4.051957344922999,4.049935963347392
2021-11-05,0.004273555079572433,0.0,0.004273555079572433,0.6,2,4.069273607816606,4.067243587755498
2021-11-08,-0.0012155916351140662,0.0,-0.0012155916351140662,0.6,2,4.064327032857953,4.062299480472251
2021-11-09,-0.0001415523299727714,0.0,-0.0001415523299727714,0.6,2,4.063751717896681,4.061724452515743
2021-11-10,-0.008262897542302538,0.0,-0.008262897542302538,0.6,2,4.0301733538143445,4.02816283951954
2021-11-11,-0.0010891518265216727,0.0,-0.0010891518265216727,0.6,2,4.025783883144839,4.023775558605351
2021-11-12,0.005361527546244683,0.0,0.005361527546244683,0.6,2,4.047368234329547,4.04534914210272
2021-11-15,-0.0013611742046139243,0.0,-0.0013611742046139243,0.6,2,4.041859061092405,4.039842717201832
2021-11-16,0.002026026671799252,0.0,0.002026026671799252,0.6,2,4.050047975353832,4.048027546296757
2021-11-17,-2.0665456555524133e-05,0.0,-2.0665456555524133e-05,0.6,2,4.0499642792633495,4.047943891959364
2021-11-18,0.0022822891466618422,0.0,0.0022822891466618422,0.6,2,4.05920746878228,4.057182470370279
2021-11-19,1.0010224518963934e-05,0.0,1.0010224518963934e-05,0.6,2,4.059248102360413,4.057223083677722
2021-11-22,-0.00460123759352078,0.0,-0.00460123759352078,0.6,2,4.040570537390404,4.038554836299804
2021-11-23,-0.0008541477106291495,0.0,-0.0008541477106291495,0.6,2,4.037119293316256,4.035105313932128
2021-11-24,0.0028545725606251796,0.0,0.0028545725606251796,0.6,2,4.0486435432749275,4.046623814840512
2021-11-26,-0.008298610146549645,0.0,-0.008298610146549645,0.6,2,4.0150454288869435,4.013042461391407
2021-11-29,0.006459567778863072,0.0,0.006459567778863072,0.6,2,4.040980886970053,4.038964981170221
2021-11-30,-0.0093233199755832,0.0,-0.0093233199755832,0.6,2,4.003305529145615,4.001308418280595
2021-12-01,-0.00570964464343393,0.0,-0.00570964464343393,0.6,2,3.9804480771750996,3.978462369103432
2021-12-02,0.00832251917991118,0.0,0.00832251917991118,0.6,2,4.01357543264203,4.01157319847685
2021-12-03,-0.0028356536253735243,0.0,-0.0028356536253735243,0.6,2,4.002194322915749,4.000197766393138
2021-12-06,0.005089458058617335,0.0,0.005089458058617335,0.6,2,4.022563323064665,4.020556605151371
2021-12-07,0.0108282826816525,0.0,0.0108282826816525,0.6,2,4.066120775831656,4.064092328609536
2021-12-08,0.0003036799841388047,0.0,0.0003036799841388047,0.6,2,4.067355575324367,4.065326512103426
2021-12-09,-0.003048852176673256,0.0,-0.003048852176673256,0.6,2,4.054954809425235,4.052931932518112
2021-12-10,0.0059143909215102035,0.0,0.0059143909215102035,0.6,2,4.078937397337234,4.076902556345296
2021-12-13,-0.0034152176132167477,0.0,-0.0034152176132167477,0.6,2,4.06500693849464,4.062979046927497
2021-12-14,-0.0048153017312893235,0.0,-0.0048153017312893235,0.6,2,4.045432703546004,4.043414576888635
2021-12-15,0.008786775017838578,0.0,0.008786775017838578,0.6,2,4.080979010561869,4.078943151079604
2021-12-16,-0.0040948671202995605,0.0,-0.0040948671202995605,0.6,2,4.064267943792887,4.0622404208846765
2021-12-17,-0.005501374160956751,0.0,-0.005501374160956751,0.6,2,4.0419088851437,4.039892516397628
2021-12-20,-0.006715499679110781,0.0,-0.006715499679110781,0.6,2,4.014765447322523,4.012762619500117
2021-12-21,0.009021010939249407,0.0,0.009021010939249407,0.6,2,4.05098269034134,4.048961794987239
2021-12-22,0.006384335728905355,0.0,0.006384335728905355,0.6,2,4.076845523868463,4.074811726439949
2021-12-23,0.0028968962482007307,0.0,0.0028968962482007307,0.6,2,4.088655722371051,4.086616033242397
2021-12-27,0.008609651429644182,0.0,0.008609651429644182,0.6,2,4.123857622956486,4.121800372815408
2021-12-28,-0.0005576463379345367,0.0,-0.0005576463379345367,0.6,2,4.121557968854881,4.11950186593181
2021-12-29,-0.0012810223388171952,0.0,-0.0012810223388171952,0.6,2,4.116278161026048,4.1142246920167524
2021-12-30,-0.0003331331203347608,0.0,-0.0003331331203347608,0.6,2,4.1149068924381,4.112854107507342
2021-12-31,-0.0019645456154310905,0.0,-0.0019645456154310905,0.6,2,4.106822970144653,4.104774218003531
2022-01-03,-0.0002613082264295134,0.0,-0.0002613082264295134,0.6,2,4.105749823518064,4.103701606732731
2022-01-04,-0.0004033969193623977,0.0,-0.0004033969193623977,0.6,2,4.104093576687584,4.102046186146592
2022-01-05,-0.01321602798468644,0.0,-0.01321602798468644,0.6,2,4.049853761126308,4.047833428956002
2022-01-06,-0.0015515229971761802,0.0,-0.0015515229971761802,0.6,2,4.04357031988072,4.041553122302238
2022-01-07,-0.003681555086953958,0.0,-0.003681555086953958,0.6,2,4.028683693000107,4.0266739218456316
2022-01-10,-0.0008240217124990019,0.0,-0.0008240217124990019,0.6,2,4.0253639701642845,4.023355855104877
2022-01-11,0.006427106797661985,0.0,0.006427106797661985,0.6,2,4.051235414299991,4.049214392870635
2022-01-12,0.0016967508541180232,0.0,0.0016967508541180232,0.6,2,4.0581093514494375,4.056084900850244
2022-01-13,-0.006969281609399869,0.0,-0.006969281609399869,0.6,2,4.029827244577447,4.0278169029445845
2022-01-14,-0.002478186464903897,0.0,-0.002478186464903897,0.6,2,4.0198405812440345,4.017835221612596
2022-01-18,-0.013697108861200236,0.0,-0.013697108861200236,0.6,2,3.9647803871980645,3.9628024951958034
2022-01-19,-0.005233956340879153,0.0,-0.005233956340879153,0.6,2,3.9440288997502955,3.9420613599484216
2022-01-20,-0.0057429945854343455,0.0,-0.0057429945854343455,0.6,2,3.9213783631342327,3.919422122902788
2022-01-21,-0.009489569441089717,0.0,-0.009489569441089717,0.6,2,3.8841661708524837,3.8822284944985586
2022-01-24,0.002345948453357849,0.0,0.002345948453357849,0.6,2,3.89327822447358,3.8913360024308092
2022-01-25,-0.0078263572663545,0.0,-0.0078263572663545,0.6,2,3.8628080381515315,3.860881016632358
2022-01-26,-0.00420196376123827,0.0,-0.00420196376123827,0.6,2,3.846576658758599,3.844657734514016
2022-01-27,-0.0011753823437911318,0.0,-0.0011753823437911318,0.6,2,3.8420554604698554,3.8401387916949483
2022-01-28,0.015786515408397372,0.0,0.015786515408397372,0.6,2,3.90270812819648,3.900761201900425
2022-01-31,0.010827160082532282,0.0,0.010827160082532282,0.6,2,3.944963373855863,3.9429953678771317
2022-02-01,0.003508345065152029,0.0,0.003508345065152029,0.6,2,3.958803666640736,3.956828756217941
2022-02-02,0.00663351595524495,0.0,0.00663351595524495,0.6,2,3.9850644539270794,3.9830764429044843
2022-02-03,-0.015889611356567256,0.0,-0.015889611356567256,0.6,2,3.921743328523307,3.9197869062232336
2022-02-04,-0.0002513099103499841,0.0,-0.0002513099103499841,0.6,2,3.9207577555590003,3.9188018249272396
2022-02-07,-0.0018120941291429379,0.0,-0.0018120941291429379,0.6,2,3.91365297344836,3.9117005871470143
2022-02-08,0.003648220586070727,0.0,0.003648220586070727,0.6,2,3.927930842792831,3.9259713337555886
2022-02-09,0.009294622222041981,0.0,0.009294622222041981,0.6,2,3.9644394760908974,3.962461754157413
2022-02-10,-0.014498904364597264,0.0,-0.014498904364597264,0.6,2,3.9069594472678215,3.905010400135511
2022-02-11,-0.0076936511166846525,0.0,-0.0076936511166846525,0.6,2,3.8769006643535078,3.874966612509843
2022-02-14,-0.0047377474887312365,0.0,-0.0047377474887312365,0.6,2,3.8585328879669065,3.8566079991725073
2022-02-15,0.008445600699083443,0.0,0.008445600699083443,0.6,2,3.8911205160229563,3.889179370386409
2022-02-16,0.0015266174505023762,0.0,0.0015266174505023762,0.6,2,3.897060768504725,3.895116659481375
2022-02-17,-0.01074271525830166,0.0,-0.01074271525830166,0.6,2,3.8551957543243804,3.8532725303107
2022-02-18,-0.0025842375520028988,0.0,-0.0025842375520028988,0.6,2,3.8452330126857333,3.8433147587397696
2022-02-22,-0.006490559548403185,0.0,-0.006490559548403185,0.6,2,3.8202752988394106,3.8183694954349123
2022-02-23,-0.012624935554617831,0.0,-0.012624935554617831,0.6,2,3.7720445693906646,3.770162826631328
2022-02-24,0.010641346160109722,0.0,0.010641346160109722,0.6,2,3.812184201384913,3.8102824343494897
2022-02-25,0.013096040037367595,0.0,0.013096040037367595,0.6,2,3.8621087183160703,3.860182045663409
2022-02-28,0.0030824473981020187,0.0,0.0030824473981020187,0.6,2,3.8740134652860303,3.872080853766264
2022-03-01,-0.005277222380835633,0.0,-0.005277222380835633,0.6,2,3.853569434723364,3.8516470220243635
2022-03-02,0.004961963821839665,0.0,0.004961963821839665,0.6,2,3.8726907068434087,3.8707587552021447
2022-03-03,-0.0012273446557560016,0.0,-0.0012273446557560016,0.6,2,3.8679375806009686,3.8660080001302264
2022-03-04,-0.0009050814794262061,0.0,-0.0009050814794262061,0.6,2,3.8644367819331897,3.862508947889995
2022-03-07,-0.019410005672630692,0.0,-0.019410005672630692,0.6,2,3.7894280420743436,3.787537627300863
2022-03-08,-0.00714355565722633,0.0,-0.00714355565722633,0.6,2,3.7623580519467312,3.7604811414564003
2022-03-09,0.013545669695988716,0.0,0.013545669695988716,0.6,2,3.8133217113964455,3.8114193768965636
2022-03-10,-0.004498848789308397,0.0,-0.004498848789308397,0.6,2,3.7961661536318863,3.7942723774472658
2022-03-11,-0.007667382409915468,0.0,-0.007667382409915468,0.6,2,3.7670594960404125,3.7651802401619983
2022-03-14,-0.009454101783795665,0.0,-0.009454101783795665,0.6,2,3.7314453321392325,3.7295838429371706
2022-03-15,0.012962345504453365,0.0,0.012962345504453365,0.6,2,3.779813615765401,3.7779279972971493
2022-03-16,0.01268470517939817,0.0,0.01268470517939817,0.6,2,3.82775943711446,3.8258499001318578
2022-03-17,0.00678445109423289,0.0,0.00678445109423289,0.6,2,3.853728683816052,3.8518061916731785
2022-03-18,0.007782586477349352,0.0,0.007782586477349352,0.6,2,3.883720660558092,3.8817832064538647
2022-03-21,-0.005399811365901686,0.0,-0.005399811365901686,0.6,2,3.8627493015932233,3.860822309375689
2022-03-22,0.004809564782486796,0.0,0.004809564782486796,0.6,2,3.8813274445977415,3.879391184386302
2022-03-23,-0.00506596366905756,0.0,-0.00506596366905756,0.6,2,3.861664780775693,3.8597383295881387
2022-03-24,0.006788916371890474,0.0,0.006788916371890474,0.6,2,3.8878813000286536,3.8859417703250925
2022-03-25,-0.0011885245987911296,0.0,-0.0011885245987911296,0.6,2,3.8832604574663896,3.881323232941591
2022-03-28,0.005179452053933664,0.0,0.005179452053933664,0.6,2,3.9033736188187733,3.901426360532431
2022-03-29,0.009395915382161536,0.0,0.009395915382161536,0.6,2,3.9400493870461557,3.9380838324857277
2022-03-30,-0.0021331679388788545,0.0,-0.0021331679388788545,0.6,2,3.9316446000161096,3.929683238313652
2022-03-31,-0.008503620073121287,0.0,-0.008503620073121287,0.6,2,3.8982113880750333,3.89626670504732
2022-04-01,-0.0008897895312548034,0.0,-0.0008897895312548034,0.6,2,3.8947428003913056,3.892799847722192
2022-04-04,0.004875923217255806,0.0,0.004875923217255806,0.6,2,3.913733267236973,3.9117808408798305
2022-04-05,-0.01237502335457543,0.0,-0.01237502335457543,0.6,2,3.865300726651337,3.863372461615962
2022-04-06,-0.007402483862462805,0.0,-0.007402483862462805,0.6,2,3.8366879003987346,3.834773909314167
2022-04-07,0.0020413446004015285,0.0,0.0020413446004015285,0.6,2,3.8445199025276393,3.842602004327706
2022-04-08,-0.0036292135302672173,0.0,-0.0036292135302672173,0.6,2,3.8305673188800045,3.828656381142168
2022-04-11,-0.012221249202709016,0.0,-0.012221249202709016,0.6,2,3.7837530010882188,3.7818654173966872
2022-04-12,-0.00024613957495329703,0.0,-0.00024613957495329703,0.6,2,3.7828216697328023,3.7809345506503185
2022-04-13,0.0077606319689004,0.0,0.0077606319689004,0.6,2,3.8121787565155794,3.8102769921964152
2022-04-14,-0.01107352949481608,0.0,-0.01107352949481608,0.6,2,3.7699644826157925,3.768083777539909
2022-04-18,-0.0009085091087990495,0.0,-0.0009085091087990495,0.6,2,3.7665394355434874,3.7646604391052962
2022-04-19,0.007046529350108766,0.0,0.007046529350108766,0.6,2,3.7930804662243864,3.791188229382645
2022-04-20,0.002684708865562113,0.0,0.002684708865562113,0.6,2,3.8032637829798497,3.8013664660330835
2022-04-21,-0.011062293871159357,0.0,-0.011062293871159357,0.6,2,3.7611909613429897,3.7593146330738554
2022-04-22,-0.01630477750898569,0.0,-0.01630477750898569,0.6,2,3.699865579549484,3.698019844395312
2022-04-25,0.006090646150448431,0.0,0.006090646150448431,0.6,2,3.7224001515987437,3.72054317472486
2022-04-26,-0.014792646532382525,0.0,-0.014792646532382525,0.6,2,3.667336001904056,3.665506494632687
2022-04-27,-0.0005430579063684605,0.0,-0.0005430579063684605,0.6,2,3.6653444260929127,3.663515912349932
2022-04-28,0.014484217963076328,0.0,0.014484217963076328,0.6,2,3.7184340736701897,3.716579075335607
2022-04-29,-0.024457733475415536,0.0,-0.024457733475415536,0.6,2,3.6274896041504605,3.6256799748707422
2022-05-02,0.0006262066753921487,0.0,0.0006262066753921487,0.6,2,3.629761162355495,3.627950399873842
2022-05-03,0.0032300009441525116,0.0,0.0032300009441525116,0.6,2,3.6414852943369516,3.639668683090773
2022-05-04,0.020831033907384323,0.0,0.020831033907384323,0.6,2,3.7173411979765256,3.7154867448398816
2022-05-05,-0.025503668210386434,0.0,-0.025503668210386434,0.6,2,3.622535361438532,3.6207282036593966
2022-05-06,-0.005862062651116196,0.0,-0.005862062651116196,0.6,2,3.6012998321938956,3.599503268086882
2022-05-09,-0.016399831592341017,0.0,-0.016399831592341017,0.6,2,3.54223912143239,3.540472020674176
2022-05-10,0.002851216332516903,0.0,0.002851216332516903,0.6,2,3.5523388114690984,3.5505666723243414
2022-05-11,-0.007077532225853432,0.0,-0.007077532225853432,0.6,2,3.527197019053776,3.525437422280925
2022-05-12,0.0007356375761095046,0.0,0.0007356375761095046,0.6,2,3.529791757719333,3.528030866520977
2022-05-13,0.01216336533958793,0.0,0.01216336533958793,0.6,2,3.572725904441139,3.570943594879814
2022-05-16,-0.0007583463930428857,0.0,-0.0007583463930428857,0.6,2,3.5700165406381754,3.5682355826848777
2022-05-17,0.009269348504391895,0.0,0.009269348504391895,0.6,2,3.6031082681197946,3.601310801846556
2022-05-18,-0.021535839124222612,0.0,-0.021535839124222612,0.6,2,3.52551230811041,3.5237535517816636
2022-05-19,-0.0022086234373521747,0.0,-0.0022086234373521747,0.6,2,3.517725778998044,3.515970907099746
2022-05-20,0.002174506409301214,0.0,0.002174506409301214,0.6,2,3.5253750962506394,3.523616408372151
2022-05-23,0.008744351103673997,0.0,0.008744351103673997,0.6,2,3.5562022138644034,3.5544281474016235
2022-05-24,-0.0011157800508228666,0.0,-0.0011157800508228666,0.6,2,3.552234274377481,3.5504621873826694
2022-05-25,0.006141117469358104,0.0,0.006141117469358104,0.6,2,3.5740489623351137,3.572265992745901
2022-05-26,0.011764644316828443,0.0,0.011764644316828443,0.6,2,3.616096377147916,3.6142924315556586
2022-05-27,0.015235981489329609,0.0,0.015235981489329609,0.6,2,3.671191154613774,3.669359724139865
2022-05-31,-0.007555113503002042,0.0,-0.007555113503002042,0.6,2,3.64345488874945,3.6416372949406437
2022-06-01,-0.007059471022709984,0.0,-0.007059471022709984,0.6,2,3.617734024539772,3.6159292619817904
2022-06-02,0.012017454387596316,0.0,0.012017454387596316,0.6,2,3.6612099781661342,3.6593835269564314
2022-06-03,-0.010654757949110704,0.0,-0.010654757949110704,0.6,2,3.622200672047905,3.6203936812337476
2022-06-06,-0.0011366104871764595,0.0,-0.0011366104871764595,0.6,2,3.6180836407773977,3.6162787038079496
2022-06-07,0.007465760978176683,0.0,0.007465760978176683,0.6,2,3.6450953884384933,3.6432769762410504
2022-06-08,-0.008028998191837422,0.0,-0.008028998191837422,0.6,2,3.615828924155646,3.614025111986448
2022-06-09,-0.01467609458890835,0.0,-0.01467609458890835,0.6,2,3.5627626768474268,3.5609853375962444
2022-06-10,-0.02146519666962927,0.0,-0.02146519666962927,0.6,2,3.486287275301682,3.4845480869870746
2022-06-13,-0.030115399989447213,0.0,-0.030115399989447213,0.6,2,3.3812963395278515,3.3796095275649956
2022-06-14,-0.004969358094998855,0.0,-0.004969358094998855,0.6,2,3.3644934671914286,3.3628150376012553
2022-06-15,0.014090994847521632,0.0,0.014090994847521632,0.6,2,3.4119025273021433,3.410200446969263
2022-06-16,-0.017324121125700788,0.0,-0.017324121125700788,0.6,2,3.352794314650076,3.3511217213630484
2022-06-17,0.0014127076608962952,0.0,0.0014127076608962952,0.6,2,3.357530832863792,3.355855876691414
2022-06-21,0.012944186459159956,0.0,0.012944186459159956,0.6,2,3.4009913380067593,3.3992947008893757
2022-06-22,0.00403619247506648,0.0,0.00403619247506648,0.6,2,3.4147183936529886,3.413014908581639
2022-06-23,0.00812796935691722,0.0,0.00812796935691722,0.6,2,3.4424731201191014,3.440755789173292
2022-06-24,0.01753595778072068,0.0,0.01753595778072068,0.6,2,3.5028401834147753,3.5010927374260046
2022-06-27,-0.004536301074531668,0.0,-0.004536301074531668,0.6,2,3.486950245726838,3.4852107266791843
2022-06-28,-0.011679626957020827,0.0,-0.011679626957020827,0.6,2,3.4462239676390567,3.444504765524964
2022-06-29,0.00272641483366205,0.0,0.00272641483366205,0.6,2,3.4556198037845496,3.453895914412311
2022-06-30,-0.0017884821353154165,0.0,-0.0017884821353154165,0.6,2,3.4494394894990386,3.4477186832721456
2022-07-01,0.01064330772034323,0.0,0.01064330772034323,0.6,2,3.48615293544848,3.484413814151387
2022-07-05,0.0027442997193920975,0.0,0.0027442997193920975,0.6,2,3.4957199839709894,3.493976090003809
2022-07-06,-0.0013535506949375444,0.0,-0.0013535506949375444,0.6,2,3.4909883497573784,3.489246816239089
2022-07-07,0.0065048451474206005,0.0,0.0065048451474206005,0.6,2,3.5136966883839995,3.5119438264598544
2022-07-08,-0.0029163676619119675,0.0,-0.0029163676619119675,0.6,2,3.5034494569882293,3.5017017070539156
2022-07-11,-0.0037247822793693873,0.0,-0.0037247822793693873,0.6,2,3.490399870534173,3.4886586305878438
2022-07-12,-0.004371474810997,0.0,-0.004371474810997,0.6,2,3.475141675419826,3.4734080472600617
2022-07-13,-0.001319459532933864,0.0,-0.001319459532933864,0.6,2,3.4705563666078976,3.468825025900335
2022-07-14,-0.0035703558824458515,0.0,-0.0035703558824458515,0.6,2,3.4581652452690195,3.4564400860639366
2022-07-15,0.012779955712146051,0.0,0.012779955712146051,0.6,2,3.50236044394884,3.5006132372855197
2022-07-18,-0.006037899851352169,0.0,-0.006037899851352169,0.6,2,3.4812135423449395,3.479476885140472
2022-07-19,0.014270738891524502,0.0,0.014270738891524502,0.6,2,3.530893031833383,3.5291315912474066
2022-07-20,0.0034412757428879284,0.0,0.0034412757428879284,0.6,2,3.543043808374563,3.5412763061858255
2022-07-21,0.010663419293238507,0.0,0.010663419293238507,0.6,2,3.580824770077573,3.5790384202718957
2022-07-22,-0.0009919484854732591,0.0,-0.0009919484854732591,0.6,2,3.5772727763701497,3.5754881985314566
2022-07-25,-0.0006844610262711772,0.0,-0.0006844610262711772,0.6,2,3.5748242725743835,3.5730409162096692
2022-07-26,-0.006947173237806624,0.0,-0.006947173237806624,0.6,2,3.549989349058093,3.5482183819789896
2022-07-27,0.0162985439493299,0.0,0.0162985439493299,0.6,2,3.6078490064833697,3.6060491752194945
2022-07-28,0.011469006854091334,0.0,0.011469006854091334,0.6,2,3.6492274514672536,3.647406977926277
2022-07-29,0.00887699221917626,0.0,0.00887699221917626,0.6,2,3.681621615159933,3.679784981289498
2022-08-01,0.0005756250492253926,0.0,0.0005756250492253926,0.6,2,3.683740848783389,3.681903157700492
2022-08-02,-0.00949686844904467,0.0,-0.00949686844904467,0.6,2,3.6487568465421214,3.6469366077696885
2022-08-03,0.011017299650852231,0.0,0.011017299650852231,0.6,2,3.6889562940735745,3.6871160011851494
2022-08-04,0.001620288903048528,0.0,0.001620288903048528,0.6,2,3.694933469020693,3.6930901943261225
2022-08-05,-0.006745660084715377,0.0,-0.006745660084715377,0.6,2,3.6700087038030413,3.6681778632130033
2022-08-08,0.0016701213116778967,0.0,0.0016701213116778967,0.6,2,3.676138063553306,3.6743041652373805
2022-08-09,-0.003575196201336106,0.0,-0.003575196201336106,0.6,2,3.6629951487129033,3.6611678069432707
2022-08-10,0.012809062228039415,0.0,0.012809062228039415,0.6,2,3.7099146815137733,3.7080639332097016
2022-08-11,-0.0026167970218107916,0.0,-0.0026167970218107916,0.6,2,3.700206587824016,3.698360682552594
2022-08-12,0.011710831847092207,0.0,0.011710831847092207,0.6,2,3.7435390849735257,3.7416715626158648
2022-08-15,0.0037805048548939625,0.0,0.0037805048548939625,0.6,2,3.7576915526587538,3.7558169701237527
2022-08-16,0.0007216670523869208,0.0,0.0007216670523869208,0.6,2,3.76040335484534,3.7585274194858864
2022-08-17,-0.006948210143511347,0.0,-0.006948210143511347,0.6,2,3.7342752821115095,3.7324123811451493
2022-08-18,0.002519476752761207,0.0,0.002519476752761207,0.6,2,3.7436837018732003,3.7418161073711627
2022-08-19,-0.011538328568225875,0.0,-0.011538328568225875,0.6,2,3.700487849265475,3.6986418036824342
2022-08-22,-0.014314957706086772,0.0,-0.014314957706086772,0.6,2,3.647515522211352,3.6456959026927556
2022-08-23,-0.0024331160080590664,0.0,-0.0024331160080590664,0.6,2,3.6386406938046156,3.6368255016313986
2022-08-24,0.0005849101214467688,0.0,0.0005849101214467688,0.6,2,3.64076897157473,3.6389527176772387
2022-08-25,0.011008375023069084,0.0,0.011008375023069084,0.6,2,3.6808479217861785,3.6790116738846463
2022-08-26,-0.020784247006722965,0.0,-0.020784247006722965,0.6,2,3.6043442693855914,3.6025461865140103
2022-08-29,-0.006240453370437859,0.0,-0.006240453370437859,0.6,2,3.5818515270414855,3.580064665022221
2022-08-30,-0.006679763101042457,0.0,-0.006679763101042457,0.6,2,3.557925607377741,3.5561506811734596
2022-08-31,-0.006193601160011353,0.0,-0.006193601160011353,0.6,2,3.535889235208652,3.5341253021893686
2022-09-01,-0.0012693529347407306,0.0,-0.0012693529347407306,0.6,2,3.531400943831022,3.529639249865293
2022-09-02,-0.003971002581787531,0.0,-0.003971002581787531,0.6,2,3.517377741565742,3.515623043291299
2022-09-06,-0.006724751651127603,0.0,-0.006724751651127603,0.6,2,3.493724249790508,3.4919813514261837
2022-09-07,0.01339997001361435,0.0,0.01339997001361435,0.6,2,3.5405400499735378,3.5387737968233948
2022-09-08,0.0024878685617971685,0.0,0.0024878685617971685,0.6,2,3.54934844825565,3.547577800899823
2022-09-09,0.00932940529641053,0.0,0.00932940529641053,0.6,2,3.582461758467613,3.580674592024966
2022-09-12,0.005474038423219118,0.0,0.005474038423219118,0.6,2,3.602072291783178,3.600275342322755
2022-09-13,-0.02862798523020349,0.0,-0.02862798523020349,0.6,2,3.4989522194158837,3.4972067129980733
2022-09-14,0.0024922173726174,0.0,0.0024922173726174,0.6,2,3.50767236892307,3.505922512323841
2022-09-15,-0.008205437339401732,0.0,-0.008205437339401732,0.6,2,3.4788903830927214,3.47715488483217
2022-09-16,-0.004226958747549992,0.0,-0.004226958747549992,0.6,2,3.46418525695614,3.4624570945751425
2022-09-19,0.0036037195020148776,0.0,0.0036037195020148776,0.6,2,3.4766692089252254,3.474934818731753
2022-09-20,-0.00937780051556809,0.0,-0.00937780051556809,0.6,2,3.4440656986253066,3.4423475731970843
2022-09-21,-0.00880141340759386,0.0,-0.00880141340759386,0.6,2,3.413753052608792,3.4120500491127492
2022-09-22,-0.011097445399465267,0.0,-0.011097445399465267,0.6,2,3.375869114500208,3.3741850099924777
2022-09-23,-0.009597381728216024,0.0,-0.009597381728216024,0.6,2,3.3434696099438552,3.3418016684299556
2022-09-26,-0.012626171815423783,0.0,-0.012626171815423783,0.6,2,3.301254388189056,3.2996075063912893
2022-09-27,-0.004184639631869856,0.0,-0.004184639631869856,0.6,2,3.287439828241356,3.285799838050429
2022-09-28,0.02074169471817102,0.0,0.02074169471817102,0.6,2,3.355626901563095,3.353952895196287
2022-09-29,-0.014453268192600954,0.0,-0.014453268192600954,0.6,2,3.307127126000497,3.3054773144966645
2022-09-30,-0.010326012703290187,0.0,-0.010326012703290187,0.6,2,3.2729776892860207,3.2713449137567348
2022-10-03,0.020478890900211197,0.0,0.020478890900211197,0.6,2,3.340004642303734,3.3383384293425196
2022-10-04,0.01927873447578623,0.0,0.01927873447578623,0.6,2,3.4043957049506015,3.4026973695121274
2022-10-05,-0.005121673493075307,0.0,-0.005121673493075307,0.6,2,3.3869595017086165,3.38526986458974
2022-10-06,-0.008410319960702739,0.0,-0.008410319960702739,0.6,2,3.3584740886053046,3.3567986618752155
2022-10-07,-0.018814335438262365,0.0,-0.018814335438262365,0.6,2,3.295286630541572,3.293642725851985
2022-10-10,-0.006915206744876734,0.0,-0.006915206744876734,0.6,2,3.2724990422077482,3.270866505458959
2022-10-11,-0.002788752010379225,0.0,-0.002788752010379225,0.6,2,3.2633728539248272,3.2617448699161784
2022-10-12,-0.0006665330591761442,0.0,-0.0006665330591761442,0.6,2,3.261197708033268,3.259570809129781
2022-10-13,0.014793215524014958,0.0,0.014793215524014958,0.6,2,3.3094413085946277,3.3077903426250255
2022-10-14,-0.015760459440815788,0.0,-0.015760459440815788,0.6,2,3.2572829930787615,3.2556580470913614
2022-10-17,0.015777582588155203,0.0,0.015777582588155203,0.6,2,3.308675044515055,3.3070244608081376
2022-10-18,0.008211714628118871,0.0,0.008211714628118871,0.6,2,3.335844939777791,3.3341808019485026
2022-10-19,-0.008449789127022388,0.0,-0.008449789127022388,0.6,2,3.307657753476224,3.3060076772606712
2022-10-20,-0.008031997901009924,0.0,-0.008031997901009924,0.6,2,3.2810906533430435,3.2794538305361907
2022-10-21,0.015504932589810758,0.0,0.015504932589810758,0.6,2,3.3319637427441853,3.3303015411100505
2022-10-24,0.0068062064121622076,0.0,0.0068062064121622076,0.6,2,3.3546417757351423,3.352968260813587
2022-10-25,0.01456482749016328,0.0,0.01456482749016328,0.6,2,3.4035015544900196,3.40180366511233
2022-10-26,-0.0024789350980744637,0.0,-0.0024789350980744637,0.6,2,3.395064495030243,3.3933708146101242
2022-10-27,-0.0003645043968953489,0.0,-0.0003645043968953489,0.6,2,3.393826979094061,3.3921339160279023
2022-10-28,0.012225776950180388,0.0,0.012225776950180388,0.6,2,3.4353191507479695,3.433605388670401
2022-10-31,-0.00615046411908704,0.0,-0.00615046411908704,0.6,2,3.4141903435736816,3.41248712192828
2022-11-01,-0.00258367683922125,0.0,-0.00258367683922125,0.6,2,3.4053691790582974,3.403670357987213
2022-11-02,-0.015758503749825258,0.0,-0.015758503749825258,0.6,2,3.351705656080568,3.3500336058877025
2022-11-03,-0.007912446375850667,0.0,-0.007912446375850667,0.6,2,3.3251854648091954,3.3235266446238185
2022-11-04,0.0077982406017800925,0.0,0.0077982406017800925,0.6,2,3.351116061109319,3.3494443050450218
2022-11-07,0.004316193829730031,0.0,0.004316193829730031,0.6,2,3.3655801275749884,3.3639011558874814
2022-11-08,0.005892497696048071,0.0,0.005892497696048071,0.6,2,3.3854118007225895,3.383722935698282
2022-11-09,-0.011043001090318461,0.0,-0.011043001090318461,0.6,2,3.348026694516033,3.3463564796300305
2022-11-10,0.04152214398537755,0.0,0.04152214398537755,0.6,2,3.4870439409926153,3.4853043752036292
2022-11-11,0.004969294652044009,0.0,0.004969294652044009,0.6,2,3.504372089800033,3.5026238795960745
2022-11-14,-0.006074121329056892,0.0,-0.006074121329056892,0.6,2,3.4830861085444265,3.4813485171813556
2022-11-15,0.008140234739977381,0.0,0.008140234739977381,0.6,2,3.511439247087532,3.5096875113228836
2022-11-16,-0.0016452701057638297,0.0,-0.0016452701057638297,0.6,2,3.5056619810660927,3.5039131273799313
2022-11-17,-0.0044822174686233165,0.0,-0.0044822174686233165,0.6,2,3.48994884169547,3.4882078267518506
2022-11-18,0.0013376232363481845,0.0,0.0013376232363481845,0.6,2,3.4946170783597883,3.4928737345941254
2022-11-21,-0.0024235205358276385,0.0,-0.0024235205358276385,0.6,2,3.4861478021055294,3.4844086833692836
2022-11-22,0.01033610293163636,0.0,0.01033610293163636,0.6,2,3.5221809846229903,3.520423890176476
2022-11-23,0.005935431703908733,0.0,0.005935431703908733,0.6,2,3.543086649306026,3.541319125745427
2022-11-25,-0.0002539729023355755,0.0,-0.0002539729023355755,0.6,2,3.5421868013064755,3.540419726648965
2022-11-28,-0.009447549655707755,0.0,-0.009447549655707755,0.6,2,3.5087218156113402,3.506971435479402
2022-11-29,-0.002718467996562679,0.0,-0.002718467996562679,0.6,2,3.4991834676467595,3.4974378458671915
2022-11-30,0.02249303002997212,0.0,0.02249303002997212,0.6,2,3.5778907064649204,3.5761058203622436
2022-12-01,0.0039259243715173316,0.0,0.0039259243715173316,0.6,2,3.5919372347880563,3.5901453413575286
2022-12-02,0.00022534442628645637,0.0,0.00022534442628645637,0.6,2,3.592746657823487,3.590954360599762
2022-12-05,-0.014904180895993924,0.0,-0.014904180895993924,0.6,2,3.539199711721808,3.5374341272201253
2022-12-06,-0.006199125302949237,0.0,-0.006199125302949237,0.6,2,3.517259769236683,3.515505129814559
2022-12-07,0.002472660060273957,0.0,0.002472660060273957,0.6,2,3.5259567569896832,3.52419777894074
2022-12-08,0.002431831331908052,0.0,0.002431831331908052,0.6,2,3.5345312891062837,3.532768033519409
2022-12-09,-0.007457891976044628,0.0,-0.007457891976044628,0.6,2,3.508171136566179,3.5064210311489976
2022-12-12,0.008073686507593169,0.0,0.008073686507593169,0.6,2,3.5364950105378017,3.5347307753181263
2022-12-13,0.008517672271486676,0.0,0.008517672271486676,0.6,2,3.5666177160273103,3.564838453630224
2022-12-14,-0.002744096813689411,0.0,-0.002744096813689411,0.6,2,3.5568305717171116,3.5550561917883
2022-12-15,-0.013989718856628808,0.0,-0.013989718856628808,0.6,2,3.507071511998127,3.5053219551456642
2022-12-16,-0.008103223775138436,0.0,-0.008103223775138436,0.6,2,3.478652926740993,3.4769175469392133
2022-12-19,-0.008335543107536793,0.0,-0.008335543107536793,0.6,2,3.4496564653139843,3.4479355508453504
2022-12-20,-0.002077883094472699,0.0,-0.002077883094472699,0.6,2,3.44248848246297,3.4407711438534174
2022-12-21,0.009437560058931371,0.0,0.009437560058931371,0.6,2,3.474977174268394,3.4732436281725723
2022-12-22,-0.008713239838735754,0.0,-0.008713239838735754,0.6,2,3.4446988647148613,3.442980423421944
2022-12-23,0.0016554641237325638,0.0,0.0016554641237325638,0.6,2,3.4504014401024587,3.4486801539916327
2022-12-27,-0.005722057450917606,0.0,-0.005722057450917606,0.6,2,3.430658044833464,3.428946608020653
2022-12-28,-0.008414891702952598,0.0,-0.008414891702952598,0.6,2,3.401789428916327,3.400092393658953
2022-12-29,0.012714578973825219,0.0,0.012714578973825219,0.6,2,3.4450417492626073,3.443323136916432
2022-12-30,-0.0032244670255075158,0.0,-0.0032244670255075158,0.6,2,3.4339333257406133,3.4322202550032777
2023-01-03,0.0006529424456366735,0.0,0.0006529424456366735,0.6,2,3.436175486564476,3.4344612972905435
2023-01-04,0.007695325717504841,0.0,0.007695325717504841,0.6,2,3.462617976156095,3.460890595637358
2023-01-05,-0.007432866025178075,0.0,-0.007432866025178075,0.6,2,3.436880800642953,3.4351662595121866
2023-01-06,0.018832038718341958,0.0,0.018832038718341958,0.6,2,3.5016042729509875,3.4998574435152623
2023-01-09,0.0007007794340279537,0.0,0.0007007794340279537,0.6,2,3.504058125211576,3.5023100716337074
2023-01-10,0.0016977420706542727,0.0,0.0016977420706542727,0.6,2,3.5100071121087657,3.508256090786796
2023-01-11,0.010134665403987686,0.0,0.010134665403987686,0.6,2,3.5455798597556054,3.5438110924184225
2023-01-12,0.005744366452226136,0.0,0.005744366452226136,0.6,2,3.565946969755674,3.5641680419707376
2023-01-13,0.0002571557906594574,0.0,0.0002571557906594574,0.6,2,3.566863973668131,3.565084588421614
2023-01-17,-0.002351353438685222,0.0,-0.002351353438685222,0.6,2,3.5584770157983243,3.556701814515425
2023-01-18,-0.004013159408089838,0.0,-0.004013159408089838,0.6,2,3.5441962802839018,3.5424282031667325
2023-01-19,-0.005133807504739284,0.0,-0.005133807504739284,0.6,2,3.5260010588219113,3.524242058672315
2023-01-20,0.008496451371459778,0.0,0.008496451371459778,0.6,2,3.5559595553539074,3.554185609945078
2023-01-23,0.0058960114716796845,0.0,0.0058960114716796845,0.6,2,3.5769255336851034,3.5751411290737933
2023-01-24,0.0016688389438213715,0.0,0.0016688389438213715,0.6,2,3.5828948463148658,3.5811074638196487
2023-01-25,0.0007383604816393772,0.0,0.0007383604816393772,0.6,2,3.5855403142792537,3.583751612051437
2023-01-26,0.005129268615849769,0.0,0.005129268615849769,0.6,2,3.60393151368415,3.6021336367221335
2023-01-27,0.0007849799289536994,0.0,0.0007849799289536994,0.6,2,3.6067605275877157,3.604961239328369
2023-01-30,-0.008804082064649221,0.0,-0.008804082064649221,0.6,2,3.575006311915296,3.5732228647374424
2023-01-31,0.010836347037787552,0.0,0.010836347037787552,0.6,2,3.613746320973491,3.6119435477430946
2023-02-01,0.009275147367899405,0.0,0.009275147367899405,0.6,2,3.647264350650724,3.645444856432945
2023-02-02,0.008550609784093322,0.0,0.008550609784093322,0.6,2,3.6784506848925727,3.676615632889733
2023-02-03,-0.010665017452810076,0.0,-0.010665017452810076,0.6,2,3.639219944138892,3.6374044629976896
2023-02-06,-0.0071190955030915985,0.0,-0.0071190955030915985,0.6,2,3.6133119897998114,3.611509433242237
2023-02-07,0.006886141615731377,0.0,0.006886141615731377,0.6,2,3.6381937678633927,3.6363787986460925
2023-02-08,-0.005102934176477914,0.0,-0.005102934176477914,0.6,2,3.6196283045447135,3.6178225969958615
2023-02-09,-0.006895665375901649,0.0,-0.006895665375901649,0.6,2,3.594668558971431,3.5928753029776024
2023-02-10,-0.0005208502748851988,0.0,-0.0005208502748851988,0.6,2,3.5927962748643694,3.591003952888418
2023-02-13,0.007981895485544843,0.0,0.007981895485544843,0.6,2,3.6214735992311917,3.619666971128552
2023-02-14,-0.002080864208285327,0.0,-0.002080864208285327,0.6,2,3.613937804437301,3.612134935682418
2023-02-15,0.0007780842903580163,0.0,0.0007780842903580163,0.6,2,3.6167497526692647,3.6149454811305257
2023-02-16,-0.009598464242063386,0.0,-0.009598464242063386,0.6,2,3.5820345094957773,3.580247556192886
2023-02-17,-0.00036151942370328235,0.0,-0.00036151942370328235,0.6,2,3.580739534444219,3.578953227159656
2023-02-21,-0.016465233744698125,0.0,-0.016465233744698125,0.6,2,3.5217818210307135,3.5200249257131304
2023-02-22,-0.00011079121808252887,0.0,-0.00011079121808252887,0.6,2,3.5213916385329407,3.5196349378639296
2023-02-23,0.004750620857638044,0.0,0.004750620857638044,0.6,2,3.5381204350988673,3.5363553890110175
2023-02-24,-0.008808649860101346,0.0,-0.008808649860101346,0.6,2,3.506954371023212,3.505204872608337
2023-02-27,0.003289328980333672,0.0,0.003289328980333672,0.6,2,3.518489897668527,3.5167346445778147
2023-02-28,-0.0015862380989227099,0.0,-0.0015862380989227099,0.6,2,3.5129087349421706,3.5111562661007842
2023-03-01,-0.005507898396903155,0.0,-0.005507898396903155,0.6,2,3.4935599905525154,3.491817174131451
2023-03-02,0.003064411575525637,0.0,0.003064411575525637,0.6,2,3.5042656962273577,3.502517539099479
2023-03-03,0.012804800969774011,0.0,0.012804800969774011,0.6,2,3.549137121012756,3.5473665790807907
2023-03-06,-0.0002933336187681767,0.0,-0.0002933336187681767,0.6,2,3.548096039777545,3.5463260172050517
2023-03-07,-0.009155007357629818,0.0,-0.009155007357629818,0.6,2,3.515613194427804,3.513859376424985
2023-03-08,0.0008592636269471487,0.0,0.0008592636269471487,0.6,2,3.5186340329721912,3.5168787079773542
2023-03-09,-0.008563015735012725,0.0,-0.008563015735012725,0.6,2,3.488503914382099,3.486763620262813
2023-03-10,-0.0013305846118242025,0.0,-0.0013305846118242025,0.6,2,3.4838621647553336,3.4821241862446226
2023-03-13,0.004083284060156057,0.0,0.004083284060156057,0.6,2,3.49808776360046,3.4963426884297992
2023-03-14,0.006107682721845586,0.0,0.006107682721845586,0.6,2,3.519452973793702,3.517697240257573
2023-03-15,0.002124496747852712,0.0,0.002124496747852712,0.6,2,3.526930040190747,3.5251705766044306
2023-03-16,0.00705326558854542,0.0,0.00705326558854542,0.6,2,3.551806414476431,3.550034540926147
2023-03-17,-0.0023154973289095204,0.0,-0.0023154973289095204,0.6,2,3.5435822162109067,3.541814445429096
2023-03-20,0.004151531522670604,0.0,0.004151531522670604,0.6,2,3.558293509484681,3.5565183997467447
2023-03-21,0.004371177894817313,0.0,0.004371177894817313,0.6,2,3.573847443416612,3.572064574358228
2023-03-22,-0.004956631088458695,0.0,-0.004956631088458695,0.6,2,3.5561332000731647,3.554359168038982
2023-03-23,0.003945144281954515,0.0,0.003945144281954515,0.6,2,3.570162658633302,3.5683816277867835
2023-03-24,0.004090411477306199,0.0,0.004090411477306199,0.6,2,3.5847660929480254,3.582977776952491
2023-03-27,-0.003799629182877218,0.0,-0.003799629182877218,0.6,2,3.5711453110874714,3.5693637900295814
2023-03-28,-0.001589217299818224,0.0,-0.001589217299818224,0.6,2,3.5654699851789267,3.5636912953451216
2023-03-29,0.008011163784716358,0.0,0.008011163784716358,0.6,2,3.5940335491996858,3.5922406099903
2023-03-30,0.004127533480486422,0.0,0.004127533480486422,0.6,2,3.6088680430039988,3.607067703377998
2023-03-31,0.010628709249485134,0.0,0.010628709249485134,0.6,2,3.647225652152847,3.645406177240411
2023-04-03,0.004177374011346813,0.0,0.004177374011346813,0.6,2,3.662461477805668,3.6606344022660187
2023-04-04,-0.0007281808519833844,0.0,-0.0007281808519833844,0.6,2,3.659794543486403,3.6579687983881772
2023-04-05,0.00010721713079899788,0.0,0.00010721713079899788,0.6,2,3.6601869361566695,3.6583609953072926
2023-04-06,0.0024670089057645447,0.0,0.0024670089057645447,0.6,2,3.6692166499249312,3.6673862044632175
2023-04-10,-0.0033035745541382337,0.0,-0.0033035745541382337,0.6,2,3.657095119166619,3.6552707207179553
2023-04-11,1.874763273934741e-06,0.0,1.874763273934741e-06,0.6,2,3.6571019753542378,3.6552775734852587
2023-04-12,-0.0012466542323084978,0.0,-0.0012466542323084978,0.6,2,3.6525428336986785,3.650720706228011
2023-04-13,0.0066320127472830216,0.0,0.0066320127472830216,0.6,2,3.676766544331765,3.674932332488485
2023-04-14,-0.00344045244919744,0.0,-0.00344045244919744,0.6,2,3.6641168038691916,3.6622889025445398
2023-04-17,-0.00039791770657506866,0.0,-0.00039791770657506866,0.6,2,3.662658786913973,3.660831612943624
2023-04-18,0.0010501544470203016,0.0,0.0010501544470203016,0.6,2,3.6665051443269685,3.664676051541749
2023-04-19,-0.0009410659318778384,0.0,-0.0009410659318778384,0.6,2,3.6630547212465876,3.6612273497582746
2023-04-20,-0.000947123260574267,0.0,-0.000947123260574267,0.6,2,3.659585356915339,3.657759716173068
2023-04-21,-0.0005014533292686087,0.0,-0.0005014533292686087,0.6,2,3.657750245654371,3.655925520385728
2023-04-24,0.00257193265100959,0.0,0.00257193265100959,0.6,2,3.667157732940408,3.6653283146012674
2023-04-25,-0.005609120787213717,0.0,-0.005609120787213717,0.6,2,3.6465882022705802,3.6447690453598742
2023-04-26,-0.004095617135999463,0.0,-0.004095617135999463,0.6,2,3.6316531731414274,3.6298414668009378
2023-04-27,0.009279340696867954,0.0,0.009279340696867954,0.6,2,3.665352520227868,3.6635240024470024
2023-04-28,0.00812242459175172,0.0,0.00812242459175172,0.6,2,3.695124069675606,3.6932806998969507
2023-05-01,-0.00532600327983126,0.0,-0.00532600327983126,0.6,2,3.6754438267611302,3.673610274775962
2023-05-02,-0.0015592570460572382,0.0,-0.0015592570460572382,0.6,2,3.6697128650768653,3.6678821720705495
2023-05-03,-0.0015059367551576884,0.0,-0.0015059367551576884,0.6,2,3.6641865095924713,3.662358573494041
2023-05-04,-0.004333966867371398,0.0,-0.004333966867371398,0.6,2,3.648306046664028,3.6464860327800843
2023-05-05,0.00890248818347521,0.0,0.00890248818347521,0.6,2,3.6807850481341555,3.6789488315981163
2023-05-08,-0.002287166288338716,0.0,-0.002287166288338716,0.6,2,3.672366480657442,3.670534463853962
2023-05-09,-0.0031168052437259286,0.0,-0.0031168052437259286,0.6,2,3.6609204295536455,3.659094122789745
2023-05-10,0.005799981577029945,0.0,0.005799981577029945,0.6,2,3.6821537006000296,3.6803168012905445
2023-05-11,0.0004438606545602798,0.0,0.0004438606545602798,0.6,2,3.6837880637517695,3.6819503491149543
2023-05-12,-0.0031779467302328838,0.0,-0.0031779467302328838,0.6,2,3.6720811815196988,3.6702493070421047
2023-05-15,0.0011843336469742115,0.0,0.0011843336469742115,0.6,2,3.676430150817393,3.674596106789218
2023-05-16,-0.00530482717363101,0.0,-0.00530482717363101,0.6,2,3.6569273242513805,3.655103009509804
2023-05-17,0.005968892571119388,0.0,0.005968892571119388,0.6,2,3.678755130590228,3.6769199267099433
2023-05-18,0.0033068886405183337,0.0,0.0033068886405183337,0.6,2,3.6909203641428254,3.6890790914476757
2023-05-19,-0.0023787103061809313,0.0,-0.0023787103061809313,0.6,2,3.6821407338333456,3.6803038409925324
2023-05-22,-0.0004936155606909854,0.0,-0.0004936155606909854,0.6,2,3.6803231718704716,3.6784871857485477
2023-05-23,-0.006092628729179261,0.0,-0.006092628729179261,0.6,2,3.6579003291808694,3.6560755290407383
2023-05-24,-0.005377353711410793,0.0,-0.005377353711410793,0.6,2,3.638230505269778,3.6364155177254527
2023-05-25,0.0026876657593482454,0.0,0.0026876657593482454,0.6,2,3.648008852823408,3.646188987199206
2023-05-26,0.0085054818214223,0.0,0.0085054818214223,0.6,2,3.679036925805485,3.677201581347299
2023-05-30,0.0033717176218953197,0.0,0.0033717176218953197,0.6,2,3.691441599439827,3.6896000667183886
2023-05-31,-0.001815634931044174,0.0,-0.001815634931044174,0.6,2,3.6847392891259743,3.6829010999556715
2023-06-01,0.006809888501793537,0.0,0.006809888501793537,0.6,2,3.7098319528431003,3.7079812458095023
2023-06-02,0.005461265625726375,0.0,0.005461265625726375,0.6,2,3.730092330564384,3.72823151632808
2023-06-05,-0.0012654494015769567,0.0,-0.0012654494015769567,0.6,2,3.7253720874568446,3.723513627986802
2023-06-06,0.0015547775911095793,0.0,0.0015547775911095793,0.6,2,3.7311642124969673,3.729302863535787
2023-06-07,-0.0049923458322144836,0.0,-0.0049923458322144836,0.6,2,3.7125369503914,3.710684893927948
2023-06-08,0.006315443345477823,0.0,0.006315443345477823,0.6,2,3.7359832671695896,3.73411951414847
2023-06-09,-0.0003624829562058454,0.0,-0.0003624829562058454,0.6,2,3.73462903691057,3.7327659594681557
2023-06-12,0.006093638882325924,0.0,0.006093638882325924,0.6,2,3.7573865176209513,3.7555120872573933
2023-06-13,0.001112362643277764,0.0,0.001112362643277764,0.6,2,3.761566094019509,3.759689578609637
2023-06-14,0.0012556908146876375,0.0,0.0012556908146876375,0.6,2,3.7662894580126096,3.764410586279574
2023-06-15,0.010558327107641177,0.0,0.010558327107641177,0.6,2,3.806055174092368,3.804156464616981
2023-06-16,-0.003746642582583659,0.0,-0.003746642582583659,0.6,2,3.7917952457054507,3.7899036500158365
2023-06-20,-0.001918034238653643,0.0,-0.001918034238653643,0.6,2,3.7845224525982233,3.7826344850539075
2023-06-21,-0.0027038570378301154,0.0,-0.0027038570378301154,0.6,2,3.7742896449299392,3.7724067821799556
2023-06-22,-9.130009961222417e-05,0.0,-9.130009961222417e-05,0.6,2,3.773945051909392,3.7720623610649646
2023-06-23,-0.002866271626478456,0.0,-0.002866271626478456,0.6,2,3.7631279002872153,3.761250605746137
2023-06-26,-0.0014649876550856032,0.0,-0.0014649876550856032,0.6,2,3.7576149643687864,3.7557404200410356
2023-06-27,0.0051694971171849955,0.0,0.0051694971171849955,0.6,2,3.777039944094582,3.7751557093153325
2023-06-28,0.0019141035956547591,0.0,0.0019141035956547591,0.6,2,3.7842695898325047,3.782381748432689
2023-06-29,-0.0017438975295393402,0.0,-0.0017438975295393402,0.6,2,3.7776702114436853,3.775785662245823
2023-06-30,0.007932579390678684,0.0,0.007932579390678684,0.6,2,3.807636880307764,3.805737381773774
2023-07-03,-0.0010443470386224175,0.0,-0.0010443470386224175,0.6,2,3.803660386007665,3.801762871209344
2023-07-05,-0.0028030582899482904,0.0,-0.0028030582899482904,0.6,2,3.7929985042305185,3.791106308276783
2023-07-06,-0.00796463228287987,0.0,-0.00796463228287987,0.6,2,3.762788665894809,3.760911540586052
2023-07-07,-0.0020218207686612645,0.0,-0.0020218207686612645,0.6,2,3.7551809816220194,3.753307651524197
2023-07-10,0.003590179764603141,0.0,0.003590179764603141,0.6,2,3.7686627563946615,3.7667827007050296
2023-07-11,0.004657451706697379,0.0,0.004657451706697379,0.6,2,3.7862151211813986,3.7843263092231862
2023-07-12,0.008727943143843998,0.0,0.008727943143843998,0.6,2,3.8192609914894327,3.8173556940878393
2023-07-13,0.00807208182489023,0.0,0.00807208182489023,0.6,2,3.850090378723347,3.848169701605227
2023-07-14,-0.0023518536771247826,0.0,-0.0023518536771247826,0.6,2,3.841035529508884,3.8391193695423067
2023-07-17,0.002746782873934328,0.0,0.002746782873934328,0.6,2,3.851586020119512,3.8496645968775547
2023-07-18,0.004919721275794675,0.0,0.004919721275794675,0.6,2,3.8705347498082476,3.868603873699487
2023-07-19,0.002696300643663463,0.0,0.002696300643663463,0.6,2,3.880970875145478,3.8790347928142226
2023-07-20,-0.007163338446165457,0.0,-0.007163338446165457,0.6,2,3.8531701672670997,3.851247953748843
2023-07-21,0.0003424322051886141,0.0,0.0003424322051886141,0.6,2,3.854489616824444,3.852566745078373
2023-07-24,0.0017264745254716996,0.0,0.0017264745254716996,0.6,2,3.8611442949565866,3.8592181034214303
2023-07-25,0.0008941433314643146,0.0,0.0008941433314643146,0.6,2,3.864596711379744,3.862668797553271
2023-07-26,0.0014688314417338642,0.0,0.0014688314417338642,0.6,2,3.87027315253904,3.868342406932122
2023-07-27,-0.008281762814304927,0.0,-0.008281762814304927,0.6,2,3.8382204682631396,3.8363057126333926
2023-07-28,0.0071639998927765175,0.0,0.0071639998927765175,0.6,2,3.86571747928623,3.8637890063473566
2023-07-31,0.0016441765986788147,0.0,0.0016441765986788147,0.6,2,3.872073401502776,3.8701417578138253
2023-08-01,-0.004055377719794761,0.0,-0.004055377719794761,0.6,2,3.8563706813009113,3.8544468711567395
2023-08-02,-0.009175190841989589,0.0,-0.009175190841989589,0.6,2,3.820987744342522,3.8190815855235667
2023-08-03,-0.004671203508228338,0.0,-0.004671203508228338,0.6,2,3.8031391329862516,3.801241878223059
2023-08-04,0.001550858856414883,0.0,0.001550858856414883,0.6,2,3.809037264992821,3.807137067855276
2023-08-07,0.004257352200011777,0.0,0.004257352200011777,0.6,2,3.825253678172865,3.823345391226856
2023-08-08,-0.000578886076260643,0.0,-0.000578886076260643,0.6,2,3.8230392920804057,3.8211321098151396
2023-08-09,-0.003756624308939838,0.0,-0.003756624308939838,0.6,2,3.8086775697417443,3.8067775520437372
2023-08-10,-0.002829839743847828,0.0,-0.002829839743847828,0.6,2,3.797899622583387,3.796004981630976
2023-08-11,-0.00245551361645846,0.0,-0.00245551361645846,0.6,2,3.788573828346191,3.786683839710437
2023-08-14,0.0026842576831161086,0.0,0.0026842576831161086,0.6,2,3.798743336752982,3.7968482749007113
2023-08-15,-0.007774388480100945,0.0,-0.007774388480100945,0.6,2,3.7692104303168694,3.7673301014116323
2023-08-16,-0.005942073218109311,0.0,-0.005942073218109311,0.6,2,3.746813505965465,3.744944350112257
2023-08-17,-0.005062932709195066,0.0,-0.005062932709195066,0.6,2,3.7278436413108587,3.725983948867958
2023-08-18,0.0015171269266798675,0.0,0.0015171269266798675,0.6,2,3.7334992532775435,3.7316367394451624
2023-08-21,0.0014164168790228525,0.0,0.0014164168790228525,0.6,2,3.738787444637705,3.7369222927092944
2023-08-22,-0.0014355123143044769,0.0,-0.0014355123143044769,0.6,2,3.7334203692203607,3.731557894740511
2023-08-23,0.01099951812257043,0.0,0.01099951812257043,0.6,2,3.7744861942307733,3.77260323342913
2023-08-24,-0.009764965714077256,0.0,-0.009764965714077256,0.6,2,3.7376284659558516,3.7357638922018777
2023-08-25,0.004095216423007609,0.0,0.004095216423007609,0.6,2,3.7529348634327353,3.751062653845702
2023-08-28,0.004910866746362785,0.0,0.004910866746362785,0.6,2,3.771365026454833,3.7694836226959967
2023-08-29,0.011536487721993092,0.0,0.011536487721993092,0.6,2,3.8148733327776827,3.8129702242274828
2023-08-30,0.0024280525261423766,0.0,0.0024280525261423766,0.6,2,3.824136045610247,3.822228316212524
2023-08-31,-7.268038108181334e-05,0.0,-7.268038108181334e-05,0.6,2,3.8238581059451433,3.8219505152019204
2023-09-01,-0.0013091849880185308,0.0,-0.0013091849880185308,0.6,2,3.818851968316527,3.8169468749624684
2023-09-05,-0.005024905988741879,0.0,-0.005024905988741879,0.6,2,3.7996625961908146,3.79776707575176
2023-09-06,-0.005063559479130997,0.0,-0.005063559479130997,0.6,2,3.780422778634373,3.7785368562758057
2023-09-07,-0.00045309778821100944,0.0,-0.00045309778821100944,0.6,2,3.7787098774348715,3.7768248095835535
2023-09-08,0.000991384423322117,0.0,0.000991384423322117,0.6,2,3.7824560315476137,3.780569094869391
2023-09-11,0.003260165671114068,0.0,0.003260165671114068,0.6,2,3.794787464854163,3.7928943764497585
2023-09-12,-0.002738707184197442,0.0,-0.002738707184197442,0.6,2,3.7843946531616646,3.7825067493720734
2023-09-13,0.0011717162067931938,0.0,0.0011717162067931938,0.6,2,3.788828889709676,3.7869387738326177
2023-09-14,0.0042667816796851275,0.0,0.0042667816796851275,0.6,2,3.8049949954037507,3.8030968148148956
2023-09-15,-0.008490642147914973,0.0,-0.008490642147914973,0.6,2,3.7726881445231704,3.770806080706427
2023-09-18,0.0007404996464670742,0.0,0.0007404996464670742,0.6,2,3.77548181876042,3.773598361276086
2023-09-19,-0.0027051832676213026,0.0,-0.0027051832676213026,0.6,2,3.765268448517101,3.763390086130439
2023-09-20,-0.005792176018884775,0.0,-0.005792176018884775,0.6,2,3.7434593509049368,3.7415918683238454
2023-09-21,-0.012933290773693583,0.0,-0.012933290773693583,0.6,2,3.695044102620181,3.693200772734326
2023-09-22,0.00022046804350257538,0.0,0.00022046804350257538,0.6,2,3.695858741764141,3.6940150054829526
2023-09-25,-0.0004095214561365308,0.0,-0.0004095214561365308,0.6,2,3.6943452083105393,3.692502227078917
2023-09-26,-0.008976313854515316,0.0,-0.008976313854515316,0.6,2,3.661183606233819,3.65935716818016
2023-09-27,-0.0015370886260541285,0.0,-0.0015370886260541285,0.6,2,3.655556042554781,3.6537324118982806
2023-09-28,0.004583921323730201,0.0,0.004583921323730201,0.6,2,3.6723128238483387,3.6704808338123853
2023-09-29,-0.001319449943718954,0.0,-0.001319449943718954,0.6,2,3.667467390899594,3.66563781808279
2023-10-02,-0.0034875186305622476,0.0,-0.0034875186305622476,0.6,2,3.6546770300468516,3.652853837899333
2023-10-03,-0.011373562036491713,0.0,-0.011373562036491713,0.6,2,3.6131103341222723,3.611307878163748
2023-10-04,0.006898310957513454,0.0,0.006898310957513454,0.6,2,3.638034692730853,3.6362198028706394
2023-10-05,0.0005264999851085417,0.0,0.0005264999851085417,0.6,2,3.6399501179423996,3.6381342725427017
2023-10-06,0.004860154581523822,0.0,0.004860154581523822,0.6,2,3.6576408381846357,3.6558161674955993
2023-10-09,0.008962755356111973,0.0,0.008962755356111973,0.6,2,3.690423378197809,3.6885823534317814
2023-10-10,0.0023366479674000735,0.0,0.0023366479674000735,0.6,2,3.6990465984833207,3.6972012718905156
2023-10-11,0.0046496415929357495,0.0,0.0046496415929357495,0.6,2,3.7162458394018363,3.7143919327017527
2023-10-12,-0.007502903330439014,0.0,-0.007502903330439014,0.6,2,3.6883632061166582,3.6865232090993287
2023-10-13,-0.00040873161236549757,0.0,-0.00040873161236549757,0.6,2,3.6868556554764322,3.6850164105240504
2023-10-16,0.003928620076379508,0.0,0.003928620076379508,0.6,2,3.70133991062325,3.699493439976223
2023-10-17,-0.003923184665440372,0.0,-0.003923184665440372,0.6,2,3.6868188706443106,3.684979644042611
2023-10-18,-0.009890797094565019,0.0,-0.009890797094565019,0.6,2,3.6503532932703546,3.6485322580857833
2023-10-19,-0.007232263427469831,0.0,-0.007232263427469831,0.6,2,3.623952976650091,3.6221451116716854
2023-10-20,-0.005044805238376781,0.0,-0.005044805238376781,0.6,2,3.6056708396898554,3.603872095038163
2023-10-23,0.0008543860619065098,0.0,0.0008543860619065098,0.6,2,3.608751474599109,3.6069511931250577
2023-10-24,0.005229085422287128,0.0,0.005229085422287128,0.6,2,3.6276219443275926,3.625812249027929
2023-10-25,-0.012153396127334171,0.0,-0.012153396127334171,0.6,2,3.583534017837969,3.5817463164821524
2023-10-26,-0.004154971558651965,0.0,-0.004154971558651965,0.6,2,3.5686445359143906,3.5668642624068627
2023-10-27,-0.0020759883796966474,0.0,-0.0020759883796966474,0.6,2,3.5612360713265643,3.5594594936461506
2023-10-30,0.005823716149612634,0.0,0.005823716149612634,0.6,2,3.5819756993477316,3.58018877538319
2023-10-31,0.002918057606806323,0.0,0.002918057606806323,0.6,2,3.592428110784609,3.5906359724729997
2023-11-01,0.010984048268101267,0.0,0.010984048268101267,0.6,2,3.6318875145531506,3.6300756913078236
2023-11-02,0.01392721724170789,0.0,0.01392721724170789,0.6,2,3.682469600965779,3.680632544064511
2023-11-03,0.00856307767627955,0.0,0.00856307767627955,0.6,2,3.714002874199387,3.7121500864371777
2023-11-06,-0.0009367339288880673,0.0,-0.0009367339288880673,0.6,2,3.7105238416951365,3.7086727895020872
2023-11-07,0.003987484314497669,0.0,0.003987484314497669,0.6,2,3.7253194973124653,3.723461064077831
2023-11-08,0.0020550047889699385,0.0,0.0020550047889699385,0.6,2,3.732975046719886,3.7311127943960543
2023-11-09,-0.008624738690068278,0.0,-0.008624738690068278,0.6,2,3.7007791124053813,3.6989329215212177
2023-11-10,0.009775633464743149,0.0,0.009775633464743149,0.6,2,3.736956572542234,3.735092333972681
2023-11-13,-0.0007821603992686833,0.0,-0.0007821603992686833,0.6,2,3.734033673097404,3.7321708926614354
2023-11-14,0.0176044721901516,0.0,0.0176044721901516,0.6,2,3.799769365052537,3.7978737913501868
2023-11-15,-0.0018473291318479748,0.0,-0.0018473291318479748,0.6,2,3.792749940410172,3.7908578684563436
2023-11-16,0.0037387210569142185,0.0,0.0037387210569142185,0.6,2,3.8069299744759935,3.80503082859291
2023-11-17,0.0010059342516803404,0.0,0.0010059342516803404,0.6,2,3.8107594957310678,3.8088584394320915
2023-11-20,0.005186391576983041,0.0,0.005186391576983041,0.6,2,3.830523586681635,3.8286126707602826
2023-11-21,-0.0007894348810075556,0.0,-0.0007894348810075556,0.6,2,3.8274996377497863,3.825590230372117
2023-11-22,0.0021880943886528836,0.0,0.0021880943886528836,0.6,2,3.835874568229718,3.8339609828884798
2023-11-24,-0.0017024516846575024,0.0,-0.0017024516846575024,0.6,2,3.8293441771089003,3.82743384955425
2023-11-27,0.0019482310147249662,0.0,0.0019482310147249662,0.6,2,3.8368046242008003,3.83489057488676
2023-11-28,0.002361696871507113,0.0,0.002361696871507113,0.6,2,3.84586599367836,3.8439474239600426
2023-11-29,0.001690854987071111,0.0,0.001690854987071111,0.6,2,3.852368795373378,3.8504469816318845
2023-11-30,0.0003982329443323882,0.0,0.0003982329443323882,0.6,2,3.853902935541414,3.8519803564703756
2023-12-01,0.00733047365269821,0.0,0.00733047365269821,0.6,2,3.8821538694704567,3.880217196984193
2023-12-04,-0.004798057365097641,0.0,-0.004798057365097641,0.6,2,3.863527072504602,3.8615996922840243
2023-12-05,0.002701609990897147,0.0,0.002701609990897147,0.6,2,3.873964815843782,3.8720322285935445
2023-12-06,-0.000739687553316503,0.0,-0.000739687553316503,0.6,2,3.871099292287516,3.8691681345480133
2023-12-07,0.003979175585316064,0.0,0.003979175585316064,0.6,2,3.8865030760797206,3.8845642339244897
2023-12-08,3.2119784939997273e-06,0.0,3.2119784939997273e-06,0.6,2,3.886515559444018,3.8845767110612677
2023-12-11,0.00238153647228172,0.0,0.00238153647228172,0.6,2,3.895771437998924,3.8938279721780362
2023-12-12,0.0035943250612164414,0.0,0.0035943250612164414,0.6,2,3.909774106911295,3.9078236556425017
2023-12-13,0.014200814724488487,0.0,0.014200814724488487,0.6,2,3.965296084618145,3.9633179353522543
2023-12-14,0.00524680519629892,0.0,0.00524680519629892,0.6,2,3.9861012207197826,3.984112692490045
2023-12-15,-0.0013203977027319124,0.0,-0.0013203977027319124,0.6,2,3.980837981825087,3.978852079243456
2023-12-18,0.0024951276615090556,0.0,0.0024951276615090556,0.6,2,3.9907706807895247,3.9887798231274294
2023-12-19,0.004396718284077127,0.0,0.004396718284077127,0.6,2,4.008316975209311,4.006317364306932
2023-12-20,-0.0063710223934815065,0.0,-0.0063710223934815065,0.6,2,3.982779898000081,3.9807930266635387
2023-12-21,0.005058750139508694,0.0,0.005058750139508694,0.6,2,4.0029277863647215,4.0009308639425285
2023-12-22,0.0008345805768809054,0.0,0.0008345805768809054,0.6,2,4.006268552145878,4.0042699631310175
2023-12-26,0.0027815772857092465,0.0,0.0027815772857092465,0.6,2,4.017412297750978,4.01540814950631
2023-12-27,0.004196297790815007,0.0,0.004196297790815007,0.6,2,4.034270556100823,4.032257997853304
2023-12-28,-0.0013004023578537804,0.0,-0.0013004023578537804,0.6,2,4.02902438115745,4.027014440045421
2023-12-29,-0.002730537670026534,0.0,-0.002730537670026534,0.6,2,4.018022978311245,4.0160185254191365
2024-01-02,-0.004845946314618543,0.0,-0.004845946314618543,0.6,2,3.998551854667445,3.996557115246442
2024-01-03,-0.00393989703929587,0.0,-0.00393989703929587,0.6,2,3.9827979720537696,3.9808110917007054
2024-01-04,-0.004344381095212046,0.0,-0.004344381095212046,0.6,2,3.96549517983793,3.9635169312503105
2024-01-05,-0.0006417482010816047,0.0,-0.0006417482010816047,0.6,2,3.962950330439871,3.960973351389724
2024-01-08,0.009898967849922613,0.0,0.009898967849922613,0.6,2,4.002179448351736,4.000182899249531
2024-01-09,-0.0010622167299996427,0.0,-0.0010622167299996427,0.6,2,3.9979282663852365,3.99593383805089
2024-01-10,0.0027664105806935345,0.0,0.0027664105806935345,0.6,2,4.008988177442218,4.006988231700225
2024-01-11,0.0018737467304803523,0.0,0.0018737467304803523,0.6,2,4.016500005932235,4.014496312798447
2024-01-12,0.0015038838096991913,0.0,0.0015038838096991913,0.6,2,4.022540355262813,4.020533648807362
2024-01-16,-0.005452769655164569,0.0,-0.005452769655164569,0.6,2,4.000606369276961,3.998610604929577
2024-01-17,-0.004630735018249599,0.0,-0.004630735018249599,0.6,2,3.9820806212685183,3.980094098776985
2024-01-18,0.004440988314700878,0.0,0.004440988314700878,0.6,2,3.9997649947757687,3.997769650161064
2024-01-19,0.007508321035084586,0.0,0.007508321035084586,0.6,2,4.029796514421439,4.027786188118791
2024-01-22,0.0024935858241760035,0.0,0.0024935858241760035,0.6,2,4.0398451578841135,4.0378298186602954
2024-01-23,0.0007401616797012786,0.0,0.0007401616797012786,0.6,2,4.042835296461907,4.040818465561223
2024-01-24,-0.00045331754546782364,0.0,-0.00045331754546782364,0.6,2,4.041002608288584,4.038986691652734
2024-01-25,0.004991263263624868,0.0,0.004991263263624868,0.6,2,4.061172316155547,4.05914633754905
2024-01-26,-0.0014776404173949098,0.0,-0.0014776404173949098,0.6,2,4.05517136379919,4.053148378860567
2024-01-29,0.007146197174203195,0.0,0.007146197174203195,0.6,2,4.084150417940082,4.0821129763522075
2024-01-30,8.097014886190314e-05,0.0,8.097014886190314e-05,0.6,2,4.084481112207397,4.082443505647574
2024-01-31,-0.0064846697551487415,0.0,-0.0064846697551487415,0.6,2,4.05799460107359,4.0559702077193975
2024-02-01,0.010306415637426314,0.0,0.010306415637426314,0.6,2,4.099817980086686,4.097772722493172
2024-02-02,0.001097107953316856,0.0,0.001097107953316856,0.6,2,4.104315922999791,4.102268421537904
2024-02-05,-0.006087201792419884,0.0,-0.006087201792419884,0.6,2,4.079332123756649,4.077297085849331
2024-02-06,0.00389472533120947,0.0,0.00389472533120947,0.6,2,4.095220001913461,4.093177038092454
2024-02-07,0.0042793149480601315,0.0,0.0042793149480601315,0.6,2,4.1127447380832445,4.11069303177662
2024-02-08,-0.0010416388835031932,0.0,-0.0010416388835031932,0.6,2,4.108460743246134,4.106411174076576
2024-02-09,0.0027469240124858183,0.0,0.0027469240124858183,0.6,2,4.119746372716112,4.117691173535786
2024-02-12,0.00011769248427540016,0.0,0.00011769248427540016,0.6,2,4.120231235901302,4.118175794839479
2024-02-13,-0.012680072134212426,0.0,-0.012680072134212426,0.6,2,4.067986406620438,4.065957028699547
2024-02-14,0.00693628192382194,0.0,0.00693628192382194,0.6,2,4.096203107199033,4.0941596529407525
2024-02-15,0.005245638200457004,0.0,0.005245638200457004,0.6,2,4.117690306694987,4.115636133214989
2024-02-16,-0.004727974803651747,0.0,-0.004727974803651747,0.6,2,4.098221970675692,4.096177509276149
2024-02-20,-0.0026244203279522926,0.0,-0.0026244203279522926,0.6,2,4.08746651362739,4.085427417753904
2024-02-21,-0.0007273532566108411,0.0,-0.0007273532566108411,0.6,2,4.084493481547415,4.082455868816953
2024-02-22,0.012403131987281667,0.0,0.012403131987281667,0.6,2,4.13515399330024,4.133091107790142
2024-02-23,0.0022565294783625234,0.0,0.0022565294783625234,0.6,2,4.14448509018369,4.142417549711629
2024-02-26,-0.0027905506229659815,0.0,-0.0027905506229659815,0.6,2,4.132919694733405,4.130857923837696
2024-02-27,0.00021920988469767964,0.0,0.00021920988469767964,0.6,2,4.1338256715831525,4.131763448726883
2024-02-28,0.0006609649706291964,0.0,0.0006609649706291964,0.6,2,4.136557985546757,4.134494399633417
2024-02-29,0.0029649672743255807,0.0,0.0029649672743255807,0.6,2,4.148822744602253,4.146753040224212
2024-03-01,0.007453944556153447,0.0,0.007453944556153447,0.6,2,4.179747839313826,4.177662707474104
2024-03-04,-0.0015312449780714664,0.0,-0.0015312449780714664,0.6,2,4.173347621425272,4.171265682433208
2024-03-05,-0.0035499598869486613,0.0,-0.0035499598869486613,0.6,2,4.1585324047749195,4.156457856582764
2024-03-06,0.004016824040650291,0.0,0.004016824040650291,0.6,2,4.175236497712243,4.1731536164250365
2024-03-07,0.00661682744814982,0.0,0.00661682744814982,0.6,2,4.202863317172822,4.200766653819543
2024-03-08,-0.0033009410920135096,0.0,-0.0033009410920135096,0.6,2,4.18898991294505,4.18690017055399
2024-03-11,-0.001017517151634051,0.0,-0.001017517151634051,0.6,2,4.184727543860606,4.182639927818272
2024-03-12,0.004796338632674679,0.0,0.004796338632674679,0.6,2,4.204798914246442,4.202701285290634
2024-03-13,-0.0018269672140994954,0.0,-0.0018269672140994954,0.6,2,4.197116884488233,4.195023087831754
2024-03-14,-0.004149627129572631,0.0,-0.004149627129572631,0.6,2,4.179700414398373,4.177615306217304
2024-03-15,-0.004805139656946645,0.0,-0.004805139656946645,0.6,2,4.159616370182991,4.157541281237933
2024-03-18,0.003106703115073217,0.0,0.003106703115073217,0.6,2,4.172539063317747,4.170457527687399
2024-03-19,0.004494020406695442,0.0,0.004494020406695442,0.6,2,4.191290539016031,4.1891996489220835
2024-03-20,0.00648635187351152,0.0,0.00648635187351152,0.6,2,4.218476724256209,4.216372271913382
2024-03-21,0.0020343993282878614,0.0,0.0020343993282878614,0.6,2,4.2270587904704335,4.224950056831174
2024-03-22,0.0008203496575721393,0.0,0.0008203496575721393,0.6,2,4.230526456701733,4.228415993163555
2024-03-25,-0.002716607439016161,0.0,-0.002716607439016161,0.6,2,4.2190337770585025,4.216929046821272
2024-03-26,-0.0005059824377983576,0.0,-0.0005059824377983576,0.6,2,4.216899020062833,4.214795354782138
2024-03-27,0.0065573120968917655,0.0,0.0065573120968917655,0.6,2,4.2445505430184625,4.242433083347975
2024-03-28,-0.0004936095797472229,0.0,-0.0004936095797472229,0.6,2,4.242455392208707,4.240338977736598
2024-04-01,-0.004668542294927325,0.0,-0.004668542294927325,0.6,2,4.222649309775838,4.220542775874206
2024-04-02,-0.0046605675722283905,0.0,-0.0046605675722283905,0.6,2,4.202969367333805,4.2008726510757635
2024-04-03,0.001143311931756874,0.0,0.001143311931756874,0.6,2,4.207774672360285,4.205675558901529
2024-04-04,-0.005860138245973355,0.0,-0.005860138245973355,0.6,2,4.183116531072349,4.181029718708655
2024-04-05,0.0036080156984270575,0.0,0.0036080156984270575,0.6,2,4.198209281184807,4.196114939569346
2024-04-08,-0.0005654976572840642,0.0,-0.0005654976572840642,0.6,2,4.195835203671509,4.193742046401324
2024-04-09,0.002290222391481178,0.0,0.002290222391481178,0.6,2,4.205444599405922,4.203346648340088
2024-04-10,-0.011332164692801627,0.0,-0.011332164692801627,0.6,2,4.157787808599001,4.155713631860163
2024-04-11,0.003957453885159579,0.0,0.003957453885159579,0.6,2,4.174242062115811,4.172159676918179
2024-04-12,-0.006654883955389401,0.0,-0.006654883955389401,0.6,2,4.146462965590724,4.144394438424934
2024-04-15,-0.00996808096506796,0.0,-0.00996808096506796,0.6,2,4.10513068703106,4.103082779111537
2024-04-16,-0.0026617937880606176,0.0,-0.0026617937880606176,0.6,2,4.094203675669144,4.092161218858199
2024-04-17,-0.0009829172859735493,0.0,-0.0009829172859735493,0.6,2,4.090179412104033,4.088138962859193
2024-04-18,-0.002619434764614126,0.0,-0.002619434764614126,0.6,2,4.079465453958458,4.077430349537306
2024-04-19,-0.004712952999717324,0.0,-0.004712952999717324,0.6,2,4.060239125009982,4.0582136119403165
2024-04-22,0.005558362237634017,0.0,0.005558362237634017,0.6,2,4.082807404838202,4.080770633233178
2024-04-23,0.007625396752446578,0.0,0.007625396752446578,0.6,2,4.11394043116392,4.1118881283673145
2024-04-24,-0.001502228971198294,0.0,-0.001502228971198294,0.6,2,4.107760350662441,4.105711130894555
2024-04-25,-0.003740397884546166,0.0,-0.003740397884546166,0.6,2,4.092395692536601,4.090354137665999
2024-04-26,0.006767148904295928,0.0,0.006767148904295928,0.6,2,4.120089543563296,4.118034173186888
2024-04-29,0.003740955618474629,0.0,0.003740955618474629,0.6,2,4.135502615689908,4.1334395562641415
2024-04-30,-0.01140107746602399,0.0,-0.01140107746602399,0.6,2,4.088353430007482,4.086313891682046
2024-05-01,-0.00036703713302113064,0.0,-0.00036703713302113064,0.6,2,4.086852852485754,4.084814062746619
2024-05-02,0.007483524028408706,0.0,0.007483524028408706,0.6,2,4.117436914007903,4.115382866936765
2024-05-03,0.009658492680982579,0.0,0.009658492680982579,0.6,2,4.1572051483062555,4.155131262236515
2024-05-06,0.006526364208584701,0.0,0.006526364208584701,0.6,2,4.184336583193906,4.182249162188347
2024-05-07,0.001701802392782814,0.0,0.001701802392782814,0.6,2,4.191457497203394,4.189366523819773
2024-05-08,-0.0010554919970818368,0.0,-0.0010554919970818368,0.6,2,4.187033447358987,4.1849446809810384
2024-05-09,0.0046668406797574224,0.0,0.0046668406797574224,0.6,2,4.2065736653786265,4.204475151060775
2024-05-10,-0.0005177153740455246,0.0,-0.0005177153740455246,0.6,2,4.204395857520005,4.202298429635278
2024-05-13,0.0005639652663782082,0.0,0.0005639652663782082,0.6,2,4.206766990749751,4.204668379988549
2024-05-14,0.003917463092205153,0.0,0.003917463092205153,0.6,2,4.22324684517352,4.221140013182116
2024-05-15,0.010418746721185146,0.0,0.010418746721185146,0.6,2,4.267247784394427,4.265119001854121
2024-05-16,-0.0020034601007415053,0.0,-0.0020034601007415053,0.6,2,4.258698523718415,4.256574006108992
2024-05-17,-0.00038051986618663507,0.0,-0.00038051986618663507,0.6,2,4.257078004326041,4.254954295137774
2024-05-20,8.965655355135365e-05,0.0,8.965655355135365e-05,0.6,2,4.257459679268107,4.255335779675395
2024-05-21,0.0025079573545786498,0.0,0.0025079573545786498,0.6,2,4.2681372065825505,4.266007980340234
2024-05-22,-0.0022425012919288223,0.0,-0.0022425012919288223,0.6,2,4.258565903382659,4.256441451932942
2024-05-23,-0.005753368264912995,0.0,-0.005753368264912995,0.6,2,4.234064805460097,4.231952576761931
2024-05-24,0.00448168996661571,0.0,0.00448168996661571,0.6,2,4.2530405712167285,4.250918876164399
2024-05-28,-0.0018170669835151365,0.0,-0.0018170669835151365,0.6,2,4.245312511615221,4.24319467182492
2024-05-29,-0.006149138071120918,0.0,-0.006149138071120918,0.6,2,4.219207498826242,4.2171026819252235
2024-05-30,-0.0019869482787684854,0.0,-0.0019869482787684854,0.6,2,4.210824151748682,4.208723517009982
2024-05-31,0.00731688660613088,0.0,0.00731688660613088,0.6,2,4.241634274585384,4.2395182697405005
2024-06-03,0.0031107143688387847,0.0,0.0031107143688387847,0.6,2,4.254828787270696,4.252706200139136
2024-06-04,0.0028638853657537936,0.0,0.0028638853657537936,0.6,2,4.2670141291683485,4.2648854631905655
2024-06-05,0.008562265822828641,0.0,0.008562265822828641,0.6,2,4.303549438412054,4.301402546230321
2024-06-06,-0.00018027198734049687,0.0,-0.00018027198734049687,0.6,2,4.302773629002173,4.3006271238449605
2024-06-07,-0.004951223711829677,0.0,-0.004951223711829677,0.6,2,4.2814696341836225,4.279333756853641
2024-06-10,0.000997416056039868,0.0,0.000997416056039868,0.6,2,4.285740040740204,4.2836020330518805
2024-06-11,0.003565351822754836,0.0,0.003565351822754836,0.6,2,4.30102021180631,4.298874581368378
2024-06-12,0.007173416946300692,0.0,0.007173416946300692,0.6,2,4.331873223080063,4.329712201140387
2024-06-13,0.0038519226678729755,0.0,0.0038519226678729755,0.6,2,4.348559263742397,4.346389917713326
2024-06-14,0.0013029608071819525,0.0,0.0013029608071819525,0.6,2,4.354225266030761,4.352053093428838
2024-06-17,0.002922537507170796,0.0,0.002922537507170796,0.6,2,4.366950652685407,4.364772131827582
2024-06-18,0.0032642682216966977,0.0,0.0032642682216966977,0.6,2,4.381205550926686,4.379019918792455
2024-06-20,-0.0026357202480574273,0.0,-0.0026357202480574273,0.6,2,4.369657918745207,4.3674780473258465
2024-06-21,-0.0007180667414246055,0.0,-0.0007180667414246055,0.6,2,4.366520212722354,4.3643419065961595
2024-06-24,-0.0016119375530037061,0.0,-0.0016119375530037061,0.6,2,4.359481654815517,4.35730685998277
2024-06-25,0.0026477221475500468,0.0,0.0026477221475500468,0.6,2,4.37102435094481,4.3688437978596175
2024-06-26,-0.001661320167112379,0.0,-0.001661320167112379,0.6,2,4.363762680039646,4.36158574955127
2024-06-27,0.001840241021727107,0.0,0.001840241021727107,0.6,2,4.371793055132537,4.369612118567375
2024-06-28,-0.004473981345286893,0.0,-0.004473981345286893,0.6,2,4.352233734558419,4.350062555462765
2024-07-01,-0.0017459440857958922,0.0,-0.0017459440857958922,0.6,2,4.344634977809566,4.342467589471212
2024-07-02,0.00556678709050229,0.0,0.00556678709050229,0.6,2,4.368820635716981,4.3666411819892055
2024-07-03,0.0053414412038944375,0.0,0.0053414412038944375,0.6,2,4.392156434273024,4.3899653391213045
2024-07-05,0.0056764203807691425,0.0,0.0056764203807691425,0.6,2,4.4170881605720576,4.414884627843162
2024-07-08,0.0008201969086929938,0.0,0.0008201969086929938,0.6,2,4.420711042626783,4.418505702567155
2024-07-09,3.2343817835789324e-05,0.0,3.2343817835789324e-05,0.6,2,4.42085402529945,4.4186486139107055
2024-07-10,0.006309430007941463,0.0,0.006309430007941463,0.6,2,4.448747094347403,4.4465277680698625
2024-07-11,-0.002621045782846499,0.0,-0.002621045782846499,0.6,2,4.437086724536813,4.434873215215053
2024-07-12,0.004623415186692581,0.0,0.004623415186692581,0.6,2,4.457601218683708,4.455377475389335
2024-07-15,0.00038753829890187936,0.0,0.00038753829890187936,0.6,2,4.459328709877179,4.457104104797113
2024-07-16,0.005326149018720816,0.0,0.005326149018720816,0.6,2,4.483079759109446,4.480843305451216
2024-07-17,-0.00809604340853438,0.0,-0.00809604340853438,0.6,2,4.4467845507757735,4.444566203543442
2024-07-18,-0.005728967954248176,0.0,-0.005728967954248176,0.6,2,4.421309064584933,4.419103426192807
2024-07-19,-0.005251192034754015,0.0,-0.005251192034754015,0.6,2,4.398091921641799,4.395897865480429
2024-07-22,0.0057931242527416325,0.0,0.0057931242527416325,0.6,2,4.423570614618849,4.421363848017519
2024-07-23,-0.0006445273820213204,0.0,-0.0006445273820213204,0.6,2,4.420719502231422,4.418514157951592
2024-07-24,-0.014557154737351263,0.0,-0.014557154737351263,0.6,2,4.356366404387012,4.354193163645114
2024-07-25,-0.0022353787655223557,0.0,-0.0022353787655223557,0.6,2,4.346628275431811,4.344459892706119
2024-07-26,0.008605397725315057,0.0,0.008605397725315057,0.6,2,4.384032740506002,4.381845697984535
2024-07-29,0.001031012805798448,0.0,0.001031012805798448,0.6,2,4.388552734402503,4.38636343701219
2024-07-30,-0.002186759452546561,0.0,-0.002186759452546561,0.6,2,4.3789560252275495,4.376771515303999
2024-07-31,0.012657746703353822,0.0,0.012657746703353822,0.6,2,4.434383741420004,4.432171580523171
2024-08-01,-0.006756999430704114,0.0,-0.006756999430704114,0.6,2,4.404420613003706,4.402223399676793
2024-08-02,-0.005038629929961669,0.0,-0.005038629929961669,0.6,2,4.382228367478885,4.380042225096805
2024-08-05,-0.016778272519884084,0.0,-0.016778272519884084,0.6,2,4.308702145684958,4.306552682995531
2024-08-06,0.0019543503610500498,0.0,0.0019543503610500498,0.6,2,4.317122859279034,4.314969195786424
2024-08-07,-0.005320902787918858,0.0,-0.005320902787918858,0.6,2,4.2941518682213085,4.29200966416278
2024-08-08,0.012592731395452493,0.0,0.012592731395452493,0.6,2,4.3482269692691,4.346057789010269
2024-08-09,0.004274647721497549,0.0,0.004274647721497549,0.6,2,4.36681410777584,4.364635655035558
2024-08-12,0.001436841103321651,0.0,0.001436841103321651,0.6,2,4.373088525776457,4.370906942945736
2024-08-13,0.011603808796798055,0.0,0.011603808796798055,0.6,2,4.423833008881038,4.4216261113802755
2024-08-14,0.0024257101404449254,0.0,0.0024257101404449254,0.6,2,4.434563945470316,4.432351694675907
2024-08-15,0.007746191124963041,0.0,0.007746191124963041,0.6,2,4.468914925347799,4.46668553803592
2024-08-16,0.002139113007878368,0.0,0.002139113007878368,0.6,2,4.478474439395712,4.476240283172435
2024-08-19,0.00626866718756709,0.0,0.00626866718756709,0.6,2,4.50654850516431,4.5043003437592235
2024-08-20,0.000627444679590772,0.0,0.000627444679590772,0.6,2,4.509376115047194,4.507126543045194
2024-08-21,0.0028795867286162125,0.0,0.0028795867286162125,0.6,2,4.522361254662423,4.520105204822741
2024-08-22,-0.006528695344009572,0.0,-0.006528695344009572,0.6,2,4.492836135795179,4.490594815017581
2024-08-23,0.008205715405471459,0.0,0.008205715405471459,0.6,2,4.5297030704889325,4.527443358070902
2024-08-26,-0.001914416642797656,0.0,-0.001914416642797656,0.6,2,4.521031331543857,4.518775945156887
2024-08-27,0.0006678331051878763,0.0,0.0006678331051878763,0.6,2,4.5240506259366535,4.521793733327989
2024-08-28,-0.003689968569008384,0.0,-0.003689968569008384,0.6,2,4.507357021322345,4.50510845657647
2024-08-29,-0.0006351803696435622,0.0,-0.0006351803696435622,0.6,2,4.504494036623425,4.502246900121737
2024-08-30,0.004318354389649669,0.0,0.004318354389649669,0.6,2,4.523946038219629,4.521689197786164
2024-09-03,-0.00976420225206882,0.0,-0.00976420225206882,0.6,2,4.479773314125007,4.477538509937984
2024-09-04,0.0011129277909273983,0.0,0.0011129277909273983,0.6,2,4.4847589783433515,4.482521686980642
2024-09-05,-0.0005201837747373038,0.0,-0.0005201837747373038,0.6,2,4.48242607948921,4.480189951929167
2024-09-06,-0.009521931594438681,0.0,-0.009521931594438681,0.6,2,4.439744724983186,4.437529889676806
2024-09-09,0.007272192709236203,0.0,0.007272192709236203,0.6,2,4.472031404203078,4.469800462187531
2024-09-10,0.004317215374153837,0.0,0.004317215374153837,0.6,2,4.491338126935002,4.489097553462287
2024-09-11,0.005874376216740206,0.0,0.005874376216740206,0.6,2,4.517721936809207,4.515468201364972
2024-09-12,0.004401525737937062,0.0,0.004401525737937062,0.6,2,4.537606806190915,4.535343150872117
2024-09-13,0.0039018605925192685,0.0,0.0039018605925192685,0.6,2,4.5553119153723385,4.553039427586056
2024-09-16,0.0019377781703830087,0.0,0.0019377781703830087,0.6,2,4.564139099361233,4.561862207997726
2024-09-17,-0.00047280655856403193,0.0,-0.00047280655856403193,0.6,2,4.561981144460856,4.559705329626519
2024-09-18,-0.0035162471583639393,0.0,-0.0035162471583639393,0.6,2,4.545940091225136,4.543672278718243
2024-09-19,0.009916288766812987,0.0,0.009916288766812987,0.6,2,4.591018945886356,4.5887286450957765
2024-09-20,-0.001157195147744572,0.0,-0.001157195147744572,0.6,2,4.585706241038973,4.583418590573355
2024-09-23,0.001255906204298185,0.0,0.001255906204298185,0.6,2,4.591465457958183,4.589174934418152
2024-09-24,0.0021671532688464,0.0,0.0021671532688464,0.6,2,4.601415867334192,4.599120379878584
2024-09-25,-0.0029501345605852606,0.0,-0.0029501345605852606,0.6,2,4.587841071356344,4.585552355897612
2024-09-26,0.0021104138747931383,0.0,0.0021104138747931383,0.6,2,4.59752331480868,4.595229769213089
2024-09-27,0.000723852426993821,0.0,0.000723852426993821,0.6,2,4.6008512432182656,4.598556037434128
2024-09-30,0.001312711935775468,0.0,0.001312711935775468,0.6,2,4.606890835559965,4.6045926168318
2024-10-01,-0.003923114085993595,0.0,-0.003923114085993595,0.6,2,4.588817477230346,4.5865282746764455
2024-10-02,-0.0008825644309143231,0.0,-0.0008825644309143231,0.6,2,4.584767550144984,4.582480367959834
2024-10-03,-0.00314104525236496,0.0,-0.00314104525236496,0.6,2,4.5703665877984045,4.568086589755998
2024-10-04,0.001583764524228214,0.0,0.001583764524228214,0.6,2,4.577604972262878,4.575321363240456
2024-10-07,-0.006886152229732145,0.0,-0.006886152229732145,0.6,2,4.546082887576297,4.543815003833237
2024-10-08,0.005995604584437287,0.0,0.005995604584437287,0.6,2,4.573339402978282,4.571057921901055
2024-10-09,0.0026576290514819688,0.0,0.0026576290514819688,0.6,2,4.585493642637924,4.583206098230305
2024-10-10,-0.0010906216247144275,0.0,-0.0010906216247144275,0.6,2,4.580492604111273,4.578207554549053
2024-10-11,0.003719323320165979,0.0,0.003719323320165979,0.6,2,4.5975289370715915,4.595235388671247
2024-10-14,0.004192654984374977,0.0,0.004192654984374977,0.6,2,4.616804789685412,4.614501625227936
2024-10-15,-0.0026132828765102582,0.0,-0.0026132828765102582,0.6,2,4.604739772784336,4.602442627147099
2024-10-16,0.003231857158035689,0.0,0.003231857158035689,0.6,2,4.619621633979901,4.617317064296093
2024-10-17,-0.0020035014118643165,0.0,-0.0020035014118643165,0.6,2,4.6103662155139435,4.60806626303875
2024-10-18,0.0027657058450976987,0.0,0.0027657058450976987,0.6,2,4.623117132304231,4.620810818837033
2024-10-21,-0.004076701023449147,0.0,-0.004076701023449147,0.6,2,4.604270065959441,4.601973154642716
2024-10-22,-0.0006852659982905071,0.0,-0.0006852659982905071,0.6,2,4.601114916236292,4.598819578914793
2024-10-23,-0.00641904809535836,0.0,-0.00641904809535836,0.6,2,4.571580138296701,4.569299534855864
2024-10-24,0.002185114758575679,0.0,0.002185114758575679,0.6,2,4.581569565526904,4.57928397870583
2024-10-25,-0.001076620347823765,0.0,-0.001076620347823765,0.6,2,4.576636954507689,4.574353828395893
2024-10-28,0.0009385243082557608,0.0,0.0009385243082557608,0.6,2,4.580932239539556,4.578646970658405
2024-10-29,0.0011513618620221156,0.0,0.0011513618620221156,0.6,2,4.586206550212669,4.583918650160084
2024-10-30,-0.0024040742559270573,0.0,-0.0024040742559270573,0.6,2,4.575180969112939,4.57289856934197
2024-10-31,-0.012027868592050094,0.0,-0.012027868592050094,0.6,2,4.5201512936316,4.517896346265151
2024-11-01,0.00016953629390858982,0.0,0.00016953629390858982,0.6,2,4.5209176233298285,4.518662293667959
2024-11-04,0.0008474616173200556,0.0,0.0008474616173200556,0.6,2,4.524748927490666,4.522491686523474
2024-11-05,0.007458228252780597,0.0,0.007458228252780597,0.6,2,4.558495537778416,4.556221461792869
2024-11-06,0.010772047202926991,0.0,0.010772047202926991,0.6,2,4.607599866885697,4.60530129444629
2024-11-07,0.007840903389124465,0.0,0.007840903389124465,0.6,2,4.643727612297691,4.641411016973853
2024-11-08,0.003448246578822234,0.0,0.003448246578822234,0.6,2,4.659740330149778,4.65741574663404
2024-11-11,-0.0005291467862600374,0.0,-0.0005291467862600374,0.6,2,4.657274643529273,4.654951290059432
2024-11-12,-0.00438007582849167,0.0,-0.00438007582849167,0.6,2,4.636875427436503,4.634562250431037
2024-11-13,4.380971941628795e-05,0.0,4.380971941628795e-05,0.6,2,4.637078567647947,4.634765289302845
2024-11-14,-0.003898988544463977,0.0,-0.003898988544463977,0.6,2,4.618998651432908,4.6166943925335735
2024-11-15,-0.0075364859219628315,0.0,-0.0075364859219628315,0.6,2,4.584187633122818,4.58190074023824
2024-11-18,0.0033574028160775703,0.0,0.0033574028160775703,0.6,2,4.599578597591693,4.597284026686504
2024-11-19,0.0030832777607688435,0.0,0.0030832777607688435,0.6,2,4.613760375990555,4.611458730285924
2024-11-20,-0.0003927542949489827,0.0,-0.0003927542949489827,0.6,2,4.611948301787019,4.609647560063624
2024-11-21,0.0030064259534912543,0.0,0.0030064259534912543,0.6,2,4.625813782857671,4.6235061241246465
2024-11-22,0.0021166371380706207,0.0,0.0021166371380706207,0.6,2,4.635604952104266,4.633292408895065
2024-11-25,0.00635903316140114,0.0,0.00635903316140114,0.6,2,4.665082917717853,4.662755668969697
2024-11-26,0.0022833011932148484,0.0,0.0022833011932148484,0.6,2,4.675734707110324,4.673402144552325
2024-11-27,-0.0002084756377463081,0.0,-0.0002084756377463081,0.6,2,4.674759930335327,4.672427854059794
2024-11-29,0.005410280774565157,0.0,0.005410280774565157,0.6,2,4.700051694112127,4.697707000649157
2024-12-02,0.0010448288369693693,0.0,0.0010448288369693693,0.6,2,4.704962443657382,4.702615300391067
2024-12-03,-0.0008580089518019252,0.0,-0.0008580089518019252,0.6,2,4.700925543762833,4.698580414366451
2024-12-04,0.005248415265876317,0.0,0.005248415265876317,0.6,2,4.725597953150466,4.72324051554116
2024-12-05,-0.001026256951738702,0.0,-0.001026256951738702,0.6,2,4.720748275399923,4.718393257127351
2024-12-06,0.002402021305151081,0.0,0.002402021305151081,0.6,2,4.732087613333689,4.729726938257052
2024-12-09,-0.00447696376789748,0.0,-0.00447696376789748,0.6,2,4.7109022285422775,4.708552122122426
2024-12-10,-0.00257856259925342,0.0,-0.00257856259925342,0.6,2,4.698754872247019,4.696410825723686
2024-12-11,0.0034509467864836992,0.0,0.0034509467864836992,0.6,2,4.714970025273874,4.7126178895707245
2024-12-12,-0.004620026512614084,0.0,-0.004620026512614084,0.6,2,4.693186738750928,4.690845469977089
2024-12-13,-0.0019833445410055942,0.0,-0.0019833445410055942,0.6,2,4.683878532452707,4.681541907221509
2024-12-16,0.002688750104605964,0.0,0.002688750104605964,0.6,2,4.696472311346801,4.694129403514268
2024-12-17,-0.002471489932018067,0.0,-0.002471489932018067,0.6,2,4.684865027313306,4.682527909953893
2024-12-18,-0.020983175499320314,0.0,-0.020983175499320314,0.6,2,4.586561682254563,4.584273605038865
2024-12-19,-0.001952230752893436,0.0,-0.001952230752893436,0.6,2,4.577607655488423,4.57532404512743
2024-12-20,0.008722911038016123,0.0,0.008722911038016123,0.6,2,4.61753771983419,4.615234189743172
2024-12-23,0.0018227083246348916,0.0,0.0018227083246348916,0.6,2,4.625954144275448,4.623646415520957
2024-12-24,0.006875904259582288,0.0,0.006875904259582288,0.6,2,4.657761762080703,4.65543816560424
2024-12-26,0.0003539409714482743,0.0,0.0003539409714482743,0.6,2,4.659410334803549,4.657085915911091
2024-12-27,-0.007372380169671299,0.0,-0.007372380169671299,0.6,2,4.6250593904488815,4.622752108056173
2024-12-30,-0.0044989938354047295,0.0,-0.0044989938354047295,0.6,2,4.604251276762871,4.6019543748194245
2024-12-31,-0.0029041336009923086,0.0,-0.0029041336009923086,0.6,2,4.590879915922613,4.5885896844892775
2025-01-02,-0.0012291013360244737,0.0,-0.0012291013360244737,0.6,2,4.585237259284424,4.582949842777603
2025-01-03,0.006832301895975546,0.0,0.006832301895975546,0.6,2,4.616564984504531,4.614261939677573
2025-01-06,0.003073408629725516,0.0,0.003073408629725516,0.6,2,4.630753575167596,4.628443452142792
2025-01-07,-0.008574639646358028,0.0,-0.008574639646358028,0.6,2,4.591046531969449,4.588756217417123
2025-01-08,0.001575055144052007,0.0,0.001575055144052007,0.6,2,4.59827768342621,4.595983761502167
2025-01-10,-0.012110417296003284,0.0,-0.012110417296003284,0.6,2,4.54259062183702,4.5403244802647205
2025-01-13,0.0002767920243781363,0.0,0.0002767920243781363,0.6,2,4.543847974691158,4.541581205868946
2025-01-14,0.0009685224274645463,0.0,0.0009685224274645463,0.6,2,4.548248793361636,4.545979829122981
2025-01-15,0.015088389685751392,0.0,0.015088389685751392,0.6,2,4.616874543543625,4.614571344288354
2025-01-16,-0.00019190944163567343,0.0,-0.00019190944163567343,0.6,2,4.615988521727871,4.613685764478284
2025-01-17,0.00632184933024691,0.0,0.00632184933024691,0.6,2,4.645170105672384,4.64285279073842
2025-01-21,0.006820983461687335,0.0,0.006820983461687335,0.6,2,4.6768547341399,4.674521612839095
2025-01-22,0.002335172003099828,0.0,0.002335172003099828,0.6,2,4.687775994377628,4.685437424837282
2025-01-23,0.0022441313574655735,0.0,0.0022441313574655735,0.6,2,4.698295979483384,4.695952161885802
2025-01-24,-0.0009274193148777641,0.0,-0.0009274193148777641,0.6,2,4.693938689044999,4.691597045149127
2025-01-27,-0.005792138337692165,0.0,-0.005792138337692165,0.6,2,4.666750746809405,4.664422666038915
2025-01-28,0.005192852292993155,0.0,0.005192852292993155,0.6,2,4.690984494125802,4.688644323975744
2025-01-29,-0.00316400733639155,0.0,-0.00316400733639155,0.6,2,4.676142184771489,4.673809418936954
2025-01-30,0.004076938030480459,0.0,0.004076938030480459,0.6,2,4.695206526680518,4.692864250304235
2025-01-31,-0.003813980217069779,0.0,-0.003813980217069779,0.6,2,4.677299101872701,4.6749657588921805
2025-02-03,-0.003672050434418093,0.0,-0.003672050434418093,0.6,2,4.660123823673766,4.657799048846351
2025-02-04,0.005019792471530549,0.0,0.005019792471530549,0.6,2,4.6835166781602435,4.681180233445652
2025-02-05,0.004758800399869467,0.0,0.004758800399869467,0.6,2,4.705804599201068,4.703457035812434
2025-02-06,0.0016139895698293215,0.0,0.0016139895698293215,0.6,2,4.713399718741833,4.711048366410376
2025-02-07,-0.006813583644215226,0.0,-0.006813583644215226,0.6,2,4.681284575509565,4.678949244313895
2025-02-10,0.003985134753588149,0.0,0.003985134753588149,0.6,2,4.699940125362865,4.6975954875576855
2025-02-11,-0.0005642754203133427,0.0,-0.0005642754203133427,0.6,2,4.697288064673178,4.694944749889482
2025-02-12,-0.00464778510511863,0.0,-0.00464778510511863,0.6,2,4.675456079171739,4.67312365561159
2025-02-13,0.009312426412378151,0.0,0.009312426412378151,0.6,2,4.718995919853332,4.716641775770416
2025-02-14,0.0016502559439433462,0.0,0.0016502559439433462,0.6,2,4.726783470919514,4.724425441896332
2025-02-18,-0.0003856657410633347,0.0,-0.0003856657410633347,0.6,2,4.724960512469356,4.7226033928571844
2025-02-19,0.002066206403215065,0.0,0.002066206403215065,0.6,2,4.734723256135159,4.732361266227351
2025-02-20,-0.0016814253823193902,0.0,-0.0016814253823193902,0.6,2,4.726762172274036,4.724404153876011
2025-02-21,-0.007907023273957935,0.0,-0.007907023273957935,0.6,2,4.689387553767401,4.68704818027573
2025-02-24,-0.0018586647913529488,0.0,-0.0018586647913529488,0.6,2,4.680671554228204,4.678336528847677
2025-02-25,0.00016365205232369336,0.0,0.00016365205232369336,0.6,2,4.681437555734306,4.679102148222083
2025-02-26,0.0014062947898065173,0.0,0.0014062947898065173,0.6,2,4.688021036977741,4.685682345194101
2025-02-27,-0.009991613184191171,0.0,-0.009991613184191171,0.6,2,4.641180144176908,4.638864819696928
2025-02-28,0.011546637556681328,0.0,0.011546637556681328,0.6,2,4.6947701691369845,4.692428110444408
2025-03-03,-0.009008319306216615,0.0,-0.009008319306216615,0.6,2,4.652478180384098,4.650157219704058
2025-03-04,-0.008377656338381924,0.0,-0.008377656338381924,0.6,2,4.61350131706702,4.611199800597931
2025-03-05,0.0042217325625232725,0.0,0.0042217325625232725,0.6,2,4.632978285804526,4.630667052948416
2025-03-06,-0.010899811966191187,0.0,-0.010899811966191187,0.6,2,4.58247969364581,4.580193652793242
2025-03-07,0.002884138282751669,0.0,0.002884138282751669,0.6,2,4.595696198760186,4.5934035646496785
2025-03-10,-0.013294362658517621,0.0,-0.013294362658517621,0.6,2,4.534599346825498,4.532337191824298
2025-03-11,-0.006426343425557901,0.0,-0.006426343425557901,0.6,2,4.5054584541254865,4.503210836509206
2025-03-12,0.002041145389088661,0.0,0.002041145389088661,0.6,2,4.514654749874856,4.5124025445442415
2025-03-13,-0.006390570535486261,0.0,-0.006390570535486261,0.6,2,4.485803530252412,4.4835657177988235
2025-03-14,0.010938812946567466,0.0,0.010938812946567466,0.6,2,4.534872895984896,4.532610604519467
2025-03-17,0.004966386295445124,0.0,0.004966386295445124,0.6,2,4.557394826587101,4.555121299708342
2025-03-18,-0.006034773963533401,0.0,-0.006034773963533401,0.6,2,4.529891978946072,4.5276321722881265
2025-03-19,0.007746338496812343,0.0,0.007746338496812343,0.6,2,4.564982055568984,4.562704743683728
2025-03-20,-0.0011215800161414435,0.0,-0.0011215800161414435,0.6,2,4.559862062921413,4.557587305223659
2025-03-21,-9.65981219047448e-05,0.0,-9.65981219047448e-05,0.6,2,4.55942158880999,4.557147050849557
2025-03-24,0.008384670820440964,0.0,0.008384670820440964,0.6,2,4.597650837963773,4.595357228751274
2025-03-25,0.00211941458773377,0.0,0.00211941458773377,0.6,2,4.607395166219059,4.605096695897736
2025-03-26,-0.008096582899341231,0.0,-0.008096582899341231,0.6,2,4.5700910093057425,4.567811148739918
2025-03-27,-0.0019325462360186172,0.0,-0.0019325462360186172,0.6,2,4.561259097127446,4.558983642497577
2025-03-28,-0.008895133223584595,0.0,-0.008895133223584595,0.6,2,4.5206860897912104,4.518430875633419
2025-03-31,0.005317138178657865,0.0,0.005317138178657865,0.6,2,4.544723202392967,4.542455996949876
2025-04-01,0.003112033322416674,0.0,0.003112033322416674,0.6,2,4.558866532439973,4.556592271377995
2025-04-02,0.0035361813884330568,0.0,0.0035361813884330568,0.6,2,4.574987511424338,4.57270520816272
2025-04-03,-0.02576800898392035,0.0,-0.02576800898392035,0.6,2,4.457099192128632,4.454875699277963
2025-04-04,-0.034490931436497195,0.0,-0.034490931436497195,0.6,2,4.303369689487256,4.301222886976049
2025-04-07,-0.005242501407013966,0.0,-0.005242501407013966,0.6,2,4.280809267835218,4.278673719939197
2025-04-08,-0.010398256060306511,0.0,-0.010398256060306511,0.6,2,4.2362963169229335,4.234182975000764
2025-04-09,0.0621708368095662,0.0,0.0621708368095662,0.6,2,4.499670403919315,4.49742567376138
2025-04-10,-0.02904428443258724,0.0,-0.02904428443258724,0.6,2,4.368980696854988,4.366801163278234
2025-04-11,0.008489944000186078,0.0,0.008489944000186078,0.6,2,4.40607309830918,4.403875060614413
2025-04-14,0.009125753426411398,0.0,0.009125753426411398,0.6,2,4.446281834983093,4.444063738538302
2025-04-15,-0.0004899932462994582,0.0,-0.0004899932462994582,0.6,2,4.444103186912807,4.441886177320294
2025-04-16,-0.011678648086644584,0.0,-0.011678648086644584,0.6,2,4.392202069732117,4.390010951814439
2025-04-17,-0.0002765077659274257,0.0,-0.0002765077659274257,0.6,2,4.390987591750314,4.388797079693756
2025-04-21,-0.016522851636426816,0.0,-0.016522851636426816,0.6,2,4.318435955234432,4.316281636683592
2025-04-22,0.015810048012092136,0.0,0.015810048012092136,0.6,2,4.386710635023833,4.3845222565932715
2025-04-23,0.009885983477660586,0.0,0.009885983477660586,0.6,2,4.430077583882957,4.427867571179387
2025-04-24,0.014762391828288157,0.0,0.014762391828288157,0.6,2,4.495476125005953,4.493233487228908
2025-04-25,0.0058526413861844425,0.0,0.0058526413861844425,0.6,2,4.521786534625766,4.519530771494053
2025-04-28,0.0018284188680211867,0.0,0.0018284188680211867,0.6,2,4.53005425444284,4.527794366831255
2025-04-29,0.00518221687268665,0.0,0.00518221687268665,0.6,2,4.5535299780344,4.5512583791951045
2025-04-30,0.0009566955932632142,0.0,0.0009566955932632142,0.6,2,4.557886320098177,4.5556125480302825
2025-05-01,0.002534524256176285,0.0,0.002534524256176285,0.6,2,4.5694383935333605,4.567158858535007
2025-05-02,0.006193924893489112,0.0,0.006193924893489112,0.6,2,4.597741151748331,4.5954474974814055
2025-05-05,-0.004151317670983912,0.0,-0.004151317670983912,0.6,2,4.578654467658469,4.576370335079032
2025-05-06,-0.003989726867398113,0.0,-0.003989726867398113,0.6,2,4.56038688691232,4.5581118673980034
2025-05-07,0.0035752699690685397,0.0,0.0035752699690685397,0.6,2,4.576691501196431,4.574408347873167
2025-05-08,0.0010651091318192745,0.0,0.0010651091318192745,0.6,2,4.5815661771078755,4.579280591977157
2025-05-09,-0.0004610211618595538,0.0,-0.0004610211618595538,0.6,2,4.579453978145769,4.5771694467181625
2025-05-12,0.017237651381984742,0.0,0.017237651381984742,0.6,2,4.658393009340889,4.656069097956962
2025-05-13,0.003662246299402172,0.0,0.003662246299402172,0.6,2,4.675453191900509,4.673120769780716
2025-05-14,-0.0007278739223092411,0.0,-0.0007278739223092411,0.6,2,4.6720500514471475,4.669719327036591
2025-05-15,0.005558376641158835,0.0,0.005558376641158835,0.6,2,4.6980190653194365,4.695675385864759
2025-05-16,0.003929771918816716,0.0,0.003929771918816716,0.6,2,4.716481208716394,4.71412831913601
2025-05-19,0.0005262808700026156,0.0,0.0005262808700026156,0.6,2,4.718963402550268,4.716609274689109
2025-05-20,-0.002527736372481115,0.0,-0.002527736372481115,0.6,2,4.7070351071172345,4.704686929870695
2025-05-21,-0.012929237107066926,0.0,-0.012929237107066926,0.6,2,4.646176734146027,4.643858917039878
2025-05-22,0.0017394347191727055,0.0,0.0017394347191727055,0.6,2,4.654258455268813,4.651936606471117
2025-05-23,-0.0028980363202176784,0.0,-0.0028980363202176784,0.6,2,4.6407702452217645,4.638455125226214
2025-05-27,0.014073917287126834,0.0,0.014073917287126834,0.6,2,4.706084061801575,4.703736358998698
2025-05-28,-0.004573804347032495,0.0,-0.004573804347032495,0.6,2,4.684559354062207,4.6822223891926145
2025-05-29,0.004055918748660537,0.0,0.004055918748660537,0.6,2,4.703559546175562,4.7012131027663395
2025-05-30,0.0005168733442205032,0.0,0.0005168733442205032,0.6,2,4.705990690727933,4.703643034504659
2025-06-02,0.002035142094733233,0.0,0.002035142094733233,0.6,2,4.715568050480057,4.7132156164427785
2025-06-03,0.003041980530642996,0.0,0.003041980530642996,0.6,2,4.7299127166805395,4.72755312658472
2025-06-04,0.002775842910786519,0.0,0.002775842910786519,0.6,2,4.743042211363776,4.740676071416517
2025-06-05,-0.00407117188433621,0.0,-0.00407117188433621,0.6,2,4.723732471266652,4.72137596428182
2025-06-06,0.0029683569646966387,0.0,0.0029683569646966387,0.6,2,4.7377541954471,4.7353906935083465
2025-06-09,0.0012678608543004845,0.0,0.0012678608543004845,0.6,2,4.743761008528805,4.7413945099984645
2025-06-10,0.004084370737439258,0.0,0.004084370737439258,0.6,2,4.763136287177446,4.7607601229897565
2025-06-11,-4.547147681737123e-05,0.0,-4.547147681737123e-05,0.6,2,4.762919700336186,4.760543644196191
2025-06-12,0.0041326368936182465,0.0,0.0041326368936182465,0.6,2,4.782603118011137,4.780217242493876
2025-06-13,-0.008201708361757442,0.0,-0.008201708361757442,0.6,2,4.743377602027177,4.741011294765097
2025-06-16,0.004549314848436436,0.0,0.004549314848436436,0.6,2,4.76495672018382,4.7625796478449764
2025-06-17,-0.0031832927050305044,0.0,-0.0031832927050305044,0.6,2,4.749788468216673,4.747418962794865
2025-06-18,0.00016581189304285524,0.0,0.00016581189304285524,0.6,2,4.750576039634141,4.748206141320153
2025-06-20,-0.001134505936762609,0.0,-0.001134505936762609,0.6,2,4.745186482914134,4.742819273263852
2025-06-23,0.007314466251633877,0.0,0.007314466251633877,0.6,2,4.779894989301118,4.777510464775739
2025-06-24,0.008003670084525983,0.0,0.008003670084525983,0.6,2,4.818151691834164,4.815748082361175
2025-06-25,0.0005073488821849104,0.0,0.0005073488821849104,0.6,2,4.8205961757092135,4.818191346767645
2025-06-26,0.006111413998952919,0.0,0.006111413998952919,0.6,2,4.850056834660742,4.847637308813915
2025-06-27,0.001932027350625054,0.0,0.001932027350625054,0.6,2,4.859427277117392,4.857003076680454
2025-06-30,0.004458904283771226,0.0,0.004458904283771226,0.6,2,4.881094998220006,4.878659988505355
2025-07-01,-0.0009330969170620264,0.0,-0.0009330969170620264,0.6,2,4.876540463525281,4.874107725910687
2025-07-02,0.001883813972047865,0.0,0.001883813972047865,0.6,2,4.885726958585726,4.883289638146024
2025-07-03,0.003331163184281127,0.0,0.003331163184281127,0.6,2,4.902002112358617,4.899556672806797
2025-07-07,-0.005746712230907192,0.0,-0.005746712230907192,0.6,2,4.873831716863593,4.8714003305491556
2025-07-08,-0.000919249919126397,0.0,-0.000919249919126397,0.6,2,4.869351447452031,4.866922296189266
2025-07-09,0.005668995504768448,0.0,0.005668995504768448,0.6,2,4.896955778918774,4.8945128568084195
2025-07-10,0.0014809956242392453,0.0,0.0014809956242392453,0.6,2,4.904208148999445,4.901761608932135
2025-07-11,-0.00396428470415524,0.0,-0.00396428470415524,0.6,2,4.884766471648374,4.88232963036243
2025-07-14,0.0009765536710563127,0.0,0.0009765536710563127,0.6,2,4.889536708278514,4.887097487286267
2025-07-15,-0.004108977164641136,0.0,-0.004108977164641136,0.6,2,4.869445713598523,4.867016515309633
2025-07-16,0.003111452614815935,0.0,0.003111452614815935,0.6,2,4.884596763196804,4.882160006572545
2025-07-17,0.0035434082332208125,0.0,0.0035434082332208125,0.6,2,4.901904883583479,4.899459492535736
2025-07-18,0.0006688215631510009,0.0,0.0006688215631510009,0.6,2,4.905183383270135,4.902736356692128
2025-07-21,0.0025371739341103266,0.0,0.0025371739341103266,0.6,2,4.917628686692199,4.915175451582142
2025-07-22,0.0012254067701790382,0.0,0.0012254067701790382,0.6,2,4.923654782178098,4.921198540857129
2025-07-23,0.003660819883292676,0.0,0.003660819883292676,0.6,2,4.941679395503164,4.939214162325129
2025-07-24,-0.0003900304306774685,0.0,-0.0003900304306774685,0.6,2,4.939751990160266,4.937287718498189
2025-07-25,0.003463980392285482,0.0,0.003463980392285482,0.6,2,4.956863194196935,4.954390386346139
2025-07-28,-0.0010372668880680226,0.0,-0.0010372668880680226,0.6,2,4.951721604136911,4.9492513612478195
2025-07-29,0.0010443192941891337,0.0,0.0010443192941891337,0.6,2,4.956892782547564,4.954419959936162
2025-07-30,-0.0021414645022656224,0.0,-0.0021414645022656224,0.6,2,4.946277772612202,4.943810245462643
2025-07-31,-0.0018581388835215767,0.0,-0.0018581388835215767,0.6,2,4.9370869015542125,4.9346239594127965
2025-08-01,-0.005280208834852717,0.0,-0.005280208834852717,0.6,2,4.91101805167819,4.90856811438563
2025-08-04,0.009629680482544468,0.0,0.009629680482544468,0.6,2,4.958309586359859,4.955836056953969
2025-08-05,-0.00333000556397649,0.0,-0.00333000556397649,0.6,2,4.941798387849363,4.9393330953101575
2025-08-06,0.004297746284230186,0.0,0.004297746284230186,0.6,2,4.963036983508157,4.960561095767102
2025-08-07,-0.0007746583801655272,0.0,-0.0007746583801655272,0.6,2,4.959192325317812,4.956718355543943
2025-08-08,0.0037490505525839875,0.0,0.0037490505525839875,0.6,2,4.977784588045414,4.975301343233798
2025-08-11,-0.0010599488454537953,0.0,-0.0010599488454537953,0.6,2,4.972508391018398,4.970027778319253
2025-08-12,0.00628890080861475,0.0,0.00628890080861475,0.6,2,5.003780003059516,5.0012837900331615
2025-08-13,0.0034788651515463174,0.0,0.0034788651515463174,0.6,2,5.021187478938164,5.018682581923301
2025-08-14,-0.0012340384452210304,0.0,-0.0012340384452210304,0.6,2,5.014991140548491,5.012489334672846
2025-08-15,-0.0021976358056317036,0.0,-0.0021976358056317036,0.6,2,5.0039700164530965,5.001473708635622
2025-08-18,-0.0005077189157322915,0.0,-0.0005077189157322915,0.6,2,5.001429406221986,4.99893436582721
2025-08-19,-0.002247525456824917,0.0,-0.002247525456824917,0.6,2,4.990188566310989,4.987699133583016
2025-08-20,-0.0010078952711055854,0.0,-0.0010078952711055854,0.6,2,4.985158978853079,4.98267205521258
2025-08-21,-0.003582486186578082,0.0,-0.003582486186578082,0.6,2,4.967299715673442,4.964821701402532
2025-08-22,0.011412718658006681,0.0,0.011412718658006681,0.6,2,5.02399010981842,5.021483814667805
2025-08-25,-0.0034371767758696326,0.0,-0.0034371767758696326,0.6,2,5.006721767690753,5.004224087119623
2025-08-26,0.003558962965822632,0.0,0.003558962965822632,0.6,2,5.024540505042142,5.022033935318359
2025-08-27,0.002121980513533117,0.0,0.002121980513533117,0.6,2,5.0352024820832995,5.032690593467406
2025-08-28,0.0030402289036866926,0.0,0.0030402289036866926,0.6,2,5.0505106502052435,5.047991124872977
2025-08-29,-0.003915591278991237,0.0,-0.003915591278991237,0.6,2,5.030734914748847,5.0282252548479995
2025-09-02,-0.005607906727912226,0.0,-0.005607906727912226,0.6,2,5.002523022574084,5.000027436611879
2025-09-03,0.004629346200313966,0.0,0.004629346200313966,0.6,2,5.025681433520621,5.023174294627024
2025-09-04,0.006801796853238206,0.0,0.006801796853238206,0.6,2,5.059865097680518,5.057340905737485
2025-09-05,0.0002317995822867184,0.0,0.0002317995822867184,0.6,2,5.061037972296588,5.058513195246916
2025-09-08,0.0027129048704289892,0.0,0.0027129048704289892,0.6,2,5.074768086861058,5.072236460331431
2025-09-09,0.000438790073719719,0.0,0.000438790073719719,0.6,2,5.076994844724002,5.074462107341784
2025-09-10,0.0028143604005469447,0.0,0.0028143604005469447,0.6,2,5.0912833379687745,5.088743472550763
2025-09-11,0.0055942055792671756,0.0,0.0055942055792671756,0.6,2,5.11976502362367,5.117210949676366
2025-09-12,-0.0013526005980347478,0.0,-0.0013526005980347478,0.6,2,5.112840026390919,5.110289407085563
2025-09-15,0.003850269736414535,0.0,0.003850269736414535,0.6,2,5.13252583961166,5.129965399733984
2025-09-16,-0.0005778686607566417,0.0,-0.0005778686607566417,0.6,2,5.129559913778426,5.127000953498712
2025-09-17,-0.0016083782323235152,0.0,-0.0016083782323235152,0.6,2,5.121309641271705,5.118754796768003
2025-09-18,0.0014826906957350783,0.0,0.0014826906957350783,0.6,2,5.128902959426797,5.12634432687892
2025-09-19,0.0028026935179985115,0.0,0.0028026935179985115,0.6,2,5.1432777025056255,5.140711898894892
2025-09-22,0.0021857920589378075,0.0,0.0021857920589378075,0.6,2,5.154519838064674,5.151948426140784
2025-09-23,-0.0021480056944390923,0.0,-0.0021480056944390923,0.6,2,5.143447900100412,5.140882011583977
2025-09-24,-0.0029786471843229467,0.0,-0.0029786471843229467,0.6,2,5.128127383495066,5.125569137855236
2025-09-25,-0.003638149694470849,0.0,-0.003638149694470849,0.6,2,5.109470488421596,5.106921550062359
2025-09-26,0.0032249168234828483,0.0,0.0032249168234828483,0.6,2,5.125948105758796,5.123390947285362
2025-09-29,0.002851836107225125,0.0,0.002851836107225125,0.6,2,5.140566469650561,5.138002018580261
2025-09-30,0.0020979901966485135,0.0,0.0020979901966485135,0.6,2,5.151351327709108,5.1487814964456025
2025-10-01,0.0034150738645892793,0.0,0.0034150738645892793,0.6,2,5.168943572995684,5.166364965568595
2025-10-02,0.0011090796729539497,0.0,0.0011090796729539497,0.6,2,5.17467634324314,5.1720948759349685
2025-10-03,-0.0007947391366194932,0.0,-0.0007947391366194932,0.6,2,5.170563825433826,5.167984409718754
2025-10-06,0.0009894440318817695,0.0,0.0009894440318817695,0.6,2,5.175679808952365,5.173097841049809
2025-10-07,-0.0012220982026113214,0.0,-0.0012220982026113214,0.6,2,5.1693546199605525,5.16677580747633
2025-10-08,0.0036576354986050494,0.0,0.0036576354986050494,0.6,2,5.188262234923398,5.185673990083089
2025-10-09,-0.002027291740259729,0.0,-0.002027291740259729,0.6,2,5.177744113748236,5.175161116035314
2025-10-10,-0.013703922123722288,0.0,-0.013703922123722288,0.6,2,5.106788711636869,5.10424111112345
2025-10-13,0.009387576134302033,0.0,0.009387576134302033,0.6,2,5.1547290794691545,5.152157563161956
2025-10-14,0.00033858964972992636,0.0,0.00033858964972992636,0.6,2,5.156474417382625,5.15390203038662
2025-10-15,0.0022213566098061134,0.0,0.0022213566098061134,0.6,2,5.167928785912974,5.1653506847281125
2025-10-16,-0.0022167279118534998,0.0,-0.0022167279118534998,0.6,2,5.156472893926769,5.153900507690764
2025-10-17,0.0027571275340083634,0.0,0.0027571275340083634,0.6,2,5.170689947320982,5.168110468688059
2025-10-20,0.006758222888312515,0.0,0.006758222888312515,0.6,2,5.205634622471334,5.203037711146874
2025-10-21,0.0007293423059446803,0.0,0.0007293423059446803,0.6,2,5.209431312030793,5.206832506669039
2025-10-22,-0.0030334218330494876,0.0,-0.0030334218330494876,0.6,2,5.193628909351107,5.191037987262277
2025-10-23,0.0022456141428504497,0.0,0.0022456141428504497,0.6,2,5.205291795882663,5.202695055582547
2025-10-24,0.005268396330611403,0.0,0.005268396330611403,0.6,2,5.2327153360798535,5.230104915122668
2025-10-27,0.0070616984403273795,0.0,0.0070616984403273795,0.6,2,5.269667193807326,5.2670383388445385
2025-10-28,0.0019632386402142375,0.0,0.0019632386402142375,0.6,2,5.280012808063278,5.277378792030848
2025-10-29,-0.0022927786956736806,0.0,-0.0022927786956736806,0.6,2,5.2679069071840665,5.265278930367479
2025-10-30,-0.007192881782834327,0.0,-0.007192881782834327,0.6,2,5.230015475557716,5.227406401467698
2025-10-31,0.0021534320061602943,0.0,0.0021534320061602943,0.6,2,5.241277958275495,5.238663265721826
2025-11-03,0.0009466874986894473,0.0,0.0009466874986894473,0.6,2,5.246239810595751,5.243622642745328
2025-11-04,-0.006623171511611247,0.0,-0.006623171511611247,0.6,2,5.211493064539132,5.208893230640258
2025-11-05,0.00017376852911632457,0.0,0.00017376852911632457,0.6,2,5.212398658023457,5.20979837235527
2025-11-06,-0.004410292824527695,0.0,-0.004410292824527695,0.6,2,5.189410453623399,5.186821635976436
2025-11-07,0.0007666122860340075,0.0,0.0007666122860340075,0.6,2,5.193388719434419,5.190797917168042
2025-11-10,0.008789866490963982,0.0,0.008789866490963982,0.6,2,5.239037912913926,5.236424337841523
2025-11-11,0.002621809486080484,0.0,0.002621809486080484,0.6,2,5.252773672211939,5.250153244843618
2025-11-12,0.00041971483431648684,0.0,0.00041971483431648684,0.6,2,5.254978339243474,5.2523568120429145
2025-11-13,-0.011144349468055514,0.0,-0.011144349468055514,0.6,2,5.1964150241838825,5.193822712198586
2025-11-14,-0.0006969802643044471,0.0,-0.0006969802643044471,0.6,2,5.192793225466891,5.190202720271888
2025-11-17,-0.005145599296389492,0.0,-0.005145599296389492,0.6,2,5.166073192299633,5.163496016806338
2025-11-18,-0.004383908177508023,0.0,-0.004383908177508023,0.6,2,5.143425601786306,5.140859724393731
2025-11-19,0.0020274367746999197,0.0,0.0020274367746999197,0.6,2,5.153853571999301,5.15128249245254
2025-11-20,-0.007912045062450268,0.0,-0.007912045062450268,0.6,2,5.113076050292372,5.110525313242845
2025-11-21,0.007283914319614171,0.0,0.007283914319614171,0.6,2,5.150319258152373,5.147749941752725
2025-11-24,0.00941796011744378,0.0,0.00941796011744378,0.6,2,5.198824759517755,5.196231245398725
2025-11-25,0.006671105832429048,0.0,0.006671105832429048,0.6,2,5.23350666969275,5.2308958539665555
2025-11-26,0.004463837072967269,0.0,0.004463837072967269,0.6,2,5.256868190786546,5.254245720804322
2025-11-28,0.002574764449694067,0.0,0.002574764449694067,0.6,2,5.270403388120911,5.267774165896206
2025-12-01,-0.0048800161748771215,0.0,-0.0048800161748771215,0.6,2,5.2446837343387545,5.242067342761033
2025-12-02,0.001443181495507795,0.0,0.001443181495507795,0.6,2,5.252252764853943,5.249632597348312
2025-12-03,0.002908272308665416,0.0,0.002908272308665416,0.6,2,5.26752774612808,5.264899958461848
2025-12-04,-0.0007980876903802114,0.0,-0.0007980876903802114,0.6,2,5.2633237970751585,5.2606981066139165
2025-12-05,0.00031201248743526464,0.0,0.00031201248743526464,0.6,2,5.264966019825261,5.262339510115806
2025-12-08,-0.0026288456312987705,0.0,-0.0026288456312987705,0.6,2,5.251125236905107,5.248505631884227
2025-12-09,-0.0010978712001597833,0.0,-0.0010978712001597833,0.6,2,5.245360177739077,5.242743448707105
2025-12-10,0.005272879055633917,0.0,0.005272879055633917,0.6,2,5.273018327559534,5.270387800831855
2025-12-11,0.0014525070615303498,0.0,0.0014525070615303498,0.6,2,5.2806774239158925,5.278043076329567
2025-12-12,-0.007537568232024694,0.0,-0.007537568232024694,0.6,2,5.240873957521814,5.238259466510168
2025-12-15,-0.0005469169991605188,0.0,-0.0005469169991605188,0.6,2,5.238007634463988,5.235394573361919
2025-12-16,-0.0005178383066461122,0.0,-0.0005178383066461122,0.6,2,5.235295193460358,5.2326834855014255
2025-12-17,-0.006673284901712261,0.0,-0.006673284901712261,0.6,2,5.200358577089832,5.197764297802189
2025-12-18,0.005576007324424115,0.0,0.005576007324424115,0.6,2,5.229355814605317,5.226747069597365
2025-12-19,0.004526743313498249,0.0,0.004526743313498249,0.6,2,5.253027766072986,5.250407211946012
2025-12-22,0.0033183486148214755,0.0,0.0033183486148214755,0.6,2,5.270459143484152,5.267829893445021
2025-12-23,0.0025821450104073435,0.0,0.0025821450104073435,0.6,2,5.284068233264056,5.281432194120055
2025-12-24,0.0031505440314323124,0.0,0.0031505440314323124,0.6,2,5.300715922898047,5.298071578796654
2025-12-26,0.00031319878252753517,0.0,0.00031319878252753517,0.6,2,5.302376100671624,5.299730928364878
2025-12-29,-0.001556597963321793,0.0,-0.001556597963321793,0.6,2,5.294122432832553,5.291481377995631
2025-12-30,-0.0011468692880429732,0.0,-0.0011468692880429732,0.6,2,5.288050766407197,5.285412740514957
2025-12-31,-0.0057722393271893765,0.0,-0.0057722393271893765,0.6,2,5.2575268718091674,5.254904073233728
2026-01-02,0.0007805800155268328,0.0,0.0007805800155268328,0.6,2,5.261630792216398,5.2590059463368055
2026-01-05,0.005197441131665004,0.0,0.005197441131665004,0.6,2,5.288977808515499,5.286339320153968
2026-01-06,0.0032769682658275287,0.0,0.0032769682658275287,0.6,2,5.30630962095267,5.303662486348509
2026-01-07,-0.0011847671242115163,0.0,-0.0011847671242115163,0.6,2,5.300022879762878,5.297378881396769
2026-01-08,-0.0012630243236062767,0.0,-0.0012630243236062767,0.6,2,5.293328821950068,5.290688163018207
2026-01-09,0.004420807416327843,0.0,0.004420807416327843,0.6,2,5.316729609263207,5.314077276486756
2026-01-12,0.0004630341014303374,0.0,0.0004630341014303374,0.6,2,5.319191436380381,5.316537875483406
2026-01-13,-0.0006996731295341394,0.0,-0.0006996731295341394,0.6,2,5.315469741061498,5.31281803678978
2026-01-14,-0.0021210593753879124,0.0,-0.0021210593753879124,0.6,2,5.304195314132628,5.301549234283118
2026-01-15,0.0008173400725787648,0.0,0.0008173400725787648,0.6,2,5.308530645515654,5.305882402919047
2026-01-16,-0.0020369517897576685,0.0,-0.0020369517897576685,0.6,2,5.297717424516287,5.295074576262177
2026-01-20,-0.013849985702999158,0.0,-0.013849985702999158,0.6,2,5.224344113928207,5.221737869084632
2026-01-21,0.00795512260633533,0.0,0.00795512260633533,0.6,2,5.265904411892191,5.263277434051344
2026-01-22,0.003097510345690679,0.0,0.003097510345690679,0.6,2,5.282215605287446,5.279580490355558
2026-01-23,0.000886697652056978,0.0,0.000886697652056978,0.6,2,5.286899333462313,5.2842618819802025
2026-01-26,0.003627061215136562,0.0,0.003627061215136562,0.6,2,5.306075240983045,5.303428223302958
2026-01-27,0.0019300727002417692,0.0,0.0019300727002417692,0.6,2,5.316316351951095,5.313664225334446
2026-01-28,-0.0003906756454320926,0.0,-0.0003906756454320926,0.6,2,5.314239396628976,5.311588306133604
2026-01-29,-0.0007698036929242088,0.0,-0.0007698036929242088,0.6,2,5.3101484755163675,5.307499425840249
2026-01-30,-0.002039080468031118,0.0,-0.002039080468031118,0.6,2,5.2993206554775965,5.296677007426932
2026-02-02,0.0022143485405504036,0.0,0.0022143485405504036,0.6,2,5.311055198436962,5.308405696428094
2026-02-03,-0.004689123115999916,0.0,-0.004689123115999916,0.6,2,5.286151006735619,5.283513928567868
2026-02-04,-0.002985525910637943,0.0,-0.002985525910637943,0.6,2,5.270369065937466,5.267739860834912
2026-02-05,-0.0051740625610150245,0.0,-0.0051740625610150245,0.6,2,5.243099846670667,5.2404842452397995
2026-02-06,0.011465276366647445,0.0,0.011465276366647445,0.6,2,5.303213435430672,5.300567845406535
2026-02-09,0.002983315644683926,0.0,0.002983315644683926,0.6,2,5.319034595039691,5.316381112385445
2026-02-10,0.00016852018792648006,0.0,0.00016852018792648006,0.6,2,5.319930959749234,5.317277029929593
2026-02-11,-0.0012333572949524197,0.0,-0.0012333572949524197,0.6,2,5.313369584091384,5.310718927515446
2026-02-12,-0.006783132900864007,0.0,-0.006783132900864007,0.6,2,5.277328292051084,5.274695615230975
2026-02-13,0.0019913068831055817,0.0,0.0019913068831055817,0.6,2,5.287837072203454,5.2851991529158715
2026-02-17,0.0009326815616084838,0.0,0.0009326815616084838,0.6,2,5.292768940341487,5.290128560715225
2026-02-18,0.002195950439911254,0.0,0.002195950439911254,0.6,2,5.304391598624378,5.301745420855314
2026-02-19,-0.001209069071933011,0.0,-0.001209069071933011,0.6,2,5.29797822279706,5.295335244439695
2026-02-20,0.004358906699301768,0.0,0.004358906699301768,0.6,2,5.321071615565165,5.318417116711731
2026-02-23,-0.0046967378937980975,0.0,-0.0046967378937980975,0.6,2,5.296079936872727,5.293437905504646
2026-02-24,0.004282414013318302,0.0,0.004282414013318302,0.6,2,5.3187599438100435,5.316106598169809
2026-02-25,0.0047243021376659035,0.0,0.0047243021376659035,0.6,2,5.3438873727823175,5.341221491935603
2026-02-26,-0.002264201456603754,0.0,-0.002264201456603754,0.6,2,5.331787735208938,5.3291278904535195
2026-02-27,-0.0012611344062310355,0.0,-0.0012611344062310355,0.6,2,5.325063634249346,5.3224071439156635
2026-03-02,-0.00199345809450302,0.0,-0.00199345809450302,0.6,2,5.314448343043908,5.311797148312384
2026-03-03,-0.005657789884640407,0.0,-0.005657789884640407,0.6,2,5.28438031096619,5.281744116137401
2026-03-04,0.0034023791006766663,0.0,0.0034023791006766663,0.6,2,5.3023597760962495,5.299714611933269
2026-03-05,-0.004587013041423393,0.0,-0.004587013041423393,0.6,2,5.278037782652977,5.275404751892509
2026-03-06,-0.008120752737553793,0.0,-0.008120752737553793,0.6,2,5.2351761428805865,5.232564494311874
2026-03-09,0.006596989596945635,0.0,0.006596989596945635,0.6,2,5.2697125454333476,5.2670836678461965
2026-03-10,-0.002246849391669503,0.0,-0.002246849391669503,0.6,2,5.257872295006368,5.255249324111224
2026-03-11,-0.0025793817687569166,0.0,-0.0025793817687569166,0.6,2,5.244310235066176,5.241694029814339
2026-03-12,-0.010438487996999202,0.0,-0.010438487996999202,0.6,2,5.189567565624897,5.18697866960018
2026-03-13,-0.0037824270673057596,0.0,-0.0037824270673057596,0.6,2,5.169938404797065,5.167359301082746
2026-03-16,0.00789949223422779,0.0,0.00789949223422779,0.6,2,5.210778293077195,5.208178815753113
2026-03-17,0.0022935414346617394,0.0,0.0022935414346617394,0.6,2,5.222729428999203,5.22012398966617
2026-03-18,-0.01022622303728662,0.0,-0.01022622303728662,0.6,2,5.1693206329948564,5.166741837465554
2026-03-19,-0.0015001639989410398,0.0,-0.0015001639989410398,0.6,2,5.1615658042822545,5.158990877369166
2026-03-20,-0.012219056636867821,0.0,-0.012219056636867821,0.6,2,5.098496339384809,5.095952875649507
2026-03-23,0.007599728332390619,0.0,0.007599728332390619,0.6,2,5.137243526467821,5.134680733099108
2026-03-24,-0.0033470617944287187,0.0,-0.0033470617944287187,0.6,2,5.120048854931705,5.117494639390763
2026-03-25,0.0054647798355898615,0.0,0.0054647798355898615,0.6,2,5.1480287946713705,5.145460620904845
2026-03-26,-0.013998083803655702,0.0,-0.013998083803655702,0.6,2,5.075966256179928,5.073434031925008
2026-03-27,-0.01021811455655075,0.0,-0.01021811455655075,0.6,2,5.0240994514890955,5.021593101791695
2026-03-30,0.0008975049927057999,0.0,0.0008975049927057999,0.6,2,5.028608605830658,5.02610000667189
2026-03-31,0.018037652017413475,0.0,0.018037652017413475,0.6,2,5.119312897994402,5.116759049596957
2026-04-01,0.004164851343405251,0.0,0.004164851343405251,0.6,2,5.140634075194925,5.138069590398551
2026-04-02,0.0015838742704893608,0.0,0.0015838742704893608,0.6,2,5.148776193240628,5.146207646622767
2026-04-06,0.0017863002651844703,0.0,0.0017863002651844703,0.6,2,5.15797345351999,5.155400318706624
2026-04-07,0.0012821124712260046,0.0,0.0012821124712260046,0.6,2,5.164586555611,5.162010121749399
2026-04-08,0.016177823761960485,0.0,0.016177823761960485,0.6,2,5.248138326711065,5.245520211756518
2026-04-09,0.0033437086887530662,0.0,0.0033437086887530662,0.6,2,5.265686572433867,5.263059703265599
2026-04-10,-0.0010643144857884978,0.0,-0.0010643144857884978,0.6,2,5.260082225937204,5.257458152583844
2026-04-13,0.0067684391095396805,0.0,0.0067684391095396805,0.6,2,5.295684772194632,5.293042937960561
2026-04-14,0.008596526313020103,0.0,0.008596526313020103,0.6,2,5.341209265684263,5.338544720852684
2026-04-15,0.0038525199518631313,0.0,0.0038525199518631313,0.6,2,5.361786380947388,5.359111570903682
2026-04-16,0.0007631772801746095,0.0,0.0007631772801746095,0.6,2,5.365878374494477,5.363201523096516
2026-04-17,0.009408920249006325,0.0,0.009408920249006325,0.6,2,5.416365496185963,5.413663458506681
2026-04-20,-0.001575245342080267,0.0,-0.001575245342080267,0.6,2,5.407833391667092,5.4051356103600785
2026-04-21,-0.005671284104871988,0.0,-0.005671284104871988,0.6,2,5.377164032111135,5.374481550688366
2026-04-22,0.006484460482924748,0.0,0.006484460482924748,0.6,2,5.412032039787564,5.409332163920014
2026-04-23,-0.002958395038804929,0.0,-0.002958395038804929,0.6,2,5.396021111051204,5.3933292224830245
2026-04-24,0.005438721341391339,0.0,0.005438721341391339,0.6,2,5.425368566226476,5.422662037226493
2026-04-27,0.00011407577868538521,0.0,0.00011407577868538521,0.6,2,5.425987469370324,5.423280631620938
2026-04-28,-0.0032972802795005808,0.0,-0.0032972802795005808,0.6,2,5.4080964678907515,5.405398555344097
2026-04-29,-0.001984221887159343,0.0,-0.001984221887159343,0.6,2,5.397365604511294,5.394673045221764
2026-04-30,0.00671541985654236,0.0,0.00671541985654236,0.6,2,5.433611180664848,5.4309005397092
2026-05-01,0.0019674092421386514,0.0,0.0019674092421386514,0.6,2,5.4443013175198764,5.44158534362416
2026-05-04,-0.0036785076090336544,0.0,-0.0036785076090336544,0.6,2,5.424274413697508,5.4215684305324325
2026-05-05,0.005397794830518743,0.0,0.005397794830518743,0.6,2,5.45355353408708,5.450832944580065
2026-05-06,0.010298832450948491,0.0,0.010298832450948491,0.6,2,5.509718768196921,5.506970159794405
2026-05-07,-0.0030522568162012704,0.0,-0.0030522568162012704,0.6,2,5.49290169153134,5.490161472587556
2026-05-08,0.006000646345836146,0.0,0.006000646345836146,0.6,2,5.5258626519946645,5.52310598996609
2026-05-11,2.1293331867844323e-05,0.0,2.1293331867844323e-05,0.6,2,5.52598031602197,5.523223595294876
2026-05-12,-0.0022590407788864566,0.0,-0.0022590407788864566,0.6,2,5.5134969011447525,5.510746407962197
2026-05-13,0.0033556950843278252,0.0,0.0033556950843278252,0.6,2,5.531998515593381,5.529238792594373
2026-05-14,0.0044783641490694585,0.0,0.0044783641490694585,0.6,2,5.55677281941832,5.554000737374772
2026-05-15,-0.01042351540833424,0.0,-0.01042351540833424,0.6,2,5.498851712314501,5.496108525110847
2026-05-18,-0.0005915913851281874,0.0,-0.0005915913851281874,0.6,2,5.495598639013398,5.492857074655661
2026-05-19,-0.00554191607206227,0.0,-0.00554191607206227,0.6,2,5.465142492590246,5.462416121752086
2026-05-20,0.008842119620328947,0.0,0.008842119620328947,0.6,2,5.513465936251872,5.510715458516631
2026-05-21,0.0014616340998416574,0.0,0.0014616340998416574,0.6,2,5.521524606072613,5.518770108145324
2026-05-22,0.00270289416742846,0.0,0.00270289416742846,0.6,2,5.5364487027256795,5.533686759682008
2026-05-26,0.0056860749129433955,0.0,0.0056860749129433955,0.6,2,5.567929364801047,5.5651517171423235
2026-05-27,6.59428774960836e-05,0.0,6.59428774960836e-05,0.6,2,5.568296530085056,5.565518699260254
2026-05-28,0.00424366662519402,0.0,0.00424366662519402,0.6,2,5.5919265242289615,5.589136905216198
2026-05-29,0.00195943687334168,0.0,0.00195943687334168,0.6,2,5.602883551253553,5.600088466158434
2026-06-01,0.0009513928926584867,0.0,0.0009513928926584867,0.6,2,5.60821409484261,5.605416350523396
2026-06-02,0.001116767887845138,0.0,0.001116767887845138,0.6,2,5.614477168251891,5.611676299501663
2026-06-03,-0.005234671362019716,0.0,-0.005234671362019716,0.6,2,5.585087225406529,5.5823010182837365
2026-06-04,0.0027898910110514927,0.0,0.0027898910110514927,0.6,2,5.600669010052629,5.59787502971563
2026-06-05,-0.017686565553188593,0.0,-0.017686565553188593,0.6,2,5.501612410464621,5.498867846044007
2026-06-08,0.0009598435907277603,0.0,0.0009598435907277603,0.6,2,5.506893097875475,5.504145899102292
2026-06-09,-0.0006181570138070747,0.0,-0.0006181570138070747,0.6,2,5.503488973282737,5.500743472709744
2026-06-10,-0.009875301154497461,0.0,-0.009875301154497461,0.6,2,5.449140362271114,5.4464219743430995
2026-06-11,0.012936305830622797,0.0,0.012936305830622797,0.6,2,5.519632108511445,5.516878554685826
2026-06-12,0.0025633789566965604,0.0,0.0025633789566965604,0.6,2,5.53378101730711,5.531020405079558
2026-06-15,0.010973744797536922,0.0,0.010973744797536922,0.6,2,5.594507317956492,5.59171641147487
2026-06-16,-0.002560586612471605,0.0,-0.002560586612471605,0.6,2,5.580182097414759,5.5773983372909095
2026-06-17,-0.009597926634879772,0.0,-0.009597926634879772,0.6,2,5.526623919034503,5.523866877236091
2026-06-18,0.0076956623713274825,0.0,0.0076956623713274825,0.6,2,5.569154950768695,5.566376691707459
2026-06-22,-0.003412087184031365,0.0,-0.003412087184031365,0.6,2,5.550152508535292,5.547383729136193
2026-06-23,-0.008204894031844366,0.0,-0.008204894031844366,0.6,2,5.504614095342185,5.501868033484653
2026-06-24,0.0023144918105148854,0.0,0.0023144918105148854,0.6,2,5.517354479585899,5.514602061990687
2026-06-25,0.0011500959110948283,0.0,0.0011500959110948283,0.6,2,5.523699966412932,5.5209443832734975
2026-06-26,-0.0033262259773068517,0.0,-0.0033262259773068517,0.6,2,5.5053268920938,5.502580474646587
2026-06-29,0.009973745465370241,0.0,0.009973745465370241,0.6,2,5.560235621219202,5.557461811703429
2026-06-30,0.0026060166089142186,0.0,0.0026060166089142186,0.6,2,5.574725687597575,5.571944649488134
2026-07-01,-0.0017819477141203465,0.0,-0.0017819477141203465,0.6,2,5.564791817901713,5.562015735456773
2026-07-02,-0.0004010125796530151,0.0,-0.0004010125796530151,0.6,2,5.562560266379585,5.559785297178627
2026-07-06,0.005480567064987873,0.0,0.005480567064987873,0.6,2,5.593046250972514,5.5902560733667475
2026-07-07,-0.004895083653595211,0.0,-0.004895083653595211,0.6,2,5.565667821695576,5.5628913022425985
2026-07-08,-0.002653891075549186,0.0,-0.002653891075549186,0.6,2,5.550897145534107,5.548127994661327
2026-07-09,0.0059250542949132795,0.0,0.0059250542949132795,0.6,2,5.583786512506876,5.581000954264823
2026-07-10,0.002243716933290774,0.0,0.002243716933290774,0.6,2,5.596314948856868,5.5935231406106185
2026-07-13,-0.006056088945162274,0.0,-0.006056088945162274,0.6,2,5.56242316776145,5.559648266954257
2026-07-14,0.003244186552711925,0.0,0.003244186552711925,0.6,2,5.580468706202796,5.577684803099719
2026-07-15,0.003359570190710581,0.0,0.003359570190710581,0.6,2,5.599216682518348,5.596423426697392
2026-07-16,-0.003510215215006984,0.0,-0.003510215215006984,0.6,2,5.579562226927251,5.576778776035377
2026-07-17,-0.005413589466637303,0.0,-0.005413589466637303,0.6,2,5.549356767627111,5.546588385195665
2026-07-20,-0.0022280279439069964,0.0,-0.0022280279439069964,0.6,2,5.536992645678128,5.5342304312801
2026-07-21,0.00401159821791115,0.0,0.00401159821791115,0.6,2,5.559204835508118,5.5564315402157325
2026-07-22,-0.0015967112683225927,0.0,-0.0015967112683225927,0.6,2,5.550328390504348,5.547559523363807
2026-07-23,-0.008493383333143645,0.0,-0.008493383333143645,0.6,2,5.503187323858965,5.500441973768447
2026-07-24,0.0013846316666608072,0.0,0.0013846316666608072,0.6,2,5.5108072112951465,5.508058059905957
2026-07-27,0.001242226686228887,0.0,0.001242226686228887,0.6,2,5.51765288307568,5.51490031661727
2026-07-28,0.0026365988487864643,0.0,0.0026365988487864643,0.6,2,5.532200720315201,5.529440896443235
2026-07-29,-0.01091174218761155,0.0,-0.01091174218761155,0.6,2,5.4718347723250025,5.469105062939611
2026-07-30,0.010189773151398462,0.0,0.010189773151398462,0.6,2,5.527591527376928,5.52483400287213
2026-07-31,0.0031961454720833334,0.0,0.0031961454720833334,0.6,2,5.54525851400868,5.542492176054422
2026-08-03,0.009336221141700917,0.0,0.009336221141700917,0.6,2,5.597030273783365,5.594238108686214
2026-08-04,0.012635950790641148,0.0,0.012635950790641148,0.6,2,5.66775407289662,5.664926626138701
2026-08-05,-0.0009129524362134099,0.0,-0.0009129524362134099,0.6,2,5.662579683007911,5.659754817574398
2026-08-06,-0.0025026815243750947,0.0,-0.0025026815243750947,0.6,2,5.648408049454945,5.645590253759962
2026-08-07,0.00461226259466061,0.0,0.00461226259466061,0.6,2,5.674459990620825,5.671629198512159
2026-08-10,-0.0019403108895367895,0.0,-0.0019403108895367895,0.6,2,5.663449774108782,5.660624474616871
