date,gross_return,cost,net_return,exposure,n_holdings,equity_gross,equity_net
2005-02-01,0.0,0.0005,-0.0005,0.0,1,1.0,0.9995
2005-02-02,0.0,0.0,0.0,0.0,1,1.0,0.9995
2005-02-03,0.0,0.0,0.0,0.0,1,1.0,0.9995
2005-02-04,0.0,0.0,0.0,0.0,1,1.0,0.9995
2005-02-07,0.0,0.0,0.0,0.0,1,1.0,0.9995
2005-02-08,0.0,0.0,0.0,0.0,1,1.0,0.9995
2005-02-09,0.0,0.0,0.0,0.0,1,1.0,0.9995
2005-02-10,0.0,0.0,0.0,0.0,1,1.0,0.9995
2005-02-11,0.0,0.0,0.0,0.0,1,1.0,0.9995
2005-02-14,0.0,0.0,0.0,0.0,1,1.0,0.9995
2005-02-15,0.0,0.0,0.0,0.0,1,1.0,0.9995
2005-02-16,0.0,0.0,0.0,0.0,1,1.0,0.9995
2005-02-17,0.0,0.0,0.0,0.0,1,1.0,0.9995
2005-02-18,0.0,0.0,0.0,0.0,1,1.0,0.9995
2005-02-22,0.0,0.0,0.0,0.0,1,1.0,0.9995
2005-02-23,0.0,0.0,0.0,0.0,1,1.0,0.9995
2005-02-24,0.0,0.0,0.0,0.0,1,1.0,0.9995
2005-02-25,0.0,0.0,0.0,0.0,1,1.0,0.9995
2005-02-28,0.0,0.0,0.0,0.0,1,1.0,0.9995
2005-03-01,0.0,0.0,0.0,0.0,1,1.0,0.9995
2005-03-02,0.0,0.0,0.0,0.0,1,1.0,0.9995
2005-03-03,0.0,0.0,0.0,0.0,1,1.0,0.9995
2005-03-04,0.0,0.0,0.0,0.0,1,1.0,0.9995
2005-03-07,0.0,0.0,0.0,0.0,1,1.0,0.9995
2005-03-08,0.0,0.0,0.0,0.0,1,1.0,0.9995
2005-03-09,0.0,0.0,0.0,0.0,1,1.0,0.9995
2005-03-10,0.0,0.0,0.0,0.0,1,1.0,0.9995
2005-03-11,0.0,0.0,0.0,0.0,1,1.0,0.9995
2005-03-14,0.0,0.0,0.0,0.0,1,1.0,0.9995
2005-03-15,0.0,0.0,0.0,0.0,1,1.0,0.9995
2005-03-16,0.0,0.0,0.0,0.0,1,1.0,0.9995
2005-03-17,0.0,0.0,0.0,0.0,1,1.0,0.9995
2005-03-18,0.0,0.0,0.0,0.0,1,1.0,0.9995
2005-03-21,0.0,0.0,0.0,0.0,1,1.0,0.9995
2005-03-22,0.0,0.0,0.0,0.0,1,1.0,0.9995
2005-03-23,0.0,0.0,0.0,0.0,1,1.0,0.9995
2005-03-24,0.0,0.0,0.0,0.0,1,1.0,0.9995
2005-03-28,0.0,0.0,0.0,0.0,1,1.0,0.9995
2005-03-29,0.0,0.0,0.0,0.0,1,1.0,0.9995
2005-03-30,0.0,0.0,0.0,0.0,1,1.0,0.9995
2005-03-31,0.0,0.0,0.0,0.0,1,1.0,0.9995
2005-04-01,0.0,0.0,0.0,0.0,1,1.0,0.9995
2005-04-04,0.0,0.0,0.0,0.0,1,1.0,0.9995
2005-04-05,0.0,0.0,0.0,0.0,1,1.0,0.9995
2005-04-06,0.0,0.0,0.0,0.0,1,1.0,0.9995
2005-04-07,0.0,0.0,0.0,0.0,1,1.0,0.9995
2005-04-08,0.0,0.0,0.0,0.0,1,1.0,0.9995
2005-04-11,0.0,0.0,0.0,0.0,1,1.0,0.9995
2005-04-12,0.0,0.0,0.0,0.0,1,1.0,0.9995
2005-04-13,0.0,0.0,0.0,0.0,1,1.0,0.9995
2005-04-14,0.0,0.0,0.0,0.0,1,1.0,0.9995
2005-04-15,0.0,0.0,0.0,0.0,1,1.0,0.9995
2005-04-18,0.0,0.0,0.0,0.0,1,1.0,0.9995
2005-04-19,0.0,0.0,0.0,0.0,1,1.0,0.9995
2005-04-20,0.0,0.0,0.0,0.0,1,1.0,0.9995
2005-04-21,0.0,0.0,0.0,0.0,1,1.0,0.9995
2005-04-22,0.0,0.0,0.0,0.0,1,1.0,0.9995
2005-04-25,0.0,0.0,0.0,0.0,1,1.0,0.9995
2005-04-26,0.0,0.0,0.0,0.0,1,1.0,0.9995
2005-04-27,0.0,0.0,0.0,0.0,1,1.0,0.9995
2005-04-28,0.0,0.0,0.0,0.0,1,1.0,0.9995
2005-04-29,0.0,0.0,0.0,0.0,1,1.0,0.9995
2005-05-02,0.0,0.0,0.0,0.0,1,1.0,0.9995
2005-05-03,0.0,0.0,0.0,0.0,1,1.0,0.9995
2005-05-04,0.0,0.0,0.0,0.0,1,1.0,0.9995
2005-05-05,0.0,0.0,0.0,0.0,1,1.0,0.9995
2005-05-06,0.0,0.0,0.0,0.0,1,1.0,0.9995
2005-05-09,0.0,0.0,0.0,0.0,1,1.0,0.9995
2005-05-10,0.0,0.0,0.0,0.0,1,1.0,0.9995
2005-05-11,0.0,0.0,0.0,0.0,1,1.0,0.9995
2005-05-12,0.0,0.0,0.0,0.0,1,1.0,0.9995
2005-05-13,0.0,0.0,0.0,0.0,1,1.0,0.9995
2005-05-16,0.0,0.0,0.0,0.0,1,1.0,0.9995
2005-05-17,0.0,0.0,0.0,0.0,1,1.0,0.9995
2005-05-18,0.0,0.0,0.0,0.0,1,1.0,0.9995
2005-05-19,0.0,0.0,0.0,0.0,1,1.0,0.9995
2005-05-20,0.0,0.0,0.0,0.0,1,1.0,0.9995
2005-05-23,0.0,0.0,0.0,0.0,1,1.0,0.9995
2005-05-24,0.0,0.0,0.0,0.0,1,1.0,0.9995
2005-05-25,0.0,0.0,0.0,0.0,1,1.0,0.9995
2005-05-26,0.0,0.0,0.0,0.0,1,1.0,0.9995
2005-05-27,0.0,0.0,0.0,0.0,1,1.0,0.9995
2005-05-31,0.0,0.0,0.0,0.0,1,1.0,0.9995
2005-06-01,0.0,0.0,0.0,0.0,1,1.0,0.9995
2005-06-02,0.0,0.0,0.0,0.0,1,1.0,0.9995
2005-06-03,0.0,0.0,0.0,0.0,1,1.0,0.9995
2005-06-06,0.0,0.0,0.0,0.0,1,1.0,0.9995
2005-06-07,0.0,0.0,0.0,0.0,1,1.0,0.9995
2005-06-08,0.0,0.0,0.0,0.0,1,1.0,0.9995
2005-06-09,0.0,0.0,0.0,0.0,1,1.0,0.9995
2005-06-10,0.0,0.0,0.0,0.0,1,1.0,0.9995
2005-06-13,0.0,0.0,0.0,0.0,1,1.0,0.9995
2005-06-14,0.0,0.0,0.0,0.0,1,1.0,0.9995
2005-06-15,0.0,0.0,0.0,0.0,1,1.0,0.9995
2005-06-16,0.0,0.0,0.0,0.0,1,1.0,0.9995
2005-06-17,0.0,0.0,0.0,0.0,1,1.0,0.9995
2005-06-20,0.0,0.0,0.0,0.0,1,1.0,0.9995
2005-06-21,0.0,0.0,0.0,0.0,1,1.0,0.9995
2005-06-22,0.0,0.0,0.0,0.0,1,1.0,0.9995
2005-06-23,0.0,0.0,0.0,0.0,1,1.0,0.9995
2005-06-24,0.0,0.0,0.0,0.0,1,1.0,0.9995
2005-06-27,0.0,0.0,0.0,0.0,1,1.0,0.9995
2005-06-28,0.0,0.0,0.0,0.0,1,1.0,0.9995
2005-06-29,0.0,0.0,0.0,0.0,1,1.0,0.9995
2005-06-30,0.0,0.0,0.0,0.0,1,1.0,0.9995
2005-07-01,0.0,0.0,0.0,0.0,1,1.0,0.9995
2005-07-05,0.0,0.0,0.0,0.0,1,1.0,0.9995
2005-07-06,0.0,0.0,0.0,0.0,1,1.0,0.9995
2005-07-07,0.0,0.0,0.0,0.0,1,1.0,0.9995
2005-07-08,0.0,0.0,0.0,0.0,1,1.0,0.9995
2005-07-11,0.0,0.0,0.0,0.0,1,1.0,0.9995
2005-07-12,0.0,0.0,0.0,0.0,1,1.0,0.9995
2005-07-13,0.0,0.0,0.0,0.0,1,1.0,0.9995
2005-07-14,0.0,0.0,0.0,0.0,1,1.0,0.9995
2005-07-15,0.0,0.0,0.0,0.0,1,1.0,0.9995
2005-07-18,0.0,0.0,0.0,0.0,1,1.0,0.9995
2005-07-19,0.0,0.0,0.0,0.0,1,1.0,0.9995
2005-07-20,0.0,0.0,0.0,0.0,1,1.0,0.9995
2005-07-21,0.0,0.0,0.0,0.0,1,1.0,0.9995
2005-07-22,0.0,0.0,0.0,0.0,1,1.0,0.9995
2005-07-25,0.0,0.0,0.0,0.0,1,1.0,0.9995
2005-07-26,0.0,0.0,0.0,0.0,1,1.0,0.9995
2005-07-27,0.0,0.0,0.0,0.0,1,1.0,0.9995
2005-07-28,0.0,0.0,0.0,0.0,1,1.0,0.9995
2005-07-29,0.0,0.0,0.0,0.0,1,1.0,0.9995
2005-08-01,0.0,0.0,0.0,0.0,1,1.0,0.9995
2005-08-02,0.0,0.0,0.0,0.0,1,1.0,0.9995
2005-08-03,0.0,0.0,0.0,0.0,1,1.0,0.9995
2005-08-04,0.0,0.0,0.0,0.0,1,1.0,0.9995
2005-08-05,0.0,0.0,0.0,0.0,1,1.0,0.9995
2005-08-08,0.0,0.0,0.0,0.0,1,1.0,0.9995
2005-08-09,0.0,0.0,0.0,0.0,1,1.0,0.9995
2005-08-10,0.0,0.0,0.0,0.0,1,1.0,0.9995
2005-08-11,0.0,0.0,0.0,0.0,1,1.0,0.9995
2005-08-12,0.0,0.0,0.0,0.0,1,1.0,0.9995
2005-08-15,0.0,0.0,0.0,0.0,1,1.0,0.9995
2005-08-16,0.0,0.0,0.0,0.0,1,1.0,0.9995
2005-08-17,0.0,0.0,0.0,0.0,1,1.0,0.9995
2005-08-18,0.0,0.0,0.0,0.0,1,1.0,0.9995
2005-08-19,0.0,0.0,0.0,0.0,1,1.0,0.9995
2005-08-22,0.0,0.0,0.0,0.0,1,1.0,0.9995
2005-08-23,0.0,0.0,0.0,0.0,1,1.0,0.9995
2005-08-24,0.0,0.0,0.0,0.0,1,1.0,0.9995
2005-08-25,0.0,0.0,0.0,0.0,1,1.0,0.9995
2005-08-26,0.0,0.0,0.0,0.0,1,1.0,0.9995
2005-08-29,0.0,0.0,0.0,0.0,1,1.0,0.9995
2005-08-30,0.0,0.0,0.0,0.0,1,1.0,0.9995
2005-08-31,0.0,0.0,0.0,0.0,1,1.0,0.9995
2005-09-01,0.0,0.0,0.0,0.0,1,1.0,0.9995
2005-09-02,0.0,0.0,0.0,0.0,1,1.0,0.9995
2005-09-06,0.0,0.0,0.0,0.0,1,1.0,0.9995
2005-09-07,0.0,0.0,0.0,0.0,1,1.0,0.9995
2005-09-08,0.0,0.0,0.0,0.0,1,1.0,0.9995
2005-09-09,0.0,0.0,0.0,0.0,1,1.0,0.9995
2005-09-12,0.0,0.0,0.0,0.0,1,1.0,0.9995
2005-09-13,0.0,0.0,0.0,0.0,1,1.0,0.9995
2005-09-14,0.0,0.0,0.0,0.0,1,1.0,0.9995
2005-09-15,0.0,0.0,0.0,0.0,1,1.0,0.9995
2005-09-16,0.0,0.0,0.0,0.0,1,1.0,0.9995
2005-09-19,0.0,0.0,0.0,0.0,1,1.0,0.9995
2005-09-20,0.0,0.0,0.0,0.0,1,1.0,0.9995
2005-09-21,0.0,0.0,0.0,0.0,1,1.0,0.9995
2005-09-22,0.0,0.0,0.0,0.0,1,1.0,0.9995
2005-09-23,0.0,0.0,0.0,0.0,1,1.0,0.9995
2005-09-26,0.0,0.0,0.0,0.0,1,1.0,0.9995
2005-09-27,0.0,0.0,0.0,0.0,1,1.0,0.9995
2005-09-28,0.0,0.0,0.0,0.0,1,1.0,0.9995
2005-09-29,0.0,0.0,0.0,0.0,1,1.0,0.9995
2005-09-30,0.0,0.0,0.0,0.0,1,1.0,0.9995
2005-10-03,0.0,0.0,0.0,0.0,1,1.0,0.9995
2005-10-04,0.0,0.0,0.0,0.0,1,1.0,0.9995
2005-10-05,0.0,0.0,0.0,0.0,1,1.0,0.9995
2005-10-06,0.0,0.0,0.0,0.0,1,1.0,0.9995
2005-10-07,0.0,0.0,0.0,0.0,1,1.0,0.9995
2005-10-10,0.0,0.0,0.0,0.0,1,1.0,0.9995
2005-10-11,0.0,0.0,0.0,0.0,1,1.0,0.9995
2005-10-12,0.0,0.0,0.0,0.0,1,1.0,0.9995
2005-10-13,0.0,0.0,0.0,0.0,1,1.0,0.9995
2005-10-14,0.0,0.0,0.0,0.0,1,1.0,0.9995
2005-10-17,0.0,0.0,0.0,0.0,1,1.0,0.9995
2005-10-18,0.0,0.0,0.0,0.0,1,1.0,0.9995
2005-10-19,0.0,0.0,0.0,0.0,1,1.0,0.9995
2005-10-20,0.0,0.0,0.0,0.0,1,1.0,0.9995
2005-10-21,0.0,0.0,0.0,0.0,1,1.0,0.9995
2005-10-24,0.0,0.0,0.0,0.0,1,1.0,0.9995
2005-10-25,0.0,0.0,0.0,0.0,1,1.0,0.9995
2005-10-26,0.0,0.0,0.0,0.0,1,1.0,0.9995
2005-10-27,0.0,0.0,0.0,0.0,1,1.0,0.9995
2005-10-28,0.0,0.0,0.0,0.0,1,1.0,0.9995
2005-10-31,0.0,0.0,0.0,0.0,1,1.0,0.9995
2005-11-01,0.0,0.0,0.0,0.0,1,1.0,0.9995
2005-11-02,0.0,0.0,0.0,0.0,1,1.0,0.9995
2005-11-03,0.0,0.0,0.0,0.0,1,1.0,0.9995
2005-11-04,0.0,0.0,0.0,0.0,1,1.0,0.9995
2005-11-07,0.0,0.0,0.0,0.0,1,1.0,0.9995
2005-11-08,0.0,0.0,0.0,0.0,1,1.0,0.9995
2005-11-09,0.0,0.0,0.0,0.0,1,1.0,0.9995
2005-11-10,0.0,0.0,0.0,0.0,1,1.0,0.9995
2005-11-11,0.0,0.0,0.0,0.0,1,1.0,0.9995
2005-11-14,0.0,0.0,0.0,0.0,1,1.0,0.9995
2005-11-15,0.0,0.0,0.0,0.0,1,1.0,0.9995
2005-11-16,0.0,0.0,0.0,0.0,1,1.0,0.9995
2005-11-17,0.0,0.0,0.0,0.0,1,1.0,0.9995
2005-11-18,0.0,0.0,0.0,0.0,1,1.0,0.9995
2005-11-21,0.0,0.0,0.0,0.0,1,1.0,0.9995
2005-11-22,0.0,0.0,0.0,0.0,1,1.0,0.9995
2005-11-23,0.0,0.0,0.0,0.0,1,1.0,0.9995
2005-11-25,0.0,0.0,0.0,0.0,1,1.0,0.9995
2005-11-28,0.0,0.0,0.0,0.0,1,1.0,0.9995
2005-11-29,0.0,0.0,0.0,0.0,1,1.0,0.9995
2005-11-30,0.0,0.0,0.0,0.0,1,1.0,0.9995
2005-12-01,0.0,0.0,0.0,0.0,1,1.0,0.9995
2005-12-02,0.0,0.0,0.0,0.0,1,1.0,0.9995
2005-12-05,0.0,0.0,0.0,0.0,1,1.0,0.9995
2005-12-06,0.0,0.0,0.0,0.0,1,1.0,0.9995
2005-12-07,0.0,0.0,0.0,0.0,1,1.0,0.9995
2005-12-08,0.0,0.0,0.0,0.0,1,1.0,0.9995
2005-12-09,0.0,0.0,0.0,0.0,1,1.0,0.9995
2005-12-12,0.0,0.0,0.0,0.0,1,1.0,0.9995
2005-12-13,0.0,0.0,0.0,0.0,1,1.0,0.9995
2005-12-14,0.0,0.0,0.0,0.0,1,1.0,0.9995
2005-12-15,0.0,0.0,0.0,0.0,1,1.0,0.9995
2005-12-16,0.0,0.0,0.0,0.0,1,1.0,0.9995
2005-12-19,0.0,0.0,0.0,0.0,1,1.0,0.9995
2005-12-20,0.0,0.0,0.0,0.0,1,1.0,0.9995
2005-12-21,0.0,0.0,0.0,0.0,1,1.0,0.9995
2005-12-22,0.0,0.0,0.0,0.0,1,1.0,0.9995
2005-12-23,0.0,0.0,0.0,0.0,1,1.0,0.9995
2005-12-27,0.0,0.0,0.0,0.0,1,1.0,0.9995
2005-12-28,0.0,0.0,0.0,0.0,1,1.0,0.9995
2005-12-29,0.0,0.0,0.0,0.0,1,1.0,0.9995
2005-12-30,0.0,0.0,0.0,0.0,1,1.0,0.9995
2006-01-03,0.0,0.0,0.0,0.0,1,1.0,0.9995
2006-01-04,0.0,0.0,0.0,0.0,1,1.0,0.9995
2006-01-05,0.0,0.0,0.0,0.0,1,1.0,0.9995
2006-01-06,0.0,0.0,0.0,0.0,1,1.0,0.9995
2006-01-09,0.0,0.0,0.0,0.0,1,1.0,0.9995
2006-01-10,0.0,0.0,0.0,0.0,1,1.0,0.9995
2006-01-11,0.0,0.0,0.0,0.0,1,1.0,0.9995
2006-01-12,0.0,0.0,0.0,0.0,1,1.0,0.9995
2006-01-13,0.0,0.0,0.0,0.0,1,1.0,0.9995
2006-01-17,0.0,0.0,0.0,0.0,1,1.0,0.9995
2006-01-18,0.0,0.0,0.0,0.0,1,1.0,0.9995
2006-01-19,0.0,0.0,0.0,0.0,1,1.0,0.9995
2006-01-20,0.0,0.0,0.0,0.0,1,1.0,0.9995
2006-01-23,0.0,0.0,0.0,0.0,1,1.0,0.9995
2006-01-24,0.0,0.0,0.0,0.0,1,1.0,0.9995
2006-01-25,0.0,0.0,0.0,0.0,1,1.0,0.9995
2006-01-26,0.0,0.0,0.0,0.0,1,1.0,0.9995
2006-01-27,0.0,0.0,0.0,0.0,1,1.0,0.9995
2006-01-30,0.0,0.0,0.0,0.0,1,1.0,0.9995
2006-01-31,0.0,0.0,0.0,0.0,1,1.0,0.9995
2006-02-01,-0.11681453358150423,0.001,-0.11781453358150423,1.0,2,0.8831854664184957,0.8817443736852866
2006-02-02,0.03330439952559733,0.0,0.03330439952559733,1.0,2,0.9125994280472983,0.9111103405859489
2006-02-03,0.030859060710300368,0.0,0.030859060710300368,1.0,2,0.9407613892015952,0.9392263498998731
2006-02-06,0.04275480136922194,0.0,0.04275480136922194,1.0,2,0.9809834555327428,0.9793827859305816
2006-02-07,0.011355076144522303,0.0,0.011355076144522303,1.0,2,0.9921225973668336,0.9905037520394577
2006-02-08,0.042193227652867815,0.0,0.042193227652867815,1.0,2,1.033983451977087,1.0322963023402782
2006-02-09,0.047537007782168295,0.0,0.047537007782168295,1.0,2,1.083135931380355,1.0813685796981318
2006-02-10,0.023135905148389646,0.0,0.023135905148389646,1.0,2,1.1081952615515835,1.1063870205884767
2006-02-13,0.024104283124389447,0.0,0.024104283124389447,1.0,2,1.1349075138931297,1.133055686577891
2006-02-14,0.04886471159000361,0.0,0.04886471159000361,1.0,2,1.1903644422408455,1.188422125917933
2006-02-15,0.033519206652642186,0.0,0.033519206652642186,1.0,2,1.2302645139722734,1.2282570927471486
2006-02-16,0.048259845073138186,0.0,0.048259845073138186,1.0,2,1.289636888815555,1.2875325897531091
2006-02-17,0.040308354764544974,0.0,0.040308354764544974,1.0,2,1.3416200300473762,1.3394309101517907
2006-02-21,0.03710961596392559,0.0,0.03710961596392559,1.0,2,1.3914070341319447,1.3891366768377351
2006-02-22,0.04206798739288592,0.0,0.04206798739288592,1.0,2,1.44994072770218,1.4475748610459405
2006-02-23,0.030084074142507744,0.0,0.030084074142507744,1.0,2,1.493560852056614,1.4911238104924769
2006-02-24,0.04880410981772221,0.0,0.04880410981772221,1.0,2,1.5664527598998355,1.563896780691572
2006-02-27,0.0344393356622269,0.0,0.0344393356622269,1.0,2,1.6204003522970474,1.6177563468628848
2006-02-28,0.03895443284366085,0.0,0.03895443284366085,1.0,2,1.6835221290004472,1.6807751278341612
2006-03-01,0.0448580813155246,0.0,0.0448580813155246,1.0,2,1.7590417015596342,1.7561714751916573
2006-03-02,0.04016034630400295,0.0,0.04016034630400295,1.0,2,1.829685425457452,1.826699929804566
2006-03-03,0.029557474903512848,0.0,0.029557474903512848,1.0,2,1.8837663065017336,1.880692567136013
2006-03-06,0.02536422971934915,0.0,0.02536422971934915,1.0,2,1.9315465878374132,1.9283948854403232
2006-03-07,0.027763537243634173,0.0,0.027763537243634173,1.0,2,1.985173153466652,1.9819339486626795
2006-03-08,0.028766816357309988,0.0,0.028766816357309988,1.0,2,2.042280265009889,2.038947878596177
2006-03-09,0.036226294875319864,0.0,0.036226294875319864,1.0,2,2.1162645121081836,2.11281140568161
2006-03-10,0.039851169453917534,0.0,0.039851169453917534,1.0,2,2.200600127789519,2.197009411033598
2006-03-13,0.043256866713130504,0.0,0.043256866713130504,1.0,2,2.2957911942062084,2.2920451542941715
2006-03-14,0.0456204970980742,0.0,0.0456204970980742,1.0,2,2.400526329719277,2.396609393604304
2006-03-15,0.04285391857338772,0.0,0.04285391857338772,1.0,2,2.50339828958634,2.499313497410039
2006-03-16,0.03904334008503124,0.0,0.03904334008503124,1.0,2,2.601139320374945,2.596895044268528
2006-03-17,0.03785398358175507,0.0,0.03785398358175507,1.0,2,2.6996028055022756,2.69519786663781
2006-03-20,0.03764891132666032,0.0,0.03764891132666032,1.0,2,2.801239912143834,2.796669132126661
2006-03-21,0.028461952496253162,0.0,0.028461952496253162,1.0,2,2.88096866945388,2.876267796112987
2006-03-22,0.04208882170983885,0.0,0.04208882170983885,1.0,2,3.0022252461341563,2.9973265185733378
2006-03-23,0.03779663568952846,0.0,0.03779663568952846,1.0,2,3.115699260020194,3.110615377038417
2006-03-24,0.04870328733139606,0.0,0.04870328733139606,1.0,2,3.267444056319176,3.262112571523778
2006-03-27,0.042143853344462356,0.0,0.042143853344462356,1.0,2,3.405146739439927,3.3995905653312035
2006-03-28,0.031064167950646204,0.0,0.031064167950646204,1.0,2,3.5109247896504843,3.5051960176160843
2006-03-29,0.05288381619073579,0.0,0.05288381619073579,1.0,2,3.6965958908858587,3.6905641595241927
2006-03-30,0.04900464762955192,0.0,0.04900464762955192,1.0,2,3.8777462699475693,3.871418955715929
2006-03-31,0.034256770481485066,0.0,0.034256770481485066,1.0,2,4.010585333902598,4.00404126631956
2006-04-03,0.0369030414324803,0.0,0.0369030414324803,1.0,2,4.158588130648103,4.151802567067912
2006-04-04,0.03664370553919816,0.0,0.03664370553919816,1.0,2,4.310974209566377,4.303939997792435
2006-04-05,0.04166586131499356,0.0,0.04166586131499356,1.0,2,4.490594663114684,4.483267364848508
2006-04-06,0.04194392167378597,0.0,0.04194392167378597,1.0,2,4.678947813933088,4.671313180042356
2006-04-07,0.02490099233105869,0.0,0.02490099233105869,1.0,2,4.79545825756526,4.787633513714565
2006-04-10,0.044600268601117765,0.0,0.044600268601117765,1.0,2,5.009336983918119,5.001163254389947
2006-04-11,0.024854002211217918,0.0,0.024854002211217918,1.0,2,5.133839056393155,5.125462176973216
2006-04-12,0.04396239193761309,0.0,0.04396239193761309,1.0,2,5.3595349011349365,5.350789754058725
2006-04-13,0.0372955007922246,0.0,0.0372955007922246,1.0,2,5.5594214392861705,5.550350137570249
2006-04-17,0.05011757154925389,0.0,0.05011757154925389,1.0,2,5.838046141042051,5.828520207713337
2006-04-18,0.05394781962140216,0.0,0.05394781962140216,1.0,2,6.152996001200411,6.142956164538755
2006-04-19,0.05442127342736741,0.0,0.05442127342736741,1.0,2,6.487849878979238,6.477263661621451
2006-04-20,0.012561707478386974,0.0,0.012561707478386974,1.0,2,6.569348351322663,6.558629152999125
2006-04-21,0.0552212259399979,0.0,0.0552212259399979,1.0,2,6.932115820909604,6.920804695313546
2006-04-24,0.020452493135069028,0.0,0.020452493135069028,1.0,2,7.07389487214826,7.0623524058335985
2006-04-25,0.045867118647945404,0.0,0.045867118647945404,1.0,2,7.398354047552177,7.38628216156557
2006-04-26,0.04272529536437786,0.0,0.04272529536437786,1.0,2,7.714450909444083,7.701863248563094
2006-04-27,0.025823760513201954,0.0,0.025823760513201954,1.0,2,7.913667042220419,7.900754320599418
2006-04-28,0.056336318302865895,0.0,0.056336318302865895,1.0,2,8.359493907653848,8.34585373083745
2006-05-01,0.032518580831135735,0.0,0.032518580831135735,1.0,2,8.631332785997275,8.617249049988523
2006-05-02,0.05378803606762539,0.0,0.05378803606762539,1.0,2,9.095595225202173,9.080753952693016
2006-05-03,0.03487060125836394,0.0,0.03487060125836394,1.0,2,9.412764099507676,9.397405302902687
2006-05-04,0.04896421635186826,0.0,0.04896421635186826,1.0,2,9.873652717345069,9.857541889300208
2006-05-05,0.04375802247384086,0.0,0.04375802247384086,1.0,2,10.305704234849555,10.288888428829035
2006-05-08,0.03374294724510879,0.0,0.03374294724510879,1.0,2,10.653449069169778,10.636065848293823
2006-05-09,0.051149060514297684,0.0,0.051149060514297684,1.0,2,11.19836298029473,11.18009062400226
2006-05-10,0.038590918058178214,0.0,0.038590918058178214,1.0,2,11.630518088453021,11.611540585156138
2006-05-11,0.0327241636922756,0.0,0.0327241636922756,1.0,2,12.011117066205532,11.991518539984291
2006-05-12,0.02598737935134693,0.0,0.02598737935134693,1.0,2,12.323254521838454,12.303146681281573
2006-05-15,0.006152451973653716,0.0,0.006152451973653716,1.0,2,12.399072753443177,12.378841200362976
2006-05-16,0.04691216042187207,0.0,0.04691216042187207,1.0,2,12.980740043535166,12.959559384591284
2006-05-17,0.02297280541012009,0.0,0.02297280541012009,1.0,2,13.278944058634654,13.257276820534395
2006-05-18,0.029545014586408624,0.0,0.029545014586408624,1.0,2,13.67127065453912,13.648963257573142
2006-05-19,0.02619438734538776,0.0,0.02619438734538776,1.0,2,14.029381213567751,14.006489488004979
2006-05-22,0.027562294847080726,0.0,0.027562294847080726,1.0,2,14.416063155098199,14.392540481045907
2006-05-23,0.04270759715194106,0.0,0.04270759715194106,1.0,2,15.031738572843073,15.00721130190342
2006-05-24,0.022854303724788583,0.0,0.022854303724788583,1.0,2,15.375278491698449,15.3501906670592
2006-05-25,0.052332846827267854,0.0,0.052332846827267854,1.0,2,16.17991058593109,16.15350984400777
2006-05-26,0.04335308087340117,0.0,0.04335308087340117,1.0,2,16.881359558087357,16.85381426266432
2006-05-30,0.02461135397940839,0.0,0.02461135397940839,1.0,2,17.296832673825115,17.268609451385952
2006-05-31,0.03693323296091783,0.0,0.03693323296091783,1.0,2,17.93566062445351,17.906395027165097
2006-06-01,0.030919742154222274,0.0,0.030919742154222274,1.0,2,18.49022662632725,18.460056144316688
2006-06-02,0.04531831938268466,0.0,0.04531831938268466,1.0,2,19.328172622037368,19.296634864487125
2006-06-05,0.02296487651973711,0.0,0.02296487651973711,1.0,2,19.77204171965462,19.73977970139653
2006-06-06,0.028677901819763096,0.0,0.028677901819763096,1.0,2,20.339062390867138,20.305875165616932
2006-06-07,0.03066250456843711,0.0,0.03066250456843711,1.0,2,20.962708984344832,20.928504155648778
2006-06-08,0.024368036461617615,0.0,0.024368036461617615,1.0,2,21.473529041209627,21.438490708000742
2006-06-09,0.030746033878274404,0.0,0.030746033878274404,1.0,2,22.133754892596766,22.097639269608003
2006-06-12,0.024746598166995815,0.0,0.024746598166995815,1.0,2,22.681490030850636,22.64448066905222
2006-06-13,-0.00694584346260263,0.0,-0.00694584346260263,1.0,2,22.523947951597766,22.487195651033055
2006-06-14,0.03879757343653134,0.0,0.03879757343653134,1.0,2,23.39782247633049,23.359644275685657
2006-06-15,0.06694987163733362,0.0,0.06694987163733362,1.0,2,24.964303687713933,24.923569461436585
2006-06-16,0.0338545031884534,0.0,0.0338545031884534,1.0,2,25.809457786507163,25.76734452323643
2006-06-19,0.01835375576543774,0.0,0.01835375576543774,1.0,2,26.28315827115909,26.2402720713398
2006-06-20,0.044431516950173666,0.0,0.044431516950173666,1.0,2,27.45095886338819,27.4061671646547
2006-06-21,0.051991075811198495,0.0,0.051991075811198495,1.0,2,28.8781637467447,28.831043279406643
2006-06-22,0.028922038913137382,0.0,0.028922038913137382,1.0,2,29.713379122368,29.664895835039985
2006-06-23,0.04047856140568523,0.0,0.04047856140568523,1.0,2,30.91613396374318,30.86568814269191
2006-06-26,0.04459785278920386,0.0,0.04459785278920386,1.0,2,32.29492715506951,32.24223155871716
2006-06-27,0.024384299346398075,0.0,0.024384299346398075,1.0,2,33.08241632618884,33.0284357846408
2006-06-28,0.036623544314162704,0.0,0.036623544314162704,1.0,2,34.2940116665306,34.238054166227066
2006-06-29,0.06858873935124965,0.0,0.06858873935124965,1.0,2,36.64619469403498,36.58639913932838
2006-06-30,0.05358564238217589,0.0,0.05358564238217589,1.0,2,38.60990457757713,38.54690483965997
2006-07-03,0.04946016386895219,0.0,0.04946016386895219,1.0,2,40.519556784948705,40.45344106967046
2006-07-05,0.02994577819247507,0.0,0.02994577819247507,1.0,2,41.73294644488818,41.664850843065175
2006-07-06,0.04050279851310584,0.0,0.04050279851310584,1.0,2,43.423247566103726,43.35239390184045
2006-07-07,0.026762162932969902,0.0,0.026762162932969902,1.0,2,44.58534759254648,44.5125977309758
2006-07-10,0.031747708407557695,0.0,0.031747708407557695,1.0,2,46.000830207164256,45.92577070420173
2006-07-11,0.0521461020106489,0.0,0.0521461020106489,1.0,2,48.39959419172158,48.320620628260706
2006-07-12,0.03535343441184069,0.0,0.03535343441184069,1.0,2,50.110686070538314,50.028920520381355
2006-07-13,0.030210488507260602,0.0,0.030210488507260602,1.0,2,51.62455437616326,51.540318648793
2006-07-14,0.03521025677783912,0.0,0.03521025677783912,1.0,2,53.44226819178949,53.35506650282865
2006-07-17,0.021156450621504563,0.0,0.021156450621504563,1.0,2,54.57291689989028,54.483870332702836
2006-07-18,0.03201712549946384,0.0,0.03201712549946384,1.0,2,56.32018482914588,56.2282872468415
2006-07-19,0.05374872362296801,0.0,0.05374872362296801,1.0,2,59.34732287792211,59.25048591786483
2006-07-20,0.016611038769998587,0.0,0.016611038769998587,1.0,2,60.33314355914289,60.23469803658773
2006-07-21,0.02363493183315213,0.0,0.02363493183315213,1.0,2,61.75911329444301,61.658341018672985
2006-07-24,0.045581071236815596,0.0,0.045581071236815596,1.0,2,64.57415983703959,64.46879425298899
2006-07-25,0.03950657824019582,0.0,0.03950657824019582,1.0,2,67.1252639349365,67.01573571719578
2006-07-26,0.03828750010266707,0.0,0.03828750010266707,1.0,2,69.69532248473693,69.58160070534822
2006-07-27,0.041679651806857676,0.0,0.041679651806857676,1.0,2,72.60019925846743,72.48173759491094
2006-07-28,0.047594012496337934,0.0,0.047594012496337934,1.0,2,76.05553404921154,75.93143431975942
2006-07-31,0.03544054628021143,0.0,0.03544054628021143,1.0,2,78.75098372354883,78.62248583189168
2006-08-01,0.0035056079998021517,0.0005,0.0030056079998021516,1.0,2,79.02705380208239,78.85879420427234
2006-08-02,0.07504330675223614,0.0,0.07504330675223614,1.0,2,84.95750524227752,84.77661888785501
2006-08-03,0.062211068796408975,0.0,0.062211068796408975,1.0,2,90.24280244567613,90.05066295781431
2006-08-04,0.07095222463938056,0.0,0.07095222463938056,1.0,2,96.64573003688899,96.4399578249223
2006-08-07,0.06832151809717935,0.0,0.06832151809717935,1.0,2,103.24871303061943,103.02888214874895
2006-08-08,0.0634263767866125,0.0,0.0634263767866125,1.0,2,109.79740480603233,109.563630847819
2006-08-09,0.07457681980166142,0.0,0.07457681980166142,1.0,2,117.98574607894189,117.73453800237255
2006-08-10,0.057454048331713636,0.0,0.057454048331713636,1.0,2,124.7645048366147,124.49886383907284
2006-08-11,0.062498117186893964,0.0,0.062498117186893964,1.0,2,132.56205148065825,132.27980842092236
2006-08-14,0.06674134658840397,0.0,0.06674134658840397,1.0,2,141.4094213029987,141.1083409613908
2006-08-15,0.07387737313063847,0.0,0.07387737313063847,1.0,2,151.85637788478797,151.53305451844082
2006-08-16,0.0770729143135695,0.0,0.0770729143135695,1.0,2,163.56039148547129,163.21214864501408
2006-08-17,0.05712496716564969,0.0,0.05712496716564969,1.0,2,172.90377347867965,172.53563727739567
2006-08-18,0.07062854775362643,0.0,0.07062854775362643,1.0,2,185.11571590060078,184.72157877404456
2006-08-21,0.07676935554257613,0.0,0.07676935554257613,1.0,2,199.3269301110925,198.90253533133517
2006-08-22,0.06474723251450792,0.0,0.06474723251450792,1.0,2,212.23279720139848,211.78092403415826
2006-08-23,0.06579153164701695,0.0,0.06579153164701695,1.0,2,226.19591799500924,225.71431539998608
2006-08-24,0.06803303958599122,0.0,0.06803303958599122,1.0,2,241.5847138381533,241.07034635471823
2006-08-25,0.06886260057966809,0.0,0.06886260057966809,1.0,2,258.22086549334347,257.6710773273454
2006-08-28,0.06326403158562588,0.0,0.06326403158562588,1.0,2,274.556958483982,273.97238850208487
2006-08-29,0.06838007821385683,0.0,0.06838007821385683,1.0,2,293.3311847792753,292.7066418562946
2006-08-30,0.07329237758326679,0.0,0.07329237758326679,1.0,2,314.8301247310649,314.15980757235616
2006-08-31,0.07585534546008593,0.0,0.07585534546008593,1.0,2,338.7116726037818,337.9905083054313
2006-09-01,0.07060796531068025,0.0,0.07060796531068025,1.0,2,362.62741463331207,361.85533039120037
2006-09-05,0.07901124489849459,0.0,0.07901124489849459,1.0,2,391.2790580978126,390.44597051856516
2006-09-06,0.059693506968493015,0.0,0.059693506968493015,1.0,2,414.6358772789997,413.7530597805351
2006-09-07,0.052526415618307676,0.0,0.052526415618307676,1.0,2,436.41521369921804,435.486024961914
2006-09-08,0.06481013832879245,0.0,0.06481013832879245,1.0,2,464.6993440678539,463.7099344799516
2006-09-11,0.04970639445553682,0.0,0.04970639445553682,1.0,2,487.7978729673198,486.75928339616314
2006-09-12,0.0705966980409955,0.0,0.0705966980409955,1.0,2,522.2347921102336,521.1228815447334
2006-09-13,0.07212305863701962,0.0,0.07212305863701962,1.0,2,559.8999626438917,558.7078576874769
2006-09-14,0.05538605244969458,0.0,0.05538605244969458,1.0,2,590.9106113414683,589.652480397412
2006-09-15,0.07117597314051638,0.0,0.07117597314051638,1.0,2,632.9692491427547,631.621569504417
2006-09-18,0.07388075218723056,0.0,0.07388075218723056,1.0,2,679.7334933808081,678.2862461570826
2006-09-19,0.054454275095369264,0.0,0.054454275095369264,1.0,2,716.7478880209031,715.2218319987257
2006-09-20,0.07280628710440307,0.0,0.07280628710440307,1.0,2,768.9316405376276,767.2944780425621
2006-09-21,0.07128029785807555,0.0,0.07128029785807555,1.0,2,823.7413169076483,821.9874569822925
2006-09-22,0.06981063325619419,0.0,0.06981063325619419,1.0,2,881.2472198802625,879.370921882875
2006-09-25,0.07008128244080158,0.0,0.07008128244080158,1.0,2,943.0061551968622,940.9983638295768
2006-09-26,0.07165607956346082,0.0,0.07165607956346082,1.0,2,1010.5782792824818,1008.4266174572355
2006-09-27,0.0758958102763223,0.0,0.0758958102763223,1.0,2,1087.2769366362772,1084.9619726933634
2006-09-28,0.06636519758262283,0.0,0.06636519758262283,1.0,2,1159.4342853631729,1156.9656883807907
2006-09-29,0.06400355871877128,0.0,0.06400355871877128,1.0,2,1233.6422057269713,1231.0156097526742
2006-10-02,-0.05146734789590868,0.0005,-0.05196734789590868,1.0,2,1170.1499131457451,1167.042993295363
2006-10-03,0.10112152633929106,0.0,0.10112152633929106,1.0,2,1288.4772584088316,1285.0561620809651
2006-10-04,0.11464770866512591,0.0,0.11464770866512591,1.0,2,1436.1982237525274,1432.3849065695483
2006-10-05,0.1069977580667052,0.0,0.1069977580667052,1.0,2,1589.868213833432,1585.646880261077
2006-10-06,0.09769707281366857,0.0,0.09769707281366857,1.0,2,1745.193684484454,1740.5599389787099
2006-10-09,0.10390942674988429,0.0,0.10390942674988429,1.0,2,1926.5357598067521,1921.4205244618013
2006-10-10,0.10256110393017315,0.0,0.10256110393017315,1.0,2,2124.123394093487,2118.4835345646957
2006-10-11,0.09747474424563995,0.0,0.09747474424563995,1.0,2,2331.1717786789304,2324.9821752849884
2006-10-12,0.11436408980048735,0.0,0.11436408980048735,1.0,2,2597.7741173161294,2590.8766455638133
2006-10-13,0.10534533632394871,0.0,0.10534533632394871,1.0,2,2871.437505398446,2863.8134171645975
2006-10-16,0.1041625082082161,0.0,0.1041625082082161,1.0,2,3170.533638123891,3162.115405736804
2006-10-17,0.09627745091380724,0.0,0.09627745091380724,1.0,2,3475.7845348389387,3466.555816496423
2006-10-18,0.10590126937808719,0.0,0.10590126937808719,1.0,2,3843.8745291631067,3833.668477833386
2006-10-19,0.10273856412692717,0.0,0.10273856412692717,1.0,2,4238.788678973392,4227.534072584651
2006-10-20,0.09817579002070898,0.0,0.09817579002070898,1.0,2,4654.935106262442,4642.575570000115
2006-10-23,0.102450384030835,0.0,0.102450384030835,1.0,2,5131.834995537645,5118.2092200388
2006-10-24,0.10216541959105963,0.0,0.10216541959105963,1.0,2,5656.1310711288315,5641.113212558893
2006-10-25,0.10446841722939348,0.0,0.10446841722939348,1.0,2,6247.018131771654,6230.431381286739
2006-10-26,0.10768009410049212,0.0,0.10768009410049212,1.0,2,6919.697632048306,6901.3248187103545
2006-10-27,0.09406863556529993,0.0,0.09406863556529993,1.0,2,7570.624146819528,7550.523027999378
2006-10-30,0.1012131081848252,0.0,0.1012131081848252,1.0,2,8336.870547618222,8314.734932084293
2006-10-31,0.10162212762477818,0.0,0.10162212762477818,1.0,2,9184.081070399536,9159.695986518764
2006-11-01,0.09302777540960455,0.0,0.09302777540960455,1.0,2,10038.455701560264,10011.802127572886
2006-11-02,0.09833032336098335,0.0,0.09833032336098335,1.0,2,11025.540296739591,10996.265868203309
2006-11-03,0.10555637836062032,0.0,0.10555637836062032,1.0,2,12189.356399932502,12156.991868741354
2006-11-06,0.11258183476942324,0.0,0.11258183476942324,1.0,2,13561.656508095313,13525.648318601214
2006-11-07,0.10636691741678911,0.0,0.10636691741678911,1.0,2,15004.168105926748,14964.329836314402
2006-11-08,0.10078430172564323,0.0,0.10078430172564323,1.0,2,16516.35271145674,16472.499369659556
2006-11-09,0.09718193413839926,0.0,0.09718193413839926,1.0,2,18121.443812868103,18073.328718496636
2006-11-10,0.10453422727039002,0.0,0.10453422727039002,1.0,2,20015.75493887006,19962.61017028843
2006-11-13,0.10265232370978294,0.0,0.10265232370978294,1.0,2,22070.418694150638,22011.81849158108
2006-11-14,0.11373872914301397,0.0,0.11373872914301397,1.0,2,24580.680068077552,24515.41475294021
2006-11-15,0.10561822324839754,0.0,0.10561822324839754,1.0,2,27176.847823105203,27104.689301343307
2006-11-16,0.10480337006370138,0.0,0.10480337006370138,1.0,2,30025.073062674997,29945.352084653638
2006-11-17,0.0994074157690143,0.0,0.0994074157690143,1.0,2,33009.78798411136,32922.142149682324
2006-11-20,0.10132688700602005,0.0,0.10132688700602005,1.0,2,36354.56704127009,36258.04032727931
2006-11-21,0.10264009208888702,0.0,0.10264009208888702,1.0,2,40086.00315023767,39979.56892543384
2006-11-22,0.10361432112810859,0.0,0.10361432112810859,1.0,2,44239.48715338877,44122.024818637095
2006-11-24,0.09491620182028399,0.0,0.09491620182028399,1.0,2,48438.53124446568,48309.91983104243
2006-11-27,0.08797176594501732,0.0,0.08797176594501732,1.0,2,52699.75437782422,52559.828791241445
2006-11-28,0.1033216341994393,0.0,0.1033216341994393,1.0,2,58144.77912205008,57990.39619519526
2006-11-29,0.11310075349954651,0.0,0.11310075349954651,1.0,2,64720.99745281864,64549.15370060908
2006-11-30,0.10129177746024892,0.0,0.10129177746024892,1.0,2,71276.70232381488,71087.45221249858
2006-12-01,0.2521988561459911,0.0005,0.2516988561459911,1.0,2,89252.60511973931,88980.08262071728
2006-12-04,0.04326366131991727,0.0,0.04326366131991727,1.0,2,93113.99959956003,92829.68677943826
2006-12-05,0.03320671041897438,0.0,0.03320671041897438,1.0,2,96206.00922021511,95912.25530660716
2006-12-06,0.024333333055339412,0.0,0.024333333055339412,1.0,2,98547.02208449566,98246.12015907158
2006-12-07,0.03433999153122819,0.0,0.03433999153122819,1.0,2,101931.125988305,101619.89109331011
2006-12-08,0.029224424018875705,0.0,0.029224424018875705,1.0,2,104910.00443490865,104589.67387937297
2006-12-11,0.04028332382882799,0.0,0.04028332382882799,1.0,2,109136.12811644387,108802.89358140728
2006-12-12,0.032433623424596214,0.0,0.032433623424596214,1.0,2,112675.80819779109,112331.76565933305
2006-12-13,0.03647688556464329,0.0,0.03647688556464329,1.0,2,116785.87075932563,116429.27862056287
2006-12-14,0.03363299910476808,0.0,0.03363299910476808,1.0,2,120713.72984602359,120345.14444417706
2006-12-15,0.026840743895515218,0.0,0.026840743895515218,1.0,2,123953.77615349312,123575.29764527199
2006-12-18,0.03112392701064992,0.0,0.03112392701064992,1.0,2,127811.70443518889,127421.44618950279
2006-12-19,0.039458784065697194,0.0,0.039458784065697194,1.0,2,132854.99888156573,132449.34152003325
2006-12-20,0.035011236842588056,0.0,0.035011236842588056,1.0,2,137506.41671313,137086.55678563597
2006-12-21,0.030240991900446268,0.0,0.030240991900446268,1.0,2,141664.74714721114,141232.19023905045
2006-12-22,0.03349697424099224,0.0,0.03349697424099224,1.0,2,146410.08753325796,145963.04127748686
2006-12-26,0.042869914352615834,0.0,0.042869914352615834,1.0,2,152686.67544616773,152220.46435570007
2006-12-27,0.04098968091604693,0.0,0.04098968091604693,1.0,2,158945.25355283814,158459.93261853268
2006-12-28,0.0372859714725588,0.0,0.0372859714725588,1.0,2,164871.6817425079,164368.26514569088
2006-12-29,0.03232381095740933,0.0,0.03232381095740933,1.0,2,170200.9628153829,169681.27387565753
2007-01-03,-0.11276534936591198,0.0005,-0.11326534936591198,1.0,2,151008.19178109165,150462.2651092782
2007-01-04,0.09906942728485935,0.0,0.09906942728485935,1.0,2,165968.4868561666,165368.47554163708
2007-01-05,0.08560947267509633,0.0,0.08560947267509633,1.0,2,180176.96149660664,179525.58352984118
2007-01-08,0.10014771043830573,0.0,0.10014771043830573,1.0,2,198221.27166422256,197504.65968545558
2007-01-09,0.10456811507441466,0.0,0.10456811507441466,1.0,2,218948.8964098038,218157.34966717742
2007-01-10,0.10015177493210353,0.0,0.10015177493210353,1.0,2,240877.0170046709,240006.19545082876
2007-01-11,0.1016014085932268,0.0,0.1016014085932268,1.0,2,265350.4612300801,264391.1629797343
2007-01-12,0.10497839844444051,0.0,0.10497839844444051,1.0,2,293206.52767650754,292146.5238322099
2007-01-16,0.09562209978120612,0.0,0.09562209978120612,1.0,2,321243.5515224915,320082.1878848259
2007-01-17,0.09597406185176571,0.0,0.09597406185176571,1.0,2,352074.600005792,350801.7755825327
2007-01-18,0.09462213686176901,0.0,0.09462213686176901,1.0,2,385388.6509930926,383995.38920305466
2007-01-19,0.0993263634969116,0.0,0.0993263634969116,1.0,2,423667.904229217,422136.25481217535
2007-01-22,0.09549495214598114,0.0,0.09549495214598114,1.0,2,464126.05046937417,462448.1362645477
2007-01-23,0.10242055269146322,0.0,0.10242055269146322,1.0,2,511662.09707695345,509812.3299718998
2007-01-24,0.10630481714561718,0.0,0.10630481714561718,1.0,2,566054.242747062,564007.8364881437
2007-01-25,0.08916573217667445,0.0,0.08916573217667445,1.0,2,616526.8837533167,614298.008181991
2007-01-26,0.10117604397950775,0.0,0.10117604397950775,1.0,2,678904.6348584911,676450.2504743362
2007-01-29,0.1020333874029204,0.0,0.1020333874029204,1.0,2,748175.5744766458,745470.7609397867
2007-01-30,0.10371209896969369,0.0,0.10371209896969369,1.0,2,825770.433703475,822785.0982773866
2007-01-31,0.10092789418550452,0.0,0.10092789418550452,1.0,2,909113.7046578176,905827.0656137366
2007-02-01,0.10683627401207563,0.0,0.10683627401207563,1.0,2,1006240.0255167735,1002602.2542032002
2007-02-02,0.10023529591036512,0.0,0.10023529591036512,1.0,2,1107100.7922313006,1103098.3878336572
2007-02-05,0.09822456486328474,0.0,0.09822456486328474,1.0,2,1215845.285808018,1211449.7469800091
2007-02-06,0.0999771275518398,0.0,0.0999771275518398,1.0,2,1337402.0050305491,1332567.0128564734
2007-02-07,0.10380583226825324,0.0,0.10380583226825324,1.0,2,1476232.1332399761,1470895.2406792599
2007-02-08,0.09539596702971442,0.0,0.09539596702971442,1.0,2,1617058.7251507419,1611212.7145632624
2007-02-09,0.0922984997309203,0.0,0.0922984997309203,1.0,2,1766310.8194589498,1759925.230864835
2007-02-12,0.09620575869173542,0.0,0.09620575869173542,1.0,2,1936240.0919304192,1929240.1729409143
2007-02-13,0.10560714327705512,0.0,0.10560714327705512,1.0,2,2140720.8767376933,2132981.716300536
2007-02-14,0.10193624226865033,0.0,0.10193624226865033,1.0,2,2358937.918658384,2350409.857287949
2007-02-15,0.0991517513603794,0.0,0.0991517513603794,1.0,2,2592830.744643771,2583457.1110527487
2007-02-16,0.09851074662883486,0.0,0.09851074662883486,1.0,2,2848252.437180827,2837955.3999461276
2007-02-20,0.1020352309524023,0.0,0.1020352309524023,1.0,2,3138874.5324193155,3127526.834612248
2007-02-21,0.09708664825967511,0.0,0.09708664825967511,1.0,2,3443617.340079562,3431167.932326942
2007-02-22,0.10030450204998792,0.0,0.10030450204998792,1.0,2,3789027.6626269463,3775329.523228883
2007-02-23,0.09438218770122753,0.0,0.09438218770122753,1.0,2,4146644.3826861456,4131653.382924257
2007-02-26,0.10048930321852911,0.0,0.10048930321852911,1.0,2,4563337.787397304,4546840.352514793
2007-02-27,0.05835562509179726,0.0,0.05835562509179726,1.0,2,4829634.2164858915,4812174.063478401
2007-02-28,0.10937961547488712,0.0,0.10937961547488712,1.0,2,5357897.749969476,5338527.812139894
2007-03-01,0.2312498233997779,0.0005,0.2307498233997779,1.0,2,6596910.658443985,6570392.162005978
2007-03-02,0.009285137802711674,0.0,0.009285137802711674,1.0,2,6658163.882979814,6631399.15864806
2007-03-05,0.01664235490195448,0.0,0.01664235490195448,1.0,2,6768971.40931574,6741761.256942803
2007-03-06,0.05783940747899852,0.0,0.05783940747899852,1.0,2,7160484.704872844,7131700.733409243
2007-03-07,0.03413043195338744,0.0,0.03413043195338744,1.0,2,7404875.140845778,7375108.760002791
2007-03-08,0.040862149962544836,0.0,0.040862149962544836,1.0,2,7707454.259304939,7676471.560144103
2007-03-09,0.037442074607512366,0.0,0.037442074607512366,1.0,2,7996037.336715823,7963894.581021465
2007-03-12,0.03539351464832141,0.0,0.03539351464832141,1.0,2,8279045.201321399,8245764.800532536
2007-03-13,0.017067357946144224,0.0,0.017067357946144224,1.0,2,8420346.629224658,8386498.219922941
2007-03-14,0.0398463086077922,0.0,0.0398463086077922,1.0,2,8755866.359597327,8720669.216132691
2007-03-15,0.036977225225480304,0.0,0.036977225225480304,1.0,2,9079634.002020365,9043135.365854543
2007-03-16,0.03633896432637296,0.0,0.03633896432637296,1.0,2,9409578.498116305,9371753.539312894
2007-03-19,0.041548753415030726,0.0,0.041548753415030726,1.0,2,9800534.754873915,9761138.216184247
2007-03-20,0.04094443883501564,0.0,0.04094443883501564,1.0,2,10201812.150695294,10160802.542836936
2007-03-21,0.045442185361820875,0.0,0.045442185361820875,1.0,2,10665404.789473668,10622531.615413394
2007-03-22,0.03443374476820277,0.0,0.03443374476820277,1.0,2,11032654.615843972,10988305.157850703
2007-03-23,0.029765597257306375,0.0,0.029765597257306375,1.0,2,11361048.169818146,11315378.62371967
2007-03-26,0.03815934991666525,0.0,0.03815934991666525,1.0,2,11794578.382350326,11747166.116061743
2007-03-27,0.030388806561440496,0.0,0.030388806561440496,1.0,2,12153001.54328532,12104148.474807853
2007-03-28,0.03186253220909907,0.0,0.03186253220909907,1.0,2,12540226.94639548,12489817.295450136
2007-03-29,0.03268377175238202,0.0,0.03268377175238202,1.0,2,12950088.86163454,12898031.63316358
2007-03-30,0.03545469159706899,0.0,0.03545469159706899,1.0,2,13409230.268378431,13355327.366926637
2007-04-02,0.00029491720098995255,0.0005,-0.00020508279901004746,1.0,2,13413184.881036613,13352588.419008533
2007-04-03,0.06885508185719647,0.0,0.06885508185719647,1.0,2,14336750.8239861,14271981.98760482
2007-04-04,0.07099143462049501,0.0,0.07099143462049501,1.0,2,15354537.332777437,15285170.463782748
2007-04-05,0.06405601573209158,0.0,0.06405601573209158,1.0,2,16338087.817724815,16264277.583478516
2007-04-09,0.06222548671801714,0.0,0.06222548671801714,1.0,2,17354733.284224447,17276330.172227405
2007-04-10,0.06805174545623954,0.0,0.06805174545623954,1.0,2,18535753.176143415,18452014.595525775
2007-04-11,0.06167918679769735,0.0,0.06167918679769735,1.0,2,19679023.358730778,19590119.850557048
2007-04-12,0.06337004838401156,0.0,0.06337004838401156,1.0,2,20926084.021123644,20831546.693335433
2007-04-13,0.07170202533372244,0.0,0.07170202533372244,1.0,2,22426526.627741855,22325210.78208159
2007-04-16,0.07189103391828072,0.0,0.07189103391828072,1.0,2,24038792.81420607,23930193.267648984
2007-04-17,0.0618484150524658,0.0,0.0618484150524658,1.0,2,25525554.04953932,25410237.79315226
2007-04-18,0.06520138252179386,0.0,0.06520138252179386,1.0,2,27189855.463204056,27067020.427473325
2007-04-19,0.0550914786588545,0.0,0.0550914786588545,1.0,2,28687784.8051925,28558182.605712254
2007-04-20,0.07756361705156112,0.0,0.07756361705156112,1.0,2,30912913.159880042,30773258.54503027
2007-04-23,0.058039462868262615,0.0,0.058039462868262615,1.0,2,32707082.035372727,32559321.941689998
2007-04-24,0.05986809376146568,0.0,0.05986809376146568,1.0,2,34665192.68933037,34508586.48050484
2007-04-25,0.06906163561922146,0.0,0.06906163561922146,1.0,2,37059227.595511004,36891805.90575586
2007-04-26,0.05606146603284323,0.0,0.05606146603284323,1.0,2,39136822.22456015,38960014.629431635
2007-04-27,0.06671145514272936,0.0,0.06671145514272936,1.0,2,41747696.58482287,41559093.89774305
2007-04-30,0.05705208418065266,0.0,0.05705208418065266,1.0,2,44129489.68472853,43930126.82126874
2007-05-01,-0.008328053452610507,0.0005,-0.008828053452610507,1.0,2,43761976.93579769,43542309.31351062
2007-05-02,0.08292470993902878,0.0,0.08292470993902878,1.0,2,47390926.179557174,47153042.68340895
2007-05-03,0.07989128691929637,0.0,0.07989128691929637,1.0,2,51177048.260339364,50920159.945547
2007-05-04,0.07834678971204234,0.0,0.07834678971204234,1.0,2,55186605.69847521,54909591.00890432
2007-05-07,0.07515992893780343,0.0,0.07515992893780343,1.0,2,59334427.06109118,59036591.96713742
2007-05-08,0.07413306045456486,0.0,0.07413306045456486,1.0,2,63733069.72944802,63413155.2084687
2007-05-09,0.07591644092482974,0.0,0.07591644092482974,1.0,2,68571457.55252172,68227256.25970948
2007-05-10,0.063980456699542,0.0,0.063980456699542,1.0,2,72958690.72328533,72592467.27456239
2007-05-11,0.08413359076596233,0.0,0.08413359076596233,1.0,2,79096967.35141863,78699932.20893194
2007-05-14,0.07135242369996214,0.0,0.07135242369996214,1.0,2,84740727.67925912,84315363.11706194
2007-05-15,0.07213099861497962,0.0,0.07213099861497962,1.0,2,90853160.99012412,90397114.45728025
2007-05-16,0.08254798740223385,0.0,0.08254798740223385,1.0,2,98352906.57899001,97859214.32269812
2007-05-17,0.07164021552527838,0.0,0.07164021552527838,1.0,2,105398930.00384644,104869869.52791062
2007-05-18,0.08384554097609748,0.0,0.08384554097609748,1.0,2,114236160.30832076,113662740.47057104
2007-05-21,0.07765745056077245,0.0,0.07765745056077245,1.0,2,123107449.27971667,122489499.11926633
2007-05-22,0.07565209125939748,0.0,0.07565209125939748,1.0,2,132420785.26733744,131756085.88495494
2007-05-23,0.07485759186844648,0.0,0.07485759186844648,1.0,2,142333486.36577898,141619029.18831488
2007-05-24,0.06609481417147722,0.0,0.06609481417147722,1.0,2,151740991.69750363,150979312.60566157
2007-05-25,0.08062412912610373,0.0,0.08062412912610373,1.0,2,163974977.0058462,163151888.20055082
2007-05-29,0.08043775329059022,0.0,0.08043775329059022,1.0,2,177164755.75207266,176275459.53252068
2007-05-30,0.07855335716549999,0.0,0.07855335716549999,1.0,2,191081642.08780378,190122488.66469142
2007-05-31,0.07758967201581041,0.0,0.07758967201581041,1.0,2,205907604.02563897,204874030.20301446
2007-06-01,0.0789741951072061,0.0,0.0789741951072061,1.0,2,222168991.3200171,221053791.83666694
2007-06-04,0.07459030603945987,0.0,0.07459030603945987,1.0,2,238740644.37505528,237542261.820947
2007-06-05,0.07243163036810779,0.0,0.07243163036810779,1.0,2,256033018.48227316,254747835.12596613
2007-06-06,0.064531364404394,0.0,0.064531364404394,1.0,2,272555178.49750966,271187060.5057103
2007-06-07,0.06088403787502056,0.0,0.06088403787502056,1.0,2,289149438.30818504,287698023.7687555
2007-06-08,0.08601177121389175,0.0,0.08601177121389175,1.0,2,314019693.64257395,312443440.3678425
2007-06-11,0.07450650339927856,0.0,0.07450650339927856,1.0,2,337416203.0143948,335722508.6196915
2007-06-12,0.06635279538350553,0.0,0.06635279538350553,1.0,2,359804711.2920883,357998635.539771
2007-06-13,0.08772255081247271,0.0,0.08772255081247271,1.0,2,391367698.3609757,389403189.03670454
2007-06-14,0.08071541458841874,0.0,0.08071541458841874,1.0,2,422957104.39069706,420834028.8818546
2007-06-15,0.08300404490350166,0.0,0.08300404490350166,1.0,2,458064254.8757975,455764955.51208556
2007-06-18,0.0741131841135797,0.0,0.0741131841135797,1.0,2,492012855.33325714,489543147.5724702
2007-06-19,0.07297174347021168,0.0,0.07297174347021168,1.0,2,527915891.196682,525265964.5547285
2007-06-20,0.06544647367252393,0.0,0.06544647367252393,1.0,2,562466124.6711926,559642769.6750325
2007-06-21,0.07907551524671469,0.0,0.07907551524671469,1.0,2,606943423.28839,603896810.0411842
2007-06-22,0.06464737499961598,0.0,0.06464737499961598,1.0,2,646180722.3772652,642937153.5809884
2007-06-25,0.06921912413255576,0.0,0.06921912413255576,1.0,2,690908786.0115616,687440700.2241429
2007-06-26,0.06899453301102987,0.0,0.06899453301102987,1.0,2,738577715.055647,734870350.3088831
2007-06-27,0.08449939418404545,0.0,0.08449939418404545,1.0,2,800987084.5356858,796966449.713801
2007-06-28,0.07308269640255877,0.0,0.07308269640255877,1.0,2,859525380.457178,855210906.8012599
2007-06-29,0.076348899785871,0.0,0.076348899785871,1.0,2,925149197.5931157,920505318.6204132
2007-07-02,0.08187002667347715,0.0,0.08187002667347715,1.0,2,1000891187.07701,995867113.6089439
2007-07-03,0.07830517947428445,0.0,0.07830517947428445,1.0,2,1079266151.115305,1073848666.6726298
2007-07-05,0.07639355355225053,0.0,0.07639355355225053,1.0,2,1161715127.6276634,1155883782.2970984
2007-07-06,0.07766241054647505,0.0,0.07766241054647505,1.0,2,1251936724.8075337,1245652503.141868
2007-07-09,0.07450787096557471,0.0,0.07450787096557471,1.0,2,1345215864.7565577,1338463419.1139076
2007-07-10,0.06204461671436562,0.0,0.06204461671436562,1.0,2,1428679267.483462,1421507868.9390292
2007-07-11,0.07810267194834308,0.0,0.07810267194834308,1.0,2,1540262935.631122,1532531431.6987624
2007-07-12,0.08694720305589027,0.0,0.08694720305589027,1.0,2,1674184489.8549027,1665780753.2802088
2007-07-13,0.07804442958809427,0.0,0.07804442958809427,1.0,2,1804845263.3908632,1795785661.9887886
2007-07-16,0.07323855783647598,0.0,0.07323855783647598,1.0,2,1937029527.5996048,1927306414.056269
2007-07-17,0.07707473095777934,0.0,0.07707473095777934,1.0,2,2086325557.2966187,2075853037.3928583
2007-07-18,0.07022814806688976,0.0,0.07022814806688976,1.0,2,2232844337.450182,2221636351.8679867
2007-07-19,0.07850023987559274,0.0,0.07850023987559274,1.0,2,2408123153.5448804,2396035338.4059606
2007-07-20,0.06704078946834807,0.0,0.06704078946834807,1.0,2,2569565630.895537,2556667439.0867567
2007-07-23,0.07678185077010463,0.0,0.07678185077010463,1.0,2,2766861635.7109475,2752973096.8635015
2007-07-24,0.057816389035289684,0.0,0.057816389035289684,1.0,2,2926831584.4480295,2912140060.4354477
2007-07-25,0.07724257689238789,0.0,0.07724257689238789,1.0,2,3152907598.1608257,3137081262.9750357
2007-07-26,0.05697544481085032,0.0,0.05697544481085032,1.0,2,3332545911.013549,3315817863.3408227
2007-07-27,0.05799111880447888,0.0,0.05799111880447888,1.0,2,3525803976.8605156,3508105850.9878335
2007-07-30,0.08666144109125506,0.0,0.08666144109125506,1.0,2,3831355230.5005255,3812123359.5351024
2007-07-31,0.06421919016793304,0.0,0.06421919016793304,1.0,2,4077401760.6489434,4056934834.504707
2007-08-01,0.07672881696132577,0.0,0.07672881696132577,1.0,2,4390255974.019564,4368218644.845446
2007-08-02,0.081072140367133,0.0,0.081072140367133,1.0,2,4746183422.592922,4722359479.974684
2007-08-03,0.05509043123938101,0.0,0.05509043123938101,1.0,2,5007652714.084767,4982516300.193868
2007-08-06,0.08546595051071137,0.0,0.08546595051071137,1.0,2,5435636513.121566,5408351791.72505
2007-08-07,0.0792924757596224,0.0,0.0792924757596224,1.0,2,5866641589.576377,5837193395.06992
2007-08-08,0.08519732756848736,0.0,0.08519732756848736,1.0,2,6366463774.810428,6334506672.830302
2007-08-09,0.04515606410825318,0.0,0.04515606410825318,1.0,2,6653948221.168638,6620548062.2427845
2007-08-10,0.06382289771875921,0.0,0.06382289771875921,1.0,2,7078622477.914204,7043090624.061435
2007-08-13,0.08334794945362656,0.0,0.08334794945362656,1.0,2,7668611146.404702,7630117785.393019
2007-08-14,0.062249760921409714,0.0,0.062249760921409714,1.0,2,8145980356.867652,8105090793.33593
2007-08-15,0.05929689950793132,0.0,0.05929689950793132,1.0,2,8629011735.482414,8585697547.61103
2007-08-16,0.06751200496781185,0.0,0.06751200496781185,1.0,2,9211573618.635609,9165335203.097475
2007-08-17,0.09950256835333776,0.0,0.09950256835333776,1.0,2,10128148852.265701,10077309595.624933
2007-08-20,0.07702323300658964,0.0,0.07702323300658964,1.0,2,10908251621.239185,10853496560.688293
2007-08-21,0.07838738576331833,0.0,0.07838738576331833,1.0,2,11763320949.076605,11704273782.471815
2007-08-22,0.08724923142742147,0.0,0.08724923142742147,1.0,2,12789661660.917625,12725462674.408602
2007-08-23,0.07405249780766299,0.0,0.07405249780766299,1.0,2,13736768053.023481,13667814971.206743
2007-08-24,0.08326494253728195,0.0,0.08326494253728195,1.0,2,14880559255.606453,14805864799.394476
2007-08-27,0.0656819985378238,0.0,0.0656819985378238,1.0,2,15857944126.875196,15778343589.499521
2007-08-28,0.0525664386684504,0.0,0.0525664386684504,1.0,2,16691539774.228294,16607754920.086685
2007-08-29,0.09518401930325493,0.0,0.09518401930325493,1.0,2,18280307618.299488,18188547784.983944
2007-08-30,0.07129797458552845,0.0,0.07129797458552845,1.0,2,19583656526.28465,19485354402.7054
2007-08-31,0.08703577119825184,0.0,0.08703577119825184,1.0,2,21288135174.93151,21181277250.216114
2007-09-04,0.08393718553013602,0.0,0.08393718553013602,1.0,2,23075001326.70035,22959174048.532753
2007-09-05,0.06356445650863812,0.0,0.06356445650863812,1.0,2,24541751244.968166,24418561468.81497
2007-09-06,0.07442754522721728,0.0,0.07442754522721728,1.0,2,26368333545.70815,26235975056.918777
2007-09-07,0.05465033785585388,0.0,0.05465033785585388,1.0,2,27809371882.676945,27669779957.75714
2007-09-10,0.07485821672886556,0.0,0.07485821672886556,1.0,2,29891131870.163998,29741090342.674946
2007-09-11,0.08608676056024783,0.0,0.08608676056024783,1.0,2,32464362582.345596,32301404465.8055
2007-09-12,0.07365484779065729,0.0,0.07365484779065729,1.0,2,34855520266.96897,34680559495.15887
2007-09-13,0.08074883394887622,0.0,0.08074883394887622,1.0,2,37670062885.20814,37480974235.08757
2007-09-14,0.07032593531813919,0.0,0.07032593531813919,1.0,2,40319245291.103516,40116858804.805176
2007-09-17,0.06584503549598475,0.0,0.06584503549598475,1.0,2,42974067428.467545,42758354796.79498
2007-09-18,0.09716082642254192,0.0,0.09716082642254192,1.0,2,47149463334.55549,46912791885.31984
2007-09-19,0.07961435555232155,0.0,0.07961435555232155,1.0,2,50903237472.573944,50647723578.42976
2007-09-20,0.06935737348483334,0.0,0.06935737348483334,1.0,2,54433752325.546425,54160516658.81552
2007-09-21,0.07919861809399226,0.0,0.07919861809399226,1.0,2,58744830287.400345,58449954733.45036
2007-09-24,0.07441429072909678,0.0,0.07441429072909678,1.0,2,63116285167.2384,62799466658.08788
2007-09-25,0.07250983009650047,0.0,0.07250983009650047,1.0,2,67692836281.03714,67353045315.61669
2007-09-26,0.07851032748778897,0.0,0.07851032748778897,1.0,2,73007423026.03865,72640954960.64565
2007-09-27,0.0784958904919641,0.0,0.0784958904919641,1.0,2,78738205708.99109,78342971406.46819
2007-09-28,0.06840092654814672,0.0,0.06840092654814672,1.0,2,84123971934.22466,83701703239.20557
2007-10-01,0.22533356348077999,0.0005,0.22483356348077999,1.0,2,103079926304.32062,102520655447.8869
2007-10-02,0.0014070543047398631,0.0,0.0014070543047398631,1.0,2,103224965358.35938,102664907577.4596
2007-10-03,0.00511662166006821,0.0,0.00511662166006821,1.0,2,103753128451.97174,103190205067.29933
2007-10-04,0.01975650550304453,0.0,0.01975650550304453,1.0,2,105802927705.1912,105228882921.57172
2007-10-05,0.025195397621844196,0.0,0.025195397621844196,1.0,2,108468674538.27872,107880166468.0832
2007-10-08,0.008395588707541313,0.0,0.008395588707541313,1.0,2,109379332917.35426,108785883975.45032
2007-10-09,0.017786894039677648,0.0,0.017786894039677648,1.0,2,111324851522.08588,110720846966.73433
2007-10-10,0.014638931202478889,0.0,0.014638931202478889,1.0,2,112954528364.64386,112341681828.16054
2007-10-11,0.00949322504726785,0.0,0.00949322504726785,1.0,2,114026831122.51743,113408166695.94383
2007-10-12,0.0240714706525042,0.0,0.0240714706525042,1.0,2,116771624641.48116,116138068052.31955
2007-10-15,0.01233679562908735,0.0,0.01233679562908735,1.0,2,118212212309.95961,117570839662.63806
2007-10-16,0.008611027797790272,0.0,0.008611027797790272,1.0,2,119230140956.19894,118583245431.18257
2007-10-17,0.015297791830964302,0.0,0.015297791830964302,1.0,2,121054098832.5234,120397307234.42894
2007-10-18,0.022952898973091607,0.0,0.022952898973091607,1.0,2,123832641333.30496,123160774464.01306
2007-10-19,-0.0009863059116099748,0.0,-0.0009863059116099748,1.0,2,123710504467.10765,123039300264.08075
2007-10-22,0.008890355385432258,0.0,0.008890355385432258,1.0,2,124810334816.73134,124133163369.80333
2007-10-23,0.026414468907878963,0.0,0.026414468907878963,1.0,2,128107133525.12985,127412074954.07166
2007-10-24,0.009166361972451575,0.0,0.009166361972451575,1.0,2,129281409882.27438,128579980152.76181
2007-10-25,0.009691477562928708,0.0,0.009691477562928708,1.0,2,130534337765.45222,129826110145.45412
2007-10-26,0.03268578114335591,0.0,0.03268578114335591,1.0,2,134800954561.34668,134069577968.36163
2007-10-29,0.016973294784705606,0.0,0.016973294784705606,1.0,2,137088970900.37613,136345180436.87971
2007-10-30,0.007053258573088472,0.0,0.007053258573088472,1.0,2,138055894859.6551,137306858249.69543
2007-10-31,0.026553012302340473,0.0,0.026553012302340473,1.0,2,141721694734.27414,140952768945.99533
2007-11-01,-0.0017315776074963707,0.0,-0.0017315776074963707,1.0,2,141476292621.1758,140708698287.57382
2007-11-02,0.02836351143633553,0.0,0.02836351143633553,1.0,2,145489057064.9069,144699691060.64532
2007-11-05,0.006885016105233066,0.0,0.006885016105233066,1.0,2,146490751565.93396,145695950764.02014
2007-11-06,0.0277659606366355,0.0,0.0277659606366355,1.0,2,150558208007.54486,149741338797.85114
2007-11-07,0.005021263849495916,0.0,0.005021263849495916,1.0,2,151314200494.65805,150493229569.13193
2007-11-08,-0.0020305003049246872,0.0,-0.0020305003049246872,1.0,2,151006956964.4142,150187653020.6027
2007-11-09,-0.0060212046787358475,0.0,-0.0060212046787358475,1.0,2,150097713168.61844,149283342421.5467
2007-11-12,-0.023344392599726593,0.0,-0.023344392599726593,1.0,2,146593773224.08908,145798413467.4587
2007-11-13,0.03658800792489997,0.0,0.03658800792489997,1.0,2,151957347360.55304,151132886974.84393
2007-11-14,0.015639310440819065,0.0,0.015639310440819065,1.0,2,154333855489.6881,153496501112.06073
2007-11-15,-0.005503005124225635,0.0,-0.005503005124225635,1.0,2,153484555492.08685,152651809079.89035
2007-11-16,0.015445303236265806,0.0,0.015445303236265806,1.0,2,155855170993.7456,155009562560.69382
2007-11-19,0.003105792426871923,0.0,0.003105792426871923,1.0,2,156339224803.5068,155490990086.18753
2007-11-20,0.02858058083993975,0.0,0.02858058083993975,1.0,2,160807490656.45694,159935012898.2281
2007-11-21,0.004546774236803219,0.0,0.004546774236803219,1.0,2,161538646012.05872,160662201294.43655
2007-11-23,0.02914652636036813,0.0,0.02914652636036813,1.0,2,166246936416.26736,165344946379.57962
2007-11-26,0.005103484229819599,0.0,0.005103484229819599,1.0,2,167095375034.52362,166188781705.90817
2007-11-27,0.014159523367678506,0.0,0.014159523367678506,1.0,2,169461365901.95596,168541935643.919
2007-11-28,0.023423773363366818,0.0,0.023423773363366818,1.0,2,173430790530.68997,172489823746.66534
2007-11-29,0.0048290608388322775,0.0,0.0048290608388322775,1.0,2,174268298369.48944,173322787599.61743
2007-11-30,0.003930613091484458,0.0,0.003930613091484458,1.0,2,174953279624.49127,174004052417.60907
2007-12-03,0.01364790966978241,0.0,0.01364790966978241,1.0,2,177341026181.2385,176378844007.18066
2007-12-04,0.015903094535744344,0.0,0.015903094535744344,1.0,2,180161297285.66464,179183813437.53217
2007-12-05,0.016129291861630368,0.0,0.016129291861630368,1.0,2,183067171431.75507,182073921461.34604
2007-12-06,0.022796234125646297,0.0,0.022796234125646297,1.0,2,187240413532.43317,186224521203.1534
2007-12-07,0.006838526973047487,0.0,0.006838526973047487,1.0,2,188520862150.81927,187498022614.44403
2007-12-10,0.022676804013525287,0.0,0.022676804013525287,1.0,2,192795912794.2742,191749878526.1953
2007-12-11,-0.005275623913981675,0.0,-0.005275623913981675,1.0,2,191778794066.21878,190738278281.53943
2007-12-12,0.0288264055765311,0.0,0.0288264055765311,1.0,2,197307087364.94962,196236577250.25232
2007-12-13,-0.004373080602961599,0.0,-0.004373080602961599,1.0,2,196444247568.3671,195378418880.68765
2007-12-14,0.006188988552162933,0.0,0.006188988552162933,1.0,2,197660038767.70596,196587613678.47992
2007-12-17,-0.00182132662971779,0.0,-0.00182132662971779,1.0,2,197300035275.4673,196229563422.61462
2007-12-18,0.021899588532153125,0.0,0.021899588532153125,1.0,2,201620824865.3793,200526910119.41394
2007-12-19,0.011557903883682163,0.0,0.011557903883682163,1.0,2,203951138980.12207,202844580872.6659
2007-12-20,0.019120421278039035,0.0,0.019120421278039035,1.0,2,207850770677.55792,206723054712.91855
2007-12-21,0.03159045739594046,0.0,0.03159045739594046,1.0,2,214416871593.36072,213253530565.58566
2007-12-24,0.015493531005053851,0.0,0.015493531005053851,1.0,2,217738946041.3991,216557580753.3408
2007-12-26,0.021948393248427178,0.0,0.021948393248427178,1.0,2,222517966054.6138,221310671696.64316
2007-12-27,0.006141010837813765,0.0,0.006141010837813765,1.0,2,223884451295.76346,222669742930.05606
2007-12-28,0.020428915788506585,0.0,0.020428915788506585,1.0,2,228458167897.64062,227218644357.0226
2007-12-31,0.0025659474142729066,0.0,0.0025659474142729066,1.0,2,229044379542.82712,227801675449.98514
2008-01-02,0.10477413131613278,0.0005,0.10427413131613278,1.0,1,253042305442.26944,251555497269.89197
2008-01-03,0.008365738663962397,0.0,0.008365738663962397,1.0,1,255159191240.526,253659944819.535
2008-01-04,-0.005148631765844902,0.0,-0.005148631765844902,1.0,1,253845470523.15775,252353943169.91467
2008-01-07,-0.004221709082951719,0.0,-0.004221709082951719,1.0,1,252773808794.58398,251288578235.91556
2008-01-08,0.02360801726399675,0.0,0.02360801726399675,1.0,1,258741297236.49274,257221003329.15424
2008-01-09,-0.002650623794093865,0.0,-0.002650623794093865,1.0,1,258055471397.52298,256539207217.38928
2008-01-10,0.01967359710461747,0.0,0.01967359710461747,1.0,1,263132350772.43994,261586256221.72214
2008-01-11,0.003753992957456931,0.0,0.003753992957456931,1.0,1,264120147764.11874,262568249185.34598
2008-01-14,0.010827767911336439,0.0,0.010827767911336439,1.0,1,266979979424.8165,265411277248.41086
2008-01-15,-0.017298692811730354,0.0,-0.017298692811730354,1.0,1,262361574773.8645,260820009094.5216
2008-01-16,-0.014626661193039125,0.0,-0.014626661193039125,1.0,1,258524100909.57498,257005083189.13065
2008-01-17,-0.002201315604844045,0.0,-0.002201315604844045,1.0,1,257955007772.01447,256439333888.98218
2008-01-18,0.010613602792126864,0.0,0.010613602792126864,1.0,1,260692839762.7466,259161079119.15744
2008-01-22,0.008924328729926323,0.0,0.008924328729926323,1.0,1,263019348362.32736,261473917783.21924
2008-01-23,-0.003079729218911753,0.0,-0.003079729218911753,1.0,1,262209319990.03677,260668648918.63892
2008-01-24,0.024833992404852845,0.0,0.024833992404852845,1.0,1,268721024251.15097,267142092166.06766
2008-01-25,0.0025076634696018507,0.0,0.0025076634696018507,1.0,1,269394886147.1796,267811994631.78555
2008-01-28,0.01599407239439965,0.0,0.01599407239439965,1.0,1,273703607458.89865,272095399062.0149
2008-01-29,-0.006549263459336485,0.0,-0.006549263459336485,1.0,1,271911050423.87952,270313374607.48447
2008-01-30,0.01005534160435706,0.0,0.01005534160435706,1.0,1,274645208921.8912,273031467929.38928
2008-01-31,-0.007103818523633065,0.0,-0.007103818523633065,1.0,1,272694179199.3248,271091901929.97775
2008-02-01,-0.022328749873398057,0.0,-0.022328749873398057,1.0,1,266605259080.05148,265038758659.07953
2008-02-04,-0.002735318367901529,0.0,-0.002735318367901529,1.0,1,265876008817.91068,264313793274.31354
2008-02-05,-0.015970837432758733,0.0,-0.015970837432758733,1.0,1,261629746303.80908,260092480650.69366
2008-02-06,0.014492908950362593,0.0,0.014492908950362593,1.0,1,265421522395.6967,263861977291.43814
2008-02-07,0.01011806134633808,0.0,0.01011806134633808,1.0,1,268107073641.93478,266531748964.63898
2008-02-08,0.012780577203780119,0.0,0.012780577203780119,1.0,1,271533636795.4951,269938178559.5401
2008-02-11,0.0036249935298588998,0.0,0.0036249935298588998,1.0,1,272517944472.01782,270916702710.28033
2008-02-12,-0.021989019416624456,0.0,-0.021989019416624456,1.0,1,266525542099.64404,264959510074.0961
2008-02-13,0.0012631360882541243,0.0,0.0012631360882541243,1.0,1,266862200130.3116,265294189993.19684
2008-02-14,0.003021723392847231,0.0,0.003021723392847231,1.0,1,267668583883.1121,266095835653.08575
2008-02-15,-0.006158551568890003,0.0,-0.006158551568890003,1.0,1,266020133105.89618,264457070726.94934
2008-02-19,0.0271679244036247,0.0,0.0271679244036247,1.0,1,273247347971.95935,271641820432.46313
2008-02-20,0.018339670409856845,0.0,0.018339670409856845,1.0,1,278258614274.13257,276623641888.728
2008-02-21,0.00011163480345743881,0.0,0.00011163480345743881,1.0,1,278289677619.84735,276654522714.62195
2008-02-22,0.0015073743063156453,0.0,0.0015073743063156453,1.0,1,278709164329.6044,277071544633.888
2008-02-25,-0.006924608442683722,0.0,-0.006924608442683722,1.0,1,276779212497.23425,275152932676.6888
2008-02-26,0.010505652185660908,0.0,0.010505652185660908,1.0,1,279686958635.9513,278043593685.25464
2008-02-27,0.011397098681170004,0.0,0.011397098681170004,1.0,1,282874578503.3616,281212483960.15265
2008-02-28,0.012749746109356641,0.0,0.012749746109356641,1.0,1,286481157560.0707,284797871733.42615
2008-02-29,0.001986052061801913,0.0,0.001986052061801913,1.0,1,287050124053.71027,285363495133.7792
2008-03-03,0.011060978831121893,0.0,0.011060978831121893,1.0,1,290225179399.3393,288519894712.6289
2008-03-04,-0.021175792861383935,0.0,-0.021175792861383935,1.0,1,284079431117.2209,282410257185.80597
2008-03-05,0.026523345942493837,0.0,0.026523345942493837,1.0,1,291614168143.8898,289900722134.85376
2008-03-06,-0.012522143176214806,0.0,-0.012522143176214806,1.0,1,287962533778.1792,286270543785.39307
2008-03-07,-0.004243271685336447,0.0,-0.004243271685336447,1.0,1,286740630512.1605,285055820092.60266
2008-03-10,-0.0021855707781572864,0.0,-0.0021855707781572864,1.0,1,286113938569.20276,284432810422.06464
2008-03-11,0.001288873270995361,0.0,0.001288873270995361,1.0,1,286482703177.0838,284799408268.8117
2008-03-12,0.010598785683611167,0.0,0.010598785683611167,1.0,1,289519071950.1193,287817936159.87213
2008-03-13,0.013734816295374097,0.0,0.013734816295374097,1.0,1,293495563217.3614,291771062639.5417
2008-03-14,0.0037843512978585903,0.0,0.0037843512978585903,1.0,1,294606253532.9387,292875226839.1192
2008-03-17,0.004669439404752951,0.0,0.004669439404752951,1.0,1,295981899582.072,294242789963.99774
2008-03-18,-0.026871378934340773,0.0,-0.026871378934340773,1.0,1,288028457800.69617,286336080456.1775
2008-03-19,-0.03609526408410113,0.0,-0.03609526408410113,1.0,1,277631994552.6437,276000704015.30536
2008-03-20,-0.033865805246587666,0.0,-0.033865805246587666,1.0,1,268229763494.90216,266653717925.20193
2008-03-24,0.0021631032352807944,0.0,0.0021631032352807944,1.0,1,268809972164.11655,267230517445.14557
2008-03-25,0.02901061577577213,0.0,0.02901061577577213,1.0,1,276608314983.26575,274983039310.30743
2008-03-26,0.011508504718449553,0.0,0.011508504718449553,1.0,1,279791663081.413,278147682915.70374
2008-03-27,-0.0036264288891053598,0.0,-0.0036264288891053598,1.0,1,278777018511.48376,277139000122.9405
2008-03-28,-0.016919610438751342,0.0,-0.016919610438751342,1.0,1,274060219958.9929,272449916203.47528
2008-03-31,-0.015827149675855523,0.0,-0.015827149675855523,1.0,1,269722627837.50403,268137810600.54858
2008-04-01,-0.03958662081309561,0.0,-0.03958662081309561,1.0,1,259045220444.58905,257523140766.65103
2008-04-02,0.02763550530449055,0.0,0.02763550530449055,1.0,1,266204066008.28842,264639922889.33688
2008-04-03,0.0017516799726956522,0.0,0.0017516799726956522,1.0,1,266670370339.36526,265103487342.23782
2008-04-04,0.009276285944657126,0.0,0.009276285944657126,1.0,1,269144080947.60083,267562663095.7502
2008-04-07,0.010168093013415369,0.0,0.010168093013415369,1.0,1,271880762996.68622,270283265141.02493
2008-04-08,-0.008951511004015367,0.0,-0.008951511004015367,1.0,1,269447019354.94128,267863821518.91385
2008-04-09,0.021484275093545224,0.0,0.021484275093545224,1.0,1,275235893241.8987,273618681548.03452
2008-04-10,-0.005632522997231715,0.0,-0.005632522997231715,1.0,1,273685620743.55008,272077518031.74298
2008-04-11,-0.005126150326391854,0.0,-0.005126150326391854,1.0,1,272282667109.44678,270682807773.88068
2008-04-14,-0.002080574489169207,0.0,-0.002080574489169207,1.0,1,271716162738.41592,270119632029.36966
2008-04-15,0.0060418853665167305,0.0,0.0060418853665167305,1.0,1,273357840645.91122,271751663881.3368
2008-04-16,0.017550508044035462,0.0,0.017550508044035462,1.0,1,278155409627.06744,276521043644.26624
2008-04-17,-0.007608851653256421,0.0,-0.007608851653256421,1.0,1,276038966378.6643,274417036044.17337
2008-04-18,-0.02065153651637819,0.0,-0.02065153651637819,1.0,1,270338337584.55203,268749902603.59085
2008-04-21,-0.004071856323238032,0.0,-0.004071856323238032,1.0,1,269237558715.24472,267655591613.3048
2008-04-22,0.00022469429535898477,0.0,0.00022469429535898477,1.0,1,269298054858.78442,267715732297.86127
2008-04-23,-0.011596943905282098,0.0,-0.011596943905282098,1.0,1,266175020422.78552,264611047967.84146
2008-04-24,-0.02254328630361535,0.0,-0.02254328630361535,1.0,1,260174560730.52402,258645845354.4027
2008-04-25,0.0007259343772175741,0.0,0.0007259343772175741,1.0,1,260363430388.23575,258833605265.06995
2008-04-28,0.00482782885039601,0.0,0.00482782885039601,1.0,1,261620420469.05215,260083209612.02066
2008-04-29,-0.021555345100131573,0.0,-0.021555345100131573,1.0,1,255981102020.60022,254477026274.0837
2008-04-30,0.009767526836909735,0.0,0.009767526836909735,1.0,1,258481404304.32816,256962637457.5928
2008-05-01,-0.0308502180219411,0.0,-0.0308502180219411,1.0,1,250507196626.92212,249035284068.53305
2008-05-02,0.007027330733784032,0.0,0.007027330733784032,1.0,1,252267593548.81256,250785337374.06448
2008-05-05,0.01989146531797359,0.0,0.01989146531797359,1.0,1,257285565636.73743,255773825214.697
2008-05-06,0.004170535612040505,0.0,0.004170535612040505,1.0,1,258358584250.68942,256840539061.38272
2008-05-07,-0.009295248948364088,0.0,-0.009295248948364088,1.0,1,255957076892.13235,254453142310.77515
2008-05-08,0.016485640336017182,0.0,0.016485640336017182,1.0,1,260176693203.23434,258647965297.27997
2008-05-09,0.002062424545566044,0.0,0.002062424545566044,1.0,1,260713288001.4809,259181407209.5698
2008-05-12,-0.0049141803568965026,0.0,-0.0049141803568965026,1.0,1,259432095882.80212,257907743029.38773
2008-05-13,-0.01832471521732304,0.0,-0.01832471521732304,1.0,1,254678076607.51654,253181657086.03168
2008-05-14,-0.002200497071227381,0.0,-0.002200497071227381,1.0,1,254117658245.83588,252624531591.12537
2008-05-15,0.021160594615370343,0.0,0.021160594615370343,1.0,1,259494938996.58322,257970216894.02298
2008-05-16,0.024023438311179923,0.0,0.024023438311179923,1.0,1,265728899655.63104,264167548485.69824
2008-05-19,0.0032653808893294833,0.0,0.0032653808893294833,1.0,1,266596605726.30908,265030156150.10446
2008-05-20,0.01685686396097985,0.0,0.01685686396097985,1.0,1,271090588441.49646,269497733437.88403
2008-05-21,0.011708671777869162,0.0,0.011708671777869162,1.0,1,274264699163.62735,272653193943.5879
2008-05-22,-0.010676696633925786,0.0,-0.010676696633925786,1.0,1,271336458173.2624,269742158505.58127
2008-05-23,0.0027520686843339748,0.0,0.0027520686843339748,1.0,1,272083194742.7191,270484507452.8491
2008-05-27,-0.020579076896461657,0.0,-0.020579076896461657,1.0,1,266483973755.87372,264918185974.67535
2008-05-28,-0.002390450216072093,0.0,-0.002390450216072093,1.0,1,265846957083.22925,264284912239.77075
2008-05-29,-0.029626187247321134,0.0,-0.029626187247321134,1.0,1,257970925353.55096,256455157943.11346
2008-05-30,0.010853652181645135,0.0,0.010853652181645135,1.0,1,260770852050.31555,259238633027.61688
2008-06-02,0.005830647137417433,0.0,0.005830647137417433,1.0,1,262291314872.34464,260750162021.18738
2008-06-03,-0.012238798388337968,0.0,-0.012238798388337968,1.0,1,259081184350.60992,257558893358.4836
2008-06-04,-0.002635068835844856,0.0,-0.002635068835844856,1.0,1,258398487595.77386,256880207945.19998
2008-06-05,-0.002264373145614673,0.0,-0.002264373145614673,1.0,1,257813376999.59454,256298535300.68896
2008-06-06,0.02996663736353855,0.0,0.02996663736353855,1.0,1,265539176975.61066,263978940564.8508
2008-06-09,-0.012050638892116328,0.0,-0.012050638892116328,1.0,1,262339260242.16782,260797825676.98035
2008-06-10,-0.027894792482212494,0.0,-0.027894792482212494,1.0,1,255021361017.77542,253522924449.90875
2008-06-11,0.017120882814222638,0.0,0.017120882814222638,1.0,1,259387551854.8843,257863460730.13467
2008-06-12,-0.01621685779140447,0.0,-0.01621685779140447,1.0,1,255181100813.5931,253681725657.87466
2008-06-13,0.0027054373178507785,0.0,0.0027054373178507785,1.0,1,255871477286.54443,254368045665.32626
2008-06-16,0.014120660207603275,0.0,0.014120660207603275,1.0,1,259484551474.12524,257959890405.83847
2008-06-17,0.0027786487779640767,0.0,0.0027786487779640767,1.0,1,260205567905.97934,258676670340.07837
2008-06-18,0.011771907576648477,0.0,0.011771907576648477,1.0,1,263268683802.29785,261721788195.55695
2008-06-19,0.0017171063840361045,0.0,0.0017171063840361045,1.0,1,263720744139.97153,262171192348.90884
2008-06-20,0.005987484128789244,0.0,0.005987484128789244,1.0,1,265299767909.9421,263740938202.1237
2008-06-23,-0.020890580159379724,0.0,-0.020890580159379724,1.0,1,259757501842.15463,258231236991.30222
2008-06-24,0.004358662939620617,0.0,0.004358662939620617,1.0,1,260889697238.72247,259356779913.82858
2008-06-25,-0.000571711755237625,0.0,-0.000571711755237625,1.0,1,260740543531.99072,259208502593.95126
2008-06-26,0.036195445238429436,0.0,0.036195445238429436,1.0,1,270178163596.84122,268590669754.92593
2008-06-27,0.009469240181904315,0.0,0.009469240181904315,1.0,1,272736545519.84555,271134019317.45386
2008-06-30,-0.0007407901944644912,0.0,-0.0007407901944644912,1.0,1,272534504961.25232,270933165894.55774
2008-07-01,0.01376821079011692,0.0,0.01376821079011692,1.0,1,276286817473.139,274663430832.62772
2008-07-02,0.005543486552729626,0.0,0.005543486552729626,1.0,1,277818409730.49774,276186023867.9749
2008-07-03,-0.011926522332585843,0.0,-0.011926522332585843,1.0,1,274505002262.44348,272892085086.36542
2008-07-07,-0.008897852256142147,0.0,-0.008897852256142147,1.0,1,272062497308.7403,270463931631.39636
2008-07-08,-0.004030195712355633,0.0,-0.004030195712355633,1.0,1,270966032198.59384,269373909053.78867
2008-07-09,0.007042295443334012,0.0,0.007042295443334012,1.0,1,272874255052.4443,271270919706.07123
2008-07-10,0.022065489552611783,0.0,0.022065489552611783,1.0,1,278895359076.4807,277256645350.77295
2008-07-11,0.0174056756482035,0.0,0.0174056756482035,1.0,1,283749721236.35516,282082484591.0575
2008-07-14,0.00788780662407873,0.0,0.00788780662407873,1.0,1,285987884167.1038,284307496681.55145
2008-07-15,0.0027370808968876226,0.0,0.0027370808968876226,1.0,1,286770656141.59894,285085669299.5605
2008-07-16,-0.017969168053398987,0.0,-0.017969168053398987,1.0,1,281617626028.60706,279962916998.30096
2008-07-17,-0.002315580355264246,0.0,-0.002315580355264246,1.0,1,280965517786.07904,279314640367.49725
2008-07-18,-0.0005307052760558095,0.0,-0.0005307052760558095,1.0,1,280816407903.4002,279166406614.1746
2008-07-21,0.010064135759263015,0.0,0.010064135759263015,1.0,1,283642582355.9686,281975975229.7653
2008-07-22,-0.02147804457762048,0.0,-0.02147804457762048,1.0,1,277550494328.01575,275919682663.9624
2008-07-23,-0.026857754160007352,0.0,-0.026857754160007352,1.0,1,270096111384.3654,268509099659.06647
2008-07-24,0.008375866895256934,0.0,0.008375866895256934,1.0,1,272358400462.2473,270758096137.97607
2008-07-25,0.003965572587566579,0.0,0.003965572587566579,1.0,1,273438457469.11392,271831807021.88257
2008-07-28,0.00044843532195137925,0.0,0.00044843532195137925,1.0,1,273561076931.82297,271953706005.78104
2008-07-29,-0.012466092157888076,0.0,-0.012466092157888076,1.0,1,270150839335.97977,268563506044.03378
2008-07-30,-0.011669614974676668,0.0,-0.011669614974676668,1.0,1,266998283055.84314,265429473332.25067
2008-07-31,0.006437724900535624,0.0,0.006437724900535624,1.0,1,268717144551.072,267138235262.05777
2008-08-01,-0.005656621837628162,0.0,-0.005656621837628162,1.0,1,267197113283.05933,265627135286.80896
2008-08-04,-0.01602289755481967,0.0,-0.01602289755481967,1.0,1,262915841309.98132,261371018910.3282
2008-08-05,-0.023506030929125177,0.0,-0.023506030929125177,1.0,1,256735733412.39194,255227223655.84506
2008-08-06,0.006520966173025999,0.0,0.006520966173025999,1.0,1,258409898445.3812,256891551747.7402
2008-08-07,-0.0063481423780287205,0.0,-0.0063481423780287205,1.0,1,256769475618.15796,255260767601.5328
2008-08-08,-0.01926293182409977,0.0,-0.01926293182409977,1.0,1,251823342714.81552,250343696837.85712
2008-08-11,-0.0390716602969261,0.0,-0.0390716602969261,1.0,1,241984186613.42584,240562352957.5317
2008-08-12,-0.007531903187473099,0.0,-0.007531903187473099,1.0,1,240161585146.9541,238750460604.50485
2008-08-13,0.012905593953431937,0.0,0.012905593953431937,1.0,1,243261013048.07327,241831677105.26144
2008-08-14,-0.027272216973207475,0.0,-0.027272216973207475,1.0,1,236626745919.10397,235236391136.2521
2008-08-15,-0.021756838567789205,0.0,-0.021756838567789205,1.0,1,231478496007.32077,230118390949.03134
2008-08-18,0.015031707156029528,0.0,0.015031707156029528,1.0,1,234958012972.22098,233577463212.9939
2008-08-19,0.021044979617523607,0.0,0.021044979617523607,1.0,1,239902699566.19522,238493096165.42422
2008-08-20,-0.004604216935720773,0.0,-0.004604216935720773,1.0,1,238798135493.9274,237395022213.0069
2008-08-21,0.02789295557003113,0.0,0.02789295557003113,1.0,1,245458921277.4658,244016671020.14084
2008-08-22,-0.01487334761550596,0.0,-0.01487334761550596,1.0,1,241808125415.97894,240387326248.0797
2008-08-25,-0.0018495264729720962,0.0,-0.0018495264729720962,1.0,1,241360894886.64233,239942723524.4169
2008-08-26,0.003737356879429332,0.0,0.003737356879429332,1.0,1,242262946687.5721,240839475112.84985
2008-08-27,0.0016529459093683752,0.0,0.0016529459093683752,1.0,1,242663394234.29086,241237569738.05206
2008-08-28,0.0103000329013051,0.0,0.0103000329013051,1.0,1,245162835178.84647,243722324643.38492
2008-08-29,-0.005707636947946182,0.0,-0.005707636947946182,1.0,1,243763534722.51645,242331246098.211
2008-09-02,-0.27270317035976266,0.001,-0.27370317035976266,1.0,1,177288445985.58414,176004415763.89877
2008-09-03,0.062088937388568466,0.0,0.062088937388568466,1.0,1,188296097208.09967,186932342914.37506
2008-09-04,0.03127973466742029,0.0,0.03127973466742029,1.0,1,194185949167.6798,192779537001.49594
2008-09-05,0.0563487438232847,0.0,0.0563487438232847,1.0,1,205128083471.41077,203642421746.36465
2008-09-08,0.08638383750339218,0.0,0.08638383750339218,1.0,1,222847834501.38736,221233835615.29987
2008-09-09,0.04765495546398757,0.0,0.04765495546398757,1.0,1,233467638129.79706,231776724198.67413
2008-09-10,0.07285051024092126,0.0,0.07285051024092126,1.0,1,250475874692.29556,248661776818.51685
2008-09-11,0.05879653594949419,0.0,0.05879653594949419,1.0,1,265202988463.12213,263282227918.49188
2008-09-12,0.05978584484837113,0.0,0.05978584484837113,1.0,1,281058373184.7027,279022778348.1603
2008-09-15,0.010384424421801985,0.0,0.010384424421801985,1.0,1,283977002619.1538,281920269301.8779
2008-09-16,0.07478558153672632,0.0,0.07478558153672632,1.0,1,305214387903.0836,303003840588.6093
2008-09-17,0.01728168265684249,0.0,0.01728168265684249,1.0,1,310489006097.12714,308240256805.4661
2008-09-18,0.1174512068606326,0.0,0.1174512068606326,1.0,1,346956314580.19305,344443446970.29944
2008-09-19,0.14802090128264578,0.0,0.14802090128264578,1.0,1,398313100970.05835,395428276431.7443
2008-09-22,0.029807582535753885,0.0,0.029807582535753885,1.0,1,410185851602.2954,407215037418.4544
2008-09-23,0.05014070628056033,0.0,0.05014070628056033,1.0,1,430752859907.9276,427633087002.68054
2008-09-24,0.0491557488259764,0.0,0.0491557488259764,1.0,1,451926839295.6327,448653711617.0612
2008-09-25,0.06309182552132364,0.0,0.06309182552132364,1.0,1,480439728588.87604,476960093309.8992
2008-09-26,0.054218640310320754,0.0,0.054218640310320754,1.0,1,506488517424.0245,502820221051.4457
2008-09-29,-0.01344039745854908,0.0,-0.01344039745854908,1.0,1,499681110441.6543,496062117430.3187
2008-09-30,0.10062902982127975,0.0,0.10062902982127975,1.0,1,549963535805.4177,545980367038.42145
2008-10-01,0.05431759663066571,0.001,0.05331759663066571,0.0,1,579836233304.8711,575090728016.4387
2008-10-02,0.050434370100894355,0.0,0.050434370100894355,0.0,1,609079908493.2776,604095066634.8126
2008-10-03,0.05019090851273589,0.0,0.05019090851273589,0.0,1,639650182457.4092,634415146857.2756
2008-10-06,0.0545136861306732,0.0,0.0545136861306732,0.0,1,674519871737.3202,668999455049.5981
2008-10-07,0.05080551343140616,0.0,0.05080551343140616,0.0,1,708789200140.6211,702988315848.724
2008-10-08,0.05028434569247553,0.0,0.05028434569247553,0.0,1,744430201303.5853,738337623340.6324
2008-10-09,0.05209861430713447,0.0,0.05209861430713447,0.0,1,783213983239.8833,776803990407.5024
2008-10-10,0.05167257279902304,0.0,0.05167257279902304,0.0,1,823684664806.059,816943451152.4058
2008-10-13,0.047461095435758494,0.0,0.047461095435758494,0.0,1,862777641291.3901,855716482253.1681
2008-10-14,0.051780393471982156,0.0,0.051780393471982156,0.0,1,907452607036.2869,900025818404.6975
2008-10-15,0.0507582757279329,0.0,0.0507582757279329,0.0,1,953513336674.2664,945709577057.5417
2008-10-16,0.05092819005343874,0.0,0.05092819005343874,0.0,1,1002074045102.9019,993872854133.2853
2008-10-17,0.04934103554969038,0.0,0.04934103554969038,0.0,1,1051517416185.7462,1042911569960.948
2008-10-20,0.052797056889292704,0.0,0.052797056889292704,0.0,1,1107034441028.1873,1097974231450.6779
2008-10-21,0.05088034377055073,0.0,0.05088034377055073,0.0,1,1163360733953.5408,1153839537798.0945
2008-10-22,0.049737790714792784,0.0,0.049737790714792784,0.0,1,1221223726664.7295,1211228967247.5493
2008-10-23,0.05192545646068003,0.0,0.05192545646068003,0.0,1,1284636326112.4084,1274122584250.2766
2008-10-24,0.04941857283425899,0.0,0.04941857283425899,0.0,1,1348121219959.9292,1337087903979.823
2008-10-27,0.05279101422446597,0.0,0.05279101422446597,0.0,1,1419289906459.1384,1407674130538.1833
2008-10-28,0.05090420722082212,0.0,0.05090420722082212,0.0,1,1491537733963.9556,1479330666178.4897
2008-10-29,0.049813215159767665,0.0,0.049813215159767665,0.0,1,1565836024024.8145,1553020882945.2812
2008-10-30,0.05182583051505196,0.0,0.05182583051505196,0.0,1,1646986776420.287,1633507480011.1396
2008-10-31,0.05001125943653861,0.0,0.05001125943653861,0.0,1,1729354659384.3904,1715201246385.503
2008-11-03,0.050752640443213703,0.0,0.050752640443213703,0.0,1,1817123974610.9226,1802252238531.0583
2008-11-04,0.05066663305584118,0.0,0.05066663305584118,0.0,1,1909191528249.5059,1893566291374.7798
2008-11-05,0.05086377142350007,0.0,0.05086377142350007,0.0,1,2006300209746.0715,1989880214394.5112
2008-11-06,0.05143960858065311,0.0,0.05143960858065311,0.0,1,2109503507230.692,2092238873745.351
2008-11-07,0.05041614319932897,0.0,0.05041614319932897,0.0,1,2215856538130.721,2197721488411.2998
2008-11-10,0.04975084803616625,0.0,0.04975084803616625,0.0,1,2326097280029.208,2307059996207.0674
2008-11-11,0.050121602070266946,0.0,0.050121602070266946,0.0,1,2442685002275.562,2422693539289.1895
2008-11-12,0.05059072338555404,0.0,0.05059072338555404,0.0,1,2566262203543.7266,2545259357983.338
2008-11-13,0.05041614319932897,0.0,0.05041614319932897,0.0,1,2695643246284.613,2673581518254.8584
2008-11-14,0.0506129876223923,0.0,0.0506129876223923,0.0,1,2832077804543.2017,2808899466545.7485
2008-11-17,0.05066532359312381,0.0,0.05066532359312381,0.0,1,2975565942951.2866,2951213266958.842
2008-11-18,0.04954683099103607,0.0,0.04954683099103607,0.0,1,3122995805829.377,3097436531915.355
2008-11-19,0.05063745550455567,0.0,0.05063745550455567,0.0,1,3281136366987.976,3254282836478.404
2008-11-20,0.0515294391812563,0.0,0.0515294391812563,0.0,1,3450211483856.091,3421974205979.3237
2008-11-21,0.050242385216035856,0.0,0.050242385216035856,0.0,1,3623558338304.7793,3593902352235.4756
2008-11-24,0.050984364965871776,0.0,0.050984364965871776,0.0,1,3808303159100.0386,3777135181413.5547
2008-11-25,0.05068911021406908,0.0,0.05068911021406908,0.0,1,4001342657660.2485,3968594802917.6646
2008-11-26,0.05076357536019016,0.0,0.05076357536019016,0.0,1,4204465117204.3276,4170054864269.634
2008-11-28,0.04798253131201158,0.0,0.04798253131201158,0.0,1,4406205996340.845,4370144652367.2573
2008-12-01,0.05379795872389559,0.0,0.05379795872389559,0.0,1,4643250884660.972,4605249513992.765
2008-12-02,0.050954084922556375,0.0,0.050954084922556375,0.0,1,4879843484554.723,4839905788818.313
2008-12-03,0.04874652488889919,0.0,0.04874652488889919,0.0,1,5117718896428.502,5075834376812.873
2008-12-04,0.049811656723829034,0.0,0.049811656723829034,0.0,1,5372640953306.452,5328670096377.6875
2008-12-05,0.05084967805409257,0.0,0.05084967805409257,0.0,1,5645838016082.318,5599631255234.963
2008-12-08,0.05053138629066134,0.0,0.05053138629066134,0.0,1,5931130037807.475,5882588385278.502
2008-12-09,0.050204153128676876,0.0,0.050204153128676876,0.0,1,6228897398451.655,6177918753365.999
2008-12-10,0.050684150276775974,0.0,0.050684150276775974,0.0,1,6544603770253.397,6491041315859.313
2008-12-11,0.0491904478964883,0.0,0.0491904478964883,0.0,1,6866535761017.207,6810338545501.043
2008-12-12,0.05070516588423957,0.0,0.05070516588423957,0.0,1,7214704595829.646,7155657891178.503
2008-12-15,0.050085102898350775,0.0,0.050085102898350775,0.0,1,7576053817892.9795,7514049752963.575
2008-12-16,0.05097852301670214,0.0,0.05097852301670214,0.0,1,7962269851824.211,7897104911243.674
2008-12-17,0.049342057666901695,0.0,0.049342057666901695,0.0,1,8355144630012.354,8286764317175.832
2008-12-18,0.0499321205364589,0.0,0.0499321205364589,0.0,1,8772334718777.678,8700540031918.282
2008-12-19,0.05127501254622857,0.0,0.05127501254622857,0.0,1,9222136291542.719,9146660331213.855
2008-12-22,0.05169720148169321,0.0,0.05169720148169321,0.0,1,9698894929498.238,9619517073241.229
2008-12-23,0.04919114669386815,0.0,0.04919114669386815,0.0,1,10175994692743.6,10092712148715.207
2008-12-24,0.051720720868448034,0.0,0.051720720868448034,0.0,1,10702304473805.8,10614714496564.5
2008-12-26,0.049768385156526485,0.0,0.049768385156526485,0.0,1,11234940884920.584,11142991695956.088
2008-12-29,0.04615811904573419,0.0,0.04615811904573419,0.0,1,11753524623758.535,11657331233183.658
2008-12-30,0.05386301151298656,0.0,0.05386301151298656,0.0,1,12386604855886.213,12285230199607.328
2008-12-31,0.047553002022884705,0.0,0.047553002022884705,0.0,1,12975625101654.844,12869429776140.86
2009-01-02,0.25481078093105336,0.001,0.25381078093105336,1.0,1,16281954266876.094,16135829797760.521
2009-01-05,-0.019983266240422015,0.0,-0.019983266240422015,1.0,1,15956587639846.734,15813383214901.738
2009-01-06,0.007971433454421972,0.0,0.007971433454421972,1.0,1,16083784516377.426,15939438546888.604
2009-01-07,-0.028100529920405792,0.0,-0.028100529920405792,1.0,1,15631821648341.602,15491531877087.291
2009-01-08,0.020650467013366702,0.0,0.020650467013366702,1.0,1,15954626065649.512,15811439245101.602
2009-01-09,-0.00630128227323945,0.0,-0.00630128227323945,1.0,1,15854091463245.871,15711806903272.041
2009-01-12,-0.03796282635715709,0.0,-0.03796282635715709,1.0,1,15252225341976.182,15115342306045.943
2009-01-13,0.0014874759527181425,0.0,0.0014874759527181425,1.0,1,15274912660397.809,15137826014243.29
2009-01-14,-0.013513816317109795,0.0,-0.013513816317109795,1.0,1,15068490296445.297,14933256214046.44
2009-01-15,0.007507872105183111,0.0,0.007507872105183111,1.0,1,15181622594409.201,15045373191815.432
2009-01-16,0.028719613795719523,0.0,0.028719613795719523,1.0,1,15617632932113.002,15477470499296.844
2009-01-20,0.0218102594851044,0.0,0.0218102594851044,1.0,1,15958257558905.498,15815038147059.557
2009-01-21,-0.0043709886071992,0.0,-0.0043709886071992,1.0,1,15888504196924.771,15745910795496.338
2009-01-22,0.005119260290966543,0.0,0.005119260290966543,1.0,1,15969841585542.945,15826518211376.826
2009-01-23,0.04616862218095119,0.0,0.04616862218095119,1.0,1,16707147167995.52,16557206751117.826
2009-01-26,0.004767720682325116,0.0,0.004767720682325116,1.0,1,16786802179091.021,16636146888186.664
2009-01-27,-0.0064094904363978245,0.0,-0.0064094904363978245,1.0,1,16679207331066.436,16529517663808.322
2009-01-28,-0.010874161217288014,0.0,-0.010874161217288014,1.0,1,16497834941571.848,16349773023888.06
2009-01-29,0.02406859483717838,0.0,0.02406859483717838,1.0,1,16894914646471.186,16743289086479.852
2009-01-30,0.02013326266456139,0.0,0.02013326266456139,1.0,1,17235064400743.936,17080386123526.635
2009-02-02,-0.02723193310966321,0.0,-0.02723193310966321,1.0,1,16765720279842.139,16615254191123.537
2009-02-03,-0.0041099293082186295,0.0,-0.0041099293082186295,1.0,1,16696814354690.62,16546966670959.936
2009-02-04,0.00800982076931711,0.0,0.00800982076931711,1.0,1,16830552845090.252,16679504908270.188
2009-02-05,0.010662722158228055,0.0,0.010662722158228055,1.0,1,17010012353846.824,16857353834843.873
2009-02-06,-0.005827996075073005,0.0,-0.005827996075073005,1.0,1,16910878068611.662,16759109242858.285
2009-02-09,-0.014180351934113489,0.0,-0.014180351934113489,1.0,1,16671075866083.867,16521459175692.3
2009-02-10,0.02130638019204434,0.0,0.02130638019204434,1.0,1,17026276146697.064,16873471666216.94
2009-02-11,0.02293795705362034,0.0,0.02293795705362034,1.0,1,17416824137733.082,17260514634642.104
2009-02-12,0.009523776470667267,0.0,0.009523776470667267,1.0,1,17582698077649.773,17424899917791.115
2009-02-13,-0.006650562907460467,0.0,-0.006650562907460467,1.0,1,17465763238001.479,17309014524731.643
2009-02-17,0.03126745169821832,0.0,0.03126745169821832,1.0,1,18011873146418.207,17850223300327.45
2009-02-18,0.015336697517824849,0.0,0.015336697517824849,1.0,1,18288115796594.254,18123986775710.2
2009-02-19,-0.011778627085337168,0.0,-0.011778627085337168,1.0,1,18072706900532.707,17910511094179.527
2009-02-20,0.021244204216588347,0.0,0.021244204216588347,1.0,1,18456647176674.168,18291005649487.75
2009-02-23,-0.0005697192628486558,0.0,-0.0005697192628486558,1.0,1,18446132069250.016,18280584911232.363
2009-02-24,-0.03073880049106159,0.0,-0.03073880049106159,1.0,1,17879120095741.566,17718661658786.082
2009-02-25,-0.01667900110909304,0.0,-0.01667900110909304,1.0,1,17580914231835.086,17423132081327.545
2009-02-26,-0.000948393667348113,0.0,-0.000948393667348113,1.0,1,17564240604111.424,17406608093196.244
2009-02-27,-0.00438140252972119,0.0,-0.00438140252972119,1.0,1,17487284595895.938,17330342736462.85
2009-03-02,-0.018132720720016815,0.0,-0.018132720720016815,1.0,1,17170192548167.104,17016096471640.396
2009-03-03,-0.00979558632429145,0.0,-0.00979558632429145,1.0,1,17002000444856.826,16849413829749.973
2009-03-04,-0.011628955941433539,0.0,-0.011628955941433539,1.0,1,16804284930767.354,16653472738684.83
2009-03-05,0.03347107581692166,0.0,0.03347107581692166,1.0,1,17366742425734.223,17210882387336.389
2009-03-06,0.003271487562839459,0.0,0.003271487562839459,1.0,1,17423557507587.049,17267187575012.053
2009-03-09,-0.018636918448808326,0.0,-0.018636918448808326,1.0,1,17098836087230.027,16945380408336.277
2009-03-10,-0.027007892746007345,0.0,-0.027007892746007345,1.0,1,16637032556104.559,16487721391727.637
2009-03-11,0.012220495868529468,0.0,0.012220495868529468,1.0,1,16840345343721.025,16689209522876.709
2009-03-12,0.020967358023942895,0.0,0.020967358023942895,1.0,1,17193442893789.664,17039138154079.463
2009-03-13,0.002247881533765761,0.0,0.002247881533765761,1.0,1,17232091716572.469,17077440118087.3
2009-03-16,-0.005413964916304859,0.0,-0.005413964916304859,1.0,1,17138797776584.398,16984983456427.68
2009-03-17,-0.008384562971338494,0.0,-0.008384562971338494,1.0,1,16995096447373.59,16842571793070.12
2009-03-18,0.034574391372188984,0.0,0.034574391372188984,1.0,1,17582691563353.184,17424893461957.916
2009-03-19,0.013500718851621851,0.0,0.013500718851621851,1.0,1,17820070538804.797,17660142049607.273
2009-03-20,-0.008044286923335031,0.0,-0.008044286923335031,1.0,1,17676720778396.582,17518078799853.379
2009-03-23,-0.016157470854490374,0.0,-0.016157470854490374,1.0,1,17391109677616.676,17235030952218.082
2009-03-24,-0.012241980937116925,0.0,-0.012241980937116925,1.0,1,17178208044467.982,17024040031850.408
2009-03-25,0.011335718451561894,0.0,0.011335718451561894,1.0,1,17372935374362.428,17217019756559.584
2009-03-26,-0.0004750821572775399,0.0,-0.0004750821572775399,1.0,1,17364681802746.533,17208840257671.748
2009-03-27,-0.013506943597662247,0.0,-0.013506943597662247,1.0,1,17130138025045.484,16976401422930.197
2009-03-30,-0.007827974654930792,0.0,-0.007827974654930792,1.0,1,16996043738749.963,16843510582859.568
2009-03-31,0.0033389416920759363,0.0,0.0033389416920759363,1.0,1,17052792537789.621,16899750082585.6
2009-04-01,0.00834733630194684,0.0,0.00834733630194684,1.0,1,17195137931989.88,17040817979943.795
2009-04-02,-0.02448326016336677,0.0,-0.02448326016336677,1.0,1,16774144896455.996,16623603199944.252
2009-04-03,-0.013598453825707013,0.0,-0.013598453825707013,1.0,1,16546042461615.82,16397547899412.936
2009-04-06,-0.026664727126443077,0.0,-0.026664727126443077,1.0,1,16104846754354.295,15960311759132.31
2009-04-07,0.017175480848400593,0.0,0.017175480848400593,1.0,1,16381455241350.133,16234437788085.791
2009-04-08,-0.0014655341887201967,0.0,-0.0014655341887201967,1.0,1,16357447658632.945,16210645664472.701
2009-04-09,-0.003464587583252854,0.0,-0.003464587583252854,1.0,1,16300775848581.137,16154482462787.057
2009-04-13,0.018224198705716566,0.0,0.018224198705716566,1.0,1,16597844426703.025,16448884961176.902
2009-04-14,-0.005808620709292445,0.0,-0.005808620709292445,1.0,1,16501433843836.465,16353339627346.64
2009-04-15,0.0014873697648376538,0.0,0.0014873697648376538,1.0,1,16525977577612.256,16377663090262.477
2009-04-16,-0.019338955316549944,0.0,-0.019338955316549944,1.0,1,16206382435676.506,16060936195570.38
2009-04-17,-0.00687993455569913,0.0,-0.00687993455569913,1.0,1,16094883585134.42,15950438005641.598
2009-04-20,0.020198705133648742,0.0,0.020198705133648742,1.0,1,16419979392830.953,16272616199670.096
2009-04-21,-0.0005769132485099471,0.0,-0.0005769132485099471,1.0,1,16410506489178.969,16263228311796.588
2009-04-22,0.005632809849974496,0.0,0.005632809849974496,1.0,1,16502943751774.287,16354835984423.66
2009-04-23,0.016203991650416194,0.0,0.016203991650416194,1.0,1,16770357314535.326,16619849610159.188
2009-04-24,0.010336831282457881,0.0,0.010336831282457881,1.0,1,16943709668642.21,16791646191519.227
2009-04-27,-0.007929069753688789,0.0,-0.007929069753688789,1.0,1,16809361812793.295,16658504057587.408
2009-04-28,-0.014064963963739907,0.0,-0.014064963963739907,1.0,1,16572938744642.89,16424202798327.627
2009-04-29,0.006608261863900067,0.0,0.006608261863900067,1.0,1,16682457063721.865,16532738231324.775
2009-04-30,-0.011914459372966313,0.0,-0.011914459372966313,1.0,1,16483694606794.896,16335759593343.77
2009-05-01,-0.0036530409746435843,0.0,-0.0036530409746435843,1.0,1,16423478994982.764,16276084394197.357
2009-05-04,0.01935057426906739,0.0,0.01935057426906739,1.0,1,16741282745031.646,16591035974076.883
2009-05-05,-0.004203356483801213,0.0,-0.004203356483801213,1.0,1,16670913165658.168,16521297935442.268
2009-05-06,0.01460531267678511,0.0,0.01460531267678511,1.0,1,16914397065050.139,16762596657615.727
2009-05-07,-0.0010663583420833511,0.0,-0.0010663583420833511,1.0,1,16896360256638.512,16744721722834.9
2009-05-08,0.006028491498306865,0.0,0.006028491498306865,1.0,1,16998219820797.986,16845667135382.525
2009-05-11,-0.0032208406695588554,0.0,-0.0032208406695588554,1.0,1,16943471263089.059,16791409925567.035
2009-05-12,0.011234678601270032,0.0,0.011234678601270032,1.0,1,17133825717119.719,16980056019342.957
2009-05-13,0.004320484982918704,0.0,0.004320484982918704,1.0,1,17207852153830.479,17053418096383.645
2009-05-14,-0.0006556795146239747,0.0,-0.0006556795146239747,1.0,1,17196569317682.533,17042236519483.527
2009-05-15,0.005706664405975115,0.0,0.005706664405975115,1.0,1,17294704367712.637,17139490844027.473
2009-05-18,-0.013001180882911578,0.0,-0.013001180882911578,1.0,1,17069852787911.523,16916657223323.264
2009-05-19,0.006629149505130716,0.0,0.006629149505130716,1.0,1,17183011394073.162,17028800273183.723
2009-05-20,0.014132611480366819,0.0,0.014132611480366819,1.0,1,17425852218168.314,17269461691421.393
2009-05-21,0.01732655006318584,0.0,0.01732655006318584,1.0,1,17727782119020.086,17568681883982.076
2009-05-22,0.0032011449650340973,0.0,0.0032011449650340973,1.0,1,17784531319491.605,17624921781537.27
2009-05-26,-0.004031248446224711,0.0,-0.004031248446224711,1.0,1,17712837455243.07,17553871342990.615
2009-05-27,-0.0033073250687194466,0.0,-0.0033073250687194466,1.0,1,17654255343889.19,17495814984244.867
2009-05-28,0.008445885489179572,0.0,0.008445885489179572,1.0,1,17803361162920.418,17643582634141.67
2009-05-29,0.020717011132102225,0.0,0.020717011132102225,1.0,1,18172193594321.477,18009104931983.35
2009-06-01,-0.0048640589313400096,0.0,-0.0048640589313400096,1.0,1,18083802973766.977,17921507584293.5
2009-06-02,0.006572487907949842,0.0,0.006572487907949842,1.0,1,18202658550141.81,18039296476183.5
2009-06-03,-0.020310750720369253,0.0,-0.020310750720369253,1.0,1,17832948889881.88,17672904822284.902
2009-06-04,0.01918622984136298,0.0,0.01918622984136298,1.0,1,18175095946032.43,18011981236169.793
2009-06-05,-0.026303604155686555,0.0,-0.026303604155686555,1.0,1,17697025416776.37,17538201211673.93
2009-06-08,-0.0015852523031013588,0.0,-0.0015852523031013588,1.0,1,17668971166476.383,17510398737810.87
2009-06-09,0.002921313830824057,0.0,0.002921313830824057,1.0,1,17720587776321.445,17561552107826.883
2009-06-10,0.00036807340970201885,0.0,0.00036807340970201885,1.0,1,17727110253486.2,17568016048190.871
2009-06-11,-0.0016571030767383865,0.0,-0.0016571030767383865,1.0,1,17697734604543.465,17538904034745.225
2009-06-12,-0.016364452242420557,0.0,-0.016364452242420557,1.0,1,17408120871808.379,17251889477284.238
2009-06-15,-0.011634480597599084,0.0,-0.011634480597599084,1.0,1,17205586427284.664,17051172703888.852
2009-06-16,0.009105367487649785,0.0,0.009105367487649785,1.0,1,17362249614545.61,17206429897453.143
2009-06-17,0.004596791343907891,0.0,0.004596791343907891,1.0,1,17442060253284.523,17285524265465.314
2009-06-18,-0.008021106419853652,0.0,-0.008021106419853652,1.0,1,17302155631811.43,17146875235809.055
2009-06-19,0.0031634630593413426,0.0,0.0031634630593413426,1.0,1,17356890361999.64,17201118742200.672
2009-06-22,-0.014775388184031124,0.0,-0.014775388184031124,1.0,1,17100435569233.428,16946965535585.043
2009-06-23,0.004193208593278541,0.0,0.004193208593278541,1.0,1,17172141262611.143,17018027697098.854
2009-06-24,0.005918719159715868,0.0,0.005918719159715868,1.0,1,17273778344115.506,17118752623690.248
2009-06-25,0.00938894228142928,0.0,0.00938894228142928,1.0,1,17435960851970.61,17279479604004.143
2009-06-26,-0.00018627710185181723,0.0,-0.00018627710185181723,1.0,1,17432712931715.104,17276260832622.002
2009-06-29,-0.002707866656747826,0.0,-0.002707866656747826,1.0,1,17385507469630.656,17229479021960.066
2009-06-30,-0.009358828457077584,0.0,-0.009358828457077584,1.0,1,17222799487583.143,17068231283388.725
2009-07-01,-0.056701727255293155,0.0005,-0.057201727255293155,1.0,2,16246237008465.6,16091898972786.06
2009-07-02,-0.006395723510971896,0.0,-0.006395723510971896,1.0,2,16142330568465.734,15988979636189.627
2009-07-06,0.004702020628824299,0.0,0.004702020628824299,1.0,2,16218232139795.963,16064160148272.844
2009-07-07,-0.00039453816191048485,0.0,-0.00039453816191048485,1.0,2,16211833428298.09,16057822224055.309
2009-07-08,0.005755636367170136,0.0,0.005755636367170136,1.0,2,16305142846356.508,16150245209625.637
2009-07-09,0.013224392280253572,0.0,0.013224392280253572,1.0,2,16520768451542.295,16363822387700.012
2009-07-10,0.01242991235539681,0.0,0.01242991235539681,1.0,2,16726120155438.77,16567223265778.402
2009-07-13,0.022405689561601383,0.0,0.022405689561601383,1.0,2,17100880411211.574,16938423327169.174
2009-07-14,0.015437200929109718,0.0,0.015437200929109718,1.0,2,17364870138184.123,17199905171493.004
2009-07-15,0.035303304918757494,0.0,0.035303304918757494,1.0,2,17977907443547.062,17807118668335.934
2009-07-16,0.013685125098906403,0.0,0.013685125098906403,1.0,2,18223937355928.566,18050811314963.184
2009-07-17,0.012587312463593625,0.0,0.012587312463593625,1.0,2,18453327749744.594,18278022517205.996
2009-07-20,0.022866091606961292,0.0,0.022866091606961292,1.0,2,18875283232523.53,18695969454478.527
2009-07-21,0.013318358963330446,0.0,0.013318358963330446,1.0,2,19126671030148.812,18944969086840.734
2009-07-22,0.01599206862039132,0.0,0.01599206862039132,1.0,2,19432546065742.605,19247938332488.684
2009-07-23,0.01902243539460391,0.0,0.01902243539460391,1.0,2,19802200417830.86,19614080995897.773
2009-07-24,0.006547022900356303,0.0,0.006547022900356303,1.0,2,19931845877443.844,19742494833347.36
2009-07-27,0.016557256420293043,0.0,0.016557256420293043,1.0,2,20261862560566.445,20069376382679.406
2009-07-28,-0.0015930453169220593,0.0,-0.0015930453169220593,1.0,2,20229584495302.215,20037404956619.434
2009-07-29,0.009399282319784596,0.0,0.009399282319784596,1.0,2,20419728071185.496,20225742182762.55
2009-07-30,0.016950379464369225,0.0,0.016950379464369225,1.0,2,20765850210551.324,20568576187708.875
2009-07-31,0.018689078387310154,0.0,0.018689078387310154,1.0,2,21153944812915.457,20952983920396.33
2009-08-03,-0.17659505463861547,0.0005,-0.17709505463861547,1.0,2,17418262772856.396,17242314088171.71
2009-08-04,0.14048831566195474,0.0,0.14048831566195474,1.0,2,19865325171572.32,19664657752533.348
2009-08-05,0.13915685596269534,0.0,0.13915685596269534,1.0,2,22629721365124.914,22401129698958.33
2009-08-06,0.14100226895194223,0.0,0.14100226895194223,1.0,2,25820563423357.773,25559739813598.195
2009-08-07,0.1548616724490557,0.0,0.1548616724490557,1.0,2,29819179058675.87,29517963868494.727
2009-08-10,0.13876949282215117,0.0,0.13876949282215117,1.0,2,33957171413021.234,33614156743668.324
2009-08-11,0.13886151352864923,0.0,0.13886151352864923,1.0,2,38672515630585.15,38281869425083.36
2009-08-12,0.15654347466164648,0.0,0.15654347466164648,1.0,2,44726445601303.78,44274646281429.36
2009-08-13,0.1619533007101157,0.0,0.1619533007101157,1.0,2,51970041095466.37,51445071384479.695
2009-08-14,0.1403345113039705,0.0,0.1403345113039705,1.0,2,59263231415045.9,58664590336218.53
2009-08-17,0.1062564852265922,0.0,0.1062564852265922,1.0,2,65560334088378.836,64898083512603.016
2009-08-18,0.16354141945536693,0.0,0.16354141945536693,1.0,2,76282164185160.39,75511608210187.05
2009-08-19,0.14514732585686935,0.0,0.14514732585686935,1.0,2,87354316327211.08,86471916213047.33
2009-08-20,0.15659797396829522,0.0,0.15659797396829522,1.0,2,101033825281437.9,100013243097166.72
2009-08-21,0.16745800217434326,0.0,0.16745800217434326,1.0,2,117952747815099.16,116761260977195.19
2009-08-24,0.14988372792870264,0.0,0.14988372792870264,1.0,2,135631945377060.36,134261874050113.36
2009-08-25,0.1566950565548081,0.0,0.1566950565548081,1.0,2,156884800728557.47,155300045997550.38
2009-08-26,0.14123986928716376,0.0,0.14123986928716376,1.0,2,179043189476601.66,177234604194534.9
2009-08-27,0.14958794844471807,0.0,0.14958794844471807,1.0,2,205825892873405.44,203746765029407.0
2009-08-28,0.15553997987805618,0.0,0.15553997987805618,1.0,2,237840048109317.84,235437532762300.0
2009-08-31,0.1354880146786352,0.0,0.1354880146786352,1.0,2,270064524038720.4,267336496657100.16
2009-09-01,0.1268538755818252,0.0,0.1268538755818252,1.0,2,304323255570193.06,301249167342520.94
2009-09-02,0.14443620101453136,0.0,0.14443620101453136,1.0,2,348278550485126.1,344760452632265.5
2009-09-03,0.15825359864372773,0.0,0.15825359864372773,1.0,2,403394884429818.5,399320034931361.94
2009-09-04,0.15989605185589234,0.0,0.15989605185589234,1.0,2,467896133789010.44,463169731943843.7
2009-09-08,0.16912604212067212,0.0,0.16912604212067212,1.0,2,547029555020310.25,541503795537598.6
2009-09-09,0.1591660153352949,0.0,0.1591660153352949,1.0,2,634098069563532.5,627692796962256.5
2009-09-10,0.1534093777040368,0.0,0.1534093777040368,1.0,2,731374659818605.1,723986758333542.6
2009-09-11,0.15423767020227008,0.0,0.15423767020227008,1.0,2,844180183394004.6,835652789196202.1
2009-09-14,0.14399430853725842,0.0,0.14399430853725842,1.0,2,965737325182680.2,955982034753740.6
2009-09-15,0.14606316352907694,0.0,0.14606316352907694,1.0,2,1106795974036971.5,1095615795026836.0
2009-09-16,0.1700313703542894,0.0,0.1700313703542894,1.0,2,1294986010205088.2,1281904850037053.0
2009-09-17,0.14137218450841854,0.0,0.14137218450841854,1.0,2,1478061011375622.8,1463130539018728.0
2009-09-18,0.15214202243749486,0.0,0.15214202243749486,1.0,2,1702936202932319.2,1685734178315099.5
2009-09-21,0.13490216555172913,0.0,0.13490216555172913,1.0,2,1932665984504327.8,1913143369514371.0
2009-09-22,0.16128157833642204,0.0,0.16128157833642204,1.0,2,2244369404882300.8,2221698151733509.5
2009-09-23,0.14769002039342616,0.0,0.14769002039342616,1.0,2,2575840368059749.5,2549820797071068.5
2009-09-24,0.14106985762822932,0.0,0.14106985762822932,1.0,2,2939213802054984.0,2909523653891382.0
2009-09-25,0.14216396563410183,0.0,0.14216396563410183,1.0,2,3357064092001606.5,3323153074634803.0
2009-09-28,0.15732999434521566,0.0,0.15732999434521566,1.0,2,3885230966612746.0,3845984729075383.0
2009-09-29,0.14157599511509283,0.0,0.14157599511509283,1.0,2,4435286406962919.5,4390483844291681.0
2009-09-30,0.151450501526729,0.0,0.151450501526729,1.0,2,5107012757712138.0,5055424824454658.0
2009-10-01,0.12190263015706931,0.0,0.12190263015706931,1.0,2,5729571045122956.0,5671694407117022.0
2009-10-02,0.13547474105005375,0.0,0.13547474105005375,1.0,2,6505783198788874.0,6440065738236238.0
2009-10-05,0.15599892190462444,0.0,0.15599892190462444,1.0,2,7520678363945158.0,7444709050396001.0
2009-10-06,0.1666550543137596,0.0,0.1666550543137596,1.0,2,8774037425164756.0,8685407441539885.0
2009-10-07,0.1496360980643493,0.0,0.1496360980643493,1.0,2,1.008695014973698e+16,9985057921190976.0
2009-10-08,0.16181104764508497,0.0,0.16181104764508497,1.0,2,1.1719130121009666e+16,1.1600750604215742e+16
2009-10-09,0.1462852374789012,0.0,0.1462852374789012,1.0,2,1.343346585380771e+16,1.3297769161286948e+16
2009-10-12,0.15654433921878042,0.0,0.15654433921878042,1.0,2,1.5536398889310088e+16,1.537945964772449e+16
2009-10-13,0.14739251787557217,0.0,0.14739251787557217,1.0,2,1.7826347840324744e+16,1.7646276928768362e+16
2009-10-14,0.17296395531383574,0.0,0.17296395531383574,1.0,2,2.090966347158757e+16,2.0698446782931424e+16
2009-10-15,0.143952033165963,0.0,0.143952033165963,1.0,2,2.3919652041138664e+16,2.367803028071189e+16
2009-10-16,0.1307152711387244,0.0,0.1307152711387244,1.0,2,2.7046315843240044e+16,2.6773110428886068e+16
2009-10-19,0.1609994187555308,0.0,0.1609994187555308,1.0,2,3.1400756973480196e+16,3.1083565646214364e+16
2009-10-20,0.14815689842869761,0.0,0.14815689842869761,1.0,2,3.605299573498432e+16,3.56888103244623e+16
2009-10-21,0.14451510340903195,0.0,0.14451510340903195,1.0,2,4.126319814183097e+16,4.08463824390473e+16
2009-10-22,0.15151963263040813,0.0,0.15151963263040813,1.0,2,4.751538276543693e+16,4.703541130049289e+16
2009-10-23,0.1402759665358338,0.0,0.1402759665358338,1.0,2,5.418064900817869e+16,5.363334908208001e+16
2009-10-26,0.14315455214884598,0.0,0.14315455214884598,1.0,2,6.193685555207833e+16,6.131120715016789e+16
2009-10-27,0.14046521730758593,0.0,0.14046521730758593,1.0,2,7.0636829426549576e+16,6.992329918590664e+16
2009-10-28,0.12360600509463371,0.0,0.12360600509463371,1.0,2,7.936796572451643e+16,7.85662388613134e+16
2009-10-29,0.17013777245010941,0.0,0.17013777245010941,1.0,2,9.287145461678229e+16,9.19333237309605e+16
2009-10-30,0.12217162522312602,0.0,0.12217162522312602,1.0,2,1.0421771116415037e+17,1.0316496730333571e+17
2009-11-02,0.361015370106603,0.0005,0.360515370106603,1.0,2,1.4184190673173917e+17,1.4035752367273339e+17
2009-11-03,0.02315240905919491,0.0,0.02315240905919491,1.0,2,1.4512588857812858e+17,1.4360713847534016e+17
2009-11-04,0.015141934916018784,0.0,0.015141934916018784,1.0,2,1.4732337533760797e+17,1.4578162841960944e+17
2009-11-05,0.022180486031682156,0.0,0.022180486031682156,1.0,2,1.5059107940642403e+17,1.4901513579244646e+17
2009-11-06,0.014337015068987602,0.0,0.014337015068987602,1.0,2,1.5275010598112906e+17,1.5115156803981002e+17
2009-11-09,0.024325732478488238,0.0,0.024325732478488238,1.0,2,1.5646586419528672e+17,1.5482844064765043e+17
2009-11-10,0.012296078294678381,0.0,0.012296078294678381,1.0,2,1.5838978071187648e+17,1.567322232760969e+17
2009-11-11,0.01989438803031346,0.0,0.01989438803031346,1.0,2,1.615408484693948e+17,1.598503149428053e+17
2009-11-12,0.0017175198742001019,0.0,0.0017175198742001019,1.0,2,1.6181829808713616e+17,1.6012486103561674e+17
2009-11-13,0.021496892020558545,0.0,0.021496892020558545,1.0,2,1.652968885680659e+17,1.6356704788310634e+17
2009-11-16,0.02405394068061195,0.0,0.02405394068061195,1.0,2,1.6927293012037187e+17,1.6750147995018938e+17
2009-11-17,0.012960655708332602,0.0,0.012960655708332602,1.0,2,1.7146681828840266e+17,1.6967240896245997e+17
2009-11-18,0.008818542450084899,0.0,0.008818542450084899,1.0,2,1.729789057042599e+17,1.7116867230350358e+17
2009-11-19,0.0029306701266402224,0.0,0.0029306701266402224,1.0,2,1.734858498157463e+17,1.7167031121804013e+17
2009-11-20,0.010373085273080673,0.0,0.010373085273080673,1.0,2,1.752854333295579e+17,1.7345106199516115e+17
2009-11-23,0.024890768388851237,0.0,0.024890768388851237,1.0,2,1.7964842245250336e+17,1.77768392206083e+17
2009-11-24,0.010828171107028273,0.0,0.010828171107028273,1.0,2,1.8159368630992675e+17,1.7969329877431178e+17
2009-11-25,0.021004943383263808,0.0,0.021004943383263808,1.0,2,1.8540805140962493e+17,1.8346774634141808e+17
2009-11-27,-0.006365114948965633,0.0,-0.006365114948965633,1.0,2,1.8422790784993894e+17,1.822999530465273e+17
2009-11-30,0.013153669544844815,0.0,0.013153669544844815,1.0,2,1.8665118087073517e+17,1.8469786638694205e+17
2009-12-01,0.023517891507168265,0.0,0.023517891507168265,1.0,2,1.91040823092138e+17,1.8904157077023562e+17
2009-12-02,0.019174706023494026,0.0,0.019174706023494026,1.0,2,1.9470397471341603e+17,1.926663873159744e+17
2009-12-03,0.007199298655010955,0.0,0.007199298655010955,1.0,2,1.961057067766956e+17,1.940534501790441e+17
2009-12-04,-0.006443147501154434,0.0,-0.006443147501154434,1.0,2,1.9484216878211523e+17,1.928031351764326e+17
2009-12-07,0.005608496741224489,0.0,0.005608496741224489,1.0,2,1.9593494045078282e+17,1.938844709317675e+17
2009-12-08,-0.0026203131758418263,0.0,-0.0026203131758418263,1.0,2,1.9542152954471187e+17,1.9337643289799386e+17
2009-12-09,0.014199222907210152,0.0,0.014199222907210152,1.0,2,1.9819636340358518e+17,1.9612222797371363e+17
2009-12-10,0.013134036294096096,0.0,0.013134036294096096,1.0,2,2.0079948163388573e+17,1.986981044339994e+17
2009-12-11,0.0028064319989805075,0.0,0.0028064319989805075,1.0,2,2.0136301172452176e+17,1.992557371524197e+17
2009-12-14,0.01973702271945349,0.0,0.01973702271945349,1.0,2,2.0533731806178624e+17,2.031884521635785e+17
2009-12-15,0.007419785303563242,0.0,0.007419785303563242,1.0,2,2.0686087687661414e+17,2.0469606685479555e+17
2009-12-16,0.017827611754848316,0.0,0.017827611754848316,1.0,2,2.1054871227683792e+17,2.0834530886242733e+17
2009-12-17,-0.014724378105790192,0.0,-0.014724378105790192,1.0,2,2.0744851342758653e+17,2.052775537581693e+17
2009-12-18,0.026061807126383396,0.0,0.026061807126383396,1.0,2,2.1285499657319123e+17,2.1062745777159053e+17
2009-12-21,0.006644132601150821,0.0,0.006644132601150821,1.0,2,2.1426923339524102e+17,2.1202689453046826e+17
2009-12-22,0.009626023213514412,0.0,0.009626023213514412,1.0,2,2.1633179400984554e+17,2.140678703391079e+17
2009-12-23,0.015434711440898197,0.0,0.015434711440898197,1.0,2,2.1967081282587933e+17,2.1737194614655965e+17
2009-12-24,0.02281586533026264,0.0,0.02281586533026264,1.0,2,2.246827925083039e+17,2.2233147519641664e+17
2009-12-28,0.013680029661399196,0.0,0.013680029661399196,1.0,2,2.2775645977422352e+17,2.2537297637176627e+17
2009-12-29,0.0034722763289611325,0.0,0.0034722763289611325,1.0,2,2.2854729313826557e+17,2.2615553362280947e+17
2009-12-30,0.008862784883395536,0.0,0.008862784883395536,1.0,2,2.3057285863303235e+17,2.2815990146749795e+17
2009-12-31,0.00835203103240495,0.0,0.00835203103240495,1.0,2,2.3249861030356576e+17,2.3006550004490496e+17
2010-01-04,0.02995718405731629,0.0,0.02995718405731629,1.0,2,2.3946361396549994e+17,2.3695761457498867e+17
2010-01-05,0.00965258492946991,0.0,0.00965258492946991,1.0,2,2.4177505683681974e+17,2.3924486807435837e+17
2010-01-06,0.015738563340793876,0.0,0.015738563340793876,1.0,2,2.4558024888307005e+17,2.4301023858450653e+17
2010-01-07,0.007601140273708007,0.0,0.007601140273708007,1.0,2,2.4744693880328237e+17,2.448573934959346e+17
2010-01-08,0.01595313774042112,0.0,0.01595313774042112,1.0,2,2.513944939014567e+17,2.4876363722113574e+17
2010-01-11,0.015300653673354037,0.0,0.015300653673354037,1.0,2,2.55240993988031e+17,2.5256988348078022e+17
2010-01-12,-0.006596894560080224,0.0,-0.006596894560080224,1.0,2,2.535571960632819e+17,2.5090370659040576e+17
2010-01-13,0.02076352011017163,0.0,0.02076352011017163,1.0,2,2.5882193600282058e+17,2.5611335074791226e+17
2010-01-14,0.012495193863322596,0.0,0.012495193863322596,1.0,2,2.6205596626925632e+17,2.5931353671649258e+17
2010-01-15,0.00017552336051374073,0.0,0.00017552336051374073,1.0,2,2.6210196321309856e+17,2.5935905229988374e+17
2010-01-19,0.020500056505695252,0.0,0.020500056505695252,1.0,2,2.6747506826922074e+17,2.646759275272949e+17
2010-01-20,-0.008703525725379191,0.0,-0.008703525725379191,1.0,2,2.6514709213164205e+17,2.623723137831725e+17
2010-01-21,-0.0006666010773826447,0.0,-0.0006666010773826447,1.0,2,2.6497034479436224e+17,2.6219741611612928e+17
2010-01-22,-0.003910827825576613,0.0,-0.003910827825576613,1.0,2,2.639340913969878e+17,2.6117200716538803e+17
2010-01-25,0.014000662900492844,0.0,0.014000662900492844,1.0,2,2.6762934363858493e+17,2.6482858839675578e+17
2010-01-26,0.0108208818529274,0.0,0.0108208818529274,1.0,2,2.7052532914647456e+17,2.6769426726307462e+17
2010-01-27,0.008580792293169492,0.0,0.008580792293169492,1.0,2,2.728466508059218e+17,2.699912961685313e+17
2010-01-28,-0.002184492920273451,0.0,-0.002184492920273451,1.0,2,2.7225061922891594e+17,2.6940150209351568e+17
2010-01-29,0.0014698623900621932,0.0,0.0014698623900621932,1.0,2,2.7265079017479165e+17,2.697974852292692e+17
2010-02-01,-0.07814523606773788,0.0005,-0.07864523606773788,1.0,2,2.5134442981252726e+17,2.485791983129313e+17
2010-02-02,0.04387868029002612,0.0,0.04387868029002612,1.0,2,2.6237309169095008e+17,2.5948652548245542e+17
2010-02-03,0.032920381095169315,0.0,0.032920381095169315,1.0,2,2.7101051385853395e+17,2.680289207903992e+17
2010-02-04,0.006289435285290912,0.0,0.006289435285290912,1.0,2,2.7271501694708064e+17,2.6971467134229677e+17
2010-02-05,0.041009982286354996,0.0,0.041009982286354996,1.0,2,2.8389905496130342e+17,2.8077566523641443e+17
2010-02-08,0.02685712590611311,0.0,0.02685712590611311,1.0,2,2.915237676250257e+17,2.8831649262904154e+17
2010-02-09,0.049313019585085494,0.0,0.049313019585085494,1.0,2,3.0589968488743654e+17,3.0253424947676064e+17
2010-02-10,0.03430072526981309,0.0,0.03430072526981309,1.0,2,3.163922659388829e+17,3.129113936527721e+17
2010-02-11,0.04727871103751785,0.0,0.04727871103751785,1.0,2,3.313508844547128e+17,3.2770544101362854e+17
2010-02-12,0.0354232009738123,0.0,0.0354232009738123,1.0,2,3.4308839342760256e+17,3.393138167108661e+17
2010-02-16,0.05059152512709841,0.0,0.05059152512709841,1.0,2,3.60445758504511e+17,3.5648022019496557e+17
2010-02-17,0.041848202923659705,0.0,0.041848202923659705,1.0,2,3.755297657493802e+17,3.713982767879554e+17
2010-02-18,0.04083216219611224,0.0,0.04083216219611224,1.0,2,3.90863458053927e+17,3.865632714651178e+17
2010-02-19,0.034023810323528136,0.0,0.034023810323528136,1.0,2,4.041621222131521e+17,3.9971562689148954e+17
2010-02-22,0.03713919047889741,0.0,0.03713919047889741,1.0,2,4.1917237625438176e+17,4.145607416960044e+17
2010-02-23,0.02420458759786731,0.0,0.02420458759786731,1.0,2,4.293182707540372e+17,4.245950134830222e+17
2010-02-24,0.0442977982755009,0.0,0.0442977982755009,1.0,2,4.483361249078864e+17,4.434036377390767e+17
2010-02-25,0.03052685693893603,0.0,0.03052685693893603,1.0,2,4.620224176535064e+17,4.569393571545413e+17
2010-02-26,0.03516482605096488,0.0,0.03516482605096488,1.0,2,4.7826935560193824e+17,4.730075501647205e+17
2010-03-01,0.052752682627381864,0.0,0.052752682627381864,1.0,2,5.034993471284097e+17,4.979599673389154e+17
2010-03-02,0.04065919432831494,0.0,0.04065919432831494,1.0,2,5.2397122492748346e+17,5.1820661841866976e+17
2010-03-03,0.03914938947586216,0.0,0.03914938947586216,1.0,2,5.4448437848631405e+17,5.3849409115211174e+17
2010-03-04,0.037567575226872374,0.0,0.037567575226872374,1.0,2,5.649393363349556e+17,5.5872400843069504e+17
2010-03-05,0.05207337205559104,0.0,0.05207337205559104,1.0,2,5.943576325847644e+17,5.878186515980978e+17
2010-03-08,0.03662346204430161,0.0,0.03662346204430161,1.0,2,6.161250667824735e+17,6.093466056738332e+17
2010-03-09,0.03786641750145692,0.0,0.03786641750145692,1.0,2,6.394555157943716e+17,6.324203786473742e+17
2010-03-10,0.042150030650034365,0.0,0.042150030650034365,1.0,2,6.664085853844379e+17,6.590769169910674e+17
2010-03-11,0.03610975094972557,0.0,0.03610975094972557,1.0,2,6.90472433433429e+17,6.828760203203278e+17
2010-03-12,0.03647325352005937,0.0,0.03647325352005937,1.0,2,7.156562095466588e+17,7.077827305322404e+17
2010-03-15,0.03203976975888079,0.0,0.03203976975888079,1.0,2,7.385856697270472e+17,7.304599262578053e+17
2010-03-16,0.04269897654884924,0.0,0.04269897654884924,1.0,2,7.701225219180385e+17,7.616498175189615e+17
2010-03-17,0.039172588169483824,0.0,0.039172588169483824,1.0,2,8.002902143091781e+17,7.914856121499942e+17
2010-03-18,0.03518135896116825,0.0,0.03518135896116825,1.0,2,8.284455116118995e+17,8.193311515836431e+17
2010-03-19,0.02481400623233415,0.0,0.02481400623233415,1.0,2,8.490025637001864e+17,8.396620398853851e+17
2010-03-22,0.04227618418577578,0.0,0.04227618418577578,1.0,2,8.848951524573713e+17,8.751597469373838e+17
2010-03-23,0.04326354214139527,0.0,0.04326354214139527,1.0,2,9.231788511764273e+17,9.130222575294623e+17
2010-03-24,0.026116031906164572,0.0,0.026116031906164572,1.0,2,9.472886195088472e+17,9.368667759381402e+17
2010-03-25,0.03428332872871964,0.0,0.03428332872871964,1.0,2,9.79764826652444e+17,9.689856875926432e+17
2010-03-26,0.03602231665844541,0.0,0.03602231665844541,1.0,2,1.0150582254889253e+18,1.0038907968686068e+18
2010-03-29,0.04018590751148121,0.0,0.04018590751148121,1.0,2,1.0558492614571916e+18,1.0442330595831959e+18
2010-03-30,0.03770199810703134,0.0,0.03770199810703134,1.0,2,1.0956568883139611e+18,1.0836027324189012e+18
2010-03-31,0.027410695039462307,0.0,0.027410695039462307,1.0,2,1.1256896051474213e+18,1.1133050364611639e+18
2010-04-01,0.040281289208465854,0.0,0.040281289208465854,1.0,2,1.1710338336913283e+18,1.1581503986120978e+18
2010-04-05,0.04667510335095376,0.0,0.04667510335095376,1.0,2,1.2256919589063347e+18,1.2122071881632658e+18
2010-04-06,0.03677401589345686,0.0,0.03677401589345686,1.0,2,1.2707655744836385e+18,1.2567849145669443e+18
2010-04-07,0.03144260489460482,0.0,0.03144260489460482,1.0,2,1.3107217543557932e+18,1.2963015060731725e+18
2010-04-08,0.03377379432964017,0.0,0.03377379432964017,1.0,2,1.354989801310791e+18,1.3400825265284905e+18
2010-04-09,0.03959927296457799,0.0,0.03959927296457799,1.0,2,1.4086464123171162e+18,1.3931488202915535e+18
2010-04-12,0.03639092568636382,0.0,0.03639092568636382,1.0,2,1.4599083592261115e+18,1.443846795480829e+18
2010-04-13,0.03674090524216039,0.0,0.03674090524216039,1.0,2,1.5135467139146757e+18,1.496895033777787e+18
2010-04-14,0.049975155232262425,0.0,0.049975155232262425,1.0,2,1.5891864458938424e+18,1.5717025954572347e+18
2010-04-15,0.03716086475964531,0.0,0.03716086475964531,1.0,2,1.6482419884875648e+18,1.6301084230494044e+18
2010-04-16,0.022542193368210672,0.0,0.022542193368210672,1.0,2,1.6853969781096556e+18,1.6668546423329329e+18
2010-04-19,0.030250482953666613,0.0,0.030250482953666613,1.0,2,1.7363810506661228e+18,1.7172778002770652e+18
2010-04-20,0.04383668888237918,0.0,0.04383668888237918,1.0,2,1.812498246565432e+18,1.7925575729324273e+18
2010-04-21,0.04079473399724237,0.0,0.04079473399724237,1.0,2,1.886438630404537e+18,1.8656844822949478e+18
2010-04-22,0.03744733459127603,0.0,0.03744733459127603,1.0,2,1.9570807289832044e+18,1.9355493933451983e+18
2010-04-23,0.040696511705806016,0.0,0.040696511705806016,1.0,2,2.0367270877794767e+18,2.014319501888637e+18
2010-04-26,0.03202937391024935,0.0,0.03202937391024935,1.0,2,2.1019621812270986e+18,2.0788368943893353e+18
2010-04-27,0.014305831086850573,0.0,0.014305831086850573,1.0,2,2.1320324971426816e+18,2.1085763838575823e+18
2010-04-28,0.037185046278093103,0.0,0.037185046278093103,1.0,2,2.2113122242153308e+18,2.186983894272221e+18
2010-04-29,0.05267512499849891,0.0,0.05267512499849891,1.0,2,2.327793372036582e+18,2.302183544272714e+18
2010-04-30,0.0138345117071218,0.0,0.0138345117071218,1.0,2,2.359997256693782e+18,2.334033129467898e+18
2010-05-03,0.05126801651178525,0.0,0.05126801651178525,1.0,2,2.4809896350177265e+18,2.4536943784885115e+18
2010-05-04,0.0034231465599861566,0.0,0.0034231465599861566,1.0,2,2.4894824261521987e+18,2.4620937339594916e+18
2010-05-05,0.022802308911552605,0.0,0.022802308911552605,1.0,2,2.5462483734632023e+18,2.5182351558504335e+18
2010-05-06,0.00196071358518618,0.0,0.00196071358518618,1.0,2,2.55124083724031e+18,2.523172693731203e+18
2010-05-07,0.008709559717781479,0.0,0.008709559717781479,1.0,2,2.573461021666697e+18,2.545148416985531e+18
2010-05-10,0.09616854267460312,0.0,0.09616854267460312,1.0,2,2.8209470177502787e+18,2.7899116311376026e+18
2010-05-11,0.0325223866735484,0.0,0.0325223866735484,1.0,2,2.9126909474471465e+18,2.88064621599049e+18
2010-05-12,0.05655487088793987,0.0,0.05655487088793987,1.0,2,3.077417807916491e+18,3.0435607908096645e+18
2010-05-13,0.022351030828994145,0.0,0.022351030828994145,1.0,2,3.1462012682149274e+18,3.1115875118749686e+18
2010-05-14,0.015553916075723762,0.0,0.015553916075723762,1.0,2,3.195137018698078e+18,3.159984882896942e+18
2010-05-17,0.03804782797224915,0.0,0.03804782797224915,1.0,2,3.3167050423332675e+18,3.2802154441163126e+18
2010-05-18,0.02486180830265583,0.0,0.02486180830265583,1.0,2,3.3991643272922097e+18,3.3617675316793436e+18
2010-05-19,0.02446837005501873,0.0,0.02446837005501873,1.0,2,3.4823363379302144e+18,3.4440245036834207e+18
2010-05-20,-0.011203400799753127,0.0,-0.011203400799753127,1.0,2,3.4433223282168376e+18,3.4054397168044846e+18
2010-05-21,0.039528267809304574,0.0,0.039528267809304574,1.0,2,3.5794308953603507e+18,3.5400508499387745e+18
2010-05-24,0.026120316149853884,0.0,0.026120316149853884,1.0,2,3.672926761983718e+18,3.632518097325735e+18
2010-05-25,0.02702781122603376,0.0,0.02702781122603376,1.0,2,3.7721979331536614e+18,3.7306971107354066e+18
2010-05-26,0.032278358275868224,0.0,0.032278358275868224,1.0,2,3.8939582895274854e+18,3.8511178886944707e+18
2010-05-27,0.07627341026532591,0.0,0.07627341026532591,1.0,2,4.190963767700682e+18,4.144855783399e+18
2010-05-28,0.026111534702667527,0.0,0.026111534702667527,1.0,2,4.3003962635586207e+18,4.253084329024775e+18
2010-06-01,0.0838054773812128,0.0005,0.0833054773812128,1.0,2,4.660793025354534e+18,4.607389549396739e+18
2010-06-02,0.03637240736091041,0.0,0.03637240736091041,1.0,2,4.830317287897619e+18,4.774971398957798e+18
2010-06-03,0.022148897692750247,0.0,0.022148897692750247,1.0,2,4.937303491330786e+18,4.880731751959123e+18
2010-06-04,0.0029944592112496893,0.0,0.0029944592112496893,1.0,2,4.952088045249137e+18,4.895346904111415e+18
2010-06-07,0.024542678816088404,0.0,0.024542678816088404,1.0,2,5.073625551612678e+18,5.015491830872355e+18
2010-06-08,0.02265509721295944,0.0,0.02265509721295944,1.0,2,5.188569031706618e+18,5.129118285871571e+18
2010-06-09,0.024361107002006055,0.0,0.024361107002006055,1.0,2,5.314968317075318e+18,5.254069285259634e+18
2010-06-10,0.035254813377739835,0.0,0.035254813377739835,1.0,2,5.502346533202408e+18,5.439300517385177e+18
2010-06-11,0.031432932957904,0.0,0.031432932957904,1.0,2,5.675301422891715e+18,5.610273685886038e+18
2010-06-14,0.02797284239475395,0.0,0.02797284239475395,1.0,2,5.834055735136988e+18,5.767208987492764e+18
2010-06-15,0.04193462596535946,0.0,0.04193462596535946,1.0,2,6.078704680251018e+18,6.009054739247332e+18
2010-06-16,0.017657927134241358,0.0,0.017657927134241358,1.0,2,6.186042004565463e+18,6.11516218997863e+18
2010-06-17,0.03251301206159074,0.0,0.03251301206159074,1.0,2,6.387168862873406e+18,6.313984532019988e+18
2010-06-18,0.028942758579795835,0.0,0.028942758579795835,1.0,2,6.572031149279941e+18,6.496728662006809e+18
2010-06-21,0.013834861994409642,0.0,0.013834861994409642,1.0,2,6.662954293253191e+18,6.586610006460799e+18
2010-06-22,0.021189705430802175,0.0,0.021189705430802175,1.0,2,6.804140332026124e+18,6.726178332285277e+18
2010-06-23,0.020426104874718132,0.0,0.020426104874718132,1.0,2,6.943122416030389e+18,6.863567956306593e+18
2010-06-24,0.017350898174800566,0.0,0.017350898174800566,1.0,2,7.063591826086107e+18,6.982657025032292e+18
2010-06-25,0.03790074886520095,0.0,0.03790074886520095,1.0,2,7.331307245972883e+18,7.247304955349873e+18
2010-06-28,0.014943791764121361,0.0,0.014943791764121361,1.0,2,7.440864774815496e+18,7.355607171453705e+18
2010-06-29,0.006018884929985424,0.0,0.006018884929985424,1.0,2,7.485650483674693e+18,7.39987972460886e+18
2010-06-30,0.020538597565792627,0.0,0.020538597565792627,1.0,2,7.639395246477067e+18,7.55186287630787e+18
2010-07-01,0.08835254484459631,0.0005,0.08785254484459631,1.0,1,8.314355257577029e+18,8.215313248308949e+18
2010-07-02,0.012365222267404663,0.0,0.012365222267404663,1.0,1,8.417164108347133e+18,8.316897422620643e+18
2010-07-06,-0.016778456887044046,0.0,-0.016778456887044046,1.0,1,8.275937083244056e+18,8.177352717781235e+18
2010-07-07,0.010466090074782386,0.0,0.010466090074782386,1.0,1,8.36255378621052e+18,8.2629376278988e+18
2010-07-08,-0.004421350579415617,0.0,-0.004421350579415617,1.0,1,8.325580004182463e+18,8.226404283830015e+18
2010-07-09,0.009796686981366598,0.0,0.009796686981366598,1.0,1,8.407143105421764e+18,8.306995791580871e+18
2010-07-12,-0.00863643384193935,0.0,-0.00863643384193935,1.0,1,8.334535370192072e+18,8.235252972001614e+18
2010-07-13,0.008765556100801652,0.0,0.008765556100801652,1.0,1,8.407592207553607e+18,8.307439543931988e+18
2010-07-14,-0.000506621614134839,0.0,-0.000506621614134839,1.0,1,8.403332739618428e+18,8.303230815500914e+18
2010-07-15,-0.0005842720753722608,0.0,-0.0005842720753722608,1.0,1,8.398422906958607e+18,8.298379469600046e+18
2010-07-16,-0.013196897127923268,0.0,-0.013196897127923268,1.0,1,8.28758978381868e+18,8.188866609411263e+18
2010-07-19,-0.008043815097544593,0.0,-0.008043815097544593,1.0,1,8.220925943993343e+18,8.122996880546702e+18
2010-07-20,0.007948178178019738,0.0,0.007948178178019738,1.0,1,8.286267328184507e+18,8.187559907092786e+18
2010-07-21,-0.006847689573979077,0.0,-0.006847689573979077,1.0,1,8.229525541794095e+18,8.131494038480657e+18
2010-07-22,0.008711414219041425,0.0,0.008711414219041425,1.0,1,8.301216347614845e+18,8.202330851269529e+18
2010-07-23,-0.006569550674097702,0.0,-0.006569550674097702,1.0,1,8.246681086162541e+18,8.148445223096399e+18
2010-07-26,-0.0048915214446308974,0.0,-0.0048915214446308974,1.0,1,8.206342268782545e+18,8.108586928547223e+18
2010-07-27,-0.017461348960884027,0.0,-0.017461348960884027,1.0,1,8.06304846273488e+18,7.967000062608197e+18
2010-07-28,0.0023793140927976797,0.0,0.0023793140927976797,1.0,1,8.082232987573175e+18,7.98595605813448e+18
2010-07-29,0.004496286447242426,0.0,0.004496286447242426,1.0,1,8.118573022218656e+18,8.021863204126943e+18
2010-07-30,0.010493527587054352,0.0,0.010493527587054352,1.0,1,8.203765492194822e+18,8.106040846959025e+18
2010-08-02,-0.09437133808129933,0.0005,-0.09487133808129933,1.0,2,7.429565165391207e+18,7.337009905266353e+18
2010-08-03,0.02144715916304779,0.0,0.02144715916304779,1.0,2,7.588908232005589e+18,7.494367924485459e+18
2010-08-04,0.03206189119007741,0.0,0.03206189119007741,1.0,2,7.832222981991635e+18,7.734651533418718e+18
2010-08-05,0.01769187182999471,0.0,0.01769187182999471,1.0,2,7.97078966713297e+18,7.871491996997635e+18
2010-08-06,0.021223697234562966,0.0,0.021223697234562966,1.0,2,8.139959293748583e+18,8.038554159926198e+18
2010-08-09,0.02763807114120065,0.0,0.02763807114120065,1.0,2,8.364932067795683e+18,8.260724291670632e+18
2010-08-10,0.015128388592120678,0.0,0.015128388592120678,1.0,2,8.491480010663988e+18,8.385695738807397e+18
2010-08-11,0.0014626957514297656,0.0,0.0014626957514297656,1.0,2,8.503900462398938e+18,8.397961460337334e+18
2010-08-12,0.023335768157644987,0.0,0.023335768157644987,1.0,2,8.702345512025169e+18,8.593934341972604e+18
2010-08-13,0.017804069551432433,0.0,0.017804069551432433,1.0,2,8.857282676781862e+18,8.746941346717529e+18
2010-08-16,0.029367930843755774,0.0,0.029367930843755774,1.0,2,9.117402741897187e+18,9.003820915282317e+18
2010-08-17,0.032786273896752316,0.0,0.032786273896752316,1.0,2,9.41632840542003e+18,9.299022653928071e+18
2010-08-18,0.026420470765574855,0.0,0.026420470765574855,1.0,2,9.665112234774483e+18,9.544707210104596e+18
2010-08-19,0.012343015277236746,0.0,0.012343015277236746,1.0,2,9.784408862744513e+18,9.66251767701567e+18
2010-08-20,0.02133284836259791,0.0,0.02133284836259791,1.0,2,9.9931381733311e+18,9.868646701420368e+18
2010-08-23,0.018864892132356037,0.0,0.018864892132356037,1.0,2,1.018165764703472e+19,1.0054817656934994e+19
2010-08-24,0.017891119038935088,0.0,0.017891119038935088,1.0,2,1.0363818896011502e+19,1.0234709596550005e+19
2010-08-25,0.031973979444503864,0.0,0.031973979444503864,1.0,2,1.0695191428359135e+19,1.0561953990810563e+19
2010-08-26,0.01962353744521389,0.0,0.01962353744521389,1.0,2,1.0905068917837271e+19,1.076921689044386e+19
2010-08-27,0.03662853520518755,0.0,0.03662853520518755,1.0,2,1.130450561860927e+19,1.1163677530447784e+19
2010-08-30,0.013132304095704317,0.0,0.013132304095704317,1.0,2,1.1452959824044446e+19,1.1310282338604005e+19
2010-08-31,0.026945648618396267,0.0,0.026945648618396267,1.0,2,1.1761567255103758e+19,1.1615045232274883e+19
2010-09-01,0.12801642997963136,0.0005,0.12751642997963136,1.0,1,1.3267241106067474e+19,1.3096154334346514e+19
2010-09-02,0.004934718329177135,0.0,0.004934718329177135,1.0,1,1.3332711203931197e+19,1.3160780167181945e+19
2010-09-03,-0.003487739395784839,0.0,-0.003487739395784839,1.0,1,1.3286210181812625e+19,1.3114878795713602e+19
2010-09-07,0.006907848283253304,0.0,0.006907848283253304,1.0,1,1.3377989306008005e+19,1.3205474388687649e+19
2010-09-08,8.239294124789964e-05,0.0,8.239294124789964e-05,1.0,1,1.337909155789491e+19,1.3206562426563107e+19
2010-09-09,-0.009387515796442925,0.0,-0.009387515796442925,1.0,1,1.3253495124553116e+19,1.3082585613167036e+19
2010-09-10,0.00140211187274919,0.0,0.00140211187274919,1.0,1,1.3272078007422675e+19,1.3100928861781516e+19
2010-09-13,-0.0009037116976844395,0.0,-0.0009037116976844395,1.0,1,1.3260083875274787e+19,1.3089089399118592e+19
2010-09-14,0.01963789110885039,0.0,0.01963789110885039,1.0,1,1.3520483958511657e+19,1.3346131511452492e+19
2010-09-15,-0.0006451080626279637,0.0,-0.0006451080626279637,1.0,1,1.3511761785299388e+19,1.333752181440956e+19
2010-09-16,0.005562450172494682,0.0,0.005562450172494682,1.0,1,1.3586920286972733e+19,1.3411711114926774e+19
2010-09-17,-0.0007095299438988345,0.0,-0.0007095299438988345,1.0,1,1.3577279960183759e+19,1.3402195104291813e+19
2010-09-20,0.002657532487255976,0.0,0.002657532487255976,1.0,1,1.3613362022766516e+19,1.3437811873182011e+19
2010-09-21,0.009137449013249976,0.0,0.009137449013249976,1.0,1,1.373775342414846e+19,1.3560599194022859e+19
2010-09-22,0.0015213554528180628,0.0,0.0015213554528180628,1.0,1,1.375865343022976e+19,1.3581229685550168e+19
2010-09-23,0.0007924414099362842,0.0,0.0007924414099362842,1.0,1,1.3769556356952836e+19,1.3591992014350854e+19
2010-09-24,0.0030962535975952443,0.0,0.0030962535975952443,1.0,1,1.381219039536034e+19,1.3634076268523772e+19
2010-09-27,0.00023914002886016306,0.0,0.00023914002886016306,1.0,1,1.3815493442970108e+19,1.3637336721916109e+19
2010-09-28,0.008944055620238811,0.0,0.008944055620238811,1.0,1,1.3939059984745075e+19,1.375930982006885e+19
2010-09-29,0.0007820568657628257,0.0,0.0007820568657628257,1.0,1,1.3949961122308424e+19,1.3770070382781792e+19
2010-09-30,-0.00030964241465192277,0.0,-0.00030964241465192277,1.0,1,1.3945641622662212e+19,1.3765806584938541e+19
2010-10-01,-0.06357402222391567,0.0005,-0.06407402222391567,1.0,2,1.3059061092216322e+19,1.2883775987885064e+19
2010-10-04,0.0023200283606198413,0.0,0.0023200283606198413,1.0,2,1.308935848431333e+19,1.291366671356883e+19
2010-10-05,0.031096390026500498,0.0,0.031096390026500498,1.0,2,1.349639028093822e+19,1.3315235130366202e+19
2010-10-06,0.00836233705706918,0.0,0.00836233705706918,1.0,2,1.3609251645521177e+19,1.3426581614520451e+19
2010-10-07,0.0061487527423829125,0.0,0.0061487527423829125,1.0,2,1.3692931568898353e+19,1.3509138345043562e+19
2010-10-08,0.017181781143670527,0.0,0.017181781143670527,1.0,2,1.3928200522330421e+19,1.3741249403527668e+19
2010-10-11,0.011847576084810296,0.0,0.011847576084810296,1.0,2,1.4093215937743225e+19,1.3904049901336316e+19
2010-10-12,0.010709038090852219,0.0,0.010709038090852219,1.0,2,1.424414072404312e+19,1.4052948901346834e+19
2010-10-13,0.021586990571175024,0.0,0.021586990571175024,1.0,2,1.455162885554753e+19,1.4356309776777413e+19
2010-10-14,0.010939521213722603,0.0,0.010939521213722603,1.0,2,1.471081670810701e+19,1.4513360932131244e+19
2010-10-15,0.016098174081697336,0.0,0.016098174081697336,1.0,2,1.494763399635806e+19,1.47469995429272e+19
2010-10-18,0.009850972037804828,0.0,0.009850972037804828,1.0,2,1.5094882720887523e+19,1.4892271823066098e+19
2010-10-19,-0.011736051713934714,0.0,-0.011736051713934714,1.0,2,1.4917728396659409e+19,1.4717495350812623e+19
2010-10-20,0.017377300353888347,0.0,0.017377300353888347,1.0,2,1.517695824360589e+19,1.497324568798065e+19
2010-10-21,0.003845207696675512,0.0,0.003845207696675512,1.0,2,1.5235316800256326e+19,1.5030820927544287e+19
2010-10-22,0.013195794499777924,0.0,0.013195794499777924,1.0,2,1.5436358909891525e+19,1.5229164551667124e+19
2010-10-25,0.016181274502071075,0.0,0.016181274502071075,1.0,2,1.568613887072497e+19,1.5475591843714861e+19
2010-10-26,0.009837623890548208,0.0,0.009837623890548208,1.0,2,1.5840453205230072e+19,1.5627834895756964e+19
2010-10-27,0.004635913330706953,0.0,0.004635913330706953,1.0,2,1.5913888173408639e+19,1.5700284183880292e+19
2010-10-28,0.01730147232489604,0.0,0.01730147232489604,1.0,2,1.618922186922236e+19,1.5971922216180701e+19
2010-10-29,0.013433856988708748,0.0,0.013433856988708748,1.0,2,1.6406705560571967e+19,1.6186486735067652e+19
2010-11-01,0.007387298274153686,0.0,0.007387298274153686,1.0,2,1.6527906788244128e+19,1.6306061140590227e+19
2010-11-02,0.01713847856787093,0.0,0.01713847856787093,1.0,2,1.6811169964506218e+19,1.6585522219974627e+19
2010-11-03,0.007822830837971584,0.0,0.007822830837971584,1.0,2,1.694268090332694e+19,1.6715267954660907e+19
2010-11-04,0.03284828034800147,0.0,0.03284828034800147,1.0,2,1.7499218835486153e+19,1.7264335762527574e+19
2010-11-05,0.010578914529691397,0.0,0.010578914529691397,1.0,2,1.7684341575883125e+19,1.7446973694971247e+19
2010-11-08,0.014685964609413571,0.0,0.014685964609413571,1.0,2,1.7944053190407324e+19,1.7703199333196964e+19
2010-11-09,-0.0004959332713888598,0.0,-0.0004959332713888598,1.0,2,1.793515413740663e+19,1.7694419727637602e+19
2010-11-10,0.017644293747838158,0.0,0.017644293747838158,1.0,2,1.825160726541979e+19,1.8006625267009585e+19
2010-11-11,0.005962348706030518,0.0,0.005962348706030518,1.0,2,1.8360429712381743e+19,1.8113987045870316e+19
2010-11-12,-0.013192354245359639,0.0,-0.013192354245359639,1.0,2,1.8118212419518978e+19,1.787502091196534e+19
2010-11-15,0.0034988531573329484,0.0,0.0034988531573329484,1.0,2,1.8181605384248242e+19,1.7937562985320563e+19
2010-11-16,-0.0044642979955314965,0.0,-0.0044642979955314965,1.0,2,1.8100437279775797e+19,1.7857484358840476e+19
2010-11-17,0.00828331477901334,0.0,0.00828331477901334,1.0,2,1.8250368899401968e+19,1.8005403522946058e+19
2010-11-18,0.024206592031669083,0.0,0.024206592031669083,1.0,2,1.8692148133777252e+19,1.8441252980391588e+19
2010-11-19,0.009768306838787877,0.0,0.009768306838787877,1.0,2,1.8874738772224066e+19,1.8621392797995766e+19
2010-11-22,0.01717007799932263,0.0,0.01717007799932263,1.0,2,1.9198819509159993e+19,1.8941123564793377e+19
2010-11-23,0.004322518389835217,0.0,0.004322518389835217,1.0,2,1.9281806759551463e+19,1.902299691972634e+19
2010-11-24,0.0184226159089092,0.0,0.0184226159089092,1.0,2,1.963702807951249e+19,1.9373450285414818e+19
2010-11-26,0.00148879038499522,0.0,0.00148879038499522,1.0,2,1.9666263498107146e+19,1.9402293291923927e+19
2010-11-29,0.010177330627669678,0.0,0.010177330627669678,1.0,2,1.9866413563938255e+19,1.9599756845690855e+19
2010-11-30,0.00960449427865201,0.0,0.00960449427865201,1.0,2,2.0057220419350434e+19,1.9788002598178263e+19
2010-12-01,-0.07333247632553652,0.0005,-0.07383247632553652,1.0,2,1.8586374777792352e+19,1.8327005364818612e+19
2010-12-02,0.04106208496007363,0.0,0.04106208496007363,1.0,2,1.934957007801783e+19,1.907955041617252e+19
2010-12-03,0.03473194690310194,0.0,0.03473194690310194,1.0,2,2.0021618318565396e+19,1.974222034816208e+19
2010-12-06,0.03438910336706036,0.0,0.03438910336706036,1.0,2,2.071014382049837e+19,2.0421137604410307e+19
2010-12-07,0.039010662116928,0.0,0.039010662116928,1.0,2,2.1518060243472814e+19,2.121777970353925e+19
2010-12-08,0.03429159059540998,0.0,0.03429159059540998,1.0,2,2.225594875574935e+19,2.1945371118476616e+19
2010-12-09,0.03627918502668459,0.0,0.03627918502668459,1.0,2,2.306337643860359e+19,2.274153129776309e+19
2010-12-10,0.04116748810618054,0.0,0.04116748810618054,1.0,2,2.4012837713828168e+19,2.3677743016980087e+19
2010-12-13,0.029911177558188173,0.0,0.029911177558188173,1.0,2,2.473108996636244e+19,2.438597219253813e+19
2010-12-14,0.034060369650158684,0.0,0.034060369650158684,1.0,2,2.5573440032468074e+19,2.521656741969447e+19
2010-12-15,0.028678523320425475,0.0,0.028678523320425475,1.0,2,2.630684852882271e+19,2.5939741336501256e+19
2010-12-16,0.0396337190146861,0.0,0.0396337190146861,1.0,2,2.7349486771575976e+19,2.6967829755945783e+19
2010-12-17,0.03385480207245678,0.0,0.03385480207245678,1.0,2,2.8275398233010954e+19,2.7880820294657036e+19
2010-12-20,0.034806875594291686,0.0,0.034806875594291686,1.0,2,2.925957650168642e+19,2.8851264538119967e+19
2010-12-21,0.040346271589623395,0.0,0.040346271589623395,1.0,2,3.0440091321820824e+19,3.001530549287903e+19
2010-12-22,0.03112807260474859,0.0,0.03112807260474859,1.0,2,3.138763269458164e+19,3.094962410151508e+19
2010-12-23,0.029373758225964497,0.0,0.029373758225964497,1.0,2,3.2309605428637663e+19,3.185873087705747e+19
2010-12-27,0.03130131783833351,0.0,0.03130131783833351,1.0,2,3.3320938657390596e+19,3.2855951138166174e+19
2010-12-28,0.029619613086661167,0.0,0.029619613086661167,1.0,2,3.430789196810688e+19,3.3829131698472903e+19
2010-12-29,0.03337082880977116,0.0,0.03337082880977116,1.0,2,3.54527747577987e+19,3.4958037861165847e+19
2010-12-30,0.028876509653315396,0.0,0.028876509653315396,1.0,2,3.647652715032909e+19,3.596750397892477e+19
2010-12-31,0.026177458833843537,0.0,0.026177458833843537,1.0,2,3.743138993820841e+19,3.690904183368918e+19
2011-01-03,0.1051831611883361,0.0005,0.1046831611883361,1.0,2,4.136854185958244e+19,4.07727970092723e+19
2011-01-04,0.004752185060520053,0.0,0.004752185060520053,1.0,2,4.156513282618305e+19,4.096655688609538e+19
2011-01-05,0.02528011282020598,0.0,0.02528011282020598,1.0,2,4.26159040734158e+19,4.200219606603126e+19
2011-01-06,0.018211360613869187,0.0,0.018211360613869187,1.0,2,4.339199767038284e+19,4.2767113205164196e+19
2011-01-07,0.019443758032192837,0.0,0.019443758032192837,1.0,2,4.423570117361924e+19,4.359866660606081e+19
2011-01-10,0.025559542681961867,0.0,0.025559542681961867,1.0,2,4.536634546583287e+19,4.471302858605505e+19
2011-01-11,0.027582781924572586,0.0,0.027582781924572586,1.0,2,4.6617675479531766e+19,4.594633830273139e+19
2011-01-12,0.029198607017917877,0.0,0.029198607017917877,1.0,2,4.797884666594743e+19,4.728790737874515e+19
2011-01-13,0.01665851654875633,0.0,0.01665851654875633,1.0,2,4.877810307712236e+19,4.8075653766370025e+19
2011-01-14,0.0197062480935159,0.0,0.0197062480935159,1.0,2,4.973933647789122e+19,4.902304452674809e+19
2011-01-18,0.02440030223534506,0.0,0.02440030223534506,1.0,2,5.09529913209373e+19,5.021922162969752e+19
2011-01-19,0.012556230189611717,0.0,0.012556230189611717,1.0,2,5.159276880881228e+19,5.084978573642314e+19
2011-01-20,0.007206766753094951,0.0,0.007206766753094951,1.0,2,5.196458585976374e+19,5.1216248281670386e+19
2011-01-21,0.019984495751472486,0.0,0.019984495751472486,1.0,2,5.3003071905105215e+19,5.223977917786179e+19
2011-01-24,0.02241864652471537,0.0,0.02241864652471537,1.0,2,5.419132903886984e+19,5.341092432177946e+19
2011-01-25,0.020389984107164194,0.0,0.020389984107164194,1.0,2,5.52962893767185e+19,5.449997221984949e+19
2011-01-26,0.032812351573384635,0.0,0.032812351573384635,1.0,2,5.711069066445101e+19,5.628824446906689e+19
2011-01-27,0.010759362693789964,0.0,0.010759362693789964,1.0,2,5.772516529900267e+19,5.689387010670629e+19
2011-01-28,0.02110718627882957,0.0,0.02110718627882957,1.0,2,5.894358111594494e+19,5.809473962117207e+19
2011-01-31,0.02447701099740268,0.0,0.02447701099740268,1.0,2,6.0386343799146226e+19,5.951672520177074e+19
2011-02-01,-0.022107110150868026,0.0005,-0.022607110150868026,1.0,2,5.905137624517031e+19,5.8171224039315366e+19
2011-02-02,0.027951607005056722,0.0,0.027951607005056722,1.0,2,6.070195710708305e+19,5.979720323266542e+19
2011-02-03,0.032657531097967374,0.0,0.032657531097967374,1.0,2,6.26843331590151e+19,6.1750032256807666e+19
2011-02-04,0.03367429090095314,0.0,0.03367429090095314,1.0,2,6.479518362874403e+19,6.382942080616664e+19
2011-02-07,0.03748331183869591,0.0,0.03748331183869591,1.0,2,6.722392170234581e+19,6.622195889072753e+19
2011-02-08,0.03666883670066823,0.0,0.03666883670066823,1.0,2,6.968894470962763e+19,6.865024108728998e+19
2011-02-09,0.027540820689553436,0.0,0.027540820689553436,1.0,2,7.1608235439919686e+19,7.054092506736964e+19
2011-02-10,0.030924915809873166,0.0,0.030924915809873166,1.0,2,7.382271409219278e+19,7.272239723622863e+19
2011-02-11,0.03730137006564632,0.0,0.03730137006564632,1.0,2,7.657640246979607e+19,7.543504228759813e+19
2011-02-14,0.03409831273315811,0.0,0.03409831273315811,1.0,2,7.918752858919136e+19,7.800724995055967e+19
2011-02-15,0.02708019627872832,0.0,0.02708019627872832,1.0,2,8.133194240621407e+19,8.011970159038464e+19
2011-02-16,0.037800134741629465,0.0,0.037800134741629465,1.0,2,8.440630078796741e+19,8.314823710596032e+19
2011-02-17,0.03271975914084696,0.0,0.03271975914084696,1.0,2,8.716805461971958e+19,8.586882739705338e+19
2011-02-18,0.03082700206043426,0.0,0.03082700206043426,1.0,2,8.985518441908571e+19,8.851590591614942e+19
2011-02-22,0.00425458377568072,0.0,0.00425458377568072,1.0,2,9.023748082887595e+19,8.889250425334994e+19
2011-02-23,0.020704504925551148,0.0,0.020704504925551148,1.0,2,9.210580319516674e+19,9.0732979545508e+19
2011-02-24,0.03645906325415016,0.0,0.03645906325415016,1.0,2,9.546389449993362e+19,9.404101898599519e+19
2011-02-25,0.04803964571548963,0.0,0.04803964571548963,1.0,2,1.0004994617033132e+20,9.855871622080604e+19
2011-02-28,0.03398099461938697,0.0,0.03398099461938697,1.0,2,1.034497428528153e+20,1.0190783942639893e+20
2011-03-01,0.01714169439928992,0.0,0.01714169439928992,1.0,2,1.052230467304834e+20,1.0365471246673817e+20
2011-03-02,0.03459044773872355,0.0,0.03459044773872355,1.0,2,1.0886275902932345e+20,1.072401753811913e+20
2011-03-03,0.05200064579590025,0.0,0.05200064579590025,1.0,2,1.1452369280197175e+20,1.1281673375627885e+20
2011-03-04,0.02678437182058435,0.0,0.02678437182058435,1.0,2,1.1759113797224613e+20,1.1583845910079088e+20
2011-03-07,0.019778408313628315,0.0,0.019778408313628315,1.0,2,1.1991690351312542e+20,1.1812955944330786e+20
2011-03-08,0.03925095610877216,0.0,0.03925095610877216,1.0,2,1.2462375662961897e+20,1.2276625759616572e+20
2011-03-09,0.025371311675796315,0.0,0.025371311675796315,1.0,2,1.2778562480127762e+20,1.2588099858090913e+20
2011-03-10,0.009253093445999838,0.0,0.009253093445999838,1.0,2,1.2896803712861931e+20,1.2704578722385406e+20
2011-03-11,0.032306946039442286,0.0,0.032306946039442286,1.0,2,1.331346005449464e+20,1.3115024861623358e+20
2011-03-14,0.02423276067222846,0.0,0.02423276067222846,1.0,2,1.3636081945714482e+20,1.3432838120305402e+20
2011-03-15,0.01271674367336234,0.0,0.01271674367336234,1.0,2,1.3809488504527097e+20,1.3603660079487097e+20
2011-03-16,0.01411561938824818,0.0,0.01411561938824818,1.0,2,1.4004417988203389e+20,1.3795684167456242e+20
2011-03-17,0.040936984237706864,0.0,0.040936984237706864,1.0,2,1.4577716626644728e+20,1.4360437872767779e+20
2011-03-18,0.039156703504773516,0.0,0.039156703504773516,1.0,2,1.514853195437086e+20,1.4922745280750466e+20
2011-03-21,0.05317092308163762,0.0,0.05317092308163762,1.0,2,1.5953993381716443e+20,1.5716201422240118e+20
2011-03-22,0.028258119218785738,0.0,0.028258119218785738,1.0,2,1.6404823228712704e+20,1.6160311715696227e+20
2011-03-23,0.033462817222559005,0.0,0.033462817222559005,1.0,2,1.6953774829983508e+20,1.670108127289815e+20
2011-03-24,0.043193812783575924,0.0,0.043193812783575924,1.0,2,1.768607300596472e+20,1.7422464650683e+20
2011-03-25,0.036487600067212855,0.0,0.036487600067212855,1.0,2,1.833139536456589e+20,1.805816857304228e+20
2011-03-28,0.02826172623874479,0.0,0.02826172623874479,1.0,2,1.8849472241933445e+20,1.8568523589626705e+20
2011-03-29,0.038158340957705095,0.0,0.038158340957705095,1.0,2,1.956873683061394e+20,1.927706764384087e+20
2011-03-30,0.03911419523110088,0.0,0.03911419523110088,1.0,2,2.033415222343261e+20,2.00310746311452e+20
2011-03-31,0.03183881970735858,0.0,0.03183881970735858,1.0,2,2.0981567629976463e+20,2.0668840404870873e+20
2011-04-01,0.03443684016249571,0.0,0.03443684016249571,1.0,2,2.1704106520808558e+20,2.1380609958237543e+20
2011-04-04,0.030631728168806882,0.0,0.030631728168806882,1.0,2,2.2368940811900794e+20,2.2035534990561562e+20
2011-04-05,0.030930858618624935,0.0,0.030930858618624935,1.0,2,2.3060831357602087e+20,2.2717113007940387e+20
2011-04-06,0.0343490216681126,0.0,0.0343490216681126,1.0,2,2.385294835358905e+20,2.3497423614887094e+20
2011-04-07,0.02766588373830664,0.0,0.02766588373830664,1.0,2,2.4512861249555277e+20,2.41475006047663e+20
2011-04-08,0.02549891725124681,0.0,0.02549891725124681,1.0,2,2.513791267014898e+20,2.4763235724511668e+20
2011-04-11,0.025780975160076713,0.0,0.025780975160076713,1.0,2,2.5785992572274272e+20,2.540165608960843e+20
2011-04-12,0.020183027608381476,0.0,0.020183027608381476,1.0,2,2.630643197227e+20,2.5914338415763607e+20
2011-04-13,0.036813563087703116,0.0,0.036813563087703116,1.0,2,2.7274865465293534e+20,2.686833754790841e+20
2011-04-14,0.028830268198253572,0.0,0.028830268198253572,1.0,2,2.806120715172923e+20,2.7642958925455812e+20
2011-04-15,0.03336883798403795,0.0,0.03336883798403795,1.0,2,2.8997577026811812e+20,2.8565372343238764e+20
2011-04-18,0.015962295508198,0.0,0.015962295508198,1.0,2,2.9460444920335516e+20,2.9021341257883245e+20
2011-04-19,0.03413728991809395,0.0,0.03413728991809395,1.0,2,3.046614466969704e+20,3.0012051198215546e+20
2011-04-20,0.054172477621171666,0.0,0.054172477621171666,1.0,2,3.211657121001958e+20,3.163787837011634e+20
2011-04-21,0.03929044201517501,0.0,0.03929044201517501,1.0,2,3.337844548887309e+20,3.2880944595700554e+20
2011-04-25,0.030760003312489292,0.0,0.030760003312489292,1.0,2,3.4405166582676573e+20,3.389236256038208e+20
2011-04-26,0.03756764021358605,0.0,0.03756764021358605,1.0,2,3.569768750234306e+20,3.516561864303893e+20
2011-04-27,0.036026371422047565,0.0,0.036026371422047565,1.0,2,3.698374565121065e+20,3.643250828155913e+20
2011-04-28,0.030814350010310576,0.0,0.030814350010310576,1.0,2,3.8123375734399356e+20,3.755515234350063e+20
2011-04-29,0.0313609696380705,0.0,0.0313609696380705,1.0,2,3.931896176330661e+20,3.873291833589827e+20
2011-05-02,0.08572152870919342,0.0005,0.08522152870919342,1.0,2,4.2689443272915576e+20,4.203379684785187e+20
2011-05-03,0.014388471356786947,0.0,0.014388471356786947,1.0,2,4.330367910468511e+20,4.263859892981419e+20
2011-05-04,0.00939265738479289,0.0,0.00939265738479289,1.0,2,4.371041572601643e+20,4.303908868092953e+20
2011-05-05,0.0037493984805364033,0.0,0.0037493984805364033,1.0,2,4.387430349232317e+20,4.320045937463348e+20
2011-05-06,0.03241905669244288,0.0,0.03241905669244288,1.0,2,4.529666702458224e+20,4.46009775162393e+20
2011-05-09,0.03314191183296289,0.0,0.03314191183296289,1.0,2,4.6797885169438025e+20,4.607913918074647e+20
2011-05-10,0.030551612117897253,0.0,0.030551612117897253,1.0,2,4.8227636005072595e+20,4.748693116772323e+20
2011-05-11,0.008671188798078433,0.0,0.008671188798078433,1.0,2,4.864582694215758e+20,4.789869931331991e+20
2011-05-12,0.024122784555162313,0.0,0.024122784555162313,1.0,2,4.981929974499096e+20,4.905414931732763e+20
2011-05-13,0.012758815570109883,0.0,0.012758815570109883,1.0,2,5.0454935002269326e+20,4.968002216141605e+20
2011-05-16,0.013293206257770473,0.0,0.013293206257770473,1.0,2,5.112564285997689e+20,5.034042894289836e+20
2011-05-17,0.016422403818348086,0.0,0.016422403818348086,1.0,2,5.1965248812496074e+20,5.116713979538749e+20
2011-05-18,0.030977227127377716,0.0,0.030977227127377716,1.0,2,5.3574988127691466e+20,5.27521559062875e+20
2011-05-19,0.02401252801734982,0.0,0.02401252801734982,1.0,2,5.4861459031136836e+20,5.401886852796283e+20
2011-05-20,0.024301112318098783,0.0,0.024301112318098783,1.0,2,5.6194653508987263e+20,5.533158711935746e+20
2011-05-23,0.011738615211164927,0.0,0.011738615211164927,1.0,2,5.6854300923454004e+20,5.598110332957465e+20
2011-05-24,0.02270959811737361,0.0,0.02270959811737361,1.0,2,5.8145439248669875e+20,5.725241168835646e+20
2011-05-25,0.02607820055231208,0.0,0.02607820055231208,1.0,2,5.966176767459897e+20,5.874545156246896e+20
2011-05-26,0.024919918082785486,0.0,0.024919918082785486,1.0,2,6.114853403772415e+20,6.020938340314192e+20
2011-05-27,0.030235411995703954,0.0,0.030235411995703954,1.0,2,6.299738515728807e+20,6.202983891634322e+20
2011-05-31,0.029480080255978258,0.0,0.029480080255978258,1.0,2,6.485455312764169e+20,6.385848354586243e+20
2011-06-01,-0.18499085751810962,0.0005,-0.18549085751810962,1.0,2,5.285705373060546e+20,5.2013318673134315e+20
2011-06-02,0.13818250704229806,0.0,0.13818250704229806,1.0,2,6.016097392996997e+20,5.920064944697799e+20
2011-06-03,0.11929708636741687,0.0,0.11929708636741687,1.0,2,6.733800283284151e+20,6.626311443706129e+20
2011-06-06,0.12085427644758412,0.0,0.12085427644758412,1.0,2,7.547608844262994e+20,7.42712951875158e+20
2011-06-07,0.14446811740315352,0.0,0.14446811740315352,1.0,2,8.637997684889059e+20,8.50011293803501e+20
2011-06-08,0.1210389258409767,0.0,0.1210389258409767,1.0,2,9.683531646084876e+20,9.528957477581757e+20
2011-06-09,0.14155262352426679,0.0,0.14155262352426679,1.0,2,1.1054260955568451e+21,1.0877806407984634e+21
2011-06-10,0.113094343631223,0.0,0.113094343631223,1.0,2,1.230443534266672e+21,1.2108024783843167e+21
2011-06-13,0.13561296684573587,0.0,0.13561296684573587,1.0,2,1.3973076324847284e+21,1.3750029947421839e+21
2011-06-14,0.1567136375892974,0.0,0.1567136375892974,1.0,2,1.6162847944026995e+21,1.5904847157444092e+21
2011-06-15,0.10298691664932347,0.0,0.10298691664932347,1.0,2,1.7827409818054193e+21,1.7542838325968018e+21
2011-06-16,0.13181741042171163,0.0,0.13181741042171163,1.0,2,2.0177372814796694e+21,1.9855289845543875e+21
2011-06-17,0.1449824861571019,0.0,0.1449824861571019,1.0,2,2.310273848960464e+21,2.2733959130720685e+21
2011-06-20,0.13376677827533884,0.0,0.13376677827533884,1.0,2,2.619311738669672e+21,2.577500760108042e+21
2011-06-21,0.15554293850770123,0.0,0.15554293850770123,1.0,2,3.0267271833700684e+21,2.97841280234108e+21
2011-06-22,0.12309282036527708,0.0,0.12309282036527708,1.0,2,3.3992955688473414e+21,3.345034034393292e+21
2011-06-23,0.12109788285490458,0.0,0.12109788285490458,1.0,2,3.8109430654328127e+21,3.7501105740359197e+21
2011-06-24,0.12993086734836362,0.0,0.12993086734836362,1.0,2,4.30610220333973e+21,4.237365693572677e+21
2011-06-27,0.13851922714536907,0.0,0.13851922714536907,1.0,2,4.90258015255532e+21,4.824322314578665e+21
2011-06-28,0.14645616018889235,0.0,0.14645616018889235,1.0,2,5.620593216716846e+21,5.530874036285446e+21
2011-06-29,0.14727352491075485,0.0,0.14727352491075485,1.0,2,6.448357791832215e+21,6.345425351446577e+21
2011-06-30,0.1446453006824136,0.0,0.1446453006824136,1.0,2,7.381082443539569e+21,7.263261309364376e+21
2011-07-01,0.14261538550066316,0.0,0.14261538550066316,1.0,2,8.433738361637142e+21,8.299114120991428e+21
2011-07-05,0.13026034100437023,0.0,0.13026034100437023,1.0,2,9.532319996565636e+21,9.380159556425956e+21
2011-07-06,0.12903564499170256,0.0,0.12903564499170256,1.0,2,1.0762329055589787e+22,1.0590534494914462e+22
2011-07-07,0.1466927803057419,0.0,0.1466927803057419,1.0,2,1.2341085027319522e+22,1.214408944489733e+22
2011-07-08,0.11906871974950956,0.0,0.11906871974950956,1.0,2,1.3810522221842298e+22,1.3590070627624787e+22
2011-07-11,0.10081926153357457,0.0,0.10081926153357457,1.0,2,1.5202888873641459e+22,1.496021151249104e+22
2011-07-12,0.12420482543852296,0.0,0.12420482543852296,1.0,2,1.7091161032353361e+22,1.6818341971923374e+22
2011-07-13,0.14842072857611355,0.0,0.14842072857611355,1.0,2,1.9627843604986926e+22,1.9314532540838467e+22
2011-07-14,0.12737563792141715,0.0,0.12737563792141715,1.0,2,2.2127952705193947e+22,2.177473344438174e+22
2011-07-15,0.14078182152763796,0.0,0.14078182152763796,1.0,2,2.5243166193708574e+22,2.4840220081960576e+22
2011-07-18,0.11400535608745554,0.0,0.11400535608745554,1.0,2,2.8121022344397144e+22,2.767213821769526e+22
2011-07-19,0.15330923386662604,0.0,0.15330923386662604,1.0,2,3.243223473556294e+22,3.19145325273015e+22
2011-07-20,0.14036334156859215,0.0,0.14036334156859215,1.0,2,3.6984531577583518e+22,3.6394162957433065e+22
2011-07-21,0.14945046162429515,0.0,0.14945046162429515,1.0,2,4.251188689481169e+22,4.183328741185126e+22
2011-07-22,0.13391163269200673,0.0,0.13391163269200673,1.0,2,4.820472307771385e+22,4.7435251230046234e+22
2011-07-25,0.12005229681373736,0.0,0.12005229681373736,1.0,2,5.399181080046357e+22,5.312996209014995e+22
2011-07-26,0.13406990576440841,0.0,0.13406990576440841,1.0,2,6.123048778653149e+22,6.025309110084294e+22
2011-07-27,0.10774690404126058,0.0,0.10774690404126058,1.0,2,6.782788327846648e+22,6.67451751258748e+22
2011-07-28,0.131206424463169,0.0,0.131206424463169,1.0,2,7.672733732233923e+22,7.550257090430887e+22
2011-07-29,0.12885730453551314,0.0,0.12885730453551314,1.0,2,8.661421519388294e+22,8.523162867653959e+22
2011-08-01,0.36188061972908875,0.001,0.36088061972908875,1.0,2,1.1795822106559395e+23,1.1599007165384876e+23
2011-08-02,0.008656688601051066,0.0,0.008656688601051066,1.0,2,1.1897934865329274e+23,1.1699416158496974e+23
2011-08-03,0.012729927309924893,0.0,0.012729927309924893,1.0,2,1.2049394711303136e+23,1.18483488757632e+23
2011-08-04,-0.016542399025001653,0.0,-0.016542399025001653,1.0,2,1.1850068815979016e+23,1.1652348760872895e+23
2011-08-05,0.010528249219452612,0.0,0.010528249219452612,1.0,2,1.1974829293741305e+23,1.1775027592619343e+23
2011-08-08,-0.0059088219494518035,0.0,-0.0059088219494518035,1.0,2,1.1904072159569507e+23,1.1705451051124672e+23
2011-08-09,0.035880085384155214,0.0,0.035880085384155214,1.0,2,1.2331191285074005e+23,1.2125443634299075e+23
2011-08-10,0.004899634949442455,0.0,0.004899634949442455,1.0,2,1.2391609620862612e+23,1.2184853881707181e+23
2011-08-11,0.018433892288953146,0.0,0.018433892288953146,1.0,2,1.2620035217900349e+23,1.2409468165719203e+23
2011-08-12,0.010850095058817177,0.0,0.010850095058817177,1.0,2,1.2756963799660189e+23,1.2544112074946623e+23
2011-08-15,0.020840071180907693,0.0,0.020840071180907693,1.0,2,1.3022819833297368e+23,1.2805532263489793e+23
2011-08-16,0.009609977495880495,0.0,0.009609977495880495,1.0,2,1.3147968838828262e+23,1.2928593140364702e+23
2011-08-17,0.007441212213835091,0.0,0.007441212213835091,1.0,2,1.3245805665138872e+23,1.3024797545548488e+23
2011-08-18,-0.007474803249359174,0.0,-0.007474803249359174,1.0,2,1.3146795873912711e+23,1.2927439746532775e+23
2011-08-19,0.005495204665501019,0.0,0.005495204665501019,1.0,2,1.3219040207935426e+23,1.2998478673740905e+23
2011-08-22,0.02616127190482692,0.0,0.02616127190482692,1.0,2,1.3564867113136066e+23,1.3338535408673735e+23
2011-08-23,0.008417082379377605,0.0,0.008417082379377605,1.0,2,1.3679043717092642e+23,1.3450806960028787e+23
2011-08-24,-0.005397564308006364,0.0,-0.005397564308006364,1.0,2,1.3605210198957604e+23,1.3378205364467451e+23
2011-08-25,0.003694747603963433,0.0,0.003694747603963433,1.0,2,1.3655478016741623e+23,1.3427634456683149e+23
2011-08-26,0.033810382412077566,0.0,0.033810382412077566,1.0,2,1.4117174950507375e+23,1.3881627912553194e+23
2011-08-29,0.011754572544538544,0.0,0.011754572544538544,1.0,2,1.4283116307587055e+23,1.404480051488759e+23
2011-08-30,0.025766307713572745,0.0,0.025766307713572745,1.0,2,1.4651139477477092e+23,1.440668316672993e+23
2011-08-31,0.006096476939095985,0.0,0.006096476939095985,1.0,2,1.4740459811433011e+23,1.4494513178424763e+23
2011-09-01,0.07239001103646603,0.0005,0.07189001103646603,1.0,1,1.580752185986523e+23,1.553652389078992e+23
2011-09-02,0.030126714476379934,0.0,0.030126714476379934,1.0,1,1.6283750557516523e+23,1.60045883100032e+23
2011-09-06,-0.0017889938063250233,0.0,-0.0017889938063250233,1.0,1,1.6254619028625383e+23,1.5975956200643825e+23
2011-09-07,-0.03163530708703788,0.0,-0.03163530708703788,1.0,1,1.5740399164072012e+23,1.547055192022739e+23
2011-09-08,0.026654710446675,0.0,0.026654710446675,1.0,1,1.6159954946105435e+23,1.5882915002111305e+23
2011-09-09,-0.006046316111864347,0.0,-0.006046316111864347,1.0,1,1.6062246750147795e+23,1.5786881877230667e+23
2011-09-12,-0.022427806268573436,0.0,-0.022427806268573436,1.0,1,1.5702005791797457e+23,1.5432816748903283e+23
2011-09-13,0.01055703400369934,0.0,0.01055703400369934,1.0,1,1.5867772400867745e+23,1.5595741520094314e+23
2011-09-14,-0.007459854302656721,0.0,-0.007459854302656721,1.0,1,1.5749401130649555e+23,1.5479399560612517e+23
2011-09-15,-0.015874610838989778,0.0,-0.015874610838989778,1.0,1,1.549938551675335e+23,1.5233670116566565e+23
2011-09-16,0.009398205102835067,0.0,0.009398205102835067,1.0,1,1.564505192080771e+23,1.537683927279099e+23
2011-09-19,-0.015361451229454315,0.0,-0.015361451229454315,1.0,1,1.5404721218743942e+23,1.5140628706238854e+23
2011-09-20,0.014263187698483115,0.0,0.014263187698483115,1.0,1,1.562444164892969e+23,1.535658233534898e+23
2011-09-21,-0.012497435458255546,0.0,-0.012497435458255546,1.0,1,1.5429176197850913e+23,1.516466443875357e+23
2011-09-22,-0.026190035603789297,0.0,-0.026190035603789297,1.0,1,1.5025085523892059e+23,1.4767501337183096e+23
2011-09-23,-0.05548643724182789,0.0,-0.05548643724182789,1.0,1,1.4191397058917524e+23,1.3948105301018877e+23
2011-09-26,-0.013843271641331478,0.0,-0.013843271641331478,1.0,1,1.3994941694460937e+23,1.3755017890454977e+23
2011-09-27,0.019510348687593604,0.0,0.019510348687593604,1.0,1,1.4267987886782412e+23,1.4023383085701841e+23
2011-09-28,-0.027436953498798045,0.0,-0.027436953498798045,1.0,1,1.3876517766611349e+23,1.3638624176083608e+23
2011-09-29,0.009506097028390448,0.0,0.009506097028390448,1.0,1,1.400842929091694e+23,1.3768274260835211e+23
2011-09-30,0.002295074107178441,0.0,0.002295074107178441,1.0,1,1.4040579674264763e+23,1.3799873470591785e+23
2011-10-03,0.018362990136463808,0.0,0.018362990136463808,1.0,1,1.429840670033352e+23,1.4053280411016709e+23
2011-10-04,-0.020627566105515527,0.0,-0.020627566105515527,1.0,1,1.4003465370918844e+23,1.3763395440339115e+23
2011-10-05,0.011523801018991087,0.0,0.011523801018991087,1.0,1,1.4164838519429644e+23,1.3922002070739272e+23
2011-10-06,0.0064489774522846766,0.0,0.0064489774522846766,1.0,1,1.4256187243656698e+23,1.401178474818413e+23
2011-10-07,-0.008124844901118311,0.0,-0.008124844901118311,1.0,1,1.4140357933420687e+23,1.3897941170317278e+23
2011-10-10,0.025558517232694422,0.0,0.025558517232694422,1.0,1,1.4501764515338487e+23,1.4253151939217805e+23
2011-10-11,-0.007170435241588113,0.0,-0.007170435241588113,1.0,1,1.4397780551992491e+23,1.4150950636249128e+23
2011-10-12,0.007182534908094729,0.0,0.007182534908094729,1.0,1,1.4501193113406264e+23,1.4252590333176711e+23
2011-10-13,-0.005880138964710846,0.0,-0.005880138964710846,1.0,1,1.4415924082745328e+23,1.4168783121410538e+23
2011-10-14,0.006774796284883644,0.0,0.006774796284883644,1.0,1,1.4513589031664275e+23,1.4264773740662793e+23
2011-10-17,-0.004742655804975349,0.0,-0.004742655804975349,1.0,1,1.4444756074392226e+23,1.4197120828674979e+23
2011-10-18,-0.004604207946283467,0.0,-0.004604207946283467,1.0,1,1.4378249413692383e+23,1.4131754332141247e+23
2011-10-19,-0.012207620649092088,0.0,-0.012207620649092088,1.0,1,1.4202725199251995e+23,1.3959239236148304e+23
2011-10-20,-0.013122221506916554,0.0,-0.013122221506916554,1.0,1,1.4016353893185544e+23,1.3776063006823525e+23
2011-10-21,0.011133432403732546,0.0,0.011133432403732546,1.0,1,1.4172404021802118e+23,1.3929437873099553e+23
2011-10-24,0.009384307269695302,0.0,0.009384307269695302,1.0,1,1.4305402215892975e+23,1.4060155998194851e+23
2011-10-25,0.028344657013358754,0.0,0.028344657013358754,1.0,1,1.4710883935140604e+23,1.4458686297518004e+23
2011-10-26,0.01091133395181565,0.0,0.01091133395181565,1.0,1,1.4871399302483323e+23,1.4616449852214764e+23
2011-10-27,0.012830269460851973,0.0,0.012830269460851973,1.0,1,1.506220336279411e+23,1.480398284237971e+23
2011-10-28,0.00041287335128048497,0.0,0.00041287335128048497,1.0,1,1.5068422145174175e+23,1.4810095012388142e+23
2011-10-31,-0.013469257627664044,0.0,-0.013469257627664044,1.0,1,1.4865461685258427e+23,1.4610614027176103e+23
2011-11-01,0.000643056412257148,0.0,0.000643056412257148,1.0,1,1.4875021015716296e+23,1.4620009476213295e+23
2011-11-02,0.010016844123683644,0.0,0.010016844123683644,1.0,1,1.5024021782567245e+23,1.4766455832223301e+23
2011-11-03,0.015693977589176455,0.0,0.015693977589176455,1.0,1,1.5259808443722153e+23,1.4998200259125778e+23
2011-11-04,-0.00507058742378097,0.0,-0.00507058742378097,1.0,1,1.518243225093811e+23,1.4922150573512506e+23
2011-11-07,0.024028937382358784,0.0,0.024028937382358784,1.0,1,1.5547249964807808e+23,1.5280713995253568e+23
2011-11-08,-0.00830357736157794,0.0,-0.00830357736157794,1.0,1,1.5418152171965237e+23,1.5153829404453833e+23
2011-11-09,-0.008358675412114103,0.0,-0.008358675412114103,1.0,1,1.52892768425052e+23,1.5027163463211453e+23
2011-11-10,-0.005389171568300766,0.0,-0.005389171568300766,1.0,1,1.5206880306445692e+23,1.4946179501123306e+23
2011-11-11,0.01641715493444007,0.0,0.01641715493444007,1.0,1,1.5456534016506097e+23,1.51915532456712e+23
2011-11-14,-0.004372807146588942,0.0,-0.004372807146588942,1.0,1,1.5388945574097224e+23,1.5125123513070744e+23
2011-11-15,0.0009237587536952141,0.0,0.0009237587536952141,1.0,1,1.5403161247281436e+23,1.5139095478316664e+23
2011-11-16,-0.01067844818475494,0.0,-0.01067844818475494,1.0,1,1.5238679388020918e+23,1.4977433431687402e+23
2011-11-17,-0.02586091090490128,0.0,-0.02586091090490128,1.0,1,1.4844593258058954e+23,1.4590103360126445e+23
2011-11-18,0.0031100289891492494,0.0,0.0031100289891492494,1.0,1,1.4890760373423646e+23,1.4635479004531122e+23
2011-11-21,-0.024691851502626205,0.0,-0.024691851502626205,1.0,1,1.4523079929521879e+23,1.4274101930281436e+23
2011-11-22,0.011044080749022411,0.0,0.011044080749022411,1.0,1,1.4683473996988025e+23,1.443174626461924e+23
2011-11-23,-0.0028957868590765434,0.0,-0.0028957868590765434,1.0,1,1.4640953785941956e+23,1.438995500343263e+23
2011-11-25,-0.008671753450866904,0.0,-0.008671753450866904,1.0,1,1.4513991044424732e+23,1.4265168861473794e+23
2011-11-28,0.01980633307026336,0.0,0.01980633307026336,1.0,1,1.4801459985229428e+23,1.4547709547247693e+23
2011-11-29,0.0015043119552001771,0.0,0.0015043119552001771,1.0,1,1.4823725998439624e+23,1.4569593840640396e+23
2011-11-30,0.01943225217082678,0.0,0.01943225217082678,1.0,1,1.5111784380152544e+23,1.4852713862178244e+23
2011-12-01,-0.002941060712421395,0.0,-0.002941060712421395,1.0,1,1.5067339704817495e+23,1.4809031128965355e+23
2011-12-02,0.0011493446538280994,0.0,0.0011493446538280994,1.0,1,1.5084657271154636e+23,1.4826051809721803e+23
2011-12-05,-0.01476753046498469,0.0,-0.01476753046498469,1.0,1,1.4861894135349008e+23,1.4607107637946295e+23
2011-12-06,0.005207637441162372,0.0,0.005207637441162372,1.0,1,1.4939289491694845e+23,1.4683176158588755e+23
2011-12-07,0.007241031958338251,0.0,0.007241031958338251,1.0,1,1.5047465364339074e+23,1.4789497506403006e+23
2011-12-08,-0.020273437843701725,0.0,-0.020273437843701725,1.0,1,1.4742401510569892e+23,1.4489663547967364e+23
2011-12-09,0.0025309030672067134,0.0,0.0025309030672067134,1.0,1,1.4779713099770986e+23,1.4526335481883708e+23
2011-12-12,-0.026556304992197743,0.0,-0.026556304992197743,1.0,1,1.4387218530996288e+23,1.414056968640782e+23
2011-12-13,-0.0218701606098608,0.0,-0.0218701606098608,1.0,1,1.4072567750994235e+23,1.3831313156251151e+23
2011-12-14,-0.0353505117915317,0.0,-0.0353505117915317,1.0,1,1.3575095278775585e+23,1.3342369157428727e+23
2011-12-15,-0.0034742924686921306,0.0,-0.0034742924686921306,1.0,1,1.3527931427486757e+23,1.3296013864750562e+23
2011-12-16,0.0189600807591781,0.0,0.0189600807591781,1.0,1,1.378442209985653e+23,1.3548107361401385e+23
2011-12-19,-0.0023128247482891995,0.0,-0.0023128247482891995,1.0,1,1.3752541147283118e+23,1.3516772963403457e+23
2011-12-20,0.013611488774478264,0.0,0.013611488774478264,1.0,1,1.3939733706729913e+23,1.3700756366861994e+23
2011-12-21,0.001146693460756243,0.0,0.001146693460756243,1.0,1,1.3955718308216104e+23,1.371646693459529e+23
2011-12-22,-0.00713678050071509,0.0,-0.00713678050071509,1.0,1,1.3856119409920554e+23,1.3618575520837768e+23
2011-12-23,0.0017308614044015957,0.0,0.0017308614044015957,1.0,1,1.3880102432221966e+23,1.3642147387589714e+23
2011-12-27,-0.008965147690437436,0.0,-0.008965147690437436,1.0,1,1.3755665263958696e+23,1.3519843521445257e+23
2011-12-28,-0.02515566643461631,0.0,-0.02515566643461631,1.0,1,1.3409632336992312e+23,1.3179742847571571e+23
2011-12-29,-0.004460948704903878,0.0,-0.004460948704903878,1.0,1,1.3349812654985369e+23,1.312094869078473e+23
2011-12-30,0.010986988210240245,0.0,0.010986988210240245,1.0,1,1.3496486889234609e+23,1.3265108399357549e+23
2012-01-03,-0.18094349752526484,0.001,-0.18194349752526484,0.0,1,1.1054385347192617e+23,1.0851608182126669e+23
2012-01-04,0.049533522733916646,0.0,0.049533522733916646,0.0,1,1.1601947995097258e+23,1.1389126562715595e+23
2012-01-05,0.04943581578576384,0.0,0.04943581578576384,0.0,1,1.2175499758938896e+23,1.1952157325430753e+23
2012-01-06,0.04943581578576384,0.0,0.04943581578576384,0.0,1,1.277740552212141e+23,1.2543021973213214e+23
2012-01-09,0.04970806822478324,0.0,0.04970806822478324,0.0,1,1.3412545667550742e+23,1.3166511365202651e+23
2012-01-10,0.04933835691964472,0.0,0.04933835691964472,0.0,1,1.4074298632897393e+23,1.3816125402325577e+23
2012-01-11,0.049261420890384766,0.0,0.049261420890384766,0.0,1,1.4767618581589518e+23,1.4496727370843874e+23
2012-01-12,0.04943581578576384,0.0,0.04943581578576384,0.0,1,1.5497667853383398e+23,1.521338491464535e+23
2012-01-13,0.04943581578576384,0.0,0.04943581578576384,0.0,1,1.6263807706492212e+23,1.5965471008763677e+23
2012-01-17,0.04943581578576384,0.0,0.04943581578576384,0.0,1,1.7067822308245445e+23,1.675473709248587e+23
2012-01-18,0.04943581578576384,0.0,0.04943581578576384,0.0,1,1.7911584027740014e+23,1.7583021188928903e+23
2012-01-19,0.04943581578576384,0.0,0.04943581578576384,0.0,1,1.8797057796166597e+23,1.8452252185381972e+23
2012-01-20,0.04943581578576384,0.0,0.04943581578576384,0.0,1,1.9726305682692243e+23,1.936445432525097e+23
2012-01-23,0.049533522733916646,0.0,0.049533522733916646,0.0,1,2.0703419093682068e+23,2.032364396380068e+23
2012-01-24,0.04943581578576384,0.0,0.04943581578576384,0.0,1,2.1726909506132798e+23,2.132835988289058e+23
2012-01-25,0.04943581578576384,0.0,0.04943581578576384,0.0,1,2.2800997002071937e+23,2.2382744753073632e+23
2012-01-26,0.049533522733916646,0.0,0.049533522733916646,0.0,1,2.393041070543003e+23,2.3491440949147458e+23
2012-01-27,0.04943581578576384,0.0,0.04943581578576384,0.0,1,2.511343008074134e+23,2.465275949645166e+23
2012-01-30,0.049610399378502756,0.0,0.049610399378502756,0.0,1,2.635931737681102e+23,2.5875792740852798e+23
2012-01-31,0.049261420890384766,0.0,0.049261420890384766,0.0,1,2.765781480449334e+23,2.715047105793231e+23
2012-02-01,0.19051382139494433,0.001,0.18951382139494433,1.0,2,3.292701079433103e+23,3.22958605807939e+23
2012-02-02,0.013884526124196828,0.0,0.013884526124196828,1.0,2,3.338418673589663e+23,3.274427330073136e+23
2012-02-03,0.004903736272921011,0.0,0.004903736272921011,1.0,2,3.354789398333541e+23,3.290484258144659e+23
2012-02-06,0.00553345000105393,0.0,0.00553345000105393,1.0,2,3.373352957733286e+23,3.308691988266358e+23
2012-02-07,0.016070263631096204,0.0,0.016070263631096204,1.0,2,3.427563629084797e+23,3.361863540791894e+23
2012-02-08,0.006539017872045083,0.0,0.006539017872045083,1.0,2,3.449976528912954e+23,3.383846826568509e+23
2012-02-09,0.009997571232368219,0.0,0.009997571232368219,1.0,2,3.48446791501076e+23,3.4176770762565513e+23
2012-02-10,0.0011356424500229,0.0,0.0011356424500229,1.0,2,3.4884250246907885e+23,3.421558335424818e+23
2012-02-13,0.013852322455138122,0.0,0.013852322455138122,1.0,2,3.5367478129933785e+23,3.468954864786188e+23
2012-02-14,0.007401339195351464,0.0,0.007401339195351464,1.0,2,3.56292448320576e+23,3.494629776393836e+23
2012-02-15,0.008231935533153822,0.0,0.008231935533153822,1.0,2,3.592254247861006e+23,3.52339734342535e+23
2012-02-16,0.013529559887395293,0.0,0.013529559887395293,1.0,2,3.6408558668381916e+23,3.5710673587903125e+23
2012-02-17,0.004417056158166011,0.0,0.004417056158166011,1.0,2,3.656937731665804e+23,3.586840963858683e+23
2012-02-21,0.02001439270551797,0.0,0.02001439270551797,1.0,2,3.73012911952699e+23,3.65862940748159e+23
2012-02-22,0.011105211828068617,0.0,0.011105211828068617,1.0,2,3.771552993545384e+23,3.699259262052074e+23
2012-02-23,0.011031403020945796,0.0,0.011031403020945796,1.0,2,3.813158514632038e+23,3.7400672818507365e+23
2012-02-24,0.007304336100271425,0.0,0.007304336100271425,1.0,2,3.8410111060265217e+23,3.767385990315003e+23
2012-02-27,0.006133047013934412,0.0,0.006133047013934412,1.0,2,3.8645682077208266e+23,3.7904915457132426e+23
2012-02-28,0.01750975418599282,0.0,0.01750975418599282,1.0,2,3.932235847073021e+23,3.8568621209227655e+23
2012-02-29,-0.020725233689649736,0.0,-0.020725233689649736,1.0,2,3.850739340219615e+23,3.7769277521578834e+23
2012-03-01,-0.07108878491825577,0.0005,-0.07158878491825577,1.0,2,3.576994959486476e+23,3.506542083656862e+23
2012-03-02,0.020058811893046036,0.0,0.020058811893046036,1.0,2,3.64874522852119e+23,3.5768791517079843e+23
2012-03-05,0.02204316255648764,0.0,0.02204316255648764,1.0,2,3.729175112720691e+23,3.655724880293995e+23
2012-03-06,0.010816660112597076,0.0,0.010816660112597076,1.0,2,3.769512332415347e+23,3.6952676137893e+23
2012-03-07,0.03512303375617237,0.0,0.03512303375617237,1.0,2,3.9019090413110795e+23,3.825056622926512e+23
2012-03-08,0.038934964769303526,0.0,0.038934964769303526,1.0,2,4.0538297323675536e+23,3.973985067780747e+23
2012-03-09,0.03449697305568428,0.0,0.03449697305568428,1.0,2,4.193674587417369e+23,4.111075523587672e+23
2012-03-12,0.026552913666902322,0.0,0.026552913666902322,1.0,2,4.3050288666841446e+23,4.2202365570436105e+23
2012-03-13,0.04534690392360741,0.0,0.04534690392360741,1.0,2,4.500248597090027e+23,4.411611218730763e+23
2012-03-14,0.024910036848702688,0.0,0.024910036848702688,1.0,2,4.612349955471862e+23,4.5215046167514966e+23
2012-03-15,0.03163129356277122,0.0,0.03163129356277122,1.0,2,4.7582445509276274e+23,4.6645256566293884e+23
2012-03-16,0.026534253448718848,0.0,0.026534253448718848,1.0,2,4.884501017812926e+23,4.788295362620444e+23
2012-03-19,0.03318219272596984,0.0,0.03318219272596984,1.0,2,5.0465794719561903e+23,4.947181502171783e+23
2012-03-20,0.02175865417684203,0.0,0.02175865417684203,1.0,2,5.1563862494624346e+23,5.054825513627609e+23
2012-03-21,0.0272258406829311,0.0,0.0272258406829311,1.0,2,5.296773199989955e+23,5.1924473877416494e+23
2012-03-22,0.019043689045506518,0.0,0.019043689045506518,1.0,2,5.397643301755137e+23,5.291330741178954e+23
2012-03-23,0.0302475346364115,0.0,0.0302475346364115,1.0,2,5.56090870447997e+23,5.451380451045473e+23
2012-03-26,0.04559332727313542,0.0,0.04559332727313542,1.0,2,5.814449034979353e+23,5.699927024040363e+23
2012-03-27,0.023949541738887525,0.0,0.023949541738887525,1.0,2,5.9537024248312255e+23,5.83643766421123e+23
2012-03-28,0.021934184752204433,0.0,0.021934184752204433,1.0,2,6.084292033777122e+23,5.9644551662327644e+23
2012-03-29,0.02119662169584846,0.0,0.02119662169584846,1.0,2,6.213258470304159e+23,6.090881466013248e+23
2012-03-30,0.025624946671412963,0.0,0.025624946671412963,1.0,2,6.372472887261408e+23,6.246959978761735e+23
2012-04-02,0.009484263656687475,0.0005,0.008984263656687475,1.0,2,6.432911100269286e+23,6.303084314263705e+23
2012-04-03,0.036455560626871886,0.0,0.036455560626871886,1.0,2,6.667426480892431e+23,6.532866786618631e+23
2012-04-04,0.02574094995890669,0.0,0.02574094995890669,1.0,2,6.839052372291773e+23,6.701028983661186e+23
2012-04-05,0.03992390283051317,0.0,0.03992390283051317,1.0,2,7.11209403465594e+23,6.968560213669328e+23
2012-04-09,0.02607025172648869,0.0,0.02607025172648869,1.0,2,7.29750811644188e+23,7.150232332610882e+23
2012-04-10,0.024211384839592398,0.0,0.024211384839592398,1.0,2,7.474190893819103e+23,7.32334935930822e+23
2012-04-11,0.04738935715398007,0.0,0.04738935715398007,1.0,2,7.828387995523322e+23,7.670398177659847e+23
2012-04-12,0.04905004714327421,0.0,0.04905004714327421,1.0,2,8.212370795759582e+23,8.046631569881747e+23
2012-04-13,0.026050779820078585,0.0,0.026050779820078585,1.0,2,8.42630945916076e+23,8.25625259720203e+23
2012-04-16,0.035164031415296615,0.0,0.035164031415296615,1.0,2,8.722612469697699e+23,8.546575722902667e+23
2012-04-17,0.05511506476270278,0.0,0.05511506476270278,1.0,2,9.203359820865047e+23,9.01762079736979e+23
2012-04-18,0.03451878185359303,0.0,0.03451878185359303,1.0,2,9.52104859084161e+23,9.328898082512622e+23
2012-04-19,0.030523251466790358,0.0,0.030523251466790358,1.0,2,9.8116619512074e+23,9.613646384593214e+23
2012-04-20,0.039675374534920704,0.0,0.039675374534920704,1.0,2,1.0200943313931585e+24,9.995071405548237e+23
2012-04-23,0.027393695577106247,0.0,0.027393695577106247,1.0,2,1.0480384849672743e+24,1.0268873348903264e+24
2012-04-24,0.03752135494242531,0.0,0.03752135494242531,1.0,2,1.0873623089550532e+24,1.0654175390686275e+24
2012-04-25,0.06044333048641681,0.0,0.06044333048641681,1.0,2,1.1530861083536966e+24,1.1298149234885774e+24
2012-04-26,0.04319224866425514,0.0,0.04319224866425514,1.0,2,1.2028904902770077e+24,1.1786141706084823e+24
2012-04-27,0.04297868831881252,0.0,0.04297868831881252,1.0,2,1.2545891457402869e+24,1.2292694616952e+24
2012-04-30,0.03295249136538686,0.0,0.03295249136538686,1.0,2,1.2959309837324018e+24,1.2697769530174449e+24
2012-05-01,0.041313946145764,0.0,0.041313946145764,1.0,2,1.3494710066029494e+24,1.32223644967154e+24
2012-05-02,0.03647765441268386,0.0,0.03647765441268386,1.0,2,1.3986965436217485e+24,1.3704685339345125e+24
2012-05-03,0.03088084429734833,0.0,0.03088084429734833,1.0,2,1.4418894738045709e+24,1.4127897593453595e+24
2012-05-04,0.018593301956638608,0.0,0.018593301956638608,1.0,2,1.4686989601791182e+24,1.4390581859421147e+24
2012-05-07,0.037510799960843555,0.0,0.037510799960843555,1.0,2,1.523791033077096e+24,1.4930384096870036e+24
2012-05-08,0.03295868297541049,0.0,0.03295868297541049,1.0,2,1.5740131786570573e+24,1.5422469893019885e+24
2012-05-09,0.030718000500743192,0.0,0.030718000500743192,1.0,2,1.6223637162672213e+24,1.5896217330916366e+24
2012-05-10,0.040652772988358954,0.0,0.040652772988358954,1.0,2,1.6883173001291832e+24,1.6542442645443728e+24
2012-05-11,0.03520879041653979,0.0,0.03520879041653979,1.0,2,1.7477609101060499e+24,1.7124882041524785e+24
2012-05-14,0.026513444010191345,0.0,0.026513444010191345,1.0,2,1.7941000711393475e+24,1.7578921642713883e+24
2012-05-15,0.03489177272570371,0.0,0.03489177272570371,1.0,2,1.8566994030687104e+24,1.8192281381434409e+24
2012-05-16,0.03551763579037309,0.0,0.03551763579037309,1.0,2,1.922644976239108e+24,1.8838428205736182e+24
2012-05-17,0.023392937688951176,0.0,0.023392937688951176,1.0,2,1.9676212903662444e+24,1.927911438291075e+24
2012-05-18,0.03073962372861555,0.0,0.03073962372861555,1.0,2,2.0281052284725156e+24,1.9871747104862366e+24
2012-05-21,0.058514007289093284,0.0,0.058514007289093284,1.0,2,2.1467777925944045e+24,2.10345226598033e+24
2012-05-22,0.0396169005394183,0.0,0.0396169005394183,1.0,2,2.231826474883849e+24,2.1867845251910866e+24
2012-05-23,0.036702613372419146,0.0,0.036702613372419146,1.0,2,2.3137403391058397e+24,2.267045232147964e+24
2012-05-24,0.037159702818345575,0.0,0.037159702818345575,1.0,2,2.399718242505831e+24,2.3512879592503298e+24
2012-05-25,0.036616582803074005,0.0,0.036616582803074005,1.0,2,2.487587724236593e+24,2.4373840895040905e+24
2012-05-29,0.05191489744849248,0.0,0.05191489744849248,1.0,2,2.6167305858344646e+24,2.5639206345532825e+24
2012-05-30,0.025768851160970496,0.0,0.025768851160970496,1.0,2,2.684160726829192e+24,2.6299899237736266e+24
2012-05-31,0.03539785275539015,0.0,0.03539785275539015,1.0,2,2.7791742530092924e+24,2.723085919843525e+24
2012-06-01,0.010572485950631594,0.0,0.010572485950631594,1.0,2,2.80855703375359e+24,2.7518757074734335e+24
2012-06-04,0.04240416165704958,0.0,0.04240416165704958,1.0,2,2.9276515402359214e+24,2.868566689833245e+24
2012-06-05,0.04230506902044334,0.0,0.04230506902044334,1.0,2,3.051506040713409e+24,2.9899216016363853e+24
2012-06-06,0.05990521264753823,0.0,0.05990521264753823,1.0,2,3.234307158977594e+24,3.1690334909818813e+24
2012-06-07,0.041153757814791636,0.0,0.041153757814791636,1.0,2,3.367411052496804e+24,3.299451127776713e+24
2012-06-08,0.0449683079328026,0.0,0.0449683079328026,1.0,2,3.518837829641804e+24,3.4478218620998096e+24
2012-06-11,0.02911336032437306,0.0,0.02911336032437306,1.0,2,3.6212830232992013e+24,3.5481995423053725e+24
2012-06-12,0.04955374516750627,0.0,0.04955374516750627,1.0,2,3.800731159415187e+24,3.7240261182282353e+24
2012-06-13,0.03179448049197364,0.0,0.03179448049197364,1.0,2,3.921573432118449e+24,3.842429593995843e+24
2012-06-14,0.04468686449453013,0.0,0.04468686449453013,1.0,2,4.096816252684876e+24,4.014135724592508e+24
2012-06-15,0.04780449032844053,0.0,0.04780449032844053,1.0,2,4.2926624656137477e+24,4.206029437015838e+24
2012-06-18,0.04029380770513913,0.0,0.04029380770513913,1.0,2,4.4656301815462567e+24,4.375506378353109e+24
2012-06-19,0.0470890980056759,0.0,0.0470890980056759,1.0,2,4.6759126788221926e+24,4.581545027027839e+24
2012-06-20,0.03685828670346003,0.0,0.03685828670346003,1.0,2,4.848258808938565e+24,4.750412927178843e+24
2012-06-21,0.017230570410914914,0.0,0.017230570410914914,1.0,2,4.93179707371632e+24,4.832265251601519e+24
2012-06-22,0.046221175530596625,0.0,0.046221175530596625,1.0,2,5.159750531941844e+24,5.055618232006195e+24
2012-06-25,0.018396191431229558,0.0,0.018396191431229558,1.0,2,5.254670290464835e+24,5.148622352805395e+24
2012-06-26,0.04273116462552007,0.0,0.04273116462552007,1.0,2,5.479208471699518e+24,5.368628982157756e+24
2012-06-27,0.0443669819759277,0.0,0.0443669819759277,1.0,2,5.722304415205762e+24,5.606818847444593e+24
2012-06-28,0.02829025365375315,0.0,0.02829025365375315,1.0,2,5.884189858595925e+24,5.765437174829445e+24
2012-06-29,0.06724004598901967,0.0,0.06724004598901967,1.0,2,6.279843055296038e+24,6.15310543561178e+24
2012-07-02,0.040213906851837344,0.0,0.040213906851837344,1.0,2,6.53238007896587e+24,6.400545844449005e+24
2012-07-03,0.04319250919035683,0.0,0.04319250919035683,1.0,2,6.814529965561507e+24,6.677001479658669e+24
2012-07-05,0.03434836861591656,0.0,0.03434836861591656,1.0,2,7.048597952762823e+24,6.906345587731004e+24
2012-07-06,0.024669737119176527,0.0,0.024669737119176527,1.0,2,7.222485011316248e+24,7.076723317834513e+24
2012-07-09,0.03521410452038182,0.0,0.03521410452038182,1.0,2,7.476818353401629e+24,7.325923792410561e+24
2012-07-10,0.031055969442797204,0.0,0.031055969442797204,1.0,2,7.709018195714215e+24,7.553437457847924e+24
2012-07-11,0.034450275212648374,0.0,0.034450275212648374,1.0,2,7.974595994175884e+24,7.813655457072312e+24
2012-07-12,0.028431120418427824,0.0,0.028431120418427824,1.0,2,8.20132269317461e+24,8.03580643628044e+24
2012-07-13,0.05113554182405977,0.0,0.05113554182405977,1.0,2,8.620701772764051e+24,8.446721752392907e+24
2012-07-16,0.03385637202324138,0.0,0.03385637202324138,1.0,2,8.912567459084168e+24,8.732697106418728e+24
2012-07-17,0.04361435451967233,0.0,0.04361435451967233,1.0,2,9.30128333592516e+24,9.113568053930991e+24
2012-07-18,0.04499245769063781,0.0,0.04499245769063781,1.0,2,9.719770932885406e+24,9.523609879008229e+24
2012-07-19,0.04411280438898363,0.0,0.04411280438898363,1.0,2,1.0148537286753508e+25,9.94372301867791e+24
2012-07-20,0.025986387631207752,0.0,0.025986387631207752,1.0,2,1.0412261110576848e+25,1.0202124459538636e+25
2012-07-23,0.021670411674568735,0.0,0.021670411674568735,1.0,2,1.063789909530615e+25,1.0423208696532026e+25
2012-07-24,0.0304061029836038,0.0,0.0304061029836038,1.0,2,1.0961356150727216e+25,1.0740137853578373e+25
2012-07-25,0.033577889510861436,0.0,0.033577889510861436,1.0,2,1.1329415356445536e+25,1.1100769015757248e+25
2012-07-26,0.05448374971350861,0.0,0.05448374971350861,1.0,2,1.1946684387126496e+25,1.1705580536439239e+25
2012-07-27,0.05668313175717643,0.0,0.05668313175717643,1.0,2,1.2623859872303389e+25,1.2369089500280464e+25
2012-07-30,0.03654327345036723,0.0,0.03654327345036723,1.0,2,1.308517703561609e+25,1.282109652022128e+25
2012-07-31,0.03383494878881799,0.0,0.03383494878881799,1.0,2,1.3527913330508776e+25,1.3254897664399458e+25
2012-08-01,0.037897068685741386,0.0,0.037897068685741386,1.0,2,1.4040581591169823e+25,1.3757219431609677e+25
2012-08-02,0.029829357261606015,0.0,0.029829357261606015,1.0,2,1.4459403115613555e+25,1.416758844496147e+25
2012-08-03,0.05838811884395256,0.0,0.05838811884395256,1.0,2,1.5303660463140617e+25,1.4994807282818089e+25
2012-08-06,0.04227694796488385,0.0,0.04227694796488385,1.0,2,1.5950652520213064e+25,1.562874197005725e+25
2012-08-07,0.044007598753836585,0.0,0.044007598753836585,1.0,2,1.6652602436184474e+25,1.6316525375702777e+25
2012-08-08,0.03602232166093794,0.0,0.03602232166093794,1.0,2,1.7252467837632428e+25,1.6904284501175199e+25
2012-08-09,0.038167009328410884,0.0,0.038167009328410884,1.0,2,1.7910942938529455e+25,1.7549470485421667e+25
2012-08-10,0.03636289163430373,0.0,0.03636289163430373,1.0,2,1.85622366156714e+25,1.8187619978922466e+25
2012-08-13,0.03727998848634978,0.0,0.03727998848634978,1.0,2,1.9254236582984528e+25,1.8865654242330799e+25
2012-08-14,0.03848685446847738,0.0,0.03848685446847738,1.0,2,1.9995271584255485e+25,1.9591733931608e+25
2012-08-15,0.038087900509226,0.0,0.038087900509226,1.0,2,2.075684949901156e+25,2.0337941944398313e+25
2012-08-16,0.04581708387361777,0.0,0.04581708387361777,1.0,2,2.1707867813459835e+25,2.126976713628158e+25
2012-08-17,0.04002515263054357,0.0,0.04002515263054357,1.0,2,2.257672853597723e+25,2.212109281232737e+25
2012-08-20,0.03711187250848624,0.0,0.03711187250848624,1.0,2,2.341459320706312e+25,2.2942047988526856e+25
2012-08-21,0.0348648255969391,0.0,0.0348648255969391,1.0,2,2.423093891565065e+25,2.3741918490483452e+25
2012-08-22,0.03797581503085884,0.0,0.03797581503085884,1.0,2,2.515112856993544e+25,2.464353719555578e+25
2012-08-23,0.028866690889439328,0.0,0.028866690889439328,1.0,2,2.5877158423884312e+25,2.535491456620229e+25
2012-08-24,0.04110387598255094,0.0,0.04110387598255094,1.0,2,2.694080993452048e+25,2.6397099830079648e+25
2012-08-27,0.03884228769705339,0.0,0.03884228769705339,1.0,2,2.798725262478876e+25,2.742242357604744e+25
2012-08-28,0.03575150682105649,0.0,0.03575150682105649,1.0,2,2.8987839077906525e+25,2.8402816539576403e+25
2012-08-29,0.037379909950738366,0.0,0.037379909950738366,1.0,2,3.0071401892305166e+25,2.946451126417311e+25
2012-08-30,0.027965896430519666,0.0,0.027965896430519666,1.0,2,3.0912375603145903e+25,3.0288512734562853e+25
2012-08-31,0.04395642563085972,0.0,0.04395642563085972,1.0,2,3.227117314241879e+25,3.1619887492049017e+25
2012-09-04,0.035612636056210234,0.0,0.035612636056210234,1.0,2,3.3420434686646696e+25,3.2745955037441676e+25
2012-09-05,0.03612882829282604,0.0,0.03612882829282604,1.0,2,3.4627875832912164e+25,3.392902802427401e+25
2012-09-06,0.05681592168849692,0.0,0.05681592168849692,1.0,2,3.6595290514473896e+25,3.585673702346798e+25
2012-09-07,0.03788841074143273,0.0,0.03788841074143273,1.0,2,3.798182791268834e+25,3.7215291803660676e+25
2012-09-10,0.02839131851885729,0.0,0.02839131851885729,1.0,2,3.9060182086885905e+25,3.8271883007030626e+25
2012-09-11,0.03741944472264169,0.0,0.03741944472264169,1.0,2,4.052179241134245e+25,3.9703995617643615e+25
2012-09-12,0.04073015587872891,0.0,0.04073015587872891,1.0,2,4.217225133274193e+25,4.1321145548158615e+25
2012-09-13,0.04891826791592985,0.0,0.04891826791592985,1.0,2,4.4235244822054925e+25,4.3342504416676574e+25
2012-09-14,0.04346551464475329,0.0,0.04346551464475329,1.0,2,4.61579525036822e+25,4.522640867713992e+25
2012-09-17,0.035293082293445965,0.0,0.035293082293445965,1.0,2,4.778700891989163e+25,4.682258804041924e+25
2012-09-18,0.03620252610293245,0.0,0.03620252610293245,1.0,2,4.951701935769507e+25,4.851768400615937e+25
2012-09-19,0.03816908777711969,0.0,0.03816908777711969,1.0,2,5.140703881602027e+25,5.0369559745733025e+25
2012-09-20,0.034767613348487936,0.0,0.034767613348487936,1.0,2,5.3194338864966376e+25,5.2120789123506234e+25
2012-09-21,0.036971264645989044,0.0,0.036971264645989044,1.0,2,5.516100084481147e+25,5.404776061174917e+25
2012-09-24,0.029903176613059912,0.0,0.029903176613059912,1.0,2,5.681048999522701e+25,5.566396034286269e+25
2012-09-25,0.025636047575433918,0.0,0.025636047575433918,1.0,2,5.8266886419528355e+25,5.709096427844938e+25
2012-09-26,0.029190742489353605,0.0,0.029190742489353605,1.0,2,5.996774009665723e+25,5.875749191517048e+25
2012-09-27,0.04635623247419696,0.0,0.04635623247419696,1.0,2,6.274761859753009e+25,6.148126786999088e+25
2012-09-28,0.02843332848910718,0.0,0.02843332848910718,1.0,2,6.453174224902288e+25,6.322938495526512e+25
2012-10-01,0.03712617792164358,0.0,0.03712617792164358,1.0,2,6.692755919335375e+25,6.557685035099039e+25
2012-10-02,0.038414411814966576,0.0,0.038414411814966576,1.0,2,6.949854201397779e+25,6.809594648590176e+25
2012-10-03,0.04066265114361062,0.0,0.04066265114361062,1.0,2,7.232453698288173e+25,7.086490820215195e+25
2012-10-04,0.0406967866545202,0.0,0.0406967866545202,1.0,2,7.526791323436103e+25,7.374888225254709e+25
2012-10-05,0.03479907699184559,0.0,0.03479907699184559,1.0,2,7.788716714201912e+25,7.631527528411603e+25
2012-10-08,0.028250523875854194,0.0,0.028250523875854194,1.0,2,8.008752041698738e+25,7.847122179062233e+25
2012-10-09,0.023738085394992336,0.0,0.023738085394992336,1.0,2,8.1988644815719e+25,8.03339783545375e+25
2012-10-10,0.03040463640856672,0.0,0.03040463640856672,1.0,2,8.448147975097205e+25,8.277650375766088e+25
2012-10-11,0.03666610037946422,0.0,0.03666610037946422,1.0,2,8.757908616772686e+25,8.581159535350036e+25
2012-10-12,0.033894869682388196,0.0,0.033894869682388196,1.0,2,9.05475678802846e+25,8.872016819524508e+25
2012-10-15,0.042788046409154123,0.0,0.042788046409154123,1.0,2,9.442192141698225e+25,9.251633086941118e+25
2012-10-16,0.0468091717359258,0.0,0.0468091717359258,1.0,2,9.884173335222586e+25,9.684694368945518e+25
2012-10-17,0.03633393269738594,0.0,0.03633393269738594,1.0,2,1.024330422395386e+26,1.0036577402341537e+26
2012-10-18,0.028037054209440804,0.0,0.028037054209440804,1.0,2,1.0530496299764649e+26,1.0317973467048234e+26
2012-10-19,0.017420690865994348,0.0,0.017420690865994348,1.0,2,1.0713944820468347e+26,1.0497719693181214e+26
2012-10-22,0.03714082269278707,0.0,0.03714082269278707,1.0,2,1.1111869545385668e+26,1.0887613638984237e+26
2012-10-23,0.02195062741886633,0.0,0.02195062741886633,1.0,2,1.1355782053703477e+26,1.1126603589454147e+26
2012-10-24,0.03411987157539714,0.0,0.03411987157539714,1.0,2,1.1743239879014039e+26,1.1506241874996675e+26
2012-10-25,0.03892833915653643,0.0,0.03892833915653643,1.0,2,1.2200384703820862e+26,1.1954160761123688e+26
2012-10-26,0.03608990321408406,0.0,0.03608990321408406,1.0,2,1.2640695406956348e+26,1.2385585265998242e+26
2012-10-31,0.03322164974047054,0.0,0.03322164974047054,1.0,2,1.3060640162242225e+26,1.2797054841535968e+26
2012-11-01,-0.06917013890406903,0.0005,-0.06967013890406903,1.0,2,1.2157233868043867e+26,1.1905482253163168e+26
2012-11-02,0.1098442619878982,0.0,0.1098442619878982,1.0,2,1.3492636250093428e+26,1.3213231164871896e+26
2012-11-05,0.11375305558471177,0.0,0.11375305558471177,1.0,2,1.5027464851434602e+26,1.4716276584023214e+26
2012-11-06,0.12488046399254199,0.0,0.12488046399254199,1.0,2,1.690410163471337e+26,1.6554052032078613e+26
2012-11-07,0.09440773804206881,0.0,0.09440773804206881,1.0,2,1.8499979633679897e+26,1.8116882639857867e+26
2012-11-08,0.10613828432754385,0.0,0.10613828432754385,1.0,2,2.0463535732093183e+26,2.0039777480615844e+26
2012-11-09,0.1137014863964238,0.0,0.1137014863964238,1.0,2,2.279027016175851e+26,2.231832996721545e+26
2012-11-12,0.11666537296341334,0.0,0.11666537296341334,1.0,2,2.5449105530117018e+26,2.4922106256761162e+26
2012-11-13,0.10716275958129423,0.0,0.10716275958129423,1.0,2,2.8176301907599934e+26,2.7592827937813927e+26
2012-11-14,0.10934398787258287,0.0,0.10934398787258287,1.0,2,3.1257211121678776e+26,3.060993778121652e+26
2012-11-15,0.11798085555222854,0.0,0.11798085555222854,1.0,2,3.494496363199107e+26,3.422132442904493e+26
2012-11-16,0.11816613570671852,0.0,0.11816613570671852,1.0,2,3.9074274946795274e+26,3.82651260955911e+26
2012-11-19,0.13911997662405617,0.0,0.13911997662405617,1.0,2,4.451028716399538e+26,4.35885695435263e+26
2012-11-20,0.11406041385269516,0.0,0.11406041385269516,1.0,2,4.958714893862299e+26,4.856029982490789e+26
2012-11-21,0.11744493684142165,0.0,0.11744493684142165,1.0,2,5.541090851386574e+26,5.42634611708447e+26
2012-11-23,0.13570376005535378,0.0,0.13570376005535378,1.0,2,6.293037714728053e+26,6.1627216885346004e+26
2012-11-26,0.11034964160319316,0.0,0.11034964160319316,1.0,2,6.98747217114367e+26,6.842775818164619e+26
2012-11-27,0.1101896846293633,0.0,0.1101896846293633,1.0,2,7.757419526038444e+26,7.596779127557612e+26
2012-11-28,0.11790678649535025,0.0,0.11790678649535025,1.0,2,8.67207193384992e+26,8.49249094220288e+26
2012-11-29,0.12424014327643762,0.0,0.12424014327643762,1.0,2,9.749491393415009e+26,9.547599233636016e+26
2012-11-30,0.11664524959205336,0.0,0.11664524959205336,1.0,2,1.0886723250395479e+27,1.0661281329248386e+27
2012-12-03,0.11660498858413731,0.0,0.11660498858413731,1.0,2,1.2156169490726506e+27,1.1904439916937671e+27
2012-12-04,0.11733797630541432,0.0,0.11733797630541432,1.0,2,1.3582549818393973e+27,1.3301282805840532e+27
2012-12-05,0.11687041514768698,0.0,0.11687041514768698,1.0,2,1.5169948054433817e+27,1.4855809249355905e+27
2012-12-06,0.11813862484948245,0.0,0.11813862484948245,1.0,2,1.696210485662271e+27,1.6610854125101034e+27
2012-12-07,0.11729535107129252,0.0,0.11729535107129252,1.0,2,1.8951680900688346e+27,1.8559230091298786e+27
2012-12-10,0.11507013434160263,0.0,0.11507013434160263,1.0,2,2.1132453367929738e+27,2.069484319118125e+27
2012-12-11,0.1231479477419089,0.0,0.1231479477419089,1.0,2,2.3734871630941874e+27,2.3243370659015835e+27
2012-12-12,0.11939791045644937,0.0,0.11939791045644937,1.0,2,2.656876570862839e+27,2.601858054766707e+27
2012-12-13,0.11131228223521872,0.0,0.11131228223521872,1.0,2,2.952619565582863e+27,2.8914768128948757e+27
2012-12-14,0.11578131800441405,0.0,0.11578131800441405,1.0,2,3.2944777504516677e+27,3.226255809271047e+27
2012-12-17,0.12240822959802838,0.0,0.12240822959802838,1.0,2,3.697748939334552e+27,3.62117607111427e+27
2012-12-18,0.12540694434665778,0.0,0.12540694434665778,1.0,2,4.1614723347775926e+27,4.075296697133946e+27
2012-12-19,0.11774206499710343,0.0,0.11774206499710343,1.0,2,4.651452680902624e+27,4.555130545730372e+27
2012-12-20,0.11869903389922382,0.0,0.11869903389922382,1.0,2,5.203575620353719e+27,5.095820140793412e+27
2012-12-21,0.09590959090086887,0.0,0.09590959090086887,1.0,2,5.70264842932358e+27,5.584558165801316e+27
2012-12-24,0.10633384551191372,0.0,0.10633384551191372,1.0,2,6.30903296641603e+27,6.178385711055929e+27
2012-12-26,0.11097348441839194,0.0,0.11097348441839194,1.0,2,7.009168338009721e+27,6.864022701492609e+27
2012-12-27,0.11312592183372394,0.0,0.11312592183372394,1.0,2,7.802086967534821e+27,7.640521597086569e+27
2012-12-28,0.09737625568342057,0.0,0.09737625568342057,1.0,2,8.561824982949775e+27,8.384526981679167e+27
2012-12-31,0.12268311882001343,0.0,0.12268311882001343,1.0,2,9.612216374649162e+27,9.413166901622121e+27
2013-01-02,0.1589768864481319,0.0005,0.1584768864481319,1.0,2,1.1140336605756635e+28,1.0904936283807803e+28
2013-01-03,0.09135048620816766,0.0,0.09135048620816766,1.0,2,1.2158011771215152e+28,1.1901107515402736e+28
2013-01-04,0.10370837265849814,0.0,0.10370837265849814,1.0,2,1.341889938677074e+28,1.3135352008658977e+28
2013-01-07,0.09083382077993618,0.0,0.09083382077993618,1.0,2,1.4637789288732669e+28,1.432848621889488e+28
2013-01-08,0.09493511905582314,0.0,0.09493511905582314,1.0,2,1.602742955757256e+28,1.568876276397539e+28
2013-01-09,0.10363822461048722,0.0,0.10363822461048722,1.0,2,1.7688483901989027e+28,1.731471828316892e+28
2013-01-10,0.10930791338467177,0.0,0.10930791338467177,1.0,2,1.9621975168253803e+28,1.920735400954554e+28
2013-01-11,0.09885045922850266,0.0,0.09885045922850266,1.0,2,2.156161642460597e+28,2.1106009773953536e+28
2013-01-14,0.0987084373132936,0.0,0.0987084373132936,1.0,2,2.368992988782747e+28,2.318935101665959e+28
2013-01-15,0.0955305796886371,0.0,0.0955305796886371,1.0,2,2.59530426227948e+28,2.540464316188437e+28
2013-01-16,0.09168025543106645,0.0,0.09168025543106645,1.0,2,2.8332424199665983e+28,2.7733747336101024e+28
2013-01-17,0.10897762803529765,0.0,0.10897762803529765,1.0,2,3.1420024585435446e+28,3.075610533731957e+28
2013-01-18,0.09940724293056846,0.0,0.09940724293056846,1.0,2,3.4543402602284255e+28,3.3813484972184645e+28
2013-01-22,0.10091373471671272,0.0,0.10091373471671272,1.0,2,3.802930636870377e+28,3.7225730024515235e+28
2013-01-23,0.09529160542792703,0.0,0.09529160542792703,1.0,2,4.165318002588804e+28,4.077302960177788e+28
2013-01-24,0.10324041320885907,0.0,0.10324041320885907,1.0,2,4.595347154322372e+28,4.498245402564247e+28
2013-01-25,0.10986449848688379,0.0,0.10986449848688379,1.0,2,5.100212664805128e+28,4.992442877787898e+28
2013-01-28,0.09584327651002195,0.0,0.09584327651002195,1.0,2,5.589033757497961e+28,5.4709349609842135e+28
2013-01-29,0.10235948313753535,0.0,0.10235948313753535,1.0,2,6.16112436415369e+28,6.03093703586963e+28
2013-01-30,0.09410000795394646,0.0,0.09410000795394646,1.0,2,6.740886215825805e+28,6.598448258914712e+28
2013-01-31,0.09920947050407797,0.0,0.09920947050407797,1.0,2,7.409645968026122e+28,7.2530768168301965e+28
2013-02-01,0.1082882918272795,0.0,0.1082882918272795,1.0,2,8.21202387294856e+28,8.03850011581678e+28
2013-02-04,0.08150337767186988,0.0,0.08150337767186988,1.0,2,8.8813315561159e+28,8.693665026671566e+28
2013-02-05,0.10558534246706602,0.0,0.10558534246706602,1.0,2,9.819069990031957e+28,9.61158862580664e+28
2013-02-06,0.0969237887926152,0.0,0.0969237887926152,1.0,2,1.077077145588572e+29,1.0543180211735823e+29
2013-02-07,0.09334752054800027,0.0,0.09334752054800027,1.0,2,1.1776196265681827e+29,1.1527359943192103e+29
2013-02-08,0.10538058814743251,0.0,0.10538058814743251,1.0,2,1.3017178754298978e+29,1.2742119913792841e+29
2013-02-11,0.0969947894678791,0.0,0.0969947894678791,1.0,2,1.4279777267037956e+29,1.3978039152205648e+29
2013-02-12,0.10132811600733543,0.0,0.10132811600733543,1.0,2,1.5726720194511289e+29,1.5394407524975418e+29
2013-02-13,0.10387818715410135,0.0,0.10387818715410135,1.0,2,1.736038337819692e+29,1.6993550670981322e+29
2013-02-14,0.0933071562821694,0.0,0.0933071562821694,1.0,2,1.8980231383184718e+29,1.857917055922754e+29
2013-02-15,0.09780673955768704,0.0,0.09780673955768704,1.0,2,2.08366259308245e+29,2.0396338655311755e+29
2013-02-19,0.11048469364761498,0.0,0.11048469364761498,1.0,2,2.3138754163441596e+29,2.264982188317688e+29
2013-02-20,0.08866005901097457,0.0,0.08866005901097457,1.0,2,2.519023747301276e+29,2.4657956427927404e+29
2013-02-21,0.0841053657429956,0.0,0.0841053657429956,1.0,2,2.730887160883341e+29,2.6731822871773084e+29
2013-02-22,0.11316255223058075,0.0,0.11316255223058075,1.0,2,3.0399213218626245e+29,2.975686417371874e+29
2013-02-25,0.08495037862015986,0.0,0.08495037862015986,1.0,2,3.2981637891303506e+29,3.228472105182482e+29
2013-02-26,0.1076987512183602,0.0,0.1076987512183602,1.0,2,3.653371910533304e+29,3.5761745192539455e+29
2013-02-27,0.10684632367289443,0.0,0.10684632367289443,1.0,2,4.0437212681836065e+29,3.9582756194489104e+29
2013-02-28,0.09906575335590434,0.0,0.09906575335590434,1.0,2,4.444315561977508e+29,4.3504051756799255e+29
2013-03-01,0.0958726110362304,0.0,0.0958726110362304,1.0,2,4.8704036991732436e+29,4.767489878937891e+29
2013-03-04,0.09961401794885627,0.0,0.09961401794885627,1.0,2,5.355564180680863e+29,5.242398701309401e+29
2013-03-05,0.1110510615758657,0.0,0.1110510615758657,1.0,2,5.9503052682831545e+29,5.82457264229375e+29
2013-03-06,0.10297625780024233,0.0,0.10297625780024233,1.0,2,6.563045437580021e+29,6.42436533628283e+29
2013-03-07,0.1025905585744824,0.0,0.1025905585744824,1.0,2,7.236351934971063e+29,7.083444564618628e+29
2013-03-08,0.1046926414806198,0.0,0.1046926414806198,1.0,2,7.993944733726578e+29,7.825029086870091e+29
2013-03-11,0.09822039515187536,0.0,0.09822039515187536,1.0,2,8.779113144295455e+29,8.59360653585739e+29
2013-03-12,0.09543173388172854,0.0,0.09543173388172854,1.0,2,9.616919133599445e+29,9.413709307871616e+29
2013-03-13,0.09813719871717091,0.0,0.09813719871717091,1.0,2,1.0560696637660456e+30,1.0337544368883894e+30
2013-03-14,0.10854167461759096,0.0,0.10854167461759096,1.0,2,1.1706972335840484e+30,1.1459598746116198e+30
2013-03-15,0.09880757226431114,0.0,0.09880757226431114,1.0,2,1.2863709850910335e+30,1.2591893877343084e+30
2013-03-18,0.08571971513893195,0.0,0.08571971513893195,1.0,2,1.3966383394960242e+30,1.3671267433568593e+30
2013-03-19,0.09740332430244147,0.0,0.09740332430244147,1.0,2,1.5326755566111787e+30,1.500289432902588e+30
2013-03-20,0.10892631169405231,0.0,0.10892631169405231,1.0,2,1.699624252016463e+30,1.6637104273022283e+30
2013-03-21,0.08749331380587438,0.0,0.08749331380587438,1.0,2,1.848330010050214e+30,1.8092739658002878e+30
2013-03-22,0.10385760409063988,0.0,0.10385760409063988,1.0,2,2.0402931364628575e+30,1.9971808250318758e+30
2013-03-25,0.09233134203218579,0.0,0.09233134203218579,1.0,2,2.2286761398915307e+30,2.181583210888017e+30
2013-03-26,0.10163867700615709,0.0,0.10163867700615709,1.0,2,2.4551958342252948e+30,2.4033164422215192e+30
2013-03-27,0.0892096990345348,0.0,0.0892096990345348,1.0,2,2.674223115667377e+30,2.61771557871685e+30
2013-03-28,0.09918554061161305,0.0,0.09918554061161305,1.0,2,2.939467381110918e+30,2.8773551135593226e+30
2013-04-01,0.1488271088503313,0.0005,0.1483271088503313,1.0,2,3.376939813001511e+30,3.3041448786892933e+30
2013-04-02,0.04183617840633863,0.0,0.04183617840633863,1.0,2,3.5182180694857097e+30,3.4423776733145286e+30
2013-04-03,0.030685781572811766,0.0,0.030685781572811766,1.0,2,3.626177340691468e+30,3.5480097226889825e+30
2013-04-04,0.04624361791333231,0.0,0.04624361791333231,1.0,2,3.793864900120387e+30,3.7120825286578e+30
2013-04-05,0.03258637139833159,0.0,0.03258637139833159,1.0,2,3.9174931907908046e+30,3.833045828597901e+30
2013-04-08,0.04731730658278027,0.0,0.04731730658278027,1.0,2,4.1028584171354076e+30,4.014415233215515e+30
2013-04-09,0.04134156881451706,0.0,0.04134156881451706,1.0,2,4.272477020723632e+30,4.18037745682954e+30
2013-04-10,0.05412029052724543,0.0,0.05412029052724543,1.0,2,4.5037047183561754e+30,4.406620699306703e+30
2013-04-11,0.04230943197489795,0.0,0.04230943197489795,1.0,2,4.694253906772493e+30,4.5930623180231974e+30
2013-04-12,0.036489462431685715,0.0,0.036489462431685715,1.0,2,4.8655447083484623e+30,4.7606606929230965e+30
2013-04-15,0.013035101200883081,0.0,0.013035101200883081,1.0,2,4.9289675760192057e+30,4.822716386838415e+30
2013-04-16,0.05667218299823834,0.0,0.05667218299823834,1.0,2,5.208302928479749e+30,5.096030252461925e+30
2013-04-17,0.024267530096428402,0.0,0.024267530096428402,1.0,2,5.334695576547947e+30,5.219698319985855e+30
2013-04-18,0.03617972204497816,0.0,0.03617972204497816,1.0,2,5.527703379702026e+30,5.408545554361582e+30
2013-04-19,0.05004124743213634,0.0,0.05004124743213634,1.0,2,5.804316552257151e+30,5.679195920695372e+30
2013-04-22,0.04407340856989145,0.0,0.04407340856989145,1.0,2,6.060132567133764e+30,5.92949744285664e+30
2013-04-23,0.05376002859542539,0.0,0.05376002859542539,1.0,2,6.385925467234945e+30,6.248267394941114e+30
2013-04-24,0.042963654363485815,0.0,0.042963654363485815,1.0,2,6.660288161800209e+30,6.516715795668003e+30
2013-04-25,0.045976474261886,0.0,0.045976474261886,1.0,2,6.966504729047961e+30,6.816331411719558e+30
2013-04-26,0.036678580202329725,0.0,0.036678580202329725,1.0,2,7.222026231482256e+30,7.066344770089973e+30
2013-04-29,0.047567415332855745,0.0,0.047567415332855745,1.0,2,7.565559352779952e+30,7.402472526653997e+30
2013-04-30,0.04379805291016253,0.0,0.04379805291016253,1.0,2,7.896916121607983e+30,7.726686410042413e+30
2013-05-01,-0.03789725999809296,0.0005,-0.03839725999809296,1.0,2,7.597644638164273e+30,7.430002823032283e+30
2013-05-02,0.10411069395019895,0.0,0.10411069395019895,1.0,2,8.388640693830565e+30,8.203545572990111e+30
2013-05-03,0.11272524295540887,0.0,0.11272524295540887,1.0,2,9.334252254108245e+30,9.12829224080119e+30
2013-05-06,0.09767000711103585,0.0,0.09767000711103585,1.0,2,1.02459287381432e+31,1.0019852608871856e+31
2013-05-07,0.10178389188878545,0.0,0.10178389188878545,1.0,2,1.1288799241126568e+31,1.1039712203554834e+31
2013-05-08,0.1025730734481089,0.0,0.1025730734481089,1.0,2,1.24467260748276e+31,1.2172089414256048e+31
2013-05-09,0.0890937090763066,0.0,0.0890937090763066,1.0,2,1.3555651066690769e+31,1.3256546007380568e+31
2013-05-10,0.09876900083423862,0.0,0.09876900083423862,1.0,2,1.4894529178205396e+31,1.4565881811042662e+31
2013-05-13,0.09558592730358995,0.0,0.09558592730358995,1.0,2,1.6318236561454537e+31,1.595817513094567e+31
2013-05-14,0.1027584000823426,0.0,0.1027584000823426,1.0,2,1.799507244267479e+31,1.7598011675635474e+31
2013-05-15,0.09704891814417166,0.0,0.09704891814417166,1.0,2,1.9741474755162374e+31,1.9305879670244398e+31
2013-05-16,0.09013363003737135,0.0,0.09013363003737135,1.0,2,2.1520845537136287e+31,2.1045988685988215e+31
2013-05-17,0.10485937943554696,0.0,0.10485937943554696,1.0,2,2.377750804508866e+31,2.3252857999208485e+31
2013-05-20,0.09805334695680495,0.0,0.09805334695680495,1.0,2,2.610897229120196e+31,2.5532878552342195e+31
2013-05-21,0.0951693190927494,0.0,0.0951693190927494,1.0,2,2.859374540636711e+31,2.7962825218646467e+31
2013-05-22,0.0877670094859434,0.0,0.0877670094859434,1.0,2,3.1103332930686387e+31,3.0417038764865193e+31
2013-05-23,0.07928828106174746,0.0,0.07928828106174746,1.0,2,3.3569462734051754e+31,3.2828753483519893e+31
2013-05-24,0.08727565176723695,0.0,0.08727565176723695,1.0,2,3.6499259473642094e+31,3.5693904340500046e+31
2013-05-28,0.10761327423888312,0.0,0.10761327423888312,1.0,2,4.0427064292895295e+31,3.953504225695074e+31
2013-05-29,0.08516390779875205,0.0,0.08516390779875205,1.0,2,4.386999106890965e+31,4.290200095054146e+31
2013-05-30,0.10127202846604694,0.0,0.10127202846604694,1.0,2,4.8312794053245495e+31,4.724677361205507e+31
2013-05-31,0.07899677590897947,0.0,0.07899677590897947,1.0,2,5.21293490186064e+31,5.097911639950886e+31
2013-06-03,0.1657135645430015,0.0005,0.1652135645430015,1.0,2,6.076788926178588e+31,5.9401557937124305e+31
2013-06-04,0.034128492813004674,0.0,0.034128492813004674,1.0,2,6.28418057337182e+31,6.142884358026272e+31
2013-06-05,0.028629209577144044,0.0,0.028629209577144044,1.0,2,6.464091696027499e+31,6.318750281720367e+31
2013-06-06,0.04833057830266607,0.0,0.04833057830266607,1.0,2,6.77650498589797e+31,6.624139136986048e+31
2013-06-07,0.051146070737972116,0.0,0.051146070737972116,1.0,2,7.123096589262928e+31,6.962937825864506e+31
2013-06-10,0.044539474526848255,0.0,0.044539474526848255,1.0,2,7.4403555683526845e+31,7.273063417791626e+31
2013-06-11,0.027776473226446163,0.0,0.027776473226446163,1.0,2,7.647022405592273e+31,7.4750834690901615e+31
2013-06-12,0.035715884899588046,0.0,0.035715884899588046,1.0,2,7.920142577654978e+31,7.742062689886999e+31
2013-06-13,0.05381823921434803,0.0,0.05381823921434803,1.0,2,8.346390705510956e+31,8.158726871743815e+31
2013-06-14,0.034145141084003294,0.0,0.034145141084003294,1.0,2,8.631379393692841e+31,8.437307751845355e+31
2013-06-17,0.04943760884040638,0.0,0.04943760884040638,1.0,2,9.05809415191137e+31,8.854428072147214e+31
2013-06-18,0.049019909228302294,0.0,0.049019909228302294,1.0,2,9.502121105019482e+31,9.288471332512403e+31
2013-06-19,0.02961778123091985,0.0,0.02961778123091985,1.0,2,9.783552849137656e+31,9.563575244408427e+31
2013-06-20,0.014341315945425204,0.0,0.014341315945425204,1.0,2,9.923861871615904e+31,9.700729498556336e+31
2013-06-21,0.04325170563296732,0.0,0.04325170563296732,1.0,2,1.0353085824029263e+32,1.0120302595252938e+32
2013-06-24,0.02445306522286861,0.0,0.02445306522286861,1.0,2,1.0606250506942208e+32,1.0367775014689825e+32
2013-06-25,0.0508124968463714,0.0,0.0508124968463714,1.0,2,1.1145180577378035e+32,1.089458754992764e+32
2013-06-26,0.048713286965029357,0.0,0.048713286965029357,1.0,2,1.1688098957120922e+32,1.14252987196129e+32
2013-06-27,0.050534685962155435,0.0,0.050534685962155435,1.0,2,1.2278753367413624e+32,1.2002672602432353e+32
2013-06-28,0.034329174629673664,0.0,0.034329174629673664,1.0,2,1.2700272835998261e+32,1.2414714446224054e+32
2013-07-01,0.05079975813702736,0.0,0.05079975813702736,1.0,2,1.3345443624341232e+32,1.3045378937432496e+32
2013-07-02,0.03756426685817138,0.0,0.03756426685817138,1.0,2,1.3846755429986666e+32,1.3535419033104176e+32
2013-07-03,0.037996744608707334,0.0,0.037996744608707334,1.0,2,1.43728870597191e+32,1.4049720893276871e+32
2013-07-05,0.052361339232538606,0.0,0.052361339232538606,1.0,2,1.5125470674804016e+32,1.4785383095092226e+32
2013-07-08,0.04445976987153977,0.0,0.04445976987153977,1.0,2,1.5797945620204525e+32,1.544273782496258e+32
2013-07-09,0.04781578997534852,0.0,0.04781578997534852,1.0,2,1.6553336870022203e+32,1.6181144533445363e+32
2013-07-10,0.039721001376603005,0.0,0.039721001376603005,1.0,2,1.721085198662373e+32,1.6823875797733357e+32
2013-07-11,0.05345226290891342,0.0,0.05345226290891342,1.0,2,1.8130810971899135e+32,1.7723150030020704e+32
2013-07-12,0.03953589410245151,0.0,0.03953589410245151,1.0,2,1.8847628794475707e+32,1.8423850612769462e+32
2013-07-15,0.044835988332695365,0.0,0.044835988332695365,1.0,2,1.9692680859203795e+32,1.9249902163886918e+32
2013-07-16,0.035139869337789065,0.0,0.035139869337789065,1.0,2,2.0384679091507e+32,1.9926341210691128e+32
2013-07-17,0.04302629655655793,0.0,0.04302629655655793,1.0,2,2.1261756339308447e+32,2.0783697876909488e+32
2013-07-18,0.04447724397699154,0.0,0.04447724397699154,1.0,2,2.2207420663391216e+32,2.1708099478124874e+32
2013-07-19,0.03931107573383724,0.0,0.03931107573383724,1.0,2,2.3080418258942972e+32,2.2561468220747116e+32
2013-07-22,0.0408152504106607,0.0,0.0408152504106607,1.0,2,2.4022451309764514e+32,2.3482320195809074e+32
2013-07-23,0.03843307095566312,0.0,0.03843307095566312,1.0,2,2.4945707885481654e+32,2.4384817874098204e+32
2013-07-24,0.0351757862367828,0.0,0.0351757862367828,1.0,2,2.582319277358658e+32,2.524257301506036e+32
2013-07-25,0.04282206909591285,0.0,0.04282206909591285,1.0,2,2.6928995318814187e+32,2.6323512220869903e+32
2013-07-26,0.03542307543748413,0.0,0.03542307543748413,1.0,2,2.7882903151448195e+32,2.7255971980049312e+32
2013-07-29,0.03333007687760492,0.0,0.03333007687760492,1.0,2,2.8812242457056778e+32,2.8164415621518204e+32
2013-07-30,0.04008787628707239,0.0,0.04008787628707239,1.0,2,2.9967264068228407e+32,2.9293467230651316e+32
2013-07-31,0.04070671313020158,0.0,0.04070671313020158,1.0,2,3.118713288995078e+32,3.0485907997798402e+32
2013-08-01,0.052256118548704766,0.0,0.052256118548704766,1.0,2,3.281685140344226e+32,3.207898322019626e+32
2013-08-02,0.03854832051006768,0.0,0.03854832051006768,1.0,2,3.408188590947341e+32,3.331557414700547e+32
2013-08-05,0.03874458206556497,0.0,0.03874458206556497,1.0,2,3.540237433504222e+32,3.460637214360554e+32
2013-08-06,0.031105196962434856,0.0,0.031105196962434856,1.0,2,3.650357216167156e+32,3.5682810165287714e+32
2013-08-07,0.03299575609051053,0.0,0.03299575609051053,1.0,2,3.770803512515043e+32,3.686019146612554e+32
2013-08-08,0.04377387017169454,0.0,0.04377387017169454,1.0,2,3.935866175914846e+32,3.847370470186752e+32
2013-08-09,0.03630417091378613,0.0,0.03630417091378613,1.0,2,4.078754534259048e+32,3.9870460653050655e+32
2013-08-12,0.03808983277699318,0.0,0.03808983277699318,1.0,2,4.234113612407378e+32,4.138911983206704e+32
2013-08-13,0.03971103468225806,0.0,0.03971103468225806,1.0,2,4.402254644918308e+32,4.3032724605186385e+32
2013-08-14,0.03477828138436795,0.0,0.03477828138436795,1.0,2,4.5553574956849186e+32,4.452932881024157e+32
2013-08-15,0.02134956447595443,0.0,0.02134956447595443,1.0,2,4.6526123942500664e+32,4.54800105867468e+32
2013-08-16,0.034520111986071134,0.0,0.034520111986071134,1.0,2,4.813221095127361e+32,4.704998564532901e+32
2013-08-19,0.03138044457815725,0.0,0.03138044457815725,1.0,2,4.9642621129454234e+32,4.852643511227536e+32
2013-08-20,0.04717134710086457,0.0,0.04717134710086457,1.0,2,5.198433044174843e+32,5.081549242652408e+32
2013-08-21,0.03221223966199677,0.0,0.03221223966199677,1.0,2,5.365886215260647e+32,5.245237324710966e+32
2013-08-22,0.04916821505892943,0.0,0.04916821505892943,1.0,2,5.6297172626743275e+32,5.503136281527478e+32
2013-08-23,0.04208696698837294,0.0,0.04208696698837294,1.0,2,5.8666549872623754e+32,5.7347465965406425e+32
2013-08-26,0.0376414029970521,0.0,0.0376414029970521,1.0,2,6.087484111882583e+32,5.950610504267001e+32
2013-08-27,0.017878909815779165,0.0,0.017878909815779165,1.0,2,6.196321691323921e+32,6.057000932821619e+32
2013-08-28,0.04048864011044867,0.0,0.04048864011044867,1.0,2,6.447202330292502e+32,6.302240663739286e+32
2013-08-29,0.0428185574239065,0.0,0.0428185574239065,1.0,2,6.723262233495676e+32,6.572093517498885e+32
2013-08-30,0.03118823020597178,0.0,0.03118823020597178,1.0,2,6.932948883769055e+32,6.777065483057815e+32
2013-09-03,0.04793009664108222,0.0,0.04793009664108222,1.0,2,7.26524579377579e+32,7.10189088660372e+32
2013-09-04,0.04580953241941693,0.0,0.04580953241941693,1.0,2,7.598063306500794e+32,7.427225187412754e+32
2013-09-05,0.03998937892336235,0.0,0.03998937892336235,1.0,2,7.901905139148149e+32,7.724235309781343e+32
2013-09-06,0.04162633892526951,0.0,0.04162633892526951,1.0,2,8.230832520625659e+32,8.045766946724835e+32
2013-09-09,0.04989357470012895,0.0,0.04989357470012895,1.0,2,8.641498177837746e+32,8.44719902090108e+32
2013-09-10,0.04803239639757623,0.0,0.04803239639757623,1.0,2,9.056570043784581e+32,8.852938232722218e+32
2013-09-11,0.0394397130279468,0.0,0.0394397130279468,1.0,2,9.413758567328944e+32,9.20209557607492e+32
2013-09-12,0.034144144737760174,0.0,0.034144144737760174,1.0,2,9.735183302378152e+32,9.516293259315125e+32
2013-09-13,0.04256477960391919,0.0,0.04256477960391919,1.0,2,1.0149559234047633e+33,9.921352184544136e+32
2013-09-16,0.04626752163762077,0.0,0.04626752163762077,1.0,2,1.0619154185521246e+33,1.0380388561416988e+33
2013-09-17,0.044753320317195144,0.0,0.044753320317195144,1.0,2,1.109439659428356e+33,1.0844945415723029e+33
2013-09-18,0.047095752632838994,0.0,0.047095752632838994,1.0,2,1.161689555189855e+33,1.1355696282338563e+33
2013-09-19,0.038483091184596585,0.0,0.038483091184596585,1.0,2,1.2063949602704197e+33,1.1792698577836382e+33
2013-09-20,0.034064178845057025,0.0,0.034064178845057025,1.0,2,1.2474898139548468e+33,1.219440717125765e+33
2013-09-23,0.03556798875774603,0.0,0.03556798875774603,1.0,2,1.2918605176329955e+33,1.262813770843232e+33
2013-09-24,0.03768024061205033,0.0,0.03768024061205033,1.0,2,1.3405381327746146e+33,1.3103968975768155e+33
2013-09-25,0.03537672123635821,0.0,0.03537672123635821,1.0,2,1.3879619766044905e+33,1.3567544433313792e+33
2013-09-26,0.04172786388194433,0.0,0.04172786388194433,1.0,2,1.445878665037557e+33,1.413368908063934e+33
2013-09-27,0.031163333998820764,0.0,0.031163333998820764,1.0,2,1.4909370647978915e+33,1.4574141954094793e+33
2013-09-30,0.03144184726638016,0.0,0.03144184726638016,1.0,2,1.5378148802730522e+33,1.5032379899453986e+33
2013-10-01,0.09492440617295012,0.0005,0.09442440617295011,1.0,2,1.6837910445868982e+33,1.645180344482612e+33
2013-10-02,0.015236395336446051,0.0,0.015236395336446051,1.0,2,1.7094459506061916e+33,1.6702469626108997e+33
2013-10-03,0.008917483379563385,0.0,0.008917483379563385,1.0,2,1.7246899064589843e+33,1.6851413621397485e+33
2013-10-04,0.02574880756071768,0.0,0.02574880756071768,1.0,2,1.769098614962309e+33,1.7285317427860907e+33
2013-10-07,0.0077623885038711204,0.0,0.0077623885038711204,1.0,2,1.7828310457133065e+33,1.7419492777148699e+33
2013-10-08,0.003531067239106289,0.0,0.003531067239106289,1.0,2,1.7891263420116864e+33,1.7481002177415935e+33
2013-10-09,0.01649855995343158,0.0,0.01649855995343158,1.0,2,1.81864435022963e+33,1.77694135398861e+33
2013-10-10,0.04194650924806187,0.0,0.04194650924806187,1.0,2,1.8949301322854724e+33,1.8514778409269566e+33
2013-10-11,0.02798497008853129,0.0,0.02798497008853129,1.0,2,1.947959695357338e+33,1.9032913929248758e+33
2013-10-14,0.022759045332205574,0.0,0.022759045332205574,1.0,2,1.992293398369285e+33,1.9466084880168495e+33
2013-10-15,0.012633396495200455,0.0,0.012633396495200455,1.0,2,2.0174628308056542e+33,1.9712007648668887e+33
2013-10-16,0.030955561805830756,0.0,0.030955561805830756,1.0,2,2.079914526155625e+33,2.0322203919754266e+33
2013-10-17,0.024103482393353082,0.0,0.024103482393353082,1.0,2,2.1300477093164963e+33,2.0812039804128192e+33
2013-10-18,0.03321225883964041,0.0,0.03321225883964041,1.0,2,2.2007914051790988e+33,2.1503254657083797e+33
2013-10-21,0.019602269464031374,0.0,0.019602269464031374,1.0,2,2.2439319113375438e+33,2.1924767249225642e+33
2013-10-22,0.021875793104242536,0.0,0.021875793104242536,1.0,2,2.2930197015699716e+33,2.2404388921428376e+33
2013-10-23,0.013545044335905532,0.0,0.013545044335905532,1.0,2,2.3240787550908417e+33,2.2707857362687995e+33
2013-10-24,0.023403533654640707,0.0,0.023403533654640707,1.0,2,2.3784704104516457e+33,2.3239301466700447e+33
2013-10-25,0.023957009959292452,0.0,0.023957009959292452,1.0,2,2.4354514497627184e+33,2.379604564338519e+33
2013-10-28,0.018981081737192096,0.0,0.018981081737192096,1.0,2,2.4816789527976275e+33,2.424772033076424e+33
2013-10-29,0.021758908019615997,0.0,0.021758908019615997,1.0,2,2.5356775768657683e+33,2.4775324247126714e+33
2013-10-30,0.01319923333834816,0.0,0.01319923333834816,1.0,2,2.5691465768736368e+33,2.5102339532897776e+33
2013-10-31,0.015119640693514236,0.0,0.015119640693514236,1.0,2,2.607991150004938e+33,2.5481877887201786e+33
2013-11-01,0.017954156124691145,0.0,0.017954156124691145,1.0,2,2.65481543028394e+33,2.5939383501138924e+33
2013-11-04,0.025597461000607558,0.0,0.025597461000607558,1.0,2,2.722771964724444e+33,2.660336585868913e+33
2013-11-05,0.016977324259731252,0.0,0.016977324259731252,1.0,2,2.768997347254877e+33,2.705501982727236e+33
2013-11-06,0.018675525114719593,0.0,0.018675525114719593,1.0,2,2.8207098267561276e+33,2.7560286529535825e+33
2013-11-07,0.004165741075496443,0.0,0.004165741075496443,1.0,2,2.832460173543502e+33,2.7675095547184366e+33
2013-11-08,0.03337453720369399,0.0,0.03337453720369399,1.0,2,2.9269922209834113e+33,2.859873905313966e+33
2013-11-11,0.018411656764173556,0.0,0.018411656764173556,1.0,2,2.980882997107564e+33,2.912528922047424e+33
2013-11-12,0.019263183085277802,0.0,0.019263183085277802,1.0,2,3.038304292036639e+33,2.9686334999139905e+33
2013-11-13,0.026711601128561357,0.0,0.026711601128561357,1.0,2,3.119462264392717e+33,3.047930453860578e+33
2013-11-14,0.019617069882153282,0.0,0.019617069882153282,1.0,2,3.180656973628049e+33,3.1077219185699036e+33
2013-11-15,0.021757706593259263,0.0,0.021757706593259263,1.0,2,3.2498607748340524e+33,3.175338820247588e+33
2013-11-18,0.012316290181561662,0.0,0.012316290181561662,1.0,2,3.2898870031865834e+33,3.214447214582535e+33
2013-11-19,0.01508371221206073,0.0,0.01508371221206073,1.0,2,3.3395107119528484e+33,3.262933011288158e+33
2013-11-20,0.01887396507018424,0.0,0.01887396507018424,1.0,2,3.402540520481753e+33,3.324517494969562e+33
2013-11-21,0.032324436640141674,0.0,0.032324436640141674,1.0,2,3.5125257259515797e+33,3.431980650094748e+33
2013-11-22,0.023655948266841753,0.0,0.023655948266841753,1.0,2,3.5956178528106406e+33,3.513167406806191e+33
2013-11-25,0.02136774935543334,0.0,0.02136774935543334,1.0,2,3.67244811386742e+33,3.5882358873985035e+33
2013-11-26,0.024499066904419664,0.0,0.024499066904419664,1.0,2,3.7624196659120675e+33,3.676144318472719e+33
2013-11-27,0.024719302179607328,0.0,0.024719302179607328,1.0,2,3.855424054560245e+33,3.7670160407368927e+33
2013-11-29,0.02303059022747922,0.0,0.02303059022747922,1.0,2,3.944216746113988e+33,3.8537726435514453e+33
2013-12-02,0.01381166321931232,0.0,0.01381166321931232,1.0,2,3.9986929394752863e+33,3.906999653427977e+33
2013-12-03,0.016140166150685364,0.0,0.016140166150685364,1.0,2,4.0632325079039895e+33,3.970059276984974e+33
2013-12-04,0.017068112056372098,0.0,0.017068112056372098,1.0,2,4.1325842156599884e+33,4.0378206935949933e+33
2013-12-05,0.01872598501123235,0.0,0.01872598501123235,1.0,2,4.209970925740093e+33,4.1134328633812975e+33
2013-12-06,0.02793665574770343,0.0,0.02793665574770343,1.0,2,4.3275834342003343e+33,4.228348421226871e+33
2013-12-09,0.021340855038840645,0.0,0.021340855038840645,1.0,2,4.4199377649380916e+33,4.318584991937984e+33
2013-12-10,0.014319931188198187,0.0,0.014319931188198187,1.0,2,4.483230969588123e+33,4.380426831852921e+33
2013-12-11,0.006355009326233785,0.0,0.006355009326233785,1.0,2,4.5117219442115153e+33,4.4082644852222306e+33
2013-12-12,0.018927510234614753,0.0,0.018927510234614753,1.0,2,4.597117607486315e+33,4.491701956383163e+33
2013-12-13,0.02059722872993608,0.0,0.02059722872993608,1.0,2,4.691805490346127e+33,4.584218568965488e+33
2013-12-16,0.027642731307846446,0.0,0.027642731307846446,1.0,2,4.821499808864444e+33,4.710938891123842e+33
2013-12-17,0.0173800549584891,0.0,0.0173800549584891,1.0,2,4.9052977405248525e+33,4.7928152679576577e+33
2013-12-18,0.030419612483382208,0.0,0.030419612483382208,1.0,2,5.0545149969072286e+33,4.938610851113367e+33
2013-12-19,0.014157359180759443,0.0,0.014157359180759443,1.0,2,5.126073581202979e+33,5.0085285387865745e+33
2013-12-20,0.030678726684863378,0.0,0.030678726684863378,1.0,2,5.283334991567203e+33,5.162183816921346e+33
2013-12-23,0.029389456607472053,0.0,0.029389456607472053,1.0,2,5.438609336044606e+33,5.31389759420855e+33
2013-12-24,0.02006657015866381,0.0,0.02006657015866381,1.0,2,5.547743571851908e+33,5.42052929309869e+33
2013-12-26,0.020323997089774115,0.0,0.020323997089774115,1.0,2,5.66049589606104e+33,5.530696114676663e+33
2013-12-27,0.01709789533740358,0.0,0.01709789533740358,1.0,2,5.757278462449694e+33,5.625259377988388e+33
2013-12-30,0.016873769244543146,0.0,0.016873769244543146,1.0,2,5.854425450701648e+33,5.720178706673266e+33
2013-12-31,0.022531654849794303,0.0,0.022531654849794303,1.0,2,5.986335344300709e+33,5.84906379897117e+33
2014-01-02,0.009001816333093438,0.0,0.009001816333093438,1.0,2,6.040223235578409e+33,5.901715997010054e+33
2014-01-03,0.017514623232135873,0.0,0.017514623232135873,1.0,2,6.146015469787558e+33,6.005082329120755e+33
2014-01-06,0.013697913382216875,0.0,0.013697913382216875,1.0,2,6.230203057338473e+33,6.087339426718132e+33
2014-01-07,0.026829421793381936,0.0,0.026829421793381936,1.0,2,6.397355803022225e+33,6.250659223797036e+33
2014-01-08,0.019687721283164317,0.0,0.019687721283164317,1.0,2,6.523305161021361e+33,6.373720460431193e+33
2014-01-09,0.017565130461670908,0.0,0.017565130461670908,1.0,2,6.637887867215992e+33,6.485675691844887e+33
2014-01-10,0.022095896534473025,0.0,0.022095896534473025,1.0,2,6.78455795073743e+33,6.628982510888039e+33
2014-01-13,0.005054061885371164,0.0,0.005054061885371164,1.0,2,6.818847526485345e+33,6.662485798735111e+33
2014-01-14,0.032887950331194515,0.0,0.032887950331194515,1.0,2,7.043105445252383e+33,6.8816013007662e+33
2014-01-15,0.02575555067054608,0.0,0.02575555067054608,1.0,2,7.22450450442558e+33,7.058840731762579e+33
2014-01-16,0.01830070797287675,0.0,0.01830070797287675,1.0,2,7.356718051609805e+33,7.188022514621614e+33
2014-01-17,0.013612444566239446,0.0,0.013612444566239446,1.0,2,7.456860968276797e+33,7.285869072642783e+33
2014-01-21,0.025760217173067368,0.0,0.025760217173067368,1.0,2,7.648951326248976e+33,7.473554642248595e+33
2014-01-22,0.021708127782098796,0.0,0.021708127782098796,1.0,2,7.814995739038242e+33,7.635791521409025e+33
2014-01-23,0.012640081050961316,0.0,0.012640081050961316,1.0,2,7.913777918592602e+33,7.732308545127878e+33
2014-01-24,-0.0033164448425772597,0.0,-0.0033164448425772597,1.0,2,7.887532310629183e+33,7.706664770332171e+33
2014-01-27,0.007907887104092293,0.0,0.007907887104092293,1.0,2,7.94990602567152e+33,7.767608205285043e+33
2014-01-28,0.02199172427087731,0.0,0.02199172427087731,1.0,2,8.124738166967474e+33,7.938431303179877e+33
2014-01-29,0.004581199511108969,0.0,0.004581199511108969,1.0,2,8.161959213485873e+33,7.974798840784976e+33
2014-01-30,0.03534123675334083,0.0,0.03534123675334083,1.0,2,8.450412946420788e+33,8.256638094677426e+33
2014-01-31,0.01013483553012856,0.0,0.01013483553012856,1.0,2,8.536056491794432e+33,8.340317763798775e+33
2014-02-03,-0.006331530803068974,0.0,-0.006331530803068974,1.0,2,8.482010187179899e+33,8.2875107849699e+33
2014-02-04,0.025868151602033596,0.0,0.025868151602033596,1.0,2,8.701424112591861e+33,8.50189337035899e+33
2014-02-05,0.01235432448805951,0.0,0.01235432448805951,1.0,2,8.808924329587046e+33,8.606928519819287e+33
2014-02-06,0.02778109994846223,0.0,0.02778109994846223,1.0,2,9.053645936825745e+33,8.846038461277656e+33
2014-02-07,0.032109792711430274,0.0,0.032109792711430274,1.0,2,9.344356631139902e+33,9.13008292258662e+33
2014-02-10,0.02175332017495979,0.0,0.02175332017495979,1.0,2,9.547627412766097e+33,9.32869253962558e+33
2014-02-11,0.027292037461323082,0.0,0.027292037461323082,1.0,2,9.808201617782065e+33,9.583291565882205e+33
2014-02-12,0.02100823701943061,0.0,0.02100823701943061,1.0,2,1.0014254642102793e+34,9.78461962652457e+33
2014-02-13,0.024632127705416174,0.0,0.024632127705416174,1.0,2,1.0260927041321627e+34,1.0025635626714046e+34
2014-02-14,0.019130851483530553,0.0,0.019130851483530553,1.0,2,1.0457227312632493e+34,1.0217434572916704e+34
2014-02-18,0.025318296776179472,0.0,0.025318296776179472,1.0,2,1.0721986497189694e+34,1.0476122613725006e+34
2014-02-19,0.009864063070367579,0.0,0.009864063070367579,1.0,2,1.08277488482376e+34,1.0579459747919692e+34
2014-02-20,0.02497817083481846,0.0,0.02497817083481846,1.0,2,1.1098206208725389e+34,1.0843715300843315e+34
2014-02-21,0.019527607065978114,0.0,0.019527607065978114,1.0,2,1.1314927618706576e+34,1.1055467112373516e+34
2014-02-24,0.024044875801995325,0.0,0.024044875801995325,1.0,2,1.1586993648006943e+34,1.1321294446023582e+34
2014-02-25,0.01831585658563073,0.0,0.01831585658563073,1.0,2,1.1799219361922452e+34,1.1528653651460648e+34
2014-02-26,0.02063007935090727,0.0,0.02063007935090727,1.0,2,1.2042638193637674e+34,1.1766490691099408e+34
2014-02-27,0.022373334723534255,0.0,0.022373334723534255,1.0,2,1.2312072168898348e+34,1.2029746325852723e+34
2014-02-28,0.015355975252057175,0.0,0.015355975252057175,1.0,2,1.2501136044425493e+34,1.2214474812721043e+34
2014-03-03,0.009705411219930571,0.0,0.009705411219930571,1.0,2,1.262246471045294e+34,1.2333021313613985e+34
2014-03-04,0.036885251900843685,0.0,0.036885251900843685,1.0,2,1.3088047500907504e+34,1.278792791146511e+34
2014-03-05,0.018817327545629814,0.0,0.018817327545629814,1.0,2,1.3334329577664842e+34,1.3028562539605051e+34
2014-03-06,0.01786202661672026,0.0,0.01786202661672026,1.0,2,1.357250772749721e+34,1.326127907046508e+34
2014-03-07,0.016465494819931092,0.0,0.016465494819931092,1.0,2,1.379598578317779e+34,1.3479632592305482e+34
2014-03-10,0.01608309610548264,0.0,0.01608309610548264,1.0,2,1.4017867948398512e+34,1.3696426818754129e+34
2014-03-11,0.011632333292208807,0.0,0.011632333292208807,1.0,2,1.4180928460420455e+34,1.3855748220422224e+34
2014-03-12,0.019309548311215174,0.0,0.019309548311215174,1.0,2,1.445475578362483e+34,1.41232964600725e+34
2014-03-13,0.007274816133575335,0.0,0.007274816133575335,1.0,2,1.4559911474206435e+34,1.4226040845019504e+34
2014-03-14,0.015408424189804037,0.0,0.015408424189804037,1.0,2,1.4784256766367002e+34,1.4445241716901042e+34
2014-03-17,0.02504588745309072,0.0,0.02504588745309072,1.0,2,1.5154541597415026e+34,1.4807035615175237e+34
2014-03-18,0.029625594423998036,0.0,0.029625594423998036,1.0,2,1.560350390046165e+34,1.5245702846932114e+34
2014-03-19,0.01228220392634688,0.0,0.01228220392634688,1.0,2,1.5795149317332667e+34,1.543295367829862e+34
2014-03-20,0.01879591965961397,0.0,0.01879591965961397,1.0,2,1.6092033674912857e+34,1.5723030235746462e+34
2014-03-21,0.011319661173366136,0.0,0.011319661173366136,1.0,2,1.6274190043703268e+34,1.5901009610633705e+34
2014-03-24,0.009575379065499323,0.0,0.009575379065499323,1.0,2,1.6430021582355702e+34,1.605326780517967e+34
2014-03-25,0.019859863424676216,0.0,0.019859863424676216,1.0,2,1.675631956704577e+34,1.6372083511310293e+34
2014-03-26,0.00447131674336404,0.0,0.00447131674336404,1.0,2,1.683124237928306e+34,1.644528828243817e+34
2014-03-27,0.013250088239260216,0.0,0.013250088239260216,1.0,2,1.7054257825984935e+34,1.6663189803300544e+34
2014-03-28,0.017882357498356094,0.0,0.017882357498356094,1.0,2,1.7359228161298334e+34,1.6961166920426125e+34
2014-03-31,0.02963053205718197,0.0,0.02963053205718197,1.0,2,1.7873591327819619e+34,1.7463735320589024e+34
2014-04-01,0.031412365061375846,0.0,0.031412365061375846,1.0,2,1.8435043103566929e+34,1.801231254981461e+34
2014-04-02,0.021047203479012677,0.0,0.021047203479012677,1.0,2,1.882304920691207e+34,1.839142135717813e+34
2014-04-03,0.00914550509917822,0.0,0.00914550509917822,1.0,2,1.8995195499415967e+34,1.8559620194981337e+34
2014-04-04,-0.003152391201331761,0.0,-0.003152391201331761,1.0,2,1.893531521225603e+34,1.8501113011578617e+34
2014-04-07,0.005072817538905927,0.0,0.005072817538905927,1.0,2,1.9031370611369473e+34,1.8594965782153032e+34
2014-04-08,0.02426942940424104,0.0,0.02426942940424104,1.0,2,1.949325111688805e+34,1.904625499147727e+34
2014-04-09,0.031805368700365266,0.0,0.031805368700365266,1.0,2,2.0113241155829482e+34,1.9652028153842377e+34
2014-04-10,-0.009444420503291806,0.0,-0.009444420503291806,1.0,2,1.9923283248669714e+34,1.9466426136214961e+34
2014-04-11,0.0036050628851072575,0.0,0.0036050628851072575,1.0,2,1.999510793765897e+34,1.953660382658431e+34
2014-04-14,0.0242622432013076,0.0,0.0242622432013076,1.0,2,2.0480234109278846e+34,2.0010605659952494e+34
2014-04-15,0.02093513658078272,0.0,0.02093513658078272,1.0,2,2.0908990607563007e+34,2.0429530422507784e+34
2014-04-16,0.029583786945307833,0.0,0.029583786945307833,1.0,2,2.1527557730938594e+34,2.1033913297919935e+34
2014-04-17,0.018353487200999163,0.0,0.018353487200999163,1.0,2,2.192266348622215e+34,2.1419958956420233e+34
2014-04-21,0.022875017065565717,0.0,0.022875017065565717,1.0,2,2.2424144787592137e+34,2.1909940883092066e+34
2014-04-22,0.02556774198668771,0.0,0.02556774198668771,1.0,2,2.2997479535793424e+34,2.247012859853455e+34
2014-04-23,0.01010319954086325,0.0,0.01010319954086325,1.0,2,2.3229827660480467e+34,2.2697148791474404e+34
2014-04-24,0.022839021606382126,0.0,0.022839021606382126,1.0,2,2.3760374196330713e+34,2.3215529463126156e+34
2014-04-25,0.0009735854206927574,0.0,0.0009735854206927574,1.0,2,2.3783506950238462e+34,2.323813176414512e+34
2014-04-28,0.017014535511269913,0.0,0.017014535511269913,1.0,2,2.4188172273825827e+34,2.363351778226173e+34
2014-04-29,0.022633739711948153,0.0,0.022633739711948153,1.0,2,2.4735641069179357e+34,2.416843267222314e+34
2014-04-30,0.020108889308011524,0.0,0.020108889308011524,1.0,2,2.5233047337402188e+34,2.4654433009577003e+34
2014-05-01,-0.0022885965886562665,0.0005,-0.0027885965886562665,1.0,2,2.5175299071344404e+34,2.458568174179124e+34
2014-05-02,0.024595934709188916,0.0,0.024595934709188916,1.0,2,2.5794509083587495e+34,2.5190389564693234e+34
2014-05-05,0.027347407503498455,0.0,0.027347407503498455,1.0,2,2.6499922034849055e+34,2.5879281413290776e+34
2014-05-06,0.015634084864220577,0.0,0.015634084864220577,1.0,2,2.691422406483711e+34,2.6283880295131206e+34
2014-05-07,0.027684691875228873,0.0,0.027684691875228873,1.0,2,2.7659336065133e+34,2.7011541422387315e+34
2014-05-08,0.024329904576867678,0.0,0.024329904576867678,1.0,2,2.8332285072257197e+34,2.766872964766811e+34
2014-05-09,0.027974887872760423,0.0,0.027974887872760423,1.0,2,2.9124877570332674e+34,2.8442759257143343e+34
2014-05-12,0.038617472379292805,0.0,0.038617472379292805,1.0,2,3.0249606725455284e+34,2.9541146727146953e+34
2014-05-13,0.026735939856147917,0.0,0.026735939856147917,1.0,2,3.1058358391539184e+34,3.0330957049325595e+34
2014-05-14,0.020926501549747734,0.0,0.020926501549747734,1.0,2,3.170830117655235e+34,3.096567786902364e+34
2014-05-15,0.01810908569960118,0.0,0.01810908569960118,1.0,2,3.22825095199473e+34,3.152643798330003e+34
2014-05-16,0.030319002859341526,0.0,0.030319002859341526,1.0,2,3.3261283018389304e+34,3.248228814666056e+34
2014-05-19,0.029705018167728414,0.0,0.029705018167728414,1.0,2,3.424931003473252e+34,3.3447175106186504e+34
2014-05-20,0.021345179575989692,0.0,0.021345179575989692,1.0,2,3.4980367707777633e+34,3.416111106513763e+34
2014-05-21,0.03423242384637076,0.0,0.03423242384637076,1.0,2,3.6177830481452174e+34,3.533052869818237e+34
2014-05-22,0.02885017678627544,0.0,0.02885017678627544,1.0,2,3.7221567286585974e+34,3.6349820697077506e+34
2014-05-23,0.03092774480970717,0.0,0.03092774480970717,1.0,2,3.8372746421042847e+34,3.747403867547533e+34
2014-05-27,0.035049746231476,0.0,0.035049746231476,1.0,2,3.971770144530518e+34,3.878749422131926e+34
2014-05-28,0.023973537338274675,0.0,0.023973537338274675,1.0,2,4.0669875243894646e+34,3.9717367662292164e+34
2014-05-29,0.03151981828371747,0.0,0.03151981828371747,1.0,2,4.195178232120366e+34,4.096925187371521e+34
2014-05-30,0.026236479375316035,0.0,0.026236479375316035,1.0,2,4.305244939283167e+34,4.204414080552207e+34
2014-06-02,0.02612408111500414,0.0,0.02612408111500414,1.0,2,4.417715507296961e+34,4.314250535033618e+34
2014-06-03,0.02448504883075292,0.0,0.02448504883075292,1.0,2,4.5258834872135005e+34,4.419885170052017e+34
2014-06-04,0.027642144012242242,0.0,0.027642144012242242,1.0,2,4.650988610349685e+34,4.542060272440169e+34
2014-06-05,0.03250044687803155,0.0,0.03250044687803155,1.0,2,4.802147818610685e+34,4.689679261041429e+34
2014-06-06,0.031051936051318396,0.0,0.031051936051318396,1.0,2,4.9512638055831625e+34,4.8353028815564815e+34
2014-06-09,0.025765391906711232,0.0,0.025765391906711232,1.0,2,5.078835057967527e+34,4.9598863552874345e+34
2014-06-10,0.02619646706004819,0.0,0.02619646706004819,1.0,2,5.211882593266991e+34,5.089817854815304e+34
2014-06-11,0.023130410980010174,0.0,0.023130410980010174,1.0,2,5.3324355796288175e+34,5.207547433610575e+34
2014-06-12,0.01824903701577557,0.0,0.01824903701577557,1.0,2,5.429747393905702e+34,5.302580159487942e+34
2014-06-13,0.029096418190554862,0.0,0.029096418190554862,1.0,2,5.587733594747857e+34,5.456866249297342e+34
2014-06-16,0.026017051303510286,0.0,0.026017051303510286,1.0,2,5.73310994635276e+34,5.598837818461704e+34
2014-06-17,0.026724101698681835,0.0,0.026724101698681835,1.0,2,5.886322159608816e+34,5.748461729716701e+34
2014-06-18,0.03133969692664618,0.0,0.03133969692664618,1.0,2,6.070797712103558e+34,5.928616778120447e+34
2014-06-19,0.02618822324864606,0.0,0.02618822324864606,1.0,2,6.229781117885496e+34,6.083876717861534e+34
2014-06-20,0.02638509414721585,0.0,0.02638509414721585,1.0,2,6.394154479197452e+34,6.244400377842365e+34
2014-06-23,0.02449013574533937,0.0,0.02449013574533937,1.0,2,6.550748190369667e+34,6.397326590743973e+34
2014-06-24,0.021193853396202555,0.0,0.021193853396202555,1.0,2,6.689583787151801e+34,6.532910592635829e+34
2014-06-25,0.028609790092073484,0.0,0.028609790092073484,1.0,2,6.880971375105552e+34,6.719815793381423e+34
2014-06-26,0.02451649334156525,0.0,0.02451649334156525,1.0,2,7.0496686640068275e+34,6.884562112536402e+34
2014-06-27,0.02668809018387619,0.0,0.02668809018387619,1.0,2,7.237810857078287e+34,7.068297927072271e+34
2014-06-30,0.024901656596568456,0.0,0.024901656596568456,1.0,2,7.418044337552166e+34,7.244310254774462e+34
2014-07-01,0.03301932195981955,0.0,0.03301932195981955,1.0,2,7.662983131846018e+34,7.483512467453683e+34
2014-07-02,0.02573666439363037,0.0,0.02573666439363037,1.0,2,7.860202756964389e+34,7.676113116314087e+34
2014-07-03,0.030231015366601555,0.0,0.030231015366601555,1.0,2,8.097824667294782e+34,7.908169809889149e+34
2014-07-07,0.021172817004085187,0.0,0.021172817004085187,1.0,2,8.269278427106582e+34,8.075608042111164e+34
2014-07-08,0.015790127848606228,0.0,0.015790127848606228,1.0,2,8.399851390686316e+34,8.203122925551333e+34
2014-07-09,0.030438075455767766,0.0,0.030438075455767766,1.0,2,8.655526701133264e+34,8.452810200132203e+34
2014-07-10,0.01837070180743866,0.0,0.01837070180743866,1.0,2,8.814534801146106e+34,8.608094255753706e+34
2014-07-11,0.028081635801573857,0.0,0.028081635801573857,1.0,2,9.062061357192189e+34,8.849823623589401e+34
2014-07-14,0.03070413410678058,0.0,0.03070413410678058,1.0,2,9.340304104387292e+34,9.121549794949445e+34
2014-07-15,0.022407299072132736,0.0,0.022407299072132736,1.0,2,9.549595091878967e+34,9.325939089206227e+34
2014-07-16,0.029378963323014484,0.0,0.029378963323014484,1.0,2,9.83015229583292e+34,9.599925511660685e+34
2014-07-17,0.012886582759765897,0.0,0.012886582759765897,1.0,2,9.956829366934272e+34,9.723635746254288e+34
2014-07-18,0.03698985934607535,0.0,0.03698985934607535,1.0,2,1.0325131084750043e+35,1.0083311664840704e+35
2014-07-21,0.02231727730147881,0.0,0.02231727730147881,1.0,2,1.0555559898342529e+35,1.030834372738219e+35
2014-07-22,0.03026731262325516,0.0,0.03026731262325516,1.0,2,1.0875048329699157e+35,1.0620349589606837e+35
2014-07-23,0.028934524784946736,0.0,0.028934524784946736,1.0,2,1.1189712685132329e+35,1.0927644358032115e+35
2014-07-24,0.024334664422691832,0.0,0.024334664422691832,1.0,2,1.1462010588311363e+35,1.1193564916415348e+35
2014-07-25,0.019735263012602755,0.0,0.019735263012602755,1.0,2,1.1688216381924923e+35,1.1414472864089447e+35
2014-07-28,0.02491687662798525,0.0,0.02491687662798525,1.0,2,1.1979450227514543e+35,1.1698885876217449e+35
2014-07-29,0.022501328790648922,0.0,0.022501328790648922,1.0,2,1.2249003775815063e+35,1.1962126353802498e+35
2014-07-30,0.0275719451791428,0.0,0.0275719451791428,1.0,2,1.258673263642095e+35,1.2291945445855519e+35
2014-07-31,0.004931443218918585,0.0,0.004931443218918585,1.0,2,1.2648803393729167e+35,1.2352562476871799e+35
2014-08-01,0.020793920505279007,0.0,0.020793920505279007,1.0,2,1.2911821605985273e+35,1.2609420679052363e+35
2014-08-04,0.031134538082728203,0.0,0.031134538082728203,1.0,2,1.3313825207494213e+35,1.3002009167385458e+35
2014-08-05,0.015809584522168796,0.0,0.015809584522168796,1.0,2,1.3524311252425476e+35,1.3207565530275252e+35
2014-08-06,0.022771567130634995,0.0,0.022771567130634995,1.0,2,1.3832281014005685e+35,1.3508322495380177e+35
2014-08-07,0.02218910760932169,0.0,0.02218910760932169,1.0,2,1.4139206985907835e+35,1.3808060116851588e+35
2014-08-08,0.033087771281885,0.0,0.033087771281885,1.0,2,1.4607041832764787e+35,1.4264938051844492e+35
2014-08-11,0.029472027301737647,0.0,0.029472027301737647,1.0,2,1.5037540968457655e+35,1.4685354695566051e+35
2014-08-12,0.023420077807901618,0.0,0.023420077807901618,1.0,2,1.5389721347978443e+35,1.5029286845172842e+35
2014-08-13,0.0332256555240929,0.0,0.0332256555240929,1.0,2,1.5901054928098153e+35,1.5528644752663335e+35
2014-08-14,0.029223708950167182,0.0,0.029223708950167182,1.0,2,1.6365742729317516e+35,1.5982449347305709e+35
2014-08-15,0.027874582642668677,0.0,0.027874582642668677,1.0,2,1.682193097753453e+35,1.642795345246945e+35
2014-08-18,0.03299884424345395,0.0,0.03299884424345395,1.0,2,1.7377035257736326e+35,1.69700569296862e+35
2014-08-19,0.029866465592391367,0.0,0.029866465592391367,1.0,2,1.7896025883359282e+35,1.7476892551077597e+35
2014-08-20,0.025219700127510458,0.0,0.025219700127510458,1.0,2,1.834735828961177e+35,1.7917654540376497e+35
2014-08-21,0.026810369927512512,0.0,0.026810369927512512,1.0,2,1.883925775254887e+35,1.8398033486837362e+35
2014-08-22,0.024405582365259082,0.0,0.024405582365259082,1.0,2,1.929904080932905e+35,1.8847048208459168e+35
2014-08-25,0.02956180041011508,0.0,0.02956180041011508,1.0,2,1.98695552018411e+35,1.9404200885917453e+35
2014-08-26,0.025469117961196275,0.0,0.025469117961196275,1.0,2,2.0375615247113292e+35,1.9898408767223634e+35
2014-08-27,0.024531938831861833,0.0,0.024531938831861833,1.0,2,2.0875468594017028e+35,2.0386555313952547e+35
2014-08-28,0.022773691952381214,0.0,0.022773691952381214,1.0,2,2.135088008513878e+35,2.085083244464268e+35
2014-08-29,0.027851446267179447,0.0,0.027851446267179447,1.0,2,2.1945532974587015e+35,2.143155828410061e+35
2014-09-02,0.026079881156254203,0.0,0.026079881156254203,1.0,2,2.25178698664749e+35,2.199049077714329e+35
2014-09-03,0.02260024178271669,0.0,0.02260024178271669,1.0,2,2.3026779169888983e+35,2.248748118562733e+35
2014-09-04,0.02403046380092566,0.0,0.02403046380092566,1.0,2,2.358012335318291e+35,2.3027865788232545e+35
2014-09-05,0.028704064411571306,0.0,0.028704064411571306,1.0,2,2.4256968732745466e+35,2.368885913107899e+35
2014-09-08,0.024120962655407308,0.0,0.024120962655407308,1.0,2,2.4842070169681402e+35,2.426025721752895e+35
2014-09-09,0.01792596782874345,0.0,0.01792596782874345,1.0,2,2.5287388320342495e+35,2.4695145807927414e+35
2014-09-10,0.030011055048840385,0.0,0.030011055048840385,1.0,2,2.60462895232657e+35,2.5436273188208264e+35
2014-09-11,0.023392979905610956,0.0,0.023392979905610956,1.0,2,2.665558985069918e+35,2.603130341577365e+35
2014-09-12,0.01947020213869327,0.0,0.01947020213869327,1.0,2,2.717457957321839e+35,2.6538138155212418e+35
2014-09-15,0.019898190024571993,0.0,0.019898190024571993,1.0,2,2.7715304521404143e+35,2.7066199071123182e+35
2014-09-16,0.03085110636243671,0.0,0.03085110636243671,1.0,2,2.857035232906131e+35,2.790122125749329e+35
2014-09-17,0.025989691360262024,0.0,0.025989691360262024,1.0,2,2.9312886968147556e+35,2.862636538654992e+35
2014-09-18,0.030984351588877246,0.0,0.030984351588877246,1.0,2,3.022112776405366e+35,2.951333475639845e+35
2014-09-19,0.02368812611653026,0.0,0.02368812611653026,1.0,2,3.0937009649912334e+35,3.021245035222739e+35
2014-09-22,0.015328314755139794,0.0,0.015328314755139794,1.0,2,3.1411221871408987e+35,3.0675556300750364e+35
2014-09-23,0.018653841819719907,0.0,0.018653841819719907,1.0,2,3.1997161835562377e+35,3.1247773275716474e+35
2014-09-24,0.03156733372547832,0.0,0.03156733372547832,1.0,2,3.3007226921493713e+35,3.2234182162889098e+35
2014-09-25,0.0062337642984007235,0.0,0.0062337642984007235,1.0,2,3.321298619426613e+35,3.243512245684426e+35
2014-09-26,0.03209729646792858,0.0,0.03209729646792858,1.0,2,3.427903325872871e+35,3.3476202198315164e+35
2014-09-29,0.019460649684579057,0.0,0.019460649684579057,1.0,2,3.4946125516502866e+35,3.4127670842066714e+35
2014-09-30,0.023291149922103793,0.0,0.023291149922103793,1.0,2,3.576006096510439e+35,3.49225435401415e+35
2014-10-01,0.009843908507464694,0.0,0.009843908507464694,1.0,2,3.6112079733466235e+35,3.5266317863598604e+35
2014-10-02,0.02318136460721959,0.0,0.02318136460721959,1.0,2,3.69492070204927e+35,3.608383923634879e+35
2014-10-03,0.034189526807757276,0.0,0.034189526807757276,1.0,2,3.821248292444521e+35,3.731752862524674e+35
2014-10-06,0.022990114268509443,0.0,0.022990114268509443,1.0,2,3.9090992273361664e+35,3.817546287255953e+35
2014-10-07,0.009016564608812005,0.0,0.009016564608812005,1.0,2,3.9443458730817e+35,3.851967440002127e+35
2014-10-08,0.039568704701951285,0.0,0.039568704701951285,1.0,2,4.10041853017603e+35,4.004384802157102e+35
2014-10-09,0.00734054320275318,0.0,0.00734054320275318,1.0,2,4.130517829546157e+35,4.033779161797785e+35
2014-10-10,0.006579011584679828,0.0,0.006579011584679828,1.0,2,4.157692554197467e+35,4.060317441633292e+35
2014-10-13,0.009151497657957197,0.0,0.009151497657957197,1.0,2,4.195741667869712e+35,4.097475427190962e+35
2014-10-14,0.025658298575663263,0.0,0.025658298575663263,1.0,2,4.303397260330264e+35,4.202609675108271e+35
2014-10-15,0.013678448295264711,0.0,0.013678448295264711,1.0,2,4.362261057249675e+35,4.260094854254419e+35
2014-10-16,0.014926800350297809,0.0,0.014926800350297809,1.0,2,4.42737565712712e+35,4.323684439617205e+35
2014-10-17,0.03766334578108982,0.0,0.03766334578108982,1.0,2,4.594125437404278e+35,4.4865288617148256e+35
2014-10-20,0.03379702430813092,0.0,0.03379702430813092,1.0,2,4.7493932064868335e+35,4.6381601867133325e+35
2014-10-21,0.045907298235728144,0.0,0.045907298235728144,1.0,2,4.9674250168557666e+35,4.851085589669863e+35
2014-10-22,0.01868384511480642,0.0,0.01868384511480642,1.0,2,5.060235616490114e+35,4.9417225214659236e+35
2014-10-23,0.03783315322688635,0.0,0.03783315322688635,1.0,2,5.251680285932932e+35,5.128683466825299e+35
2014-10-24,0.030735423802384643,0.0,0.030735423802384643,1.0,2,5.41309290519571e+35,5.2863157267264584e+35
2014-10-27,0.022216731912437837,0.0,0.022216731912437837,1.0,2,5.533354139087562e+35,5.4037603860316435e+35
2014-10-28,0.035992986666826154,0.0,0.035992986666826154,1.0,2,5.7325160808385686e+35,5.598257861556804e+35
2014-10-29,0.02086332914395994,0.0,0.02086332914395994,1.0,2,5.852115450656147e+35,5.715056157955225e+35
2014-10-30,0.026016848744228216,0.0,0.026016848744228216,1.0,2,6.004369053169629e+35,5.8637439095815166e+35
2014-10-31,0.03821677058280076,0.0,0.03821677058280076,1.0,2,6.233836647769081e+35,6.0878372653302886e+35
2014-11-03,0.02531654359052138,0.0,0.02531654359052138,1.0,2,6.391655844998516e+35,6.2419602628300234e+35
2014-11-04,0.019562281666008208,0.0,0.019562281666008208,1.0,2,6.516691216950565e+35,6.3640672476395345e+35
2014-11-05,0.028022484333115494,0.0,0.028022484333115494,1.0,2,6.699305094481312e+35,6.542404222381406e+35
2014-11-06,0.026455912869888354,0.0,0.026455912869888354,1.0,2,6.87654132634971e+35,6.715489498448319e+35
2014-11-07,0.023484538814625755,0.0,0.023484538814625755,1.0,2,7.038033728038746e+35,6.87319967223384e+35
2014-11-10,0.026322942365677393,0.0,0.026322942365677393,1.0,2,7.223295484229604e+35,7.054122511073844e+35
2014-11-11,0.025260378412259532,0.0,0.025260378412259532,1.0,2,7.40575866154481e+35,7.232312315070008e+35
2014-11-12,0.022545306638999008,0.0,0.022545306638999008,1.0,2,7.572723761463762e+35,7.395367013922272e+35
2014-11-13,0.02611171035212434,0.0,0.02611171035212434,1.0,2,7.770460530899754e+35,7.588472695337465e+35
2014-11-14,0.024738177562477315,0.0,0.024738177562477315,1.0,2,7.962687563255374e+35,7.776197680302734e+35
2014-11-17,0.021631158252785776,0.0,0.021631158252785776,1.0,2,8.13492971805364e+35,7.944405842930309e+35
2014-11-18,0.029264425983022313,0.0,0.029264425983022313,1.0,2,8.372993766664709e+35,8.176894319699834e+35
2014-11-19,0.020265878099402,0.0,0.020265878099402,1.0,2,8.542679837666989e+35,8.342606263214564e+35
2014-11-20,0.02481243434537994,0.0,0.02481243434537994,1.0,2,8.754644520272702e+35,8.549606633389931e+35
2014-11-21,0.029225227069902715,0.0,0.029225227069902715,1.0,2,9.010500994293952e+35,8.799470828609098e+35
2014-11-24,0.028749789687722127,0.0,0.028749789687722127,1.0,2,9.269551002860915e+35,9.052453764294858e+35
2014-11-25,0.024133168144130468,0.0,0.024133168144130468,1.0,2,9.493254635833551e+35,9.270918153105553e+35
2014-11-26,0.027600083020733968,0.0,0.027600083020733968,1.0,2,9.755269251919525e+35,9.526796263809695e+35
2014-11-28,0.02467090234973912,0.0,0.02467090234973912,1.0,2,9.995940547029043e+35,9.761830924140003e+35
2014-12-01,0.01426997053561252,0.0,0.01426997053561252,1.0,2,1.0138582324110881e+36,9.901131963801111e+35
2014-12-02,0.02795492780247355,0.0,0.02795492780247355,1.0,2,1.0422005661000835e+36,1.0177917393011934e+36
2014-12-03,0.026074115192676106,0.0,0.026074115192676106,1.0,2,1.0693750237144495e+36,1.0443297583538871e+36
2014-12-04,0.022238903416879452,0.0,0.022238903416879452,1.0,2,1.0931567515832584e+36,1.0675545069852922e+36
2014-12-05,0.02438697369228987,0.0,0.02438697369228987,1.0,2,1.1198155365256684e+36,1.0935889306622281e+36
2014-12-08,0.016631687820645502,0.0,0.016631687820645502,1.0,2,1.1384399589458721e+36,1.1117771603611159e+36
2014-12-09,0.02143722957469768,0.0,0.02143722957469768,1.0,2,1.1628449577028041e+36,1.1356105825836825e+36
2014-12-10,0.008825060972654564,0.0,0.008825060972654564,1.0,2,1.1731071353562752e+36,1.1456324152161752e+36
2014-12-11,0.028534009765758706,0.0,0.028534009765758706,1.0,2,1.2065805858128124e+36,1.1783219017399234e+36
2014-12-12,0.009325804232315382,0.0,0.009325804232315382,1.0,2,1.2178329201466152e+36,1.1893107011181996e+36
2014-12-15,0.017376614728997597,0.0,0.017376614728997597,1.0,2,1.238994733604293e+36,1.2099768949646044e+36
2014-12-16,0.01117621829570642,0.0,0.01117621829570642,1.0,2,1.2528420092142853e+36,1.2234998608754899e+36
2014-12-17,0.040277278517898196,0.0,0.040277278517898196,1.0,2,1.3033030757583323e+36,1.2727791055385817e+36
2014-12-18,0.048540153394431906,0.0,0.048540153394431906,1.0,2,1.3665656069750766e+36,1.3345599985586522e+36
2014-12-19,0.02652770505595542,0.0,0.02652770505595542,1.0,2,1.402817456336524e+36,1.3699628125798925e+36
2014-12-22,0.025051760285933256,0.0,0.025051760285933256,1.0,2,1.4379605029775892e+36,1.4042827925612868e+36
2014-12-23,0.021834604346133213,0.0,0.021834604346133213,1.0,2,1.4693578016254716e+36,1.4349447517269456e+36
2014-12-24,0.022723405370414562,0.0,0.022723405370414562,1.0,2,1.5027466145859885e+36,1.467551583004586e+36
2014-12-26,0.0272585303022555,0.0,0.0272585303022555,1.0,2,1.5437092787162923e+36,1.5075548823000394e+36
2014-12-29,0.02211460847076957,0.0,0.02211460847076957,1.0,2,1.577847805007797e+36,1.5408938682703017e+36
2014-12-30,0.01593185636845751,0.0,0.01593185636845751,1.0,2,1.6029858496084674e+36,1.5654431680586213e+36
2014-12-31,0.013647337568738926,0.0,0.013647337568738926,1.0,2,1.624862338615986e+36,1.5868072994177933e+36
2015-01-02,0.021561392746744068,0.0,0.021561392746744068,1.0,2,1.6598966336582784e+36,1.6210210748139408e+36
2015-01-05,0.006131624501058475,0.0,0.006131624501058475,1.0,2,1.670074496526442e+36,1.6309605673530022e+36
2015-01-06,0.012378691150548904,0.0,0.012378691150548904,1.0,2,1.690747832917351e+36,1.651149724494989e+36
2015-01-07,0.035064083620389264,0.0,0.035064083620389264,1.0,2,1.750032356311757e+36,1.7090457765044638e+36
2015-01-08,0.04031376223288857,0.0,0.04031376223288857,1.0,2,1.8205827446239712e+36,1.7779438415835872e+36
2015-01-09,0.01635118251114176,0.0,0.01635118251114176,1.0,2,1.850351425357953e+36,1.807015325831881e+36
2015-01-12,0.014235577333448768,0.0,0.014235577333448768,1.0,2,1.8766922461676934e+36,1.832739232245488e+36
2015-01-13,0.02293083993656464,0.0,0.02293083993656464,1.0,2,1.9197263756747566e+36,1.8747654822255716e+36
2015-01-14,0.01378767926401614,0.0,0.01378767926401614,1.0,2,1.9461949472172323e+36,1.9006141473897463e+36
2015-01-15,0.013377867297772572,0.0,0.013377867297772572,1.0,2,1.9722308849566996e+36,1.9260403112377954e+36
2015-01-16,0.03240188495498947,0.0,0.03240188495498947,1.0,2,2.0361348831957436e+36,1.9884476478211943e+36
2015-01-20,0.02770138382631382,0.0,0.02770138382631382,1.0,2,2.0925386371172956e+36,2.04353039933202e+36
2015-01-21,0.02560108843540826,0.0,0.02560108843540826,1.0,2,2.1461099038206441e+36,2.0958470018057643e+36
2015-01-22,0.03772007399536664,0.0,0.03772007399536664,1.0,2,2.227061328194948e+36,2.174902505796845e+36
2015-01-23,0.020381225882163734,0.0,0.020381225882163734,1.0,2,2.2724515681783206e+36,2.2192296850391743e+36
2015-01-26,0.022028748179010516,0.0,0.022028748179010516,1.0,2,2.3225108315227182e+36,2.268116536922287e+36
2015-01-27,0.0008335880249388805,0.0,0.0008335880249388805,1.0,2,2.324446848739666e+36,2.270007211706631e+36
2015-01-28,0.01721277348575817,0.0,0.01721277348575817,1.0,2,2.3644570258267062e+36,2.3090803316527746e+36
2015-01-29,0.030325263151961324,0.0,0.030325263151961324,1.0,2,2.4361598073464048e+36,2.379103800349163e+36
2015-01-30,0.011729250325905605,0.0,0.011729250325905605,1.0,2,2.464734135560681e+36,2.4070089043747717e+36
2015-02-02,0.03179625145649062,0.0,0.03179625145649062,1.0,2,2.5431034419083644e+36,2.483542764756284e+36
2015-02-03,0.03362304639065955,0.0,0.03362304639065955,1.0,2,2.6286103269118952e+36,2.5670470383488714e+36
2015-02-04,0.018752861966255585,0.0,0.018752861966255585,1.0,2,2.677904293535548e+36,2.615186517119913e+36
2015-02-05,0.031024582344793716,0.0,0.031024582344793716,1.0,2,2.760985155801818e+36,2.696321586567294e+36
2015-02-06,0.018550562970539308,0.0,0.018550562970539308,1.0,2,2.812202984795244e+36,2.746339869947735e+36
2015-02-09,0.017552582226670943,0.0,0.017552582226670943,1.0,2,2.861564408923952e+36,2.794545226337377e+36
2015-02-10,0.0350878177966506,0.0,0.0350878177966506,1.0,2,2.961970459517656e+36,2.892599720063603e+36
2015-02-11,0.02375227967485455,0.0,0.02375227967485455,1.0,2,3.032324010260777e+36,2.96130555760196e+36
2015-02-12,0.03266874638196926,0.0,0.03266874638196926,1.0,2,3.131386234299942e+36,3.058047697822775e+36
2015-02-13,0.027943410329785423,0.0,0.027943410329785423,1.0,2,3.2188878447460264e+36,3.143499979451092e+36
2015-02-17,0.022663547640315196,0.0,0.022663547640315196,1.0,2,3.2918392627642596e+36,3.2147428409927115e+36
2015-02-18,0.022101395344889863,0.0,0.022101395344889863,1.0,2,3.3645935037224434e+36,3.2857931434536456e+36
2015-02-19,0.02319784718381701,0.0,0.02319784718381701,1.0,2,3.44264482965746e+36,3.362016470673117e+36
2015-02-20,0.026976383736451226,0.0,0.026976383736451226,1.0,2,3.5355149376506093e+36,3.4527115171142644e+36
2015-02-23,0.022018248473867907,0.0,0.022018248473867907,1.0,2,3.6133607840308715e+36,3.5287341772066715e+36
2015-02-24,0.023252313254798818,0.0,0.023252313254798818,1.0,2,3.697379780883763e+36,3.610785409687996e+36
2015-02-25,0.020174944998023525,0.0,0.020174944998023525,1.0,2,3.771974214599897e+36,3.683632806728117e+36
2015-02-26,0.023758221525270296,0.0,0.023758221525270296,1.0,2,3.8615896135779686e+36,3.771149370968117e+36
2015-02-27,0.018356546508203342,0.0,0.018356546508203342,1.0,2,3.9324750629152077e+36,3.840374649785675e+36
2015-03-02,0.02895621667206738,0.0,0.02895621667206738,1.0,2,4.046344662894482e+36,3.951577370246784e+36
2015-03-03,0.017361511593067258,0.0,0.017361511593067258,1.0,2,4.11659532266887e+36,4.0201827265712253e+36
2015-03-04,0.017478047917541983,0.0,0.017478047917541983,1.0,2,4.188545372975606e+36,4.090447672903512e+36
2015-03-05,0.02376431574861937,0.0,0.02376431574861937,1.0,2,4.288083287746417e+36,4.1876543629555965e+36
2015-03-06,0.009836544917673551,0.0,0.009836544917673551,1.0,2,4.33026321161706e+36,4.228846413196501e+36
2015-03-09,0.025361574532346443,0.0,0.025361574532346443,1.0,2,4.4400855048031635e+36,4.3360966166906293e+36
2015-03-10,0.004506924659791245,0.0,0.004506924659791245,1.0,2,4.460096635656343e+36,4.35563907745963e+36
2015-03-11,0.01873971438680444,0.0,0.01873971438680444,1.0,2,4.5436775727460903e+36,4.4372625097432274e+36
2015-03-12,0.03083491001029981,0.0,0.03083491001029981,1.0,2,4.6837814618175334e+36,4.5740850999232366e+36
2015-03-13,0.017009011313009748,0.0,0.017009011313009748,1.0,2,4.763447953689253e+36,4.6518857651345e+36
2015-03-16,0.03448306331534773,0.0,0.03448306331534773,1.0,2,4.927706231075683e+36,4.812297036509398e+36
2015-03-17,0.020390330416603875,0.0,0.020390330416603875,1.0,2,5.028183789323273e+36,4.910421363146667e+36
2015-03-18,0.030682146143953704,0.0,0.030682146143953704,1.0,2,5.1824592591859486e+36,5.0610836290391255e+36
2015-03-19,0.020354506844062648,0.0,0.020354506844062648,1.0,2,5.287945661646125e+36,5.164099490404776e+36
2015-03-20,0.029240182330864728,0.0,0.029240182330864728,1.0,2,5.442566156948363e+36,5.3150987010789376e+36
2015-03-23,0.019154541200747943,0.0,0.019154541200747943,1.0,2,5.546816014639427e+36,5.416906978134796e+36
2015-03-24,0.01675884610987649,0.0,0.01675884610987649,1.0,2,5.639774250628567e+36,5.507688088572872e+36
2015-03-25,0.004657162640430701,0.0,0.004657162640430701,1.0,2,5.666039596569058e+36,5.533338287774119e+36
2015-03-26,0.016940191854112774,0.0,0.016940191854112774,1.0,2,5.762023394387937e+36,5.627074099962721e+36
2015-03-27,0.023537740526139217,0.0,0.023537740526139217,1.0,2,5.897648405950585e+36,5.759522710049002e+36
2015-03-30,0.0328340999883972,0.0,0.0328340999883972,1.0,2,6.091292383407978e+36,5.948631454596195e+36
2015-03-31,0.011248410544154541,0.0,0.011248410544154541,1.0,2,6.159809740881032e+36,6.015544103373365e+36
2015-04-01,0.0366105366876609,0.0005,0.0361105366876609,1.0,2,6.38532368138857e+36,6.23276862941447e+36
2015-04-02,0.01508935588077348,0.0,0.01508935588077348,1.0,2,6.481674102830972e+36,6.326817093386226e+36
2015-04-06,0.018360784079201387,0.0,0.018360784079201387,1.0,2,6.600682721504804e+36,6.442982415946491e+36
2015-04-07,0.010110757423141825,0.0,0.010110757423141825,1.0,2,6.667420623329062e+36,6.508125848235695e+36
2015-04-08,0.021355717448253764,0.0,0.021355717448253764,1.0,2,6.809808174269537e+36,6.647111544968293e+36
2015-04-09,0.015149313353756577,0.0,0.015149313353756577,1.0,2,6.912972092180519e+36,6.747810720660391e+36
2015-04-10,0.018394395507852657,0.0,0.018394395507852657,1.0,2,7.040132034978835e+36,6.871932619868346e+36
2015-04-13,0.013239670957864047,0.0,0.013239670957864047,1.0,2,7.133341066621872e+36,6.962914746600016e+36
2015-04-14,0.012504050307523662,0.0,0.012504050307523662,1.0,2,7.222536722179637e+36,7.049979382878501e+36
2015-04-15,0.02065474681749363,0.0,0.02065474681749363,1.0,2,7.371716389556307e+36,7.195594922100405e+36
2015-04-16,0.012781752742966113,0.0,0.012781752742966113,1.0,2,7.465939845738887e+36,7.287567237233235e+36
2015-04-17,-0.002626766619111598,0.0,-0.002626766619111598,1.0,2,7.446328564171806e+36,7.268424498879939e+36
2015-04-20,0.026224866711294148,0.0,0.026224866711294148,1.0,2,7.641607538255713e+36,7.459037962564171e+36
2015-04-21,0.016445113830915736,0.0,0.016445113830915736,1.0,2,7.767274644073513e+36,7.58170269092766e+36
2015-04-22,0.017353106568776255,0.0,0.017353106568776255,1.0,2,7.902060988721073e+36,7.713268785696106e+36
2015-04-23,0.017140109542877424,0.0,0.017140109542877424,1.0,2,8.03750317968225e+36,7.845475057616594e+36
2015-04-24,0.019698948714774345,0.0,0.019698948714774345,1.0,2,8.195833542613646e+36,8.000022668419623e+36
2015-04-27,0.008771319542313971,0.0,0.008771319542313971,1.0,2,8.267721817531526e+36,8.070193423590087e+36
2015-04-28,0.015594502319357773,0.0,0.015594502319357773,1.0,2,8.396652824590826e+36,8.196044073651929e+36
2015-04-29,0.005112187583472483,0.0,0.005112187583472483,1.0,2,8.439578088903429e+36,8.237943788398846e+36
2015-04-30,-0.0038241947482263172,0.0,-0.0038241947482263172,1.0,2,8.407303498698599e+36,8.206440287027068e+36
2015-05-01,0.023577156679141453,0.0,0.023577156679141453,1.0,2,8.60552381053651e+36,8.399924815452323e+36
2015-05-04,0.01675165513744692,0.0,0.01675165513744692,1.0,2,8.749680577687705e+36,8.540637459141263e+36
2015-05-05,0.0005393967736918026,0.0,0.0005393967736918026,1.0,2,8.754400127162143e+36,8.545244251431995e+36
2015-05-06,0.012771749456288561,0.0,0.012771749456288561,1.0,2,8.866209132226358e+36,8.654381970054074e+36
2015-05-07,0.018199145634383185,0.0,0.018199145634383185,1.0,2,9.027566563448646e+36,8.811884327902669e+36
2015-05-08,0.025244503074744407,0.0,0.025244503074744407,1.0,2,9.255462995317084e+36,9.0343359689127e+36
2015-05-11,0.012449368102306901,0.0,0.012449368102306901,1.0,2,9.370687661103067e+36,9.146807742949607e+36
2015-05-12,0.010204275061812706,0.0,0.010204275061812706,1.0,2,9.466308735515297e+36,9.240144285096183e+36
2015-05-13,0.015602283685840213,0.0,0.015602283685840213,1.0,2,9.614004769864554e+36,9.384311637530349e+36
2015-05-14,0.026637734331065588,0.0,0.026637734331065588,1.0,2,9.870100074781803e+36,9.63428843781081e+36
2015-05-15,0.013429251123085406,0.0,0.013429251123085406,1.0,2,1.0002648127296032e+37,9.763669716634408e+36
2015-05-18,0.020472457207815042,0.0,0.020472457207815042,1.0,2,1.0207426913046931e+37,9.963556027099444e+36
2015-05-19,0.012684898032297942,0.0,0.012684898032297942,1.0,2,1.0336907082611066e+37,1.0089942719342289e+37
2015-05-20,0.015462646265057223,0.0,0.015462646265057223,1.0,2,1.0496743020304248e+37,1.024595993444617e+37
2015-05-21,0.0155867039306129,0.0,0.0155867039306129,1.0,2,1.0660352645997456e+37,1.0405660678429303e+37
2015-05-22,0.011303753336682043,0.0,0.011303753336682043,1.0,2,1.0780854642789857e+37,1.0523283700043479e+37
2015-05-26,0.0037738432532227195,0.0,0.0037738432532227195,1.0,2,1.0821539898347523e+37,1.0562996923236636e+37
2015-05-27,0.027060952253965487,0.0,0.027060952253965487,1.0,2,1.1114381072851088e+37,1.0848841678635126e+37
2015-05-28,0.01204986543508163,0.0,0.01204986543508163,1.0,2,1.1248307869173162e+37,1.0979568760989185e+37
2015-05-29,0.008538176314341506,0.0,0.008538176314341506,1.0,2,1.1344347904998156e+37,1.1073314254925947e+37
2015-06-01,0.01828130904912212,0.0,0.01828130904912212,1.0,2,1.155173743501019e+37,1.1275748935018297e+37
2015-06-02,0.012490760812809143,0.0,0.012490760812809143,1.0,2,1.1696027424283273e+37,1.1416591617950898e+37
2015-06-03,0.02031359019965656,0.0,0.02031359019965656,1.0,2,1.1933615732344109e+37,1.1648503581554786e+37
2015-06-04,0.004870613192939133,0.0,0.004870613192939133,1.0,2,1.199173975856953e+37,1.1705238936777105e+37
2015-06-05,0.01560164194873559,0.0,0.01560164194873559,1.0,2,1.217883058862515e+37,1.18878598835931e+37
2015-06-08,0.007118040392116054,0.0,0.007118040392116054,1.0,2,1.2265519996683723e+37,1.1972478150420332e+37
2015-06-09,0.011564409866544278,0.0,0.011564409866544278,1.0,2,1.2407363497151668e+37,1.2110932794870037e+37
2015-06-10,0.02649480613451244,0.0,0.02649480613451244,1.0,2,1.273609418764913e+37,1.2431809611378227e+37
2015-06-11,0.01623526116725088,0.0,0.01623526116725088,1.0,2,1.294286800303632e+37,1.2633643287200492e+37
2015-06-12,0.008000086249986327,0.0,0.008000086249986327,1.0,2,1.3046412063382797e+37,1.2734713523149656e+37
2015-06-15,0.008768023629954214,0.0,0.008768023629954214,1.0,2,1.3160803312640658e+37,1.2846371792241332e+37
2015-06-16,0.019299181087804484,0.0,0.019299181087804484,1.0,2,1.3414796039032287e+37,1.309429624778106e+37
2015-06-17,0.015102633210598404,0.0,0.015102633210598404,1.0,2,1.3617394783204779e+37,1.3292054601162212e+37
2015-06-18,0.02742116115514881,0.0,0.02742116115514881,1.0,2,1.3990799560068318e+37,1.3656538172463716e+37
2015-06-19,0.01122928727828143,0.0,0.01122928727828143,1.0,2,1.4147906267581177e+37,1.3809891362829127e+37
2015-06-22,0.021390060869035832,0.0,0.021390060869035832,1.0,2,1.445053084381415e+37,1.4105285779674815e+37
2015-06-23,0.015088797567870571,0.0,0.015088797567870571,1.0,2,1.4668571978464733e+37,1.4318117581441292e+37
2015-06-24,0.0073751001029767616,0.0,0.0073751001029767616,1.0,2,1.477675416517363e+37,1.4423715131890612e+37
2015-06-25,0.013448816896445781,0.0,0.013448816896445781,1.0,2,1.497548402626484e+37,1.4617697035665902e+37
2015-06-26,0.009814478364072121,0.0,0.009814478364072121,1.0,2,1.5122460590232124e+37,1.4761162106955005e+37
2015-06-29,-0.010032526676240328,0.0,-0.010032526676240328,1.0,2,1.4970744100950227e+37,1.4613070354344671e+37
2015-06-30,0.019127532136269276,0.0,0.019127532136269276,1.0,2,1.525709748984502e+37,1.4892582327156964e+37
2015-07-01,0.020611767228267353,0.0,0.020611767228267353,1.0,2,1.5571573231884686e+37,1.5199544767512132e+37
2015-07-02,0.010460981621221443,0.0,0.010460981621221443,1.0,2,1.5734467173276932e+37,1.5358546925976007e+37
2015-07-06,0.010534700121864526,0.0,0.010534700121864526,1.0,2,1.5900225066524726e+37,1.552034461214875e+37
2015-07-07,0.015075951580260871,0.0,0.015075951580260871,1.0,2,1.61399360897429e+37,1.5754328576030466e+37
2015-07-08,-0.003346122487629999,0.0,-0.003346122487629999,1.0,2,1.60859298866441e+37,1.5701612662904699e+37
2015-07-09,0.01724956207458933,0.0,0.01724956207458933,1.0,2,1.636340513275126e+37,1.5972458605204631e+37
2015-07-10,0.02893297493563224,0.0,0.02893297493563224,1.0,2,1.6836847123318749e+37,1.643458934968944e+37
2015-07-13,0.0275526306004219,0.0,0.0275526306004219,1.0,2,1.7300746552583327e+37,1.6887405519111061e+37
2015-07-14,0.01866299468665289,0.0,0.01866299468665289,1.0,2,1.762363029356932e+37,1.7202575078585586e+37
2015-07-15,0.011621326108042007,0.0,0.011621326108042007,1.0,2,1.7828440248418457e+37,1.7402491813471906e+37
2015-07-16,0.02355116913274874,0.0,0.02355116913274874,1.0,2,1.8248320860082067e+37,1.7812340841502258e+37
2015-07-17,0.018710846190961417,0.0,0.018710846190961417,1.0,2,1.8589762384938374e+37,1.8145624811288586e+37
2015-07-20,0.012606719496420005,0.0,0.012606719496420005,1.0,2,1.8824118304830393e+37,1.8374381613371781e+37
2015-07-21,0.010864053327944323,0.0,0.010864053327944323,1.0,2,1.9028624529945604e+37,1.857400187508745e+37
2015-07-22,0.007902729704017952,0.0,0.007902729704017952,1.0,2,1.917900260624501e+37,1.8720787191428188e+37
2015-07-23,0.006789682147222698,0.0,0.006789682147222698,1.0,2,1.9309221937842168e+37,1.8847895386003782e+37
2015-07-24,0.002021028563623073,0.0,0.002021028563623073,1.0,2,1.9348246426919885e+37,1.8885987520943075e+37
2015-07-27,0.004757070545699793,0.0,0.004757070545699793,1.0,2,1.9440287400108327e+37,1.8975829495905408e+37
2015-07-28,0.02161956476922733,0.0,0.02161956476922733,1.0,2,1.9860577952687361e+37,1.9386078670741947e+37
2015-07-29,0.016034083030064483,0.0,0.016034083030064483,1.0,2,2.017902410860582e+37,1.9696916665775986e+37
2015-07-30,0.01608440297590097,0.0,0.01608440297590097,1.0,2,2.0503591664029054e+37,2.0013729810811064e+37
2015-07-31,0.015462711313250499,0.0,0.015462711313250499,1.0,2,2.0820632782814702e+37,2.0323196337177029e+37
2015-08-03,0.009678843551964189,0.0,0.009678843551964189,1.0,2,2.102215243017246e+37,2.0519901375000416e+37
2015-08-04,0.011291831044118461,0.0,0.011291831044118461,1.0,2,2.1259531023597671e+37,2.0751608634368893e+37
2015-08-05,0.018797437695760033,0.0,0.018797437695760033,1.0,2,2.165915573345483e+37,2.1141685704760238e+37
2015-08-06,0.00015856513360956725,0.0,0.00015856513360956725,1.0,2,2.1662590120377572e+37,2.1145038038978745e+37
2015-08-07,0.008835387434914521,0.0,0.008835387434914521,1.0,2,2.185398749693486e+37,2.133186264237913e+37
2015-08-10,0.024462263886874724,0.0,0.024462263886874724,1.0,2,2.2388585506065344e+37,2.1853688295535573e+37
2015-08-11,0.0021810376266554465,0.0,0.0021810376266554465,1.0,2,2.2437415853461664e+37,2.190135201198933e+37
2015-08-12,0.012662332190629011,0.0,0.012662332190629011,1.0,2,2.272152586649748e+37,2.217867420658904e+37
2015-08-13,0.011192161019026314,0.0,0.011192161019026314,1.0,2,2.297582884259329e+37,2.242690149949771e+37
2015-08-14,0.01638495302664733,0.0,0.01638495302664733,1.0,2,2.335228671892747e+37,2.2794365227100227e+37
2015-08-17,0.021046448073949897,0.0,0.021046448073949897,1.0,2,2.384376940876537e+37,2.327410565123104e+37
2015-08-18,0.007043357197651201,0.0,0.007043357197651201,1.0,2,2.401170959364973e+37,2.3438033490788533e+37
2015-08-19,0.004488335577989111,0.0,0.004488335577989111,1.0,2,2.411948220410725e+37,2.354323125038334e+37
2015-08-20,-0.012738305578048503,0.0,-0.012738305578048503,1.0,2,2.3812240869407026e+37,2.3243330376421295e+37
2015-08-21,-0.014926081478160769,0.0,-0.014926081478160769,1.0,2,2.3456817422012666e+37,2.289639853339902e+37
2015-08-24,-0.03287780554728653,0.0,-0.03287780554728653,1.0,2,2.2685608740053534e+37,2.214361519468475e+37
2015-08-25,0.016731117370953896,0.0,0.016731117370953896,1.0,2,2.306516432251491e+37,2.251410261952426e+37
2015-08-26,0.05224793230214758,0.0,0.05224793230214758,1.0,2,2.4270271466575576e+37,2.369041792903277e+37
2015-08-27,0.034716907290724575,0.0,0.034716907290724575,1.0,2,2.51128602310014e+37,2.4512875971953515e+37
2015-08-28,0.01680887205787518,0.0,0.01680887205787518,1.0,2,2.5534979085631603e+37,2.4924909767936646e+37
2015-08-31,0.004777329851145651,0.0,0.004777329851145651,1.0,2,2.5656968103465775e+37,2.5043984283408124e+37
2015-09-01,-0.10543878901496107,0.001,-0.10643878901496107,0.0,1,2.295172845684086e+37,2.2378332924172446e+37
2015-09-02,0.04916266650832479,0.0,0.04916266650832479,0.0,1,2.408009662875416e+37,2.3478511442735805e+37
2015-09-03,0.04970920736310358,0.0,0.04970920736310358,0.0,1,2.527709914539647e+37,2.464560963661976e+37
2015-09-04,0.04916266650832479,0.0,0.04916266650832479,0.0,1,2.651978874097946e+37,2.5857253524079256e+37
2015-09-08,0.04943594346118607,0.0,0.04943594346118607,0.0,1,2.783081951778112e+37,2.713553124735719e+37
2015-09-09,0.04943594346118607,0.0,0.04943594346118607,0.0,1,2.920666233794062e+37,2.8477001835890784e+37
2015-09-10,0.04926056755700059,0.0,0.04926056755700059,0.0,1,3.0645399101153245e+37,2.987979510864851e+37
2015-09-11,0.04961139327253139,0.0,0.04961139327253139,0.0,1,3.2165760047954244e+37,3.1362173374686334e+37
2015-09-14,0.04933805646549294,0.0,0.04933805646549294,0.0,1,3.3752756133455704e+37,3.2909522055527185e+37
2015-09-15,0.049358532276006395,0.0,0.049358532276006395,0.0,1,3.541874263647305e+37,3.453388776209287e+37
2015-09-16,0.04943597897627461,0.0,0.04943597897627461,0.0,1,3.716970285281581e+37,3.624110431146872e+37
2015-09-17,0.04943597897627461,0.0,0.04943597897627461,0.0,1,3.9007223501601986e+37,3.803271878228746e+37
2015-09-18,0.049533964201028846,0.0,0.049533964201028846,0.0,1,4.093940591411187e+37,3.9916630112917083e+37
2015-09-21,0.04961139327253139,0.0,0.04961139327253139,0.0,1,4.297046688126068e+37,4.1896949747563186e+37
2015-09-22,0.04943594346118607,0.0,0.04943594346118607,0.0,1,4.509475245250344e+37,4.396816498647987e+37
2015-09-23,0.04926056755700059,0.0,0.04926056755700059,0.0,1,4.731614555215621e+37,4.6134061748153705e+37
2015-09-24,0.049533964201028846,0.0,0.049533964201028846,0.0,1,4.965990181206739e+37,4.841926471123481e+37
2015-09-25,0.04943597897627461,0.0,0.04943597897627461,0.0,1,5.211488767401261e+37,5.081291846354609e+37
2015-09-28,0.04970934010521433,0.0,0.04970934010521433,0.0,1,5.470548434994514e+37,5.3338795109189015e+37
2015-09-29,0.04933805646549294,0.0,0.04933805646549294,0.0,1,5.740454662577486e+37,5.597042759408754e+37
2015-09-30,0.04926056755700059,0.0,0.04926056755700059,0.0,1,6.023232717291284e+37,5.872756262378029e+37
2015-10-01,0.04961139327253139,0.0,0.04961139327253139,0.0,1,6.322053684400801e+37,6.164111882904588e+37
2015-10-02,0.04943594346118607,0.0,0.04943594346118607,0.0,1,6.634590372901421e+37,6.468840569436284e+37
2015-10-05,0.04916264216923616,0.0,0.04916264216923616,0.0,1,6.960764365343833e+37,6.786865863601319e+37
2015-10-06,0.04943597897627461,0.0,0.04943597897627461,0.0,1,7.304876566167772e+37,7.12238122174911e+37
2015-10-07,0.04943597897627461,0.0,0.04943597897627461,0.0,1,7.666000290517122e+37,7.474483110088511e+37
2015-10-08,0.04943597897627461,0.0,0.04943597897627461,0.0,1,8.044976519711242e+37,7.843991499977366e+37
2015-10-09,0.04943597897627461,0.0,0.04943597897627461,0.0,1,8.44268780980431e+37,8.231766898860325e+37
2015-10-12,0.049533964201028846,0.0,0.049533964201028846,0.0,1,8.86088760553562e+37,8.639518945739687e+37
2015-10-13,0.04943597897627461,0.0,0.04943597897627461,0.0,1,9.29893425891401e+37,9.066622022706401e+37
2015-10-14,0.04943597897627461,0.0,0.04943597897627461,0.0,1,9.758636177439442e+37,9.514839358406743e+37
2015-10-15,0.04943597897627461,0.0,0.04943597897627461,0.0,1,1.0241063910344451e+38,9.98521475689157e+37
2015-10-16,0.049533964201028846,0.0,0.049533964201028846,0.0,1,1.0748344403459902e+38,1.0479822027199021e+38
2015-10-19,0.04943597897627461,0.0,0.04943597897627461,0.0,1,1.1279699331419104e+38,1.0997902288610732e+38
2015-10-20,0.04926089864345662,0.0,0.04926089864345662,0.0,1,1.1835347456912806e+38,1.1539668838540626e+38
2015-10-21,0.04961098393982333,0.0,0.04961098393982333,0.0,1,1.2422510689519935e+38,1.2112163163960345e+38
2015-10-22,0.04943597897627461,0.0,0.04943597897627461,0.0,1,1.303662966679959e+38,1.2710939807491096e+38
2015-10-23,0.04933810785112458,0.0,0.04933810785112458,0.0,1,1.3679832307315318e+38,1.3338073526602245e+38
2015-10-26,0.04926089864345662,0.0,0.04926089864345662,0.0,1,1.4353713140065461e+38,1.399511901469517e+38
2015-10-27,0.049435865285870295,0.0,0.049435865285870295,0.0,1,1.5063301369209765e+38,1.4686979832965365e+38
2015-10-28,0.049435865285870295,0.0,0.049435865285870295,0.0,1,1.5807968706458487e+38,1.5413043389444135e+38
2015-10-29,0.04953383445857518,0.0,0.04953383445857518,0.0,1,1.6590998011490539e+38,1.6176510529199698e+38
2015-10-30,0.049435865285870295,0.0,0.049435865285870295,0.0,1,1.741118835414473e+38,1.6976210324516679e+38
2015-11-02,0.13815768389590372,0.001,0.13715768389590371,1.0,2,1.9816677811028697e+38,1.9304628013957115e+38
2015-11-03,0.02100498577830673,0.0,0.02100498577830673,1.0,2,2.0232926846622642e+38,1.9710121450845786e+38
2015-11-04,0.0180071643311433,0.0,0.0180071643311433,1.0,2,2.0597264485249775e+38,2.0065044846797958e+38
2015-11-05,0.017140950660613774,0.0,0.017140950660613774,1.0,2,2.0950321179535054e+38,2.040897879051992e+38
2015-11-06,0.01828839727118431,0.0,0.01828839727118431,1.0,2,2.1333468976225297e+38,2.0782226302540125e+38
2015-11-09,0.00892180454821434,0.0,0.00892180454821434,1.0,2,2.1523802016766572e+38,2.0967641263688146e+38
2015-11-10,0.01757744261404337,0.0,0.01757744261404337,1.0,2,2.190213541155232e+38,2.1336198774752473e+38
2015-11-11,0.01695254459461798,0.0,0.01695254459461798,1.0,2,2.227343233883402e+38,2.1697901635961096e+38
2015-11-12,0.006923263600356444,0.0,0.006923263600356444,1.0,2,2.2427637182200473e+38,2.184812192856146e+38
2015-11-13,0.004099607226967561,0.0,0.004099607226967561,1.0,2,2.2519581685676425e+38,2.1937690647115458e+38
2015-11-16,0.03144688324044609,0.0,0.03144688324044609,1.0,2,2.322775234156958e+38,2.2627562643460322e+38
2015-11-17,0.01911761374464127,0.0,0.01911761374464127,1.0,2,2.3671811538991894e+38,2.3060147646060675e+38
2015-11-18,0.034968116607298816,0.0,0.034968116607298816,1.0,2,2.4499570205193364e+38,2.3866517577929653e+38
2015-11-19,0.018563709339491474,0.0,0.018563709339491474,1.0,2,2.495437310542504e+38,2.4309568673192203e+38
2015-11-20,0.024470350254210016,0.0,0.024470350254210016,1.0,2,2.5565015355689032e+38,2.4904432333153988e+38
2015-11-23,0.016951163430166172,0.0,0.016951163430166172,1.0,2,2.5998372109078027e+38,2.5326591435768795e+38
2015-11-24,0.017342879199358174,0.0,0.017342879199358174,1.0,2,2.644925873594573e+38,2.5765827451570834e+38
2015-11-25,0.01926732280860083,0.0,0.01926732280860083,1.0,2,2.6958865142059403e+38,2.6262265966510958e+38
2015-11-27,0.02007094427433781,0.0,0.02007094427433781,1.0,2,2.7499955022025065e+38,2.678937444324264e+38
2015-11-30,0.01616673211116143,0.0,0.01616673211116143,1.0,2,2.794453942793513e+38,2.7222471083292136e+38
2015-12-01,0.02823057443390048,0.0,0.02823057443390048,1.0,2,2.873342982827652e+38,2.7990977079483715e+38
2015-12-02,0.011561338569645918,0.0,0.011561338569645918,1.0,2,2.906562673878839e+38,2.831459024239483e+38
2015-12-03,0.0054698764734371075,0.0,0.0054698764734371075,1.0,2,2.922461212667259e+38,2.8469467553416715e+38
2015-12-04,0.037869487726634066,0.0,0.037869487726634066,1.0,2,3.0331333216919264e+38,2.9547591705514636e+38
2015-12-07,0.01377210665778189,0.0,0.01377210665778189,1.0,2,3.0749059573055397e+38,2.9954524289963574e+38
2015-12-08,0.013560597460610724,0.0,0.013560597460610724,1.0,2,3.1166035192217944e+38,3.036072553598386e+38
2015-12-09,0.007376455427205386,0.0,0.007376455427205386,1.0,2,3.139593006165605e+38,3.058468007463766e+38
2015-12-10,0.022094617761382107,0.0,0.022094617761382107,1.0,2,3.2089611135631428e+38,3.1260436890240938e+38
2015-12-11,-0.003262636820087539,0.0,-0.003262636820087539,1.0,2,3.1984914388798026e+38,3.1158445437830815e+38
2015-12-14,0.024568707712390114,0.0,0.024568707712390114,1.0,2,3.2770742401622226e+38,3.1923968176565338e+38
2015-12-15,0.028196117413525068,0.0,0.028196117413525068,1.0,2,3.369475010210675e+38,3.282410013157741e+38
2015-12-16,0.03332768158822541,0.0,0.03332768158822541,1.0,2,3.4817718004704585e+38,3.3918051289182648e+38
2015-12-17,0.0062644065369322766,0.0,0.0062644065369322766,1.0,2,3.503583034497433e+38,3.413052775139861e+38
2015-12-18,-2.082632700728393e-05,0.0,-2.082632700728393e-05,1.0,2,3.503510067731459e+38,3.412981693786673e+38
2015-12-21,0.02793001568668524,0.0,0.02793001568668524,1.0,2,3.601363158881658e+38,3.508306326032504e+38
2015-12-22,0.025563149260280527,0.0,0.025563149260280527,1.0,2,3.693425342852626e+38,3.597989684295659e+38
2015-12-23,0.027443902971470924,0.0,0.027443902971470924,1.0,2,3.7947873495942444e+38,3.696732564083822e+38
2015-12-24,0.016380751537322935,0.0,0.016380751537322935,1.0,2,3.856948818304924e+38,3.75728782171601e+38
2015-12-28,0.015339620069456827,0.0,0.015339620069456827,1.0,2,3.916112947805062e+38,3.8149231893927304e+38
2015-12-29,0.030699055918177842,0.0,0.030699055918177842,1.0,2,4.03633391817163e+38,3.932037729707451e+38
2015-12-30,0.009928071652288373,0.0,0.009928071652288373,1.0,2,4.0764069305238e+38,3.9710752820274884e+38
2015-12-31,0.006461196606834085,0.0,0.006461196606834085,1.0,2,4.102745397151376e+38,3.996733180165208e+38
2016-01-04,-0.0027072719930677502,0.0,-0.0027072719930677502,1.0,2,4.0916381494429806e+38,3.985912936362782e+38
2016-01-05,0.01802554488123992,0.0,0.01802554488123992,1.0,2,4.165392156543558e+38,4.057761188889904e+38
2016-01-06,0.0038392248771111914,0.0,0.0038392248771111914,1.0,2,4.1813840337338846e+38,4.073339846591667e+38
2016-01-07,-0.011991239336962223,0.0,-0.011991239336962223,1.0,2,4.131244057025629e+38,4.024495453590401e+38
2016-01-08,0.010620791616942515,0.0,0.010620791616942515,1.0,2,4.175121139274031e+38,4.067238781166318e+38
2016-01-11,0.02078505806806602,0.0,0.02078505806806602,1.0,2,4.261901274595051e+38,4.151776575409549e+38
2016-01-12,0.028429338854758623,0.0,0.028429338854758623,1.0,2,4.383064310096041e+38,4.2698088385211165e+38
2016-01-13,-0.00797838564976111,0.0,-0.00797838564976111,1.0,2,4.348094532702391e+38,4.235742656956637e+38
2016-01-14,0.0351050926378183,0.0,0.0351050926378183,1.0,2,4.500734794070899e+38,4.3844387953190585e+38
2016-01-15,-0.013037699468400332,0.0,-0.013037699468400332,1.0,2,4.4420555664388305e+38,4.327275799968094e+38
2016-01-19,0.02208263672922489,0.0,0.02208263672922489,1.0,2,4.54014786584353e+38,4.422833459485955e+38
2016-01-20,0.006758053974955769,0.0,0.006758053974955769,1.0,2,4.57083043017518e+38,4.452723206727401e+38
2016-01-21,0.021070946652218425,0.0,0.021070946652218425,1.0,2,4.667142154325737e+38,4.5465462998734486e+38
2016-01-22,0.04372869751622277,0.0,0.04372869751622277,1.0,2,4.87123020185746e+38,4.745360847764116e+38
2016-01-25,0.003309523178589735,0.0,0.003309523178589735,1.0,2,4.887351651118754e+38,4.761065729480564e+38
2016-01-26,0.02833693774656304,0.0,0.02833693774656304,1.0,2,5.025844230602067e+38,4.895979752664149e+38
2016-01-27,0.00020460516734305267,0.0,0.00020460516734305267,1.0,2,5.026872544301909e+38,4.896981495420751e+38
2016-01-28,0.02910410778472078,0.0,0.02910410778472078,1.0,2,5.173175184651325e+38,5.0395037726832595e+38
2016-01-29,0.038139694107600985,0.0,0.038139694107600985,1.0,2,5.370478503758958e+38,5.2317089050275e+38
2016-02-01,-0.07347247425279291,0.001,-0.07447247425279291,0.0,1,4.97589616016635e+38,4.842090598299732e+38
2016-02-02,0.04943580748652754,0.0,0.04943580748652754,0.0,1,5.221883604813285e+38,5.081463256949603e+38
2016-02-03,0.04970912113938242,0.0,0.04970912113938242,0.0,1,5.481458849500704e+38,5.334058329554632e+38
2016-02-04,0.04961098393982333,0.0,0.04961098393982333,0.0,1,5.753399416450086e+38,5.598686211676248e+38
2016-02-05,0.04943597897627461,0.0,0.04943597897627461,0.0,1,6.037824349043824e+38,5.8754627455314336e+38
2016-02-08,0.04926089864345662,0.0,0.04926089864345662,0.0,1,6.335253002329066e+38,6.164893320322463e+38
2016-02-09,0.049708914791393166,0.0,0.049708914791393166,0.0,1,6.650171554003759e+38,6.471343477080401e+38
2016-02-10,0.04916298919717155,0.0,0.04916298919717155,0.0,1,6.977113866272583e+38,6.7894940665352924e+38
2016-02-11,0.049708914791393166,0.0,0.049708914791393166,0.0,1,7.323938624940975e+38,7.126992448565365e+38
2016-02-12,0.04926089864345662,0.0,0.04926089864345662,0.0,1,7.68472242321509e+38,7.478074501206824e+38
2016-02-16,0.04953383445857518,0.0,0.04953383445857518,0.0,1,8.065376191586726e+38,7.848492205618495e+38
2016-02-17,0.04953383445857518,0.0,0.04953383445857518,0.0,1,8.464885200706917e+38,8.237258119281019e+38
2016-02-18,0.049708914791393166,0.0,0.049708914791393166,0.0,1,8.885665457867782e+38,8.646723281247071e+38
2016-02-19,0.04943597897627461,0.0,0.04943597897627461,0.0,1,9.324937028633144e+38,9.074182511592465e+38
2016-02-22,0.04943597897627461,0.0,0.04943597897627461,0.0,1,9.785924419535737e+38,9.52277360746243e+38
2016-02-23,0.04926089864345662,0.0,0.04926089864345662,0.0,1,1.0267987850499014e+39,9.99187399294422e+38
2016-02-24,0.049708914791393166,0.0,0.049708914791393166,0.0,1,1.077839838363853e+39,1.0488559205865821e+39
2016-02-25,0.04916298919717155,0.0,0.04916298919717155,0.0,1,1.1308296666936163e+39,1.1004208128797698e+39
2016-02-26,0.049435865285870295,0.0,0.049435865285870295,0.0,1,1.1867332097575476e+39,1.1548210679430622e+39
2016-02-29,0.049708914791393166,0.0,0.049708914791393166,0.0,1,1.245724429761502e+39,1.2122259700087496e+39
2016-03-01,0.2399874511130774,0.001,0.2389874511130774,1.0,1,1.5446826604492566e+39,1.5019327647542184e+39
2016-03-02,0.00771305099347952,0.0,0.00771305099347952,1.0,1,1.556596876578045e+39,1.5135172487575453e+39
2016-03-03,0.01724950399787928,0.0,0.01724950399787928,1.0,1,1.5834474006236645e+39,1.539624670590848e+39
2016-03-04,-0.0015576423255889704,0.0,-0.0015576423255889704,1.0,1,1.5809809559321094e+39,1.5372264860384146e+39
2016-03-07,0.004979340718255121,0.0,0.004979340718255121,1.0,1,1.588853198780768e+39,1.5448808604735257e+39
2016-03-08,-0.004569421445408728,0.0,-0.004569421445408728,1.0,1,1.5815930589006528e+39,1.5378216487390765e+39
2016-03-09,-0.008256763839893044,0.0,-0.008256763839893044,1.0,1,1.568534218522496e+39,1.525124218557563e+39
2016-03-10,0.015992334003062103,0.0,0.015992334003062103,1.0,1,1.5936187416403396e+39,1.5495145144568945e+39
2016-03-11,-0.017239090368504795,0.0,-0.017239090368504795,1.0,1,1.566146204140259e+39,1.5228022937148622e+39
2016-03-14,-0.012753032955153176,0.0,-0.012753032955153176,1.0,1,1.54617308998627e+39,1.5033819458789336e+39
2016-03-15,0.0007646889510706245,0.0,0.0007646889510706245,1.0,1,1.5473554314646254e+39,1.5045315654421862e+39
2016-03-16,0.022419258450735335,0.0,0.022419258450735335,1.0,1,1.5820459927977797e+39,1.538262047455124e+39
2016-03-17,-0.003774387158085868,0.0,-0.003774387158085868,1.0,1,1.5760747387190626e+39,1.5324560509374386e+39
2016-03-18,-0.0027390821394419618,0.0,-0.0027390821394419618,1.0,1,1.5717577405518116e+39,1.528258527938836e+39
2016-03-21,-0.007013963778162768,0.0,-0.007013963778162768,1.0,1,1.5607334886915343e+39,1.5175393779802046e+39
2016-03-22,0.0029648588303751167,0.0,0.0029648588303751167,1.0,1,1.5653608431573438e+39,1.5220386680054513e+39
2016-03-23,-0.022654084805672325,0.0,-0.022654084805672325,1.0,1,1.5298990258649785e+39,1.4875582749429433e+39
2016-03-24,-0.0023959858099275033,0.0,-0.0023959858099275033,1.0,1,1.526233409508384e+39,1.4839941064247398e+39
2016-03-28,0.0023247840598812353,0.0,0.0023247840598812353,1.0,1,1.5297815726104672e+39,1.4874440722683138e+39
2016-03-29,0.0184471486586959,0.0,0.0184471486586959,1.0,1,1.5580016806957462e+39,1.5148831741909434e+39
2016-03-30,-0.01402683164527363,0.0,-0.01402683164527363,1.0,1,1.5361478534175738e+39,1.4936341629443093e+39
2016-03-31,0.00465128817117455,0.0,0.00465128817117455,1.0,1,1.54329291975735e+39,1.500581485858474e+39
2016-04-01,-0.08056762782402227,0.0005,-0.08106762782402227,1.0,2,1.4189534701748912e+39,1.378932904443281e+39
2016-04-04,0.00895378001951641,0.0,0.00895378001951641,1.0,2,1.4316584674047667e+39,1.391279566331339e+39
2016-04-05,0.014731270906632898,0.0,0.014731270906632898,1.0,2,1.4527486161338814e+39,1.4117748825298288e+39
2016-04-06,0.015314875445602671,0.0,0.015314875445602671,1.0,2,1.4749972802437434e+39,1.4333960390130035e+39
2016-04-07,0.014765137955621899,0.0,0.014765137955621899,1.0,2,1.4967758185707093e+39,1.4545603292740726e+39
2016-04-08,0.015275115775759185,0.0,0.015275115775759185,1.0,2,1.5196392424897335e+39,1.4767789067065602e+39
2016-04-11,0.020098053002644223,0.0,0.020098053002644223,1.0,2,1.5501810325301903e+39,1.5064592874467358e+39
2016-04-12,0.01792904036023646,0.0,0.01792904036023646,1.0,2,1.5779742908280973e+39,1.5334686568124216e+39
2016-04-13,0.013534765110779834,0.0,0.013534765110779834,1.0,2,1.5993318022053048e+39,1.5542237948871207e+39
2016-04-14,0.006803191512236184,0.0,0.006803191512236184,1.0,2,1.6102123627473174e+39,1.5647974770166122e+39
2016-04-15,0.016723963545003773,0.0,0.016723963545003773,1.0,2,1.637141495601618e+39,1.590967092977552e+39
2016-04-18,0.015970163298982265,0.0,0.015970163298982265,1.0,2,1.6632869126299158e+39,1.6163750972557104e+39
2016-04-19,0.02330780682303335,0.0,0.02330780682303335,1.0,2,1.7020544826807734e+39,1.6540492557761082e+39
2016-04-20,0.01163378187594255,0.0,0.01163378187594255,1.0,2,1.7218558132732514e+39,1.6732921040298723e+39
2016-04-21,0.013418019574259588,0.0,0.013418019574259588,1.0,2,1.744959708279805e+39,1.6957443702351992e+39
2016-04-22,0.006979741668847184,0.0,0.006979741668847184,1.0,2,1.7571390762661447e+39,1.7075802278758428e+39
2016-04-25,0.013887214844658713,0.0,0.013887214844658713,1.0,2,1.7815408441301978e+39,1.7312937613648458e+39
2016-04-26,0.016701296022534395,0.0,0.016701296022534395,1.0,2,1.811294885144252e+39,1.760208610975367e+39
2016-04-27,0.015688100286251616,0.0,0.015688100286251616,1.0,2,1.8397106609503697e+39,1.7878229401890723e+39
2016-04-28,0.01858610947171252,0.0,0.01858610947171252,1.0,2,1.87390372469107e+39,1.8210516130714655e+39
2016-04-29,0.020544893127657282,0.0,0.020544893127657282,1.0,2,1.912402876446367e+39,1.8584649238419668e+39
2016-05-02,0.015920731063247595,0.0,0.015920731063247595,1.0,2,1.942849728326851e+39,1.8880530440849337e+39
2016-05-03,0.007762897567782534,0.0,0.007762897567782534,1.0,2,1.9579318717574467e+39,1.902709806468705e+39
2016-05-04,0.007379476888390357,0.0,0.007379476888390357,1.0,2,1.9723803847541235e+39,1.9167508095108548e+39
2016-05-05,0.01354065749827299,0.0,0.01354065749827299,1.0,2,1.999087712000391e+39,1.9427048757319788e+39
2016-05-06,0.019103811688218453,0.0,0.019103811688218453,1.0,2,2.037277907198678e+39,1.9798179438437465e+39
2016-05-09,0.0036622418834998394,0.0,0.0036622418834998394,1.0,2,2.0447389116787496e+39,1.9870685160393954e+39
2016-05-10,0.02103027419125003,0.0,0.02103027419125003,1.0,2,2.0877403316408718e+39,2.028857111768504e+39
2016-05-11,0.014040477590843536,0.0,0.014040477590843536,1.0,2,2.1170532029827758e+39,2.0573432345813135e+39
2016-05-12,0.010570612198860962,0.0,0.010570612198860962,1.0,2,2.1394317513958633e+39,2.0790906120740226e+39
2016-05-13,0.0120308773980502,0.0,0.0120308773980502,1.0,2,2.1651709924984028e+39,2.1041038963273224e+39
2016-05-16,0.01849342809360932,0.0,0.01849342809360932,1.0,2,2.2052124265585407e+39,2.1430159904355348e+39
2016-05-17,0.011250617354246983,0.0,0.011250617354246983,1.0,2,2.2300224277545813e+39,2.1671262433279577e+39
2016-05-18,0.004821325166274648,0.0,0.004821325166274648,1.0,2,2.2407740910068712e+39,2.1775746636234088e+39
2016-05-19,0.01065790653016463,0.0,0.01065790653016463,1.0,2,2.2646560518240372e+39,2.200783050850762e+39
2016-05-20,0.01633594659261889,0.0,0.01633594659261889,1.0,2,2.3016513521372858e+39,2.236734925231401e+39
2016-05-23,0.01177295708220849,0.0,0.01177295708220849,1.0,2,2.3287485947242053e+39,2.263067909510427e+39
2016-05-24,0.011285182914587355,0.0,0.011285182914587355,1.0,2,2.3550289485777564e+39,2.2886070448173853e+39
2016-05-25,0.01589444225477571,0.0,0.01589444225477571,1.0,2,2.3924608202092507e+39,2.3249831773351084e+39
2016-05-26,0.012299079806154689,0.0,0.012299079806154689,1.0,2,2.4218858867701025e+39,2.35357833098112e+39
2016-05-27,0.011585463248057537,0.0,0.011585463248057537,1.0,2,2.4499445567022666e+39,2.380845626236126e+39
2016-05-31,0.015089323586183534,0.0,0.015089323586183534,1.0,2,2.4869125628865562e+39,2.4167709762991526e+39
2016-06-01,0.013527365908139077,0.0,0.013527365908139077,1.0,2,2.520553939106271e+39,2.449463521611722e+39
2016-06-02,0.013496692390383314,0.0,0.013496692390383314,1.0,2,2.5545730802757568e+39,2.48252317728438e+39
2016-06-03,0.025769114833589013,0.0,0.025769114833589013,1.0,2,2.620402167332178e+39,2.5464956021168675e+39
2016-06-06,0.016392809511914574,0.0,0.016392809511914574,1.0,2,2.6633579209058624e+39,2.5882398194452976e+39
2016-06-07,0.01412591738297092,0.0,0.01412591738297092,1.0,2,2.7009802948578598e+39,2.6248010813020973e+39
2016-06-08,0.02263674851388875,0.0,0.02263674851388875,1.0,2,2.7621217065335264e+39,2.684218043278516e+39
2016-06-09,0.015269021640021585,0.0,0.015269021640021585,1.0,2,2.80429660264296e+39,2.725203426667872e+39
2016-06-10,0.010465085586581935,0.0,0.010465085586581935,1.0,2,2.833643806599779e+39,2.753722913768798e+39
2016-06-13,0.01360512315168888,0.0,0.01360512315168888,1.0,2,2.87219587955659e+39,2.79118765313625e+39
2016-06-14,0.01307932664682121,0.0,0.01307932664682121,1.0,2,2.9097622676589644e+39,2.8276945081841935e+39
2016-06-15,0.016864078456879816,0.0,0.016864078456879816,1.0,2,2.958832726831634e+39,2.8753809702223e+39
2016-06-16,0.009882065458919453,0.0,0.009882065458919453,1.0,2,2.988072105520177e+39,2.9037956731893677e+39
2016-06-17,0.017602419229762523,0.0,0.017602419229762523,1.0,2,3.040669403410302e+39,2.954909501986418e+39
2016-06-20,0.014516417542343507,0.0,0.014516417542343507,1.0,2,3.084809030078435e+39,2.9978042021170913e+39
2016-06-21,0.004786885864485002,0.0,0.004786885864485002,1.0,2,3.099575658819153e+39,3.0121543486766996e+39
2016-06-22,0.012606797625847044,0.0,0.012606797625847044,1.0,2,3.1386513818758876e+39,3.050127968968282e+39
2016-06-23,0.0164705383271192,0.0,0.0164705383271192,1.0,2,3.1903466597565406e+39,3.1003652185837925e+39
2016-06-24,0.01673379826586152,0.0,0.01673379826586152,1.0,2,3.243733277159072e+39,3.1522461047020674e+39
2016-06-27,0.006615042336282628,0.0,0.006615042336282628,1.0,2,3.2651907101150875e+39,3.173098346139053e+39
2016-06-28,0.016677963562422404,0.0,0.016677963562422404,1.0,2,3.319647441802747e+39,3.226019164735943e+39
2016-06-29,0.02348742205086335,0.0,0.02348742205086335,1.0,2,3.397617402328437e+39,3.30179003840227e+39
2016-06-30,0.02161927511582651,0.0,0.02161927511582651,1.0,2,3.4710714276876946e+39,3.3731723456171835e+39
2016-07-01,0.021426555518985035,0.0,0.021426555518985035,1.0,2,3.5454445323434074e+39,3.445447810155655e+39
2016-07-05,0.013196120760330887,0.0,0.013196120760330887,1.0,2,3.592230646541266e+39,3.490914355531886e+39
2016-07-06,0.017949658706427896,0.0,0.017949658706427896,1.0,2,3.656709960641452e+39,3.553575076787053e+39
2016-07-07,0.010905496765932277,0.0,0.010905496765932277,1.0,2,3.6965881992911796e+39,3.592328578294452e+39
2016-07-08,0.02338064572480636,0.0,0.02338064572480636,1.0,2,3.783016818369307e+39,3.6763195401106525e+39
2016-07-11,0.010081797112482027,0.0,0.010081797112482027,1.0,2,3.821156426405213e+39,3.713383447834701e+39
2016-07-12,0.008524044548704868,0.0,0.008524044548704868,1.0,2,3.8537281340114614e+39,3.745036493770468e+39
2016-07-13,0.017792470944915095,0.0,0.017792470944915095,1.0,2,3.922295479865462e+39,3.811669946773525e+39
2016-07-14,0.01258651503127195,0.0,0.01258651503127195,1.0,2,3.971663510879879e+39,3.8596455878528384e+39
2016-07-15,0.010905315782553993,0.0,0.010905315782553993,1.0,2,4.0149757556480716e+39,3.9017362417971154e+39
2016-07-18,0.014926458503437656,0.0,0.014926458503437656,1.0,2,4.0749051246570606e+39,3.959975345901659e+39
2016-07-19,0.0127632622859562,0.0,0.0127632622859562,1.0,2,4.1269142075534457e+39,4.010517549887322e+39
2016-07-20,0.007503072807035882,0.0,0.007503072807035882,1.0,2,4.1578787453211095e+39,4.040608755058021e+39
2016-07-21,0.018785998812619664,0.0,0.018785998812619664,1.0,2,4.235988650493728e+39,4.1165156263328013e+39
2016-07-22,0.011169748689291381,0.0,0.011169748689291381,1.0,2,4.283303579170434e+39,4.16249607135448e+39
2016-07-25,0.008070296093202034,0.0,0.008070296093202034,1.0,2,4.317871107311411e+39,4.1960886471371005e+39
2016-07-26,0.015111293459710184,0.0,0.015111293459710184,1.0,2,4.383119724735198e+39,4.2594969740669475e+39
2016-07-27,0.020792332413368364,0.0,0.020792332413368364,1.0,2,4.474255007059483e+39,4.348061851065484e+39
2016-07-28,0.01176734129332263,0.0,0.01176734129332263,1.0,2,4.526905092760909e+39,4.3992269788314474e+39
2016-07-29,0.018505776519262662,0.0,0.018505776519262662,1.0,2,4.6106789867314545e+39,4.480638090159213e+39
2016-08-01,0.029118458660000734,0.0005,0.028618458660000734,1.0,2,4.744934852201128e+39,4.608867046112859e+39
2016-08-02,0.005754010466226922,0.0,0.005754010466226922,1.0,2,4.772237257002259e+39,4.6353865153336415e+39
2016-08-03,0.008946746371673142,0.0,0.008946746371673142,1.0,2,4.814933253366108e+39,4.676858142821006e+39
2016-08-04,0.009112992437933398,0.0,0.009112992437933398,1.0,2,4.858811703693187e+39,4.719478315709821e+39
2016-08-05,0.006046379850070116,0.0,0.006046379850070116,1.0,2,4.888189924873682e+39,4.748014074300771e+39
2016-08-08,0.0072651444037995505,0.0,0.0072651444037995505,1.0,2,4.923703330551087e+39,4.782509082181838e+39
2016-08-09,0.010399970488154053,0.0,0.010399970488154053,1.0,2,4.974909699881244e+39,4.832247035495858e+39
2016-08-10,0.00706254033744963,0.0,0.00706254033744963,1.0,2,5.010045200311824e+39,4.866374975104569e+39
2016-08-11,0.007063767936545229,0.0,0.007063767936545229,1.0,2,5.0454349969584295e+39,4.9007499186209186e+39
2016-08-12,0.006991908602840491,0.0,0.006991908602840491,1.0,2,5.0807122173187354e+39,4.935015514137294e+39
2016-08-15,0.014223911960087099,0.0,0.014223911960087099,1.0,2,5.152979820592416e+39,5.0052107403320467e+39
2016-08-16,0.006414267519286199,0.0,0.006414267519286199,1.0,2,5.186032411683179e+39,5.037315501010941e+39
2016-08-17,0.006724045543873958,0.0,0.006724045543873958,1.0,2,5.2209035298113435e+39,5.071186639858601e+39
2016-08-18,0.013524391847161643,0.0,0.013524391847161643,1.0,2,5.291513074944742e+39,5.13977135510614e+39
2016-08-19,0.0032690087261293965,0.0,0.0032690087261293965,1.0,2,5.3088110773611635e+39,5.1565733125162915e+39
2016-08-22,0.00786244696390842,0.0,0.00786244696390842,1.0,2,5.350551322898325e+39,5.197116596701456e+39
2016-08-23,0.011257039437526428,0.0,0.011257039437526428,1.0,2,5.410782690152701e+39,5.255620743191948e+39
2016-08-24,-0.0014480567826232749,0.0,-0.0014480567826232749,1.0,2,5.4029475695789246e+39,5.2480103059278734e+39
2016-08-25,0.00783764057851577,0.0,0.00783764057851577,1.0,2,5.44529393069385e+39,5.2891423244580833e+39
2016-08-26,0.006413891461504284,0.0,0.006413891461504284,1.0,2,5.48021945494131e+39,5.3230663092516064e+39
2016-08-29,0.01135825412199426,0.0,0.01135825412199426,1.0,2,5.54246518015483e+39,5.3835270491003125e+39
2016-08-30,0.0037715051951273115,0.0,0.0037715051951273115,1.0,2,5.563368616375595e+39,5.403831049334102e+39
2016-08-31,0.0042150443158650575,0.0,0.0042150443158650575,1.0,2,5.586818461639112e+39,5.426608436682493e+39
2016-09-01,0.01034027873834581,0.0,0.01034027873834581,1.0,2,5.644587721792996e+39,5.482721080521649e+39
2016-09-02,0.01790895892218347,0.0,0.01790895892218347,1.0,2,5.745676411435248e+39,5.5809109071345e+39
2016-09-06,0.017122482561116203,0.0,0.017122482561116203,1.0,2,5.844056655591865e+39,5.676469956817054e+39
2016-09-07,0.008834197976866742,0.0,0.008834197976866742,1.0,2,5.895684209075389e+39,5.726617016225312e+39
2016-09-08,0.0042275280537728555,0.0,0.0042275280537728555,1.0,2,5.920608379465441e+39,5.750826450314617e+39
2016-09-09,-0.010282550511305277,0.0,-0.010282550511305277,1.0,2,5.85972942474593e+39,5.691693286857507e+39
2016-09-12,0.012838933284083698,0.0,0.012838933284083698,1.0,2,5.934962099893025e+39,5.764768557240937e+39
2016-09-13,-0.004865713200424837,0.0,-0.004865713200424837,1.0,2,5.906084276459555e+39,5.736718846774576e+39
2016-09-14,0.009841083453093591,0.0,0.009841083453093591,1.0,2,5.964206544705198e+39,5.793174375692619e+39
2016-09-15,0.009992466473276451,0.0,0.009992466473276451,1.0,2,6.023803678642861e+39,5.851062476415571e+39
2016-09-16,0.005977673995130717,0.0,0.005977673995130717,1.0,2,6.059812013244457e+39,5.886038220424725e+39
2016-09-19,0.012306309819928973,0.0,0.012306309819928973,1.0,2,6.134385937329971e+39,5.958473630377215e+39
2016-09-20,0.007028113071780306,0.0,0.007028113071780306,1.0,2,6.177499095323465e+39,6.000350456786728e+39
2016-09-21,0.021945201593034258,0.0,0.021945201593034258,1.0,2,6.313065558311126e+39,6.132029357189768e+39
2016-09-22,0.01617377355939148,0.0,0.01617377355939148,1.0,2,6.415171651116843e+39,6.231207411472496e+39
2016-09-23,0.004907553648820728,0.0,0.004907553648820728,1.0,2,6.446654450161093e+39,6.261787396141227e+39
2016-09-26,0.002068753951036062,0.0,0.002068753951036062,1.0,2,6.459990992025828e+39,6.274741493557542e+39
2016-09-27,0.005602442107201899,0.0,0.005602442107201899,1.0,2,6.496182717571698e+39,6.309895369512855e+39
2016-09-28,0.00954733118068335,0.0,0.00954733118068335,1.0,2,6.558203925386586e+39,6.370138030321053e+39
2016-09-29,0.0004066725411190908,0.0,0.0004066725411190908,1.0,2,6.560870966842101e+39,6.372728590541123e+39
2016-09-30,0.01123169082275055,0.0,0.01123169082275055,1.0,2,6.634560641069632e+39,6.444305107767384e+39
2016-10-03,-0.027862560424703697,0.0005,-0.028362560424703698,1.0,2,6.449704794316469e+39,6.261528114753105e+39
2016-10-04,0.007259676311169638,0.0,0.007259676311169638,1.0,2,6.496527563425805e+39,6.3069847820795e+39
2016-10-05,0.014730156644595371,0.0,0.014730156644595371,1.0,2,6.592222432081e+39,6.399887655874611e+39
2016-10-06,0.008760893683449456,0.0,0.008760893683449456,1.0,2,6.649976191946113e+39,6.455956391213749e+39
2016-10-07,0.005470713636072655,0.0,0.005470713636072655,1.0,2,6.686356307378951e+39,6.491275079877054e+39
2016-10-10,0.018338351467768965,0.0,0.018338351467768965,1.0,2,6.8089730593824e+39,6.61031436376581e+39
2016-10-11,-0.005327780056943954,0.0,-0.005327780056943954,1.0,2,6.772696348508354e+39,6.575096062728408e+39
2016-10-12,0.009105865753022635,0.0,0.009105865753022635,1.0,2,6.834367612243857e+39,6.634968004788839e+39
2016-10-13,0.003012296630846345,0.0,0.003012296630846345,1.0,2,6.854954754776185e+39,6.654954496555438e+39
2016-10-14,0.009308750206515615,0.0,0.009308750206515615,1.0,2,6.918765816265362e+39,6.7169038055996e+39
2016-10-17,0.008047214459768914,0.0,0.008047214459768914,1.0,2,6.974442608585768e+39,6.770956171028898e+39
2016-10-18,0.01853071273777196,0.0,0.01853071273777196,1.0,2,7.103684001071549e+39,6.89642681479428e+39
2016-10-19,0.011708205893550205,0.0,0.011708205893550205,1.0,2,7.186855395958813e+39,6.977171599871693e+39
2016-10-20,0.007454107741057425,0.0,0.007454107741057425,1.0,2,7.24042699039969e+39,7.029180188704982e+39
2016-10-21,0.010461129104243072,0.0,0.010461129104243072,1.0,2,7.316170031916108e+39,7.102713350156013e+39
2016-10-24,0.019579813292567527,0.0,0.019579813292567527,1.0,2,7.459419275157702e+39,7.241783151422694e+39
2016-10-25,0.004961662728511174,0.0,0.004961662728511174,1.0,2,7.49643039775159e+39,7.277714436973068e+39
2016-10-26,0.000899753287963323,0.0,0.000899753287963323,1.0,2,7.503175335649955e+39,7.284262584466592e+39
2016-10-27,0.0032743212078698014,0.0,0.0032743212078698014,1.0,2,7.52774314177784e+39,7.308113599930604e+39
2016-10-28,0.005322534282410529,0.0,0.005322534282410529,1.0,2,7.567809812719134e+39,7.347011285105985e+39
2016-10-31,0.011472292949850693,0.0,0.011472292949850693,1.0,2,7.654629943879404e+39,7.431298350874581e+39
2016-11-01,0.06448808094315267,0.0005,0.06398808094315267,1.0,2,8.14826233929018e+39,7.90681287126306e+39
2016-11-02,0.0021418867060437052,0.0,0.0021418867060437052,1.0,2,8.165714994072061e+39,7.923748368639194e+39
2016-11-03,0.00019782985454069868,0.0,0.00019782985454069868,1.0,2,8.167330416281558e+39,7.925315922626378e+39
2016-11-04,0.0007818432604053127,0.0,0.0007818432604053127,1.0,2,8.173715988523032e+39,7.931512277467067e+39
2016-11-07,0.005328855597602489,0.0,0.005328855597602489,1.0,2,8.217272540721687e+39,7.973778161064301e+39
2016-11-08,0.0031274227310945646,0.0,0.0031274227310945646,1.0,2,8.24297142565314e+39,7.99871553613792e+39
2016-11-09,0.003603588202684971,0.0,0.003603588202684971,1.0,2,8.272675700237693e+39,8.02753961308058e+39
2016-11-10,-0.012404826657813839,0.0,-0.012404826657813839,1.0,2,8.170054592179936e+39,7.927959375691581e+39
2016-11-11,-0.00892489921801709,0.0,-0.00892489921801709,1.0,2,8.097137678339032e+39,7.857203137259001e+39
2016-11-14,-0.0067094355298873976,0.0,-0.0067094355298873976,1.0,2,8.042810455109595e+39,7.804485739364333e+39
2016-11-15,0.013538523489792731,0.0,0.013538523489792731,1.0,2,8.151698233380046e+39,7.910146952872469e+39
2016-11-16,0.0032187042881687278,0.0,0.0032187042881687278,1.0,2,8.177936139439683e+39,7.935607376789723e+39
2016-11-17,0.0030283123515398858,0.0,0.0030283123515398858,1.0,2,8.202701484460851e+39,7.959638874625825e+39
2016-11-18,-0.0038393880573861505,0.0,-0.0038393880573861505,1.0,2,8.171208130343108e+39,7.92907873218948e+39
2016-11-21,0.009115390212657393,0.0,0.009115390212657393,1.0,2,8.245691880960023e+39,8.001355378860269e+39
2016-11-22,0.0037402223675143675,0.0,0.0037402223675143675,1.0,2,8.27653260216882e+39,8.031282227218713e+39
2016-11-23,-0.009832423306030236,0.0,-0.009832423306030236,1.0,2,8.195154230118136e+39,7.9523152606705e+39
2016-11-25,0.000983824982861814,0.0,0.000983824982861814,1.0,2,8.203216827588131e+39,7.96013894709554e+39
2016-11-28,0.006347255186326561,0.0,0.006347255186326561,1.0,2,8.255284738141602e+39,8.010663980311374e+39
2016-11-29,0.0015962022212432925,0.0,0.0015962022212432925,1.0,2,8.268461841977619e+39,8.02345061995038e+39
2016-11-30,-0.010076426084908996,0.0,-0.010076426084908996,1.0,2,8.185145297391041e+39,7.942602912832532e+39
2016-12-01,-0.07068989417934896,0.0005,-0.07118989417934896,1.0,2,7.606538242475872e+39,7.377169851959395e+39
2016-12-02,0.01044977535848951,0.0,0.01044977535848951,1.0,2,7.686024858365505e+39,7.454259619693792e+39
2016-12-05,0.02229609114343578,0.0,0.02229609114343578,1.0,2,7.857393169138335e+39,7.620460471581318e+39
2016-12-06,0.01617055159856806,0.0,0.01617055159856806,1.0,2,7.984451550810121e+39,7.743687520841871e+39
2016-12-07,0.019847733110991306,0.0,0.019847733110991306,1.0,2,8.142924814228242e+39,7.897382164050455e+39
2016-12-08,0.017867293460918643,0.0,0.017867293460918643,1.0,2,8.288416841514253e+39,8.038487008748568e+39
2016-12-09,0.01483817850690028,0.0,0.01483817850690028,1.0,2,8.411401850148241e+39,8.157763513909778e+39
2016-12-12,0.002334658149204638,0.0,0.002334658149204638,1.0,2,8.431039598023926e+39,8.176809102976813e+39
2016-12-13,0.01648250859808198,0.0,0.01648250859808198,1.0,2,8.570004280689124e+39,8.311583429321504e+39
2016-12-14,0.0029218594724552682,0.0,0.0029218594724552682,1.0,2,8.595044628875637e+39,8.335868708095569e+39
2016-12-15,0.014071923366631989,0.0,0.014071923366631989,1.0,2,8.715993438225957e+39,8.453170413750195e+39
2016-12-16,0.007336076623209564,0.0,0.007336076623209564,1.0,2,8.779934633936175e+39,8.515183519614515e+39
2016-12-19,0.01454598865197837,0.0,0.01454598865197837,1.0,2,8.907647463486521e+39,8.639045282460341e+39
2016-12-20,0.015721939616829328,0.0,0.015721939616829328,1.0,2,9.04769295903546e+39,8.774867830738237e+39
2016-12-21,0.006240857791372123,0.0,0.006240857791372123,1.0,2,9.1041583241328e+39,8.82963053300796e+39
2016-12-22,0.003960703566065205,0.0,0.003960703566065205,1.0,2,9.140217196473213e+39,8.864602082147083e+39
2016-12-23,0.01174478181286509,0.0,0.01174478181286509,1.0,2,9.247567053167989e+39,8.96871489945977e+39
2016-12-27,0.013762962435962978,0.0,0.013762962435962978,1.0,2,9.374840971144789e+39,9.092150985719897e+39
2016-12-28,0.0012177539765386158,0.0,0.0012177539765386158,1.0,2,9.386257221016817e+39,9.103222988738047e+39
2016-12-29,0.008800479791405025,0.0,0.008800479791405025,1.0,2,9.468860788007304e+39,9.183335718687089e+39
2016-12-30,0.0028659932715174863,0.0,0.0028659932715174863,1.0,2,9.495998479314668e+39,9.209655097066932e+39
2017-01-03,-0.021861967352513834,0.0005,-0.022361967352513834,1.0,2,9.28839727058037e+39,9.003709090458408e+39
2017-01-04,0.028872693548440298,0.0,0.028872693548440298,1.0,2,9.556578318530006e+39,9.26367042382652e+39
2017-01-05,0.012280613257070805,0.0,0.012280613257070805,1.0,2,9.673938960920781e+39,9.377433977642498e+39
2017-01-06,0.01840290374942888,0.0,0.01840290374942888,1.0,2,9.851967528496456e+39,9.550005992549676e+39
2017-01-09,0.013544160445677078,0.0,0.013544160445677078,1.0,2,9.985404157408014e+39,9.679352805969947e+39
2017-01-10,0.02264664997612803,0.0,0.02264664997612803,1.0,2,1.0211540110231006e+40,9.898557720962201e+39
2017-01-11,0.0202681810323882,0.0,0.0202681810323882,1.0,2,1.0418509453804661e+40,1.0099183480810207e+40
2017-01-12,0.013162503857455043,0.0,0.013162503857455043,1.0,2,1.0555643124679296e+40,1.0232114022333516e+40
2017-01-13,0.022869306741082784,0.0,0.022869306741082784,1.0,2,1.0797043365146988e+40,1.0466115376519996e+40
2017-01-17,0.009581130588737663,0.0,0.009581130588737663,1.0,2,1.0900491247600724e+40,1.0566392594699229e+40
2017-01-18,0.021117728817896197,0.0,0.021117728817896197,1.0,2,1.1130684865749406e+40,1.0789530808097514e+40
2017-01-19,0.013319143447697634,0.0,0.013319143447697634,1.0,2,1.127893605414744e+40,1.0933238116663918e+40
2017-01-20,0.022609748571146504,0.0,0.022609748571146504,1.0,2,1.1533949962481752e+40,1.1180435881550163e+40
2017-01-23,0.014877904571232392,0.0,0.014877904571232392,1.0,2,1.1705550969352926e+40,1.134677733966065e+40
2017-01-24,0.028326805543897826,0.0,0.028326805543897826,1.0,2,1.203713183544597e+40,1.1668195294911123e+40
2017-01-25,0.027821187061794483,0.0,0.027821187061794483,1.0,2,1.2372019131927392e+40,1.1992818338884393e+40
2017-01-26,0.015984998887762114,0.0,0.015984998887762114,1.0,2,1.2569785843990624e+40,1.2184523526692593e+40
2017-01-27,0.01616443734201356,0.0,0.01616443734201356,1.0,2,1.2772969359668339e+40,1.2381479493782104e+40
2017-01-30,0.00795848339480587,0.0,0.00795848339480587,1.0,2,1.2874622824219624e+40,1.2480017292736497e+40
2017-01-31,0.020552740004895265,0.0,0.020552740004895265,1.0,2,1.31392315997869e+40,1.2736515843410706e+40
2017-02-01,0.057308501184805516,0.0005,0.056808501184805515,1.0,2,1.3892221269490723e+40,1.3460058218791397e+40
2017-02-02,0.007546420879051774,0.0,0.007546420879051774,1.0,2,1.3997057818135212e+40,1.3561633483166935e+40
2017-02-03,0.018266497963134842,0.0,0.018266497963134842,1.0,2,1.425273504626006e+40,1.3809357033563985e+40
2017-02-06,0.005752069541147098,0.0,0.005752069541147098,1.0,2,1.4334717769397693e+40,1.3888789415539574e+40
2017-02-07,0.00891837004879481,0.0,0.00891837004879481,1.0,2,1.4462560087010214e+40,1.4012654779077138e+40
2017-02-08,0.00896059081702033,0.0,0.00896059081702033,1.0,2,1.4592153170116482e+40,1.4138216444812612e+40
2017-02-09,0.017074132250452456,0.0,0.017074132250452456,1.0,2,1.4841301523161908e+40,1.4379614222176863e+40
2017-02-10,0.014886738151925594,0.0,0.014886738151925594,1.0,2,1.5062240092770993e+40,1.4593679773828114e+40
2017-02-13,0.0137786594088396,0.0,0.0137786594088396,1.0,2,1.5269777568943452e+40,1.4794761116953362e+40
2017-02-14,0.011826971982465129,0.0,0.011826971982465129,1.0,2,1.545037280042982e+40,1.4969738342170832e+40
2017-02-15,0.013971923486459648,0.0,0.013971923486459648,1.0,2,1.5666244227034704e+40,1.5178894380899966e+40
2017-02-16,0.007595277266853273,0.0,0.007595277266853273,1.0,2,1.5785233695669273e+40,1.5294182292327183e+40
2017-02-17,0.01008034505242933,0.0,0.01008034505242933,1.0,2,1.5944354298054854e+40,1.5448352927128596e+40
2017-02-21,0.015191057664099561,0.0,0.015191057664099561,1.0,2,1.6186565903613439e+40,1.5683029747259967e+40
2017-02-22,0.0070391455026418415,0.0,0.0070391455026418415,1.0,2,1.6300505496197074e+40,1.5793424875573187e+40
2017-02-23,0.005085039209603737,0.0,0.005085039209603737,1.0,2,1.6383394205781597e+40,1.5873735060319408e+40
2017-02-24,0.008291245895515553,0.0,0.008291245895515553,1.0,2,1.6519232955744897e+40,1.6005348100984784e+40
2017-02-27,0.013585492194373106,0.0,0.013585492194373106,1.0,2,1.6743654866122202e+40,1.622278863267894e+40
2017-02-28,0.00019882146859284688,0.0,0.00019882146859284688,1.0,2,1.6746983864172296e+40,1.622601407133956e+40
2017-03-01,0.024218928148839525,0.0,0.024218928148839525,1.0,2,1.7152577863088457e+40,1.661899074027539e+40
2017-03-02,0.0015610412016395236,0.0,0.0015610412016395236,1.0,2,1.717935374384707e+40,1.6644933669550627e+40
2017-03-03,0.009593504549184562,0.0,0.009593504549184562,1.0,2,1.7344163952140717e+40,1.6804616916430336e+40
2017-03-06,0.004016897307974998,0.0,0.004016897307974998,1.0,2,1.741383367762915e+40,1.6872119336883497e+40
2017-03-07,0.004970918739777563,0.0,0.004970918739777563,1.0,2,1.7500396429788645e+40,1.6955989271074974e+40
2017-03-08,0.0074281933700449665,0.0,0.0074281933700449665,1.0,2,1.7630392758521558e+40,1.7081941638160924e+40
2017-03-09,0.007570340130793607,0.0,0.007570340130793607,1.0,2,1.7763860828343048e+40,1.7211257746456168e+40
2017-03-10,0.014109888604043497,0.0,0.014109888604043497,1.0,2,1.8014506925808702e+40,1.7454106675994147e+40
2017-03-13,0.0105937263954059,0.0,0.0105937263954059,1.0,2,1.8205347683328865e+40,1.7639010706595856e+40
2017-03-14,0.005184902822159498,0.0,0.005184902822159498,1.0,2,1.8299740641910554e+40,1.7730467262988588e+40
2017-03-15,0.019506047615121258,0.0,0.019506047615121258,1.0,2,1.865669625421603e+40,1.8076318601658792e+40
2017-03-16,0.009862442192341614,0.0,0.009862442192341614,1.0,2,1.8840696842523312e+40,1.8254595248918002e+40
2017-03-17,0.010803762918356552,0.0,0.010803762918356552,1.0,2,1.9044247264426565e+40,1.8451813568157872e+40
2017-03-20,0.007251144890067007,0.0,0.007251144890067007,1.0,2,1.9182339860663184e+40,1.8585610341825088e+40
2017-03-21,-0.009847070696923699,0.0,-0.009847070696923699,1.0,2,1.8993450003922815e+40,1.840259652284366e+40
2017-03-22,0.011998222904714917,0.0,0.011998222904714917,1.0,2,1.922133765079944e+40,1.8623394977950268e+40
2017-03-23,0.010239714514757747,0.0,0.010239714514757747,1.0,2,1.9418158660935388e+40,1.881409322582005e+40
2017-03-24,0.010567110717136452,0.0,0.010567110717136452,1.0,2,1.9623352493428413e+40,1.9012903831979817e+40
2017-03-27,0.00835526666076064,0.0,0.00835526666076064,1.0,2,1.9787310836289112e+40,1.9171761713491408e+40
2017-03-28,0.014552299275294,0.0,0.014552299275294,1.0,2,2.007526170543206e+40,1.9450754927580757e+40
2017-03-29,0.012171979301684177,0.0,0.012171979301684177,1.0,2,2.0319617375386472e+40,1.96875091139614e+40
2017-03-30,0.01278670332013565,0.0,0.01278670332013565,1.0,2,2.0579438294344212e+40,1.993924745211409e+40
2017-03-31,0.009026826857252535,0.0,0.009026826857252535,1.0,2,2.0765205320646767e+40,2.0119235586528237e+40
2017-04-03,0.004090175556418829,0.0,0.004090175556418829,1.0,2,2.0850138655873296e+40,2.0201526792138088e+40
2017-04-04,0.008550619061251874,0.0,0.008550619061251874,1.0,2,2.102842024889395e+40,2.0374262352193333e+40
2017-04-05,0.0025889329689478546,0.0,0.0025889329689478546,1.0,2,2.1082861419361203e+40,2.042700995171492e+40
2017-04-06,0.013216103973258009,0.0,0.013216103973258009,1.0,2,2.1361494707933268e+40,2.069697543909956e+40
2017-04-07,0.007806931099400505,0.0,0.007806931099400505,1.0,2,2.152826242529831e+40,2.0858555300318593e+40
2017-04-10,0.009768247748179304,0.0,0.009768247748179304,1.0,2,2.1738555826256444e+40,2.1062306836161203e+40
2017-04-11,0.009593056456747795,0.0,0.009593056456747795,1.0,2,2.1947095019585886e+40,2.1264358734749843e+40
2017-04-12,0.00039798166043325534,0.0,0.00039798166043325534,1.0,2,2.195582956090347e+40,2.1272821559547149e+40
2017-04-13,0.0021356030800729897,0.0,0.0021356030800729897,1.0,2,2.200271849813929e+40,2.131825186279156e+40
2017-04-17,0.01816882584884505,0.0,0.01816882584884505,1.0,2,2.2402482058733146e+40,2.1705579468288437e+40
2017-04-18,0.007285952430170051,0.0,0.007285952430170051,1.0,2,2.2565705477330816e+40,2.1863725287763663e+40
2017-04-19,0.011473558524918381,0.0,0.011473558524918381,1.0,2,2.2824614419781044e+40,2.211458001942556e+40
2017-04-20,0.018886855606979835,0.0,0.018886855606979835,1.0,2,2.325569961661244e+40,2.2532254899061454e+40
2017-04-21,0.007294996865162606,0.0,0.007294996865162606,1.0,2,2.342534987241279e+40,2.269662762791515e+40
2017-04-24,0.022075199384290645,0.0,0.022075199384290645,1.0,2,2.394246914149307e+40,2.319766020815238e+40
2017-04-25,0.017608716749953957,0.0,0.017608716749953957,1.0,2,2.436406529890013e+40,2.360614123601941e+40
2017-04-26,0.010152940139312061,0.0,0.010152940139312061,1.0,2,2.4611432195430157e+40,2.3845812974908862e+40
2017-04-27,0.011718318161848873,0.0,0.011718318161848873,1.0,2,2.489983678831498e+40,2.412524579817679e+40
2017-04-28,0.0037618923065069754,0.0,0.0037618923065069754,1.0,2,2.4993507292762223e+40,2.4216002374737546e+40
2017-05-01,0.01600623505633708,0.0,0.01600623505633708,1.0,2,2.5393559245372447e+40,2.460360940087241e+40
2017-05-02,0.007289986180661512,0.0,0.007289986180661512,1.0,2,2.557867794134902e+40,2.4782969373399163e+40
2017-05-03,0.0036347905460009655,0.0,0.0036347905460009655,1.0,2,2.567165107810944e+40,2.4873050276179426e+40
2017-05-04,0.008339197896671868,0.0,0.008339197896671868,1.0,2,2.5885732056784104e+40,2.508047156472635e+40
2017-05-05,0.013817868199027528,0.0,0.013817868199027528,1.0,2,2.624341769058009e+40,2.5427030215177196e+40
2017-05-08,0.007506167663236363,0.0,0.007506167663236363,1.0,2,2.6440405183821925e+40,2.5617889767150493e+40
2017-05-09,0.010273413547465304,0.0,0.010273413547465304,1.0,2,2.6712038400637876e+40,2.588107294294181e+40
2017-05-10,0.01141051303168833,0.0,0.01141051303168833,1.0,2,2.7016836462911316e+40,2.6176389263031325e+40
2017-05-11,0.0044862694017483995,0.0,0.0044862694017483995,1.0,2,2.7138041269666915e+40,2.629382359723032e+40
2017-05-12,0.006866881214777354,0.0,0.006866881214777354,1.0,2,2.7324394975467444e+40,2.647438016055481e+40
2017-05-15,0.013958868535608127,0.0,0.013958868535608127,1.0,2,2.7705812612745023e+40,2.6843932552777703e+40
2017-05-16,0.011193881102192271,0.0,0.011193881102192271,1.0,2,2.801594818497171e+40,2.714442034208877e+40
2017-05-17,-0.01794032778754512,0.0,-0.01794032778754512,1.0,2,2.7513332891254436e+40,2.6657440543548786e+40
2017-05-18,0.014024860562296404,0.0,0.014024860562296404,1.0,2,2.789920354865832e+40,2.7031307430119766e+40
2017-05-19,0.013149566785687794,0.0,0.013149566785687794,1.0,2,2.82660659889889e+40,2.7386757412476584e+40
2017-05-22,0.015878119122094858,0.0,0.015878119122094858,1.0,2,2.871487795187506e+40,2.7821607609039803e+40
2017-05-23,0.010993422635437289,0.0,0.010993422635437289,1.0,2,2.903055274112502e+40,2.8127462299883275e+40
2017-05-24,0.011316166266964689,0.0,0.011316166266964689,1.0,2,2.935906730276548e+40,2.8445757339936537e+40
2017-05-25,0.013660724608131947,0.0,0.013660724608131947,1.0,2,2.976013343594017e+40,2.883434699722716e+40
2017-05-26,0.009134703537747313,0.0,0.009134703537747313,1.0,2,3.003198343212129e+40,2.909774020875137e+40
2017-05-30,0.005096223488318619,0.0,0.005096223488318619,1.0,2,3.018503313148886e+40,2.9246028795860197e+40
2017-05-31,0.008514228484719721,0.0,0.008514228484719721,1.0,2,3.044203540038919e+40,2.9495036167298845e+40
2017-06-01,-0.05397831292181482,0.0005,-0.05447831292181482,1.0,2,2.879882568757002e+40,2.7888196357336494e+40
2017-06-02,0.052284980570404926,0.0,0.052284980570404926,1.0,2,3.0304571729095093e+40,2.934633016202347e+40
2017-06-05,0.03821820557115346,0.0,0.03821820557115346,1.0,2,3.1462758081183416e+40,3.0467894240914625e+40
2017-06-06,0.03722219787637837,0.0,0.03722219787637837,1.0,2,3.2633871088217844e+40,3.1601976229226515e+40
2017-06-07,0.04335610139467133,0.0,0.04335610139467133,1.0,2,3.404874851201925e+40,3.297211471489285e+40
2017-06-08,0.04035281405914909,0.0,0.04035281405914909,1.0,2,3.5422711329671494e+40,3.4302632329119855e+40
2017-06-09,0.02703511528467667,0.0,0.02703511528467667,1.0,2,3.6380368414164985e+40,3.5230007948705484e+40
2017-06-12,0.0363215299839324,0.0,0.0363215299839324,1.0,2,3.770175905634658e+40,3.6509615738748563e+40
2017-06-13,0.05060600302955054,0.0,0.05060600302955054,1.0,2,3.960969438937144e+40,3.8357221463431397e+40
2017-06-14,0.040683446666568646,0.0,0.040683446666568646,1.0,2,4.122115327854052e+40,3.9917725437116673e+40
2017-06-15,0.03029487817796278,0.0,0.03029487817796278,1.0,2,4.246994309546904e+40,4.112702806637549e+40
2017-06-16,0.04356479205179986,0.0,0.04356479205179986,1.0,2,4.4320137334874925e+40,4.2918718491795677e+40
2017-06-19,0.05170111459139759,0.0,0.05170111459139759,1.0,2,4.661153783393178e+40,4.513766407465595e+40
2017-06-20,0.03297972710693298,0.0,0.03297972710693298,1.0,2,4.814877363172933e+40,4.662629191808251e+40
2017-06-21,0.04193594611148255,0.0,0.04193594611148255,1.0,2,5.01679380080835e+40,4.858160958333747e+40
2017-06-22,0.03884620637384262,0.0,0.03884620637384262,1.0,2,5.211677208129566e+40,5.046882081518525e+40
2017-06-23,0.0402617769065976,0.0,0.0402617769065976,1.0,2,5.421508593192477e+40,5.250078521958528e+40
2017-06-26,0.038369985769101556,0.0,0.038369985769101556,1.0,2,5.629531800760334e+40,5.451523960132743e+40
2017-06-27,0.029117563862294193,0.0,0.029117563862294193,1.0,2,5.79345005248379e+40,5.610259057188735e+40
2017-06-28,0.049342695807326586,0.0,0.049342695807326586,1.0,2,6.079314496098439e+40,5.887084363247898e+40
2017-06-29,0.024780865876834757,0.0,0.024780865876834757,1.0,2,6.229965173249351e+40,6.032971411259155e+40
2017-06-30,0.039882704095125676,0.0,0.039882704095125676,1.0,2,6.478433030776993e+40,6.273582624868757e+40
2017-07-03,0.032210610550354346,0.0,0.032210610550354346,1.0,2,6.687107314107902e+40,6.475658551553874e+40
2017-07-05,0.0421564504141545,0.0,0.0421564504141545,1.0,2,6.969012022009222e+40,6.74864933018145e+40
2017-07-06,0.0291459608282863,0.0,0.0291459608282863,1.0,2,7.172130573414559e+40,6.945345199202759e+40
2017-07-07,0.04360381063910562,0.0,0.04360381063910562,1.0,2,7.484862796816668e+40,7.248188716092018e+40
2017-07-10,0.04151318331695425,0.0,0.04151318331695425,1.0,2,7.795583278203169e+40,7.549084102979024e+40
2017-07-11,0.04000176230473823,0.0,0.04000176230473823,1.0,2,8.107420347524644e+40,7.8510607708848685e+40
2017-07-12,0.048893459514905535,0.0,0.048893459514905535,1.0,2,8.503820176056661e+40,8.234926292835191e+40
2017-07-13,0.040412163528256106,0.0,0.040412163528256106,1.0,2,8.847477947626348e+40,8.567717480824383e+40
2017-07-14,0.045429065918052514,0.0,0.045429065918052514,1.0,2,9.24941060651758e+40,8.956940883028005e+40
2017-07-17,0.03701849423592868,0.0,0.03701849423592868,1.0,2,9.591809859740689e+40,9.28851334747793e+40
2017-07-18,0.04193466156187092,0.0,0.04193466156187092,1.0,2,9.994039159974732e+40,9.678024011117339e+40
2017-07-19,0.043141614565985587,0.0,0.043141614565985587,1.0,2,1.0425198145371727e+41,1.0095549592765316e+41
2017-07-20,0.04049262141353954,0.0,0.04049262141353954,1.0,2,1.08473417470334e+41,1.0504344860386775e+41
2017-07-21,0.03539188519891634,0.0,0.03539188519891634,1.0,2,1.1231249620857818e+41,1.087611342777541e+41
2017-07-24,0.038408036433819126,0.0,0.038408036433819126,1.0,2,1.1662619865493041e+41,1.1293843588567757e+41
2017-07-25,0.0378442314314284,0.0,0.0378442314314284,1.0,2,1.2103982750779534e+41,1.172125041908387e+41
2017-07-26,0.042572604762236455,0.0,0.042572604762236455,1.0,2,1.2619280824477401e+41,1.2220254580494726e+41
2017-07-27,0.03435152939564562,0.0,0.03435152939564562,1.0,2,1.3052772420671343e+41,1.2640039014938863e+41
2017-07-28,0.03680487817505701,0.0,0.03680487817505701,1.0,2,1.3533178119460895e+41,1.3105254111011656e+41
2017-07-31,0.0371205716551114,0.0,0.0371205716551114,1.0,2,1.4035537427565731e+41,1.3591728635297909e+41
2017-08-01,0.04324133105080019,0.0,0.04324133105080019,1.0,2,1.4642452747946999e+41,1.4179453072769467e+41
2017-08-02,0.03930647033445084,0.0,0.03930647033445084,1.0,2,1.5217995882507774e+41,1.4736797324333018e+41
2017-08-03,0.03524569327135196,0.0,0.03524569327135196,1.0,2,1.5754364697587343e+41,1.5256205962628542e+41
2017-08-04,0.03971733642984204,0.0,0.03971733642984204,1.0,2,1.6380086100519844e+41,1.5862141827489221e+41
2017-08-07,0.040726311110703184,0.0,0.040726311110703184,1.0,2,1.704718658306972e+41,1.6508148350437646e+41
2017-08-08,0.034531400066680706,0.0,0.034531400066680706,1.0,2,1.7635849802981052e+41,1.7078197825486725e+41
2017-08-09,0.03421982279187935,0.0,0.03421982279187935,1.0,2,1.823934545802326e+41,1.766261072867954e+41
2017-08-10,0.020403769188255705,0.0,0.020403769188255705,1.0,2,1.861149685289363e+41,1.8022994561249526e+41
2017-08-11,0.04143633544134878,0.0,0.04143633544134878,1.0,2,1.9382689079555738e+41,1.8769801409547066e+41
2017-08-14,0.048865519621888065,0.0,0.048865519621888065,1.0,2,2.0329834253097724e+41,1.968699750862423e+41
2017-08-15,0.037603022367879935,0.0,0.037603022367879935,1.0,2,2.1094297465252247e+41,2.0427288116297424e+41
2017-08-16,0.041912086012111216,0.0,0.041912086012111216,1.0,2,2.1978403474980956e+41,2.1283438372821857e+41
2017-08-17,0.022732899635854342,0.0,0.022732899635854342,1.0,2,2.247803631533401e+41,2.1767272641257107e+41
2017-08-18,0.0392557672975698,0.0,0.0392557672975698,1.0,2,2.3360428878235083e+41,2.262176363076505e+41
2017-08-21,0.03749149495146109,0.0,0.03749149495146109,1.0,2,2.42362462795874e+41,2.3469887367721026e+41
2017-08-22,0.04791108207988232,0.0,0.04791108207988232,1.0,2,2.5397431064396952e+41,2.45943550678015e+41
2017-08-23,0.03506263462487985,0.0,0.03506263462487985,1.0,2,2.6287931910218478e+41,2.5456697953378388e+41
2017-08-24,0.03636592662663818,0.0,0.03636592662663818,1.0,2,2.724391691323154e+41,2.6382454363307434e+41
2017-08-25,0.04035089169394512,0.0,0.04035089169394512,1.0,2,2.8343233253916182e+41,2.7447009921941697e+41
2017-08-28,0.03970666249310162,0.0,0.03970666249310162,1.0,2,2.9468648450692685e+41,2.8536839081357044e+41
2017-08-29,0.03592891966542483,0.0,0.03592891966542483,1.0,2,3.0527425153526268e+41,2.9562136880216277e+41
2017-08-30,0.042594593915499634,0.0,0.042594593915499634,1.0,2,3.182772843122653e+41,3.0821324095903506e+41
2017-08-31,0.04743546691021777,0.0,0.04743546691021777,1.0,2,3.3337491590053372e+41,3.228334799518383e+41
2017-09-01,0.03924439864733337,0.0,0.03924439864733337,1.0,2,3.4645801399915553e+41,3.355028857357742e+41
2017-09-05,0.029784201322500037,0.0,0.029784201322500037,1.0,2,3.5677698923789995e+41,3.454955712288082e+41
2017-09-06,0.04366890677011315,0.0,0.04366890677011315,1.0,2,3.723570503186514e+41,3.6058298511828596e+41
2017-09-07,0.044329811645626216,0.0,0.044329811645626216,1.0,2,3.888635682241981e+41,3.765675609311972e+41
2017-09-08,0.03406405467494694,0.0,0.03406405467494694,1.0,2,4.021098380732821e+41,3.893949789155689e+41
2017-09-11,0.048301767945922336,0.0,0.048301767945922336,1.0,2,4.215324541606702e+41,4.08203444826456e+41
2017-09-12,0.040405170079384156,0.0,0.040405170079384156,1.0,2,4.385645446650123e+41,4.246969744416594e+41
2017-09-13,0.03621603002793522,0.0,0.03621603002793522,1.0,2,4.544476113837881e+41,4.400778128208118e+41
2017-09-14,0.03543639534523324,0.0,0.03543639534523324,1.0,2,4.70551596604481e+41,4.5567258417859564e+41
2017-09-15,0.039845726915522295,0.0,0.039845726915522295,1.0,2,4.893010670224462e+41,4.738291895306663e+41
2017-09-18,0.03869319337775723,0.0,0.03869319337775723,1.0,2,5.082336878286887e+41,4.921631539892024e+41
2017-09-19,0.041636713506932765,0.0,0.041636713506932765,1.0,2,5.293948682833836e+41,5.1265521023051916e+41
2017-09-20,0.03429618840284787,0.0,0.03429618840284787,1.0,2,5.475510944255314e+41,5.302373299062866e+41
2017-09-21,0.03246877671105991,0.0,0.03246877671105991,1.0,2,5.653294086483304e+41,5.474534873748824e+41
2017-09-22,0.037696905802523994,0.0,0.037696905802523994,1.0,2,5.8664057811354316e+41,5.680907899197166e+41
2017-09-25,0.028939535044040565,0.0,0.028939535044040565,1.0,2,6.036176836821162e+41,5.845310732427949e+41
2017-09-26,0.036114811904763344,0.0,0.036114811904763344,1.0,2,6.254172227906847e+41,6.056413030054479e+41
2017-09-27,0.041477190649493956,0.0,0.041477190649493956,1.0,2,6.5135777217585096e+41,6.307616027954128e+41
2017-09-28,0.037652793040774235,0.0,0.037652793040774235,1.0,2,6.75883211567088e+41,6.545115388835355e+41
2017-09-29,0.043052079599553594,0.0,0.043052079599553594,1.0,2,7.04981389391476e+41,6.826896217543758e+41
2017-10-02,0.035847136961974224,0.0,0.035847136961974224,1.0,2,7.302529538126352e+41,7.071620901279232e+41
2017-10-03,0.03940842064049682,0.0,0.03940842064049682,1.0,2,7.590310693904488e+41,7.350302312366973e+41
2017-10-04,0.035728346893841356,0.0,0.035728346893841356,1.0,2,7.861499947408341e+41,7.612916463157825e+41
2017-10-05,0.04049409105827112,0.0,0.04049409105827112,1.0,2,8.179844242133289e+41,7.92119459563595e+41
2017-10-06,0.03561168682918181,0.0,0.03561168682918181,1.0,2,8.471142293595625e+41,8.203281696888745e+41
2017-10-09,0.03677886705505673,0.0,0.03677886705505673,1.0,2,8.782701309816246e+41,8.504989103833795e+41
2017-10-10,0.042383170935038794,0.0,0.042383170935038794,1.0,2,9.154940040701577e+41,8.865457510822226e+41
2017-10-11,0.039579655688133764,0.0,0.039579655688133764,1.0,2,9.517289415358055e+41,9.21634926661835e+41
2017-10-12,0.0355102812746943,0.0,0.0355102812746943,1.0,2,9.85525103947009e+41,9.543624421401791e+41
2017-10-13,0.0420124072341152,0.0,0.0420124072341152,1.0,2,1.0269293859534746e+42,9.944575057083171e+41
2017-10-16,0.037934191236775106,0.0,0.037934191236775106,1.0,2,1.0658851216668978e+42,1.0321814469067029e+42
2017-10-17,0.035566031803940135,0.0,0.035566031803940135,1.0,2,1.1037944258034493e+42,1.0688920450748236e+42
2017-10-18,0.03706638006955976,0.0,0.03706638006955976,1.0,2,1.1447080895089412e+42,1.1085120038708958e+42
2017-10-19,0.032604090577550315,0.0,0.032604090577550315,1.0,2,1.1820302557441455e+42,1.1446540296514044e+42
2017-10-20,0.03737860690050038,0.0,0.03737860690050038,1.0,2,1.2262129000181039e+42,1.1874396026628181e+42
2017-10-23,0.032783579136912044,0.0,0.032783579136912044,1.0,2,1.2664125476645498e+42,1.226368122847018e+42
2017-10-24,0.038973192232322984,0.0,0.038973192232322984,1.0,2,1.3157686873301061e+42,1.2741636034463277e+42
2017-10-25,0.033164904156204156,0.0,0.033164904156204156,1.0,2,1.3594060297371435e+42,1.3164211172339489e+42
2017-10-26,0.03514873814523556,0.0,0.03514873814523556,1.0,2,1.4071874363094288e+42,1.3626916583724634e+42
2017-10-27,0.052809522483022175,0.0,0.052809522483022175,1.0,2,1.4815003328650378e+42,1.4346547541427105e+42
2017-10-30,0.03757073489124979,0.0,0.03757073489124979,1.0,2,1.5371613891124084e+42,1.4885557875710772e+42
2017-10-31,0.04113088479552923,0.0,0.04113088479552923,1.0,2,1.6003861971201263e+42,1.5497814041813814e+42
2017-11-01,0.09759281510353779,0.0005,0.09709281510353779,1.0,2,1.7565723913499248e+42,1.7002540435084655e+42
2017-11-02,0.007882540065265231,0.0,0.007882540065265231,1.0,2,1.7704186436022794e+42,1.7136563641275504e+42
2017-11-03,0.011807161476155015,0.0,0.011807161476155015,1.0,2,1.791322262407687e+42,1.733889781533445e+42
2017-11-06,0.009713592598808773,0.0,0.009713592598808773,1.0,2,1.8087224370778915e+42,1.7507320804824983e+42
2017-11-07,0.002420834865030641,0.0,0.002420834865030641,1.0,2,1.813101055414733e+42,1.7549703137422583e+42
2017-11-08,0.009775051851040273,0.0,0.009775051851040273,1.0,2,1.8308242122425878e+42,1.7721252395561252e+42
2017-11-09,0.0023410812337963938,0.0,0.0023410812337963938,1.0,2,1.835110320448249e+42,1.7762739286983872e+42
2017-11-10,0.0070624639298020875,0.0,0.0070624639298020875,1.0,2,1.8480707208936224e+42,1.7888187992492673e+42
2017-11-13,0.007572357366797011,0.0,0.007572357366797011,1.0,2,1.862064972831343e+42,1.8023643744616274e+42
2017-11-14,0.0039887090151496385,0.0,0.0039887090151496385,1.0,2,1.8694922081752697e+42,1.8095534814906268e+42
2017-11-15,0.0026586221141398636,0.0,0.0026586221141398636,1.0,2,1.8744624815021366e+42,1.8143644003932365e+42
2017-11-16,0.02084871476498884,0.0,0.02084871476498884,1.0,2,1.913542615116648e+42,1.8521915662567852e+42
2017-11-17,0.007442341509669659,0.0,0.007442341509669659,1.0,2,1.9277838527516523e+42,1.865976208434198e+42
2017-11-20,0.01069634454848789,0.0,0.01069634454848789,1.0,2,1.9484040930556952e+42,1.8859353328788912e+42
2017-11-21,0.018077847151218684,0.0,0.018077847151218684,1.0,2,1.9836270444387648e+42,1.9200289835637583e+42
2017-11-22,0.00771103872333373,0.0,0.00771103872333373,1.0,2,1.9989228693910842e+42,1.9348344014059414e+42
2017-11-24,0.00973573045501197,0.0,0.00973573045501197,1.0,2,2.018383843647835e+42,1.9536714276131144e+42
2017-11-27,0.006200141220584543,0.0,0.006200141220584543,1.0,2,2.030898108515798e+42,1.9657844663629368e+42
2017-11-28,0.016301944686094638,0.0,0.016301944686094638,1.0,2,2.0640056971439167e+42,1.9978305759983693e+42
2017-11-29,0.0010664207352398813,0.0,0.0010664207352398813,1.0,2,2.066206795617004e+42,1.99996110395011e+42
2017-11-30,0.013074091050515158,0.0,0.013074091050515158,1.0,2,2.0932205713920937e+42,2.0261087775206428e+42
2017-12-01,-0.06135120380456632,0.0005,-0.061851203804566324,1.0,2,1.9647989695087066e+42,1.9007915105919928e+42
2017-12-04,0.030654286226761807,0.0,0.030654286226761807,1.0,2,2.0250284794980732e+42,1.959058917615079e+42
2017-12-05,0.03677915861113412,0.0,0.03677915861113412,1.0,2,2.0995073231375966e+42,2.0311114562746007e+42
2017-12-06,0.03556786356659053,0.0,0.03556786356659053,1.0,2,2.1741823131640124e+42,2.103353751439915e+42
2017-12-07,0.040097993746978866,0.0,0.040097993746978866,1.0,2,2.261362661962055e+42,2.187694017012837e+42
2017-12-08,0.04265641377926005,0.0,0.04265641377926005,1.0,2,2.357824283375677e+42,2.281013198224948e+42
2017-12-11,0.04158646564230589,0.0,0.04158646564230589,1.0,2,2.4558778619268744e+42,2.375872475222576e+42
2017-12-12,0.0363548036212793,0.0,0.0363548036212793,1.0,2,2.545160819315073e+42,2.4622468524884957e+42
2017-12-13,0.03996017216543618,0.0,0.03996017216543618,1.0,2,2.646865883843626e+42,2.560638660627739e+42
2017-12-14,0.034299511307608055,0.0,0.034299511307608055,1.0,2,2.7376520901562427e+42,2.6484673153226387e+42
2017-12-15,0.04177120580579219,0.0,0.04177120580579219,1.0,2,2.852007119038816e+42,2.7590969886208946e+42
2017-12-18,0.047804249509487085,0.0,0.047804249509487085,1.0,2,2.988345178960181e+42,2.8909935494858024e+42
2017-12-19,0.031817747164875065,0.0,0.031817747164875065,1.0,2,3.083427590305709e+42,2.982978451298626e+42
2017-12-20,0.03648971412022162,0.0,0.03648971412022162,1.0,2,3.195940981586368e+42,3.0918264822132946e+42
2017-12-21,0.035776939852475875,0.0,0.035776939852475875,1.0,2,3.3102819698566464e+42,3.2024425723017316e+42
2017-12-22,0.03425832175046717,0.0,0.03425832175046717,1.0,2,3.4236866746647654e+42,3.3121528803310374e+42
2017-12-26,0.03109078937972276,0.0,0.03109078937972276,1.0,2,3.5301317959689314e+42,3.4151303279268515e+42
2017-12-27,0.035577214736458806,0.0,0.035577214736458806,1.0,2,3.655724052922119e+42,3.536631152956498e+42
2017-12-28,0.037098708244767464,0.0,0.037098708244767464,1.0,2,3.7913466929848555e+42,3.667835600269387e+42
2017-12-29,0.032284355265172315,0.0,0.032284355265172315,1.0,2,3.913747876554615e+42,3.786249307842731e+42
2018-01-02,0.046866474185156326,0.0,0.046866474185156326,1.0,2,4.097171440378372e+42,3.963697463287308e+42
2018-01-03,0.04130872987367323,0.0,0.04130872987367323,1.0,2,4.266420388655091e+42,4.1274327710992074e+42
2018-01-04,0.04034789893504842,0.0,0.04034789893504842,1.0,2,4.438561487310976e+42,4.2939660114087247e+42
2018-01-05,0.04145085573533497,0.0,0.04145085573533497,1.0,2,4.622543659193917e+42,4.47195457708006e+42
2018-01-08,0.03537499336951344,0.0,0.03537499336951344,1.0,2,4.786066110488188e+42,4.6301499405930316e+42
2018-01-09,0.034398293502358124,0.0,0.034398293502358124,1.0,2,4.95069861727845e+42,4.789419197209477e+42
2018-01-10,0.0314038117795612,0.0,0.0314038117795612,1.0,2,5.106169424832796e+42,4.9398252162120606e+42
2018-01-11,0.04038928100552064,0.0,0.04038928100552064,1.0,2,5.312403936594165e+42,5.1393412049878065e+42
2018-01-12,0.041972899092039107,0.0,0.041972899092039107,1.0,2,5.535380930960984e+42,5.355054254784319e+42
2018-01-16,0.033376596743425135,0.0,0.033376596743425135,1.0,2,5.720133108114914e+42,5.5337877411854183e+42
2018-01-17,0.04217388577312098,0.0,0.04217388577312098,1.0,2,5.9613733484236e+42,5.76716907327487e+42
2018-01-18,0.032144413086677925,0.0,0.032144413086677925,1.0,2,6.15299819589924e+42,5.952551338306931e+42
2018-01-19,0.03856615113671413,0.0,0.03856615113671413,1.0,2,6.390295654266219e+42,6.182118332869126e+42
2018-01-22,0.04130099866845377,0.0,0.04130099866845377,1.0,2,6.654221246574095e+42,6.437445993903178e+42
2018-01-23,0.03949771940185215,0.0,0.03949771940185215,1.0,2,6.917047810209121e+42,6.691710429434943e+42
2018-01-24,0.033775218983723154,0.0,0.033775218983723154,1.0,2,7.150672614719816e+42,6.917724414564771e+42
2018-01-25,0.03380701329916763,0.0,0.03380701329916763,1.0,2,7.392415498903644e+42,7.151592015847939e+42
2018-01-26,0.04574578554138825,0.0,0.04574578554138825,1.0,2,7.730587352949325e+42,7.478747210484424e+42
2018-01-29,0.02611393575903187,0.0,0.02611393575903187,1.0,2,7.932463414463828e+42,7.674046734697053e+42
2018-01-30,0.02560989848022993,0.0,0.02560989848022993,1.0,2,8.135612997206385e+42,7.870578292505185e+42
2018-01-31,0.03644766367114505,0.0,0.03644766367114505,1.0,2,8.432137083487159e+42,8.157442483007828e+42
2018-02-01,0.08041373609582309,0.0005,0.07991373609582308,1.0,2,9.110196729642498e+42,8.809334188811772e+42
2018-02-02,-0.009991464799482042,0.0,-0.009991464799482042,1.0,2,9.019172519701918e+42,8.721316036357385e+42
2018-02-05,-0.028742654235662912,0.0,-0.028742654235662912,1.0,2,8.759937562476333e+42,8.470642265044422e+42
2018-02-06,0.028928245578180023,0.0,0.028928245578180023,1.0,2,9.013347187533173e+42,8.715683084692539e+42
2018-02-07,0.0009801451352207113,0.0,0.0009801451352207113,1.0,2,9.022181575931089e+42,8.724225719068126e+42
2018-02-08,-0.026072425265712518,0.0,-0.026072425265712518,1.0,2,8.786951421058937e+42,8.496763996006515e+42
2018-02-09,0.027099517898413195,0.0,0.027099517898413195,1.0,2,9.025073568366412e+42,8.727022203994887e+42
2018-02-12,0.02649753606188915,0.0,0.02649753606188915,1.0,2,9.264215780705403e+42,8.958266789558148e+42
2018-02-13,0.012580355644062069,0.0,0.012580355644062069,1.0,2,9.380762909990009e+42,9.07096497172518e+42
2018-02-14,0.023746164342565823,0.0,0.023746164342565823,1.0,2,9.603520047709278e+42,9.286365596689423e+42
2018-02-15,0.02576682154147819,0.0,0.02576682154147819,1.0,2,9.85097223494861e+42,9.525645721788241e+42
2018-02-16,0.007483565321048435,0.0,0.007483565321048435,1.0,2,9.924692629144681e+42,9.596931513772408e+42
2018-02-20,0.0074805388396316785,0.0,0.0074805388396316785,1.0,2,9.998934677828405e+42,9.668721732702468e+42
2018-02-21,0.006987933700670301,0.0,0.006987933700670301,1.0,2,1.0068806570434401e+43,9.736286119140821e+42
2018-02-22,0.011257012590362048,0.0,0.011257012590362048,1.0,2,1.0182151252767703e+43,9.845887614567357e+42
2018-02-23,0.02770425592976611,0.0,0.02770425592976611,1.0,2,1.0464240176989969e+43,1.0118660604897047e+43
2018-02-26,0.022163887655914427,0.0,0.022163887655914427,1.0,2,1.0696168420677281e+43,1.0342929461772313e+43
2018-02-27,-0.0012365610928468662,0.0,-0.0012365610928468662,1.0,2,1.0682941954965733e+43,1.0330139797613826e+43
2018-02-28,0.003469378532703238,0.0,0.003469378532703238,1.0,2,1.0720005124450408e+43,1.0365978962867491e+43
2018-03-01,-0.004213211419792751,0.0,-0.004213211419792751,1.0,2,1.0674839476439835e+43,1.0322304901923806e+43
2018-03-02,0.015169417012640796,0.0,0.015169417012640796,1.0,2,1.0836770568000952e+43,1.0478888249512716e+43
2018-03-05,0.01946633774261386,0.0,0.01946633774261386,1.0,2,1.1047722803916876e+43,1.0682873827344838e+43
2018-03-06,0.01390496936175839,0.0,0.01390496936175839,1.0,2,1.120134105102254e+43,1.0831418860609598e+43
2018-03-07,0.009394900024804087,0.0,0.009394900024804087,1.0,2,1.130657653034063e+43,1.0933178957931803e+43
2018-03-08,0.015305605022710334,0.0,0.015305605022710334,1.0,2,1.147963052487307e+43,1.1100517876704514e+43
2018-03-09,0.027902797360830567,0.0,0.027902797360830567,1.0,2,1.179994432918581e+43,1.1410253377618476e+43
2018-03-12,0.012263134672431675,0.0,0.012263134672431675,1.0,2,1.1944648635621813e+43,1.155017885143478e+43
2018-03-13,0.0014883325250032442,0.0,0.0014883325250032442,1.0,2,1.1962426244685944e+43,1.1567369358288977e+43
2018-03-14,0.008480264646804514,0.0,0.008480264646804514,1.0,2,1.2063870785058762e+43,1.1665463711714604e+43
2018-03-15,0.009410345975998158,0.0,0.009410345975998158,1.0,2,1.2177395982955903e+43,1.177523976121229e+43
2018-03-16,0.008915081079536646,0.0,0.008915081079536646,1.0,2,1.228595845548158e+43,1.1880216978414482e+43
2018-03-19,-0.0076671164574240724,0.0,-0.0076671164574240724,1.0,2,1.219176058121233e+43,1.1789129971301513e+43
2018-03-20,0.011926500487435432,0.0,0.011926500487435432,1.0,2,1.2337165619726854e+43,1.192973303565068e+43
2018-03-21,0.0063084992365540216,0.0,0.0063084992365540216,1.0,2,1.2414994619620143e+43,1.2004991747398376e+43
2018-03-22,-0.01538709292519419,0.0,-0.01538709292519419,1.0,2,1.222396394374226e+43,1.1820269823814968e+43
2018-03-23,-0.012320918993566077,0.0,-0.012320918993566077,1.0,2,1.207335347421114e+43,1.167463323683365e+43
2018-03-26,0.04189837564005633,0.0,0.04189837564005633,1.0,2,1.2579207373308818e+43,1.2163781405650394e+43
2018-03-27,-0.012381278725786482,0.0,-0.012381278725786482,1.0,2,1.2423460700670415e+43,1.20131782377075e+43
2018-03-28,0.0023814505412706466,0.0,0.0023814505412706466,1.0,2,1.2453046557880482e+43,1.2041787027524068e+43
2018-03-29,0.024564856482034325,0.0,0.024564856482034325,1.0,2,1.2758953859338908e+43,1.2337591797642422e+43
2018-04-02,-0.014568669775413545,0.0,-0.014568669775413545,1.0,2,1.2573072873882463e+43,1.2157849496918718e+43
2018-04-03,0.021493080355440453,0.0,0.021493080355440453,1.0,2,1.2843306939475628e+43,1.2419159133105343e+43
2018-04-04,0.019108061082987682,0.0,0.019108061082987682,1.0,2,1.308871763298269e+43,1.2656465184420064e+43
2018-04-05,0.01706614732969769,0.0,0.01706614732969769,1.0,2,1.3312091616463983e+43,1.2872462283930565e+43
2018-04-06,-0.014070765225741633,0.0,-0.014070765225741633,1.0,2,1.3124780300665154e+43,1.2691336889256164e+43
2018-04-09,0.016157953049155904,0.0,0.016157953049155904,1.0,2,1.3336849884543787e+43,1.2896402914843784e+43
2018-04-10,0.029208335478118297,0.0,0.029208335478118297,1.0,2,1.3726397070192846e+43,1.3273085377641525e+43
2018-04-11,0.0032083814068635252,0.0,0.0032083814068635252,1.0,2,1.377043658733608e+43,1.3315670497978862e+43
2018-04-12,0.019737064581263675,0.0,0.019737064581263675,1.0,2,1.4042224583572527e+43,1.3578482746540298e+43
2018-04-13,0.006650200466982059,0.0,0.006650200466982059,1.0,2,1.413560819205567e+43,1.366878237884225e+43
2018-04-16,0.017870463641192214,0.0,0.017870463641192214,1.0,2,1.438821806429794e+43,1.3913049857362718e+43
2018-04-17,0.02572308710909421,0.0,0.02572308710909421,1.0,2,1.475832745091052e+43,1.427093645079683e+43
2018-04-18,0.010916102230240865,0.0,0.010916102230240865,1.0,2,1.491943086211203e+43,1.4426719452014998e+43
2018-04-19,0.0019528290905832524,0.0,0.0019528290905832524,1.0,2,1.4948565960714507e+43,1.4454892369442577e+43
2018-04-20,-0.0020473549813400105,0.0,-0.0020473549813400105,1.0,2,1.4917960939730948e+43,1.4425298073545266e+43
2018-04-23,0.008706950011106607,0.0,0.008706950011106607,1.0,2,1.5047850879900824e+43,1.4550898422766936e+43
2018-04-24,-0.005702107640363163,0.0,-0.005702107640363163,1.0,2,1.4962046414427496e+43,1.446792763369633e+43
2018-04-25,0.011102857143806322,0.0,0.011102857143806322,1.0,2,1.5128167878345883e+43,1.4628562967380188e+43
2018-04-26,0.025029179003783042,0.0,0.025029179003783042,1.0,2,1.5506813500172284e+43,1.499470388845886e+43
2018-04-27,0.011296480976241141,0.0,0.011296480976241141,1.0,2,1.5681985923879102e+43,1.5164091275679205e+43
2018-04-30,0.003110068329762017,0.0,0.003110068329762017,1.0,2,1.5730757971648733e+43,1.5211252635705317e+43
2018-05-01,-0.0388724918614618,0.0005,-0.0393724918614618,1.0,2,1.5119264210421192e+43,1.461234771510337e+43
2018-05-02,0.030628373396292263,0.0,0.030628373396292263,1.0,2,1.558234268013517e+43,1.5059900157118016e+43
2018-05-03,0.03374508338567922,0.0,0.03374508338567922,1.0,2,1.6108170133220558e+43,1.5568097743699965e+43
2018-05-04,0.041617732908235006,0.0,0.041617732908235006,1.0,2,1.6778555655465338e+43,1.6216006677486567e+43
2018-05-07,0.03680602796115001,0.0,0.03680602796115001,1.0,2,1.7396107644068105e+43,1.6812853472676333e+43
2018-05-08,0.03150207365666974,0.0,0.03150207365666974,1.0,2,1.7944121108410895e+43,1.734249322115138e+43
2018-05-09,0.03923766126671757,0.0,0.03923766126671757,1.0,2,1.864820645419168e+43,1.8022972095683262e+43
2018-05-10,0.04166629294164165,0.0,0.04166629294164165,1.0,2,1.9425208087148242e+43,1.8773922530701032e+43
2018-05-11,0.03403579033214699,0.0,0.03403579033214699,1.0,2,2.0086360396760749e+43,1.9412907821667945e+43
2018-05-14,0.03550323647468784,0.0,0.03550323647468784,1.0,2,2.0799491199842751e+43,2.010212887872194e+43
2018-05-15,0.021901040103927516,0.0,0.021901040103927516,1.0,2,2.1255021690751794e+43,2.0542386409469148e+43
2018-05-16,0.03767884677951955,0.0,0.03767884677951955,1.0,2,2.2055886396332993e+43,2.1316399839477218e+43
2018-05-17,0.03149785401034633,0.0,0.03149785401034633,1.0,2,2.2750599486113473e+43,2.1987820689647243e+43
2018-05-18,0.028126799495304222,0.0,0.028126799495304222,1.0,2,2.339050103625736e+43,2.260626771352365e+43
2018-05-21,0.03979668485367027,0.0,0.03979668485367027,1.0,2,2.4321365434566743e+43,2.350592222543645e+43
2018-05-22,0.03270645924495241,0.0,0.03270645924495241,1.0,2,2.511683118193399e+43,2.427471771271771e+43
2018-05-23,0.02976358534069229,0.0,0.02976358534069229,1.0,2,2.5864398130305247e+43,2.49972203449814e+43
2018-05-24,0.03098031872370194,0.0,0.03098031872370194,1.0,2,2.666568542797882e+43,2.577164219847553e+43
2018-05-25,0.029833220947886874,0.0,0.029833220947886874,1.0,2,2.746120871307856e+43,2.654049329437254e+43
2018-05-29,0.018937081215475993,0.0,0.018937081215475993,1.0,2,2.798124385275326e+43,2.7043092771386865e+43
2018-05-30,0.043892457989723965,0.0,0.043892457989723965,1.0,2,2.9209409423060453e+43,2.823008058476717e+43
2018-05-31,0.029841736131438423,0.0,0.029841736131438423,1.0,2,3.0081068911618576e+43,2.9072515200547036e+43
2018-06-01,0.10741392556640311,0.0005,0.10691392556640311,1.0,2,3.3312194608649015e+43,3.2180771926726445e+43
2018-06-04,0.013792893577607268,0.0,0.013792893577607268,1.0,2,3.377166616372265e+43,3.2624637889157033e+43
2018-06-05,0.010978998854117017,0.0,0.010978998854117017,1.0,2,3.414244524783578e+43,3.2982823751158067e+43
2018-06-06,0.01276264266013677,0.0,0.01276264266013677,1.0,2,3.4578193076077196e+43,3.340377174461637e+43
2018-06-07,0.0004977441719042908,0.0,0.0004977441719042908,1.0,2,3.4595404170155795e+43,3.342039827732187e+43
2018-06-08,0.007860616782234153,0.0,0.007860616782234153,1.0,2,3.4867345384763897e+43,3.368310322088954e+43
2018-06-11,0.008679480862427535,0.0,0.008679480862427535,1.0,2,3.5169975841754607e+43,3.397545507068242e+43
2018-06-12,0.011400641652616728,0.0,0.011400641652616728,1.0,2,3.557093613325764e+43,3.4362797058927845e+43
2018-06-13,0.005118201741077022,0.0,0.005118201741077022,1.0,2,3.575299536050662e+43,3.453867278666313e+43
2018-06-14,0.01450823613915947,0.0,0.01450823613915947,1.0,2,3.627170825987912e+43,3.50397680073852e+43
2018-06-15,0.00465416359527937,0.0,0.00465416359527937,1.0,2,3.644052272400085e+43,3.520284882003221e+43
2018-06-18,0.007630952739188845,0.0,0.007630952739188845,1.0,2,3.6718598630699036e+43,3.547148009566269e+43
2018-06-19,0.004051343939808438,0.0,0.004051343939808438,1.0,2,3.686735830273978e+43,3.561518726158429e+43
2018-06-20,0.014326596636072442,0.0,0.014326596636072442,1.0,2,3.7395542074180686e+43,3.612543168359919e+43
2018-06-21,-0.001621985460121822,0.0,-0.001621985460121822,1.0,2,3.733488704866299e+43,3.606683675866777e+43
2018-06-22,0.004599357708647667,0.0,0.004599357708647667,1.0,2,3.7506603549211747e+43,3.6232721042340287e+43
2018-06-25,-0.012391024982499,0.0,-0.012391024982499,1.0,2,3.704185828762478e+43,3.578376049072073e+43
2018-06-26,0.01142102074830581,0.0,0.01142102074830581,1.0,2,3.746491411968355e+43,3.619244756173766e+43
2018-06-27,-0.006747248252195248,0.0,-0.006747248252195248,1.0,2,3.7212129043370865e+43,3.5948248133184055e+43
2018-06-28,0.011896031574480659,0.0,0.011896031574480659,1.0,2,3.7654805705424457e+43,3.637588962802368e+43
2018-06-29,0.008074473227737688,0.0,0.008074473227737688,1.0,2,3.7958848425988566e+43,3.6669605774960295e+43
2018-07-02,0.011871075319917379,0.0,0.011871075319917379,1.0,2,3.84094607747108e+43,3.710491342706653e+43
2018-07-03,0.003003965256590857,0.0,0.003003965256590857,1.0,2,3.852484146040242e+43,3.7216375297850245e+43
2018-07-05,0.018110997993945332,0.0,0.018110997993945332,1.0,2,3.922256478680883e+43,3.789040099621153e+43
2018-07-06,0.01760952351307138,0.0,0.01760952351307138,1.0,2,3.9913255463665107e+43,3.855763290347402e+43
2018-07-09,0.014039817430016865,0.0,0.014039817430016865,1.0,2,4.047363028341259e+43,3.9098975029972406e+43
2018-07-10,0.004760501488308866,0.0,0.004760501488308866,1.0,2,4.0666305060614035e+43,3.9285105758793935e+43
2018-07-11,-0.0009800467106718114,0.0,-0.0009800467106718114,1.0,2,4.0626450182104204e+43,3.9246604520116634e+43
2018-07-12,0.017366759276549515,0.0,0.017366759276549515,1.0,2,4.1331999962677543e+43,3.9928190853239446e+43
2018-07-13,0.0052163128466022335,0.0,0.0052163128466022335,1.0,2,4.154760060505862e+43,4.0136468788128785e+43
2018-07-16,0.003535620867376854,0.0,0.003535620867376854,1.0,2,4.1694497168747307e+43,4.0278376124718914e+43
2018-07-17,0.01064549769605766,0.0,0.01064549769605766,1.0,2,4.213835584229549e+43,4.0707159484955556e+43
2018-07-18,0.00650502570921796,0.0,0.00650502570921796,1.0,2,4.2412466930393803e+43,4.0971960603954435e+43
2018-07-19,0.006737571918810525,0.0,0.006737571918810525,1.0,2,4.2698223976591504e+43,4.1248012135178247e+43
2018-07-20,0.004198709209264073,0.0,0.004198709209264073,1.0,2,4.2877501402821243e+43,4.142120054359406e+43
2018-07-23,0.008043144858922824,0.0,0.008043144858922824,1.0,2,4.3222371357792803e+43,4.175435725979668e+43
2018-07-24,0.0043715206734096235,0.0,0.0043715206734096235,1.0,2,4.3411318847737184e+43,4.193688729576281e+43
2018-07-25,0.014558157863770349,0.0,0.014558157863770349,1.0,2,4.404330768059701e+43,4.254741112132967e+43
2018-07-26,0.0008373521299897546,0.0,0.0008373521299897546,1.0,2,4.4080187438095155e+43,4.2583038286657665e+43
2018-07-27,-0.008198095326529264,0.0,-0.008198095326529264,1.0,2,4.371881385946637e+43,4.22339384794904e+43
2018-07-30,-0.0034099504540600623,0.0,-0.0034099504540600623,1.0,2,4.3569734870295314e+43,4.2089922841795515e+43
2018-07-31,0.014839914711021307,0.0,0.014839914711021307,1.0,2,4.421630601975231e+43,4.2714533706961233e+43
2018-08-01,0.007731732344317455,0.0,0.007731732344317455,1.0,2,4.4558174663151465e+43,4.304479104879578e+43
2018-08-02,0.015241374153846299,0.0,0.015241374153846299,1.0,2,4.523730247480498e+43,4.3700852814544606e+43
2018-08-03,0.006299726893413404,0.0,0.006299726893413404,1.0,2,4.552228512579098e+43,4.397615625228549e+43
2018-08-06,0.011439249591784995,0.0,0.011439249591784995,1.0,2,4.604302590733331e+43,4.447921047974272e+43
2018-08-07,0.009508326702155123,0.0,0.009508326702155123,1.0,2,4.648081804001603e+43,4.490213334443804e+43
2018-08-08,0.006314031414663024,0.0,0.006314031414663024,1.0,2,4.677429938529992e+43,4.518564682496021e+43
2018-08-09,0.0071033372038112885,0.0,0.0071033372038112885,1.0,2,4.710655300630573e+43,4.550661571113023e+43
2018-08-10,0.0004135136936541661,0.0,0.0004135136936541661,1.0,2,4.712603221103469e+43,4.552543331987865e+43
2018-08-13,0.003261268419363139,0.0,0.003261268419363139,1.0,2,4.727972285161442e+43,4.567390397784259e+43
2018-08-14,0.01407374748829815,0.0,0.01407374748829815,1.0,2,4.794512573234477e+43,4.631670696923153e+43
2018-08-15,-0.006010408012157797,0.0,-0.006010408012157797,1.0,2,4.765695596449917e+43,4.603832466256689e+43
2018-08-16,0.012833817189983776,0.0,0.012833817189983776,1.0,2,4.826857662517865e+43,4.66291721050194e+43
2018-08-17,0.008041187507851377,0.0,0.008041187507851377,1.0,2,4.865671330055881e+43,4.700412602125173e+43
2018-08-20,0.007441500823269498,0.0,0.007441500823269498,1.0,2,4.901879227264251e+43,4.735390726373594e+43
2018-08-21,0.013493285051085213,0.0,0.013493285051085213,1.0,2,4.96802168096372e+43,4.799286703272818e+43
2018-08-22,0.008971803534652545,0.0,0.008971803534652545,1.0,2,5.01259379544122e+43,4.842344960681052e+43
2018-08-23,0.004012163189563045,0.0,0.004012163189563045,1.0,2,5.032705139751522e+43,4.861773238883463e+43
2018-08-24,0.013536773621555753,0.0,0.013536773621555753,1.0,2,5.100831729932378e+43,4.927585962617566e+43
2018-08-27,0.0122630244589097,0.0,0.0122630244589097,1.0,2,5.163383354197321e+43,4.988013069800525e+43
2018-08-28,0.007652627396957934,0.0,0.007652627396957934,1.0,2,5.202896803114648e+43,5.026184475274865e+43
2018-08-29,0.013103159708988565,0.0,0.013103159708988565,1.0,2,5.271071190875246e+43,5.092043373181231e+43
2018-08-30,0.004717924768795179,0.0,0.004717924768795179,1.0,2,5.295939708204759e+43,5.116067250735342e+43
2018-08-31,0.008272979945560921,0.0,0.008272979945560921,1.0,2,5.339752911203636e+43,5.158392372500817e+43
2018-09-04,0.0018695136138621726,0.0,0.0018695136138621726,1.0,2,5.349735651965792e+43,5.16803605726685e+43
2018-09-05,-0.0012740325393582053,0.0,-0.0012740325393582053,1.0,2,5.342919914668224e+43,5.161451811165315e+43
2018-09-06,-0.0008404622729346056,0.0,-0.0008404622729346056,1.0,2,5.338429392052634e+43,5.157113805644462e+43
2018-09-07,0.0035463708297369667,0.0,0.0035463708297369667,1.0,2,5.35736144232522e+43,5.175402843610433e+43
2018-09-10,0.009088290379500319,0.0,0.009088290379500319,1.0,2,5.40605069878101e+43,5.222438407484056e+43
2018-09-11,0.01034764139247818,0.0,0.01034764139247818,1.0,2,5.461990572761551e+43,5.276478327319006e+43
2018-09-12,0.0035094803074959824,0.0,0.0035094803074959824,1.0,2,5.481159321116387e+43,5.294996024101661e+43
2018-09-13,0.012088914319438204,0.0,0.012088914319438204,1.0,2,5.547420586520553e+43,5.359006777358792e+43
2018-09-14,0.006832499855458696,0.0,0.006832499855458696,1.0,2,5.585323336876124e+43,5.395622190390498e+43
2018-09-17,-0.005511940036030394,0.0,-0.005511940036030394,1.0,2,5.554537369561422e+43,5.36588184441999e+43
2018-09-18,0.012216816064060887,0.0,0.012216816064060887,1.0,2,5.622396130926306e+43,5.431435835934753e+43
2018-09-19,0.004214174299064177,0.0,0.004214174299064177,1.0,2,5.646089888200414e+43,5.454324853241566e+43
2018-09-20,0.0164063023187746,0.0,0.0164063023187746,1.0,2,5.738721345825206e+43,5.543810155728653e+43
2018-09-21,0.0019122643269420259,0.0,0.0019122643269420259,1.0,2,5.749695297937088e+43,5.554411386124792e+43
2018-09-24,0.005368165713927842,0.0,0.005368165713927842,1.0,2,5.780560615101005e+43,5.584228386888837e+43
2018-09-25,0.007605859985100716,0.0,0.007605859985100716,1.0,2,5.824526749774851e+43,5.626701246124338e+43
2018-09-26,0.002301869033245585,0.0,0.002301869033245585,1.0,2,5.837934047533467e+43,5.639653175482116e+43
2018-09-27,0.010308661331420721,0.0,0.010308661331420721,1.0,2,5.89811533250466e+43,5.697790450094833e+43
2018-09-28,0.006675723005875711,0.0,0.006675723005875711,1.0,2,5.93748951672117e+43,5.73582732088519e+43
2018-10-01,-0.00035631040890576893,0.0005,-0.0008563104089057689,1.0,2,5.935373927403593e+43,5.730915672246629e+43
2018-10-02,0.006640713988565694,0.0,0.006640713988565694,1.0,2,5.974789048070669e+43,5.768973044118607e+43
2018-10-03,0.00953601233539969,0.0,0.00953601233539969,1.0,2,6.031764710134481e+43,5.823986042229909e+43
2018-10-04,-0.0049794637305021205,0.0,-0.0049794637305021205,1.0,2,6.001729756529444e+43,5.794985714965675e+43
2018-10-05,-0.0001264463922101,0.0,-0.0001264463922101,1.0,2,6.000970859454711e+43,5.794252959929108e+43
2018-10-08,0.004691098715090214,0.0,0.004691098715090214,1.0,2,6.029122006142792e+43,5.821434372544339e+43
2018-10-09,0.008837439012531034,0.0,0.008837439012531034,1.0,2,6.082404004171188e+43,5.872880943777151e+43
2018-10-10,-0.02760923140230115,0.0,-0.02760923140230115,1.0,2,5.914473504537742e+43,5.710735214802243e+43
2018-10-11,-0.00838361905249646,0.0,-0.00838361905249646,1.0,2,5.864888811779614e+43,5.662858586251665e+43
2018-10-12,0.030830606566241037,0.0,0.030830606566241037,1.0,2,6.045706891290341e+43,5.837447951364651e+43
2018-10-15,-0.0005342609267173781,0.0,-0.0005342609267173781,1.0,2,6.042476906323939e+43,5.83432923101249e+43
2018-10-16,0.032975103111764714,0.0,0.032975103111764714,1.0,2,6.241728205360428e+43,6.02671683899311e+43
2018-10-17,0.008618122434479902,0.0,0.008618122434479902,1.0,2,6.29552018323697e+43,6.078655822589494e+43
2018-10-18,-0.010051068847974631,0.0,-0.010051068847974631,1.0,2,6.232243476441441e+43,6.017558834413505e+43
2018-10-19,0.008149833028413045,0.0,0.008149833028413045,1.0,2,6.283035220166856e+43,6.066600934152627e+43
2018-10-22,0.00916309496422274,0.0,0.00916309496422274,1.0,2,6.340607268552801e+43,6.122189774622311e+43
2018-10-23,0.0016131660177121643,0.0,0.0016131660177121643,1.0,2,6.350835720730089e+43,6.132065883120716e+43
2018-10-24,-0.027389740565676113,0.0,-0.027389740565676113,1.0,2,6.176887977964064e+43,5.964110189450406e+43
2018-10-25,0.034034133629833874,0.0,0.034034133629833874,1.0,2,6.387113008822607e+43,6.167093512621216e+43
2018-10-26,-0.015344477068458318,0.0,-0.015344477068458318,1.0,2,6.289106099725077e+43,6.072462687637762e+43
2018-10-29,-0.0015230790854890985,0.0,-0.0015230790854890985,1.0,2,6.279527293758164e+43,6.063213846720807e+43
2018-10-30,0.022322768458577613,0.0,0.022322768458577613,1.0,2,6.419703727566046e+43,6.198561565535998e+43
2018-10-31,0.026032660717870804,0.0,0.026032660717870804,1.0,2,6.586825696615024e+43,6.359926615710431e+43
2018-11-01,-0.09215366505077605,0.001,-0.09315366505077605,0.0,1,5.979825567621318e+43,5.767476142003026e+43
2018-11-02,0.040597713780236466,0.0,0.040597713780236466,0.0,1,6.222592814471349e+43,6.001622487650408e+43
2018-11-05,0.040731111654666696,0.0,0.040731111654666696,0.0,1,6.476045937179108e+43,6.246075243304055e+43
2018-11-06,0.040642186994018115,0.0,0.040642186994018115,0.0,1,6.739246607139793e+43,6.499929401321125e+43
2018-11-07,0.04077566358835816,0.0,0.04077566358835816,0.0,1,7.014043859631509e+43,6.764968335937473e+43
2018-11-08,0.04077623981394596,0.0,0.04077623981394596,0.0,1,7.300050194117378e+43,7.040818307137411e+43
2018-11-09,0.040865236001218386,0.0,0.040865236001218386,0.0,1,7.598368468120724e+43,7.32854300890028e+43
2018-11-12,0.0405526122841654,0.0,0.0405526122841654,0.0,1,7.906502158600652e+43,7.625734572148044e+43
2018-11-13,0.040731788083845255,0.0,0.040731788083845255,0.0,1,8.22854812900924e+43,7.936344376724432e+43
2018-11-14,0.0405526122841654,0.0,0.0405526122841654,0.0,1,8.562237250946547e+43,8.258183873187355e+43
2018-11-15,0.04104350168443338,0.0,0.04104350168443338,0.0,1,8.91366144997829e+43,8.59712865689688e+43
2018-11-16,0.040775718508684,0.0,0.040775718508684,0.0,1,9.277122400144313e+43,8.947682754993449e+43
2018-11-19,0.040552733901416116,0.0,0.040552733901416116,0.0,1,9.653335076208231e+43,9.310535752790986e+43
2018-11-20,0.040909524256946384,0.0,0.040909524256946384,0.0,1,1.0048248421668803e+44,9.691425341014956e+43
2018-11-21,0.04095331963633286,0.0,0.04095331963633286,0.0,1,1.0459757551066684e+44,1.0088321380737199e+44
2018-11-23,0.0406420465845474,0.0,0.0406420465845474,0.0,1,1.0884863504720207e+44,1.0498331408253005e+44
2018-11-26,0.04077554395635097,0.0,0.04077554395635097,0.0,1,1.1328699735015807e+44,1.0926406582058566e+44
2018-11-27,0.04064208810363745,0.0,0.04064208810363745,0.0,1,1.1789121747745973e+44,1.1370478561022754e+44
2018-11-28,0.04073131152992704,0.0,0.04073131152992704,0.0,1,1.226930813831765e+44,1.1833613065536127e+44
2018-11-29,0.040775813981057896,0.0,0.040775813981057896,0.0,1,1.2769599164641972e+44,1.2316138270620244e+44
2018-11-30,0.0408196530710645,0.0,0.0408196530710645,0.0,1,1.3290849772399213e+44,1.2818878762002223e+44
2018-12-03,0.0734957593246503,0.0005,0.0729957593246503,0.5,2,1.426767086849155e+44,1.3754602550925209e+44
2018-12-04,0.01207697165642313,0.0,0.01207697165642313,0.5,2,1.4439981125173495e+44,1.3920716496078097e+44
2018-12-06,0.024535077753547962,0.0,0.024535077753547962,0.5,2,1.4794267184839392e+44,1.4262262357694472e+44
2018-12-07,0.016408045426732687,0.0,0.016408045426732687,0.5,2,1.5037012192863458e+44,1.4496278206347504e+44
2018-12-10,0.02767571228859178,0.0,0.02767571228859178,0.5,2,1.5453172215993194e+44,1.489747303124176e+44
2018-12-11,0.028586909169314556,0.0,0.028586909169314556,0.5,2,1.5894930646509565e+44,1.5323345739638182e+44
2018-12-12,0.030754341252386408,0.0,0.030754341252386408,0.5,2,1.6383768767795333e+44,1.5794605143643314e+44
2018-12-13,0.027246509534484153,0.0,0.027246509534484153,0.5,2,1.6830169279737853e+44,1.6224953003283006e+44
2018-12-14,0.017581815749099672,0.0,0.017581815749099672,0.5,2,1.7126074215040361e+44,1.651021713752453e+44
2018-12-17,0.017663163876012355,0.0,0.017663163876012355,0.5,2,1.7428574870453367e+44,1.680183980845317e+44
2018-12-18,0.02723895176561525,0.0,0.02723895176561525,0.5,2,1.790331098069306e+44,1.7259504312569223e+44
2018-12-19,0.019864745887257285,0.0,0.019864745887257285,0.5,2,1.8258955703865074e+44,1.7602359979878434e+44
2018-12-20,0.01871701881308091,0.0,0.01871701881308091,0.5,2,1.860070892128153e+44,1.7931823682776444e+44
2018-12-21,0.01730670918033972,0.0,0.01730670918033972,0.5,2,1.89226259811303e+44,1.8242164540327384e+44
2018-12-24,0.013254125336404854,0.0,0.013254125336404854,0.5,2,1.9173428837578112e+44,1.8483948475552204e+44
2018-12-26,0.049032892255352956,0.0,0.049032892255352956,0.5,2,2.0113557507936757e+44,1.939026992960745e+44
2018-12-27,0.027960757276442594,0.0,0.027960757276442594,0.5,2,2.067594780738195e+44,1.993243656063391e+44
2018-12-28,0.02602576219819991,0.0,0.02602576219819991,0.5,2,2.1214055108239265e+44,2.045119341459167e+44
2018-12-31,0.030631838916251708,0.0,0.030631838916251708,0.5,2,2.1863880627075337e+44,2.107765107691255e+44
2019-01-02,0.15936811130792783,0.001,0.15836811130792783,1.0,1,2.534828598847433e+44,2.44156788687707e+44
2019-01-03,0.009046374317599692,0.0,0.009046374317599692,1.0,1,2.5577596071835637e+44,2.463655223903591e+44
2019-01-04,-0.008077267930408749,0.0,-0.008077267930408749,1.0,1,2.537099897534765e+44,2.4437556205719704e+44
2019-01-07,0.0034730431018265007,0.0,0.0034730431018265007,1.0,1,2.545911354832543e+44,2.4522428891725477e+44
2019-01-08,-0.0026897657728209845,0.0,-0.0026897657728209845,1.0,1,2.539063449609678e+44,2.4456469301826078e+44
2019-01-09,0.006422819787592959,0.0,0.006422819787592959,1.0,1,2.5553713965757855e+44,2.461354879679251e+44
2019-01-10,-0.0058953178523054595,0.0,-0.0058953178523054595,1.0,1,2.5403066699622814e+44,2.4468444103162185e+44
2019-01-11,0.0017265629163663032,0.0,0.0017265629163663032,1.0,1,2.544692669254836e+44,2.4510690411371886e+44
2019-01-14,0.002382308807446165,0.0,0.002382308807446165,1.0,1,2.5507549130130456e+44,2.4569082445015484e+44
2019-01-15,-0.0017149443526842667,0.0,-0.0017149443526842667,1.0,1,2.5463805102798923e+44,2.452694783582577e+44
2019-01-16,0.0031973897001464913,0.0,0.0031973897001464913,1.0,1,2.554522281096115e+44,2.460537004621207e+44
2019-01-17,-0.0013072601336513445,0.0,-0.0013072601336513445,1.0,1,2.551182855957514e+44,2.4573204426876918e+44
2019-01-18,-0.00893889428318173,0.0,-0.00893889428318173,1.0,1,2.5283781021110443e+44,2.4353547150306052e+44
2019-01-22,0.0035501885547537526,0.0,0.0035501885547537526,1.0,1,2.537354321111249e+44,2.4440006834666727e+44
2019-01-23,-0.0013890645019838388,0.0,-0.0013890645019838388,1.0,1,2.5338297722948378e+44,2.440605808874445e+44
2019-01-24,-0.0015672145247512814,0.0,-0.0015672145247512814,1.0,1,2.52985871747245e+44,2.4367808560015844e+44
2019-01-25,0.014564390652738401,0.0,0.014564390652738401,1.0,1,2.5667045681299546e+44,2.4722710843235057e+44
2019-01-28,0.003503859815478183,0.0,0.003503859815478183,1.0,1,2.5756979411244294e+44,2.4809335756288355e+44
2019-01-29,0.005589145639088189,0.0,0.005589145639088189,1.0,1,2.5900938920396733e+44,2.494799874703929e+44
2019-01-30,0.005730276697972103,0.0,0.005730276697972103,1.0,1,2.604935846714788e+44,2.5090957682920483e+44
2019-01-31,0.0004946726077847963,0.0,0.0004946726077847963,1.0,1,2.6062244371231947e+44,2.510336949238931e+44
2019-02-01,-0.002000503550023791,0.0,-0.002000503550023791,1.0,1,2.601010675884571e+44,2.5053150112602224e+44
2019-02-04,-0.004338347856011504,0.0,-0.004338347856011504,1.0,1,2.589726586795384e+44,2.4944460832524883e+44
2019-02-05,0.002581689688733735,0.0,0.002581689688733735,1.0,1,2.5964124572211534e+44,2.500885968984724e+44
2019-02-06,-0.00676450108851534,0.0,-0.00676450108851534,1.0,1,2.578849022328046e+44,2.483968723125274e+44
2019-02-07,0.0024317069569333993,0.0,0.0024317069569333993,1.0,1,2.5851200274365223e+44,2.490009007150103e+44
2019-02-08,0.0037950654054330624,0.0,0.0037950654054330624,1.0,1,2.5949307270215388e+44,2.499458754192355e+44
2019-02-11,-0.004883712284383446,0.0,-0.004883712284383446,1.0,1,2.5822578319528597e+44,2.487252116770196e+44
2019-02-12,0.0021059267942579174,0.0,0.0021059267942579174,1.0,1,2.587695877910852e+44,2.4924900876469775e+44
2019-02-13,-0.003956675124570319,0.0,-0.003956675124570319,1.0,1,2.577457206000769e+44,2.4826281141189466e+44
2019-02-14,0.005586121869790572,0.0,0.005586121869790572,1.0,1,2.591855196067659e+44,2.4964963773217835e+44
2019-02-15,0.005957699105733516,0.0,0.005957699105733516,1.0,1,2.6072966894514622e+44,2.5113697515564204e+44
2019-02-19,0.015170272284005026,0.0,0.015170272284005026,1.0,1,2.646850090155626e+44,2.5494679144933455e+44
2019-02-20,-0.001726639665001195,0.0,-0.001726639665001195,1.0,1,2.6422799338026513e+44,2.5450659020675333e+44
2019-02-21,-0.011328888407963977,0.0,-0.011328888407963977,1.0,1,2.6123458392899987e+44,2.516233134472096e+44
2019-02-22,0.0035994533801213535,0.0,0.0035994533801213535,1.0,1,2.621748856351277e+44,2.525290198333145e+44
2019-02-25,-0.0010285622430058483,0.0,-0.0010285622430058483,1.0,1,2.6190522244669904e+44,2.5226927801825066e+44
2019-02-26,0.0016756709823040339,0.0,0.0016756709823040339,1.0,1,2.6234408942806687e+44,2.5269199832715264e+44
2019-02-27,-0.007099630820547209,0.0,-0.007099630820547209,1.0,1,2.60481543245175e+44,2.5089797842772353e+44
2019-02-28,-0.005613033244300625,0.0,-0.005613033244300625,1.0,1,2.590194516834131e+44,2.4948967973388088e+44
2019-03-01,-0.06333395437595984,0.0005,-0.06383395437595984,1.0,2,2.4261472554800963e+44,2.335637669004755e+44
2019-03-04,0.0037560604515887164,0.0,0.0037560604515887164,1.0,2,2.4352600112361357e+44,2.3444104652825445e+44
2019-03-05,0.00631992328684905,0.0,0.00631992328684905,1.0,2,2.4506506676906797e+44,2.3592269595760166e+44
2019-03-06,0.003105491571491259,0.0,0.003105491571491259,1.0,2,2.4582611426838625e+44,2.3665535190142147e+44
2019-03-07,0.0018549761851753832,0.0,0.0018549761851753832,1.0,2,2.462821158560483e+44,2.370943419432929e+44
2019-03-08,0.009962483927595356,0.0,0.009962483927595356,1.0,2,2.4873569747691836e+44,2.3945639051422677e+44
2019-03-11,0.010563001105543646,0.0,0.010563001105543646,1.0,2,2.513630929243552e+44,2.41985768631958e+44
2019-03-12,0.01116771554672652,0.0,0.01116771554672652,1.0,2,2.5417024444507976e+44,2.4468819686239568e+44
2019-03-13,0.013054049117544264,0.0,0.013054049117544264,1.0,2,2.5748819530028405e+44,2.478823686027207e+44
2019-03-14,0.00016783187104219,0.0,0.00016783187104219,1.0,2,2.5753141002587255e+44,2.4792397116444165e+44
2019-03-15,0.010471419425783335,0.0,0.010471419425783335,1.0,2,2.6022812943556683e+44,2.5052008705221032e+44
2019-03-18,0.007737530384088087,0.0,0.007737530384088087,1.0,2,2.6224165249386895e+44,2.524584938376012e+44
2019-03-19,0.007686526820154249,0.0,0.007686526820154249,1.0,2,2.6425737998912463e+44,2.5439902282145965e+44
2019-03-20,0.007523807737894461,0.0,0.007523807737894461,1.0,2,2.6624560170948255e+44,2.5631307215787653e+44
2019-03-21,0.008470383500993717,0.0,0.008470383500993717,1.0,2,2.6850080406141466e+44,2.584841421753716e+44
2019-03-22,-0.002346051515280445,0.0,-0.002346051515280445,1.0,2,2.6787088734319237e+44,2.578777250619451e+44
2019-03-25,0.009072093243616741,0.0,0.009072093243616741,1.0,2,2.703010370104202e+44,2.6021721582915885e+44
2019-03-26,0.007342997401546925,0.0,0.007342997401546925,1.0,2,2.7228585682282312e+44,2.6212799016883012e+44
2019-03-27,0.0007639345460581648,0.0,0.0007639345460581648,1.0,2,2.7249386539525314e+44,2.6232823879600888e+44
2019-03-28,0.0006068446864597177,0.0,0.0006068446864597177,1.0,2,2.7265922684956113e+44,2.624874312938306e+44
2019-03-29,0.009671079046358888,0.0,0.009671079046358888,1.0,2,2.752961357851423e+44,2.650259679905489e+44
2019-04-01,-0.00685290381594994,0.0005,-0.0073529038159499405,1.0,2,2.73409557845704e+44,2.6307725753918538e+44
2019-04-02,0.00887770306311736,0.0,0.00887770306311736,1.0,2,2.7583680671487635e+44,2.654127793142775e+44
2019-04-03,0.01093639844304356,0.0,0.01093639844304356,1.0,2,2.78853467938367e+44,2.6831543922073403e+44
2019-04-04,0.007874498602369495,0.0,0.007874498602369495,1.0,2,2.8104929918191357e+44,2.7042828877187188e+44
2019-04-05,0.01176486008781491,0.0,0.01176486008781491,1.0,2,2.843558048645672e+44,2.7360983975306014e+44
2019-04-08,0.008036389331484595,0.0,0.008036389331484595,1.0,2,2.866409988211265e+44,2.7580867495024083e+44
2019-04-09,0.002185570964159056,0.0,0.002185570964159056,1.0,2,2.872674730652875e+44,2.764114743818752e+44
2019-04-10,0.011042972868296475,0.0,0.011042972868296475,1.0,2,2.904397599762915e+44,2.7946387879396007e+44
2019-04-11,0.005739003741990101,0.0,0.005739003741990101,1.0,2,2.9210659484561813e+44,2.8106772304010965e+44
2019-04-12,0.012687418047273802,0.0,0.012687418047273802,1.0,2,2.9581267332879014e+44,2.8463374674191487e+44
2019-04-15,0.006533603601723226,0.0,0.006533603601723226,1.0,2,2.977453960766865e+44,2.864934308147998e+44
2019-04-16,0.00918888054237843,0.0,0.00918888054237843,1.0,2,3.0048134295327833e+44,2.8912598472673316e+44
2019-04-17,0.008065537485725804,0.0,0.008065537485725804,1.0,2,3.0290488648862926e+44,2.9145794119464406e+44
2019-04-18,0.008531147131587313,0.0,0.008531147131587313,1.0,2,3.0548901264214052e+44,2.9394441177364512e+44
2019-04-22,0.007969766365191311,0.0,0.007969766365191311,1.0,2,3.079236887000314e+44,2.962870800598347e+44
2019-04-23,0.017088471886105183,0.0,0.017088471886105183,1.0,2,3.1318563399744767e+44,3.0135017349765335e+44
2019-04-24,0.004219170447098963,0.0,0.004219170447098963,1.0,2,3.145070175688657e+44,3.0262162124390285e+44
2019-04-25,0.008687423127513971,0.0,0.008687423127513971,1.0,2,3.172392731070589e+44,3.052506233151829e+44
2019-04-26,0.009186995745306792,0.0,0.009186995745306792,1.0,2,3.2015374895933768e+44,3.0805495949283175e+44
2019-04-29,0.008387191649968317,0.0,0.008387191649968317,1.0,2,3.2283893980931547e+44,3.1063867547682134e+44
2019-04-30,0.002747460616600139,0.0,0.002747460616600139,1.0,2,3.2372592708194652e+44,3.114921430036868e+44
2019-05-01,0.0023891467843822345,0.0,0.0023891467843822345,1.0,2,3.2449935583965548e+44,3.1223634345550435e+44
2019-05-02,0.0036098336033920653,0.0,0.0036098336033920653,1.0,2,3.2567074451864456e+44,3.1336346470031028e+44
2019-05-03,0.019675071314337267,0.0,0.019675071314337267,1.0,2,3.3207833964204218e+44,3.1952891321559668e+44
2019-05-06,-0.0004985742633690227,0.0,-0.0004985742633690227,1.0,2,3.3191277392847434e+44,3.1936960432306514e+44
2019-05-07,-0.011639379424359775,0.0,-0.011639379424359775,1.0,2,3.2804951521692907e+44,3.1565234032174133e+44
2019-05-08,0.004593713544879308,0.0,0.004593713544879308,1.0,2,3.2955648071837214e+44,3.1710235675295013e+44
2019-05-09,0.001480692933309491,0.0,0.001480692933309491,1.0,2,3.300444526704982e+44,3.1757188797173e+44
2019-05-10,0.009045090598648553,0.0,0.009045090598648553,1.0,2,3.3302973464648423e+44,3.2044435447001817e+44
2019-05-13,-0.02457838718051686,0.0,-0.02457838718051686,1.0,2,3.2484440088571816e+44,3.125683490560433e+44
2019-05-14,0.016672212288445176,0.0,0.016672212288445176,1.0,2,3.3026027569799768e+44,3.1777955492615453e+44
2019-05-15,0.015228426878900525,0.0,0.015228426878900525,1.0,2,3.3528962015747013e+44,3.22618837641957e+44
2019-05-16,0.015988256945378865,0.0,0.015988256945378865,1.0,2,3.4065031675566625e+44,3.2777695051359607e+44
2019-05-17,-0.0024598280481596957,0.0,-0.0024598280481596957,1.0,2,3.398123755518962e+44,3.2697067557718247e+44
2019-05-20,-0.00563386710344943,0.0,-0.00563386710344943,1.0,2,3.3789791778792934e+44,3.2512856624425554e+44
2019-05-21,0.016843474260751112,0.0,0.016843474260751112,1.0,2,3.435892926689517e+44,3.3060486088122553e+44
2019-05-22,0.002568571129846431,0.0,0.002568571129846431,1.0,2,3.4447182620662555e+44,3.3145404298227193e+44
2019-05-23,-0.007562723998834953,0.0,-0.007562723998834953,1.0,2,3.418666808596502e+44,3.2894734753689903e+44
2019-05-24,0.008367078042089082,0.0,0.008367078042089082,1.0,2,3.447271060583928e+44,3.3169967566547844e+44
2019-05-28,0.0009974652056803368,0.0,0.0009974652056803368,1.0,2,3.4507095935214094e+44,3.320305345506902e+44
2019-05-29,-0.000991302808345973,0.0,-0.000991302808345973,1.0,2,3.4472888954105655e+44,3.317013917493335e+44
2019-05-30,0.010396635388912279,0.0,0.010396635388912279,1.0,2,3.4831291011363953e+44,3.3514997017734605e+44
2019-05-31,-0.008614986690580695,0.0,-0.008614986690580695,1.0,2,3.453121990288531e+44,3.322626576449197e+44
2019-06-03,0.08608136872710037,0.001,0.08508136872710037,1.0,1,3.750371457594217e+44,3.6053201933425344e+44
2019-06-04,0.00032370080612220686,0.0,0.00032370080612220686,1.0,1,3.751585455858298e+44,3.606487238395449e+44
2019-06-05,0.0026032390347145995,0.0,0.0026032390347145995,1.0,1,3.7613517295590564e+44,3.61587578675264e+44
2019-06-06,0.0032691374883048185,0.0,0.0032691374883048185,1.0,1,3.7736481055048575e+44,3.627696581840166e+44
2019-06-07,0.005651688775439423,0.0,0.005651688775439423,1.0,1,3.794975590145197e+44,3.6481991938924525e+44
2019-06-10,-0.00996259899569718,0.0,-0.00996259899569718,1.0,1,3.7571677701421215e+44,3.611853648267276e+44
2019-06-11,-0.0011908750654835432,0.0,-0.0011908750654835432,1.0,1,3.752693452727821e+44,3.607552381817379e+44
2019-06-12,0.005186390862232271,0.0,0.005186390862232271,1.0,1,3.7721563877598075e+44,3.626262558525461e+44
2019-06-13,0.006112152106937829,0.0,0.006112152106937829,1.0,1,3.795212381372953e+44,3.648426826862862e+44
2019-06-14,-0.00029134290827681486,0.0,-0.00029134290827681486,1.0,1,3.7941066731602356e+44,3.647363883580489e+44
2019-06-17,-0.0006301447330221421,0.0,-0.0006301447330221421,1.0,1,3.79171583682362e+44,3.645065516439835e+44
2019-06-18,0.005091441318767709,0.0,0.005091441318767709,1.0,1,3.8110211355042496e+44,3.6636241536198524e+44
2019-06-19,0.006081567827235457,0.0,0.006081567827235457,1.0,1,3.8341981190308465e+44,3.6859047324035895e+44
2019-06-20,0.025072129974005097,0.0,0.025072129974005097,1.0,1,3.930329632617274e+44,3.7783182149262124e+44
2019-06-21,0.006627589942801881,0.0,0.006627589942801881,1.0,1,3.956378245762304e+44,3.803359358728162e+44
2019-06-24,0.01479803795942014,0.0,0.01479803795942014,1.0,1,4.0149248812249185e+44,3.859641614891938e+44
2019-06-25,0.0019783179328669576,0.0,0.0019783179328669576,1.0,1,4.0228676791165595e+44,3.867277213113118e+44
2019-06-26,-0.009166749341748659,0.0,-0.009166749341748659,1.0,1,3.985991059467076e+44,3.831826852265454e+44
2019-06-27,-0.0009622830254029102,0.0,-0.0009622830254029102,1.0,1,3.9821554079311435e+44,3.828139550329236e+44
2019-06-28,0.002708249542601626,0.0,0.002708249542601626,1.0,1,3.992940078493241e+44,3.83850710751543e+44
2019-07-01,-0.08576604366884771,0.001,-0.08676604366884771,1.0,2,3.650481405354098e+44,3.505455032201564e+44
2019-07-02,0.009159412049837445,0.0,0.009159412049837445,1.0,2,3.6839176687260056e+44,3.5375629392636747e+44
2019-07-03,0.013684434486305186,0.0,0.013684434486305186,1.0,2,3.7343299987166285e+44,3.585972487547209e+44
2019-07-05,0.0038922547679258734,0.0,0.0038922547679258734,1.0,2,3.748864962459142e+44,3.599930006059516e+44
2019-07-08,-0.0005025063830026433,0.0,-0.0005025063830026433,1.0,2,3.746981133886491e+44,3.598121018253109e+44
2019-07-09,0.008468430338118338,0.0,0.008468430338118338,1.0,2,3.778712182597053e+44,3.628591455444305e+44
2019-07-10,0.013698673082637058,0.0,0.013698673082637058,1.0,2,3.830475525459827e+44,3.678298343542886e+44
2019-07-11,0.007132504305465026,0.0,0.007132504305465026,1.0,2,3.857796408637148e+44,3.704533822314991e+44
2019-07-12,0.01112644783450406,0.0,0.01112644783450406,1.0,2,3.900719979133986e+44,3.745752124640135e+44
2019-07-15,0.008061669168396957,0.0,0.008061669168396957,1.0,2,3.9321662931243204e+44,3.775949139055804e+44
2019-07-16,0.0021003764849987228,0.0,0.0021003764849987228,1.0,2,3.9404253227415034e+44,3.783880053836028e+44
2019-07-17,0.0006742011649435442,0.0,0.0006742011649435442,1.0,2,3.943081962084468e+44,3.78643115017633e+44
2019-07-18,0.007944602504152465,0.0,0.007944602504152465,1.0,2,3.974408180914523e+44,3.816512840573822e+44
2019-07-19,0.0008622219339024517,0.0,0.0008622219339024517,1.0,2,3.9778350028223895e+44,3.819803521655985e+44
2019-07-22,0.01127743963781791,0.0,0.01127743963781791,1.0,2,4.022694796955918e+44,3.862881125299785e+44
2019-07-23,0.01312689468594419,0.0,0.01312689468594419,1.0,2,4.0755002879092545e+44,3.913588759015917e+44
2019-07-24,0.011181199191293678,0.0,0.011181199191293678,1.0,2,4.121069268432543e+44,3.957347374483282e+44
2019-07-25,-0.0009110778642795747,0.0,-0.0009110778642795747,1.0,2,4.1173146534449115e+44,3.9537419228891255e+44
2019-07-26,0.014584952464490375,0.0,0.014584952464490375,1.0,2,4.177365491946755e+44,4.011407060891326e+44
2019-07-29,0.0035634272129250744,0.0,0.0035634272129250744,1.0,2,4.192251229819092e+44,4.025701417974226e+44
2019-07-30,0.0021060982515949123,0.0,0.0021060982515949123,1.0,2,4.2010805228044596e+44,4.034179940692064e+44
2019-07-31,-0.005222491677713048,0.0,-0.005222491677713048,1.0,2,4.179140414736711e+44,4.013111469525403e+44
2019-08-01,0.06774709709231941,0.0005,0.06724709709231941,1.0,2,4.462265046176314e+44,4.282981566158878e+44
2019-08-02,-0.008402200853267983,0.0,-0.008402200853267983,1.0,2,4.424772198997823e+44,4.2469950947891665e+44
2019-08-05,-0.010077968840822848,0.0,-0.010077968840822848,1.0,2,4.380179482648584e+44,4.204194010556754e+44
2019-08-06,0.012027462336251848,0.0,0.012027462336251848,1.0,2,4.4328619264021625e+44,4.2547597956730206e+44
2019-08-07,0.010718661452227884,0.0,0.010718661452227884,1.0,2,4.480376272655738e+44,4.30036512548339e+44
2019-08-08,0.013997050791592802,0.0,0.013997050791592802,1.0,2,4.543088326909547e+44,4.360557554567175e+44
2019-08-09,-0.005485568637909499,0.0,-0.005485568637909499,1.0,2,4.518166904064199e+44,4.3366374168020415e+44
2019-08-12,-4.518720240348495e-05,0.0,-4.518720240348495e-05,1.0,2,4.517962740741813e+44,4.336441456289338e+44
2019-08-13,0.00840774312200021,0.0,0.00840774312200021,1.0,2,4.555948610900738e+44,4.372901142117411e+44
2019-08-14,-0.010795105314565956,0.0,-0.010795105314565956,1.0,2,4.506766665838314e+44,4.325695213758068e+44
2019-08-15,0.003721939390419038,0.0,0.003721939390419038,1.0,2,4.523540578215325e+44,4.341795189165102e+44
2019-08-16,0.005738898840349338,0.0,0.005738898840349338,1.0,2,4.5495007199939185e+44,4.3667123125412355e+44
2019-08-19,0.003259891423932182,0.0,0.003259891423932182,1.0,2,4.5643315983741995e+44,4.380947320559668e+44
2019-08-20,0.0009569952195179199,0.0,0.0009569952195179199,1.0,2,4.568699641894138e+44,4.385139866202403e+44
2019-08-21,0.003937455119719657,0.0,0.003937455119719657,1.0,2,4.5866886916895755e+44,4.402406157619269e+44
2019-08-22,-0.0018447936514818242,0.0,-0.0018447936514818242,1.0,2,4.578227197509823e+44,4.394284626688449e+44
2019-08-23,-0.004876279538434558,0.0,-0.004876279538434558,1.0,2,4.555902481904302e+44,4.372856866477271e+44
2019-08-26,0.008661931343108442,0.0,0.008661931343108442,1.0,2,4.595365396408454e+44,4.410734252427937e+44
2019-08-27,0.004987707486742821,0.0,0.004987707486742821,1.0,2,4.61828573480044e+44,4.432733704680805e+44
2019-08-28,0.0010712411136489797,0.0,0.0010712411136489797,1.0,2,4.623233032354137e+44,4.437482231271116e+44
2019-08-29,0.005153839246657965,0.0,0.005153839246657965,1.0,2,4.647060432202729e+44,4.460352301350989e+44
2019-08-30,-0.001292988515703919,0.0,-0.001292988515703919,1.0,2,4.641051836432109e+44,4.454585117049349e+44
2019-09-03,-0.023265750957067732,0.0005,-0.023765750957067733,1.0,2,4.533074280226837e+44,4.348718556540494e+44
2019-09-04,0.014307017147052459,0.0,0.014307017147052459,1.0,2,4.597929051682905e+44,4.410935747496624e+44
2019-09-05,-0.00010482791100613342,0.0,-0.00010482791100613342,1.0,2,4.597447060385463e+44,4.410473358316631e+44
2019-09-06,0.001450567181328355,0.0,0.001450567181328355,1.0,2,4.604115966209153e+44,4.4168710462243285e+44
2019-09-09,0.003972475518689955,0.0,0.003972475518689955,1.0,2,4.622405704170128e+44,4.4344169583246645e+44
2019-09-10,0.0005480729561736508,0.0,0.0005480729561736508,1.0,2,4.624939119729047e+44,4.436847342335921e+44
2019-09-11,0.011575302452232372,0.0,0.011575302452232372,1.0,2,4.678474188863072e+44,4.488205192257842e+44
2019-09-12,0.008210547474445273,0.0,0.008210547474445273,1.0,2,4.716887023298699e+44,4.525055814063928e+44
2019-09-13,0.0009673214290623067,0.0,0.0009673214290623067,1.0,2,4.721449769194801e+44,4.5294329975205744e+44
2019-09-16,0.007589413897481911,0.0,0.007589413897481911,1.0,2,4.757282805689391e+44,4.56380873925967e+44
2019-09-17,0.007284864132603208,0.0,0.007284864132603208,1.0,2,4.791938964569207e+44,4.5970554658523635e+44
2019-09-18,0.0022147983568909235,0.0,0.0022147983568909235,1.0,2,4.802552143114256e+44,4.60723701674467e+44
2019-09-19,0.007371110536558034,0.0,0.007371110536558034,1.0,2,4.837952285818736e+44,4.641197470063217e+44
2019-09-20,0.008741295932359228,0.0,0.008741295932359228,1.0,2,4.880242258455711e+44,4.681767550629557e+44
2019-09-23,0.007212935437748036,0.0,0.007212935437748036,1.0,2,4.915443130786523e+44,4.715536837706792e+44
2019-09-24,0.004277986603862471,0.0,0.004277986603862471,1.0,2,4.936471330652075e+44,4.735709841128522e+44
2019-09-25,-0.0018229625010605655,0.0,-0.0018229625010605655,1.0,2,4.927472328528735e+44,4.727076819672241e+44
2019-09-26,0.003682512854468023,0.0,0.003682512854468023,1.0,2,4.945617808718577e+44,4.744484340824742e+44
2019-09-27,5.2951361808495356e-05,0.0,5.2951361808495356e-05,1.0,2,4.945879685916534e+44,4.744735567731668e+44
2019-09-30,-0.000741085467776903,0.0,-0.000741085467776903,1.0,2,4.942214366355928e+44,4.741219313153978e+44
2019-10-01,0.002477534797993952,0.0,0.002477534797993952,1.0,2,4.9544588744277205e+44,4.752965848987237e+44
2019-10-02,0.0019614049579735338,0.0,0.0019614049579735338,1.0,2,4.964176574628099e+44,4.7622883397685195e+44
2019-10-03,0.010660156534732568,0.0,0.010660156534732568,1.0,2,5.0170954739796874e+44,4.813055078933984e+44
2019-10-04,0.011132651071318722,0.0,0.011132651071318722,1.0,2,5.072949047282996e+44,4.866637141714795e+44
2019-10-07,-0.0017612738775732995,0.0,-0.0017612738775732995,1.0,2,5.0640141946437566e+44,4.858065660845465e+44
2019-10-08,0.0013882027774477224,0.0,0.0013882027774477224,1.0,2,5.071044073213795e+44,4.8648096410888736e+44
2019-10-09,0.010272616371128418,0.0,0.010272616371128418,1.0,2,5.123136963579005e+44,4.9147839642503465e+44
2019-10-10,0.003425977918645573,0.0,0.003425977918645573,1.0,2,5.140688717690424e+44,4.931621905586782e+44
2019-10-11,0.007704246988368635,0.0,0.007704246988368635,1.0,2,5.18029385326183e+44,4.969616338800671e+44
2019-10-14,0.00613903182221287,0.0,0.00613903182221287,1.0,2,5.212095842075419e+44,5.0001249716487585e+44
2019-10-15,0.00613004730792116,0.0,0.00613004730792116,1.0,2,5.244046236160761e+44,5.030775974270483e+44
2019-10-16,0.006727764731040198,0.0,0.006727764731040198,1.0,2,5.279326945476347e+44,5.064621851439944e+44
2019-10-17,0.00723256439588843,0.0,0.00723256439588843,1.0,2,5.317510017576453e+44,5.101252055121307e+44
2019-10-18,0.002048206095416505,0.0,0.002048206095416505,1.0,2,5.328401374006892e+44,5.111700470674863e+44
2019-10-21,0.005928259878678344,0.0,0.005928259878678344,1.0,2,5.359989522089912e+44,5.142003959486985e+44
2019-10-22,0.004942712717114606,0.0,0.004942712717114606,1.0,2,5.386482410464347e+44,5.167419407848995e+44
2019-10-23,0.007168766633733226,0.0,0.007168766633733226,1.0,2,5.425096845841675e+44,5.204463431682488e+44
2019-10-24,0.00939243522329003,0.0,0.00939243522329003,1.0,2,5.476051716546317e+44,5.253346017336547e+44
2019-10-25,0.00761462926491091,0.0,0.00761462926491091,1.0,2,5.5177498202032956e+44,5.293348299658861e+44
2019-10-28,0.0034400257630655684,0.0,0.0034400257630655684,1.0,2,5.536731021738945e+44,5.311557554182567e+44
2019-10-29,0.0031481143962298064,0.0,0.0031481143962298064,1.0,2,5.554161284376534e+44,5.328278944985292e+44
2019-10-30,0.008964232292169194,0.0,0.008964232292169194,1.0,2,5.603950076317858e+44,5.376042875165614e+44
2019-10-31,0.008538733905172846,0.0,0.008538733905172846,1.0,2,5.651800714837409e+44,5.4219474747394536e+44
2019-11-01,0.03714981925165811,0.0005,0.03664981925165811,1.0,2,5.861764089840011e+44,5.6206608696806395e+44
2019-11-04,0.002609127632152264,0.0,0.002609127632152264,1.0,2,5.8770581804999706e+44,5.6353258912666805e+44
2019-11-05,-0.0069963151572225435,0.0,-0.0069963151572225435,1.0,2,5.8359404292718596e+44,5.5958993753177226e+44
2019-11-06,0.0018252744479291816,0.0,0.0018252744479291816,1.0,2,5.846592622217047e+44,5.606113427460673e+44
2019-11-07,-0.005151530664511739,0.0,-0.005151530664511739,1.0,2,5.8164737210407875e+44,5.577233362230378e+44
2019-11-08,-0.0005282896480643395,0.0,-0.0005282896480643395,1.0,2,5.813400938185724e+44,5.574286967580273e+44
2019-11-11,-0.001227966101899014,0.0,-0.001227966101899014,1.0,2,5.806262278896884e+44,5.567441932141827e+44
2019-11-12,0.0035782696921307644,0.0,0.0035782696921307644,1.0,2,5.827038651234022e+44,5.587363740870308e+44
2019-11-13,0.0027938442959339893,0.0,0.0027938442959339893,1.0,2,5.84331848993196e+44,5.6029739651870476e+44
2019-11-14,0.002381280272149011,0.0,0.002381280272149011,1.0,2,5.8572330689759185e+44,5.616316216555712e+44
2019-11-15,0.0033172985720948955,0.0,0.0033172985720948955,1.0,2,5.876663259872059e+44,5.634947214321325e+44
2019-11-18,0.0026081667338141434,0.0,0.0026081667338141434,1.0,2,5.891990577492285e+44,5.6496440961925174e+44
2019-11-19,0.0019349181376500102,0.0,0.0019349181376500102,1.0,2,5.903391096927538e+44,5.660575695025508e+44
2019-11-20,-0.001928200254837531,0.0,-0.001928200254837531,1.0,2,5.892008176710036e+44,5.6496609715278324e+44
2019-11-21,-0.0030469604440581666,0.0,-0.0030469604440581666,1.0,2,5.874055460859534e+44,5.632446678025248e+44
2019-11-22,0.0002844759899778837,0.0,0.0002844759899778837,1.0,2,5.875726488601947e+44,5.634048973869977e+44
2019-11-25,0.00425574387881783,0.0,0.00425574387881783,1.0,2,5.900732075639422e+44,5.658026043303483e+44
2019-11-26,0.004160789900270301,0.0,0.004160789900270301,1.0,2,5.925283782063943e+44,5.681567900919926e+44
2019-11-27,0.0016140876094797862,0.0,0.0016140876094797862,1.0,2,5.934847709199223e+44,5.690738449271219e+44
2019-11-29,0.00161373350672267,0.0,0.00161373350672267,1.0,2,5.944424971804855e+44,5.6999217845848035e+44
2019-12-02,-0.05678794828456729,0.0005,-0.05728794828456729,1.0,2,5.606853273924511e+44,5.373384960163431e+44
2019-12-03,-0.0026712606241651726,0.0,-0.0026712606241651726,1.0,2,5.5918759075484044e+44,5.359031248500865e+44
2019-12-04,0.011366021334621779,0.0,0.011366021334621779,1.0,2,5.655433288414157e+44,5.419942112004231e+44
2019-12-05,0.007723097780625354,0.0,0.007723097780625354,1.0,2,5.699110752692383e+44,5.461800854900568e+44
2019-12-06,0.01578302137797427,0.0,0.01578302137797427,1.0,2,5.7890599395375705e+44,5.548004574555702e+44
2019-12-09,0.001756239292347861,0.0,0.001756239292347861,1.0,2,5.799226914069143e+44,5.5577481981836624e+44
2019-12-10,0.0046656183283704245,0.0,0.0046656183283704245,1.0,2,5.826283893449803e+44,5.583678530041576e+44
2019-12-11,0.009644242811350567,0.0,0.009644242811350567,1.0,2,5.882473990006094e+44,5.637528881565822e+44
2019-12-12,0.013030384029243447,0.0,0.013030384029243447,1.0,2,5.959124885137909e+44,5.710988047868576e+44
2019-12-13,0.007323483840496581,0.0,0.007323483840496581,1.0,2,6.002766439937717e+44,5.75281237655041e+44
2019-12-16,0.014343668260436426,0.0,0.014343668260436426,1.0,2,6.088868130397065e+44,5.835328808844183e+44
2019-12-17,0.006126513442271442,0.0,0.006126513442271442,1.0,2,6.126171662846161e+44,5.871079029231641e+44
2019-12-18,0.006132689391114832,0.0,0.006132689391114832,1.0,2,6.163741570811046e+44,5.907084533308607e+44
2019-12-19,0.01051103594885533,0.0,0.01051103594885533,1.0,2,6.2285288800412955e+44,5.9691741111911416e+44
2019-12-20,0.009556958498021295,0.0,0.009556958498021295,1.0,2,6.2880546720515776e+44,6.026221260439258e+44
2019-12-23,0.007372673552452136,0.0,0.007372673552452136,1.0,2,6.334414446428586e+44,6.070650622547324e+44
2019-12-24,0.0053896373108196505,0.0,0.0053896373108196505,1.0,2,6.368554642871253e+44,6.103369227643556e+44
2019-12-26,0.011866134119006166,0.0,0.011866134119006166,1.0,2,6.444124766407782e+44,6.175792625476588e+44
2019-12-27,0.004874071328591301,0.0,0.004874071328591301,1.0,2,6.475533890169596e+44,6.205893879243749e+44
2019-12-30,-0.0006434734166239076,0.0,-0.0006434734166239076,1.0,2,6.471367056252825e+44,6.2019005515060675e+44
2019-12-31,0.006763292119161102,0.0,0.006763292119161102,1.0,2,6.515134802064579e+44,6.24384581662989e+44
2020-01-02,0.01807951272232755,0.0,0.01807951272232755,1.0,2,6.6329252646061834e+44,6.356731506507901e+44
2020-01-03,-0.004358152648345159,0.0,-0.004358152648345159,1.0,2,6.604017963797965e+44,6.329027900257995e+44
2020-01-06,0.009088609574722462,0.0,0.009088609574722462,1.0,2,6.664039304695378e+44,6.386549963830965e+44
2020-01-07,0.0035056771478435556,0.0,0.0035056771478435556,1.0,2,6.6874012749981804e+44,6.408939146092728e+44
2020-01-08,0.011119521734210824,0.0,0.011119521734210824,1.0,2,6.7617619788209116e+44,6.480203484220941e+44
2020-01-09,0.012985550358617814,0.0,0.012985550358617814,1.0,2,6.849567179509878e+44,6.564352492899383e+44
2020-01-10,0.0028238581164818366,0.0,0.0028238581164818366,1.0,2,6.868909385384125e+44,6.582889292965905e+44
2020-01-13,0.014037354550908987,0.0,0.014037354550908987,1.0,2,6.965330701804828e+44,6.675295643940649e+44
2020-01-14,0.002272767475002657,0.0,0.002272767475002657,1.0,2,6.981161278876527e+44,6.690467038766225e+44
2020-01-15,0.006238063831730645,0.0,0.006238063831730645,1.0,2,7.0247102085537665e+44,6.732202599218139e+44
2020-01-16,0.014020691582525446,0.0,0.014020691582525446,1.0,2,7.123201503844517e+44,6.826592735532852e+44
2020-01-17,0.009207282925326687,0.0,0.009207282925326687,1.0,2,7.188786835424525e+44,6.889447106264883e+44
2020-01-21,0.0035163834881661304,0.0,0.0035163834881661304,1.0,2,7.214065366752558e+44,6.9136730443119466e+44
2020-01-22,0.00681057754673059,0.0,0.00681057754673059,1.0,2,7.263197318360011e+44,6.960759150712974e+44
2020-01-23,0.006872680893212191,0.0,0.006872680893212191,1.0,2,7.313114955793535e+44,7.0085982271303316e+44
2020-01-24,-0.002665399882066266,0.0,-0.002665399882066266,1.0,2,7.293622580052826e+44,6.989917510242288e+44
2020-01-27,-0.01467582142021695,0.0,-0.01467582142021695,1.0,2,7.186582677561508e+44,6.887334729119925e+44
2020-01-28,0.017863349084128177,0.0,0.017863349084128177,1.0,2,7.314959112652737e+44,7.010365593645434e+44
2020-01-29,0.00608035144044311,0.0,0.00608035144044311,1.0,2,7.359436634830137e+44,7.0529910801807886e+44
2020-01-30,0.007388308967418045,0.0,0.007388308967418045,1.0,2,7.413810426514397e+44,7.105100757425608e+44
2020-01-31,-0.010898750467971507,0.0,-0.010898750467971507,1.0,2,7.33300915665897e+44,7.027664037220631e+44
2020-02-03,0.01630053606811105,0.0,0.01630053606811105,1.0,2,7.452541136904877e+44,7.142218728333912e+44
2020-02-04,0.024556243902196795,0.0,0.024556243902196795,1.0,2,7.635547554753867e+44,7.317604793429716e+44
2020-02-05,0.013274400191037594,0.0,0.013274400191037594,1.0,2,7.73690486867337e+44,7.414741607897559e+44
2020-02-06,0.011086729176516874,0.0,0.011086729176516874,1.0,2,7.822681837616826e+44,7.49694684001817e+44
2020-02-07,2.43131979407174e-05,0.0,2.43131979407174e-05,1.0,2,7.822872032028771e+44,7.497129114770642e+44
2020-02-10,0.013879686684381054,0.0,0.013879686684381054,1.0,2,7.931451044805338e+44,7.60118691791601e+44
2020-02-11,0.006530934472990746,0.0,0.006530934472990746,1.0,2,7.983250831854695e+44,7.650829771593873e+44
2020-02-12,0.013287989168296765,0.0,0.013287989168296765,1.0,2,8.089332182436175e+44,7.752493914727294e+44
2020-02-13,0.0032487264603593413,0.0,0.0032487264603593413,1.0,2,8.11561220994389e+44,7.777679646841844e+44
2020-02-14,0.007310057318349716,0.0,0.007310057318349716,1.0,2,8.17493780037208e+44,7.83453493086402e+44
2020-02-18,0.0035575864179105965,0.0,0.0035575864179105965,1.0,2,8.204020848057947e+44,7.862406965924706e+44
2020-02-19,0.012317788193561718,0.0,0.012317788193561718,1.0,2,8.30507623919989e+44,7.95925442962255e+44
2020-02-20,-0.0015799256112281612,0.0,-0.0015799256112281612,1.0,2,8.291954836546376e+44,7.946679399702908e+44
2020-02-21,-0.009564192763211521,0.0,-0.009564192763211521,1.0,2,8.212648982105803e+44,7.870675826096708e+44
2020-02-24,-0.03301034412820886,0.0,-0.03301034412820886,1.0,2,7.941546613002307e+44,7.610862108555682e+44
2020-02-25,-0.020905400576554822,0.0,-0.020905400576554822,1.0,2,7.775525399860112e+44,7.451753987443403e+44
2020-02-26,0.00653593983537798,0.0,0.00653593983537798,1.0,2,7.826345766062051e+44,7.50045820317337e+44
2020-02-27,-0.04287202218963648,0.0,-0.04287202218963648,1.0,2,7.490814496715671e+44,7.17889839265448e+44
2020-02-28,0.0003789403862044516,0.0,0.0003789403862044516,1.0,2,7.493653068854043e+44,7.181618767183915e+44
2020-03-02,0.07672283556107518,0.0005,0.07622283556107518,1.0,1,8.068587381007479e+44,7.729022113537307e+44
2020-03-03,-0.029071285888094378,0.0,-0.029071285888094378,1.0,1,7.834023170541139e+44,7.50432950203926e+44
2020-03-04,0.042603064241104716,0.0,0.042603064241104716,1.0,1,8.167776562942006e+44,7.824036933901055e+44
2020-03-05,-0.029854805662177575,0.0,-0.029854805662177575,1.0,1,7.923929180963283e+44,7.59045183174574e+44
2020-03-06,-0.016768317960705215,0.0,-0.016768317960705215,1.0,1,7.791058216958781e+44,7.46317272196561e+44
2020-03-09,-0.07071203658517178,0.0,-0.07071203658517178,1.0,1,7.24013662328399e+44,6.935436579408522e+44
2020-03-10,0.05627131280701847,0.0,0.05627131280701847,1.0,1,7.647548615978354e+44,7.325702700621657e+44
2020-03-11,-0.04272058818592561,0.0,-0.04272058818592561,1.0,1,7.320840840923297e+44,7.012744372375876e+44
2020-03-12,-0.09363557046420945,0.0,-0.09363557046420945,1.0,1,6.635349732505761e+44,6.3561020525487865e+44
2020-03-13,0.0856851424891838,0.0,0.0856851424891838,1.0,1,7.203900619801084e+44,6.900725562597223e+44
2020-03-16,-0.12360131920114459,0.0,-0.12360131920114459,1.0,1,6.313488999799727e+44,6.047786779615145e+44
2020-03-17,0.0758985542020737,0.0,0.0758985542020737,1.0,1,6.792673686855222e+44,6.506805052310349e+44
2020-03-18,-0.030614881483998158,0.0,-0.030614881483998158,1.0,1,6.584716786972677e+44,6.307599986794387e+44
2020-03-19,0.00688991249995341,0.0,0.00688991249995341,1.0,1,6.630084909471894e+44,6.351058798788109e+44
2020-03-20,-0.03317386772514275,0.0,-0.03317386772514275,1.0,1,6.410139349678608e+44,6.140369614282508e+44
2020-03-23,0.0022422593496114196,0.0,0.0022422593496114196,1.0,1,6.4245125445677366e+44,6.154137915460203e+44
2020-03-24,0.07886510303516336,0.0,0.07886510303516336,1.0,1,6.931182388345772e+44,6.639484636255578e+44
2020-03-25,-0.005509692555827006,0.0,-0.005509692555827006,1.0,1,6.8929937043376236e+44,6.602903117180673e+44
2020-03-26,0.05234886701920183,0.0,0.05234886701920183,1.0,1,7.25383411513019e+44,6.948557614402637e+44
2020-03-27,-0.033967434252071604,0.0,-0.033967434252071604,1.0,1,7.007439981749071e+44,6.7125329404886844e+44
2020-03-30,0.0368193959493579,0.0,0.0368193959493579,1.0,1,7.265449689028451e+44,6.959684348647645e+44
2020-03-31,-0.007078601448293198,0.0,-0.007078601448293198,1.0,1,7.214020466337193e+44,6.910419516937645e+44
2020-04-01,0.014361407614781774,0.001,0.013361407614781773,1.0,1,7.31762395479564e+44,7.0027524488925914e+44
2020-04-02,0.016339211652133923,0.0,0.016339211652133923,1.0,1,7.43718816138377e+44,7.117171903302546e+44
2020-04-03,0.00493146520449228,0.0,0.00493146520449228,1.0,1,7.473864396020896e+44,7.152269988898073e+44
2020-04-06,0.027535987693170894,0.0,0.027535987693170894,1.0,1,7.679664634050156e+44,7.349214807290606e+44
2020-04-07,-0.005309323853722514,0.0,-0.005309323853722514,1.0,1,7.638890807420004e+44,7.310195445808128e+44
2020-04-08,-0.008914701229700839,0.0,-0.008914701229700839,1.0,1,7.570792378145546e+44,7.245027237478028e+44
2020-04-09,0.026037975794993562,0.0,0.026037975794993562,1.0,1,7.767920486836622e+44,7.43367308132155e+44
2020-04-13,0.017097776675686127,0.0,0.017097776675686127,1.0,1,7.900734656555042e+44,7.560772363546046e+44
2020-04-14,0.00787060644923343,0.0,0.00787060644923343,1.0,1,7.962918229696607e+44,7.620280227271758e+44
2020-04-15,-0.005100286793506048,0.0,-0.005100286793506048,1.0,1,7.922305063011918e+44,7.581414612665788e+44
2020-04-16,-0.000864800007253308,0.0,-0.000864800007253308,1.0,1,7.915453853535962e+44,7.574858205253765e+44
2020-04-17,-0.01950607520519554,0.0,-0.01950607520519554,1.0,1,7.761054415385635e+44,7.427102451433392e+44
2020-04-20,0.0071239781680640935,0.0,0.0071239781680640935,1.0,1,7.816343997601999e+44,7.480012967149378e+44
2020-04-21,-0.0067410041892577155,0.0,-0.0067410041892577155,1.0,1,7.763653989969484e+44,7.429590168402122e+44
2020-04-22,0.01957954131565609,0.0,0.01957954131565609,1.0,1,7.91566277402655e+44,7.575058136062744e+44
2020-04-23,0.00993099343694448,0.0,0.00993099343694448,1.0,1,7.994273169084474e+44,7.650285988696455e+44
2020-04-24,-0.004289382457445923,0.0,-0.004289382457445923,1.0,1,7.959982673992972e+44,7.617470986182095e+44
2020-04-27,-0.0066496815421351885,0.0,-0.0066496815421351885,1.0,1,7.907051324130006e+44,7.56681722996753e+44
2020-04-28,-0.0044578451381583895,0.0,-0.0044578451381583895,1.0,1,7.871802913827563e+44,7.533085530567587e+44
2020-04-29,0.005580286642860033,0.0,0.005580286642860033,1.0,1,7.915729830482822e+44,7.575122307133336e+44
2020-04-30,-0.018199316985572755,0.0,-0.018199316985572755,1.0,1,7.771668954125711e+44,7.437260255061333e+44
2020-05-01,0.006228012562722207,0.0,0.006228012562722207,1.0,1,7.820071006005323e+44,7.48357960536209e+44
2020-05-04,0.0035045892932681344,0.0,0.0035045892932681344,1.0,1,7.847477143125566e+44,7.50980647832236e+44
2020-05-05,0.004247065267092065,0.0,0.004247065267092065,1.0,1,7.880805890734434e+44,7.541701116579026e+44
2020-05-06,-0.0128587635200762,0.0,-0.0128587635200762,1.0,1,7.779468471437855e+44,7.444724165381842e+44
2020-05-07,0.015309752832282975,0.0,0.015309752832282975,1.0,1,7.898570210902106e+44,7.558701052258362e+44
2020-05-08,-0.006018163440834057,0.0,-0.006018163440834057,1.0,1,7.851035324423995e+44,7.513211553925467e+44
2020-05-11,-0.006236498227124243,0.0,-0.006236498227124243,1.0,1,7.802072356542135e+44,7.466355423389401e+44
2020-05-12,0.0038980210111415614,0.0,0.0038980210111415614,1.0,1,7.832484998518384e+44,7.495459433706424e+44
2020-05-13,0.009600284946930104,0.0,0.009600284946930104,1.0,1,7.907679086346716e+44,7.567417980078161e+44
2020-05-14,0.008852895194010446,0.0,0.008852895194010446,1.0,1,7.977684940526012e+44,7.634411538345065e+44
2020-05-15,0.00564721475632346,0.0,0.00564721475632346,1.0,1,8.022736640643452e+44,7.677524699840254e+44
2020-05-18,-0.007539792791903199,0.0,-0.007539792791903199,1.0,1,7.96224686874899e+44,7.61963775444874e+44
2020-05-19,0.009627641174310808,0.0,0.009627641174310808,1.0,1,8.038904524542585e+44,7.692996892626805e+44
2020-05-20,0.002373141446053273,0.0,0.002373141446053273,1.0,1,8.057981982050642e+44,7.711253462397057e+44
2020-05-21,-0.014629837973400228,0.0,-0.014629837973400228,1.0,1,7.940095011260663e+44,7.598439073670366e+44
2020-05-22,0.005908969473817249,0.0,0.005908969473817249,1.0,1,7.98701279030141e+44,7.643338018205345e+44
2020-05-26,-0.014254984772029577,0.0,-0.014254984772029577,1.0,1,7.873158044601658e+44,7.534382351148353e+44
2020-05-27,0.0019033008876395696,0.0,0.0019033008876395696,1.0,1,7.888143033296475e+44,7.54872254776511e+44
2020-05-28,0.00336473389965819,0.0,0.00336473389965819,1.0,1,7.914684535565961e+44,7.57412199042069e+44
2020-05-29,0.007347618225123309,0.0,0.007347618225123309,1.0,1,7.972838615905587e+44,7.629773747196812e+44
2020-06-01,-0.011991155693814759,0.0005,-0.01249115569381476,1.0,2,7.877235066740604e+44,7.534469055411997e+44
2020-06-02,0.0007110635470183868,0.0,0.0007110635470183868,1.0,2,7.882836281447859e+44,7.53982654170344e+44
2020-06-03,-0.006348113379367304,0.0,-0.006348113379367304,1.0,2,7.832795142982238e+44,7.491962867955944e+44
2020-06-04,0.0024627612481856187,0.0,0.0024627612481856187,1.0,2,7.85208544732535e+44,7.510413783779992e+44
2020-06-05,0.00018195618160538052,0.0,0.00018195618160538052,1.0,2,7.853514182810984e+44,7.511780349994365e+44
2020-06-08,0.009765031171922234,0.0,0.009765031171922234,1.0,2,7.930203993615265e+44,7.585133119268692e+44
2020-06-09,0.00884377367794259,0.0,0.00884377367794259,1.0,2,8.000336922954714e+44,7.65221431989257e+44
2020-06-10,0.013815049449197814,0.0,0.013815049449197814,1.0,2,8.110861973155576e+44,7.757930039117746e+44
2020-06-11,-0.02772573698998515,0.0,-0.02772573698998515,1.0,2,7.885982347325794e+44,7.542835711266463e+44
2020-06-12,0.006121209823446938,0.0,0.006121209823446938,1.0,2,7.934254099937773e+44,7.589006991318913e+44
2020-06-15,0.0053623004447169165,0.0,0.0053623004447169165,1.0,2,7.976799954226367e+44,7.629701526883422e+44
2020-06-16,0.00948183715726203,0.0,0.00948183715726203,1.0,2,8.052434672428396e+44,7.702045114319844e+44
2020-06-17,0.003371935168684448,0.0,0.003371935168684448,1.0,2,8.079586960093891e+44,7.728015911111614e+44
2020-06-18,0.0009222463642713508,0.0,0.0009222463642713508,1.0,2,8.087038329792651e+44,7.735143045688667e+44
2020-06-19,0.006478218694077054,0.0,0.006478218694077054,1.0,2,8.139427932680431e+44,7.785252993968608e+44
2020-06-22,0.009594025661655736,0.0,0.009594025661655736,1.0,2,8.217517813137765e+44,7.859944910975225e+44
2020-06-23,0.009121116654625172,0.0,0.009121116654625172,1.0,2,8.292470751722854e+44,7.931636385407158e+44
2020-06-24,-0.011253539484969988,0.0,-0.011253539484969988,1.0,2,8.199151104690382e+44,7.842377402163555e+44
2020-06-25,0.004893771972577066,0.0,0.004893771972577066,1.0,2,8.23927588056544e+44,7.880756208892634e+44
2020-06-26,-0.008612021303427364,0.0,-0.008612021303427364,1.0,2,8.168319061157196e+44,7.812886968534533e+44
2020-06-29,0.006095062333783263,0.0,0.006095062333783263,1.0,2,8.218105474997179e+44,7.860507001614554e+44
2020-06-30,0.012275340254109923,0.0,0.012275340254109923,1.0,2,8.318985515946933e+44,7.956997399629187e+44
2020-07-01,0.003985930489850631,0.0,0.003985930489850631,1.0,2,8.352144413959572e+44,7.988713438172031e+44
2020-07-02,0.005311409776157516,0.0,0.005311409776157516,1.0,2,8.396506075451756e+44,8.031144768826459e+44
2020-07-06,0.015824991574586,0.0,0.015824991574586,1.0,2,8.529380713351741e+44,8.158237567127418e+44
2020-07-07,0.0003899816184403937,0.0,0.0003899816184403937,1.0,2,8.532707015046629e+44,8.161419129817468e+44
2020-07-08,0.010222424134185115,0.0,0.010222424134185115,1.0,2,8.619931965167171e+44,8.244848617699314e+44
2020-07-09,0.003565595783624975,0.0,0.003565595783624975,1.0,2,8.650667158237306e+44,8.274246415167209e+44
2020-07-10,0.0025732447643549428,0.0,0.0025732447643549428,1.0,2,8.672927442210417e+44,8.29553807643402e+44
2020-07-13,-0.008168052258147429,0.0,-0.008168052258147429,1.0,2,8.602086517631321e+44,8.227779687916255e+44
2020-07-14,0.006085005789177311,0.0,0.006085005789177311,1.0,2,8.654430263890112e+44,8.277845774949301e+44
2020-07-15,0.0022170429700815175,0.0,0.0022170429700815175,1.0,2,8.673617507666731e+44,8.296198114732072e+44
2020-07-16,-0.0078025637101351575,0.0,-0.0078025637101351575,1.0,2,8.605941054465818e+44,8.231466500389972e+44
2020-07-17,0.005321547374455726,0.0,0.005321547374455726,1.0,2,8.65173797748893e+44,8.275270639333042e+44
2020-07-20,0.016756460114939253,0.0,0.016756460114939253,1.0,2,8.796710479833629e+44,8.413934881741354e+44
2020-07-21,0.0018180470632175871,0.0,0.0018180470632175871,1.0,2,8.812703313487466e+44,8.429231811343209e+44
2020-07-22,0.009924743846171757,0.0,0.009924743846171757,1.0,2,8.900167136466139e+44,8.512889777890793e+44
2020-07-23,-0.0077058059296216674,0.0,-0.0077058059296216674,1.0,2,8.831584175771333e+44,8.447291101362106e+44
2020-07-24,-0.00018253696813230746,0.0,-0.00018253696813230746,1.0,2,8.829972085172084e+44,8.445749158455532e+44
2020-07-27,0.0192563988449605,0.0,0.0192563988449605,1.0,2,9.000005549434025e+44,8.608383872795242e+44
2020-07-28,-0.0015092155899587567,0.0,-0.0015092155899587567,1.0,2,8.986422600749104e+44,8.59539196565007e+44
2020-07-29,0.010100374889115304,0.0,0.010100374889115304,1.0,2,9.07718883792869e+44,8.682208646822025e+44
2020-07-30,-0.0007953502651957822,0.0,-0.0007953502651957822,1.0,2,9.069969293379209e+44,8.67530324987229e+44
2020-07-31,0.01437096774397828,0.0,0.01437096774397828,1.0,2,9.200313529533235e+44,8.799975753045434e+44
2020-08-03,0.007944056172888736,0.0,0.007944056172888736,1.0,2,9.273401337020035e+44,8.869883254747686e+44
2020-08-04,0.012957995688221924,0.0,0.012957995688221924,1.0,2,9.393566031560293e+44,8.984819163717739e+44
2020-08-05,0.006494391633365182,0.0,0.006494391633365182,1.0,2,9.454571528203122e+44,9.043170098121888e+44
2020-08-06,0.013596441053686625,0.0,0.013596441053686625,1.0,2,9.5831200526742e+44,9.166125027299463e+44
2020-08-07,-0.013044573639713897,0.0,-0.013044573639713897,1.0,2,9.458112337448873e+44,9.046556834390032e+44
2020-08-10,-0.003163395684982251,0.0,-0.003163395684982251,1.0,2,9.42819258569251e+44,9.017938995536175e+44
2020-08-11,-0.03594023003168423,0.0,-0.03594023003168423,1.0,2,9.089341175379701e+44,8.69383219362491e+44
2020-08-12,0.010766199151805322,0.0,0.010766199151805322,1.0,2,9.187198832632544e+44,8.787431722413852e+44
2020-08-13,0.013530036371858734,0.0,0.013530036371858734,1.0,2,9.31150196699356e+44,8.906325993233336e+44
2020-08-14,-0.0020518311026102576,0.0,-0.0020518311026102576,1.0,2,9.292396337645664e+44,8.888051716550433e+44
2020-08-17,0.017190484420589958,0.0,0.017190484420589958,1.0,2,9.45213713211791e+44,9.04084163111319e+44
2020-08-18,0.009903007881399861,0.0,0.009903007881399861,1.0,2,9.545741720633346e+44,9.130373157040594e+44
2020-08-19,-0.01852283287402534,0.0,-0.01852283287402534,1.0,2,9.368927542083443e+44,8.961252780975243e+44
2020-08-20,0.010703588714751244,0.0,0.010703588714751244,1.0,2,9.46920868919221e+44,9.057170345111724e+44
2020-08-21,-5.211778028735292e-05,0.0,-5.211778028735292e-05,1.0,2,9.468715175054252e+44,9.056698305497653e+44
2020-08-24,0.0012405327570798597,0.0,0.0012405327570798597,1.0,2,9.480461426396367e+44,9.067933436416613e+44
2020-08-25,0.004909200098818456,0.0,0.004909200098818456,1.0,2,9.527002908567675e+44,9.112449736138749e+44
2020-08-26,0.016963224549074007,0.0,0.016963224549074007,1.0,2,9.68861159818539e+44,9.267026267205022e+44
2020-08-27,-0.0064825126519385545,0.0,-0.0064825126519385545,1.0,2,9.625805050920436e+44,9.206952652182018e+44
2020-08-28,0.011863670164914963,0.0,0.011863670164914963,1.0,2,9.74000242711633e+44,9.316180901671497e+44
2020-08-31,0.005716704709040676,0.0,0.005716704709040676,1.0,2,9.795683144857493e+44,9.369438756902357e+44
2020-09-01,-0.021431384597943637,0.0005,-0.021931384597943637,1.0,2,9.585748091980459e+44,9.163953992057853e+44
2020-09-02,0.016069427647183054,0.0,0.016069427647183054,1.0,2,9.739785577388662e+44,9.311213487695341e+44
2020-09-03,-0.03764847477090377,0.0,-0.03764847477090377,1.0,2,9.373097505804333e+44,8.960660501617344e+44
2020-09-04,-0.006272900739371645,0.0,-0.006272900739371645,1.0,2,9.31430099552997e+44,8.904451167731491e+44
2020-09-08,-0.03484913554245345,0.0,-0.03484913554245345,1.0,2,8.989705657653538e+44,8.59413874205606e+44
2020-09-09,0.028939837391146694,0.0,0.028939837391146694,1.0,2,9.249866277580303e+44,8.842851719768117e+44
2020-09-10,-0.012552372185472505,0.0,-0.012552372185472505,1.0,2,9.133758513398264e+44,8.731852953800642e+44
2020-09-11,0.0016229140997439107,0.0,0.0016229140997439107,1.0,2,9.148581818873313e+44,8.746024001076255e+44
2020-09-14,0.019767337850196964,0.0,0.019767337850196964,1.0,2,9.329424926537151e+44,8.918909612351462e+44
2020-09-15,0.014293771250914133,0.0,0.014293771250914133,1.0,2,9.46277759233965e+44,9.046394466157993e+44
2020-09-16,-0.005086061904266248,0.0,-0.005086061904266248,1.0,2,9.414649319718706e+44,9.0003839438927e+44
2020-09-17,-0.009600027367824171,0.0,-0.009600027367824171,1.0,2,9.32426842859094e+44,8.913980011710406e+44
2020-09-18,-0.007375983709367873,0.0,-0.007375983709367873,1.0,2,9.25549277655988e+44,8.8482306403584e+44
2020-09-21,-0.0018863241257418006,0.0,-0.0018863241257418006,1.0,2,9.238033917239824e+44,8.831540009431364e+44
2020-09-22,0.017991971757230163,0.0,0.017991971757230163,1.0,2,9.404244362571136e+44,8.9904368278539e+44
2020-09-23,-0.02171151134690885,0.0,-0.02171151134690885,1.0,2,9.20006400438407e+44,8.795240856652283e+44
2020-09-24,0.006528907095399439,0.0,0.006528907095399439,1.0,2,9.260130367540423e+44,8.852664167087028e+44
2020-09-25,0.02221553193918152,0.0,0.02221553193918152,1.0,2,9.465849089481501e+44,9.049330810637797e+44
2020-09-28,0.023038131328347977,0.0,0.023038131328347977,1.0,2,9.683924563939298e+44,9.257810482286935e+44
2020-09-29,-0.0011650755634652343,0.0,-0.0011650755634652343,1.0,2,9.672642060071412e+44,9.24702443352283e+44
2020-09-30,0.01066044224750956,0.0,0.01066044224750956,1.0,2,9.775756702133635e+44,9.34560180345771e+44
2020-10-01,0.053996561024781675,0.0005,0.053496561024781675,1.0,2,1.0303613945463812e+45,9.845559360649695e+44
2020-10-02,-0.014276933605412823,0.0,-0.014276933605412823,1.0,2,1.015650993326862e+45,9.704994963349548e+44
2020-10-05,0.013526264575154212,0.0,0.013526264575154212,1.0,2,1.0293889573786193e+45,9.836267292924353e+44
2020-10-06,-0.013991749322271319,0.0,-0.013991749322271319,1.0,2,1.0149860051318633e+45,9.698640706694898e+44
2020-10-07,0.009022399843470919,0.0,0.009022399843470919,1.0,2,1.0241436147056902e+45,9.786145721088862e+44
2020-10-08,0.005256769844500131,0.0,0.005256769844500131,1.0,2,1.0295273019759123e+45,9.837589236809366e+44
2020-10-09,0.017194352406413482,0.0,0.017194352406413482,1.0,2,1.0472293572181102e+45,1.0006740212976606e+45
2020-10-12,0.014532220575726562,0.0,0.014532220575726562,1.0,2,1.06244792523058e+45,1.0152160368995576e+45
2020-10-13,-0.0070873019302500895,0.0,-0.0070873019302500895,1.0,2,1.0549180359993032e+45,1.0080208943216185e+45
2020-10-14,-0.001774905570273877,0.0,-0.001774905570273877,1.0,2,1.0530456561010258e+45,1.0062317524213347e+45
2020-10-15,-0.0013123794208683703,0.0,-0.0013123794208683703,1.0,2,1.0516636606527239e+45,1.0049111945768326e+45
2020-10-16,-0.003559715289977894,0.0,-0.003559715289977894,1.0,2,1.0479200374399843e+45,1.0013339968324275e+45
2020-10-19,-0.0067226818424933055,0.0,-0.0067226818424933055,1.0,2,1.0408752044319018e+45,9.946023469536509e+44
2020-10-20,0.004123957974396297,0.0,0.004123957974396297,1.0,2,1.0451677300315701e+45,9.987040452337237e+44
2020-10-21,0.004005921632299458,0.0,0.004005921632299458,1.0,2,1.0493545900506849e+45,1.0027047753727904e+45
2020-10-22,-0.004226312567649826,0.0,-0.004226312567649826,1.0,2,1.0449196895588327e+45,9.984670315789898e+44
2020-10-23,0.0010782895017434346,0.0,0.0010782895017434346,1.0,2,1.0460464154902489e+45,9.995436680969783e+44
2020-10-26,-0.007223620404768316,0.0,-0.007223620404768316,1.0,2,1.0384901732589788e+45,9.92323344060656e+44
2020-10-27,0.005791250254900793,0.0,0.005791250254900793,1.0,2,1.0445043297395766e+45,9.980701368798912e+44
2020-10-28,-0.027083459127418497,0.0,-0.027083459127418497,1.0,2,1.0162155394166632e+45,9.710389451214078e+44
2020-10-29,0.007109377949890361,0.0,0.007109377949890361,1.0,2,1.023440199764928e+45,9.779424279863386e+44
2020-10-30,-0.009680393907890106,0.0,-0.009680393907890106,1.0,2,1.0135328954900337e+45,9.684755600641925e+44
2020-11-02,0.0068479547084932535,0.0,0.0068479547084932535,1.0,2,1.0204735228539174e+45,9.751076368357947e+44
2020-11-03,0.011997181802242518,0.0,0.011997181802242518,1.0,2,1.0327163292319709e+45,9.868061804316688e+44
2020-11-04,0.02280303347254048,0.0,0.02280303347254048,1.0,2,1.0562653942550866e+45,1.009308354794962e+45
2020-11-05,0.025365233549670685,0.0,0.025365233549670685,1.0,2,1.0830578126708017e+45,1.03490969693797e+45
2020-11-06,0.001582142954195953,0.0,0.001582142954195953,1.0,2,1.0847713649581058e+45,1.0365470720232095e+45
2020-11-09,-0.03106038907412806,0.0,-0.03106038907412806,1.0,2,1.051077944306034e+45,1.0043515166725203e+45
2020-11-10,-0.006826473033222147,0.0,-0.006826473033222147,1.0,2,1.0439027890634144e+45,9.974953381280796e+44
2020-11-11,0.00949016474136355,0.0,0.00949016474136355,1.0,2,1.0538095985055952e+45,1.0069617332156573e+45
2020-11-12,0.0014798434792623882,0.0,0.0014798434792623882,1.0,2,1.0553690717683279e+45,1.0084518789704233e+45
2020-11-13,0.008448614138865329,0.0,0.008448614138865329,1.0,2,1.064285477829791e+45,1.0169718997734581e+45
2020-11-16,0.004294450613338385,0.0,0.004294450613338385,1.0,2,1.0688559992528243e+45,1.0213392353721881e+45
2020-11-17,-0.0027567864712095824,0.0,-0.0027567864712095824,1.0,2,1.065909391494413e+45,1.0185236211855986e+45
2020-11-18,-0.00592260161440078,0.0,-0.00592260161440078,1.0,2,1.0595964348115433e+45,1.0124913115424596e+45
2020-11-19,0.00338375946879077,0.0,0.00338375946879077,1.0,2,1.0631818542809339e+45,1.0159173386049598e+45
2020-11-20,-0.001211478891920914,0.0,-0.001211478891920914,1.0,2,1.0618938319061992e+45,1.0146865761933034e+45
2020-11-23,-0.00914598276567341,0.0,-0.00914598276567341,1.0,2,1.0521817692206101e+45,1.0054062702548792e+45
2020-11-24,-0.00016536530145910833,0.0,-0.00016536530145910833,1.0,2,1.0520077748651532e+45,1.0052400109439096e+45
2020-11-25,0.0034450341616546476,0.0,0.0034450341616546476,1.0,2,1.0556319775878898e+45,1.0087030971222734e+45
2020-11-27,0.00023090288046878626,0.0,0.00023090288046878626,1.0,2,1.0558757260522299e+45,1.0089360095729367e+45
2020-11-30,-0.0017302377130007374,0.0,-0.0017302377130007374,1.0,2,1.0540488100507722e+45,1.0071903104391692e+45
2020-12-01,-0.019203896571562795,0.0005,-0.019703896571562796,1.0,2,1.0338069657211783e+45,9.873447367343956e+44
2020-12-02,0.003655447870682671,0.0,0.003655447870682671,1.0,2,1.0375859931927207e+45,9.909539239499212e+44
2020-12-03,0.006461735780270039,0.0,0.006461735780270039,1.0,2,1.0442905997300412e+45,9.973572063769074e+44
2020-12-04,0.01614778675340478,0.0,0.01614778675340478,1.0,2,1.061153581643067e+45,1.0134623178624532e+45
2020-12-07,0.006160690863892981,0.0,0.006160690863892981,1.0,2,1.0676910208186828e+45,1.0197059459050082e+45
2020-12-08,0.010130260244102463,0.0,0.010130260244102463,1.0,2,1.0785070087198674e+45,1.0300358325094846e+45
2020-12-09,-0.010944751440437328,0.0,-0.010944751440437328,1.0,2,1.0667030175826588e+45,1.0187623463479244e+45
2020-12-10,0.008672812574356759,0.0,0.008672812574356759,1.0,2,1.075954332926654e+45,1.0275978812356118e+45
2020-12-11,-0.0010453941445526804,0.0,-0.0010453941445526804,1.0,2,1.0748295365672063e+45,1.0265236364276133e+45
2020-12-14,0.00776310892861054,0.0,0.00776310892861054,1.0,2,1.0831735553392656e+45,1.0344926512349944e+45
2020-12-15,0.02042830144798219,0.0,0.02042830144798219,1.0,2,1.1053009512482187e+45,1.0556255789601453e+45
2020-12-16,0.003912863375727382,0.0,0.003912863375727382,1.0,2,1.1096258428595146e+45,1.0597560976265396e+45
2020-12-17,0.01189207360426664,0.0,0.01189207360426664,1.0,2,1.1228215950559963e+45,1.0723587951420849e+45
2020-12-18,-0.0007988511482266425,0.0,-0.0007988511482266425,1.0,2,1.1219246277355322e+45,1.0715021400872746e+45
2020-12-21,0.0002398591910003356,0.0,0.0002398591910003356,1.0,2,1.122193731669104e+45,1.071759149723751e+45
2020-12-22,0.00965465476536842,0.0,0.00965465476536842,1.0,2,1.1330281247282297e+45,1.0821066143059586e+45
2020-12-23,0.004590970857148269,0.0,0.004590970857148269,1.0,2,1.1382298238291864e+45,1.0870745342365646e+45
2020-12-24,0.004804016997418836,0.0,0.004804016997418836,1.0,2,1.1436978992498309e+45,1.0922968587764983e+45
2020-12-28,0.006873325353908832,0.0,0.006873325353908832,1.0,2,1.151558907017957e+45,1.0998045704699217e+45
2020-12-29,-0.005667352780486745,0.0,-0.005667352780486745,1.0,2,1.1450326164443745e+45,1.093571589979477e+45
2020-12-30,0.007791942372937677,0.0,0.007791942372937677,1.0,2,1.153954644606843e+45,1.1020926367892788e+45
2020-12-31,0.0030959116784572416,0.0,0.0030959116784572416,1.0,2,1.1575271862674912e+45,1.1055046182542565e+45
2021-01-04,-0.009522959850918888,0.0,-0.009522959850918888,1.0,2,1.1465041013463189e+45,1.0949769421596158e+45
2021-01-05,0.013694003142934397,0.0,0.013694003142934397,1.0,2,1.1622043321135426e+45,1.1099715598469903e+45
2021-01-06,0.015459140563013007,0.0,0.015459140563013007,1.0,2,1.1801710122466286e+45,1.1271307662116118e+45
2021-01-07,0.02329163051198868,0.0,0.02329163051198868,1.0,2,1.2076591194048369e+45,1.1533834795569076e+45
2021-01-08,0.008495406648022064,0.0,0.008495406648022064,1.0,2,1.2179186747163733e+45,1.1631819412368541e+45
2021-01-11,-0.005816023209249954,0.0,-0.005816023209249954,1.0,2,1.210835231437244e+45,1.1564168480700403e+45
2021-01-12,0.010586188728328616,0.0,0.010586188728328616,1.0,2,1.2236533617161479e+45,1.1686588950723285e+45
2021-01-13,0.002681366709189281,0.0,0.002681366709189281,1.0,2,1.226934425103841e+45,1.1717924981279732e+45
2021-01-14,0.009918730921499863,0.0,0.009918730921499863,1.0,2,1.2391040575247711e+45,1.1834151926127367e+45
2021-01-15,-0.009126219258149604,0.0,-0.009126219258149604,1.0,2,1.2277957222121372e+45,1.1726150860915276e+45
2021-01-19,0.016765979057181912,0.0,0.016765979057181912,1.0,2,1.2483809195772434e+45,1.1922751260670737e+45
2021-01-20,0.016596276337827343,0.0,0.016596276337827343,1.0,2,1.2690993942934183e+45,1.2120624535300008e+45
2021-01-21,0.0028100333308535563,0.0,0.0028100333308535563,1.0,2,1.272665605891549e+45,1.2154683894234964e+45
2021-01-22,0.0060858683617020515,0.0,0.0060858683617020515,1.0,2,1.2804108812374706e+45,1.2228655700393376e+45
2021-01-25,0.006560120597475461,0.0,0.006560120597475461,1.0,2,1.2888105310327082e+45,1.2308877156532962e+45
2021-01-26,0.000718910540489337,0.0,0.000718910540489337,1.0,2,1.289737070508161e+45,1.231772613806238e+45
2021-01-27,-0.02087555344179287,0.0,-0.02087555344179287,1.0,2,1.2628130953669066e+45,1.2060586787785892e+45
2021-01-28,0.004652973083401402,0.0,0.004652973083401402,1.0,2,1.2686889307090158e+45,1.2116704373479488e+45
2021-01-29,-0.014449345104200484,0.0,-0.014449345104200484,1.0,2,1.2503572065193222e+45,1.1941625930461508e+45
2021-02-01,0.027332233889923896,0.0,0.027332233889923896,1.0,2,1.28453226213386e+45,1.226801724341886e+45
2021-02-02,0.018300785086640292,0.0,0.018300785086640292,1.0,2,1.3080402110000278e+45,1.2492531590429867e+45
2021-02-03,0.002431646922318287,0.0,0.002431646922318287,1.0,2,1.3112209029533745e+45,1.25229090164237e+45
2021-02-04,0.01830796716686961,0.0,0.01830796716686961,1.0,2,1.335226692193158e+45,1.2752178023530079e+45
2021-02-05,0.011585410271930496,0.0,0.011585410271930496,1.0,2,1.3506958412282482e+45,1.2899917237793369e+45
2021-02-08,0.018607108174726383,0.0,0.018607108174726383,1.0,2,1.3758283848571352e+45,1.3139947393282007e+45
2021-02-09,0.004640932993053848,0.0,0.004640932993053848,1.0,2,1.3822135122011987e+45,1.3200929008666482e+45
2021-02-10,-0.0008581703927808548,0.0,-0.0008581703927808548,1.0,2,1.381027337488526e+45,1.3189600362234043e+45
2021-02-11,0.005337228148564077,0.0,0.005337228148564077,1.0,2,1.3883981954681061e+45,1.3259996268555669e+45
2021-02-12,0.006440444608998008,0.0,0.006440444608998008,1.0,2,1.3973400971412514e+45,1.3345396540038823e+45
2021-02-16,-0.0007821285541994016,0.0,-0.0007821285541994016,1.0,2,1.3962471975513495e+45,1.3334958724337745e+45
2021-02-17,-0.004228069618992802,0.0,-0.004228069618992802,1.0,2,1.3903437671947788e+45,1.327857759048485e+45
2021-02-18,-0.007545204383918203,0.0,-0.007545204383918203,1.0,2,1.3798533393073875e+45,1.3178388008636926e+45
2021-02-19,0.010991485820230074,0.0,0.010991485820230074,1.0,2,1.3950199777203817e+45,1.3323238073567348e+45
2021-02-22,-0.013915842661851086,0.0,-0.013915842661851086,1.0,2,1.3756070992002858e+45,1.31378339887892e+45
2021-02-23,-0.004109502721266922,0.0,-0.004109502721266922,1.0,2,1.3699540380827281e+45,1.3083844024260717e+45
2021-02-24,0.017745057935796893,0.0,0.017745057935796893,1.0,2,1.3942639518578851e+45,1.3316017594494154e+45
2021-02-25,-0.03196394121885471,0.0,-0.03196394121885471,1.0,2,1.3496977808571316e+45,1.2890385190834508e+45
2021-02-26,0.004684316086012386,0.0,0.004684316086012386,1.0,2,1.3560201918832559e+45,1.295076782953883e+45
2021-03-01,0.035732070338471256,0.0,0.035732070338471256,1.0,2,1.4044736007600158e+45,1.3413525576561124e+45
2021-03-02,-0.01410389786230315,0.0,-0.01410389786230315,1.0,2,1.3846650485445954e+45,1.3224342581855916e+45
2021-03-03,-0.01636962263975006,0.0,-0.01636962263975006,1.0,2,1.3619986042174691e+45,1.3007865084132157e+45
2021-03-04,-0.018665925583028764,0.0,-0.018665925583028764,1.0,2,1.3365756396269566e+45,1.2765061242477667e+45
2021-03-05,0.021265945560895894,0.0,0.021265945560895894,1.0,2,1.364999184417283e+45,1.30365223399417e+45
2021-03-08,-0.00838737503166559,0.0,-0.00838737503166559,1.0,2,1.3535504243396575e+45,1.2927180137967921e+45
2021-03-09,0.033328902041488584,0.0,0.033328902041488584,1.0,2,1.3986627738406893e+45,1.3358028858458933e+45
2021-03-10,0.010630806242708235,0.0,0.010630806242708235,1.0,2,1.4135316867882787e+45,1.3500035475037715e+45
2021-03-11,0.025202539924672418,0.0,0.025202539924672418,1.0,2,1.44915627555935e+45,1.3840270658081848e+45
2021-03-12,0.0010582068722860272,0.0,0.0010582068722860272,1.0,2,1.450689782689163e+45,1.3854916527606527e+45
2021-03-15,0.00947376415923773,0.0,0.00947376415923773,1.0,2,1.464433275558576e+45,1.3986174739234996e+45
2021-03-16,-0.002384383047464411,0.0,-0.002384383047464411,1.0,2,1.4609415056821914e+45,1.395282634128789e+45
2021-03-17,0.007707519291941467,0.0,0.007707519291941467,1.0,2,1.472201740521635e+45,1.4060368019490474e+45
2021-03-18,-0.027521552813038197,0.0,-0.027521552813038197,1.0,2,1.431684462568422e+45,1.3673404858471314e+45
2021-03-19,0.0077211292892421235,0.0,0.0077211292892421235,1.0,2,1.442738683405312e+45,1.377897898520772e+45
2021-03-22,0.008633413948962332,0.0,0.008633413948962332,1.0,2,1.455194443679331e+45,1.3897938614581071e+45
2021-03-23,-0.01706027417951167,0.0,-0.01706027417951167,1.0,2,1.4303684274856598e+45,1.3660835971286296e+45
2021-03-24,-0.015120121981998746,0.0,-0.015120121981998746,1.0,2,1.4087410823828769e+45,1.3454282465024371e+45
2021-03-25,0.012107839601413484,0.0,0.012107839601413484,1.0,2,1.4257978934482906e+45,1.3617184759062997e+45
2021-03-26,0.018962194416598688,0.0,0.018962194416598688,1.0,2,1.452834150302634e+45,1.3875396463871094e+45
2021-03-29,-0.011414391478325125,0.0,-0.011414391478325125,1.0,2,1.436250932558e+45,1.37170172567155e+45
2021-03-30,0.007777988955683324,0.0,0.007777988955683324,1.0,2,1.447422076449026e+45,1.3823708065443151e+45
2021-03-31,0.016712897897282197,0.0,0.016712897897282197,1.0,2,1.4716126938269906e+45,1.4054742286902738e+45
2021-04-01,0.017482691435060094,0.0,0.017482691435060094,1.0,2,1.4973404444650855e+45,1.430045700950395e+45
2021-04-05,0.015764673868084944,0.0,0.015764673868084944,1.0,2,1.520945528241571e+45,1.452589905042335e+45
2021-04-06,0.000781730109364831,0.0,0.000781730109364831,1.0,2,1.5221344971557014e+45,1.4537254383076662e+45
2021-04-07,-0.003951496472542504,0.0,-0.003951496472542504,1.0,2,1.5161197880594557e+45,1.4479810473661483e+45
2021-04-08,0.012141768859611102,0.0,0.012141768859611102,1.0,2,1.534528164089556e+45,1.4655620985563656e+45
2021-04-09,0.005386607088375905,0.0,0.005386607088375905,1.0,2,1.5427940643755534e+45,1.4734565057449044e+45
2021-04-12,-7.65400771712832e-06,0.0,-7.65400771712832e-06,1.0,2,1.5427822558178785e+45,1.4734452278974383e+45
2021-04-13,0.0070061979544338016,0.0,0.0070061979544338016,1.0,2,1.5535912937027266e+45,1.4837684768391037e+45
2021-04-14,0.0015484131606434692,0.0,0.0015484131606434692,1.0,2,1.5559968949081572e+45,1.4860659634759893e+45
2021-04-15,0.012664840916887132,0.0,0.012664840916887132,1.0,2,1.5757033480493395e+45,1.5048867524954136e+45
2021-04-16,0.004209311687686512,0.0,0.004209311687686512,1.0,2,1.5823359745686102e+45,1.511221289891337e+45
2021-04-19,-0.008459010355229724,0.0,-0.008459010355229724,1.0,2,1.5689509781742816e+45,1.4984378533511026e+45
2021-04-20,-0.010998855509167071,0.0,-0.010998855509167071,1.0,2,1.5516943130643763e+45,1.4819567519126272e+45
2021-04-21,0.017995996897598843,0.0,0.017995996897598843,1.0,2,1.5796185991083046e+45,1.5086260410224225e+45
2021-04-22,-0.005079318165232383,0.0,-0.005079318165232383,1.0,2,1.5715952136637148e+45,1.5009632493677145e+45
2021-04-23,0.01784029330650294,0.0,0.01784029330650294,1.0,2,1.5996329332345716e+45,1.5277408739787162e+45
2021-04-26,0.010913832620508934,0.0,0.010913832620508934,1.0,2,1.6170910593221476e+45,1.54441438216483e+45
2021-04-27,0.0013142171154277849,0.0,0.0013142171154277849,1.0,2,1.619216268069514e+45,1.5464440779791836e+45
2021-04-28,0.001545142457765214,0.0,0.001545142457765214,1.0,2,1.6217181878736124e+45,1.5488335543826288e+45
2021-04-29,0.0034688571656583678,0.0,0.0034688571656583678,1.0,2,1.627343696630296e+45,1.554206236756161e+45
2021-04-30,-0.00791924407056288,0.0,-0.00791924407056288,1.0,2,1.6144563647099888e+45,1.541898098231298e+45
2021-05-03,0.0030435094925977957,0.0,0.0030435094925977957,1.0,2,1.6193699779813687e+45,1.5465908797298833e+45
2021-05-04,-0.012502543565306001,0.0,-0.012502543565306001,1.0,2,1.5991237342833082e+45,1.5272545598783555e+45
2021-05-05,-0.00045413048104037124,0.0,-0.00045413048104037124,1.0,2,1.598397523452615e+45,1.5265609870304068e+45
2021-05-06,0.006619621349411853,0.0,0.006619621349411853,1.0,2,1.6089783098237088e+45,1.5366662427313325e+45
2021-05-07,0.01263915539285243,0.0,0.01263915539285243,1.0,2,1.6293144367052998e+45,1.5560884061601644e+45
2021-05-10,-0.02187988135488278,0.0,-0.02187988135488278,1.0,2,1.59366523014039e+45,1.522041376455671e+45
2021-05-11,-0.0012551554567113987,0.0,-0.0012551554567113987,1.0,2,1.5916649325306082e+45,1.5201309779166723e+45
2021-05-12,-0.026465383619052263,0.0,-0.026465383619052263,1.0,2,1.5495409094981927e+45,1.4799001284349024e+45
2021-05-13,0.015608030323060074,0.0,0.015608030323060074,1.0,2,1.5737261910004628e+45,1.502998454514615e+45
2021-05-14,0.025515084237137498,0.0,0.025515084237137498,1.0,2,1.613879947330029e+45,1.541347586689843e+45
2021-05-17,-0.0002963405428827448,0.0,-0.0002963405428827448,1.0,2,1.6134016892702896e+45,1.5408908229092323e+45
2021-05-18,-0.00418741247834431,0.0,-0.00418741247834431,1.0,2,1.6066457109040574e+45,1.5344384774496158e+45
2021-05-19,-0.0018971104289475793,0.0,-0.0018971104289475793,1.0,2,1.6035977265702773e+45,1.5315274782114676e+45
2021-05-20,0.015216782208998691,0.0,0.015216782208998691,1.0,2,1.6279993239263425e+45,1.5548323982945082e+45
2021-05-21,0.0018143554383176497,0.0,0.0018143554383176497,1.0,2,1.6309530933532856e+45,1.5576534169120264e+45
2021-05-24,0.014257335175401453,0.0,0.014257335175401453,1.0,2,1.654206138260581e+45,1.5798614037640504e+45
2021-05-25,-0.0009317588238294539,0.0,-0.0009317588238294539,1.0,2,1.652664817094824e+45,1.5783893539606657e+45
2021-05-26,0.013244362668441145,0.0,0.013244362668441145,1.0,2,1.6745533093018007e+45,1.5992941149965273e+45
2021-05-27,0.005962449683607596,0.0,0.005962449683607596,1.0,2,1.6845377491510313e+45,1.6088298256864838e+45
2021-05-28,0.00427480414600423,0.0,0.00427480414600423,1.0,2,1.6917388181052026e+45,1.6157072580955436e+45
2021-06-01,-0.05127098795894952,0.0005,-0.05177098795894952,1.0,2,1.6050016975324432e+45,1.5320604970914917e+45
2021-06-02,0.017553559297879495,0.0,0.017553559297879495,1.0,2,1.6331751900032763e+45,1.558953611875126e+45
2021-06-03,0.007952407070564826,0.0,0.007952407070564826,1.0,2,1.6461628639317293e+45,1.5713510456008843e+45
2021-06-04,0.023058258511621355,0.0,0.023058258511621355,1.0,2,1.6841205128004977e+45,1.607583664222856e+45
2021-06-07,0.023017684490406698,0.0,0.023017684490406698,1.0,2,1.7228850674079616e+45,1.6445865177978695e+45
2021-06-08,0.02044259962730771,0.0,0.02044259962730771,1.0,2,1.7581053170448496e+45,1.6782061415336794e+45
2021-06-09,0.010658365626554256,0.0,0.010658365626554256,1.0,2,1.7768438463239027e+45,1.696093076186874e+45
2021-06-10,0.013623374174726754,0.0,0.013623374174726754,1.0,2,1.801050454892434e+45,1.719199586798931e+45
2021-06-11,0.021456303692851453,0.0,0.021456303692851453,1.0,2,1.8396943404187543e+45,1.7560872552419136e+45
2021-06-14,0.014666895583934525,0.0,0.014666895583934525,1.0,2,1.8666769452160316e+45,1.7818436036508252e+45
2021-06-15,0.014093438235500189,0.0,0.014093438235500189,1.0,2,1.892984841449066e+45,1.8069559064241993e+45
2021-06-16,0.011583705453844517,0.0,0.011583705453844517,1.0,2,1.9149126202810047e+45,1.827887151412302e+45
2021-06-17,0.005720102427581308,0.0,0.005720102427581308,1.0,2,1.92586611660888e+45,1.83834285314444e+45
2021-06-18,-0.007216338472376849,0.0,-0.007216338472376849,1.0,2,1.9119684148589483e+45,1.8250767488878746e+45
2021-06-21,0.031220307665342728,0.0,0.031220307665342728,1.0,2,1.9716606570172624e+45,1.8820562065010176e+45
2021-06-22,0.015920337496813153,0.0,0.015920337496813153,1.0,2,2.0030501601061654e+45,1.9120191764964854e+45
2021-06-23,0.01311432091672271,0.0,0.01311432091672271,1.0,2,2.0293188027180905e+45,1.9370940095759884e+45
2021-06-24,0.025760837089592203,0.0,0.025760837089592203,1.0,2,2.0815957537977576e+45,1.9869951727839005e+45
2021-06-25,0.01678295169537697,0.0,0.01678295169537697,1.0,2,2.1165310747830473e+45,2.02034281678768e+45
2021-06-28,0.00697595533340456,0.0,0.00697595533340456,1.0,2,2.1312959010224967e+45,2.0344366380357555e+45
2021-06-29,0.012060635676780063,0.0,0.012060635676780063,1.0,2,2.1570006844041436e+45,2.058973237134598e+45
2021-06-30,0.009799553845792064,0.0,0.009799553845792064,1.0,2,2.1781383287563724e+45,2.0791502562389434e+45
2021-07-01,0.059205255760185094,0.0005,0.05870525576018509,1.0,2,2.3070955655914554e+45,2.2012073037953046e+45
2021-07-02,0.0036959322292522967,0.0,0.0036959322292522967,1.0,2,2.31562243444829e+45,2.2093428168126673e+45
2021-07-06,-0.0033931029718325956,0.0,-0.0033931029718325956,1.0,2,2.307765289084321e+45,2.2018462891351432e+45
2021-07-07,0.001525553764469112,0.0,0.001525553764469112,1.0,2,2.311285909108595e+45,2.2052053240303157e+45
2021-07-08,-0.005900480815769327,0.0,-0.005900480815769327,1.0,2,2.2976482109421418e+45,2.1921935523210424e+45
2021-07-09,0.020010034686107347,0.0,0.020010034686107347,1.0,2,2.3436242313395666e+45,2.2360594213416473e+45
2021-07-12,0.006060107793132263,0.0,0.006060107793132263,1.0,2,2.3578268468080814e+45,2.2496101824668268e+45
2021-07-13,-0.0067601661051490125,0.0,-0.0067601661051490125,1.0,2,2.341887545676479e+45,2.2344024439615162e+45
2021-07-14,-0.001582891100709971,0.0,-0.001582891100709971,1.0,2,2.338180592721564e+45,2.230865628217565e+45
2021-07-15,-0.0005544965446995787,0.0,-0.0005544965446995787,1.0,2,2.3368840796620166e+45,2.2296286209350294e+45
2021-07-16,-0.004282113056289505,0.0,-0.004282113056289505,1.0,2,2.3268772778334606e+45,2.2200810991066465e+45
2021-07-19,-0.011742175005977573,0.0,-0.011742175005977573,1.0,2,2.2995546776197073e+45,2.1940125183134733e+45
2021-07-20,0.0257105909846172,0.0,0.0257105909846172,1.0,2,2.3586775873827508e+45,2.250421876786961e+45
2021-07-21,0.01659160166563589,0.0,0.01659160166563589,1.0,2,2.3978118263702687e+45,2.287759980146243e+45
2021-07-22,-0.002419544650605232,0.0,-0.002419544650605232,1.0,2,2.3920102135926165e+45,2.2822246427244115e+45
2021-07-23,0.011917922548776216,0.0,0.011917922548776216,1.0,2,2.420518006054095e+45,2.3094240192553094e+45
2021-07-26,0.0068857356999585395,0.0,0.0068857356999585395,1.0,2,2.4371850533007743e+45,2.3253261026710374e+45
2021-07-27,-0.003912481628104425,0.0,-0.003912481628104425,1.0,2,2.4276496115554443e+45,2.3162283070149854e+45
2021-07-28,0.011415093861007364,0.0,0.011415093861007364,1.0,2,2.455361459732988e+45,2.3426682705430835e+45
2021-07-29,0.010489814810861253,0.0,0.010489814810861253,1.0,2,2.4811177467393126e+45,2.3672424268643608e+45
2021-07-30,-0.0018150436337139308,0.0,-0.0018150436337139308,1.0,2,2.476614409768599e+45,2.362945778568023e+45
2021-08-02,0.020144804221875368,0.0005,0.019644804221875367,1.0,2,2.526505322186463e+45,2.4093653857748988e+45
2021-08-03,0.009655730228647186,0.0,0.009655730228647186,1.0,2,2.5509005759987372e+45,2.432629567962182e+45
2021-08-04,0.0009210411374198091,0.0,0.0009210411374198091,1.0,2,2.5532500603667e+45,2.434870119866379e+45
2021-08-05,0.00902252053774244,0.0,0.00902252053774244,1.0,2,2.576286811474351e+45,2.456838785529609e+45
2021-08-06,0.0013252112545786843,0.0,0.0013252112545786843,1.0,2,2.5797009357519395e+45,2.4600946159388784e+45
2021-08-09,0.0032843828959344123,0.0,0.0032843828959344123,1.0,2,2.588173661381949e+45,2.4681745086178482e+45
2021-08-10,0.000949946115493594,0.0,0.000949946115493594,1.0,2,2.5906322868978016e+45,2.4705191414046702e+45
2021-08-11,0.0033519465808390936,0.0,0.0033519465808390936,1.0,2,2.5993159479340803e+45,2.4788001895935994e+45
2021-08-12,0.005821437235373483,0.0,0.005821437235373483,1.0,2,2.614447702579884e+45,2.4932303693163504e+45
2021-08-13,0.005388938802391774,0.0,0.005388938802391774,1.0,2,2.6285368012511408e+45,2.5066662351968607e+45
2021-08-16,0.003754709018136293,0.0,0.003754709018136293,1.0,2,2.6384061920833015e+45,2.516078037515612e+45
2021-08-17,-0.005251412626953389,0.0,-0.005251412626953389,1.0,2,2.6245508324911634e+45,2.5028650735390024e+45
2021-08-18,-0.007275512559242969,0.0,-0.007275512559242969,1.0,2,2.6054558799470022e+45,2.484655447262379e+45
2021-08-19,0.00524299149681956,0.0,0.00524299149681956,1.0,2,2.6191162629709028e+45,2.497682474644902e+45
2021-08-20,0.011613358234351334,0.0,0.011613358234351334,1.0,2,2.6495329983901996e+45,2.5266889559786144e+45
2021-08-23,0.014439015176198056,0.0,0.014439015176198056,1.0,2,2.687789645563793e+45,2.5631718561595213e+45
2021-08-24,0.005113829605860043,0.0,0.005113829605860043,1.0,2,2.7015345438276016e+45,2.5762794802824575e+45
2021-08-25,0.00432322272961605,0.0,0.00432322272961605,1.0,2,2.7132138793723197e+45,2.5874173102894578e+45
2021-08-26,-0.0032270911423796234,0.0,-0.0032270911423796234,1.0,2,2.7044580908948157e+45,2.579067478805783e+45
2021-08-27,0.011799204407476005,0.0,0.011799204407476005,1.0,2,2.736368544720736e+45,2.6094984231688862e+45
2021-08-30,0.010396393786834934,0.0,0.010396393786834934,1.0,2,2.7648169096575613e+45,2.636627796362275e+45
2021-08-31,0.0016517806431993187,0.0,0.0016517806431993187,1.0,2,2.7693837807109236e+45,2.640982927119627e+45
2021-09-01,0.004026835009534158,0.0,0.004026835009534158,1.0,2,2.780535632273926e+45,2.651617729630134e+45
2021-09-02,0.0042878384763186395,0.0,0.0042878384763186395,1.0,2,2.7924581199427655e+45,2.662987438155731e+45
2021-09-03,0.0038524337571720912,0.0,0.0038524337571720912,1.0,2,2.8032158798695224e+45,2.6732464208574077e+45
2021-09-07,0.0017026728516532086,0.0,0.0017026728516532086,1.0,2,2.8079888394454994e+45,2.6777980849639805e+45
2021-09-08,0.0003761877578863926,0.0,0.0003761877578863926,1.0,2,2.80904517047118e+45,2.678805439821635e+45
2021-09-09,-0.0009479031225800849,0.0,-0.0009479031225800849,1.0,2,2.8063824677826218e+45,2.6762661917804436e+45
2021-09-10,-0.0041291930935098975,0.0,-0.0041291930935098975,1.0,2,2.7947943726789065e+45,2.6652153719049497e+45
2021-09-13,0.004309527471481112,0.0,0.004309527471481112,1.0,2,2.806838615805107e+45,2.6767011907675878e+45
2021-09-14,-0.0007838818185445517,0.0,-0.0007838818185445517,1.0,2,2.8046383860465883e+45,2.6746029733704685e+45
2021-09-15,0.010344639720948179,0.0,0.010344639720948179,1.0,2,2.8336513596977817e+45,2.7022707775265625e+45
2021-09-16,0.002141822987464459,0.0,0.002141822987464459,1.0,2,2.839720539318442e+45,2.708058563196222e+45
2021-09-17,-0.00796077002157819,0.0,-0.00796077002157819,1.0,2,2.8171141771793758e+45,2.686500331769651e+45
2021-09-20,-0.01682678178449115,0.0,-0.01682678178449115,1.0,2,2.7697112116579822e+45,2.6412951769230002e+45
2021-09-21,0.0031913262226472283,0.0,0.0031913262226472283,1.0,2,2.7785502636769065e+45,2.6497244114828664e+45
2021-09-22,0.012015989881764888,0.0,0.012015989881764888,1.0,2,2.8119372955312235e+45,2.68156347320071e+45
2021-09-23,0.013029433757437203,0.0,0.013029433757437203,1.0,2,2.848575246253415e+45,2.716502726841142e+45
2021-09-24,0.003317826699167248,0.0,0.003317826699167248,1.0,2,2.8580263252600215e+45,2.7255156121166166e+45
2021-09-27,-0.0031284703263327884,0.0,-0.0031284703263327884,1.0,2,2.8490850747095675e+45,2.716988917400153e+45
2021-09-28,-0.021636867060298937,0.0,-0.021636867060298937,1.0,2,2.7874397997045948e+45,2.6582017893900605e+45
2021-09-29,0.00281808183260035,0.0,0.00281808183260035,1.0,2,2.7952950331636092e+45,2.665692819560126e+45
2021-09-30,-0.004609541558260877,0.0,-0.004609541558260877,1.0,2,2.7824100045406415e+45,2.653405197726806e+45
2021-10-01,0.015270708628655594,0.0005,0.014770708628655593,1.0,2,2.8248993770054382e+45,2.6925978727761893e+45
2021-10-04,-0.012518815706287378,0.0,-0.012518815706287378,1.0,2,2.789534982315901e+45,2.6588897362357626e+45
2021-10-05,0.010614729269010748,0.0,0.010614729269010748,1.0,2,2.8191451409396193e+45,2.687113130942057e+45
2021-10-06,0.0020534746496523315,0.0,0.0020534746496523315,1.0,2,2.8249341840202294e+45,2.6926310496371943e+45
2021-10-07,0.014561232965209558,0.0,0.014561232965209558,1.0,2,2.8660687087851324e+45,2.7318390776403184e+45
2021-10-08,-0.0036621058877956414,0.0,-0.0036621058877956414,1.0,2,2.8555728616918634e+45,2.7218347936695812e+45
2021-10-11,-0.004319930382644888,0.0,-0.004319930382644888,1.0,2,2.8432369857267845e+45,2.710076656847868e+45
2021-10-12,0.0033406642491237704,0.0,0.0033406642491237704,1.0,2,2.8527352858767885e+45,2.7191301130477846e+45
2021-10-13,0.008577202856148658,0.0,0.008577202856148658,1.0,2,2.8772037751186465e+45,2.7424526436196576e+45
2021-10-14,0.01891602875870685,0.0,0.01891602875870685,1.0,2,2.931629044473451e+45,2.7943289566957588e+45
2021-10-15,0.004450632542885413,0.0,0.004450632542885413,1.0,2,2.944676648102453e+45,2.806765488085956e+45
2021-10-18,0.00637942102060246,0.0,0.00637942102060246,1.0,2,2.9634619802102354e+45,2.8246710268405532e+45
2021-10-19,0.007934575745119576,0.0,0.007934575745119576,1.0,2,2.986975793759996e+45,2.8470835930580647e+45
2021-10-20,0.004727989783060105,0.0,0.004727989783060105,1.0,2,3.0010981847951406e+45,2.8605445751975614e+45
2021-10-21,0.0062384767629413695,0.0,0.0062384767629413695,1.0,2,3.01982046608429e+45,2.878390016059289e+45
2021-10-22,-0.0031750079727635994,0.0,-0.0031750079727635994,1.0,2,3.010232512028158e+45,2.8692511048095775e+45
2021-10-25,0.011812735994173817,0.0,0.011812735994173817,1.0,2,3.045791593973825e+45,2.903144810611684e+45
2021-10-26,0.00045980745068618933,0.0,0.00045980745068618933,1.0,2,3.047192071641971e+45,2.904479698226024e+45
2021-10-27,-0.005527498687979748,0.0,-0.005527498687979748,1.0,2,3.0303487214639476e+45,2.888425190504816e+45
2021-10-28,0.017364201056121797,0.0,0.017364201056121797,1.0,2,3.082968305933609e+45,2.938580386248308e+45
2021-10-29,0.0041710973534078155,0.0,0.0041710973534078155,1.0,2,3.0958276668751293e+45,2.9508374911201653e+45
2021-11-01,0.003948700635653946,0.0005,0.0034487006356539456,1.0,2,3.1080521635511945e+45,2.9610140462515035e+45
2021-11-02,0.0063997569024834,0.0,0.0063997569024834,1.0,2,3.12794294183816e+45,2.979963816332352e+45
2021-11-03,0.01046192776115834,0.0,0.01046192776115834,1.0,2,3.160667254936696e+45,3.0111399825096866e+45
2021-11-04,0.011093869846457827,0.0,0.011093869846457827,1.0,2,3.1957312860909246e+45,3.044545177565114e+45
2021-11-05,0.0050518990196734,0.0,0.0050518990196734,1.0,2,3.2118757978422667e+45,3.059925912363006e+45
2021-11-08,0.00239348623632174,0.0,0.00239348623632174,1.0,2,3.219563378357177e+45,3.067249802918411e+45
2021-11-09,-0.0022546523002211494,0.0,-0.0022546523002211494,1.0,2,3.212304382380456e+45,3.0603342210949084e+45
2021-11-10,-0.00891054774858513,0.0,-0.00891054774858513,1.0,2,3.183680990798266e+45,3.033064966891213e+45
2021-11-11,0.0044614399510975455,0.0,0.0044614399510975455,1.0,2,3.197884792362163e+45,3.046596804108776e+45
2021-11-12,0.011398028369706326,0.0,0.011398028369706326,1.0,2,3.23433437394856e+45,3.0813220009130646e+45
2021-11-15,0.0028264081588198486,0.0,0.0028264081588198486,1.0,2,3.2434759230114396e+45,3.090031074556396e+45
2021-11-16,0.007721816295014339,0.0,0.007721816295014339,1.0,2,3.268521448246236e+45,3.1138917268600067e+45
2021-11-17,0.0015936482742167635,0.0,0.0015936482742167635,1.0,2,3.273730321811474e+45,3.118854175036615e+45
2021-11-18,0.009406126353346977,0.0,0.009406126353346977,1.0,2,3.3045234428652156e+45,3.1481905114846726e+45
2021-11-19,0.0044622601148598395,0.0,0.0044622601148598395,1.0,2,3.3192690860229325e+45,3.162238556438051e+45
2021-11-22,-0.004037260349003202,0.0,-0.004037260349003202,1.0,2,3.30586833255426e+45,3.149471776100055e+45
2021-11-23,0.0007625380679702753,0.0,0.0007625380679702753,1.0,2,3.3083891830055305e+45,3.151873368223329e+45
2021-11-24,0.004874288628423207,0.0,0.004874288628423207,1.0,2,3.324515226778653e+45,3.1672365087402903e+45
2021-11-26,-0.018433309493149974,0.0,-0.018433309493149974,1.0,2,3.263233408688753e+45,3.108853857936677e+45
2021-11-29,0.01978433497170823,0.0,0.01978433497170823,1.0,2,3.32779431153712e+45,3.170360464040184e+45
2021-11-30,-0.01424207420227408,0.0,-0.01424207420227408,1.0,2,3.280399618022303e+45,3.125207955063368e+45
2021-12-01,-0.009488885278856773,0.0,-0.009488885278856773,1.0,2,3.249272282378084e+45,3.095553215305201e+45
2021-12-02,0.013120882992452343,0.0,0.013120882992452343,1.0,2,3.2919056038057856e+45,3.13616960684013e+45
2021-12-03,-0.009623357934787136,0.0,-0.009623357934787136,1.0,2,3.260226417892831e+45,3.105989124169307e+45
2021-12-06,0.012338076107948015,0.0,0.012338076107948015,1.0,2,3.300451339565936e+45,3.144311054373767e+45
2021-12-07,0.02796384850144329,0.0,0.02796384850144329,1.0,2,3.3927446608119436e+45,3.2322380923396885e+45
2021-12-08,0.00598594071148234,0.0,0.00598594071148234,1.0,2,3.4130534292007625e+45,3.251586077925829e+45
2021-12-09,-0.008124362670679064,0.0,-0.008124362670679064,1.0,2,3.3853245453275306e+45,3.2251690133738287e+45
2021-12-10,0.012772634235975133,0.0,0.012772634235975133,1.0,2,3.428564057515068e+45,3.266362917530853e+45
2021-12-13,-0.008760529761985048,0.0,-0.008760529761985048,1.0,2,3.398528020048335e+45,3.2377478479783797e+45
2021-12-14,-0.00659185186655914,0.0,-0.00659185186655914,1.0,2,3.376125426775826e+45,3.2164050937832355e+45
2021-12-15,0.020886460454147326,0.0,0.020886460454147326,1.0,2,3.44664073699042e+45,3.2835844115790566e+45
2021-12-16,-0.013734057966502511,0.0,-0.013734057966502511,1.0,2,3.3993043733188845e+45,3.238487472932526e+45
2021-12-17,-0.005843658814663366,0.0,-0.005843658814663366,1.0,2,3.3794399983540164e+45,3.219562857065147e+45
2021-12-20,-0.008523751268617541,0.0,-0.008523751268617541,1.0,2,3.3506344923808294e+45,3.192120104077844e+45
2021-12-21,0.022111215133319484,0.0,0.022111215133319484,1.0,2,3.424721092474982e+45,3.262701758430503e+45
2021-12-22,0.0128135962454628,0.0,0.0128135962454628,1.0,2,3.468604085807277e+45,3.3045087014323927e+45
2021-12-23,0.00898543288541831,0.0,0.00898543288541831,1.0,2,3.499770995026385e+45,3.3342011425883936e+45
2021-12-27,0.017175822774545435,0.0,0.017175822774545435,1.0,2,3.5598824413884523e+45,3.391468790508178e+45
2021-12-28,-0.00027387174403992187,0.0,-0.00027387174403992187,1.0,2,3.558907490175652e+45,3.390539963035665e+45
2021-12-29,0.002787719898354468,0.0,0.002787719898354468,1.0,2,3.568828727402417e+45,3.399991838756785e+45
2021-12-30,-0.0004758003680097045,0.0,-0.0004758003680097045,1.0,2,3.567130677380556e+45,3.398374121388675e+45
2021-12-31,-0.002106694781371876,0.0,-0.002106694781371876,1.0,2,3.559615821798047e+45,3.391214784361996e+45
2022-01-03,0.009882845362502501,0.0,0.009882845362502501,1.0,2,3.5947949545147936e+45,3.4247296356668776e+45
2022-01-04,-0.003985597330893653,0.0,-0.003985597330893653,1.0,2,3.580467549338969e+45,3.411080042371931e+45
2022-01-05,-0.02197495324726817,0.0,-0.02197495324726817,1.0,2,3.5017869423388845e+45,3.3361217179181186e+45
2022-01-06,0.0012631627638189924,0.0,0.0012631627638189924,1.0,2,3.506210269211275e+45,3.340335782647761e+45
2022-01-07,-0.00489189145571528,0.0,-0.00489189145571528,1.0,2,3.4890582691533794e+45,3.3239952225734064e+45
2022-01-10,0.0012725708303862882,0.0,0.0012725708303862882,1.0,2,3.4934983429322215e+45,3.3282252419339965e+45
2022-01-11,0.013754651127593553,0.0,0.013754651127593553,1.0,2,3.541550193854081e+45,3.3740038190108494e+45
2022-01-12,0.005874971300055376,0.0,0.005874971300055376,1.0,2,3.5623566996006794e+45,3.393825994613815e+45
2022-01-13,-0.01609292123044398,0.0,-0.01609292123044398,1.0,2,3.505027973839261e+45,3.339209420212662e+45
2022-01-14,0.0048965506938769,0.0,0.0048965506938769,1.0,2,3.522190520996622e+45,3.355560028416205e+45
2022-01-18,-0.019398435089225785,0.0,-0.019398435089225785,1.0,2,3.4538655368031826e+45,3.290467415016972e+45
2022-01-19,-0.0075990213632067816,0.0,-0.0075990213632067816,1.0,2,3.4276195388033713e+45,3.2654630828353227e+45
2022-01-20,-0.008642842087897229,0.0,-0.008642842087897229,1.0,2,3.397995164392103e+45,3.237240201066519e+45
2022-01-21,-0.02090834300179084,0.0,-0.02090834300179084,1.0,2,3.3269487159765657e+45,3.1695548725634337e+45
2022-01-24,0.005464686175154776,0.0,0.005464686175154776,1.0,2,3.345129446630212e+45,3.1868754952569254e+45
2022-01-25,-0.016258371100000946,0.0,-0.016258371100000946,1.0,2,3.2907430907093576e+45,3.135062090805539e+45
2022-01-26,0.002165769145785479,0.0,0.002165769145785479,1.0,2,3.297870080561923e+45,3.141851911551928e+45
2022-01-27,-0.0036669599661877106,0.0,-0.0036669599661877106,1.0,2,3.285776923002814e+45,3.130330866372577e+45
2022-01-28,0.029432348550050336,0.0,0.029432348550050336,1.0,2,3.382485054658344e+45,3.2224638555086355e+45
2022-01-31,0.026235800901844464,0.0,0.026235800901844464,1.0,2,3.4712272591058246e+45,3.30700777563515e+45
2022-02-01,-0.05943988673592232,0.0005,-0.05993988673592232,0.5,2,3.2648979039899284e+45,3.108786104128765e+45
2022-02-02,0.022166460539658095,0.0,0.022166460539658095,0.5,2,3.3372691345447334e+45,3.177696888632173e+45
2022-02-03,0.005331874803207015,0.0,0.005331874803207015,0.5,2,3.355063035754733e+45,3.1946399706049e+45
2022-02-04,0.019481263403282767,0.0,0.019481263403282767,0.5,2,3.4204239024888886e+45,3.2568755933509096e+45
2022-02-07,0.015937589077906156,0.0,0.015937589077906156,0.5,2,3.4749372131190046e+45,3.308782338235598e+45
2022-02-08,0.02111046670072858,0.0,0.02111046670072858,0.5,2,3.548294759443675e+45,3.378632277606879e+45
2022-02-09,0.024785560840166976,0.0,0.024785560840166976,0.5,2,3.6362412350827124e+45,3.462373573480057e+45
2022-02-10,0.007969811056566745,0.0,0.007969811056566745,0.5,2,3.6652213906824186e+45,3.4899680366679426e+45
2022-02-11,0.008010322847773754,0.0,0.008010322847773754,0.5,2,3.6945809973303506e+45,3.517923807370064e+45
2022-02-14,0.015786756567205296,0.0,0.015786756567205296,0.5,2,3.752906448153027e+45,3.573460414138991e+45
2022-02-15,0.02551996830119635,0.0,0.02551996830119635,0.5,2,3.8486805017472474e+45,3.664655010633398e+45
2022-02-16,0.017628122219702447,0.0,0.017628122219702447,0.5,2,3.916525512016634e+45,3.729255997053889e+45
2022-02-17,0.006763236864148703,0.0,0.006763236864148703,0.5,2,3.943013901738883e+45,3.7544778386890114e+45
2022-02-18,0.014281951517376046,0.0,0.014281951517376046,0.5,2,3.999327835115857e+45,3.8080991091542306e+45
2022-02-22,0.011877468298551908,0.0,0.011877468298551908,0.5,2,4.046829724692962e+45,3.8533296856009535e+45
2022-02-23,0.009536199467719386,0.0,0.009536199467719386,0.5,2,4.08542110015953e+45,3.890075806097729e+45
2022-02-24,0.02331332067783748,0.0,0.02331332067783748,0.5,2,4.1806658323715535e+45,3.980766390826382e+45
2022-02-25,0.02792265263800464,0.0,0.02792265263800464,0.5,2,4.2974011122044394e+45,4.091919947990471e+45
2022-02-28,0.01537150419299893,0.0,0.01537150419299893,0.5,2,4.363458631419688e+45,4.154818912628423e+45
2022-03-01,0.13983309396760857,0.001,0.13883309396760857,1.0,1,4.9736145522507703e+45,4.7316452771437615e+45
2022-03-02,-0.010424557956079883,0.0,-0.010424557956079883,1.0,1,4.92176681909963e+45,4.682319966724565e+45
2022-03-03,0.005947441891525296,0.0,0.005947441891525296,1.0,1,4.9510387412598625e+45,4.710167792644188e+45
2022-03-04,0.015866681029817364,0.0,0.015866681029817364,1.0,1,5.0295952937337015e+45,4.784902522606992e+45
2022-03-07,0.014818319131695734,0.0,0.014818319131695734,1.0,1,5.104125441899522e+45,4.855806735201038e+45
2022-03-08,0.027184394123710653,0.0,0.027184394123710653,1.0,1,5.2428779995689773e+45,4.987808899279312e+45
2022-03-09,-0.02974495032287483,0.0,-0.02974495032287483,1.0,1,5.086928853922905e+45,4.8394467713502555e+45
2022-03-10,0.003135879926869478,0.0,0.003135879926869478,1.0,1,5.102880852005335e+45,4.854622695337686e+45
2022-03-11,-0.006923035935730293,0.0,-0.006923035935730293,1.0,1,5.067553424491152e+45,4.821013967963451e+45
2022-03-14,-0.015118101589273625,0.0,-0.015118101589273625,1.0,1,4.9909416370106235e+45,4.7481293890324725e+45
2022-03-15,-0.018726032995148523,0.0,-0.018726032995148523,1.0,1,4.897481099239102e+45,4.659215761428216e+45
2022-03-16,0.006254212510286905,0.0,0.006254212510286905,1.0,1,4.928110986798857e+45,4.688355486931467e+45
2022-03-17,0.004898166240577151,0.0,0.004898166240577151,1.0,1,4.9522496936642124e+45,4.7113198315013794e+45
2022-03-18,-0.00880843395834996,0.0,-0.00880843395834996,1.0,1,4.9086281292923126e+45,4.669820481908935e+45
2022-03-21,0.007639547885523124,0.0,0.007639547885523124,1.0,1,4.946127828938267e+45,4.705495799097275e+45
2022-03-22,-0.007258689533721774,0.0,-0.007258689533721774,1.0,1,4.9102254226339024e+45,4.6713400659893954e+45
2022-03-23,0.013615947135692474,0.0,0.013615947135692474,1.0,1,4.977082792412819e+45,4.7349447853807495e+45
2022-03-24,0.007247662204210803,0.0,0.007247662204210803,1.0,1,5.0131550072546174e+45,4.769262065740779e+45
2022-03-25,-0.004072852714962605,0.0,-0.004072852714962605,1.0,1,4.992737165272792e+45,4.749837563787958e+45
2022-03-28,-0.0182840392843846,0.0,-0.0182840392843846,1.0,1,4.901449762806337e+45,4.6629913471772135e+45
2022-03-29,0.0005832281522279992,0.0,0.0005832281522279992,1.0,1,4.904308426294737e+45,4.6657109350044826e+45
2022-03-30,0.008022631616782405,0.0,0.008022631616782405,1.0,1,4.9436538861339815e+45,4.7031422150664166e+45
2022-03-31,0.0003902223619687284,0.0,0.0003902223619687284,1.0,1,4.9455830104301845e+45,4.704977486330255e+45
2022-04-01,-0.03471318593035633,0.0005,-0.03521318593035633,1.0,2,4.77390606785511e+45,4.539300239305967e+45
2022-04-04,0.008160348111119764,0.0,0.008160348111119764,1.0,2,4.812862803218594e+45,4.576342509439592e+45
2022-04-05,-0.0076240264160510884,0.0,-0.0076240264160510884,1.0,2,4.776169410070026e+45,4.5414523532587274e+45
2022-04-06,-0.0024100183940146125,0.0,-0.0024100183940146125,1.0,2,4.7646587539388274e+45,4.530507369551833e+45
2022-04-07,0.005826241595603521,0.0,0.005826241595603521,1.0,2,4.7924188069598814e+45,4.5569032000375036e+45
2022-04-08,0.003435226478175013,0.0,0.003435226478175013,1.0,2,4.8088818509400537e+45,4.572557194568753e+45
2022-04-11,-0.004376831366751266,0.0,-0.004376831366751266,1.0,2,4.787834186015858e+45,4.5525438828133003e+45
2022-04-12,0.004219243171017906,0.0,0.004219243171017906,1.0,2,4.808035222709172e+45,4.5717521725016197e+45
2022-04-13,0.009437641422337717,0.0,0.009437641422337717,1.0,2,4.8534117350870705e+45,4.614898730177483e+45
2022-04-14,-0.005824097184422894,0.0,-0.005824097184422894,1.0,2,4.825144993465905e+45,4.588021111476659e+45
2022-04-18,0.00332405210117237,0.0,0.00332405210117237,1.0,2,4.841184026819897e+45,4.603271932692486e+45
2022-04-19,0.0016909143753706668,0.0,0.0016909143753706668,1.0,2,4.8493700544846616e+45,4.611055671377216e+45
2022-04-20,0.004026238979135233,0.0,0.004026238979135233,1.0,2,4.868894777222279e+45,4.6296208834562775e+45
2022-04-21,-0.006567879839101121,0.0,-0.006567879839101121,1.0,2,4.836916461376256e+45,4.5992140897931434e+45
2022-04-22,-0.016330762383298114,0.0,-0.016330762383298114,1.0,2,4.7579259279776575e+45,4.524105417342815e+45
2022-04-25,-0.004876492733256077,0.0,-0.004876492733256077,1.0,2,4.7347239367645036e+45,4.502043650150658e+45
2022-04-26,-0.011654075274018127,0.0,-0.011654075274018127,1.0,2,4.6795451076037547e+45,4.4495764945648867e+45
2022-04-27,-0.0006292401003040737,0.0,-0.0006292401003040737,1.0,2,4.676600550170869e+45,4.446776642605136e+45
2022-04-28,0.01691272419535561,0.0,0.01691272419535561,1.0,2,4.7556946054477574e+45,4.521983749519867e+45
2022-04-29,-0.01650264131675533,0.0,-0.01650264131675533,1.0,2,4.677213083162025e+45,4.447359073661345e+45
2022-05-02,0.02062795733258288,0.0005,0.02012795733258288,1.0,1,4.77369443507689e+45,4.5368753273386764e+45
2022-05-03,0.0026475402488495003,0.0,0.0026475402488495003,1.0,1,4.786332983229465e+45,4.548886887371818e+45
2022-05-04,0.009811327081572951,0.0,0.009811327081572951,1.0,1,4.83329326164925e+45,4.5935175044809014e+45
2022-05-05,-0.003674128550665623,0.0,-0.003674128550665623,1.0,1,4.815535120882885e+45,4.576640330669706e+45
2022-05-06,0.0016556204446918077,0.0,0.0016556204446918077,1.0,1,4.82350781928115e+45,4.5842175099691635e+45
2022-05-09,-0.014531785475720427,0.0,-0.014531785475720427,1.0,1,4.7534136384108964e+45,4.51760064454025e+45
2022-05-10,-0.008372329265863732,0.0,-0.008372329265863732,1.0,1,4.713616494293273e+45,4.479777804452481e+45
2022-05-11,0.008155701602549525,0.0,0.008155701602549525,1.0,1,4.7520593438895844e+45,4.51631353547132e+45
2022-05-12,-0.015381845825156448,0.0,-0.015381845825156448,1.0,1,4.678963899709881e+45,4.4468442969706325e+45
2022-05-13,-0.008078394813121559,0.0,-0.008078394813121559,1.0,1,4.6411653820116813e+45,4.4109209330672255e+45
2022-05-16,0.00956342991764536,0.0,0.00956342991764536,1.0,1,4.685550841878752e+45,4.453104466282889e+45
2022-05-17,-0.006277767287134917,0.0,-0.006277767287134917,1.0,1,4.6561360440813986e+45,4.425148912738264e+45
2022-05-18,0.0005360694918966624,0.0,0.0005360694918966624,1.0,1,4.6586320565647506e+45,4.427521100067482e+45
2022-05-19,0.014670851542994523,0.0,0.014670851542994523,1.0,1,4.7269781558600474e+45,4.492476604830048e+45
2022-05-20,0.0007001792864219647,0.0,0.0007001792864219647,1.0,1,4.730287888052149e+45,4.495622143893485e+45
2022-05-23,0.004661449569813736,0.0,0.004661449569813736,1.0,1,4.7523378864930057e+45,4.516578259802183e+45
2022-05-24,0.0075077707786175285,0.0,0.0075077707786175285,1.0,1,4.788017350007335e+45,4.550487694080465e+45
2022-05-25,-0.006017078985921076,0.0,-0.006017078985921076,1.0,1,4.75920747142638e+45,4.523107050200721e+45
2022-05-26,-0.001828809603789061,0.0,-0.001828809603789061,1.0,1,4.750503787096211e+45,4.514835148588348e+45
2022-05-27,0.0005366090999333606,0.0,0.0005366090999333606,1.0,1,4.7530529506576355e+45,4.51725785021378e+45
2022-05-31,-0.00990037204142602,0.0,-0.00990037204142602,1.0,1,4.7059959581135274e+45,4.472535316889611e+45
2022-06-01,-0.15416087119492106,0.001,-0.15516087119492106,0.0,1,3.9805155213709685e+45,3.778572840670967e+45
2022-06-02,0.030697448104484493,0.0,0.030697448104484493,0.0,1,4.1027071900173495e+45,3.8945653843564786e+45
2022-06-03,0.03061380044188433,0.0,0.03061380044188433,0.0,1,4.2283066492040245e+45,4.0137928318410384e+45
2022-06-06,0.030530071556928884,0.0,0.030530071556928884,0.0,1,4.357397153768862e+45,4.136334214211834e+45
2022-06-07,0.030578598583708594,0.0,0.030578598583708594,0.0,1,4.4906402522037545e+45,4.2628175177562773e+45
2022-06-08,0.030683958918819032,0.0,0.030683958918819032,0.0,1,4.6284308732215696e+45,4.393617635349533e+45
2022-06-09,0.03076767944050307,0.0,0.03076767944050307,0.0,1,4.770836950641378e+45,4.528799054338108e+45
2022-06-10,0.03061380044188433,0.0,0.03061380044188433,0.0,1,4.916890400989081e+45,4.667442804829009e+45
2022-06-13,0.030530071556928884,0.0,0.030530071556928884,0.0,1,5.067003416768855e+45,4.8099401676483124e+45
2022-06-14,0.030613710848200415,0.0,0.030613710848200415,0.0,1,5.22212319423666e+45,4.957190285137843e+45
2022-06-15,0.030571842220058487,0.0,0.030571842220058487,0.0,1,5.3817731205845714e+45,5.108740724389884e+45
2022-06-16,0.030805852377544962,0.0,0.030805852377544962,0.0,1,5.547563228866739e+45,5.266119836980591e+45
2022-06-17,0.030697424265105022,0.0,0.030697424265105022,0.0,1,5.717859130940758e+45,5.4277761518472694e+45
2022-06-21,0.030781598830187162,0.0,0.030781598830187162,0.0,1,5.893863976876899e+45,5.594851779893489e+45
2022-06-22,0.03049501440297342,0.0,0.03049501440297342,0.0,1,6.073597443740926e+45,5.765466865503843e+45
2022-06-23,0.030732507072673387,0.0,0.030732507072673387,0.0,1,6.260254320137265e+45,5.942654116725204e+45
2022-06-24,0.03044601421577109,0.0,0.03044601421577109,0.0,1,6.450854112162507e+45,6.12358424844243e+45
2022-06-27,0.030781598830187162,0.0,0.030781598830187162,0.0,1,6.649421715555156e+45,6.312077962180839e+45
2022-06-28,0.030648897744625092,0.0,0.030648897744625092,0.0,1,6.853219161776096e+45,6.505536194199821e+45
2022-06-29,0.030732661028517794,0.0,0.030732661028517794,0.0,1,7.063836823229104e+45,6.705468632864917e+45
2022-06-30,0.030817071435709553,0.0,0.030817071435709553,0.0,1,7.281523587220751e+45,6.912111538733826e+45
2022-07-01,0.030276098186486133,0.0,0.030276098186486133,0.0,1,7.501979710294662e+45,7.121383306356476e+45
2022-07-05,0.03045576384292703,0.0,0.03045576384292703,0.0,1,7.730458232705826e+45,7.338270474569833e+45
2022-07-06,0.030407098842563984,0.0,0.030407098842563984,0.0,1,7.965519040286024e+45,7.561405990223546e+45
2022-07-07,0.030526042163931844,0.0,0.030526042163931844,0.0,1,8.208674810367398e+45,7.792225788299718e+45
2022-07-08,0.03033719248835054,0.0,0.03033719248835054,0.0,1,8.457702958163788e+45,8.028620041952055e+45
2022-07-11,0.03037213119995552,0.0,0.03037213119995552,0.0,1,8.714581422059392e+45,8.272466343220816e+45
2022-07-12,0.030323172492512596,0.0,0.030323172492512596,0.0,1,8.978835177720544e+45,8.523313767084806e+45
2022-07-13,0.030288410981849867,0.0,0.030288410981849867,0.0,1,9.250789827721636e+45,8.78147139738953e+45
2022-07-14,0.03069361392938097,0.0,0.03069361392938097,0.0,1,9.534729999235569e+45,9.051006490192905e+45
2022-07-15,0.030253238050649167,0.0,0.030253238050649167,0.0,1,9.823186455651107e+45,9.32482874413868e+45
2022-07-18,0.03049105424337739,0.0,0.03049105424337739,0.0,1,1.0122705766713176e+46,9.609152603186417e+45
2022-07-19,0.03045639504708797,0.0,0.03045639504708797,0.0,1,1.0431006892489628e+46,9.901812750936816e+45
2022-07-20,0.030406988680819702,0.0,0.030406988680819702,0.0,1,1.0748182400999111e+46,1.0202897059174147e+46
2022-07-21,0.03049083656064222,0.0,0.03049083656064222,0.0,1,1.1075903473911946e+46,1.0513991925850483e+46
2022-07-22,0.03061014289989239,0.0,0.03061014289989239,0.0,1,1.1414938461993805e+46,1.083582672114908e+46
2022-07-25,0.030371972414605874,0.0,0.030371972414605874,0.0,1,1.1761632658075903e+46,1.116493215141327e+46
2022-07-26,0.03025257534760284,0.0,0.03025257534760284,0.0,1,1.2117452336275171e+46,1.1502700102574775e+46
2022-07-27,0.03054023664131522,0.0,0.03054023664131522,0.0,1,1.2487522198114873e+46,1.1853995285721489e+46
2022-07-28,0.030372117350915717,0.0,0.030372117350915717,0.0,1,1.2866794687738184e+46,1.2214026221616623e+46
2022-07-29,0.030239042124564075,0.0,0.030239042124564075,0.0,1,1.3255874234308817e+46,1.258336667504262e+46
2022-08-01,0.030515150500310395,0.0,0.030515150500310395,0.0,1,1.3660379231581936e+46,1.2967350002932135e+46
2022-08-02,0.030044328411911292,0.0,0.030044328411911292,0.0,1,1.4070796151446836e+46,1.3356945325052425e+46
2022-08-03,0.03011137054966473,0.0,0.03011137054966473,0.0,1,1.4494487108291847e+46,1.3759141255146692e+46
2022-08-04,0.030051637235427586,0.0,0.030051637235427586,0.0,1,1.4930070176783815e+46,1.4172625976817366e+46
2022-08-05,0.02996781897150058,0.0,0.02996781897150058,0.0,1,1.537749181707347e+46,1.4597348666441415e+46
2022-08-08,0.030002565842256468,0.0,0.030002565842256468,0.0,1,1.583885602780398e+46,1.5035306580928697e+46
2022-08-09,0.03017090503658415,0.0,0.03017090503658415,0.0,1,1.631672864890698e+46,1.5488935387977827e+46
2022-08-10,0.0299182306122715,0.0,0.0299182306122715,0.0,1,1.6804896299462836e+46,1.595233692885392e+46
2022-08-11,0.030274981438562887,0.0,0.030274981438562887,0.0,1,1.7313664223006044e+46,1.643529363327667e+46
2022-08-12,0.030121327279650556,0.0,0.030121327279650556,0.0,1,1.7835174769477187e+46,1.6930346491741755e+46
2022-08-15,0.03000250595654541,0.0,0.03000250595654541,0.0,1,1.8370274706734453e+46,1.7438299313206614e+46
2022-08-16,0.03008679434232231,0.0,0.03008679434232231,0.0,1,1.892297738384794e+46,1.7962961838322924e+46
2022-08-17,0.030051276180720232,0.0,0.030051276180720232,0.0,1,1.949163700337148e+46,1.8502771765550107e+46
2022-08-18,0.03005221387860002,0.0,0.03005221387860002,0.0,1,2.0077403847440837e+46,1.9058821019995343e+46
2022-08-19,0.0300024229554946,0.0,0.0300024229554946,0.0,1,2.0679774609520034e+46,1.9630631829270316e+46
2022-08-22,0.030338408876084633,0.0,0.030338408876084633,0.0,1,2.1307166067088923e+46,2.0226193964202597e+46
2022-08-23,0.02968069401488005,0.0,0.02968069401488005,0.0,1,2.1939577543450427e+46,2.082652143833971e+46
2022-08-24,0.03020583211469463,0.0,0.03020583211469463,0.0,1,2.2602280739395213e+46,2.1455603848439284e+46
2022-08-25,0.030212204596934855,0.0,0.030212204596934855,0.0,1,2.328514546945118e+46,2.2103824941659115e+46
2022-08-26,0.02998507556341179,0.0,0.02998507556341179,0.0,1,2.398335231585771e+46,2.2766609802775193e+46
2022-08-29,0.030027186104114145,0.0,0.030027186104114145,0.0,1,2.470350489924651e+46,2.345022703228287e+46
2022-08-30,0.029932991396250497,0.0,0.029932991396250497,0.0,1,2.5442954698852887e+46,2.4152162476280316e+46
2022-08-31,0.030120893576562224,0.0,0.030120893576562224,0.0,1,2.620931922961033e+46,2.4879647191872195e+46
2022-09-01,0.02971910210297346,0.0,0.02971910210297346,0.0,1,2.6988236663844546e+46,2.56190479670534e+46
2022-09-02,0.029422022207402754,0.0,0.029422022207402754,0.0,1,2.7782285162306826e+46,2.6372812165272565e+46
2022-09-06,0.029541064106172632,0.0,0.029541064106172632,0.0,1,2.86030034293025e+46,2.7151893100106933e+46
2022-09-07,0.029555942299506643,0.0,0.029555942299506643,0.0,1,2.9448392148251557e+46,2.7954392885896067e+46
2022-09-08,0.029590090362447086,0.0,0.029590090362447086,0.0,1,3.03197727329471e+46,2.878156589741708e+46
2022-09-09,0.029337558241188,0.0,0.029337558241188,0.0,1,3.1209280831359516e+46,2.962594676320514e+46
2022-09-12,0.029421882201328353,0.0,0.029421882201328353,0.0,1,3.212751661556795e+46,3.049759787897499e+46
2022-09-13,0.02967467114854505,0.0,0.02967467114854505,0.0,1,3.3080890105954353e+46,3.140260406685414e+46
2022-09-14,0.029337568196763697,0.0,0.029337568196763697,0.0,1,3.4051402975447437e+46,3.2323880105221446e+46
2022-09-15,0.029674049279498904,0.0,0.029674049279498904,0.0,1,3.506184598537694e+46,3.32830605163684e+46
2022-09-16,0.02942185398528152,0.0,0.02942185398528152,0.0,1,3.609343049841313e+46,3.426230986306428e+46
2022-09-19,0.0295059479474874,0.0,0.0295059479474874,0.0,1,3.7158401379945564e+46,3.527325179444454e+46
2022-09-20,0.02965893038011702,0.0,0.02965893038011702,0.0,1,3.826047981950981e+46,3.6319418713696306e+46
2022-09-21,0.029505965289802316,0.0,0.029505965289802316,0.0,1,3.9389392209035446e+46,3.739105822160842e+46
2022-09-22,0.029505841700582347,0.0,0.029505841700582347,0.0,1,4.0551609380237404e+46,3.8494312866512464e+46
2022-09-23,0.02959013199985394,0.0,0.02959013199985394,0.0,1,4.175153685460514e+46,3.963336466547624e+46
2022-09-26,0.029387391408196573,0.0,0.029387391408196573,0.0,1,4.2978505610045166e+46,4.079808586572438e+46
2022-09-27,0.02947128277390232,0.0,0.02947128277390232,0.0,1,4.4245137302078554e+46,4.200045779090709e+46
2022-09-28,0.029387475272884434,0.0,0.029387475272884434,0.0,1,4.5545390180488763e+46,4.32347452056872e+46
2022-09-29,0.029777148938380793,0.0,0.029777148938380793,0.0,1,4.690160204734985e+46,4.4522152652989894e+46
2022-09-30,0.02947112660222939,0.0,0.02947112660222939,0.0,1,4.828384509913468e+46,4.583427065042994e+46
2022-10-03,0.02893395590475578,0.0,0.02893395590475578,0.0,1,4.968088774414509e+46,4.716043741635611e+46
2022-10-04,0.02896880011095837,0.0,0.02896880011095837,0.0,1,5.112008345054019e+46,4.85266187010159e+46
2022-10-05,0.02888485938533847,0.0,0.02888485938533847,0.0,1,5.259667987277582e+46,4.992830325864068e+46
2022-10-06,0.029206006859908262,0.0,0.029206006859908262,0.0,1,5.413281886594851e+46,5.138650962611612e+46
2022-10-07,0.028901263734835037,0.0,0.028901263734835037,0.0,1,5.569732574070335e+46,5.287164469323315e+46
2022-10-10,0.02891872510240101,0.0,0.02891872510240101,0.0,1,5.730802139273763e+46,5.440062525182858e+46
2022-10-11,0.028934539426084704,0.0,0.028934539426084704,0.0,1,5.896620259715671e+46,5.597468228798128e+46
2022-10-12,0.028682283507057815,0.0,0.028682283507057815,0.0,1,6.065748793738295e+46,5.758016399458264e+46
2022-10-13,0.02920544098573752,0.0,0.02920544098573752,0.0,1,6.242901662168127e+46,5.926181807607551e+46
2022-10-14,0.02898562945529426,0.0,0.02898562945529426,0.0,1,6.423856096473572e+46,6.097955917567569e+46
2022-10-17,0.028765926729901747,0.0,0.028765926729901747,0.0,1,6.608644270268163e+46,6.273369270694488e+46
2022-10-18,0.029019595947969545,0.0,0.029019595947969545,0.0,1,6.800424456755209e+46,6.45541991216245e+46
2022-10-19,0.028816752096263554,0.0,0.028816752096263554,0.0,1,6.996390602474891e+46,6.641444147448519e+46
2022-10-20,0.029121313769897572,0.0,0.029121313769897572,0.0,1,7.200134688466325e+46,6.834851726351617e+46
2022-10-21,0.029087059127849257,0.0,0.029087059127849257,0.0,1,7.409565431878224e+46,7.03365746264609e+46
2022-10-24,0.02890111545917684,0.0,0.02890111545917684,0.0,1,7.623710137927261e+46,7.236938009074324e+46
2022-10-25,0.02876641609079833,0.0,0.02876641609079833,0.0,1,7.843016955910514e+46,7.44511877906667e+46
2022-10-26,0.028952882510713707,0.0,0.028952882510713707,0.0,1,8.070094904364527e+46,7.660676428355295e+46
2022-10-27,0.029407673089309916,0.0,0.029407673089309916,0.0,1,8.307417617111786e+46,7.88595909640335e+46
2022-10-28,0.028884783430151217,0.0,0.028884783430151217,0.0,1,8.547375575845881e+46,8.113743317041991e+46
2022-10-31,0.02885077981529427,0.0,0.02885077981529427,0.0,1,8.793974026583236e+46,8.347831138959786e+46
2022-11-01,0.028166674860417906,0.0,0.028166674860417906,0.0,1,9.041671033720965e+46,8.582961784440538e+46
2022-11-02,0.02823898303228256,0.0,0.02823898303228256,0.0,1,9.296998628625693e+46,8.825335896638085e+46
2022-11-03,0.02847525151768171,0.0,0.02847525151768171,0.0,1,9.561733002935351e+46,9.076639556022878e+46
2022-11-04,0.02812112385588339,0.0,0.02812112385588339,0.0,1,9.830619680987785e+46,9.331884861173008e+46
2022-11-07,0.028087466493150304,0.0,0.028087466493150304,0.0,1,1.0106736881884434e+47,9.59399386452914e+46
2022-11-08,0.028121082431617594,0.0,0.028121082431617594,0.0,1,1.0390949262854575e+47,9.863787356841999e+46
2022-11-09,0.028417393618752507,0.0,0.028417393618752507,0.0,1,1.06862329581296e+47,1.014409048473305e+47
2022-11-10,0.02815429573622852,0.0,0.02815429573622852,0.0,1,1.0987096321139014e+47,1.0429690208215288e+47
2022-11-11,0.028120881367552197,0.0,0.028120881367552197,0.0,1,1.1296063153359633e+47,1.072298228926083e+47
2022-11-14,0.028003027562888638,0.0,0.028003027562888638,0.0,1,1.1612387121195292e+47,1.1023258257863367e+47
2022-11-15,0.02807010514431807,0.0,0.02807010514431807,0.0,1,1.193834804866377e+47,1.1332682276194566e+47
2022-11-16,0.027985765437069654,0.0,0.027985765437069654,0.0,1,1.2272451856859773e+47,1.1649836064148984e+47
2022-11-17,0.028592797399396352,0.0,0.028592797399396352,0.0,1,1.2623355586396812e+47,1.1982937466467378e+47
2022-11-18,0.028070021779940224,0.0,0.028070021779940224,0.0,1,1.2977693452642899e+47,1.2319298782138777e+47
2022-11-21,0.028238405650119813,0.0,0.028238405650119813,0.0,1,1.334416282476153e+47,1.2667176138473837e+47
2022-11-22,0.028357091042060523,0.0,0.028357091042060523,0.0,1,1.3722564464863373e+47,1.3026380405478357e+47
2022-11-23,0.028272373409025553,0.0,0.028272373409025553,0.0,1,1.4110533931543415e+47,1.3394667096470054e+47
2022-11-25,0.028120479793009134,0.0,0.028120479793009134,0.0,1,1.4507328915833952e+47,1.3771331561890425e+47
2022-11-28,0.02827242240444472,0.0,0.02827242240444472,0.0,1,1.4917486246902623e+47,1.4160680464879851e+47
2022-11-29,0.02806996587842736,0.0,0.02806996587842736,0.0,1,1.5336219576845089e+47,1.4558170282344342e+47
2022-11-30,0.02818751913060702,0.0,0.02818751913060702,0.0,1,1.5768509559558597e+47,1.4968528985684555e+47
2022-12-01,0.12780662136498339,0.001,0.12680662136498339,1.0,2,1.7783829490327222e+47,1.6866637573163037e+47
2022-12-02,0.0034672264553509136,0.0,0.0034672264553509136,1.0,2,1.7845490054413536e+47,1.6925118025169526e+47
2022-12-05,-0.020167038226331258,0.0,-0.020167038226331258,1.0,2,1.7485599374318565e+47,1.6583788522970765e+47
2022-12-06,-0.011891797967578721,0.0,-0.011891797967578721,1.0,2,1.7277664159217147e+47,1.6386577460318546e+47
2022-12-07,-0.00011152607470193976,0.0,-0.00011152607470193976,1.0,2,1.727573724915345e+47,1.6384749929656597e+47
2022-12-08,0.010040998475133955,0.0,0.010040998475133955,1.0,2,1.7449202900529013e+47,1.654926917871573e+47
2022-12-09,-0.007578674781258066,0.0,-0.007578674781258066,1.0,2,1.731696106655372e+47,1.6423847649742746e+47
2022-12-12,0.014915925954971376,0.0,0.014915925954971376,1.0,2,1.7575259575587557e+47,1.6668824545182038e+47
2022-12-13,0.01305744006938614,0.0,0.01305744006938614,1.0,2,1.7804747474199696e+47,1.6886476722707866e+47
2022-12-14,-0.004158246666546184,0.0,-0.004158246666546184,1.0,2,1.7730710942366408e+47,1.6816258587165956e+47
2022-12-15,-0.0228293335891136,0.0,-0.0228293335891136,1.0,2,1.7325930627490978e+47,1.6432354610158747e+47
2022-12-16,-0.00809720761153776,0.0,-0.00809720761153776,1.0,2,1.7185638970137082e+47,1.6299298423333883e+47
2022-12-19,-0.008572488787602306,0.0,-0.008572488787602306,1.0,2,1.70383152727578e+47,1.615957287035407e+47
2022-12-20,0.004904030919503921,0.0,0.004904030919503921,1.0,2,1.712187169767166e+47,1.6238819915356263e+47
2022-12-21,0.017918679731811993,0.0,0.017918679731811993,1.0,2,1.7428673033031416e+47,1.6529798128642104e+47
2022-12-22,-0.011996423541832668,0.0,-0.011996423541832668,1.0,2,1.7219591289555054e+47,1.633149966922992e+47
2022-12-23,0.006669216710793513,0.0,0.006669216710793513,1.0,2,1.733443247553639e+47,1.6440417979736268e+47
2022-12-27,-0.003246275124557274,0.0,-0.003246275124557274,1.0,2,1.7278160138592738e+47,1.6387047859811328e+47
2022-12-28,-0.011530415031632268,0.0,-0.011530415031632268,1.0,2,1.707893578121176e+47,1.6198098396844482e+47
2022-12-29,0.023178364395243067,0.0,0.023178364395243067,1.0,2,1.747479757823164e+47,1.6573543823996545e+47
2022-12-30,-0.0013724528276133352,0.0,-0.0013724528276133352,1.0,2,1.7450814242883426e+47,1.6550797416911728e+47
2023-01-03,0.05009541677772178,0.001,0.04909541677772178,1.0,1,1.8325020055491277e+47,1.736336571409865e+47
2023-01-04,0.009423472125701826,0.0,0.009423472125701826,1.0,1,1.8497705371187128e+47,1.7526988906913825e+47
2023-01-05,-0.012470278393592937,0.0,-0.012470278393592937,1.0,1,1.8267033835565765e+47,1.7308422475843194e+47
2023-01-06,0.018624939016959496,0.0,0.018624939016959496,1.0,1,1.8607256226773915e+47,1.7630790788935543e+47
2023-01-09,0.0022559371433448216,0.0,0.0022559371433448216,1.0,1,1.864923302723163e+47,1.7670564744742844e+47
2023-01-10,0.003673863605488936,0.0,0.003673863605488936,1.0,1,1.871774776572066e+47,1.7735483989446991e+47
2023-01-11,-0.0006867022954208934,0.0,-0.0006867022954208934,1.0,1,1.8704894245364827e+47,1.7723304991881037e+47
2023-01-12,0.011539508686172928,0.0,0.011539508686172928,1.0,1,1.892073953498316e+47,1.792782322378254e+47
2023-01-13,0.011983356540557821,0.0,0.011983356540557821,1.0,1,1.9147473502841893e+47,1.814265872146922e+47
2023-01-17,-0.006555782430676005,0.0,-0.006555782430676005,1.0,1,1.9021946832460128e+47,1.802371939817726e+47
2023-01-18,-0.0027947345235609378,0.0,-0.0027947345235609378,1.0,1,1.896878554094211e+47,1.7973347887332199e+47
2023-01-19,0.015806441584006015,0.0,0.015806441584006015,1.0,1,1.9268614541514547e+47,1.8257442560782333e+47
2023-01-20,-0.0033294791255672473,0.0,-0.0033294791255672473,1.0,1,1.9204460091619974e+47,1.8196654786889965e+47
2023-01-23,0.0019340609984104251,0.0,0.0019340609984104251,1.0,1,1.9241602688878705e+47,1.8231848227214826e+47
2023-01-24,0.0036200779089141655,0.0,0.0036200779089141655,1.0,1,1.9311258789704818e+47,1.8297848938220843e+47
2023-01-25,0.004654581902852062,0.0,0.004654581902852062,1.0,1,1.940114462538867e+47,1.8383017774749805e+47
2023-01-26,-0.009075274791591204,0.0,-0.009075274791591204,1.0,1,1.9225073906641865e+47,1.8216186836945245e+47
2023-01-27,-0.001393301290650073,0.0,-0.001393301290650073,1.0,1,1.9198287586354898e+47,1.8190806200314606e+47
2023-01-30,-0.002565560804235867,0.0,-0.002565560804235867,1.0,1,1.9149033212214896e+47,1.8144136580929628e+47
2023-01-31,0.0036351038809325775,0.0,0.0036351038809325775,1.0,1,1.9218641937160726e+47,1.8210092402231136e+47
2023-02-01,-0.03915552030885039,0.0005,-0.03965552030885039,1.0,2,1.8466126012481704e+47,1.7487961713148416e+47
2023-02-02,-0.00447233707271566,0.0,-0.00447233707271566,1.0,2,1.8383539272526643e+47,1.740974965365247e+47
2023-02-03,-0.013070467599302693,0.0,-0.013070467599302693,1.0,2,1.8143257818104575e+47,1.7182196084892433e+47
2023-02-06,0.0008592260519536543,0.0,0.0008592260519536543,1.0,2,1.8158846977889204e+47,1.719695947539835e+47
2023-02-07,0.009939903664048955,0.0,0.009939903664048955,1.0,2,1.8339344167499632e+47,1.7367895595898364e+47
2023-02-08,0.004163200877517703,0.0,0.004163200877517703,1.0,2,1.8415694541230867e+47,1.7440201634083844e+47
2023-02-09,0.0037785468815691448,0.0,0.0037785468815691448,1.0,2,1.8485279106411565e+47,1.750610025358225e+47
2023-02-10,0.005039331080949283,0.0,0.005039331080949283,1.0,2,1.857843254795253e+47,1.7594319288696343e+47
2023-02-13,0.007060293003530671,0.0,0.007060293003530671,1.0,2,1.8709601725287404e+47,1.771854033807221e+47
2023-02-14,0.005907374220377737,0.0,0.005907374220377737,1.0,2,1.88201263441929e+47,1.782321038648806e+47
2023-02-15,-0.002914217689029386,0.0,-0.002914217689029386,1.0,2,1.8765280399090888e+47,1.7771269671504464e+47
2023-02-16,0.002336868763807509,0.0,0.002336868763807509,1.0,2,1.880913239669961e+47,1.7812798796493002e+47
2023-02-17,0.0073605634745522175,0.0,0.0073605634745522175,1.0,2,1.8947578209606773e+47,1.7943911032694014e+47
2023-02-21,-0.002599393231374425,0.0,-0.002599393231374425,1.0,2,1.8898326003057783e+47,1.7897267751811245e+47
2023-02-22,8.365451420278003e-05,0.0,8.365451420278003e-05,1.0,2,1.889990693333882e+47,1.7898764939050582e+47
2023-02-23,0.008642883554052738,0.0,0.008642883554052738,1.0,2,1.9063256628146096e+47,1.8053461880180155e+47
2023-02-24,-0.006697544835603919,0.0,-0.006697544835603919,1.0,2,1.8935579612166464e+47,1.7932548009799783e+47
2023-02-27,0.013779893982297342,0.0,0.013779893982297342,1.0,2,1.9196509891715468e+47,1.817965662020728e+47
2023-02-28,0.004409383232566344,0.0,0.004409383232566344,1.0,2,1.9281154660555794e+47,1.8259817693282238e+47
2023-03-01,-0.006968511353099838,0.0005,-0.007468511353099838,1.0,2,1.9146793715402838e+47,1.8123444037534425e+47
2023-03-02,0.0074069815731671595,0.0,0.0074069815731671595,1.0,2,1.928861366363806e+47,1.825768405356277e+47
2023-03-03,0.02047923303112331,0.0,0.02047923303112331,1.0,2,1.9683629677703012e+47,1.8631587419904304e+47
2023-03-06,-0.0017511495043445735,0.0,-0.0017511495043445735,1.0,2,1.96491606993492e+47,1.8598960724828788e+47
2023-03-07,-0.007482847872906262,0.0,-0.007482847872906262,1.0,2,1.9502129019005682e+47,1.8459787531130734e+47
2023-03-08,0.009519008314606225,0.0,0.009519008314606225,1.0,2,1.968776994729012e+47,1.863550640212543e+47
2023-03-09,-0.011042708396859058,0.0,-0.011042708396859058,1.0,2,1.947036364477775e+47,1.8429719939098958e+47
2023-03-10,-0.011782114896616402,0.0,-0.011782114896616402,1.0,2,1.9240961583236076e+47,1.8212578861264031e+47
2023-03-13,-0.005647691107134201,0.0,-0.005647691107134201,1.0,2,1.9132294575609724e+47,1.810971984159129e+47
2023-03-14,0.023067741843373624,0.0,0.023067741843373624,1.0,2,1.9573633407751267e+47,1.852747018375294e+47
2023-03-15,-0.019404757711892595,0.0,-0.019404757711892595,1.0,2,1.9193811793932448e+47,1.81679491138229e+47
2023-03-16,0.01931906581382148,0.0,0.01931906581382148,1.0,2,1.956461830719753e+47,1.8518936918455003e+47
2023-03-17,-0.01296688344967073,0.0,-0.01296688344967073,1.0,2,1.9310926181870803e+47,1.827880402182159e+47
2023-03-20,0.0207179001953417,0.0,0.0207179001953417,1.0,2,1.971100802318641e+47,1.86575024592359e+47
2023-03-21,0.022906141752275178,0.0,0.022906141752275178,1.0,2,2.016251116704575e+47,1.908487385531058e+47
2023-03-22,-0.009089770825668142,0.0,-0.009089770825668142,1.0,2,1.997923856126733e+47,1.8911396725729022e+47
2023-03-23,0.0055422793775294354,0.0,0.0055422793775294354,1.0,2,2.0089969083124185e+47,1.9016208969802308e+47
2023-03-24,0.007811708633575942,0.0,0.007811708633575942,1.0,2,2.0246906068059103e+47,1.91647580535896e+47
2023-03-27,0.01637480439076633,0.0,0.01637480439076633,1.0,2,2.057844519444179e+47,1.947857721791349e+47
2023-03-28,0.005761255728191528,0.0,0.005761255728191528,1.0,2,2.0697002879695544e+47,1.959079828248722e+47
2023-03-29,0.017981324277854205,0.0,0.017981324277854205,1.0,2,2.106916240005503e+47,1.9943066779266648e+47
2023-03-30,0.012498485630813128,0.0,0.012498485630813128,1.0,2,2.133249502356539e+47,2.019232491284166e+47
2023-03-31,0.01737411007145384,0.0,0.01737411007145384,1.0,2,2.1703128140203557e+47,2.054314858847593e+47
2023-04-03,0.03209477846072406,0.0005,0.03159477846072406,1.0,2,2.2399685229768097e+47,2.119220481701456e+47
2023-04-04,0.014497030248703802,0.0,0.014497030248703802,1.0,2,2.2724414144105486e+47,2.1499428851283545e+47
2023-04-05,0.0008490706079263832,0.0,0.0008490706079263832,1.0,2,2.274370877623759e+47,2.1517683384408372e+47
2023-04-06,0.0030536927368135514,0.0,0.0030536927368135514,1.0,2,2.2813161074535793e+47,2.1583391777872398e+47
2023-04-10,0.0014293983919633213,0.0,0.0014293983919633213,1.0,2,2.2845770170291337e+47,2.16142430433728e+47
2023-04-11,0.010744943830266473,0.0,0.010744943830266473,1.0,2,2.3091246687530294e+47,2.1846486870807572e+47
2023-04-12,0.01119926692061396,0.0,0.01119926692061396,1.0,2,2.334985172271369e+47,2.2091151508551436e+47
2023-04-13,0.019560282297781284,0.0,0.019560282297781284,1.0,2,2.3806581414021307e+47,2.252326066834176e+47
2023-04-14,-0.0059319391446154834,0.0,-0.0059319391446154834,1.0,2,2.3665362221831996e+47,2.2389654056718846e+47
2023-04-17,0.002399892796277503,0.0,0.002399892796277503,1.0,2,2.3722156554149466e+47,2.244338682620071e+47
2023-04-18,0.009431802429534841,0.0,0.009431802429534841,1.0,2,2.3945899247970696e+47,2.265506841659506e+47
2023-04-19,0.0006222954079228571,0.0,0.0006222954079228571,1.0,2,2.3960800671111293e+47,2.2669166561636885e+47
2023-04-20,0.007250916801995799,0.0,0.007250916801995799,1.0,2,2.4134538443286727e+47,2.2833538802345902e+47
2023-04-21,0.0018580113857827318,0.0,0.0018580113857827318,1.0,2,2.4179380690504965e+47,2.2875963777418373e+47
2023-04-24,0.007681029522794924,0.0,0.007681029522794924,1.0,2,2.4365103227431632e+47,2.305167473055511e+47
2023-04-25,0.0001410865803715411,0.0,0.0001410865803715411,1.0,2,2.436854081652639e+47,2.305492701251468e+47
2023-04-26,0.0033817570916074846,0.0,0.0033817570916074846,1.0,2,2.4450949302244805e+47,2.3132893175435743e+47
2023-04-27,0.011539139953886446,0.0,0.011539139953886446,1.0,2,2.473309222824879e+47,2.33998268673254e+47
2023-04-28,0.004787005089140539,0.0,0.004787005089140539,1.0,2,2.4851489666615602e+47,2.3511841957624294e+47
2023-05-01,0.0028217156051331127,0.0,0.0028217156051331127,1.0,2,2.4921613502818696e+47,2.3578185688981546e+47
2023-05-02,0.009256119583479938,0.0,0.009256119583479938,1.0,2,2.5152290937614053e+47,2.3796428195280255e+47
2023-05-03,0.010769610890697279,0.0,0.010769610890697279,1.0,2,2.542317132402177e+47,2.4052706467531842e+47
2023-05-04,0.007984053086254272,0.0,0.007984053086254272,1.0,2,2.5626151273493697e+47,2.4244744552836707e+47
2023-05-05,0.005392276714862754,0.0,0.005392276714862754,1.0,2,2.5764334572297305e+47,2.437547892434676e+47
2023-05-08,0.006382255449360663,0.0,0.006382255449360663,1.0,2,2.5928769137020503e+47,2.453104945754245e+47
2023-05-09,0.006319098160390946,0.0,0.006319098160390946,1.0,2,2.6092615574375447e+47,2.4686063567042065e+47
2023-05-10,0.004114907477319074,0.0,0.004114907477319074,1.0,2,2.6199984273305254e+47,2.478764443459966e+47
2023-05-11,-0.0016954183154408997,0.0,-0.0016954183154408997,1.0,2,2.615556434010403e+47,2.47456190082286e+47
2023-05-12,0.003681531127459947,0.0,0.003681531127459947,1.0,2,2.6251856864378405e+47,2.4836720774875664e+47
2023-05-15,0.010668474912160997,0.0,0.010668474912160997,1.0,2,2.653192414073367e+47,2.5101690707362773e+47
2023-05-16,-0.006098158075688753,0.0,-0.006098158075688753,1.0,2,2.6370128273271293e+47,2.4948616629462228e+47
2023-05-17,0.00610686657683468,0.0,0.00610686657683468,1.0,2,2.6531167128250175e+47,2.5100974502494954e+47
2023-05-18,-0.0023336141367434893,0.0,-0.0023336141367434893,1.0,2,2.6469253621575388e+47,2.504239851354989e+47
2023-05-19,0.01347522041626964,0.0,0.01347522041626964,1.0,2,2.682593264838026e+47,2.537985035327204e+47
2023-05-22,0.004480210042123067,0.0,0.004480210042123067,1.0,2,2.694611846122085e+47,2.549355741369235e+47
2023-05-23,-0.0012459323650784726,0.0,-0.0012459323650784726,1.0,2,2.6912545420116776e+47,2.5461794165409647e+47
2023-05-24,-0.006094967196272449,0.0,-0.006094967196272449,1.0,2,2.6748514338612972e+47,2.5306605365213236e+47
2023-05-25,-0.0005586421650655149,0.0,-0.0005586421650655149,1.0,2,2.6733571490650565e+47,2.5292468028401553e+47
2023-05-26,0.011892237099767056,0.0,0.011892237099767056,1.0,2,2.7051493461340952e+47,2.5593252055033578e+47
2023-05-30,0.0043415555824645735,0.0,0.0043415555824645735,1.0,2,2.716893902379204e+47,2.570436658136653e+47
2023-05-31,0.0006224452121870727,0.0,0.0006224452121870727,1.0,2,2.7185850199807602e+47,2.5720366141277404e+47
2023-06-01,0.05782027361471087,0.0005,0.05732027361471087,1.0,2,2.875774349680902e+47,2.719466456596597e+47
2023-06-02,-0.003438215854018045,0.0,-0.003438215854018045,1.0,2,2.8658868167192506e+47,2.710116343911056e+47
2023-06-05,0.0035247538196859773,0.0,0.0035247538196859773,1.0,2,2.8759883622232692e+47,2.7196688368460497e+47
2023-06-06,0.000609362053346052,0.0,0.000609362053346052,1.0,2,2.877740880397073e+47,2.7213260998328917e+47
2023-06-07,-0.014144855707000525,0.0,-0.014144855707000525,1.0,2,2.8370356508817197e+47,2.682833334819061e+47
2023-06-08,0.012868103829445587,0.0,0.012868103829445587,1.0,2,2.8735429202051046e+47,2.7173563127286105e+47
2023-06-09,0.0007864974110950995,0.0,0.0007864974110950995,1.0,2,2.8758029542725166e+47,2.719493506433595e+47
2023-06-12,0.00808825551466491,0.0,0.00808825551466491,1.0,2,2.8990631833765006e+47,2.7414894647841015e+47
2023-06-13,0.00041222797022638646,0.0,0.00041222797022638646,1.0,2,2.900258258308142e+47,2.7426195834215664e+47
2023-06-14,0.0040367263188055835,0.0,0.0040367263188055835,1.0,2,2.911965807150788e+47,2.7536907880764362e+47
2023-06-15,0.00950754059378861,0.0,0.00950754059378861,1.0,2,2.9396514402699982e+47,2.7798716150268145e+47
2023-06-16,-0.0035172323741122224,0.0,-0.0035172323741122224,1.0,2,2.929312003055675e+47,2.7700941605865666e+47
2023-06-20,-0.005800985894027555,0.0,-0.005800985894027555,1.0,2,2.9123191054467435e+47,2.754024883435876e+47
2023-06-21,-0.00733816198099152,0.0,-0.00733816198099152,1.0,2,2.890948036110639e+47,2.733815402741542e+47
2023-06-22,0.0009437775481835886,0.0,0.0009437775481835886,1.0,2,2.8936764479600856e+47,2.7363955163395276e+47
2023-06-23,-0.003484099028646992,0.0,-0.003484099028646992,1.0,2,2.883594592658529e+47,2.726861643379055e+47
2023-06-26,-0.005595360602253907,0.0,-0.005595360602253907,1.0,2,2.8674598410818953e+47,2.7116038691718946e+47
2023-06-27,0.006363127736050966,0.0,0.006363127736050966,1.0,2,2.8857058543286958e+47,2.7288581509610054e+47
2023-06-28,-0.00011483901915715355,0.0,-0.00011483901915715355,1.0,2,2.8853744626988083e+47,2.72854477156753e+47
2023-06-29,-0.0013555510122548187,0.0,-0.0013555510122548187,1.0,2,2.8814631904251627e+47,2.724846089940449e+47
2023-06-30,0.011205973950810466,0.0,0.011205973950810466,1.0,2,2.9137527918772866e+47,2.7553806442442898e+47
2023-07-03,-0.01506382825523861,0.0005,-0.01556382825523861,1.0,2,2.869860520242225e+47,2.712496373119463e+47
2023-07-05,-0.00010222402179316248,0.0,-0.00010222402179316248,1.0,2,2.8695671515578603e+47,2.7122190908311033e+47
2023-07-06,-0.007142880546282981,0.0,-0.007142880546282981,1.0,2,2.849070176174745e+47,2.6928460338499483e+47
2023-07-07,-0.0021018676390027746,0.0,-0.0021018676390027746,1.0,2,2.8430818077701952e+47,2.687186027914582e+47
2023-07-10,0.00218241307739081,0.0,0.00218241307739081,1.0,2,2.849286586687565e+47,2.693050577843285e+47
2023-07-11,0.006421899387344943,0.0,0.006421899387344943,1.0,2,2.8675844184729844e+47,2.710345077699226e+47
2023-07-12,0.011451231945208307,0.0,0.011451231945208307,1.0,2,2.9004217927713837e+47,2.7413818678355135e+47
2023-07-13,0.01327643489093916,0.0,0.01327643489093916,1.0,2,2.938929053859374e+47,2.777777645715033e+47
2023-07-14,0.0005414025367190267,0.0,0.0005414025367190267,1.0,2,2.9405201975043704e+47,2.7792815415788642e+47
2023-07-17,0.007121231375301018,0.0,0.007121231375301018,1.0,2,2.9614603221945452e+47,2.7990734484935507e+47
2023-07-18,0.008398284920914212,0.0,0.008398284920914212,1.0,2,2.9863315097623173e+47,2.8225808648285652e+47
2023-07-19,0.0019211948774556231,0.0,0.0019211948774556231,1.0,2,2.992068834561257e+47,2.828003592727278e+47
2023-07-20,-0.013963732131891893,0.0,-0.013963732131891893,1.0,2,2.9502883868352615e+47,2.7885141080904064e+47
2023-07-21,-0.00033386141325647545,0.0,-0.00033386141325647545,1.0,2,2.9493033993849187e+47,2.787583130829394e+47
2023-07-24,0.003924793132256077,0.0,0.003924793132256077,1.0,2,2.960878805111764e+47,2.7985238179568664e+47
2023-07-25,0.005497412847389527,0.0,0.005497412847389527,1.0,2,2.9771559782945487e+47,2.813908458747428e+47
2023-07-26,-0.0008418065760625315,0.0,-0.0008418065760625315,1.0,2,2.9746497888140564e+47,2.8115396921024165e+47
2023-07-27,-0.0028037110721872427,0.0,-0.0028037110721872427,1.0,2,2.9663097302652792e+47,2.8036569471377753e+47
2023-07-28,0.014934008729107384,0.0,0.014934008729107384,1.0,2,3.0106086256702972e+47,2.8455267844597536e+47
2023-07-31,0.0020721418226518074,0.0,0.0020721418226518074,1.0,2,3.0168470337151854e+47,2.851423119517309e+47
2023-08-01,-0.0018558962019129543,0.0,-0.0018558962019129543,1.0,2,3.011248078763561e+47,2.84613117417975e+47
2023-08-02,-0.017144675551072353,0.0,-0.017144675551072353,1.0,2,2.9596212074493697e+47,2.7973351786226456e+47
2023-08-03,-0.0015892765757192784,0.0,-0.0015892765757192784,1.0,2,2.9549175507913685e+47,2.7928894393488252e+47
2023-08-04,-0.003344363032432074,0.0,-0.003344363032432074,1.0,2,2.945035233770617e+47,2.783549003154197e+47
2023-08-07,0.009436941127042908,0.0,0.009436941127042908,1.0,2,2.9728273578887776e+47,2.8098171912212022e+47
2023-08-08,-0.005764722736870176,0.0,-0.005764722736870176,1.0,2,2.955689832425966e+47,2.7936193741725203e+47
2023-08-09,-0.007734621661966978,0.0,-0.007734621661966978,1.0,2,2.9328286898220288e+47,2.772011785245755e+47
2023-08-10,0.0023140100141677555,0.0,0.0023140100141677555,1.0,2,2.9396152847801157e+47,2.778426248276205e+47
2023-08-11,-0.00284303026826771,0.0,-0.00284303026826771,1.0,2,2.9312578695484236e+47,2.7705270983542065e+47
2023-08-14,0.008923561109200173,0.0,0.008923561109200173,1.0,2,2.957415128274163e+47,2.7952500662210654e+47
2023-08-15,-0.010205705284895339,0.0,-0.010205705284895339,1.0,2,2.927232621069906e+47,2.766722567847629e+47
2023-08-16,-0.007965156113237726,0.0,-0.007965156113237726,1.0,2,2.903916756263322e+47,2.744685190672705e+47
2023-08-17,-0.00794940263072158,0.0,-0.00794940263072158,1.0,2,2.8808323527616858e+47,2.7228665829974685e+47
2023-08-18,0.00011028021453607373,0.0,0.00011028021453607373,1.0,2,2.8811500515715907e+47,2.7231668613083945e+47
2023-08-21,0.012029356960793158,0.0,0.012029356960793158,1.0,2,2.9158084339995533e+47,2.755924807546876e+47
2023-08-22,-0.0008348839644752304,0.0,-0.0008348839644752304,1.0,2,2.913374072294526e+47,2.753623930117756e+47
2023-08-23,0.014079321154373547,0.0,0.014079321154373547,1.0,2,2.9543924015011853e+47,2.792393085768252e+47
2023-08-24,-0.015854047609332234,0.0,-0.015854047609332234,1.0,2,2.907553323711136e+47,2.7481223528425118e+47
2023-08-25,0.00823161835276337,0.0,0.00823161835276337,1.0,2,2.9314871930122345e+47,2.7707438472378092e+47
2023-08-28,0.007931957840747017,0.0,0.007931957840747017,1.0,2,2.9547396258378974e+47,2.792721270621609e+47
2023-08-29,0.01852953609577196,0.0,0.01852953609577196,1.0,2,3.0094895803884685e+47,2.8444691002110223e+47
2023-08-30,0.0056017449493643845,0.0,0.0056017449493643845,1.0,2,3.026347973445574e+47,2.8604030906267523e+47
2023-08-31,0.0016719775363452927,0.0,0.0016719775363452927,1.0,2,3.031407959274339e+47,2.8651856203391726e+47
2023-09-01,0.0016038054860618156,0.0,0.0016038054860618156,1.0,2,3.036269747989915e+47,2.869780820755658e+47
2023-09-05,-0.0006856399387661916,0.0,-0.0006856399387661916,1.0,2,3.0341879601858253e+47,2.8678131844094425e+47
2023-09-06,-0.00683860129344499,0.0,-0.00683860129344499,1.0,2,3.0134383584767436e+47,2.8482013534571817e+47
2023-09-07,-0.004574723916142054,0.0,-0.004574723916142054,1.0,2,2.9996527099484002e+47,2.835171618607533e+47
2023-09-08,0.0022592832650413786,0.0,0.0022592832650413786,1.0,2,3.0064297751169227e+47,2.8415770743989735e+47
2023-09-11,0.01015855930941445,0.0,0.01015855930941445,1.0,2,3.0369707702970376e+47,2.870443403641528e+47
2023-09-12,-0.007467132994688708,0.0,-0.007467132994688708,1.0,2,3.0142933056542476e+47,2.8490094209928097e+47
2023-09-13,0.003307827760776094,0.0,0.003307827760776094,1.0,2,3.024264068729812e+47,2.8584334534462824e+47
2023-09-14,0.009297118849141583,0.0,0.009297118849141583,1.0,2,3.0523810112079813e+47,2.8850086489853344e+47
2023-09-15,-0.0137431433980581,0.0,-0.0137431433980581,1.0,2,3.0104317012654402e+47,2.845359561417691e+47
2023-09-18,0.0014323695200450515,0.0,0.0014323695200450515,1.0,2,3.0147437518765104e+47,2.8494351677270346e+47
2023-09-19,-0.0014825007405182,0.0,-0.0014825007405182,1.0,2,3.0102743920318812e+47,2.845210877980821e+47
2023-09-20,-0.010652407375341288,0.0,-0.010652407375341288,1.0,2,2.9782077228963996e+47,2.8149025326398166e+47
2023-09-21,-0.01677406873041354,0.0,-0.01677406873041354,1.0,2,2.928251061859087e+47,2.767685164087901e+47
2023-09-22,-0.00014357086155464271,0.0,-0.00014357086155464271,1.0,2,2.9278306503312876e+47,2.7672878051443806e+47
2023-09-25,0.004944915849265041,0.0,0.004944915849265041,1.0,2,2.9423085265180742e+47,2.7809718104715168e+47
2023-09-26,-0.014210824670264133,0.0,-0.014210824670264133,1.0,2,2.9004958959219026e+47,2.741451907659959e+47
2023-09-27,0.0021953503701500066,0.0,0.0021953503701500066,1.0,2,2.906863500660633e+47,2.7474703551201886e+47
2023-09-28,0.007547348243835128,0.0,0.007547348243835128,1.0,2,2.9288026117974122e+47,2.7682064706798937e+47
2023-09-29,0.0003632449315892905,0.0,0.0003632449315892905,1.0,2,2.9298664845017733e+47,2.769212007649961e+47
2023-10-02,0.004553610999783075,0.0,0.004553610999783075,1.0,2,2.9432079567534963e+47,2.7818219219087273e+47
2023-10-03,-0.01475526584929715,0.0,-0.01475526584929715,1.0,2,2.899780140901832e+47,2.7407753999055613e+47
2023-10-04,0.010973088096812356,0.0,0.010973088096812356,1.0,2,2.931599683849335e+47,2.7708501698223015e+47
2023-10-05,-0.0009603848153290628,0.0,-0.0009603848153290628,1.0,2,2.928784220028343e+47,2.7681890873936524e+47
2023-10-06,0.014503356234666642,0.0,0.014503356234666642,1.0,2,2.9712614209058844e+47,2.808337119853039e+47
2023-10-09,0.006104481753864244,0.0,0.006104481753864244,1.0,2,2.9893994320357652e+47,2.8254805625598817e+47
2023-10-10,0.005998063064286296,0.0,0.005998063064286296,1.0,2,3.007330038353457e+47,2.8424279731610304e+47
2023-10-11,0.006323082942569058,0.0,0.006323082942569058,1.0,2,3.0263456356216457e+47,2.860400880993606e+47
2023-10-12,-0.0038820222433176843,0.0,-0.0038820222433176843,1.0,2,3.014597294548195e+47,2.8492967411487833e+47
2023-10-13,-0.007722813173500764,0.0,-0.007722813173500764,1.0,2,2.9913161228490587e+47,2.8272921547410268e+47
2023-10-16,0.011559034620068687,0.0,0.011559034620068687,1.0,2,3.0258928494726406e+47,2.859972922638727e+47
2023-10-17,-0.0012850993833840585,0.0,-0.0012850993833840585,1.0,2,3.022004276437597e+47,2.856297573199349e+47
2023-10-18,-0.012491807054517079,0.0,-0.012491807054517079,1.0,2,2.9842539820984134e+47,2.8206172550246575e+47
2023-10-19,-0.008000500785670439,0.0,-0.008000500785670439,1.0,2,2.960378455769995e+47,2.7980509044597568e+47
2023-10-20,-0.012658926698466466,0.0,-0.012658926698466466,1.0,2,2.9229032418986832e+47,2.762630583161623e+47
2023-10-23,0.0011730160711183046,0.0,0.0011730160711183046,1.0,2,2.926331854375754e+47,2.7658711932342346e+47
2023-10-24,0.009368634677025645,0.0,0.009368634677025645,1.0,2,2.9537475884631435e+47,2.791783630007355e+47
2023-10-25,-0.018613103690502952,0.0,-0.018613103690502952,1.0,2,2.898769178323506e+47,2.7398198718205795e+47
2023-10-26,-0.014659009050776495,0.0,-0.014659009050776495,1.0,2,2.8562760947023497e+47,2.699656827522064e+47
2023-10-27,0.0011589028881435204,0.0,0.0011589028881435204,1.0,2,2.8595862413178357e+47,2.702785467616476e+47
2023-10-30,0.012341275078548875,0.0,0.012341275078548875,1.0,2,2.894877181732773e+47,2.7361412865506358e+47
2023-10-31,0.006131150565902466,0.0,0.006131150565902466,1.0,2,2.912626109603772e+47,2.75291698074806e+47
2023-11-01,0.026559371883923988,0.0005,0.026059371883923987,1.0,1,2.9899836296075653e+47,2.8246562681149427e+47
2023-11-02,0.01845999494670869,0.0,0.01845999494670869,1.0,1,3.0451787123008625e+47,2.8767994085505334e+47
2023-11-03,0.01190114683489285,0.0,0.01190114683489285,1.0,1,3.081419831294445e+47,2.9110366207262263e+47
2023-11-06,0.004329946989462097,0.0,0.004329946989462097,1.0,1,3.0947622158162274e+47,2.923641254978354e+47
2023-11-07,0.009628013873789643,0.0,0.009628013873789643,1.0,1,3.124558629366186e+47,2.9517901135432693e+47
2023-11-08,0.0009184022289822069,0.0,0.0009184022289822069,1.0,1,3.1274282309759812e+47,2.9545010441630347e+47
2023-11-09,-0.0072457070711106075,0.0,-0.0072457070711106075,1.0,1,3.1047678021284076e+47,2.933093595055739e+47
2023-11-10,0.02244785189954679,0.0,0.02244785189954679,1.0,1,3.1744631699330675e+47,2.9989352456850597e+47
2023-11-13,-0.0029471231667415054,0.0,-0.0029471231667415054,1.0,1,3.1651076359829902e+47,2.9900970141469437e+47
2023-11-14,0.0219142537662248,0.0,0.0219142537662248,1.0,1,3.234468607915337e+47,3.0556227589005906e+47
2023-11-15,0.0011712208194978313,0.0,0.0011712208194978313,1.0,1,3.2382568848889396e+47,3.0592015678923465e+47
2023-11-16,0.0010354981271839536,0.0,0.0010354981271839536,1.0,1,3.241610093828582e+47,3.0623693653865768e+47
2023-11-17,0.00042443330397101686,0.0,0.00042443330397101686,1.0,1,3.2429859411108918e+47,3.0636691369343077e+47
2023-11-20,0.012235322296296869,0.0,0.012235322296296869,1.0,1,3.282664919302743e+47,3.101154116233916e+47
2023-11-21,-0.0056128694203957386,0.0,-0.0056128694203957386,1.0,1,3.264239749759783e+47,3.0837477431269723e+47
2023-11-22,0.004458758591616041,0.0,0.004458758591616041,1.0,1,3.2787942067891188e+47,3.097497429871016e+47
2023-11-24,-0.001169853333583326,0.0,-0.001169853333583326,1.0,1,3.274958498456173e+47,3.0938738121769156e+47
2023-11-27,-0.0006478018744364711,0.0,-0.0006478018744364711,1.0,1,3.272836974202171e+47,3.0918695949221174e+47
2023-11-28,0.002778271598963822,0.0,0.002778271598963822,1.0,1,3.281929804215636e+47,3.1004596484053897e+47
2023-11-29,-0.00045737103698606507,0.0,-0.00045737103698606507,1.0,1,3.2804287445777664e+47,3.099041587960865e+47
2023-11-30,-0.0021987202874907963,0.0,-0.0021987202874907963,1.0,1,3.273215999345395e+47,3.0922276623496377e+47
2023-12-01,0.01655268282540151,0.0005,0.01605268282540151,1.0,2,3.3273965056015888e+47,3.1418662122372693e+47
2023-12-04,-0.01546101106192993,0.0,-0.01546101106192993,1.0,2,3.2759515914210552e+47,3.0932897839747647e+47
2023-12-05,-0.0005906709824797796,0.0,-0.0005906709824797796,1.0,2,3.2740165818759944e+47,3.09146266745897e+47
2023-12-06,-0.0006964513467361266,0.0,-0.0006964513467361266,1.0,2,3.2717363886183105e+47,3.0893096141208335e+47
2023-12-07,0.007930715620292017,0.0,0.007930715620292017,1.0,2,3.297683599501003e+47,3.1138100501334596e+47
2023-12-08,-0.004411821186635356,0.0,-0.004411821186635356,1.0,2,3.2831348091299047e+47,3.100072476983123e+47
2023-12-11,-0.0012190712247243662,0.0,-0.0012190712247243662,1.0,2,3.2791324339572034e+47,3.0962932678318725e+47
2023-12-12,0.003775494374313959,0.0,0.003775494374313959,1.0,2,3.2915127800142393e+47,3.107983305645798e+47
2023-12-13,0.017672693795790062,0.0,0.017672693795790062,1.0,2,3.3496826775003607e+47,3.162909742928904e+47
2023-12-14,0.0026873669387877386,0.0,0.0026873669387877386,1.0,2,3.358684503983305e+47,3.1714096420024203e+47
2023-12-15,-0.0020547084103187396,0.0,-0.0020547084103187396,1.0,2,3.3517833866853635e+47,3.164893319938432e+47
2023-12-18,0.005483429269448281,0.0,0.005483429269448281,1.0,2,3.3701626538127647e+47,3.182247788603664e+47
2023-12-19,0.006031437198198375,0.0,0.006031437198198375,1.0,2,3.39048957820695e+47,3.201441316289733e+47
2023-12-20,-0.009998025586827053,0.0,-0.009998025586827053,1.0,2,3.3565913766521667e+47,3.169433224094743e+47
2023-12-21,0.009494025294685127,0.0,0.009494025294685127,1.0,2,3.388458940086024e+47,3.199523903294114e+47
2023-12-22,0.0031349582796449393,0.0,0.0031349582796449393,1.0,2,3.3990816174954836e+47,3.209554277245668e+47
2023-12-26,0.006943319909561707,0.0,0.006943319909561707,1.0,2,3.4226825285644648e+47,3.2318392393596864e+47
2023-12-27,0.003370581280100038,0.0,0.003370581280100038,1.0,2,3.434218958222969e+47,3.2427324162001644e+47
2023-12-28,-0.003018814627558375,0.0,-0.003018814627558375,1.0,2,3.4238516877976473e+47,3.2329432081488815e+47
2023-12-29,-0.002829172512854028,0.0,-0.002829172512854028,1.0,2,3.4141650207144414e+47,3.2237966540887686e+47
2024-01-02,-0.02184720852442895,0.0005,-0.022347208524428952,1.0,2,3.3395750455700814e+47,3.1517537980194905e+47
2024-01-03,-0.008902458453591056,0.0,-0.008902458453591056,1.0,2,3.3098446174742443e+47,3.123695440776674e+47
2024-01-04,-0.0036682420151458728,0.0,-0.0036682420151458728,1.0,2,3.297703306384821e+47,3.112236969918297e+47
2024-01-05,0.0017993008626125406,0.0,0.0017993008626125406,1.0,2,3.303636866788639e+47,3.1178368205829255e+47
2024-01-08,0.017696857745763794,0.0,0.017696857745763794,1.0,2,3.362100858463858e+47,3.1730127352712855e+47
2024-01-09,0.0005452375051148706,0.0,0.0005452375051148706,1.0,2,3.3639340019478716e+47,3.1747427808187625e+47
2024-01-10,0.00664375506568976,0.0,0.00664375506568976,1.0,2,3.3862831555139587e+47,3.195834994251089e+47
2024-01-11,0.0014542075625427753,0.0,0.0014542075625427753,1.0,2,3.3912075140876183e+47,3.200482401668368e+47
2024-01-12,0.0012535313490415478,0.0,0.0012535313490415478,1.0,2,3.3954584990176324e+47,3.204494306690915e+47
2024-01-16,-0.00142511770682191,0.0,-0.00142511770682191,1.0,2,3.3906195709879038e+47,3.19992752511304e+47
2024-01-17,-0.005240591306226117,0.0,-0.005240591306226117,1.0,2,3.3728507195414646e+47,3.1831580127443788e+47
2024-01-18,0.012033291739009189,0.0,0.012033291739009189,1.0,2,3.413437216241834e+47,3.2214618817630966e+47
2024-01-19,0.0164596416160791,0.0,0.0164596416160791,1.0,2,3.4696211695001613e+47,3.274485989816777e+47
2024-01-22,0.002381426950938237,0.0,0.002381426950938237,1.0,2,3.477883818862755e+47,3.282283939003397e+47
2024-01-23,0.004047019032521748,0.0,0.004047019032521748,1.0,2,3.491958880870592e+47,3.295567404574684e+47
2024-01-24,0.004136729956422447,0.0,0.004136729956422447,1.0,2,3.506404171779684e+47,3.3092002769805973e+47
2024-01-25,0.003998209004388631,0.0,0.003998209004388631,1.0,2,3.5204235085123195e+47,3.3224311513253465e+47
2024-01-26,-0.003115214875608674,0.0,-0.003115214875608674,1.0,2,3.5094566328301597e+47,3.3120810643795523e+47
2024-01-29,0.00945356755561838,0.0,0.00945356755561838,1.0,2,3.542633518192133e+47,3.343392046471349e+47
2024-01-30,-0.00320914914441478,0.0,-0.00320914914441478,1.0,2,3.5312646788682513e+47,3.3326626027459723e+47
2024-01-31,-0.01740334061599902,0.0,-0.01740334061599902,1.0,2,3.4698088768566608e+47,3.2746631403121824e+47
2024-02-01,0.012826278191492957,0.0,0.012826278191492957,1.0,2,3.514313610782536e+47,3.3166648807332546e+47
2024-02-02,0.014034756155822115,0.0,0.014034756155822115,1.0,2,3.5636361453649553e+47,3.3632134635849244e+47
2024-02-05,-0.0019192065331524732,0.0,-0.0019192065331524732,1.0,2,3.5567967915929927e+47,3.3567587623332257e+47
2024-02-06,0.001049583718078062,0.0,0.001049583718078062,1.0,2,3.5605299475939605e+47,3.360281961675686e+47
2024-02-07,0.009862490810067959,0.0,0.009862490810067959,1.0,2,3.595645641481078e+47,3.3934227116419497e+47
2024-02-08,0.0016622140268647279,0.0,0.0016622140268647279,1.0,2,3.601622374101983e+47,3.3990633064723222e+47
2024-02-09,0.008246698383572837,0.0,0.008246698383572837,1.0,2,3.63132386751273e+47,3.4270943563474697e+47
2024-02-12,-0.0016181599745137554,0.0,-0.0016181599745137554,1.0,2,3.6254478045758244e+47,3.4215487694311464e+47
2024-02-13,-0.014457653653881408,0.0,-0.014457653653881408,1.0,2,3.5730323358770425e+47,3.372081202362847e+47
2024-02-14,0.010541594485882877,0.0,0.010541594485882877,1.0,2,3.6106977938468053e+47,3.4076283149716246e+47
2024-02-15,0.005408295519859219,0.0,0.005408295519859219,1.0,2,3.630225514548833e+47,3.4260577759208316e+47
2024-02-16,-0.006363904955102084,0.0,-0.006363904955102084,1.0,2,3.6071231044086577e+47,3.404254669864183e+47
2024-02-20,-0.006044522932416196,0.0,-0.006044522932416196,1.0,2,3.5853197660840114e+47,3.383677574444404e+47
2024-02-21,-0.0011579203607542943,0.0,-0.0011579203607542943,1.0,2,3.581168251327048e+47,3.3797595452867272e+47
2024-02-22,0.025573383470181232,0.0,0.025573383470181232,1.0,2,3.672750840289473e+47,3.46619143217535e+47
2024-02-23,-0.0004193120877013512,0.0,-0.0004193120877013512,1.0,2,3.671210811467024e+47,3.4647380162095518e+47
2024-02-26,-0.0014512360245881317,0.0,-0.0014512360245881317,1.0,2,3.6658830180835656e+47,3.4597098635846682e+47
2024-02-27,0.0026949749623038644,0.0,0.0026949749623038644,1.0,2,3.675762481032035e+47,3.469033695043864e+47
2024-02-28,-0.0028959122999140385,0.0,-0.0028959122999140385,1.0,2,3.665117795251652e+47,3.4589876776975703e+47
2024-02-29,0.006694684320963651,0.0,0.006694684320963651,1.0,2,3.6896546018900084e+47,3.4821445082698586e+47
2024-03-01,0.012576319472889785,0.0,0.012576319472889785,1.0,2,3.736056876907995e+47,3.525937070056629e+47
2024-03-04,-0.001797380033369822,0.0,-0.001797380033369822,1.0,2,3.729341762873907e+47,3.5195996211679907e+47
2024-03-05,-0.01343755882737524,0.0,-0.01343755882737524,1.0,2,3.679228513547901e+47,3.4723047942097383e+47
2024-03-06,0.0064403420014944035,0.0,0.0064403420014944035,1.0,2,3.7029240034768e+47,3.4946676246178777e+47
2024-03-07,0.01310661682932951,0.0,0.01310661682932951,1.0,2,3.751456809538497e+47,3.5404708941196072e+47
2024-03-08,-0.00944549475116041,0.0,-0.00944549475116041,1.0,2,3.716022443934796e+47,3.507029394872564e+47
2024-03-11,-0.0018349114332453231,0.0,-0.0018349114332453231,1.0,2,3.7092038718662244e+47,3.500594306539185e+47
2024-03-12,0.012985095321884133,0.0,0.012985095321884133,1.0,2,3.7573682377107095e+47,3.546049857292841e+47
2024-03-13,-0.004039043953332266,0.0,-0.004039043953332266,1.0,2,3.7421920622497414e+47,3.5317272060585278e+47
2024-03-14,-0.0015660680994849518,0.0,-0.0015660680994849518,1.0,2,3.736331534638906e+47,3.5261962807450367e+47
2024-03-15,-0.00904004518989171,0.0,-0.00904004518989171,1.0,2,3.702554928721353e+47,3.4943193070186733e+47
2024-03-18,0.00842511051747652,0.0,0.00842511051747652,1.0,2,3.733749363192857e+47,3.5237593333636573e+47
2024-03-19,0.004291519404225841,0.0,0.004291519404225841,1.0,2,3.749772821035515e+47,3.5388816149186097e+47
2024-03-20,0.01081055367776046,0.0,0.01081055367776046,1.0,2,3.790309941396727e+47,3.5771388845759272e+47
2024-03-21,0.004705013391733848,0.0,0.004705013391733848,1.0,2,3.808143400429821e+47,3.593969370931949e+47
2024-03-22,5.106958193679123e-05,0.0,5.106958193679123e-05,1.0,2,3.8083378807212365e+47,3.594152913445216e+47
2024-03-25,-0.0028511154193220367,0.0,-0.0028511154193220367,1.0,2,3.797479869867524e+47,3.583905568654291e+47
2024-03-26,-0.001938073070157753,0.0,-0.001938073070157753,1.0,2,3.790120076397268e+47,3.5769596977856938e+47
2024-03-27,0.006439160660123122,0.0,0.006439160660123122,1.0,2,3.814525268490348e+47,3.599992315954521e+47
2024-03-28,-0.0005766478656305529,0.0,-0.0005766478656305529,1.0,2,3.812325630635879e+47,3.5979163880692395e+47
2024-04-01,0.000692346730417015,0.0,0.000692346730417015,1.0,2,3.814965081821535e+47,3.6004073937168327e+47
2024-04-02,-0.00724704401439713,0.0,-0.00724704401439713,1.0,2,3.787317861960186e+47,3.574315082864806e+47
2024-04-03,0.001974752897160703,0.0,0.001974752897160703,1.0,2,3.79479687888056e+47,3.5813734719300587e+47
2024-04-04,-0.012551177000118374,0.0,-0.012551177000118374,1.0,2,3.7471677115742335e+47,3.5364230195803362e+47
2024-04-05,0.011422134566191011,0.0,0.011422134566191011,1.0,2,3.7899683654179205e+47,3.5768165191929587e+47
2024-04-08,0.000909763973787725,0.0,0.000909763973787725,1.0,2,3.793416342098574e+47,3.5800705780029695e+47
2024-04-09,0.002981392445891684,0.0,0.002981392445891684,1.0,2,3.804726004925028e+47,3.5907441733799865e+47
2024-04-10,-0.00917698860217575,0.0,-0.00917698860217575,1.0,2,3.76981007774343e+47,3.5577919550275494e+47
2024-04-11,0.012090773981582148,0.0,0.012090773981582148,1.0,2,3.815389999346916e+47,3.6008084134292786e+47
2024-04-12,-0.0145249587272554,0.0,-0.0145249587272554,1.0,2,3.759971617078019e+47,3.5485068198394644e+47
2024-04-15,-0.013282254422891049,0.0,-0.013282254422891049,1.0,2,3.71003071743714e+47,3.5013746494369927e+47
2024-04-16,-0.0003927246897668102,0.0,-0.0003927246897668102,1.0,2,3.708573696774609e+47,3.499999573164035e+47
2024-04-17,-0.008228752574499787,0.0,-0.008228752574499787,1.0,2,3.678056761419554e+47,3.4711989426656136e+47
2024-04-18,-0.0032877082796539114,0.0,-0.0032877082796539114,1.0,2,3.6659643837519975e+47,3.4597866531614864e+47
2024-04-19,-0.014107723545966733,0.0,-0.014107723545966733,1.0,2,3.6142459716966638e+47,3.4109769395306585e+47
2024-04-22,0.010077790212100424,0.0,0.010077790212100424,1.0,2,3.650669584374352e+47,3.4453520495455613e+47
2024-04-23,0.013702919669131008,0.0,0.013702919669131008,1.0,2,3.7006944164275735e+47,3.49256343191236e+47
2024-04-24,0.002021889566979407,0.0,0.002021889566979407,1.0,2,3.708176811858728e+47,3.4996250094773576e+47
2024-04-25,-0.004185639376845629,0.0,-0.004185639376845629,1.0,2,3.692655720978706e+47,3.4849768412334957e+47
2024-04-26,0.012864132766069347,0.0,0.012864132766069347,1.0,2,3.740158534432762e+47,3.5298080460058e+47
2024-04-29,0.004314093161229382,0.0,0.004314093161229382,1.0,2,3.7562939267880716e+47,3.545035966757526e+47
2024-04-30,-0.016770462190617674,0.0,-0.016770462190617674,1.0,2,3.6932991415120255e+47,3.485584075112639e+47
2024-05-01,-0.0048067255327181035,0.0,-0.0048067255327181035,1.0,2,3.6755464662285535e+47,3.4688298291423593e+47
2024-05-02,0.011572624883894989,0.0,0.011572624883894989,1.0,2,3.718082186725543e+47,3.5089732955410894e+47
2024-05-03,0.01690370008930492,0.0,0.01690370008930492,1.0,2,3.780931532917338e+47,3.5682879277502956e+47
2024-05-06,0.011017196654867167,0.0,0.011017196654867167,1.0,2,3.822586799154077e+47,3.6076004575715088e+47
2024-05-07,0.001106828101700319,0.0,0.001106828101700319,1.0,2,3.826817745644569e+47,3.611593451137656e+47
2024-05-08,3.5466962271857305e-05,0.0,3.5466962271857305e-05,1.0,2,3.826953471245176e+47,3.611721543386329e+47
2024-05-09,0.004325298313020365,0.0,0.004325298313020365,1.0,2,3.84350618663836e+47,3.6273433164850375e+47
2024-05-10,0.002348789672575513,0.0,0.002348789672575513,1.0,2,3.8525337742760165e+47,3.6358631830056835e+47
2024-05-13,0.0017816725073615536,0.0,0.0017816725073615536,1.0,2,3.859397727785326e+47,3.642341100479373e+47
2024-05-14,0.005839475823939122,0.0,0.005839475823939122,1.0,2,3.881934587511694e+47,3.663610463278162e+47
2024-05-15,0.014328000046013756,0.0,0.014328000046013756,1.0,2,3.9375549464601844e+47,3.716102674164588e+47
2024-05-16,-0.0015789315713970464,0.0,-0.0015789315713970464,1.0,2,3.931337816641108e+47,3.710235202329797e+47
2024-05-17,0.0008954966990163404,0.0,0.0008954966990163404,1.0,2,3.934858316678629e+47,3.713557705706058e+47
2024-05-20,0.004442306627426507,0.0,0.004442306627426507,1.0,2,3.952338163856796e+47,3.730054467713447e+47
2024-05-21,0.002513724262430961,0.0,0.002513724262430961,1.0,2,3.962273252192614e+47,3.7394307961291274e+47
2024-05-22,-0.0011023997772154903,0.0,-0.0011023997772154903,1.0,2,3.95790524304213e+47,3.735308448452562e+47
2024-05-23,-0.004950808310872135,0.0,-0.004950808310872135,1.0,2,3.938310412871232e+47,3.716815652342292e+47
2024-05-24,0.00844279798021591,0.0,0.00844279798021591,1.0,2,3.971560772070485e+47,3.748195976024722e+47
2024-05-28,0.002706382896986881,0.0,0.002706382896986881,1.0,2,3.98230933621836e+47,3.758340029508791e+47
2024-05-29,-0.0067697021172420935,0.0,-0.0067697021172420935,1.0,2,3.9553502882734495e+47,3.732897187053709e+47
2024-05-30,-0.008214672104558951,0.0,-0.008214672104558951,1.0,2,3.9228583825966106e+47,3.702232660662032e+47
2024-05-31,0.003992040989586443,0.0,0.003992040989586443,1.0,2,3.938518594056279e+47,3.717012125196381e+47
2024-06-03,0.0036793664349616395,0.0,0.0036793664349616395,1.0,2,3.953009847174722e+47,3.730688374848174e+47
2024-06-04,0.0022535897748082734,0.0,0.0022535897748082734,1.0,2,3.961918309746031e+47,3.739095816022728e+47
2024-06-05,0.016324156874259754,0.0,0.016324156874259754,1.0,2,4.026593285757328e+47,3.8001334026913714e+47
2024-06-06,0.0002818536479039513,0.0,0.0002818536479039513,1.0,2,4.027728195763544e+47,3.801204484153441e+47
2024-06-07,-0.0006614270909008346,0.0,-0.0006614270909008346,1.0,2,4.0250641472200805e+47,3.798690264529568e+47
2024-06-10,0.0038668359698775245,0.0,0.0038668359698775245,1.0,2,4.0406284100456155e+47,3.813379176682875e+47
2024-06-11,0.004898169240907135,0.0,0.004898169240907135,1.0,2,4.060420091837637e+47,3.832057753270019e+47
2024-06-12,0.011212644777650715,0.0,0.011212644777650715,1.0,2,4.105948139975449e+47,3.875025255624878e+47
2024-06-13,0.004272968604524363,0.0,0.004272968604524363,1.0,2,4.12349272746937e+47,3.8915831168839025e+47
2024-06-14,0.0032065230355325935,0.0,0.0032065230355325935,1.0,2,4.136714801886852e+47,3.904061567792881e+47
2024-06-17,0.010328170093805822,0.0,0.010328170093805822,1.0,2,4.179439495990303e+47,3.944383379721736e+47
2024-06-18,0.0018179523523362828,0.0,0.0018179523523362828,1.0,2,4.187037517853486e+47,3.9515540807654174e+47
2024-06-20,-0.004611721625739529,0.0,-0.004611721625739529,1.0,2,4.167728066384618e+47,3.933330613355872e+47
2024-06-21,-0.0016759738957391468,0.0,-0.0016759738957391468,1.0,2,4.160743062940818e+47,3.926738453924576e+47
2024-06-24,-0.006939240731722973,0.0,-0.006939240731722973,1.0,2,4.131870665204225e+47,3.89948987050228e+47
2024-06-25,0.007950746802542819,0.0,0.007950746802542819,1.0,2,4.164722122684119e+47,3.930493727121724e+47
2024-06-26,0.0018992232362208816,0.0,0.0018992232362208816,1.0,2,4.172631859711924e+47,3.937958612138094e+47
2024-06-27,0.002365157094131487,0.0,0.002365157094131487,1.0,2,4.1825007895561204e+47,3.947272502885988e+47
2024-06-28,-0.004101882257332157,0.0,-0.004101882257332157,1.0,2,4.165344663776162e+47,3.931081255841545e+47
2024-07-01,0.00431328935155223,0.0,0.00431328935155223,1.0,2,4.183311000559973e+47,3.948037146762453e+47
2024-07-02,0.008742970128973904,0.0,0.008742970128973904,1.0,2,4.2198855636780764e+47,3.9825547176046765e+47
2024-07-03,0.0066123520324141705,0.0,0.0066123520324141705,1.0,2,4.247788932561619e+47,4.00888877138583e+47
2024-07-05,0.008326360233722852,0.0,0.008326360233722852,1.0,2,4.283157553410948e+47,4.042268223433315e+47
2024-07-08,0.0021097625130923614,0.0,0.0021097625130923614,1.0,2,4.292193998654803e+47,4.0507964493989795e+47
2024-07-09,0.0013083854217846302,0.0,0.0013083854217846302,1.0,2,4.297809842710114e+47,4.05609645241999e+47
2024-07-10,0.010392835041863058,0.0,0.010392835041863058,1.0,2,4.342476271446696e+47,4.098250793763877e+47
2024-07-11,-0.01472408106344264,0.0,-0.01472408106344264,1.0,2,4.278537298809839e+47,4.03790781685818e+47
2024-07-12,0.00636956510424419,0.0,0.00636956510424419,1.0,2,4.305789720685545e+47,4.063627533582595e+47
2024-07-15,0.003127619203374621,0.0,0.003127619203374621,1.0,2,4.319256591301654e+47,4.07633701309199e+47
2024-07-16,0.003500607641889919,0.0,0.003500607641889919,1.0,2,4.3343766139324485e+47,4.090606669590939e+47
2024-07-17,-0.0215904881597605,0.0,-0.0215904881597605,1.0,2,4.240795306969397e+47,4.002288474724898e+47
2024-07-18,-0.005557229907222794,0.0,-0.005557229907222794,1.0,2,4.217228232459096e+47,3.9800468375158234e+47
2024-07-19,-0.007322959281458097,0.0,-0.007322959281458097,1.0,2,4.186345641832183e+47,3.950901116586399e+47
2024-07-22,0.01301085067491392,0.0,0.01301085067491392,1.0,2,4.240813559851638e+47,4.002305701045656e+47
2024-07-23,-0.002207938018236766,0.0,-0.002207938018236766,1.0,2,4.231450106364588e+47,3.993468858127711e+47
2024-07-24,-0.029060219846924418,0.0,-0.029060219846924418,1.0,2,4.108483236002341e+47,3.877417775158673e+47
2024-07-25,-0.007655728040686427,0.0,-0.007655728040686427,1.0,2,4.077029805687788e+47,3.8477333191719356e+47
2024-07-26,0.01112395694589613,0.0,0.01112395694589613,1.0,2,4.122382509713394e+47,3.890535338953694e+47
2024-07-29,0.0017534726815600643,0.0,0.0017534726815600643,1.0,2,4.129610994827117e+47,3.897357286387193e+47
2024-07-30,-0.008785010289546424,0.0,-0.008785010289546424,1.0,2,4.093332319745737e+47,3.863118962524243e+47
2024-07-31,0.0233504970465625,0.0,0.0233504970465625,1.0,2,4.1889136639885595e+47,3.953324710449185e+47
2024-08-01,-0.002696497292326794,0.0005,-0.003196497292326794,1.0,2,4.1776182696358234e+47,3.940687918716546e+47
2024-08-02,-0.010064793158847563,0.0,-0.010064793158847563,1.0,2,4.135571405855316e+47,3.9010257099110945e+47
2024-08-05,-0.02091994116596535,0.0,-0.02091994116596535,1.0,2,4.049055495357175e+47,3.819416481572837e+47
2024-08-06,0.0008420062012808316,0.0,0.0008420062012808316,1.0,2,4.052464825193596e+47,3.822632453935595e+47
2024-08-07,-0.002920195420353322,0.0,-0.002920195420353322,1.0,2,4.0406308359699225e+47,3.811469620149919e+47
2024-08-08,0.01955393619022744,0.0,0.01955393619022744,1.0,2,4.119641073504744e+47,3.8859988538933205e+47
2024-08-09,0.0036249129078184117,0.0,0.0036249129078184117,1.0,2,4.134574413607671e+47,3.9000852612985666e+47
2024-08-12,0.00912285276546082,0.0,0.00912285276546082,1.0,2,4.1722935272308545e+47,3.935665164910137e+47
2024-08-13,0.007652610908047641,0.0,0.007652610908047641,1.0,2,4.204222466188918e+47,3.9657832790815516e+47
2024-08-14,-0.0022345879539398816,0.0,-0.0022345879539398816,1.0,2,4.194827761310289e+47,3.9569213875381796e+47
2024-08-15,0.010427780692066735,0.0,0.010427780692066735,1.0,2,4.238570505246226e+47,3.998183295983176e+47
2024-08-16,0.012441428244775843,0.0,0.012441428244775843,1.0,2,4.29130437604767e+47,4.047926406569612e+47
2024-08-19,0.0041644577009150585,0.0,0.0041644577009150585,1.0,2,4.309175331603472e+47,4.064783824866188e+47
2024-08-20,0.0013192505688382483,0.0,0.0013192505688382483,1.0,2,4.314860213610913e+47,4.070146293239347e+47
2024-08-21,0.0013322117568975722,0.0,0.0013322117568975722,1.0,2,4.320608521116855e+47,4.0755685899834936e+47
2024-08-22,-0.00946385913325909,0.0,-0.00946385913325909,1.0,2,4.279718890703046e+47,4.0369979829599545e+47
2024-08-23,0.011350530820453064,0.0,0.011350530820453064,1.0,2,4.328295971874847e+47,4.082820052987649e+47
2024-08-26,0.0007607016102706976,0.0,0.0007607016102706976,1.0,2,4.3315885135903796e+47,4.085925860776402e+47
2024-08-27,0.0022647086782095482,0.0,0.0022647086782095482,1.0,2,4.34139829968754e+47,4.095179292531823e+47
2024-08-28,-0.006094589865403566,0.0,-0.006094589865403566,1.0,2,4.314939257608584e+47,4.070220854318548e+47
2024-08-29,0.002994934399281779,0.0,0.002994934399281779,1.0,2,4.327862217622007e+47,4.08241089876782e+47
2024-08-30,0.0014590160275910202,0.0,0.0014590160275910202,1.0,2,4.334176637962723e+47,4.088367201700334e+47
2024-09-03,-0.012115274786753838,0.0,-0.012115274786753838,1.0,2,4.281666897019476e+47,4.038835509622583e+47
2024-09-04,-0.0004963858707046076,0.0,-0.0004963858707046076,1.0,2,4.279541538068732e+47,4.036830688741506e+47
2024-09-05,0.0032571484413938534,0.0,0.0032571484413938534,1.0,2,4.2934806401193326e+47,4.049979245527511e+47
2024-09-06,-0.011634710295438333,0.0,-0.011634710295438333,1.0,2,4.24352723671247e+47,4.002858910303261e+47
2024-09-09,0.008016574563099788,0.0,0.008016574563099788,1.0,2,4.2775457892161205e+47,4.034948127223276e+47
2024-09-10,0.004683770694937084,0.0,0.004683770694937084,1.0,2,4.297580832829903e+47,4.053846899017156e+47
2024-09-11,0.004490679613980697,0.0,0.004490679613980697,1.0,2,4.316879891465326e+47,4.072051426644772e+47
2024-09-12,0.013155553955466581,0.0,0.013155553955466581,1.0,2,4.373670837796767e+47,4.125621518897432e+47
2024-09-13,0.00781150593131269,0.0,0.00781150593131269,1.0,2,4.407835793487826e+47,4.15784883586265e+47
2024-09-16,0.00094244008923966,0.0,0.00094244008923966,1.0,2,4.411989914646395e+47,4.161767359290566e+47
2024-09-17,-0.0021950168942663772,0.0,-0.0021950168942663772,1.0,2,4.402305522246413e+47,4.152632209626917e+47
2024-09-18,-0.004979544672573222,0.0,-0.004979544672573222,1.0,2,4.380384045236071e+47,4.131953992030313e+47
2024-09-19,0.016757192526290765,0.0,0.016757192526290765,1.0,2,4.453786984021185e+47,4.201193940584541e+47
2024-09-20,0.005647917647943701,0.0,0.005647917647943701,1.0,2,4.47894160612842e+47,4.2249219379840014e+47
2024-09-23,0.002441549221223527,0.0,0.002441549221223527,1.0,2,4.4898771625187685e+47,4.235237292851417e+47
2024-09-24,0.008604941922695952,0.0,0.008604941922695952,1.0,2,4.528512294742281e+47,4.271681263785239e+47
2024-09-25,-0.0015701587190579125,0.0,-0.0015701587190579125,1.0,2,4.52140181167833e+47,4.26497404620387e+47
2024-09-26,0.004857766724060464,0.0,0.004857766724060464,1.0,2,4.543365726945208e+47,4.285692295204501e+47
2024-09-27,-0.004436892167942352,0.0,-0.004436892167942352,1.0,2,4.523207303135227e+47,4.266677140625697e+47
2024-09-30,-0.001869691734318002,0.0,-0.001869691734318002,1.0,2,4.514750299827948e+47,4.258699769642866e+47
2024-10-01,0.001040566436690371,0.0,0.001040566436690371,1.0,2,4.519448197459987e+47,4.263131229687097e+47
2024-10-02,0.0004843887890073062,0.0,0.0004843887890073062,1.0,2,4.521637367499336e+47,4.265196242660825e+47
2024-10-03,-0.0010815933289158863,0.0,-0.0010815933289158863,1.0,2,4.516746794686872e+47,4.260583034858246e+47
2024-10-04,0.0038189934139754578,0.0,0.0038189934139754578,1.0,2,4.5339962209483754e+47,4.276854173408065e+47
2024-10-07,-0.005986233865385326,0.0,-0.005986233865385326,1.0,2,4.506854659225005e+47,4.2512519241178955e+47
2024-10-08,0.0012327954736839897,0.0,0.0012327954736839897,1.0,2,4.512410689249449e+47,4.2564928482474384e+47
2024-10-09,0.000875817690890679,0.0,0.000875817690890679,1.0,2,4.516362738359658e+47,4.260220759985083e+47
2024-10-10,0.0029667699307711626,0.0,0.0029667699307711626,1.0,2,4.5297617475282785e+47,4.272859854834254e+47
2024-10-11,0.008581180296697577,0.0,0.008581180296697577,1.0,2,4.568632449784902e+47,4.309526035631108e+47
2024-10-14,0.0034487874973426202,0.0,0.0034487874973426202,1.0,2,4.584388692257674e+47,4.324388675142265e+47
2024-10-15,-0.0018538335739973766,0.0,-0.0018538335739973766,1.0,2,4.575889998583713e+47,4.316371978229272e+47
2024-10-16,0.004843535345072314,0.0,0.004843535345072314,1.0,2,4.598053483527017e+47,4.337278478468306e+47
2024-10-17,0.003383274759979016,0.0,0.003383274759979016,1.0,2,4.6136099618228675e+47,4.3519526832715085e+47
2024-10-18,0.007445088774768294,0.0,0.007445088774768294,1.0,2,4.647958697560794e+47,4.384353357342056e+47
2024-10-21,-0.0007056279664169329,0.0,-0.0007056279664169329,1.0,2,4.6446789679170445e+47,4.3812596349984615e+47
2024-10-22,0.005246204504287755,0.0,0.005246204504287755,1.0,2,4.6690459036395015e+47,4.404244619030045e+47
2024-10-23,-0.010391506081153468,0.0,-0.010391506081153468,1.0,2,4.620527484738647e+47,4.358477884288507e+47
2024-10-24,0.005194073270628652,0.0,0.005194073270628652,1.0,2,4.644526843043333e+47,4.381116137767915e+47
2024-10-25,0.0011622190216856731,0.0,0.0011622190216856731,1.0,2,4.649924800487047e+47,4.386207954279443e+47
2024-10-28,0.0018750845129649196,0.0,0.0018750845129649196,1.0,2,4.658643802466892e+47,4.394432464885156e+47
2024-10-29,0.006401177311955941,0.0,0.006401177311955941,1.0,2,4.6884646074797264e+47,4.422562006278302e+47
2024-10-30,0.0014560590943218932,0.0,0.0014560590943218932,1.0,2,4.6952912890098544e+47,4.429001517907746e+47
2024-10-31,-0.017376473088286937,0.0,-0.017376473088286937,1.0,2,4.613703686284707e+47,4.35204109222384e+47
2024-11-01,0.000332192870416248,0.0,0.000332192870416248,1.0,2,4.615236325755504e+47,4.353486809246435e+47
2024-11-04,-0.0001270729471921639,0.0,-0.0001270729471921639,1.0,2,4.6146498540736016e+47,4.352933598847022e+47
2024-11-05,0.007285845144971048,0.0,0.007285845144971048,1.0,2,4.648271478308645e+47,4.384648398974563e+47
2024-11-06,-0.0023927059394068806,0.0,-0.0023927059394068806,1.0,2,4.637149531534521e+47,4.374157224708126e+47
2024-11-07,0.012067228083122994,0.0,0.012067228083122994,1.0,2,4.693107072587095e+47,4.4269411776101195e+47
2024-11-08,-0.0010432032605794395,0.0,-0.0010432032605794395,1.0,2,4.688211207986724e+47,4.422322978139243e+47
2024-11-11,-0.011030451860655655,0.0,-0.011030451860655655,1.0,2,4.63649811994444e+47,4.373542757416607e+47
2024-11-12,-0.005642748893575911,0.0,-0.005642748893575911,1.0,2,4.610335525308056e+47,4.348863953861187e+47
2024-11-13,-0.004539652123178639,0.0,-0.004539652123178639,1.0,2,4.5894062058520255e+47,4.3291216243796266e+47
2024-11-14,-0.004238807291936764,0.0,-0.004238807291936764,1.0,2,4.569952597361e+47,4.310771312070525e+47
2024-11-15,-0.007094449291747851,0.0,-0.007094449291747851,1.0,2,4.537531300393331e+47,4.280188763588719e+47
2024-11-18,0.011717944876500852,0.0,0.011717944876500852,1.0,2,4.590701842046737e+47,4.33034377958147e+47
2024-11-19,0.006378677157415469,0.0,0.006378677157415469,1.0,2,4.619984447023106e+47,4.357965644532043e+47
2024-11-20,0.0031878441894265808,0.0,0.0031878441894265808,1.0,2,4.63471223759779e+47,4.371858159989685e+47
2024-11-21,0.007099744825456722,0.0,0.007099744825456722,1.0,2,4.667617511824156e+47,4.402897237338702e+47
2024-11-22,0.00815037388229517,0.0,0.00815037388229517,1.0,2,4.705660339685071e+47,4.4387824959883374e+47
2024-11-25,-0.012794496536227051,0.0,-0.012794496536227051,1.0,2,4.6454537847683095e+47,4.38199050871835e+47
2024-11-26,0.003773590239897817,0.0,0.003773590239897817,1.0,2,4.662983823830408e+47,4.398526345333374e+47
2024-11-27,-0.00015150925425111428,0.0,-0.00015150925425111428,1.0,2,4.662277338628675e+47,4.397859927886988e+47
2024-11-29,0.007582439749682923,0.0,0.007582439749682923,1.0,2,4.6976287756451384e+47,4.431206435817736e+47
2024-12-02,-0.0038195475675025237,0.0005,-0.004319547567502524,1.0,2,4.6796859590820934e+47,4.412065628836798e+47
2024-12-03,-0.0023244531106152433,0.0,-0.0023244531106152433,1.0,2,4.6688082484978024e+47,4.40180998916161e+47
2024-12-04,0.0034631599792310785,0.0,0.0034631599792310785,1.0,2,4.684977078374704e+47,4.4170541613522545e+47
2024-12-05,-0.009299458155008211,0.0,-0.009299458155008211,1.0,2,4.641409330077186e+47,4.3759779510103544e+47
2024-12-06,0.002249655488274771,0.0,0.002249655488274771,1.0,2,4.651850902049924e+47,4.385822393824414e+47
2024-12-09,0.002850353179952858,0.0,0.002850353179952858,1.0,2,4.665110320061249e+47,4.3983235366313595e+47
2024-12-10,0.0045949372446771886,0.0,0.0045949372446771886,1.0,2,4.6865462092214264e+47,4.418533557263967e+47
2024-12-11,0.007315576070028751,0.0,0.007315576070028751,1.0,2,4.720830994520691e+47,4.450857675620107e+47
2024-12-12,-0.013618029292708667,0.0,-0.013618029292708667,1.0,2,4.656542579751381e+47,4.390245765415835e+47
2024-12-13,-0.009292342491554917,0.0,-0.009292342491554917,1.0,2,4.613272391273823e+47,4.349450098141492e+47
2024-12-16,0.004255419983113851,0.0,0.004255419983113851,1.0,2,4.632903802795196e+47,4.36795883500468e+47
2024-12-17,-0.007523740585518857,0.0,-0.007523740585518857,1.0,2,4.598047036425301e+47,4.33509544584188e+47
2024-12-18,-0.03108759087153945,0.0,-0.03108759087153945,1.0,2,4.455104831348817e+47,4.2003277722324735e+47
2024-12-19,-0.001107693760171724,0.0,-0.001107693760171724,1.0,2,4.450169939526221e+47,4.195675095368496e+47
2024-12-20,0.009892273809377905,0.0,0.009892273809377905,1.0,2,4.4941922390662765e+47,4.2371798622270685e+47
2024-12-23,-0.003384160055885821,0.0,-0.003384160055885821,1.0,2,4.4789831732073566e+47,4.222840567387716e+47
2024-12-24,0.005550986980513484,0.0,0.005550986980513484,1.0,2,4.50384595048777e+47,4.246281500398069e+47
2024-12-26,0.008499953227759649,0.0,0.008499953227759649,1.0,2,4.54212843041195e+47,4.282374694543354e+47
2024-12-27,-0.010612733285079945,0.0,-0.010612733285079945,1.0,2,4.4939240328334095e+47,4.236926994083389e+47
2024-12-30,-0.005383011186592568,0.0,-0.005383011186592568,1.0,2,4.46973318949297e+47,4.214119568677462e+47
2024-12-31,0.003972141005902485,0.0,0.003972141005902485,1.0,2,4.4874875999803985e+47,4.230858645819982e+47
2025-01-02,0.011403702401390992,0.0005,0.010903702401390991,1.0,2,4.538661573100507e+47,4.276990669396355e+47
2025-01-03,0.004224379799054545,0.0,0.004224379799054545,1.0,2,4.557834603364658e+47,4.295058302380898e+47
2025-01-06,0.005196492196132441,0.0,0.005196492196132441,1.0,2,4.581519355312306e+47,4.3173775393311545e+47
2025-01-07,-0.005958659042053505,0.0,-0.005958659042053505,1.0,2,4.554219643579431e+47,4.29165175861846e+47
2025-01-08,0.0027693163633246143,0.0,0.0027693163633246143,1.0,2,4.56683171856057e+47,4.303536700059293e+47
2025-01-10,-0.0030646517543870266,0.0,-0.0030646517543870266,1.0,2,4.552835969722293e+47,4.2903478587613876e+47
2025-01-13,-0.006588919396636084,0.0,-0.006588919396636084,1.0,2,4.522837700491687e+47,4.262079102536478e+47
2025-01-14,0.0022515045475077766,0.0,0.0022515045475077766,1.0,2,4.533020890141984e+47,4.271675193017677e+47
2025-01-15,0.01524459595283012,0.0,0.01524459595283012,1.0,2,4.602124962057937e+47,4.33679515537696e+47
2025-01-16,6.295180036491876e-05,0.0,6.295180036491876e-05,1.0,2,4.6024146741098036e+47,4.337068164439805e+47
2025-01-17,0.005909009747137706,0.0,0.005909009747137706,1.0,2,4.629610387279488e+47,4.3626959424974805e+47
2025-01-21,0.01069297710732453,0.0,0.01069297710732453,1.0,2,4.679114705166499e+47,4.409346150336824e+47
2025-01-22,0.008990680843002363,0.0,0.008990680843002363,1.0,2,4.721183132108449e+47,4.448989174300823e+47
2025-01-23,0.00036491540088484653,0.0,0.00036491540088484653,1.0,2,4.722905964543753e+47,4.450612678968896e+47
2025-01-24,0.0003442654523407307,0.0,0.0003442654523407307,1.0,2,4.724531897902e+47,4.4521448711560145e+47
2025-01-27,-0.019787872607769708,0.0,-0.019787872607769708,1.0,2,4.631043462574971e+47,4.364046395614244e+47
2025-01-28,0.011684011705993647,0.0,0.011684011705993647,1.0,2,4.6851526286026624e+47,4.4150359647861004e+47
2025-01-29,-0.0028152863294724773,0.0,-0.0028152863294724773,1.0,2,4.6719625824558655e+47,4.402606374390309e+47
2025-01-30,0.009740663626541635,0.0,0.009740663626541635,1.0,2,4.7174705984473565e+47,4.445490682163313e+47
2025-01-31,0.00038570989625280605,0.0,0.00038570989625280605,1.0,2,4.719290173542459e+47,4.4472053519131226e+47
2025-02-03,-0.0013270956172505843,0.0,-0.0013270956172505843,1.0,2,4.713027224236617e+47,4.441303485181585e+47
2025-02-04,0.011036514662597363,0.0,0.011036514662597363,1.0,2,4.765042618302124e+47,4.490319996216835e+47
2025-02-05,0.005375731470605216,0.0,0.005375731470605216,1.0,2,4.7906582078641064e+47,4.514458750733586e+47
2025-02-06,0.0012973052012279496,0.0,0.0012973052012279496,1.0,2,4.796873153674474e+47,4.520315381551642e+47
2025-02-07,-0.0053090690524654205,0.0,-0.0053090690524654205,1.0,2,4.771406222865699e+47,4.496316715052062e+47
2025-02-10,0.014538986885733574,0.0,0.014538986885733574,1.0,2,4.84077763536645e+47,4.561688604806309e+47
2025-02-11,-0.0030154900130618945,0.0,-0.0030154900130618945,1.0,2,4.8261803187515494e+47,4.547932878375817e+47
2025-02-12,0.0008248925540182972,0.0,0.0008248925540182972,1.0,2,4.830161398960838e+47,4.551684434343365e+47
2025-02-13,0.012094892139706048,0.0,0.012094892139706048,1.0,2,4.88858168009864e+47,4.6067365666307265e+47
2025-02-14,-0.005329693530407409,0.0,-0.005329693530407409,1.0,2,4.86252703794535e+47,4.582184072555263e+47
2025-02-18,0.009431726214377267,0.0,0.009431726214377267,1.0,2,4.908389061677257e+47,4.625401978191485e+47
2025-02-19,0.0004328751596945346,0.0,0.0004328751596945346,1.0,2,4.910513781376173e+47,4.6274041998114454e+47
2025-02-20,-0.0018303660067731098,0.0,-0.0018303660067731098,1.0,2,4.901525743874952e+47,4.618934356464511e+47
2025-02-21,-0.010694218078687534,0.0,-0.010694218078687534,1.0,2,4.8491077586516515e+47,4.569538465165338e+47
2025-02-24,-0.0030687754642188536,0.0,-0.0030687754642188536,1.0,2,4.834226935738548e+47,4.555515577640634e+47
2025-02-25,-0.012850006871611308,0.0,-0.012850006871611308,1.0,2,4.772107086395379e+47,4.496977171164219e+47
2025-02-26,0.0020464251072790374,0.0,0.0020464251072790374,1.0,2,4.781872846151603e+47,4.5061798981541505e+47
2025-02-27,-0.02123294726307673,0.0,-0.02123294726307673,1.0,2,4.680339592190528e+47,4.410500418018707e+47
2025-02-28,0.004744200856690972,0.0,0.004744200856690972,1.0,2,4.702544063293403e+47,4.431424717880307e+47
2025-03-03,-0.005036839317044406,0.0005,-0.005536839317044406,1.0,2,4.678858104465273e+47,4.406888631271825e+47
2025-03-04,-0.0014615816080199573,0.0,-0.0014615816080199573,1.0,2,4.672019571513251e+47,4.400447603899766e+47
2025-03-05,0.006477324160905351,0.0,0.006477324160905351,1.0,2,4.702281756764037e+47,4.428950729483304e+47
2025-03-06,-0.011374218998559338,0.0,-0.011374218998559338,1.0,2,4.6487969742696725e+47,4.378574873952332e+47
2025-03-07,0.0031244130468500164,0.0,0.0031244130468500164,1.0,2,4.663321736188237e+47,4.392255350415118e+47
2025-03-10,-0.017669354743248322,0.0,-0.017669354743248322,1.0,2,4.580923850149627e+47,4.314647032505702e+47
2025-03-11,0.0018675106460332436,0.0,0.0018675106460332436,1.0,2,4.589478774208449e+47,4.322704681772783e+47
2025-03-12,0.005158179855653144,0.0,0.005158179855653144,1.0,2,4.61315213116952e+47,4.345001969984241e+47
2025-03-13,0.0024232814020576088,0.0,0.0024232814020576088,1.0,2,4.624331096933845e+47,4.3555311324500074e+47
2025-03-14,0.010599753349626151,0.0,0.010599753349626151,1.0,2,4.6733478659683506e+47,4.4016986881605955e+47
2025-03-17,0.006638848841546474,0.0,0.006638848841546474,1.0,2,4.704373516034479e+47,4.430920900397327e+47
2025-03-18,0.000581573412557268,0.0,0.000581573412557268,1.0,2,4.707109454594144e+47,4.433497806186143e+47
2025-03-19,0.0075952356471502,0.0,0.0075952356471502,1.0,2,4.742861060118715e+47,4.467171266765251e+47
2025-03-20,-0.002005851992483154,0.0,-0.002005851992483154,1.0,2,4.7333475828112055e+47,4.458210782379046e+47
2025-03-21,-0.0038513566742849337,0.0,-0.0038513566742849337,1.0,2,4.7151177730064354e+47,4.4410406225269615e+47
2025-03-24,0.006840517288863812,0.0,0.006840517288863812,1.0,2,4.747371617651714e+47,4.4714196376859034e+47
2025-03-25,0.0035154851891202044,0.0,0.0035154851891202044,1.0,2,4.7640609322608185e+47,4.487138847196529e+47
2025-03-26,-0.00620890904674215,0.0,-0.00620890904674215,1.0,2,4.734481311239274e+47,4.459278610214183e+47
2025-03-27,0.005435201335139583,0.0,0.005435201335139583,1.0,2,4.760214170383315e+47,4.483515687270179e+47
2025-03-28,-0.006190335909871114,0.0,-0.006190335909871114,1.0,2,4.730746845665714e+47,4.4557612191087995e+47
2025-03-31,0.01051944313035047,0.0,0.01051944313035047,1.0,2,4.78051166807278e+47,4.502633345855636e+47
2025-04-01,0.0026086280037002085,0.0005,0.0021086280037002085,1.0,1,4.7929822446821295e+47,4.512127724619102e+47
2025-04-02,0.0020526892696451915,0.0,0.0020526892696451915,1.0,1,4.8028207479053886e+47,4.521389720782697e+47
2025-04-03,-0.005797950613966152,0.0,-0.005797950613966152,1.0,1,4.774974230401301e+47,4.495174926475105e+47
2025-04-04,-0.023526403662270656,0.0,-0.023526403662270656,1.0,1,4.66263625917994e+47,4.3894196266223334e+47
2025-04-07,-0.021542587359167142,0.0,-0.021542587359167142,1.0,1,4.562191010242536e+47,4.294860170859779e+47
2025-04-08,0.0055898331403180235,0.0,0.0055898331403180235,1.0,1,4.587692896744051e+47,4.318867722575883e+47
2025-04-09,0.03670563136371574,0.0,0.03670563136371574,1.0,1,4.756087061021875e+47,4.477394489109404e+47
2025-04-10,0.024276259433207326,0.0,0.024276259433207326,1.0,1,4.871547064402163e+47,4.586088879311836e+47
2025-04-11,0.019088596792318335,0.0,0.019088596792318335,1.0,1,4.964538062069337e+47,4.6736308807827545e+47
2025-04-14,-0.005687247988586885,0.0,-0.005687247988586885,1.0,1,4.93630350296157e+47,4.647050782956625e+47
2025-04-15,0.00522561500944585,0.0,0.00522561500944585,1.0,1,4.962098724637826e+47,4.6713344812777006e+47
2025-04-16,0.0323272551567364,0.0,0.0323272551567364,1.0,1,5.122509756222109e+47,4.822345902976425e+47
2025-04-17,-0.004393032302909994,0.0,-0.004393032302909994,1.0,1,5.100006405391053e+47,4.801161181648844e+47
2025-04-21,0.030882978686825213,0.0,0.030882978686825213,1.0,1,5.257509794511417e+47,4.949435340093718e+47
2025-04-22,-0.014074686777227119,0.0,-0.014074686777227119,1.0,1,5.183511990925465e+47,4.8797735879577606e+47
2025-04-23,-0.024017442464020045,0.0,-0.024017442464020045,1.0,1,5.059017289921855e+47,4.762573906571541e+47
2025-04-24,0.01451733771936814,0.0,0.01451733771936814,1.0,1,5.132460752447773e+47,4.83171380038669e+47
2025-04-25,-0.010642091333186166,0.0,-0.010642091333186166,1.0,1,5.07784063635623e+47,4.780294260827159e+47
2025-04-28,0.014272893039911527,0.0,0.014272893039911527,1.0,1,5.150316112632658e+47,4.848522889511248e+47
2025-04-29,-0.009730302626876908,0.0,-0.009730302626876908,1.0,1,5.100201978232662e+47,4.801345294502964e+47
2025-04-30,-0.007495285679844366,0.0,-0.007495285679844366,1.0,1,5.061974507380901e+47,4.765357839873087e+47
2025-05-01,-0.020768768539540905,0.0,-0.020768768539540905,1.0,1,4.956843530484051e+47,4.666387225888676e+47
2025-05-02,0.0018146692805932618,0.0,0.0018146692805932618,1.0,1,4.965838562167527e+47,4.674855175438849e+47
2025-05-05,0.029784138084723688,0.0,0.029784138084723688,1.0,1,5.11374178360957e+47,4.814091707510204e+47
2025-05-06,0.027870746069776686,0.0,0.027870746069776686,1.0,1,5.2562655823269596e+47,4.948264035046839e+47
2025-05-07,-0.015039404152521363,0.0,-0.015039404152521363,1.0,1,5.177214479901356e+47,4.873845092370383e+47
2025-05-08,-0.019747033200760766,0.0,-0.019747033200760766,1.0,1,5.074979853679285e+47,4.77760111151598e+47
2025-05-09,0.007286691918563348,0.0,0.007286691918563348,1.0,1,5.111959668365962e+47,4.812414018925383e+47
2025-05-12,-0.028203582049375453,0.0,-0.028203582049375453,1.0,1,4.967784094426105e+47,4.676686705287056e+47
2025-05-13,0.004254896855134804,0.0,0.004254896855134804,1.0,1,4.988921503346467e+47,4.696585524841833e+47
2025-05-14,-0.02107140616744063,0.0,-0.02107140616744063,1.0,1,4.883797912011975e+47,4.597621863647768e+47
2025-05-15,0.01592317799378362,0.0,0.01592317799378362,1.0,1,4.961563495450611e+47,4.670830614930743e+47
2025-05-16,-0.011990019184869305,0.0,-0.011990019184869305,1.0,1,4.902074253953211e+47,4.614827266248448e+47
2025-05-19,0.012873256915483688,0.0,0.012873256915483688,1.0,1,4.9651799152431284e+47,4.674235123267444e+47
2025-05-20,0.018603423109515127,0.0,0.018603423109515127,1.0,1,5.057549258021263e+47,4.761191896978945e+47
2025-05-21,0.007365359374760461,0.0,0.007365359374760461,1.0,1,5.094799925862143e+47,4.796259786352392e+47
2025-05-22,-0.008876985232135315,0.0,-0.008876985232135315,1.0,1,5.04957346215958e+47,4.753683459059458e+47
2025-05-23,0.021851623830868583,0.0,0.021851623830868583,1.0,1,5.1599148419610285e+47,4.857559161817847e+47
2025-05-27,-0.01690559896078503,0.0,-0.01690559896078503,1.0,1,5.072683390971033e+47,4.775439214699868e+47
2025-05-28,-0.0022647650569338484,0.0,-0.0022647650569338484,1.0,1,5.061194954882273e+47,4.764623966834904e+47
2025-05-29,0.005927416698213617,0.0,0.005927416698213617,1.0,1,5.0911947663707564e+47,4.792865878496629e+47
2025-05-30,-0.006577791675068112,0.0,-0.006577791675068112,1.0,1,5.057705947820373e+47,4.761339405221336e+47
2025-06-02,0.008896425757259352,0.0005,0.008396425757259351,1.0,2,5.1027014532872055e+47,4.801317638042391e+47
2025-06-03,-0.0075875380180810414,0.0,-0.0075875380180810414,1.0,2,5.063984512015472e+47,4.764887457926861e+47
2025-06-04,0.0065135798372520926,0.0,0.0065135798372520926,1.0,2,5.096969179429092e+47,4.7959239327995885e+47
2025-06-05,-0.0016933765192453376,0.0,-0.0016933765192453376,1.0,2,5.08833809150133e+47,4.7878026278236996e+47
2025-06-06,-0.004419068074695054,0.0,-0.004419068074695054,1.0,2,5.065852379087922e+47,4.766645002083143e+47
2025-06-09,0.003154667649177212,0.0,0.003154667649177212,1.0,2,5.081833459703738e+47,4.781682182866327e+47
2025-06-10,0.00206936557730214,0.0,0.00206936557730214,1.0,2,5.092349630934831e+47,4.791577231377149e+47
2025-06-11,0.0033742020193012756,0.0,0.0033742020193012756,1.0,2,5.109532247342519e+47,4.8077449809469e+47
2025-06-12,0.010819536374875427,0.0,0.010819536374875427,1.0,2,5.16481501735124e+47,4.859762552649379e+47
2025-06-13,0.0009513539918280522,0.0,0.0009513539918280522,1.0,2,5.169728584735051e+47,4.8643859071531786e+47
2025-06-16,-0.003751879530440261,0.0,-0.003751879530440261,1.0,2,5.150332385880051e+47,4.8461353172399685e+47
2025-06-17,-0.005312433402976657,0.0,-0.005312433402976657,1.0,2,5.12297158807687e+47,4.8203905461053185e+47
2025-06-18,-0.0005588171961198318,0.0,-0.0005588171961198318,1.0,2,5.120108783458219e+47,4.8176968289761415e+47
2025-06-20,-0.0036920511174395876,0.0,-0.0036920511174395876,1.0,2,5.10120508010284e+47,4.799909646015235e+47
2025-06-23,0.005506791075038764,0.0,0.005506791075038764,1.0,2,5.129296350709892e+47,4.8263417456149045e+47
2025-06-24,-0.0007888062281611319,0.0,-0.0007888062281611319,1.0,2,5.125250329802368e+47,4.8225346971867294e+47
2025-06-25,-0.0006366151873524184,0.0,-0.0006366151873524184,1.0,2,5.121987517603433e+47,4.8194645983569665e+47
2025-06-26,0.005373228991115364,0.0,0.005373228991115364,1.0,2,5.149509129425151e+47,4.845360685258513e+47
2025-06-27,-0.005440448702593248,0.0,-0.005440448702593248,1.0,2,5.1214934891629775e+47,4.818999749004802e+47
2025-06-30,0.00789408072279163,0.0,0.00789408072279163,1.0,2,5.161922972187682e+47,4.857041322026558e+47
2025-07-01,0.0044790081763612655,0.0,0.0044790081763612655,1.0,2,5.1850432673858575e+47,4.87879604982084e+47
2025-07-02,0.004613664132090578,0.0,0.004613664132090578,1.0,2,5.208965315531934e+47,4.901305176163683e+47
2025-07-03,-0.0024185793496118158,0.0,-0.0024185793496118158,1.0,2,5.196367019586944e+47,4.889450980678468e+47
2025-07-07,-0.005446343275845755,0.0,-0.005446343275845755,1.0,2,5.16806582101099e+47,4.862821352207273e+47
2025-07-08,-0.0012022370731831211,0.0,-0.0012022370731831211,1.0,2,5.16185258068432e+47,4.856975088097382e+47
2025-07-09,0.006092489696253978,0.0,0.006092489696253978,1.0,2,5.193301114345721e+47,4.886566158776578e+47
2025-07-10,0.0018103480671164962,0.0,0.0018103480671164962,1.0,2,5.202702796980032e+47,4.895412544376956e+47
2025-07-11,0.0009278797842582898,0.0,0.0009278797842582898,1.0,2,5.2075302797288535e+47,4.899954898712487e+47
2025-07-14,-0.0008982735989334634,0.0,-0.0008982735989334634,1.0,2,5.202852492762926e+47,4.8955533985910096e+47
2025-07-15,-0.006519912830059094,0.0,-0.006519912830059094,1.0,2,5.168930348042456e+47,4.863634817177297e+47
2025-07-16,0.005225665700193116,0.0,0.005225665700193116,1.0,2,5.195941450068908e+47,4.889050546819685e+47
2025-07-17,0.0004051769198661348,0.0,0.0004051769198661348,1.0,2,5.198046725621451e+47,4.891031477261314e+47
2025-07-18,0.0007592204148723636,0.0,0.0007592204148723636,1.0,2,5.201993188813003e+47,4.894744848208634e+47
2025-07-21,0.011396322321317931,0.0,0.011396322321317931,1.0,2,5.261276779906017e+47,4.9505269381794304e+47
2025-07-22,0.007439110185641473,0.0,0.007439110185641473,1.0,2,5.300415997588895e+47,4.9873544535495334e+47
2025-07-23,0.0048213619934426855,0.0,0.0048213619934426855,1.0,2,5.325971221829106e+47,5.011400294759704e+47
2025-07-24,-0.006185620590756502,0.0,-0.006185620590756502,1.0,2,5.2930267845735835e+47,4.980401673907916e+47
2025-07-25,-0.004975176894153721,0.0,-0.004975176894153721,1.0,2,5.266693040014836e+47,4.955623294576284e+47
2025-07-28,-0.010333803462435842,0.0,-0.010333803462435842,1.0,2,5.212268069242344e+47,4.904412857416264e+47
2025-07-29,0.001641190267959336,0.0,0.001641190267959336,1.0,2,5.22082239287158e+47,4.9124619320679105e+47
2025-07-30,-0.012007653121539674,0.0,-0.012007653121539674,1.0,2,5.158132568568812e+47,4.853474793214871e+47
2025-07-31,-0.0005153105825476678,0.0,-0.0005153105825476678,1.0,2,5.155474528270044e+47,4.8509737462917985e+47
2025-08-01,0.016232692762543466,0.0005,0.015732692762543465,1.0,2,5.2391617623325705e+47,4.927292625841371e+47
2025-08-04,0.012106634876753342,0.0,0.012106634876753342,1.0,2,5.302590380849379e+47,4.986945558593352e+47
2025-08-05,-0.0029413741654777392,0.0,-0.0029413741654777392,1.0,2,5.286993478493037e+47,4.972277085762661e+47
2025-08-06,0.005212140592974146,0.0,0.005212140592974146,1.0,2,5.31455003181708e+47,4.99819329300088e+47
2025-08-07,0.005958800252760077,0.0,0.005958800252760077,1.0,2,5.346218373889978e+47,5.0279765284585585e+47
2025-08-08,0.004546928091463398,0.0,0.004546928091463398,1.0,2,5.370527244397316e+47,5.050838376179026e+47
2025-08-11,-0.008648272525423162,0.0,-0.008648272525423162,1.0,2,5.324081461182558e+47,5.0071573494199636e+47
2025-08-12,0.005814490423623642,0.0,0.005814490423623642,1.0,2,5.355038281853196e+47,5.0362714178777426e+47
2025-08-13,0.001816661424649313,0.0,0.001816661424649313,1.0,2,5.364766573327359e+47,5.045420617886665e+47
2025-08-14,-0.0035603928089591452,0.0,-0.0035603928089591452,1.0,2,5.34566589699794e+47,5.0274569386005675e+47
2025-08-15,-0.001884769447849377,0.0,-0.001884769447849377,1.0,2,5.335590549236868e+47,5.0179813413623144e+47
2025-08-18,-0.0009723560751337956,0.0,-0.0009723560751337956,1.0,2,5.330402455351891e+47,5.013102076720133e+47
2025-08-19,-0.009491548508219594,0.0,-0.009491548508219594,1.0,2,5.279808681878585e+47,4.965519975182287e+47
2025-08-20,0.0020967415663612488,0.0,0.0020967415663612488,1.0,2,5.2908790762043155e+47,4.9759313873128495e+47
2025-08-21,-0.0040444338908907085,0.0,-0.0040444338908907085,1.0,2,5.2694804655559105e+47,4.955806561771255e+47
2025-08-22,0.013054024685884014,0.0,0.013054024685884014,1.0,2,5.3382683936350605e+47,5.020499782967082e+47
2025-08-25,-0.002643860462783809,0.0,-0.002643860462783809,1.0,2,5.3241547568894e+47,5.00722628208748e+47
2025-08-26,0.005632417380785126,0.0,0.005632417380785126,1.0,2,5.354142618680093e+47,5.035429070428234e+47
2025-08-27,0.0017847724803222165,0.0,0.0017847724803222165,1.0,2,5.363698545081634e+47,5.044416165659748e+47
2025-08-28,0.006833071826250925,0.0,0.006833071826250925,1.0,2,5.400349082494535e+47,5.078885023641203e+47
2025-08-29,-0.0009538764805457345,0.0,-0.0009538764805457345,1.0,2,5.395197816518007e+47,5.074040394669756e+47
2025-09-02,0.007582973147519434,0.0,0.007582973147519434,1.0,2,5.4361094566862185e+47,5.112516706731965e+47
2025-09-03,0.007864461266449407,0.0,0.007864461266449407,1.0,2,5.478861528948506e+47,5.152723896346134e+47
2025-09-04,0.002305444176069482,0.0,0.002305444176069482,1.0,2,5.491492738351911e+47,5.164603213643859e+47
2025-09-05,0.007461139442594356,0.0,0.007461139442594356,1.0,2,5.532465531420749e+47,5.203137038386526e+47
2025-09-08,0.008136684734158794,0.0,0.008136684734158794,1.0,2,5.57748145925252e+47,5.2454733240965025e+47
2025-09-09,0.0003210807475514388,0.0,0.0003210807475514388,1.0,2,5.57927228116891e+47,5.247157544592664e+47
2025-09-10,0.002015211715877374,0.0,0.002015211715877374,1.0,2,5.590515696035992e+47,5.257731677951581e+47
2025-09-11,0.002191791364072382,0.0,0.002191791364072382,1.0,2,5.602768940059274e+47,5.269255528837925e+47
2025-09-12,0.0032032611290354063,0.0,0.0032032611290354063,1.0,2,5.620716072019933e+47,5.286134330252406e+47
2025-09-15,0.00946789542774451,0.0,0.00946789542774451,1.0,2,5.67393242401886e+47,5.336182897308247e+47
2025-09-16,0.0006062322247497587,0.0,0.0006062322247497587,1.0,2,5.6773721446953535e+47,5.339417863337754e+47
2025-09-17,-0.004847207952406507,0.0,-0.004847207952406507,1.0,2,5.649852741286815e+47,5.313536594609362e+47
2025-09-18,0.0025304430736105,0.0,0.0025304430736105,1.0,2,5.664149372022923e+47,5.326982196481567e+47
2025-09-19,0.008683582102383847,0.0,0.008683582102383847,1.0,2,5.71333447813505e+47,5.373239483742651e+47
2025-09-22,0.011573920463375464,0.0,0.011573920463375464,1.0,2,5.779460156965646e+47,5.435428930158158e+47
2025-09-23,-0.0012337846161958321,0.0,-0.0012337846161958321,1.0,2,5.772329547934065e+47,5.4287227815617025e+47
2025-09-24,-0.006255339052727682,0.0,-0.006255339052727682,1.0,2,5.7362216694876586e+47,5.394764279939767e+47
2025-09-25,-7.672242004519436e-05,0.0,-7.672242004519436e-05,1.0,2,5.7357815726792595e+47,5.3943503805686365e+47
2025-09-26,0.0049398149995342755,0.0,0.0049398149995342755,1.0,2,5.764115272526033e+47,5.420997473491313e+47
2025-09-29,0.010569021832355141,0.0,0.010569021832355141,1.0,2,5.825036332685572e+47,5.478292114141784e+47
2025-09-30,0.005663584961845547,0.0,0.005663584961845547,1.0,2,5.8580269208615744e+47,5.509318886976035e+47
2025-10-01,0.003192052264368639,0.0,0.003192052264368639,1.0,2,5.8767260489590435e+47,5.526904920804336e+47
2025-10-02,0.0003735185439741606,0.0,0.0003735185439741606,1.0,2,5.878921115116186e+47,5.528969322283038e+47
2025-10-03,0.0019293722097937782,0.0,0.0019293722097937782,1.0,2,5.89026374213926e+47,5.539636762042253e+47
2025-10-06,0.013169340658327311,0.0,0.013169340658327311,1.0,2,5.967834631926886e+47,5.6125901256849804e+47
2025-10-07,-1.9069230238810686e-05,0.0,-1.9069230238810686e-05,1.0,2,5.967720829914262e+47,5.612483097911637e+47
2025-10-08,0.013948356734939438,0.0,0.013948356734939438,1.0,2,6.050960728944435e+47,5.6907680143301266e+47
2025-10-09,-0.00979911143836476,0.0,-0.00979911143836476,1.0,2,5.991666690452339e+47,5.635003544387824e+47
2025-10-10,-0.01222620733684937,0.0,-0.01222620733684937,1.0,2,5.918411331201575e+47,5.566108822710257e+47
2025-10-13,0.022716511826362584,0.0,0.022716511826362584,1.0,2,6.052856992200094e+47,5.692551399608176e+47
2025-10-14,0.00024228303148399188,0.0,0.00024228303148399188,1.0,2,6.054323496741304e+47,5.693930608218152e+47
2025-10-15,0.012214340266377188,0.0,0.012214340266377188,1.0,2,6.128273064013226e+47,5.763478214120069e+47
2025-10-16,0.009827527153384308,0.0,0.009827527153384308,1.0,2,6.1884988339531694e+47,5.820118952767272e+47
2025-10-17,-0.00610804228475792,0.0,-0.00610804228475792,1.0,2,6.150699221396208e+47,5.784569420101449e+47
2025-10-20,0.024329316358089326,0.0,0.024329316358089326,1.0,2,6.30034152857701e+47,5.925304039518427e+47
2025-10-21,-0.03275309965761658,0.0,-0.03275309965761658,1.0,2,6.093985814614507e+47,5.7312319658104015e+47
2025-10-22,-0.004674786339771808,0.0,-0.004674786339771808,1.0,2,6.065497732973584e+47,5.704439680906567e+47
2025-10-23,0.006235488038218384,0.0,0.006235488038218384,1.0,2,6.103319071533383e+47,5.740009646301599e+47
2025-10-24,0.0036733245771546352,0.0,0.0036733245771546352,1.0,2,6.1257385434810624e+47,5.7610945648084624e+47
2025-10-27,-0.0051252667129049745,0.0,-0.0051252667129049745,1.0,2,6.0943424996322e+47,5.731567418605552e+47
2025-10-28,0.0003108283478919227,0.0,0.0003108283478919227,1.0,2,6.096236794042848e+47,5.7333489522371085e+47
2025-10-29,0.0005011931680782844,0.0,0.0005011931680782844,1.0,2,6.0992921862750095e+47,5.736222467562178e+47
2025-10-30,0.0021233879893027274,0.0,0.0021233879893027274,1.0,2,6.112243350046594e+47,5.7484026934537685e+47
2025-10-31,-0.00020322474995748685,0.0,-0.00020322474995748685,1.0,2,6.111001190920101e+47,5.7472344757537366e+47
2025-11-03,0.0033449506685366837,0.0,0.0033449506685366837,1.0,2,6.131442188439097e+47,5.766458691555646e+47
2025-11-04,-0.018982601183551107,0.0,-0.018982601183551107,1.0,2,6.015051466695958e+47,5.656996305972423e+47
2025-11-05,0.009029434313604146,0.0,0.009029434313604146,1.0,2,6.069363978807437e+47,5.708075782529502e+47
2025-11-06,-0.009898866599527767,0.0,-0.009898866599527767,1.0,2,6.009284154437243e+47,5.651572301818247e+47
2025-11-07,0.001478089495089041,0.0,0.001478089495089041,1.0,2,6.0181664142189215e+47,5.6599258314683e+47
2025-11-10,0.024634293808044494,0.0,0.024634293808044494,1.0,2,6.166419693852495e+47,5.799354107332431e+47
2025-11-11,0.0006370794892148202,0.0,0.0006370794892148202,1.0,2,6.170348193361339e+47,5.8030487568849054e+47
2025-11-12,0.007700148660570005,0.0,0.007700148660570005,1.0,2,6.2178607917377e+47,5.847733094997455e+47
2025-11-13,-0.014249314167942562,0.0,-0.014249314167942562,1.0,2,6.129260539863698e+47,5.764406908956561e+47
2025-11-14,-0.008472988788358504,0.0,-0.008472988788358504,1.0,2,6.077327384028504e+47,5.715565153845435e+47
2025-11-17,-0.010020806828504647,0.0,-0.010020806828504647,1.0,2,6.016427660279573e+47,5.6582905795230185e+47
2025-11-18,-0.002464016943190206,0.0,-0.002464016943190206,1.0,2,6.001603080587166e+47,5.6443484556655806e+47
2025-11-19,0.003831464508645799,0.0,0.003831464508645799,1.0,2,6.0245980097854144e+47,5.665974576447892e+47
2025-11-20,-0.011446929289353036,0.0,-0.011446929289353036,1.0,2,5.955634862370623e+47,5.601116566116021e+47
2025-11-21,0.0029808632759377174,0.0,0.0029808632759377174,1.0,2,5.973387795616759e+47,5.617812728792203e+47
2025-11-24,0.02061648309525399,0.0,0.02061648309525399,1.0,2,6.096538044126488e+47,5.73363226994765e+47
2025-11-25,0.002921675137618651,0.0,0.002921675137618651,1.0,2,6.114350147755559e+47,5.750384080799005e+47
2025-11-26,0.008413752803612895,0.0,0.008413752803612895,1.0,2,6.165794778453508e+47,5.798766390980678e+47
2025-11-28,0.010242576090709221,0.0,0.010242576090709221,1.0,2,6.228948400631515e+47,5.8581606969725445e+47
2025-12-01,0.0007445665043031013,0.0,0.0007445665043031013,1.0,2,6.2335862669676575e+47,5.862522487204335e+47
2025-12-02,0.0006866343759555638,0.0,0.0006866343759555638,1.0,2,6.237866461584042e+47,5.866547896673861e+47
2025-12-03,0.0007637075711375285,0.0,0.0007637075711375285,1.0,2,6.242630367428498e+47,5.871028223718992e+47
2025-12-04,-0.00012180428122587905,0.0,-0.00012180428122587905,1.0,2,6.241869988323635e+47,5.870313107346145e+47
2025-12-05,0.0011708265719954092,0.0,0.0011708265719954092,1.0,2,6.249178135564905e+47,5.877186225918159e+47
2025-12-08,-0.0022492141832869406,0.0,-0.0022492141832869406,1.0,2,6.235122395468506e+47,5.8639671753010056e+47
2025-12-09,0.003184379967130724,0.0,0.003184379967130724,1.0,2,6.2549773943172445e+47,5.882640274901946e+47
2025-12-10,0.004190429989130329,0.0,0.004190429989130329,1.0,2,6.281188439171725e+47,5.907291067125162e+47
2025-12-11,0.0037671129392364278,0.0,0.0037671129392364278,1.0,2,6.304850385414711e+47,5.929544499739965e+47
2025-12-12,-0.0067085813830405905,0.0,-0.0067085813830405905,1.0,2,6.262553783496262e+47,5.889765667899099e+47
2025-12-15,-0.0019472322744248372,0.0,-0.0019472322744248372,1.0,2,6.2503591366487165e+47,5.878296926101766e+47
2025-12-16,0.0011162476292987389,0.0,0.0011162476292987389,1.0,2,6.257336085217267e+47,5.884858561109842e+47
2025-12-17,-0.004912567128965872,0.0,-0.004912567128965872,1.0,2,6.2265965016501365e+47,5.855948798383921e+47
2025-12-18,0.0063904833946089035,0.0,0.0063904833946089035,1.0,2,6.266387463198861e+47,5.893371141939673e+47
2025-12-19,0.0070650478404207795,0.0,0.0070650478404207795,1.0,2,6.310659790412974e+47,5.935008090998833e+47
2025-12-22,0.013937713129001827,0.0,0.013937713129001827,1.0,2,6.398615956226478e+47,6.01772853118948e+47
2025-12-23,0.008945756627043333,0.0,0.008945756627043333,1.0,2,6.455856417320797e+47,6.071561666077116e+47
2025-12-24,-0.000606334154260757,0.0,-0.000606334154260757,1.0,2,6.4519420110799716e+47,6.067880270869273e+47
2025-12-26,0.005809142612269891,0.0,0.005809142612269891,1.0,2,6.4894222623484306e+47,6.103129452716932e+47
2025-12-29,-0.024383244513563884,0.0,-0.024383244513563884,1.0,2,6.3311890925738235e+47,5.9543153549734014e+47
2025-12-30,-0.0007216630908799537,0.0,-0.0007216630908799537,1.0,2,6.326620107084331e+47,5.9500183453502576e+47
2025-12-31,-0.007354010917786535,0.0,-0.007354010917786535,1.0,2,6.280094073744145e+47,5.906261845477522e+47
2026-01-02,0.0053429737714518755,0.0005,0.004842973771451875,1.0,2,6.31364845166241e+47,5.934865716682496e+47
2026-01-05,0.01902506873542331,0.0,0.01902506873542331,1.0,2,6.433766047426586e+47,6.047776944877887e+47
2026-01-06,0.006903706085809758,0.0,0.006903706085809758,1.0,2,6.47818287724288e+47,6.08952901937786e+47
2026-01-07,-0.0067659044349811515,0.0,-0.0067659044349811515,1.0,2,6.434352110983123e+47,6.048327847978705e+47
2026-01-08,0.0032706177949440862,0.0,0.0032706177949440862,1.0,2,6.455396417496242e+47,6.068109616667961e+47
2026-01-09,0.008246050646408098,0.0,0.008246050646408098,1.0,2,6.508627943297558e+47,6.118147555894961e+47
2026-01-12,0.012388056518197188,0.0,0.012388056518197188,1.0,2,6.589257194115046e+47,6.1939395136040586e+47
2026-01-13,-0.0034341511975201633,0.0,-0.0034341511975201633,1.0,2,6.566628688631107e+47,6.1726685888060475e+47
2026-01-14,0.007539591475427154,0.0,0.007539591475427154,1.0,2,6.616138386314207e+47,6.219207988278847e+47
2026-01-15,-0.0023183752720550843,0.0,-0.0023183752720550843,1.0,2,6.600799694682882e+47,6.204789530267054e+47
2026-01-16,-0.000991074491766275,0.0,-0.000991074491766275,1.0,2,6.594257810480223e+47,6.198640121636828e+47
2026-01-20,0.012196179543495611,0.0,0.012196179543495611,1.0,2,6.674682562692938e+47,6.274239849485825e+47
2026-01-21,0.01312593530164824,0.0,0.01312593530164824,1.0,2,6.762294014169885e+47,6.3565951158171985e+47
2026-01-22,0.011955513294458986,0.0,0.011955513294458986,1.0,2,6.843140710157332e+47,6.432591473231843e+47
2026-01-23,0.010060378045886331,0.0,0.010060378045886331,1.0,2,6.91198529272271e+47,6.4973057752673e+47
2026-01-26,0.009695929620804178,0.0,0.009695929620804178,1.0,2,6.979003415660982e+47,6.5603031947891354e+47
2026-01-27,0.020436883013972285,0.0,0.020436883013972285,1.0,2,7.121632492020958e+47,6.694375343717229e+47
2026-01-28,0.01594349448292942,0.0,0.01594349448292942,1.0,2,7.235176200366945e+47,6.801107080076443e+47
2026-01-29,0.004468407704561417,0.0,0.004468407704561417,1.0,2,7.267505917444524e+47,6.8314971993526035e+47
2026-01-30,-0.0592036895275066,0.0,-0.0592036895275066,1.0,2,6.837242753468822e+47,6.427047360154102e+47
2026-02-02,-0.018254458661077055,0.0,-0.018254458661077055,1.0,2,6.712432588269876e+47,6.309725089805384e+47
2026-02-03,0.03366251253231073,0.0,0.03366251253231073,1.0,2,6.938389934394801e+47,6.522126289716392e+47
2026-02-04,0.0005367494690113328,0.0,0.0005367494690113328,1.0,2,6.942114111507881e+47,6.525627037539223e+47
2026-02-05,-0.020129789367980322,0.0,-0.020129789367980322,1.0,2,6.802370816674743e+47,6.3942675397795604e+47
2026-02-06,0.026390109604166434,0.0,0.026390109604166434,1.0,2,6.981886128094972e+47,6.563012960992706e+47
2026-02-09,0.020028382820692525,0.0,0.020028382820692525,1.0,2,7.12172201627894e+47,6.694459497032634e+47
2026-02-10,-0.003659772129834815,0.0,-0.003659772129834815,1.0,2,7.095658136527331e+47,6.669959300741086e+47
2026-02-11,0.009413800732278932,0.0,0.009413800732278932,1.0,2,7.1624552482889736e+47,6.7327489684906736e+47
2026-02-12,-0.02133397727741576,0.0,-0.02133397727741576,1.0,2,7.009651590771469e+47,6.58911265498235e+47
2026-02-13,0.014284300488509372,0.0,0.014284300488509372,1.0,2,7.109779560413807e+47,6.683233520098758e+47
2026-02-17,-0.016955565369972725,0.0,-0.016955565369972725,1.0,2,6.989229228311115e+47,6.569915517265931e+47
2026-02-18,0.012904540206758353,0.0,0.012904540206758353,1.0,2,7.0794220179021055e+47,6.654697256213494e+47
2026-02-19,0.0012575763204695223,0.0,0.0012575763204695223,1.0,2,7.088324931394429e+47,6.663066045902801e+47
2026-02-20,0.01510412843398079,0.0,0.01510412843398079,1.0,2,7.195387901539998e+47,6.763705851224213e+47
2026-02-23,0.011003539757218461,0.0,0.011003539757218461,1.0,2,7.274562638383203e+47,6.838130557464291e+47
2026-02-24,-0.004785933704294865,0.0,-0.004785933704294865,1.0,2,7.2397470638681616e+47,6.805403717954954e+47
2026-02-25,0.004534882299382259,0.0,0.004534882299382259,1.0,2,7.272578464680102e+47,6.836265422815659e+47
2026-02-26,0.004668379078107188,0.0,0.004668379078107188,1.0,2,7.306529617828508e+47,6.868179701287919e+47
2026-02-27,0.006074171645100435,0.0,0.006074171645100435,1.0,2,7.350910732857209e+47,6.909898203682937e+47
2026-03-02,-0.0022991063686643165,0.0,-0.0022991063686643165,1.0,2,7.334010207175813e+47,6.894011612716027e+47
2026-03-03,-0.039749141532688326,0.0,-0.039749141532688326,1.0,2,7.042489597448601e+47,6.619980569394181e+47
2026-03-04,0.009725915899858661,0.0,0.009725915899858661,1.0,2,7.110984258999016e+47,6.684365943670807e+47
2026-03-05,-0.017886143709262448,0.0,-0.017886143709262448,1.0,2,6.983796172628256e+47,6.564808413797011e+47
2026-03-06,0.004025963048523873,0.0,0.004025963048523873,1.0,2,7.011912677957681e+47,6.591238089891597e+47
2026-03-09,0.003922052875388049,0.0,0.003922052875388049,1.0,2,7.039413770238235e+47,6.617089274194424e+47
2026-03-10,0.006205329055828934,0.0,0.006205329055828934,1.0,2,7.083095649042695e+47,6.6581504905325965e+47
2026-03-11,-0.00252185444059827,0.0,-0.00252185444059827,1.0,2,7.065233112826975e+47,6.6413596041518755e+47
2026-03-12,-0.019668172243349547,0.0,-0.019668172243349547,1.0,2,6.926272891024476e+47,6.510736199527392e+47
2026-03-13,-0.012095175940426028,0.0,-0.012095175940426028,1.0,2,6.842498401796132e+47,6.431987699692408e+47
2026-03-16,0.010303656661464822,0.0,0.010303656661464822,1.0,2,6.91300115603486e+47,6.498260692600803e+47
2026-03-17,0.0005099116406137028,0.0,0.0005099116406137028,1.0,2,6.916526175795899e+47,6.501574231371703e+47
2026-03-18,-0.024492343429610763,0.0,-0.024492343429610763,1.0,2,6.747124241358413e+47,6.34233544246384e+47
2026-03-19,-0.021093645411096762,0.0,-0.021093645411096762,1.0,2,6.604802795066584e+47,6.208552467562276e+47
2026-03-20,-0.030887843184111863,0.0,-0.030887843184111863,1.0,2,6.400794682070584e+47,6.016783672543882e+47
2026-03-23,0.0017372397543109486,0.0,0.0017372397543109486,1.0,2,6.411914397051459e+47,6.027236268332914e+47
2026-03-24,-0.0038427094375068638,0.0,-0.0038427094375068638,1.0,2,6.387275273085423e+47,6.004075350642508e+47
2026-03-25,0.021790900814188663,0.0,0.021790900814188663,1.0,2,6.526459755034147e+47,6.134909561089274e+47
2026-03-26,-0.030682614395140584,0.0,-0.030682614395140584,1.0,2,6.3262109070050306e+47,5.946674496677311e+47
2026-03-27,0.013964224182448304,0.0,0.013964224182448304,1.0,2,6.4145515343358984e+47,6.02971519248896e+47
2026-03-30,-0.00013559995336481778,0.0,-0.00013559995336481778,1.0,2,6.413681721446987e+47,6.028897563390056e+47
2026-03-31,0.035176558970379745,0.0,0.035176558970379745,1.0,2,6.639292974738713e+47,6.240973434055024e+47
2026-04-01,0.021568641902630303,0.0005,0.021068641902630303,1.0,1,6.782493507397502e+47,6.372462268460958e+47
2026-04-02,-0.018610755383045574,0.0,-0.018610755383045574,1.0,1,6.656266179844232e+47,6.253865931994943e+47
2026-04-06,-0.004102247051288588,0.0,-0.004102247051288588,1.0,1,6.628960531535374e+47,6.228211028916263e+47
2026-04-07,0.009722247882687274,0.0,0.009722247882687274,1.0,1,6.693408929027511e+47,6.288763240405073e+47
2026-04-08,0.0065334355806756506,0.0,0.0065334355806756506,1.0,1,6.737139885080432e+47,6.329850469918381e+47
2026-04-09,0.007763800965431056,0.0,0.007763800965431056,1.0,1,6.789445698224463e+47,6.378994169107768e+47
2026-04-10,-0.0017760160601534292,0.0,-0.0017760160601534292,1.0,1,6.777387533624877e+47,6.367664973015807e+47
2026-04-13,-0.004042011889210717,0.0,-0.004042011889210717,1.0,1,6.749993252636177e+47,6.341926795488366e+47
2026-04-14,0.022229880429055715,0.0,0.022229880429055715,1.0,1,6.900044795539212e+47,6.4829070698418965e+47
2026-04-15,-0.010429533124889256,0.0,-0.010429533124889256,1.0,1,6.828080549780916e+47,6.415293375811401e+47
2026-04-16,-0.0008447823404843513,0.0,-0.0008447823404843513,1.0,1,6.822312307913056e+47,6.4098738492584895e+47
2026-04-17,0.013285099720952154,0.0,0.013285099720952154,1.0,1,6.912947407251161e+47,6.495029662544612e+47
2026-04-20,-0.008625945465339568,0.0,-0.008625945465339568,1.0,1,6.8533166999114515e+47,6.43900389087974e+47
2026-04-21,-0.028483965249026855,0.0,-0.028483965249026855,1.0,1,6.658107065190598e+47,6.255595527813572e+47
2026-04-22,0.013281916847483921,0.0,0.013281916847483921,1.0,1,6.746539489592104e+47,6.3386818274454835e+47
2026-04-23,-0.00971545409179475,0.0,-0.00971545409179475,1.0,1,6.6809937949024916e+47,6.277098655148443e+47
2026-04-24,0.005124032675324575,0.0,0.005124032675324575,1.0,1,6.715227425411213e+47,6.30926271376366e+47
2026-04-27,-0.007770352015264881,0.0,-0.007770352015264881,1.0,1,6.663047744453206e+47,6.260237521520931e+47
2026-04-28,-0.018502578383507773,0.0,-0.018502578383507773,1.0,1,6.539764181288406e+47,6.144406986079613e+47
2026-04-29,-0.010646080622743193,0.0,-0.010646080622743193,1.0,1,6.470141324560682e+47,6.078993133926863e+47
2026-04-30,0.01504832549722479,0.0,0.01504832549722479,1.0,1,6.567506117225717e+47,6.17047180130159e+47
2026-05-01,-0.0032871699776099716,0.0005,-0.0037871699776099717,1.0,2,6.545917608289402e+47,6.1471031757480115e+47
2026-05-04,-0.012563765432029916,0.0,-0.012563765432029916,1.0,2,6.46367623492146e+47,6.069872413361428e+47
2026-05-05,0.0127094186780351,0.0,0.0127094186780351,1.0,2,6.5458258023903416e+47,6.1470169631850935e+47
2026-05-06,0.02262929680583936,0.0,0.02262929680583936,1.0,2,6.693953237311953e+47,6.286119634515537e+47
2026-05-07,-0.006979948745093112,0.0,-0.006979948745093112,1.0,2,6.647229786813466e+47,6.242242841661096e+47
2026-05-08,0.005814312255022158,0.0,0.005814312255022158,1.0,2,6.685878856424884e+47,6.278537190714191e+47
2026-05-11,0.0030571500457024503,0.0,0.0030571500457024503,1.0,2,6.706318591276364e+47,6.297731620973727e+47
2026-05-12,-0.006799638693255172,0.0,-0.006799638693255172,1.0,2,6.660718047893825e+47,6.254909321364018e+47
2026-05-13,-0.0026237440171194004,0.0,-0.0026237440171194004,1.0,2,6.643242028765945e+47,6.238498040454465e+47
2026-05-14,-0.0006735050821525257,0.0,-0.0006735050821525257,1.0,2,6.638767771497602e+47,6.2342963803192205e+47
2026-05-15,-0.023733768492904816,0.0,-0.023733768492904816,1.0,2,6.48120479413072e+47,6.0863330333125695e+47
2026-05-18,-0.0015200008330060744,0.0,-0.0015200008330060744,1.0,2,6.4713533574447586e+47,6.077081802031982e+47
2026-05-19,-0.013692974647683431,0.0,-0.013692974647683431,1.0,2,6.382741279985066e+47,5.993868474984859e+47
2026-05-20,0.019667997511276125,0.0,0.019667997511276125,1.0,2,6.508277019594932e+47,6.1117558652337775e+47
2026-05-21,0.004248219836340605,0.0,0.004248219836340605,1.0,2,6.5359256111299754e+47,6.137719947735335e+47
2026-05-22,0.0008420472806708879,0.0,0.0008420472806708879,1.0,2,6.541429169517495e+47,6.142888198126846e+47
2026-05-26,0.009639770924422808,0.0,0.009639770924422808,1.0,2,6.604487048229982e+47,6.20210423317113e+47
2026-05-27,-0.006764098376189576,0.0,-0.006764098376189576,1.0,2,6.559813648111484e+47,6.160152589998578e+47
2026-05-28,0.008135722174447968,0.0,0.008135722174447968,1.0,2,6.613182469468672e+47,6.210269880023013e+47
2026-05-29,0.0025177645555812256,0.0,0.0025177645555812256,1.0,2,6.629832905889891e+47,6.225905877407528e+47
2026-06-01,-0.007885684743046018,0.0005,-0.008385684743046018,1.0,2,6.577552133694971e+47,6.173697393479711e+47
2026-06-02,0.00693544021471415,0.0,0.00693544021471415,1.0,2,6.6231703532773776e+47,6.2165147026559265e+47
2026-06-03,-0.008157287630038756,0.0,-0.008157287630038756,1.0,2,6.569143247682949e+47,6.1658048041699975e+47
2026-06-04,0.00514290190583544,0.0,0.00514290190583544,1.0,2,6.602927707011164e+47,6.197514933448373e+47
2026-06-05,-0.04207885231677855,0.0,-0.04207885231677855,1.0,2,6.325084087169476e+47,5.936730617832769e+47
2026-06-08,0.012267298199168775,0.0,0.012267298199168775,1.0,2,6.402675779801601e+47,6.009558262649859e+47
2026-06-09,-0.0039684017018059015,0.0,-0.0039684017018059015,1.0,2,6.3772673903409254e+47,5.9857099214132575e+47
2026-06-10,-0.015240987859007626,0.0,-0.015240987859007626,1.0,2,6.2800715354710945e+47,5.894481789173456e+47
2026-06-11,0.03149520811793727,0.0,0.03149520811793727,1.0,2,6.47786369547629e+47,6.080129719870865e+47
2026-06-12,0.007304798796845313,0.0,0.007304798796845313,1.0,2,6.525183186405133e+47,6.124543844133241e+47
2026-06-15,0.01975104361699509,0.0,0.01975104361699509,1.0,2,6.654062364128705e+47,6.245509976732916e+47
2026-06-16,-0.013841311375597298,0.0,-0.013841311375597298,1.0,2,6.561961415034156e+47,6.159063928445557e+47
2026-06-17,-0.008718292461564081,0.0,-0.008718292461564081,1.0,2,6.50475231629639e+47,6.105367407827898e+47
2026-06-18,0.02231523290770132,0.0,0.02231523290770132,1.0,2,6.649907379241455e+47,6.2416101035206676e+47
2026-06-22,0.0031250072426676767,0.0,0.0031250072426676767,1.0,2,6.670688387964653e+47,6.261115180300077e+47
2026-06-23,-0.021246247615906877,0.0,-0.021246247615906877,1.0,2,6.528961290705401e+47,6.128089976827708e+47
2026-06-24,0.0002020055492652495,0.0,0.0002020055492652495,1.0,2,6.530280177117062e+47,6.129327885009424e+47
2026-06-25,0.007944799051978646,0.0,0.007944799051978646,1.0,2,6.582161940877375e+47,6.178024163379513e+47
2026-06-26,-0.005306405788241875,0.0,-0.005306405788241875,1.0,2,6.5472343186551576e+47,6.145241060199057e+47
2026-06-29,0.010926550942157165,0.0,0.010926550942157165,1.0,2,6.6187730079681836e+47,6.2123873496951585e+47
2026-06-30,0.01098571100700857,0.0,0.01098571100700857,1.0,2,6.691484935454711e+47,6.280634841782506e+47
2026-07-01,-0.009534229254572202,0.0,-0.009534229254572202,1.0,2,6.6276867840265705e+47,6.220753829336698e+47
2026-07-02,-0.011548431987291496,0.0,-0.011548431987291496,1.0,2,6.5511473939681686e+47,6.14891387682892e+47
2026-07-06,0.009367099844121762,0.0,0.009367099844121762,1.0,2,6.6125126457010265e+47,6.206511367046083e+47
2026-07-07,-0.013830831991716586,0.0,-0.013830831991716586,1.0,2,6.521056094255234e+47,6.120670151073789e+47
2026-07-08,-0.0031358665954958065,0.0,-0.0031358665954958065,1.0,2,6.500606932281905e+47,6.101476546004988e+47
2026-07-09,0.01467330803683009,0.0,0.01467330803683009,1.0,2,6.595992340225629e+47,6.191005390844013e+47
2026-07-10,-0.0005448768392060654,0.0,-0.0005448768392060654,1.0,2,6.59239833676786e+47,6.187632055395143e+47
2026-07-13,-0.01378300617166045,0.0,-0.01378300617166045,1.0,2,6.501535269806145e+47,6.102347884587668e+47
2026-07-14,0.007355455940134981,0.0,0.007355455940134981,1.0,2,6.549357026026438e+47,6.147233435584128e+47
2026-07-15,0.0008065353806273601,0.0,0.0008065353806273601,1.0,2,6.554639314188288e+47,6.152191396842901e+47
2026-07-16,-0.008552506152646466,0.0,-0.008552506152646466,1.0,2,6.498580721125314e+47,6.0995747420691435e+47
2026-07-17,-0.01004134804291773,0.0,-0.01004134804291773,1.0,2,6.433326210319499e+47,6.038326789170237e+47
2026-07-20,-0.0023591158806909873,0.0,-0.0023591158806909873,1.0,2,6.418149248291068e+47,6.0240816765491034e+47
2026-07-21,0.01646314632292789,0.0,0.01646314632292789,1.0,2,6.523812178488074e+47,6.1232570146514004e+47
2026-07-22,-0.007189678836636848,0.0,-0.007189678836636848,1.0,2,6.476908064134205e+47,6.079232763281873e+47
2026-07-23,-0.012393642867301824,0.0,-0.012393642867301824,1.0,2,6.396635578702978e+47,6.003888923506557e+47
2026-07-24,-0.0071532158701716475,0.0,-0.0071532158701716475,1.0,2,6.350879063565695e+47,5.960941809976182e+47
2026-07-27,0.0015388676957534542,0.0,0.0015388676957534542,1.0,2,6.3606522261962535e+47,5.97011491076382e+47
2026-07-28,-0.004079672984987515,0.0,-0.004079672984987515,1.0,2,6.33470284514214e+47,5.945758794245106e+47
2026-07-29,-0.018385779656154566,0.0,-0.018385779656154566,1.0,2,6.218234394444141e+47,5.836441383165472e+47
2026-07-30,0.023302090384667018,0.0,0.023302090384667018,1.0,2,6.363132254336523e+47,5.9724426678008044e+47
2026-07-31,0.0009230410542908074,0.0,0.0009230410542908074,1.0,2,6.3690056866411585e+47,5.9779554775775834e+47
2026-08-03,0.017361757791653054,0.0,0.017361757791653054,1.0,2,6.479582820746284e+47,6.0817432926685715e+47
2026-08-04,0.026090705976747564,0.0,0.026090705976747564,1.0,2,6.648639710974361e+47,6.2404202687436444e+47
2026-08-05,-0.007708496674998344,0.0,-0.007708496674998344,1.0,2,6.5973886938690534e+47,6.192316009851442e+47
2026-08-06,-0.0043593777260947375,0.0,-0.0043593777260947375,1.0,2,6.568628184546612e+47,6.165321365365156e+47
2026-08-07,0.01138309203729726,0.0,0.01138309203729726,1.0,2,6.64339948373009e+47,6.235501785906623e+47
2026-08-10,-0.004117427816222596,0.0,-0.004117427816222596,1.0,2,6.6160457659015015e+47,6.209827557405225e+47
